hash,isBugfix_mistral-small3.2:24b
7726bf2be3c7b1fe78a45284ecdaa09b7bcea4c9,false
8d5cb263b9c355bd65df2c1b373cad0817d164f6,false
95a57c21a104687f048a1943696832714714d107,false
f98a9471e21bfcede4e53f0ae37fde57be0fa707,false
204dd61aeaac41c7662bc7183fe3cb93eb1a2dec,false
d130f40b4e83417d93f6fb1b0108e4f6fbedd148,false
346b0fca466b9bf3f8f4ef533cda88576f689ace,false
ecad417021a2a98bc03b4a85b1801ebb5cbe484a,true
eeeae3c60749533f08df99d61e719308ea519c59,false
16f82f1a85fe5d9111f1e143656988ac30e1ece6,false
0327fb71fdb69ca4a9f6b99fe5b4a6ce65ea48e9,false
b649ad67f6daf075ac74c6ecb5e907a89304448d,false
45cf5bfa987d0687dcef28db9bd78251307868a2,false
81cf478ac90ae7bfdc9059ecfbb455667230d3f6,false
e9cee6ab83f11513b77c5035ab833e0e4233d773,false
1c8c45629ea299edcc943455d2f7cae4f3ba1e6b,false
40412d3f6e7329cde44cb5682e212dacca5f4e17,false
fc74c89ee0558ed707fa717951f8ef495991aaf4,false
5aeab26bcc867d48668266bfada6e532b35097b6,false
d520a4ccdfbfcaaff10960d9450fb60d4283a1f5,false
127ca4df1525eceab12f099feb8d1048b593745d,false
e256b780839131b4d1498911ea259aa6af1d270b,false
edcf34170951a33b73f9dfab25fc2a15b2d9a02c,false
b9d462dabdc5967ea0372fa88c78dd627cbe3aee,false
31662a97d371fe2bee1e720a9fdb470dfac9386d,true
dfe86f229d6840d43f95c0176dcdd76330972d7c,false
35b847dc556090c667b3ee4b6e4d3154291e220e,false
87b7d5abba068e99cfe292c4ba4a7f1669f3cc5a,false
dd3dcfa035a86a4a7b24d79930ae1a6d7697db6c,false
ccc1e9fd09441a3d90d9e99d86b3110ec433b8eb,false
ccc2ac487366245d718bbd4a0ee3a861fc355ba2,false
f0da991098607fbeb1039d419259c7fce2208922,false
8e9df01541e8dc7bd2dabe9f6f23585d9b1687d3,false
3ae47632f352e5251df061d7b7b80fee5d582d05,false
7d9632039639403ce739b9f82d7fe2a86396f1c0,false
d1e6275c57ee2229c01d5ade99e1a31eda0c0154,false
a903860f4698c240ff1aac191b1bcad497bdb49a,false
2b32f33b90546fe2ce4561a39046134aeff9f713,false
048d154a1566d4a164ab3a8eb034eca65cec3bf0,false
240d49a856a47d64f51f009b372070aee03eacf2,false
d3e89f108f8a63dcb9f99404613bff42cfa4183c,false
f64991c8ec734f64be488828d2675287c7025522,true
997d34a6c57fbfda3b0bba4b6c4e9e251ede6a45,false
648ca6eaedcfdf2222319cb5f7136e549fc85e7c,true
83b60acdd47786fe94a3a3a5de506484b50c2851,false
3be3bbd288a91f78c9f1b5395af572b396b48119,false
1a470e7a3a945b40089d3ffe5b730d4ba6354e06,false
b02462f4464c19bfec9da7e596b33d29610f9632,false
7516fbf351d5cf57786ce183cac5dacfd463eb9f,false
9c0d95953da046b4bebfc9a5c3e5b0df18cd5d9e,false
ce2ee0df7ba611d45dfe242b46c2c240e65593bc,false
b2fedf5064f577543e558a8b57b632d06ef99335,false
6bc7fa96eb396af102aa97562cca7cd55795980e,false
6710c3d630d12a7286cce59d278b7bc3a237d50f,false
9e9a39cb4eb1385289555ff48c0385bbefdcae47,false
e688c287102b9ff970a719a6e5a43bdf26c3f9fc,false
42db31efe46a47efca571fc69a4c03123da9740c,false
004df84433d82a2488c4bd676b460d266aeeac36,false
3e0018d0ae86118d020e339a6eeaf2be21a2be37,false
43716257659fa59f64a586461204db3d4f124c5d,false
5ef48435c45d53e6fdc5df538f77fdba628081e5,false
8d479e76375e323e1b316be7d63cddced8f00e91,false
65bf1f73b061c2e34cd594de654c93e609880776,false
ce4d4a4a9ecaa874e9881590a8f5d497a74be0d4,false
44fe91a1768afcda18fbcc20aa5d29f3c83d8eb7,false
d57d8e9c282909d2a4531da6eb51d1c745787eae,false
b585bf1e9610818f797517014b2eb6d3d1cc86d8,false
41c137f5381482981122ccdab67d1531df92aa01,false
38241bcf1828df0563dff98fe64bca4a2779ed2c,false
1b56f6161ef5e4e4f4a888271b8573fd7f7c2fa1,false
e948d7c5910ebb93b56019e6c7c89e160a4e48ef,false
834a0c52990160f20d4063d80979587e5a254b7d,true
42e1c79938cb6fba902e7e1aa2e763f3ef9af371,false
cc8ccec35caf61987559731f4eb7e56bd93f9dff,false
8e5f6f54cf56a831689e97f15d624b0b4147bfa8,false
06316f5e0d486258e71b092d6c48b1aaf6c54fa5,false
d6fac59962931ef294a9db7ccecc88fa2c77c4a4,false
05c7a538ac8d1466e2986a0cbc1eaceb0d5fbda6,true
aad122374cde83033ce99aeae8b023aabd37d110,false
b80fa460c3b6d6192e6abe016fae425fd1b1bb1d,false
dd311bbe8c596a77cf56aa7fbe1fefa7bf2744ae,false
fb8659f32cf6d08e3a12b1ca880c072b46be2216,false
39f8f78151c32668a0f7dacf84eef7caab9a92c4,false
9433c03c5dd88af523a040c90d3d703fa38cb4c1,false
2cc6f17456ece91aef6245ee1d8bb254a281cdfb,false
4bb90049ae8bdfca8a7cfd0417610ada39104708,true
43eaaa3af2cb76cf6ba902f8dc50012b7b99063e,false
58ac30dfe12e216f889ed4631dabc84a640f0cbd,false
4d13856989b867165630f3ec32e1f3af548c4cf1,false
5dd85f9f64c63784e95c8f0cb0f0ba51f302114b,false
59dce8f870066e329e145b7b6c985aa9d8a00496,false
d2630c7604ae75c9128c1ce969cbbc7bb3a81c7a,false
f36e5a3af73a8f3b02f9b83e82953a875772776c,false
04a43139580475a1894c4cc324b2dc0b18720869,true
3a560dde02023eb0b8403ea4f5a06026dbc3dc14,false
04c92736eaba74c868f33fd412373c61d0f724fe,false
016c604dca461c56f9b6825389915b3eae9c768e,false
e17b3984dea0a7ab4c808bd5ac2127201e684027,false
4997a4eb0c531dff36d335e4f081a50e09cfb485,false
b239454d1834cd2603779fab20ef1471da1a8841,true
e7f753fbcff3161d7180f34b0aaeb4db0f58c7ef,false
21f223ed442b157b724d1760508bdd3ffb8f0330,false
1f797652f9513faf0b7df4aeaf61dd21d0952f23,false
e6d474aae93466dbd52def3a39208fe4aabb6784,false
6fa276771e36704fd9cb42692c8f295f7b676cab,false
787c376e48eb6254294acc3302ab62c8f1c9a9fa,false
362901f7d6753dfa3cd4bd19a97adaaa0e3b3feb,false
4482ddc1bec0b45f0fa10e3f71e6a37a355fe991,false
ed21d00bbf3efaf4e186a77a7191e36189b50b61,false
d1035af07e504edda565c893dd59de3c4fb1f525,false
8cdecb4bcd45f8bcb61627487c73fcc7191b6a47,false
6a1eef6152c3aab903c5a1779b09939723d2d094,false
fb9f833d60a2b0ed3ad1d0213902de0435160729,false
2058e42cb88e80485d58be836a8407f3cba72d94,false
c54394d27397e4da8909acb9470517c24a3f378c,false
cdc15d39428511a9613cbf7d3a30dc8d38743c1c,false
c0568fa3e851e589b6ad910297e21412f7b44518,false
43c0fabc502db303f33ae0cfbcede6074aeee111,false
9620ca86f6c8d235b4ae29948ad32f8019550ca4,false
fa97e2ecb65bcb8718b3fb77fa0c621eedcf5144,false
f9f7cc22d210c7c1bad5311219bec3cd4df94dbc,false
77f3554f7d142530b94404c199820a7ba1645f1f,false
c737e49cb561d218b18c88b86b155d2eeb7ca6dc,false
9aff3851d9fda7b7647253242eb7a3a8b0d13aa6,false
0ccf27a35b0354175e7dbd305b2211b41071ee93,false
d00d83a406c70a93eb997742b04ad6f98d3d1903,false
ffd2813c5a505785bc9f63e2a39e5b90161536a8,false
6994d794b426b5f8954e700a288e994b0ef8f422,false
6c7a20328b3b020a878557c92a66739737ca5cc5,true
601b181526f63375cdb4bbcef4995ac10fe366a3,false
390bd388d6a93bf7adeb403806d944115f8e1bfb,true
44fd59fce52fee33f6f9527706376c1715001df8,true
4f2c2de9ea86f17a44264207bc83cad2f237ed01,false
61b8566c4be9f4d5eeb4e7a54046dfc74e7b9720,false
f4c363a03ec36f3a6ff10e6879bbb9f924608a83,false
ab602dcdb4b703dceacd8159864b1c0f91a71149,false
0a089b1a8f3f2423dd36a296bcc43e636f287059,false
69609e67a1e28c2d72b55687893cd60c6812f10c,false
da33ab02485a28afe5418ca52719705edd2a5c88,false
e22e0bf9162e17888eb41897906aaf7e1631cb2e,false
a97b7d490487f5b41e71dd9a6871399b1cf7ae57,false
ece5245a4b1bf3f35107e1263ca8e881b02e3986,true
7a9d8611471e82ae1a757c1c1d8249c97e7e7520,false
6def6b74ee924af5d4d0912ddc3d87bbfcf4854c,false
e5b1bc0963d852447044c2764439ee920e112297,false
d4f1c9c28b5b0dfcd1a228fff81b4e917cb1066e,false
d9dc5947232858feaebcd21a9528e5957f1a9baa,false
13b1b04a7cfb0f6c968647830e2cd0ea15c4e419,false
54122b69d502a3d193eb30565f30c2702a99c79d,false
4bf2b1264487c29d7f4d098f731044cf0957b9fa,false
099bad16e4c87b167e021bd3036a33e8004a7253,false
86454edf3ad7982d5aa1c2bed40c8890935073b7,false
d083243210994380301af6f6f1608fed747be52a,false
2f77dbf5c8772976177d47106560a046976c0af3,false
3efc39230c8d4ca520c96b6b12422ce08f2cb79c,false
31e1af9249942b0a61ad4e2d687def4569556988,false
61e8768dcd25158cd92567bc5c872c82118b6123,false
0357cfb0ab950dbbe5ca8b50474ae8e7ba486966,false
48bedce56c6dc14fb4ea59c3c8896391dd5598d5,false
0db82f7456c1b90fc5ceafdd784f6332abf8c12b,false
c21c792c568208eede8bd1b356df2786899d80a6,false
37063cee94291d13e00b20862dc9dc2bff8dcc6a,false
6beb168ef5520c42aac1132e764bf50d8621ebb1,false
cea7e7ade6d62ac555832a0b227a4b63712d6b2d,false
c3e51c83fc0dcc13f520afc24671c8a417790caa,false
3bca752f226a23f61dae2f34e7f33d04179b2485,false
373704ebfde168b231bda40746922b6036e7851e,false
f0aced43cc1733b4cf58ec1fa869eaa4a8bb0d53,true
bee7d45a7bf5feeedfeacebff14e6f53cde54418,false
708f66036277779512869285d7ae91ad75cd5633,false
5c5d387c63d07341bc603958ae767a4a9e0ba6cc,false
0303a57cc4b6ed18d8460244b7987b9a3208e51e,false
01fb859511e380ef85f70773bab946f0fddece4c,false
645c4d6f51a6ad93d4d9feb9fe62f1e8e366b946,false
6e64fd585dbee46c44b85feb940ca3092466a13f,false
ecc7c837de3caf7cdc6df35c99626f44db11d960,false
c68518a95c06e1d9859bf51d9082edda48359dc0,false
3f44bf2e851fab074b656e9ea3c5d2b4a47cf582,false
3c91a9692520f4d96cb17d93e6789f2b336708a2,false
d6c1bbd2eb5761a2c2f8fe201cc2a95e8a55aca2,false
99947aab7092b921aa15fc224a012f82b35956cd,false
19a586c244176e8d2304da8c68596dc88894586a,false
ae1281db053e854e086733d056b8b7528bbe4288,false
b82efc065cdfd49be6e73e05470aaab49e440c99,true
990e01ba5985d4de1e672e54d9e0da89f492c52c,false
fef1e27f21bf68bd90161b613c9fce35da0009df,false
3a1d14ece405620fbf0706465d7c906ea4eb93d2,false
4ae3f16b2fd87b7e6382f723eeee1aa0d94843a6,false
4bebffd83e639edc9533285b5acf31df1b764d64,true
e972533c7e058cc036c8db0f116f46f647059295,false
89942bc17048d0537a7695b4f41a26d3b6252fe0,true
23c17c1b9855ab77bdd2650484ba1ba4d5218522,false
036a2a4358328a164002fb0e18c5bd4521d8110b,false
544c56a49bf2543670f0b26f8d425abad8609487,false
3fa5e38efc0dcc53fe282ae624067b3709f590f3,false
0d517f3c697a9c3523439f1f063cd02f3f70511b,false
cc1247760291f2bd20614a715edb0f353960a37e,false
f3cf2ac5cf9ffaad2d4ddc4d5a6b70ebca7ed29e,false
cd0ee0446fc45e068722ecd7abd5f16c293b4473,true
5d69e1af0455a1feec09286fcd4fb13df9366ca1,false
e459e4dc1a853210ed158023ee28ab08854e7b04,false
63ce73368785c1fdf9bef26738dcb83e8faf5d37,false
0642f1398d51ab9b2b80218f5d6001ada9120482,true
c86323382b867c2e8fb06ecd76a8b056d3a3ed34,true
fa60d5ad947776c16d15917d44dd72d9fff60a7f,false
28fc5dd4c1450e35352e73904fa0b2656f5c7d20,true
8340c27e382fceec95bbf0526da1cfb7f5e1e466,false
ffd48f0acfcaaf6bc2a73ea18b5cb1493bb46571,false
fcef43b6f2f7611e21595f07925595a283e37810,false
830f70d42fc71f6a0b6f7b5a1b0df288bdbcf109,true
3d05d2ab10461039657b1c114068e4f5831a4dfa,true
0d266f7c5a419acbd368045009775ab5f83fd7ae,false
2fbf362f95c80c3a6476058d211ce228c80000ef,false
00bc78cc3fdc7395e4b9184dc1342b58f0046eef,false
d540018dffd08fc4fc5228a3d6dac644ecf18918,false
d6ba16b2efd7d7c6ab2baf833d398896e114ff25,false
c5bfda929c840598bc3bc9c1315c48ff74b82b82,false
4e4f40adc4885475f4c442309c31a18c02d5d98f,false
b56fc59209df2b1d84fae5e87264f29cabeabf22,false
185cc90eecf01afad89d97d454ffde056824e552,false
e2fb55876006f80f4a8ec95543cc091533232809,false
b92b37bc0352dbe6ac48d123a3ed529196663921,false
51b2ac7b2c23f0b4efee84ae0036e4b3ce6e9727,false
d900c743d131aa2c5146b34f23a99a0e1c2a1c41,false
156b9e2b25568535e11d731a1dd09fe27465c50e,false
ee2d87f311ab9708a5370925e5fbf4a7a31ded03,false
cb60986de4569adea86117085332e55449c81b5a,false
a9882319b6143494e865e29c9a56638314db4c75,true
f132abfe25b767a4b211e7b3950dc2e753ae2678,false
25351ad8f2db4485cb4035cbb8f3bbd8fe1fb9a1,false
be82808f32d04f7e1fa4a1f32f9b7cf8f2a462ea,false
b38ce4c9923a7883c944697724cf1c332dc13450,false
2a5b004c66985675a4de6661c8e3cfd2dbf26d2e,true
4cd8f294958540ba4475fc0a3aaf4a1a924c0f63,false
d33ed4dc869e3fc313f3c8fa9724d5aa28f9ebd7,false
1c25d17c8687eb8822259f2d394616cb8ae3a0e8,false
5f21e772eeb40c9683bc395e79fb67cb3a653476,false
79ededb9b34b8c2f7ba61b3d48b33d2297ecde06,false
e65434b581ac407fe3d1534432e75e5e426edd3a,false
c4f7b2b4b051407e66613bf0068c6212655fe60e,false
df6e73863bd03f3d648b35e41a46434cc3fea464,false
485519c09c9bacb7d3c3b1ac99964ee71f2377cc,false
4e113f61771d594fb3d4a76dce3d6644a43794c7,false
1c994c654e9535ff5ad5a60892bead7f132c5c03,false
d54299fd122da2d8be3efbc72908985d79ad82f0,false
10ff3b27a54aa18851762740a0eee0b088fe6248,false
2f9a0f2f4eef448f57e888cd375937f34c8b657f,false
fe6ccf4c729bed578db813897fcd59697c4edecd,false
da01daca3ec9a9a17348dc5578225d43f043b101,false
ba8e648d1a4b1900ad7d17296bf87cf688c53548,false
a87829788afa340efbb7d3b2e39999408384bf18,false
300a45b01a277a18ceed1c5d547dc4d2ff87a585,false
98c21071aefcbee0196ae686edfbc6230e6e37b6,false
99cf5b2b88f281324cb7c36bd6dea3423fb2b2a0,false
d2774f4d16180ad8a6bf8dc8b2f44b8c3c8454cf,false
4808844266d8790adf5b988d9ea35c1d83e30ce7,false
e750cbca3fe5fd5c0675e1b6ab4b129f9547e20f,false
a7637010b5dc251e38f00543f3c12fdcc6729a86,false
957a0d872b1299f3a28a8d28370e007cb87af55a,false
14e1e2218eb719e9e6afea0b5f9904c1638e4ea0,false
6135acf0f2fbea473b13342bdfbde5c5d81909fd,true
0367422e703a9476bb778dd185bf738440e9696c,false
426a42b6c33bf7a6997c4da6528ecdd516b5346c,false
0eaf9d707d12699c7b4b6e2b4f20beb1646cec59,true
393098a0a31e684b3f1cee0a01d18ec432736697,false
d01cf21d6f874ca1c838da4779ec1265df95111f,true
9d1fb459417f6e1a1c95f4fce60f013de7da9c27,false
b754b916056a4dbf38eaa883743e1a22913ba611,false
3ddab5b493bc8c7e66130c083cc89f19314add1a,false
8d7e6a004dcb335435b3a4de9dd59002e23a5c32,true
3b2450d769a369eb9e8941467d46b016e69a8de3,true
1e719fa023a8d9dbec747cb7a90b12a6deba7670,false
15fac441f329e9bd4c468129a450cd830a225c55,false
ec86f6585457a6d1db7036e54eae5ba77e2265c0,false
1788e847f360176fe80466e5b04f224a47e81491,false
42f771e2953f65fd9dda256c5ee7dcf0263e15f1,false
2174a46b65582fd8c36dbd6795585ee0ec083f00,false
ad4a3843380367b4afe0b07c54a0df45c7da8b6c,true
3659667655823fe78821b8ffa32884ce00760f9a,false
dc56e33e024c394b8ae9ea25e51c54960717cb13,true
50b1c698be78c255e22d2b665b8ae363b26827e9,true
b99e5b3820d4adc9324434edc89d328a5f52ac1e,false
23e0e0374aa8d590d298c9f1b85bca96dd29cdc0,true
0672dd3beda539ffe51256a36ba6a48b5f4baa32,true
417562b1015fb5e87a943f0128a1973547a1c84d,true
9fc44408d0b1633a3af92304eae524b0841ad6a2,false
2a496df1f1efd7149345737e0e8753d7ea9aefe2,false
711610fe2faf328a6cd649ef0e50172ab02f3dbd,false
6ded08deacc90fa47c29af19cebf10531ef84340,false
5c7c331bed4ac28a8edb5badff63d33ed952cc83,false
aa576ba35e84992cab4c622179bec4afc7d99e24,true
d6d44f0e0ab6cf81c41fb658aa10a4d2ae84e0d3,false
8c669ac1a75facc3e8067a78658443a300efa231,true
7e6ea62f04212c420eef1d0fdcb38817f5613bf2,false
9b1c62abae127dcc53fe00c10144f27f2c173b1c,false
5634753ad6403db00729c1bcfc2207d52286db56,false
528b324eaa360680277bf43b12ddfa603006e700,false
198cf6770d79ee4f078c9a78377f1a1cab9ddda1,false
6632d6cb9a8b3798be5bd847976e0e409c671f85,false
abc71614c112eebb1f05f18fca0551fec99d0616,false
39b2d8eff0c669f56c06961bfe56b7a5b2ecdf14,false
f922d7aef59a54627366a2a2d0893b574a837cfe,false
bf4772b50d9fcad2554df4735798b88b39f9e0b1,false
04bb95b1a92f71cdf3b66ecde9d61bbcce123c71,false
3090a4d740d18a167b27d594dadba55f37de623e,false
b7a10bc16ecd92b1b318f5a4ef9ee6a00a986fd9,false
fa5b39c05432c99f175e15b656ebb6b6ef0bd0dd,false
4313679e58b37f62a442de159bdb12f97aa45a20,false
3dd88e69ccfc2dd29ab0c3e57a8b997a79782cbf,false
1d0bd732f36e8ac91e760c52129f775ea42937a2,false
4eb6e5f58ed1dde330e50818b62d3145cb9f8502,false
75ba9e47961eb5d107bf2516cbf80efb37aef5e6,false
aae01b1018df29924243464babe9eb31e4232ad1,false
a6d1afefd3ea16fbf0feb6ec1bf02b85261606d7,false
73fa94733e961820f2c9962646d59bc6b169846e,false
30ffa4cdbc7346bc1288479c9e3bed70ff9ec256,false
0400c5220ee96ef8b6ac710b84f3b8036d4e2384,false
70bb21d74202c3938cea01a12a7446c96fe9b173,true
e55fb557fdc43d56fdd7dd94073415b8e2f7aecd,false
a2450669686805f9894b25b43cbf0c48da4499c8,false
ec2de82c87d6fef945cdf554fe6f637d3e78da6e,true
c1be80db12cd04bafd02674b6fc41c8c47e5bb71,true
2edd7e7276f9e73f7afc5d25bda7da07e5484464,true
33aaedb1d98266b5d28efc719f4263020e035d43,false
6c8f87a1171b476af7f1fe833fe1a4ca98bf72c7,true
9f1d783dbc36308104ef7e357936e2184d6622da,true
eeb97b8aa15118deba09f5d3481835f4889e1ae4,true
e232668c9f324d95c01608ec8b6551776b01a032,true
ea4a2e30f6fd533378caa1835f94db8e8c6597ae,false
df5e017c0172d4b1d5f5175a102f9093bde3bcdf,true
8b8af392da79f12c960a2a7c445b6097cf0d41ec,true
fcb4662e2371438d44e37b45cfa729c0b66d97a0,true
9765cb0c1dd991772c9a36d8d6c1001bd507ea7a,false
b70555960b01023db6e33ca313df57787d3550fc,false
02cd67e9b4dfb9a66f4fc2f09fea4daa3e008329,true
49457b0883e07df9172dcb84b1c2ae5b99829d52,false
e3ac66777d55476ddf22febd2f19205e74b5dde5,false
cc425ef91b59ff33deefb5575a3867318095c6d7,false
65fbd1fa76f6148a484ed0140ef6dd9766057b63,true
04d637a319edf8a803f33185359ec3c9f8fe0cb3,false
fae6160621e34f44a71a2a737b1a9e590e7b5210,true
e98403be458a5d117520bc162edcaed1f54be131,false
6494b5f85b1acf0552871517544d0b3e92e3562a,false
fc033d063e4a98f3a3f711d7dd9cdb654e1d327c,false
0bb73162cabd7a92661bc407ec1f5f5dd96b2374,false
1166b3722995e404d877b8c3ac60bc2d14f888e4,false
33afc4e8196e4d810e2be32f865657066b557eee,false
86249fc36ce8534e5c4e7014f100363c8e3d5184,false
22861b426664b15a9c4601e6224bdbec32634171,false
7e43b918bbf3cd205f29c2931bc2105a1ac9e0a5,false
6ccb6a37a029ec91b5a3215283a7333e1b5f47b8,false
26544b7b1222fd1cb6a87dbb44fcc5a3da35dd94,false
43c39d11524198ba952ff25954ada5be5ca2168e,false
0a7ab936cce0fbd9388f3cd094f7e46d21762e5b,false
f6886f53188a4aecdc8ae21af6ebcc5efbaf099f,false
00cd0bce9d579a0efeb6dbee62ef1b77a0c01a74,false
2ae34c1ec2ad81e41e5711f31ebd0a6d6b9f166e,false
5f6f28f5b66b9fd9fc9802e363fc626d3181dc36,false
17d60770012afe30c91cc6be9da7e45185093b5c,false
be9516e40f5c1ff684fc0847248160420c8bc108,false
5c200e14f2ea46caebd57a63072dea7e75b8ec91,false
963cd43ce55db367277c175f860b0aa7db6056a3,false
b6c9c793abcba11645df7ff43d97326419d35898,false
620509a9e7b4c2d411993152760e01826a00836b,false
2a459e8f153a270135946c8e6d364297a6e137f1,false
bb65d9986260ffe68a05a237b3f301ed674cd804,false
14d7459318db00034871741a16fbb4744c6b3def,false
feffca7eadda40fe424ed5412af6ae610525b80b,false
be1501f2d5900f537d97330ad243d396bad65f25,false
ac82ea1581738cd8dbf082dc9cf6fbdb8d0d7abb,false
65c0df50b943501d616159f01e199606633137e8,false
3393c134a3a9bc0b94b12ec2915600df88b95f13,false
8d7b6730628dfec914fab5ad5b9c222ea8eb8364,false
ab4e24cd447eedbbfcf67827ae88398607e39869,false
63ee7e5c7ab26ce4a3b86eb4d21190fd66727309,false
7383cbf11e4a3de1f02e6a57766bce1847f61b0f,false
00d9818d0ea5182e7210ffb1e2c411cf7962722f,false
0637a644af5a263acdd575f7976d0ac440ea59fa,false
ba3e6e095eb45e728ee36bedfcbe17079b2c6a8b,false
840191b19b523a9c3cb936cbbd2bd77598ae4068,false
e7e20bb8c51e2a4d0ff6bbdbd917d13f552ae575,false
9eee81d032b7c9cd276f1c3630a61ae311c7f095,false
10470f136904da930a2b5502fceb34b78702a9cb,false
e7b0f80fa8b25564ccf9e4fa47f2a0e4fb2c96ca,false
fed0d12574d0fd482508ff95701465577a6bfc8b,false
a0027cb0290b253a3ea5c4ba527f3649e90b22be,false
665c5ab91d09c1cff90cdfa50f412c256afd8d9f,false
6ecb2c5e19aa6a16bd12370bde9257e91c298ed8,false
417f67197d0e2e53ead742c2cf80d1d84ada0bcd,false
2c9e2ad2403a02ae293932a54137cb4a53b82e34,false
aec30518de6bc6f08aee99a0143d7f91fd8cb540,false
24bc8bc6a2af538db661017690f4f36c9c7f6743,false
b7de039036d77be64ec02b4eaac1a67c2f67e16c,false
b256520f4a121723df8c6c3c4382e6b42f33527e,false
618d92062241aa3a3b0e8e44215e0b5a4769a093,false
1af673692d818fd1bc216219d2169d4d38d14bf9,false
3d8d1b8142a180063751ad75c70c643842b8177b,false
5758e1d3839ccc97a61c9880a931ecde0fed55a4,false
fe69ff05f577932b312f4fb0cc98bc498be0b268,false
3b0d8896517c69548dfc556ec45253433d5f12e6,false
0640b13c42fe575ec27877861c58b891f352d260,false
4a0b65f6e3f524e408d04972a3e4e9ad695e38cc,false
149915328cf78f9e4694c4b43bd850c0d68b0ae8,false
512c448dd144514408ccbcdb0209219a3d9896c2,false
76e61adc89fc594449b6a6f37d21bac3d3a19a57,false
e228885253cece74c32d4cb1c37b1df786846ff2,false
cbfc6271330afcb391eb5d9dc52226f5c5ebd467,false
a7e70ef3f8b7bcf23aee75ecfad203dde0357566,false
74f68be351c28601d5a7a95bca13508214c8fafd,false
f620f6fa4146bc4b47cad40c285637fd923f8456,false
d0900528884d87c7ace93aa20c68b9e940266dc1,false
8de32c0665111c4142d15bd24b467324f8ef87ad,false
77339e48e6dea9573a7c82a6e60298a2913ffbe3,false
ce3a4a7aa5ae1f6ce53588634a465762403bf2f2,false
0830bea8d7b5c6328e2194a395c601058c9ccbe4,false
cde16b39b95dbf7b2ba2046ac1ad7233d0d65888,false
fabd0c2049e4f3fff3715a1027381ae4a4e583ae,false
facb1268e697753ffb9d4f37cc36736c5ccdb72e,false
9ed567062758708ef2a4fa5d8cf577c1bb2dce66,false
e8c925a13b28a9e2780df4b050ecc967362fae62,false
215c8dc4d9aeb8182d6e5e02f7dadd112c9033a4,false
866b139726bf3b56efd73a43c008e48aefb5cbfe,false
29d0f42c38487ab40fb492d09e108913b5637c25,false
0cfc839b89d6947e71b1c6d6af836020f3906215,true
3f737c9fa15291978f4dccd564189ee60855048b,false
d7669500fa215f9a636ea0885c3762e936512406,true
703fd4a8934130bb46638561cc6b89419d123128,false
841904a54a2d8f454c53566249ef33f1e86682d3,false
f5665a2a9626c03e28102daa8d6e97786976455f,false
329ffd69ce81da7cc3a24b2ec689463a96b46cc0,false
4587663dcaf37861594bb8f716e5c510563befd1,false
f3861311f0ea1ee32cd30da7b548f8f701515775,false
cb56094f7f04d6421293079e05139ef55e088679,false
0f3a6ab7e8fad51f1b61d8d7d472becdabf77fbe,false
a6c7f4a051210484204ecd20e94c647372577952,false
0f4203f828e826d225a464533d5424cd2f9809be,false
ee5c791a1496777bc9523660e540dd4ebe32b893,false
f65da71cfc20c41bfd6b467fb72f30c627f32457,false
0e59396db1d8c72dd530ad63ab2eed064633ab70,false
ccd5245f58e5e0a739e6edef4868581c4c9f47e5,false
807090680182afcb7980b99713df9111c011a7b7,false
194eb47e39bcbe44db90993cdc4c74fdf7901aed,false
18ceb3fabbdd464c7abcbcd84b8889edf576e9a6,true
950b6f4ac85ce3482738cd733c54b5826e05f5e9,false
02a08f92e4b28e1364fa175cd2d436e05585501b,false
a3620ea0b1233dfded972a17ae943bfd51b1dcf7,false
901ff52263969cd43b209f2bc53951a8c68fd026,true
29d235def036eb29830d6f94bea3392417340a78,true
6b3bfbebc1409f25188ad263bee04c8bf9eb324e,false
a32843b2313a83b273794ddf4a5910c31e1e9d60,false
6ce0c87013d6abd967d3821a0ccb6cecbb8d16f2,false
2791239667c68cd9aa95aca28f7bec5ca256b80e,false
86e29d276257ca73518c5919e00dc4facac60748,false
72c0db23b2dcef2f313b3c823741ee9d913c06d7,false
55804fbbbbca10b4b3500dfca4fd1c70bf9afe37,false
8f63737fbc40bb95b1379ebd0b01856f66d907b4,false
0d93fc5a0cd22798a799fcd31ef58c485df84ca4,false
f4bba256bab57a75e1de78710d8d612ee161d445,false
fa189906ac0508776d892875cfd1a8361f095a02,false
11584c7b1163127b94594267dfda7f88df2a2931,false
65bf2038e96d92ba437eba5a50bc6f1cfe7b2860,false
4e6d53c84160c430e6d56544f87ef0b49566c779,false
ea2c320c1a72b2158baa2b29f7504b07fb3d37e7,false
acbf6246c6e99c41af8bfaf7e68c36f513dd668f,false
8ec83284bff426768eb804466e0c20e39ef6a331,false
1db1d1f31a2799c9ecadc81257ce96c09884bb96,false
fdede4f1d4d32d654ef2f3eb349d2a6b3b044078,false
1cb875db5ca13519bee57d79f1dcfedb0cc3c1eb,true
67860b3c79c6c76217f93573c89d4a3bf821f591,false
fc915f507024958d883685c88e057161258c45ee,false
8ebdfd2547eb708a0b61767d1c04a15ac16b66b4,false
167c7acf03bf8771f9f12cdf1c77332d02448a8c,false
6d998a25d66e0f5a72440c100243b765c06fc65a,false
efe26773c0da15dd4454ce1c6d3549d023107d74,false
5fd4f068453e856a5797b348e37ef70bb5d8a320,false
581ad7339f32033627540b9b5432a8ee63322422,false
82f8af7ef64836dbf0c6917ea8901b25312aa86c,false
f9108b374a096d9d828f73bcd2aa91cbae257f0c,false
fa7c94b37ca451932d9667f1a7ea7663cc363fc8,false
28b188ea0cf99f37fd28de21f2bd013a93f0363e,false
3fdfd988f0a5333a902ef43158f4ea08368fd31d,false
b0256afd871027ec32f639ff81e993d13ddd141a,false
0ebce12484f214e281edcf38fd3197099d13c812,false
5013c32c73bfb8ab16a338bf867c4baf5171f9ba,false
941ff575891569ecd57b3e9e182834db06bd09d5,false
7e14308e62c9738982800a3cedfa4d3ef1b84998,true
966e263ff1c743980f1b16cc3f8c3002ff0cc926,false
aab1c9e0ad074b2601018492388e7e3bcf4fd55d,false
2af06584b93126833e68763eeaa7af9e2c1cb5a2,false
53a5646cc82bd972d19521f85acf7e77b514edd1,false
04b0ebc4c2ea5dbbdb5b3942e9345ca03a64dc24,false
eff73e09bd8ce4ea9a9f40f8f2d938e3de9a888e,false
88baba879bd4b7409c718966e4dd7fa1a21085d4,false
72192091340e5773bf968f786c690b98d58c0519,false
beb5a847bf2b8fa2abb2d9c0571299d74c1d1ce3,true
37aaac182d6a5b7b36c148e6ddd8edee5ed89534,false
dc615cf8801304fddc40a09532c4fa92c71de95a,false
227d4fd41150f30ba43383fb16976020bcc64a01,false
5d75d26daa334bf62290a14e0dc9b97446df044e,true
42c921118f73947f44457386a5c809a8d566f933,false
3a36a9101097f2f8eb5a6607d2dd56ddb45aef6c,true
92ca06692c816a8ea32bd92cd107ee9890f743ca,false
6cc5334ea80d0690ba3f2448329546c6cd27b9eb,false
cb69915bd3bf2f3abd6d59416d4a88f9b9a36164,false
643d02e935508c987c68e2c770d7055161d3e957,false
bd3f4c84d9c1ff12c185546032c5e5c82ea029aa,false
3f75349d0795e63a91054de18f6b3e8d81d9d31b,false
6fe0eae61c3e937626eedfbffd0d2c6c57ed17df,false
a0aec0c88d54ee335856a737a86be2756647f048,false
2e5460cab2272c97632eb2e2d902f11ea08e4df2,false
da58b40a5086509ea2ce2d4bc70ad20476b627ea,false
b864053ebb5cf7b3c9e97a0f409c69132ac68b67,false
70dfb44e3e7df41a928c73c2019cd840246c0931,false
54cc81426060d3a4d4ec800f854707c45057a0bf,false
00780fcf316143ff49c5a8bb54a3354d9bd8682e,false
970ca25ecae99fbb9f63abf1962b166ee04d4e67,false
058bb24afd402eafdb98b344b62ea17819d8ee40,false
8bbb90a7a90c56ad487a2dc9fec5fd9f94b4b530,false
d96d00c276aa354060bc912aa7fdf31ce68b6904,false
7f23b79c3615ae3aab34574d1d13bb4715061fdf,false
756a55f27251e0d34a0e9092ca942b609d19fbfa,false
ea3984ac17404e46d89eb242fa2bec9ee5bc0348,false
45bf4ceb047370275ceff3d42fda2d1ece6c02dc,false
6dc9b15ea6deebd1cffbefbcf436389a2eb36d53,false
0b3eea8a623d0f2b7848d5be88c027c54c8a90c4,false
cefd3b8deda6945bae9b1bbef261976646177214,false
264a3881c2dcd2e708325fdfac3106ecddec3a81,false
ba04b1790b2d69bdb7acddc0923a62f55f19ed51,false
0c83a3d4a7f9aecaad2a6a32eea432e58cce30ad,false
faf8357a2e18471c445b82847a0c18b24faf30c5,false
deb434c09a4ee170de78e60170f3855770b9face,false
2e43bfa2de474a06b76f02dd32cd45130498405d,false
50e82146a730a7a3380cfe3db35cb6f4fab51cc3,false
fe2fccdc98a42947aeb4c54ced47f3052a3e3fe9,false
eeb78b5b8fb82d129af7d4034a2de1b56307004b,true
c4740998cde3f20e2832151409e7bfceee6a82cf,false
80e2f91b5126e8a00ceb50941cbd782462dbae4e,false
87e676254e8866795474cd29d29638f534938575,false
ae8af37dd2a1b360e318df257ab4f5c2cd8180ba,false
45605681a736ffb439c75d1a28f8ff01f3c2474d,false
d2d2c6b98baf4c30585cdc9de8b5d1edb8bcf2c8,false
ea79cd676b196e98e3e0ed84c4e27616f4509ff3,false
8dbdef19c23ebccf862f09fbd8bd86f0602875e8,false
2342e3cf15781f1dc8ee005f3b750261b356f281,false
a839185ea3333f088e700cc0f5e2ad88035c30fe,false
3e39176cc47bfb7bf4256c0eee1280d25c92443f,false
bdf81553b335555034e220f0ac0ec373105e1d28,false
64dd6675dee034d98e4a4726eb6370cf84418249,false
ed5df44d878e8f8230c7533d29f3ad3dbc2f0c64,false
f58af51fb6fab694d948fd45913105f03f7c48f9,false
5ae4ef9467110ce4fbd8e386ff491ffeb0783271,false
19c702adb40fd151338467ea67344c965732232c,false
cf9dbebf20f001bb86f42bb01e91cdc630ec9706,false
c397eee7714f8cc92b99687d03b118fdfc663f25,false
a3127f59d9c329f87fe2af2ce8c0f6d3d21d949b,false
97c32754b81429ca94c9d46f38d7bd3d80265adb,false
d57be0fb206b4074dce9bc0c1a9bd71feaec4487,false
84550f47837484d1ce84811710d776acb74292ee,false
86444493c34aa8a966225c50d15c49c4cd2b9149,false
9bd297bb10915e30ed567ef0eb1650a6347708c8,false
a3c88db8d98a61847bd18411c4f4b5ccd370c0bc,false
c1efd35d3be8aaf9d8dbb341b89f8cbaa3c5d83a,false
7c63ad75395b496a6fedc39812ac79a1b669377b,false
50eb3987ea7edfeec66f7c141fec61de964bcbef,false
e58f752e998b6610d12e45d07640b5326cbab7d2,false
43a1b62c14eaa6d260a6942bcf93292109a31909,false
1e7f502ffa8340db9d8f49b299d871aad25bf6cc,false
4b68a94a5c45514c3278d56a6749da946cfd1582,false
a0949d7564517bdad1fe0c07a3866c1c180f1e15,false
73270838b53cb6dc3fd3bb4c8f76111b3641b49d,true
d50c881dac999a909281877ca94d702377d2831a,true
f018171fff7c83032c8ba74fa87a86e97d8dbb99,false
9af04fde301426ef4c08d6e9fa1362072c7993d7,false
63edf1d3f9778b0693cc7bae032708d1805487e4,false
fcf8bae5b74c5b1be95a2221fe6fc56c2fb954d3,false
4820d6d4072a544c760ecd3837b9e9a75693c7f7,false
9697a74d6c8932acd86934f1f79fd7f5cd48e268,false
6cb7d7cac5d4991f17e2e8bc1fe3c2af23bb63ac,false
c99f9d0e5fc4219b7a2cacc39740b165d609f406,false
8fd32aa790f99ab24a48ff800533acf3eecb71ab,false
f238644e83cbe22c83d32de6e93600415b5db0c7,false
499347a7d3a0823183034c1f8927578164818901,false
1ee36182f7e9e314c857138c2ac392f2f3ad17bb,false
ace26de88386df015c545439f24eb840ef1fa21b,false
daed2435865a930a9d2c79f71a411d9f99e1ba15,false
91ff899cfd428778e9b0636dd5870daceffba85e,false
7fdc18520b0aa382b12f4ab7830570d7a9a283c0,false
cc8179715ad15676e17a11b014c5460e0335a82d,false
231507b030b4f5916099c33b0ef2a966ab527009,false
12851ef6455ee806533ba0f0791466a15d9a973c,false
b341e1ec119e55020392acc8678bbcc1885afad6,false
e17a8ff7f0dddf82e38af1f826c5c85384a598bb,false
a8a91e5809a051364551cf16de0f23025e24580e,false
d9e3842d3af742adeeee4e6f6380c5fb1a53fedf,false
2dff0265c863be06a2e535ca6bf4c922585c340d,false
ff01a1024bb4d6a0202feb001a40dca88af9d228,false
5eb4b97013d54a2555249885c2c9a2de9d123d17,false
0c65080accb5bc73ed35283029d796c40f2f3a14,false
0c0413c3cd37a87550730c2af8db8d85a101f0ba,false
e89ec78cd56cad9bbb8b9c816c60a2f2160ec78d,false
76b66adc8868d4e4668afe6f3052d81fc1079c24,false
0ebb36ccb7e360f25120a100fa24282f391b7c3a,false
c8abbcaf44b7f65e8d8b9608448df13bdf0428a8,false
19a4b9f1924a98448fb60be253830f6fa8700be4,false
117225a1fbb7c4377218cd6017f04440505a7a7d,false
e97cd7a8505b464d5c9a6eeeb36ba749e6f400f9,false
a4c93d17b3c83256175df0ae5060b04d238bd7a7,false
794272e0744a0ae170caf41059fd14b6a7f837d2,false
c183da0719708dcd52b1828c3498e8377f408099,false
5950398a216eef6d017004915923d1ef432da7b0,false
5becf89a12c474ba7808467f5697eb1e9abb55dd,false
8e771d02cdbca8b31830139b482e1cf196594292,false
f27a33d93c90bb044d0fbe3389db02b2e8286054,false
0d3bf92eaad46c8b08805bfa92843e6b760e8a88,false
8833513b6c7bd54d01c77b1ba69bd1f1b7baf684,false
3965a82b4aea6630dd04c38b6341ae799e848610,false
69677301533d84193bc5b225ac4c82d1e39c3f43,false
383173050539a684c1bde8a611639c0fcbcbf917,true
2e03113dacab5b70d18c85cf4e41e1d11424431f,false
9595d934258eb254a9b5bc454a31c9144cbef3a0,true
a22ab64fe93341382f03bdf859970779b201e21f,false
c9cadf8dbeaca40d57a6802bec37146da64f3749,false
1186347f5e79a914020e8f0f3d1a708327c725bd,false
9dc4f55fafe188583081869766f5c6b30ab19902,false
5abb01e9ed6364c90028282266fa65ab3968ddae,false
fa2d34123d569cded81d11efdbc078d0d1530593,false
83850175fe298af62ecc39296d69d43e528abd47,false
2be29233e3c6b74438127331c860dacc558268df,false
9fd603a660074ac3b771696305d8b98bf8e39aff,false
baa1f04cccbee26a9de749bb8de3a92814c71fc6,false
142e62a6600f511b589797b324515426e1bc7a60,false
bd4e19a3bdeb154169b15f97e1fc67038dba4cf7,false
8181dc7b9a14e14e32a5be93930f1349eabe4197,false
86767f4ea9c254af6a8301eb5e081e0553662b64,false
b9acd98acabcf4cc3c88a48bae0bd709c9a7bda5,true
274f98ca65815f37798c831883dfb2f047ad6176,false
377834ac50ecf421989d5db22fc83e5da06d9d7f,false
d7fdb1b82efbe18be4cd3ef27220eb3f129bc56b,false
fdad857ba639c286e753ed7389399d3dc137245e,false
e9dafa90c6a17d87d96325aef10b208573d59a7f,false
b6150634b2e27bc526dd51103b66cf9b70879013,false
06eaeaec80e4730c832315a8773a7d5a3b4e106b,false
c8ff3ba7973bf37dd79808068980bbe4e67176a4,false
f357371361f47bec040e9d966c0ff5bbaf8acbfa,false
92d58c55c84fe78a7bf83e652c6ebf73d836de2d,false
67a2315a9f5f5f9f565ff1a5b42ac737fe0f0bf5,false
76cf9278d6f6e8f463b3e29cb66504791669e73c,false
12219bc14d101a54a0374301520c360a964f840e,false
4c7b52e3a52f6207757ea5d79142fec5b465e6be,false
17dd3d8bd652ababcb5f98604b116cdb1b14b631,false
be4e171e39b63d35adaa050f5430b77010567955,false
6bf00aceb33ea9a672ac505334273a246a2d0399,false
fe1fd4fef0e40b1280c40097f220b5e808646a3f,false
c8cc40f4efee918314f1fffe4c074f95e3bf8120,false
b3aa06fa3ef97cc5cf5a40a9721379e7925b4a7e,false
fcc5ae93281172760d83f6d7f0e0c5b2eab7a4f3,false
0afeb365aadd64599682198cd187c5de1b7d0174,false
ab64c6639bbd65e35d5fd3860f71f9d85f284f13,false
b3eadfeb03f491220d9e7fb7f2227242fb811efc,false
3a13ab8052b5ba6651f80367cf2bbcb6770c2a75,false
29925602bca070a163f28c3193104873b74a5945,false
25ab662f696c474d8680cbbe1b83df7d291c5eb1,false
0645ff3967fc1ae9925693f7fe73a1ba93c5e6fe,false
21be3b7def68476afc7f0f25b4e9cbf6cb0dd9fd,false
541ed1232bd3f1944613733a11e26299d1771fd3,false
24dd18e8522777fa940441ffa23ec6f3c4ff3658,false
e8a0994c178df6c3127acc3b6dd6c6be42610047,false
f337ce654517cabb0107944af49e7c1bb9bbb55e,false
08648a5ba3d26bc4d59744a66bb561d3de1612f7,false
11916e5a74d8a28f8b8b915312233b65375e55fe,false
a579dff2608df4506d2119a73db0b2ccabd9b8b6,false
be8fe26cb69cd4840fe13fde8c1bed6973b3a1c0,false
fd7a68f035de54ce1380a01feee0e548cf531030,false
5d3e2e9a7b43f052ceca38aacf1e3b040fce1f28,false
08b0ce4944df1f1d5c11e2dfc39745cd9cd24339,false
5a894c7aa51368eb2c8662e689af5496cae35ff8,false
49a437b011ce0840becd6a49a41baefc53afc0a9,false
20b786203100736c34cebca190c3f69af69227ba,false
319c6203464a89c2f20fe4d97958643e3704ea9f,false
c336a1f3251780f278c167295df79828a4802172,false
cb5ced05db0901a90d641f84bac26736c7ceef70,false
4d4be1f1a0a654dd895d31f0bd3f9ccfbb5ed446,false
1f573f52fdf46ee63f3d1248ac1a72fb01547b34,false
89737b078cd15892ff859a36885abdef78c250db,false
7353cf697cf0fe395817d92e66ec6f397078f96a,false
833c5477bb084e6c6f21acd05bb4ca7382fecffa,false
7ab71831907bf7e452eed3d1d7ddbfbdb4881b48,false
e948a7a9ffbf599b6d5d2097cc4399ea30ad9d87,false
e4bcdaed7e7bb1d71aef77d61c680e122b0219a3,false
25dce6801725a2ca4fed15fd6d8ea7eea1a1efe3,false
0d3f9162efd179b87c838c14f886228acee47018,false
1ee5cc1079e5e9992491e3e1ea1ea4e824ac6e23,false
9df4b59ea2952f2a310bd5ed2c5c0edc69279012,false
c3823c881e65725baa34336e3ed83929929ea436,false
6a0523253e762d9830a427c00354c62ae94c74c4,false
c28089544b473f4ceee6cf2669a676d05ab9e9df,false
d91679d9dcbaaacc0f5049d9cdc42f5da90969b2,false
875d56406f9fe7e9e88f1e3c628b68d09a8eaa12,false
86bd702b77eba3c0665938b09aacfc7e83df3c37,false
09e4bf7374a2634d130a9102beed87f621f1a9d4,false
48be19557b6ae96e79263f1f511b99bdc19ce876,false
01e4f3bccd93313517b9c2a4b25dfcd9e09a0167,false
da37fa8e8ad43f417e80e25cf2dedaec314caeb8,false
c9af2b2bdb690b3f7023c10343e10517617e6023,false
3d8531b0abd5f9e25e68162c16616aaad20b962a,false
ba42e88d9d3b5a2131f751a66f9223cb5c7a90f2,false
6234dc1d0fefc51ad28528a68739a859bf6a065f,false
51aed4c481e5177e489ea92602370b6a9d0d37d3,false
6a1b011b114f0b9844e8d3366367dd7332141c89,false
d8527ddaa4f501f6d010588df40d7d6595c6581a,false
28c3d48a3abdd9b6aa9c956091677d4e3135c5bd,false
b4c93a86a2f26f5d8558cd1b51c943d6ade8c954,false
d932641f6bdfd592462d3f18d5b04a6b8ee43e87,false
5f4a4ac98d28d3a8cde3d1d5f660580946e13a23,true
b37d80dc714e2edc7d66289940d04cb1ce28d1b0,false
40d00ab117ac7633cf2866de5f6b39eabf64d11d,false
c7b29f9396c1b4a3e5a02dfb17107991aa10f0f4,false
4f0a1f6bf8ef9aad344069ff3badc3849b9f36c6,false
b9ea66f6347985437baa6a04b7285c5f9438d69f,false
2a2422a360e8c837b5d3ea4ed5884557a3d14eff,false
319bd3aeb81a33e24763346fa55beaf6748b2574,false
53348c800f7582c7a683f37bc84009d7b29533c8,false
0f9f612f03eefac5be84cdcaba4ee4d4ec62e622,false
aec76a0d893429aed693bf67981e2e648d3e2869,false
67780bfbf214d0bd91499b0f280900b8442c7291,false
781c939a9b5e5984472cc4c2a5dbeeaa59d80824,false
e4f86cc7efcf1031864f7fa03bb5c988ca8c8b84,false
ea8f6b3e123ed9def48f252c69d1a7a46f5aaabe,false
8fb366c26ca3cb801ddfb662bdbe1f19d40ef0aa,false
7902df35f9291519a7803e533547f5ee6a8c4464,false
fa73872cb71ac7d4c970fdfb5ee018f1000431fb,false
9273ef4251f2aca2b6469b11d7773b4c8b8e26e7,false
cc07f6ca137140758b145febdab25dc6c06667b6,false
40b03b00e0a7cf7a5ef980ad2e54d44b53825c9b,false
1d1df6fab60e1d37d4ae0cfe3a01e4045f38cff7,false
07279d1a96134fc2ec2325dfc1a44664a742b596,false
8913f66d2d9af4d79388bf5acde2768079ce1986,false
d39dd94b2d29fe78a855f764dd4dd8f6d246b6f0,false
d35bce205ddc9a9f68eacebe9baf7122bdf34b7a,false
f9eae749af072b0e0e22c5328a0eee6a1e45d163,false
94ef14c64bf7f77d3e239536a33de154c5c71b04,false
0c29c1787b3ad5abe4775eabf872f16d99bfbbfe,false
da878909f3f97d225fce75a067a8fe7856b0702b,false
252e7e67a520d447fbf79e1df40c3560602b95b9,false
9143f786f606f578d6b31683b36ed03e5198372c,false
b08cf6ce9d3bf161a9c3358fe46bba6fbe9c5101,false
cba71dbda3c78327333ba52ee29f15795b5e937f,true
12c6a265049ce46e5bacccff044ed5b6ce786200,false
d4f49f439dac34bee7ba32e92b114079eb451e6c,false
bb231f940a23895a85a70b404052b6836b0fc2cd,false
e9bf6261f213f00f401f8ea6d3b1c110bdb2731e,false
77c106b3b082bd38dad39ce3472469daf6980563,false
9f05b01827cfc72a64ae2a660be468b06cdb865b,false
114d10bdca1bebcbe6e4031f69d2a86cd47eaaeb,false
730b4b7b5941ad698c14285962366c3fa37e911b,false
5658fc46a14b3183d9c47d8f44e07b9516e9822c,true
ee97206ca45112e95165d8c1d4fc2ee1928b1566,false
c3dcdb1090b799ca164c5902843545625c00dd82,false
da38f833e2119e398d4024b652dfa6393dadef73,false
3425e62f4eb917a0abbe023a549a296be2e8dd92,false
644874ec6c645131a08d33ec701f87ae7ef118e4,false
a77699da7d625c6dcffe61b2aef3345d845efadb,false
0187bd6129f5b1313e4440807358596b0ca671d7,false
4772f0e8c66685f1ffe0a0498eedef9559e30601,false
b9b4fe5a4e8df820a4c7a52be555e3cd888f9774,false
fa6fd6b2fb89a4368f69d20b95c7c59bcf6e2851,false
2d1d18f93cc51e2b0d412bfbdd4d4307bc86129c,false
4f4fb80365c1615bc18c850e30c4f9bcd6c1547a,false
7cadb364cab2dc1d7c05d5385c693a32f13de6fa,false
e85c6fc37c913e159ec09916003c52708f6932a8,false
a6e9cce580afb305851aca5f4706e4e24215e473,false
5b93f47e164479ba5e8fef1df340c69d2deee0f2,false
d2306e6d9d374c4a4fb6922114036cbf18566088,false
8f78cc92f26fc453077ec775864e8d8c08ec6af9,false
83ac7a1fcd3296a8a669abad9d25d1855e290222,false
c00f6394f4a89f1b179c9f6e77f91f44eef6ffd7,false
fd32cc5a675a7b57db9ac030fe25e1bd141c2338,false
c613389ab989db224e0627573e10c50a76e69a20,false
2f8da0ef0a94994eeb5d3afadca4279e657cab88,false
cfcb44574e0382a5f94a67286b419b988bb39db7,false
83ae50f885b715299b5ecf822a29d2ebb25af212,true
b4ea8b60235d7d7634ff3b9b49108912b8e9ee05,true
9f51e40c404781fc8e04cf627202d912cdf4a40b,false
0054bffa1987932dc401ed82038f22ef172a5551,false
fadb7b9bccfbb9e7f0eb98a64824bed1595c0c84,false
50f57eee6b9727261548ddcbe003f71b6c14d4cb,false
f11c752078282e4d63dd58e244009a6109d1ce0e,false
ef73ec85d21a6a1c9602fb20894d1be4b65744fd,false
8a00898ea435dc4db5e93a18c3c964cfb49f14c3,false
6dfa4a5551a712046b8b24d68ca70efca59b3b5c,false
88d4ffbc45087eaf58273463b4d3c726ca541d64,false
64df49df28e2f48d390283efd6e5479486740adf,false
35de1f646ee4fab72eae511b9143e60950efaaf9,false
9ec91c9319e2adb694bb587923d8f4bea31b11c4,false
05c1c6fc0b8788080ce3cc8442da42f9564090c5,false
e8b1acf0c06552fe424a8c88b6e0236021649d41,false
c2225dbb431dc4b37088f17bcf713163e79a9234,false
12a3713c3aee09d522475e66fc0b6f96f8005884,false
6d592f4ea61e5859f8791cc19e6829a58434b89f,false
ad1405d5ba52eb25242e93cdeb90b6f6b35e0868,false
54da7f465e6e0b4ae906b835b8f8a5e9d09aa372,false
51fd9a05d556978e74aa5f5779e7fad77b34ff61,false
01a6770e0ba56e5024bf04f303fc0df4c67d4fc2,false
ce1516329a144d52e49d9d335dbdcb1154af4218,false
2de711afc2412c4a4ba148df4c5062af8179dbc0,false
155eb7b1648f76d80cdbc8834578e123e5bf8eb3,false
cfd2d1c2f5c566c69d82b6c8ee6d0002026d22fc,false
d4c66ed5eb9275f3ecaab112ed45e7369eab9e84,false
d1ce81f7e06dd488b13eae24a636233cbaa775b4,true
2d2d0540c221deb447bca6ebc63800222d7558a3,false
8d9d1b62de9a26184adc65fca622256a0bfdc51f,false
3655aa74d8755e587ad85bee6438e813a4c5befd,false
8d1405816def9452e2ea9cc8f4a90aa3a260d0d4,false
483a4adfa1fb994dd8f3cd3a3cb048423b580362,false
3583e3cdfa7cdf8784e2b1da5cea683fa2ebab4c,false
6e802ad1eb8e9289b95c0eec3b33f8265df98965,false
ccd5ed0e6986e13f4f303d0e824e9a9e6c0778f0,false
16be8c81fb0610c01e26c6fcfdf67bbac05e4867,false
efc3225915bb3b8a122c8ea6def8d41009a3636f,false
55b9999839389b43ae5c5ffb97d94182fa70ec44,false
a88cf0e6b7a4f1b6fa52363fb1044c1d4b422301,false
c0b1bee9e17aa8b433231f0b0a77c422a9d68609,false
1ede22e34f310721b9811eccaeb9b8f3b9982b46,false
eaff1d34877164bd4fae01f8e52cbb7957ab1a6b,false
0a70820f5c2a8ac14e92e5f1b21400a4148675df,false
b25d86b64d9b3f09281f07b6edf0031cbba8063e,false
4862801d991973984589d75d4c5ad36a9f726477,false
df3229c4ac3f9ffde562b8c6c561d2f3f025aac9,false
35434ddb02055b150a546413f8f6819fa1c7b811,false
e65ca709c14809c76c6d8aac7dc599c404b27429,false
2c71300a6ccdb04f5bda3ce5ffcb04d2e23c8977,false
c1d884230ef8eae1b0b5c9b26855c42b423f557e,false
3309d5dcebcbf6fbc95d71fe4ca8fc3c84cf084f,false
0cced4eff4376f71706450178d5650079adef6ad,false
ecbcb143c30074c461e90db95f739705abe96ab7,false
6ae10063d5633135e9aaa2078ce97fe6d56f5b22,false
27b3be0fb9081bfe1a02d6f661f91b18b704cb30,false
eaf71659bb1f9e2d6808c06c2b69e4a364793c66,false
9e3745cd0c39e9da2bdbdc660ef822d661eda5ab,true
5f08939b9a585708c29fe32b82cf42b2e96e089b,false
23869d589bb8862d65ae74c8e2857975d4a81d56,false
82e2d397e6d9d62a879b50a55ce8df5bbbbd62ab,true
fb652d45f9f5e278a314b485d66c1c3f86cd586c,false
61967ddbe97aef48e7faf65fc6eed4dea4acce27,false
a956daacae1b0b41c0d21e9b7cb380920765f0e6,false
f1574fa751815d413fd8c11b8a7abb4993ee97b3,false
a42263bd5b0329088ce294c7a80193c42a4c6bae,false
b4d39bb2bb57b70e87e2fefc7b3ad1b6614c7b95,false
7425123b4c3b47ccdbb684be773c3de49b6921a5,false
47016db6c535f23cbc37bdd66dd09743f95fc00a,false
f7a5ac877e0d16089f35c0478cea744dd6864f26,false
a1c364e1af18903e569d9416b6a9b98bbba92370,false
beb121eeb8c714ae98c7f17ff20b82baeb94a3d1,false
f7ae54e711f45b33610ad62c72bebab65275aa34,true
2672cb7bf5f49e92fb31b1966b136cf2bbc1cd6f,true
7b26952d4906bee965a566e5c40a1ba7fbae7225,true
5b5edd70b6408d80acde26f46681ead07cf04ab5,true
0e82e3a0ea22cad9fd332def3da79e733b838cda,false
14e6a07389842c2687da0d953e9b96839ef41536,false
7e80580011202c601b3d88f8d7f50e1664158aca,false
8de4e79080c697809cc0ab9c3f90d0955027b4a7,false
c7efd422f0166af8ca1b455cdb0d5918f1342625,false
72e0215eed5e2b41252b7e87c8ae90c00eeb9be3,false
94d99c3208821c4da46c8777a6dd9b0d1120dbde,true
b49dec9fbbdfec026bfb07e772e006c2d48fd1dd,false
01c153a410f0f65690329cf6e318c8f9daeed66e,true
ba12a4fa6754c448051e794991929451a4fbdf0c,false
9971311dffdbad68180afaab0eb6656b78c998cc,true
63d33b1ad539eb33ca8afa43d09761669454cb4c,true
fb71a3245bccab7cb1cba9d11f3a370f3451b9cc,false
3a255d5c0119a75d252d7f05b2e19b8161cd7202,false
168492c84391041c55ff87aba1995efa768373e8,false
1ea420405e2cee318c6876b2b2ebd15087be5342,true
5edd0b85ee580585b8fa7e0b07538d8e4c6fada6,true
cc9e8758e89c05ace1a3eaeecf1e04b8883d95d7,false
24aef73c3893887b901f3e954c67385ba4bf73c2,true
0dd03e6d68d1c1cc79887a87ca32799aa76359e1,false
5bb6fe1eb5231481aea56820c95f2e5a4429db49,false
572a29867cdeba7915fa37154d3eda6ae653b37b,false
e106a9decb193953548b20f99f964b4bf7be4565,false
85b79ce07df8a8ef0269cd16ec5f68545885ea84,false
152d37ad691042242c4e3df09f73d39b9e4011f4,false
62caf21a7b2f6ea5b6941398cb64a29641df860e,false
815781c75d095ca5a93887ca96d472fc26900c29,true
6719ac636dbddc448c928aef4865ba32a8ebf316,false
8a034d6696541ca43dd78c113da9fc2433e84c41,false
8251113cb2088519cf573ad174499c7bcbc1d155,false
f1e2d6bb2824f3fae0069fff05d4a6ab4b3d05d4,false
ba1ec80ce808ba276fc46bfe786c523494c2a6a8,false
ab42049f81b5b3481615bc95f6e3f05c1913b26e,false
efba1b70e55c70bfc414a5a1a0dc59db8562391f,false
a61bc297e7af7890d8f4a68bd2d9f50cc9a5aec3,false
ecf82b54892cd240349c143cfb51e1d08a8a4fd2,false
d9454996265e4db944f3856f91146f4ed4f7bde0,false
cbce6ff47f0404250534e8ee44871b29ea718299,false
5f1a377edf28835bd282969dd0842c6740f9217c,false
ab7c0759723df9619074cde86de379761994aea9,false
830926df0d4c9f25147363027d7b47065e987193,false
b504b2f2eb126161c0ca42d2389f353be64d649e,false
3ee3f6991de86e34e06c99c9b0f73e3145155ebd,false
a4306b0f252015bd1ab594043d0d871b4785ac2b,false
9408ab571118e503983513b2ea20de2f1ce13adc,false
e0e5f21e957927177ab02d0401a3b400fe37ca27,false
9ebc3912756954ff7da290de83a4821e26498ce9,true
ffdc31c199cdc8f6e63673a5a1ff483ef9c7dc24,false
ec7ea790c284afba9587a024d78af9838aebb8d1,false
cc91fc062393bc175fb9b31ea9d9ba0cabd41abe,false
b1a636482e2fa6149b35a2d84a03a08d57d0caea,false
735c88408503107d828d35c416907969124b8b8f,false
02959ee5ebab53e03ee20725f4d55b16e6352cbd,false
e1a3cf0c337bfc7e81e68227d08f0e7ec26410c5,false
162c7155d11db110616dd37cfa1976e37bb225d5,false
ae67d95f140e9ee5ea5c2620fc0cec75b08d71d7,false
97a0742db796e091dfd5c761193387179779b512,false
b64ac61d072b2a33950fffaa0258c247c66b629f,false
d552461ba6493d5e2cd952af886542795ac462af,false
79af4049624acd6eb9f121dd9625a8f31fb4a6e7,false
7c9517aed4d3863c9f2c95ddef275f842be72fd2,false
32840ba26902c8c1a4c320d41e869a2ebc8a2229,true
6c6301a006d6c19da2a56d5121e54fc904a17d35,false
75ebd74ea4d5b403872f50f6706e15323c497e04,false
720556633369aa68438b71f9bcaa58775f641b33,false
7be8e382fc2e4edeae58201003c105b470cfa805,false
eae3fafbd4b8bd1eacd896856d7fb83d3ae87302,false
a8054bc0504d6415ba25ece2d70476ca10d09016,false
898c14de572a8ae718f3aeccd34a2fee2bad0c17,false
02c1e1d42afa6c5ee53c69f39404581027846ad0,false
c3c94a25610fc363bc9e0953f8ac3424bde261ab,false
b2f1a08ea621ccdbdf598238203cc5b28275cb0c,true
c660c8e12e662bd33724056a526afbed7bafcbc3,false
7b49d4c142714740a3d0a6847db33baf212b2fc8,false
d0bb6d1045c8c80f3aacb4b054ed45cf0c9cce0c,false
05de1929940a9eceefce733cb99c60134a5a32ae,false
daeee8dc4efe9f30abbc068d24344524d7894a9f,false
faf933be29748e8b61028ec5d406b9db5871621b,false
94c9463538127946179308626e8452dd20abe50d,false
4cd6143935800366d62aa47cec5300faf2f33356,false
670b746f89197adf02d32cedd9515039a08a20af,true
5061bf1ceb4a98e3fb2a1cf5b0a322c53c71c63b,false
15caff250bca69e0c272cbe7553b18a2dc179ca0,false
312f22772d0fd42d255f4345bd6ed6834590f723,false
ec123980ebc724970ea530a4c04125f69365c8cb,false
5a1ec027bef041fc799df1860b451a2060d9163e,false
fb1cfb729ac64ace67e75878ec976e90bbc3d9bf,false
ef7c0d3c96f015b520b742554aadb7cf47251a81,false
9170b01fbb4e815a8c25320f0e7042b2c7cb5368,false
109909e2bb7eba93e025613628f9b06f0b87ecc4,false
7ca6d3a524860858f766c16fbbcd1f236f3d1652,false
ea386f6fa16f2d7e8c9abf869c8dee6a10be49c8,false
4f7dbc6f97420825fa2eb55bb246fd01492875d5,false
26aa35a99335683bde3da03d4c2e01d3e0f7650e,false
300a50ea08758551f76f950fc5611350409efc80,false
debe6e2cc33bf7a8983481769c4e1fb1c62ec1e9,false
8017d798dc55d911f547014749183556274ea273,false
dca89164fcc2e6f121e956d0db7c931b373a93e8,false
5c58c7335231e4f2a024a62e316c0c29497162ce,false
f3004a412991e7515677c46c2de4aa9f65bc32f6,false
f0e71324b57b0fda13b6247a73a0192e21835e43,false
bca2f281e8ba0a733cf2f04236c8db176e678091,false
870cdf8482ae14353b26e0a5fa3b4f5b363571e9,false
f61b390caf55eae200d45e5b3e53801ac66f0d1a,false
981a421947e8ba1fd1f9d70650fd3c0547d008ec,false
d689d06437608eb1190e08246a85a72bdae47293,false
f9c7fc48d31da5d2bbae01a6dc7b30cc727512d6,false
5a9a51e55a44c7980b2000b6d6c0e45e5b7e7fc3,false
cc9714d0709ebbbfaae678adfcd65775adb600f0,false
d7a25ef4e8f7111c5f0bbcad59eff61921cd52cb,false
eab428a4ccb5a390c40c1efefde8ab4cfec9158a,true
7e7e6e66db07daa35444ca611d7801e88bb0b262,false
d2c82f2247183b051684de913e43f946a377de5d,true
5bcc1c0cb445b250a1ed248ae18555df7b19ea27,false
e3f529263dca9a47f5369b504def4779e040c4de,false
7ca161287675580cf41f9af58537380c5d91a20f,false
b81877788c4c8c331b394a9745aa830c436f5bff,false
97b72f75437ec16417d8bf180dc18f596048d4b5,false
8b3186c190450b64c8778e6b4aaf04ea8939e9eb,false
0348035e4a2fcaa74b5de4e463fdeb8ff0225879,false
2b428a6cb683c0bc8c685263f124e0decd625699,false
0a6f7f4bb151f634fde897d1a64f459c3fa447ca,false
3f3dc7a9f767d06cf77e6bc2d5a7f3b23d8c8dec,false
3804f2083f7d281c6da25747606bb321903991f4,false
f391df82911952f3ba7c4015418bcebc5fb729ed,false
b7ba94b68cdbad420096117a81d48f85e9a9692a,false
3496e8c323fe3be3ae133eac9443aa827af6e50d,false
70ee1e87bc6b1e13aa6e1d7575d374d507e5e0b9,false
73c04a151a15c2bea4bdd2c90d8e8e33ec83b3a5,true
45319500c80ec27456485c756e79c47b8af55f44,false
2b2384b3db97c6889943f9fe9cf79d2a24959953,false
33e44db34ba15dc14d2691ca9a2019b2eedf2e35,false
d96cc2543c64aa7ee77dbbe6e7e8a62185d37bcc,false
416ce8978bf71bf65a6f81d6eb05a98cb2974ea2,false
3a7ae7e5f48f25844e7bd8b1720236985cdcb102,false
9b29d0a2c980f266f22cc20ca26fc8c05102ef45,false
5c0bb25ab127c30b65fc6d4d0dd3fc91fce3b197,false
016118a1a1e0ff4caac10793e376c06b66d69ec3,false
b272beb62f1f16aadbac20da84c5f6316fdd2abf,false
686e2d23703e90f0e0458d824efff845848236cf,false
765e4b693cdf3e0eb1a584a996871c73d91eda1c,false
4a01e0e1ff7b4980beb6f0306d8a3994fdca4984,false
e41eeb2b53b291c9316fb4e58c49612b843bc631,false
8f4bb905b708d75211a933ff79b53b3ce0877a3a,false
bc1090d7130c5febd50be044fa792f1921c1129d,false
b96ec76431f58dd5c9b4d9c256d773c44ad1f25b,false
3a6a3ce81cc76ee4397d882b51f16b1b2a4f52ba,false
0b3901cf5e8270cac98546b09ae3f59c5f1130e6,false
6af87e60c4d6ce68da6fe433c92d25310691ed8c,false
f1a5efa0b0a4e1583a2bcbbd4bee05e3d2a3e981,false
57ddd756d2fe63876133ddf60b426b6dd8f85af1,false
1c1a7caadc15b2a88e4834f1850004ccd7c15734,false
6d68018b762060632c62d46fe7b8742541060a63,false
2b9c48a002a694296c1ff75aa51bc018ea908663,false
1c17af63eb0a10dcb32f70911d058c78912fcf6c,false
b7fb2ee3ef40e35162318efeca2cdb2eb9d43d64,false
fae43a37b719647ef2f62f743c5dac77d8b67833,false
eb0bff6b2460a3816e55945636e026c49ac75886,false
836b0ce9757569dd9c0ce926601de02cd5d234ca,false
fdff48b2ba2e2ba73529d959ceae9cba686a1b4f,false
3abc9e68593a42af6cad871fb6ce5451726749ef,false
f63d9a43882398e1f98b6b1069ba6128034e3035,false
e43f24648bb81dfc8aa8653fdaf9add2b010f7bb,false
2753ecd153f563968cd5ea6a0cc1ff537f60d111,false
cb118f273f8dfc5f1b66200dda37a8de38c9d38c,false
1c0980ae84889f1c2755514eeee1675bbd8d7102,false
28b5f7283d16d1eb92cf1aa7edc1db4b3f4accf0,false
5bf86379775e496ac35621af1b8ab427371f5517,false
e6776e8a1147c3c991d45ba9e181d62fbb2a3920,false
45a12d1fc8a4b64daa4a2f8def53e2715b84bf80,false
93efaca6392e60b60fd460372fe52bb6873cc674,false
c5aa160c7142b175a8dfb5dc312a10974edcb4fb,false
3123e01733d41c52d82cd9ec485ce8e5ca94fdde,false
c66df50243f4adf59510503d29a7607c8ee74228,false
8b0fa31f81a77cb1dfebca78c3d7a306f1153cda,false
d2147d5ad3547f9e6391988a1949efb71a0f5210,false
005da640db06e0dc020dcc5142ed02e5e9f10147,false
4a916ddbde8c2962a58be629b096e5945727ccb5,false
e3aac53d901b39f07d2a46047b93374a9fbc7184,false
7474710204d6f84a372d61a0627cc25c26a41704,false
a4d650d5b4768506eede0ee52d9fc9c047ec3b63,false
bb1b8fdf9c1b287d65eeb3dd3aecd78ac1cb02b5,false
9d90322c3bac657fe58a7cff29c7c8865b0918b3,false
59dfebd2dd5d53a48247fe2219d6a0eed9a32d15,false
7a495c2a604a4783361e40729a779154b012273b,false
01bbb0501a5a628eddd3de6195bf7b4c9826b928,false
4692f00322fd526f9f302195759a4cbd9cbfd044,false
2680a63210fc2b0bb5f1ae4d6a3e6b5b7a8434a8,false
e131e6940f65f9e70708024f5c4ed2ea755851da,false
609b21227608412be4b6f22b76f73d3e7591a996,false
5c96b954504f0d72d06318b131721ac1c64341b3,false
241360a9d3ea0cce04ff4ea01512a877f4eff2b3,false
5cefc4926ed3409c719adc120d8cc5e8d2bc8181,false
793e904fcfdfa7495d4c4aa446feea5af15da65e,false
4c35950afe467e5f39855aa9540ca47ee0d13f0b,false
77afddc7a92075d001a1f8decbbd0aa922002daa,false
3183427cd1d87c12d153c606554ecc2c3cef8825,false
14570583ae573c14f00a5bf879fa5d4f86e958a2,false
ca1c60c086ef51b73988a518d35fa30a9e24dea4,false
4cd1115498741bff1fa4087021e8fceb51d2c2d5,false
df49c3303a4426303ee8fc24ffa8e558c9ee8410,false
a866885d4d6427de1507d265acf808d2814bcfe8,false
c3b94ce42923adbe9b7c93398db1e2a737dd6768,false
9cf3b0079ffef31759ea589d94d34aa24df9eeb4,false
f9865fdbb37542dcd3bcdae341460494d2536f54,true
97413c2141c9102994168568112ebfebb0107778,false
0839c17f873d567846d871f254b6901474996ea1,false
c05ddfed7d391edcd84b3a4775c9597aa0a38e7a,false
29d582b2a886b43d61e796632db37731522337ac,false
707398163bb4c24144a49f8e63db239259f03967,false
c65f0193183c1e27ab45445f960b40ef52872c73,false
a1948bc9b713373a16c18887f75ad4cebe440490,false
317e4de18a18eb69dc2caeb31b1f39efa3282e8e,false
e5ab523274bd60e4f81d66f0a5dad183e5510f70,false
d26ef68651c1937711a3d117bc4bccc03bbab077,false
9cc86e50b7ca0640b834080830e4c249b92f0a18,false
26f47b9bc6083bcbcb3214d06c1d13814e021848,false
8605a16abf9a6e1a392fa191bb11b7eaee798c79,false
48c07b5474c266fd0d2bc136d478d1594541cfd7,false
028f623fc5bb620cf553e0219f63d9ba46e3223e,false
aafd2fbcf87c289de6d64e2dc6b98d35509d9d8b,false
80845af574989859d5b6b2e3369f88dc2de60c21,true
1d31b2d86109703e626073a366161350468c6632,false
18c34176c77715ac70ce8a9dc542cfd19065f2da,false
50ad19bc0017d9df9c3bc126a4dd607f38e6c473,false
522f03fcda969b242e45fc0db8004e3095dc582a,false
7af07255428d7aaa6957bc217006ea2cec3fa32d,false
89256801fc6895099b5a41e6386071af5727f3df,false
7941fdafd3ebaf3a3605612382c55b14e4ba122a,true
fcf7fbd79dff9045c1303659723cce92cfa7ba1c,false
437d630e8fb3d9f00aabc9e2c6f9b68ab6eb3287,false
e0fc3de37d67789175b171188f91299cc1aef217,false
0a2c5d2d5e81af0c0bc5333e7bffdc89cfdafc1a,false
45057950be84e081e62cc0a693c8fc5fb7b8f946,false
e72654754520da7f2f2af3f1fa78c4853425f05d,false
e798b0ffb8bd2c2fec24d690b072acb35bb177de,false
00acaf9c683e1b6a9886ca9812209b640c1c15b8,false
9571c3a53ea3fa5a8350aa67bd86712f8eac9cba,false
112361e57641b231543d1fdcca744989ec75ef95,false
1c8adcfef822ee103783b2bafeb4924f78d5bc4c,false
cb8e0c92eb78278516720700a24134c5e3493692,false
8068e70bad7a0353db70d5a273a6f181ca980a92,false
cd6c920652ea9e029bdf343e48db4eb180650a0b,false
1c582d467ed603b204bdcba61de95178db67f7ea,false
e19d8f8a665016fef0df91c2ce2d32af951a7d88,false
594685e381ef7efd40404963bfed6f88abb70c44,false
af32e3a8378d560c804b469bdbfb454f4c7e2c1e,false
299ce656a05eabf0051880899a5c169f88a85c13,false
e06976f1ca6035c860646978272c6ac3dac67095,false
9e25fdcb96e7e6c43290d7e6ae227854c614314a,false
612c1a82e98d1633953798c76089c79462ade4ae,false
256ed4e476940289aeb52ce771d500ee5de1e800,false
e140cd165c9470abbae758f42db3e460d05a3dcc,false
414532b5fc8591f6a67d02817486a346a4d12822,false
27f95d914282e6e60f2f5b6cf594a97022c94c76,false
eabed771fa1ab97a9bfc64cd73c379d0fbd3000e,false
989ca8f117b252033e8ecdfc0427a003f4958a1c,false
58765da2c28982a17772e7a1400d1db073517082,false
8999391a7e79712121ada2101709d0817b8792ed,false
b3da2af34037aa6fa9f02c417a793fd17968fd95,false
2678028e649526bb11b59038c93a4d76eb4057b8,true
cabb5f1d1a14d86502e221e77c751c2a03a39174,false
96049fa6086291a2ee4362dcf27e061b802af054,false
388fbaf87aa1fadc998963fd7c4c4c9441ce354d,false
9742ba872e4d8120eaaac28ab5d4c01f406ba920,true
62aee3d6a3a3cad2ff06d688732fcc345a81d9cc,false
0975181f1d2a41e4f32482ee47065a2e99eeed33,false
f05e13f92815f1049746f5299a5b638f08db52c1,true
c7fdf67d1fd793432ad9a248066597f105a83800,true
577d9b1781414c9ba15921f6b404450edfb03e2b,false
951dd186fbab742903c20685c4327b145f6c989f,false
6151c63128a531674fa9560cf82994d16562bf04,false
5df47fd8776784c9242e5bda8d1d0aa601cb8194,false
471dba0aac386eb68b56f8555f9fa1aa0bf84f44,false
e55049cf4c29fee376fdd85ed0eec450db4bfbdf,false
218c95ed53ec24a829eda9dd940fbd461bba7692,false
503613a59df7dce88b10bf78d185afaed24e702b,false
fc7a41707a67965f9a7ae80e856d75f8d66120ba,false
06e7546951aca0e507b3130b276bdd5f6726bfe5,false
54fcdc643bc13913f6af33fe68f001bfaa30c2de,false
0afb385d5864b057c4267b4a204f017a876dfd6e,false
57d4cbf4a83320d9cbc8a7156d118520622dc058,false
5bd7d704c1343615de0d464a6fc692747a31e708,false
e2cf5b1763a43e479e2f385fa57e196c9d27a4ef,false
5148474f9b8f7daeda06af2caa4635b299910654,false
c44f788b5026e40b4891cb99ba50ca276ab8240b,false
0e938edd72108973d972fbe9536ac9a9d2a3267e,false
004733fa85e79cf7fac77cd8e38f4ea5e30116d2,false
2981114c400861079b0aef364fe31a496ab0f922,false
a402a3ed25fa4e87fc75338d3b72bd921dc22199,false
42a255f1d38ef6f938ec47454aff8c93d645b4a9,false
50bd769d6ab56426eccb30b5f87146a135c1c7bd,false
98821758897210d58a5b212786c87f00a2ab4199,false
22cd3ea8f8b5e0e551b69fbbe1dd9f923628ba9d,false
f952418c5a31f16a2942856e05e37298d58e8cee,true
bdfcff30f14523509a737a71422736ce7a9c8694,false
b75579c09ef7df9d6fae97b924ca5467b57b516f,false
5f382171d2bb55c43d84b2acac715ca7da61d8c9,false
d8e8cd97355c963c22cd1b2b8ec6b3c767b6d6bc,false
e250746a82fc196b0db7e3549158d40211db5606,false
b066269c1d6445753b3f555bd287420d6e24720a,false
889963f577c9f8115fec8c04e2a9ff80e0d284b5,false
59f0747b6212983e626c0564330a7c420726dcbf,false
704811b1638e784d33cdeb1a288c3de7f0e2ad10,false
d45d63acdaf3b1f679e9607564dc21bf13ee4389,false
1f3b00b8451126335568da66782a6f0d88e2ce76,false
8d4128d7a0faa7aec8db0bff52cbf8cee551c30a,false
02ab84559e7f89d7d798a5010dc1bc5ac6e3fa75,false
c31e656378c828cf21cc5d8b0639e3d50dceea65,false
8a31190deffc0dc5ca4a0f2f364a15d3002c8afa,false
df6453cd191cd6f52bf0ab2b35b2b80f75b687a7,false
78f98bdc1bf265d0d852b73f879a15079479b5a3,false
f15d405580e0683d6ebe63c95ef168eef0a57ff5,false
0030cf19e443cede4683c48252550982d24ee3c6,false
dc1aa6a4c18c86e23db7e03641b03080657cce29,false
3adea7a709c2347b02f503dbf39c677873b32c8a,false
9171fdabefbaceb9c4e0fd9c7ef930eae2c3a392,false
a39ada8658ade0ad777ae9d3825502e5fcf827d8,false
d09896a84c36c2965c5dac3de87310c6170e93ea,false
0cbb7d09372cb202fe0c1bd2dfa8219c30ba7979,false
ba66e6b197c8c8e7d62d63c30c1014c8d091c3ab,false
04d4dafed4070dfbfa3784701ce2f08728504f62,false
8abb3530a461ac600b9629de7feea1df7ffa2245,true
cc528a4b4f0e7426bb0c7776e0a2855dde47ac15,true
7ed6ccbb72e8d0339d3de4af6191f08439cb2bd8,false
3b71b8e921e1eef8d1297768a5b00d3ce2cd50e6,false
a9528a5ebcc13ef34fb8b5114c899d40104c1a4d,false
3a7f27e4151ed112c3e6b112d8bc5301e359a4a9,false
2183b489626a3be0a49f63920185c3c1d4d1e33f,false
303be2d4eecdebadd73ee877866ba830424c442f,false
4764a569aa97a2f4a68a114fd53bc745661148ac,false
0cd0bc13652eaae1d6289f3ae0f36e002d0fa6a8,false
c55659a01a7d8a7a8c6015f85606495bf86ada5b,false
909efa4f29861e6c2220b06da0bafd786a34da98,false
da6af13bf9bb7330b18c2df3874637fa4a8c5c0c,false
352aae8eaa607cdd5313501897f101baa9adb3fa,true
d99c9166f8cfdfa7d9231e3f63a5b3dcf66564b1,false
80396a370554bb6064ea38321a68e40cfb946dc9,false
de57b3e2d54dc2e59c9de75221f14761b9e1c9b3,false
252142c8a7465483df6709cdd82c794807f412b7,true
b3a0ef6ae5f5e134450efad8f5bb376d95e98134,false
f105645d0480d7181821eec8e1915f7b5e645d67,false
b5356748d6b61e449c028467d990f231ae4bdd43,false
ea7e1ec11a1cd2739fb7bb70d5270ed17180e668,true
2862d42d9f66b4989983781c9f2ce0845c7b9583,true
355c55bb1c0c5ad552e4a2aa2e0ec569fbde61b2,false
fd951e9926154b7d46bdaafc9ce134e2e1d36898,false
8640cbf943958f2acde5c15cc06260ce3ec0c230,false
3c90668ab4c8f8dabefe2aa54482de180d467383,false
59217b79f6915a11659e86a00e998816362216e6,false
7f6cdb70bdad062adf77bb214f2853017be56c3b,false
0672af79df1e3b522e96ba24dffeafe3e014ee82,false
dfc62862f50abe67152e2fa8da718cdc796adfa8,false
b86dd5b52064ebc48821508015767866dc6e07f2,false
31aafa9633feed5825c96024a2666cef09af759f,false
9879f0abc819fc9bab31e82c0c64559fdcd9fa6b,false
44570d6516eff03722227fe4efa00ddb6e2e765a,false
1e2cad66ca53d23910dc8fa732767c9770dca32a,false
11144baeb534e3437156389247cf9ab36d0b2df9,false
ad4500e95f65adece41d9b08cccb2ae2d161cc87,false
759f96674f076f7c7c1fc6df13d85371506394a9,false
d20664eac3ae91cbb5e1f8b38b57a92aa48b17f5,false
6a08f53e119a4d50c66924243c843d91644db9bd,false
cfb50e376d2fb54626c2136acbbeecc0bf9b782a,false
8da29db5efe1a16a717c33459497c6f2e501a573,true
3255f296c9491cd825d300ad69902df9db5dc839,false
e11de2df955976fd7a224ca1021975811980ca9d,false
8c0dc3d8da059e7348f14368819b36bf98087369,false
820736681c5306078d331132f0b84b64e12c7d6d,false
bd6160b1b49e6aad8f4780cccc28dc14d57f8d36,false
5c1eb720403beb98a364b638740b5b2bd91b4ce1,false
9f1314bf1fed317c854d127c51ad7a044d04c4cd,false
24e60cc8403b2d491665f9cbbbd56e9ec73af64c,true
f6d7d7dfa037f722ec4ac9ad7f7fc2235638abaa,false
d3c82eb64ce624c5ba59376ce357e87ebe305736,false
069b42ad2997e6979945cf260241473137b68f12,false
47fa4f00c2b5ff8becfc7b2753c3ad5fa37d27b0,false
19c6618f387d4a8c300b260def4df6eb62c14a64,false
d42f113ed094962c6b898de983e7c99043f84e7a,false
b2750857587b0bfc629a8610a93e99e82c530e44,false
681ab2089c5698fd4ecf53badb9873e0beb28cea,false
3df66eed1deaec7fe4c9a51350a8c716e5cd68d8,false
ecfd01bb0f92c6a3144e306542cb8150b206ef1e,false
fd1565664e7d1632fa99b34db92b50fa818e4efe,false
76623f2501ecbd16a8ba107f3debe1910ea49dcb,false
33ec73bbb770f8fee10a5ce90f06455b77cd1ebb,false
d54f487907c3329bd735c2555a964dc64750c0e3,false
99ee6a03bb033e59e632d5ba2c919a48ed31a396,false
8ed5d2cfeb493c9cc107f92c74356796896294c5,true
588941f5495641100cc093eebb9c126315bca499,true
af216c80322397dfaef0dfcda528ca100c45d6df,false
825ac6c460357047bc3d9167e9619050a3053d64,false
f81647fdd3fdeb888da8940f34d91a56163c395f,false
2f0f55711e99d564052d45a79a4fde5d168c0fc9,false
a7c0b99715d82f60bd6edf4c798faa35914cb260,false
4e6c47303aac681c47ecc354fa50e17cd968bcde,false
46a7cdcc710da73e1ece38a3cea0d6e97e6a823d,false
bfa47ca4f2ccb1d32550d2c9c23b4c207ddce78d,true
82504b098607f1642eb2cebcf3a7015b969a2ecd,false
7e35749902705f72c8e6843eae1340e51b80cee2,false
526c7efec157c716eb7a2e5df83a24f616bcaae1,true
a2cd2cb3aee900ce066349ed584c13a49e8225d6,false
4f44b8370ed6a5991f2dff4846e6096aa2668b35,false
f498b97d280170a0c37031c0d93d20a4d04285f3,false
5bd8839b037309d6218c69bff7643a0438da737b,false
75563aa2179c6dd1ae4695016bf40a28b37d425b,false
aa772afdc05a44f5e054b318caeb5ffa5e53d026,false
5d00ce6ea2cd6980f04ee4807509f20326de1449,false
f4e144450cf706e6cb691bbf82313e0a32f036c3,false
95016b459cf6fe1640bb9e8a7dfb4ea866cd0a13,false
29a3c1f6b53c7c168f4248102ab115733ba0d384,false
db6e6ee0f460ef2152f78dff2b61bdcc5dc5b321,false
d186ed9ca23c4b218d99a5f9e3aa3513fd3fb9ac,false
7eb9404b309871c880a9675b86f635e798532542,false
066659095f7640800ff774cccac34d7abf9d63bb,false
0d2b0912a89718a4922b5e6a2d586b057d7a19d4,false
9fb0bb9a869785a587d30478fd57de3976b14cdf,false
33894f3d6594373a61ba1bb4ad74ac8c8574cd0f,false
0ebd5fc84cc897e99a45673e052c69efbf3c12a8,false
cc461ecb0a0443cd5861ef838a7303f0f847c812,false
4d1bfb371fdf9f5a39e6b1e45b3dd540dc0d5956,false
74dda44d6bd018d21b5bf9c0fbff7a78bab75e4d,false
185a2013c26e1ecdfd4004e49c2f45a11277c88b,false
e184be529eedc83eb2deac712ff59db340c769fa,false
68af179a64d4fa8d0cc55eb91939fd8d848f73d0,false
84317f66ea95a5739cb33c5262be8fa3cd236bd8,false
a2626ac6323fc358f1b75c6ff8698012e92b1243,false
695e6d973d7c3c90aff15458562c2be14d332587,false
b170c26fa047ea6c82cb1d38a7b2ccbcc24e41b8,false
6d22723a33101c88f05225e373e9d63807bd3987,false
ff099ea90ec5801debeebc7795bbb4271fae16d3,true
6f780d2a3109eb881e66bae06860226afff343b4,false
dc545e93afc506aad7ae5780696e0c39ab6f14ee,false
56f8b18b487a10cced35c80ec1a10fd5a7c8f771,false
9b33c315b1d9f4c4e3924f0660c4c45a5415b79f,true
e174b6dc01823e1d4a44a51502c1a36c414d9899,false
0b797678be6f2a711cc1939d9896130ff4c856cb,false
f497437e52115af78163aa98c60c0566d82d736b,false
c904b4251b594ccd911e0fa93cc09f58223bb058,false
70ff610fc3ba5967a878d9875c743004267d7d0b,false
236fc2dc57c6365a0e966f64eaf333602e6515c7,true
407504572608ed930d6424a55d18a311efdb2567,false
1441f4bdbe215971cf9908b867f6c26a38d77f10,false
05e058e60ce8651b83ea2a7ec694ff9be37c1906,true
0c8adb1cc730bce19fa767b5d753e0c8281a6567,true
7c264e666a902e2127bc47b64428a64dc09246f8,false
5f0d80a88f22d49f485539589be7449466d7e67a,false
581963be1892e0c949a2c037d6b642bc948ff4d8,false
3ffeb575aa2b1485e8ee4c63e47a40a0de16c4da,false
1fa5468270cfb7ae40abb3b37b0fe949d0eb9096,true
2969a68d8ff9b621200628c1d65fc1a94c119f83,false
fa838d6e2276a14aa5cd1c748ab03fe9f23e1ee2,false
85ffc377444197e0449b04aa97cc8cc4db205b1e,false
25455fc571ffaccd0111cb43078eee0cc4334810,false
79e14e5a286b23ac741bfd9be385ef03d02b42bb,false
44ee26231b4da988871ee9eb288144499b53e38d,false
6b2959deeb6edd2d0038d29a7a219d7934f02923,false
f395a97fec8d42624444c8b414cc255f47e2a33d,false
e1bab4d4f54b1f1fbc0c29cce43a2556a05ebc7c,true
ebf01897485965e8b2a8a8bd7c81ebb544499fd0,false
c3dfb943d662382a6658e52145c298ed84db8a3a,false
8abf2b88448c75411e49b0115f37a558dc0d6fd5,true
cab4f48228cc54594325d5248becd75a7660c7c9,true
2ca3d2d09bbc3df53d5b174a2dbcc8d58c88a119,false
fd4ef01ba902e36390518fcf07c2cedd7ea976f8,false
d00df1e74e9e1143539c9b6c95a561158bc7245c,false
993877292139d409e013e2f610215d0b11ba81fc,false
adb3a85def4ebe1e90921dca7c5adfa00589bd78,false
db646e6dca418bf8f307986c866c0cf27e75ecc0,false
d26161034905b55ee6b01eaf7cb9a920a26b1311,false
b63d223d31c24ef57df04f8879b9309e0893a0e3,false
54ea7039791a9a101d382ba23e8838268163f55a,false
20680992366d60782964c3921ec2858fa0b15945,false
126f051f72320aaa2c947777964c7c487ad8d667,false
a90ec81699b202ddc80d3f595017f7f99531e23e,false
7cba23ff60e21dade9f9197d27a6e95daca153d5,false
03bf68ad9445c219b2a5cf550a6a63e8c87bde82,false
9b0efb6e4fd9561372083e4d3417a8f66e974405,false
fc00d5461ee58131c88bf710676240dd6f91941f,false
59a277bc1164d75e67711ebdf126d3ddb49f614a,false
58845e7bf2a9396578243f224297af2724d3511f,false
420921ae466fa9f2204476256c417a45d888069e,false
3c6932603ff6b2f1b10a60087cb0121f530a3fee,false
90dec8c0a470d27f8dd57c38b645d23bed920af3,false
4fafc516547b1d123505eb37b45ab7cfec017418,false
4b472d001391f4473eabf8a8f103ce354e7cffee,true
7c76d34132dd077efb3a452a0817bd87077180d1,false
8855cf8c0edebe28d5553e2cd9a8447935f4d9bc,false
476e6988ae65df9b53f810544687c4cb261aadf7,false
4a24a518b8e1ab08ae772292da5c54a6237af879,true
ca23b0f44c1ac16b0f181aaaf1e39d7d473011e0,false
cadd0a47587fcc97a0e3eade0c8e0aa7103a5b47,false
5e8a983b60fe90d7835dee2f77053a59536c36b5,false
b8a8c6c9e33bd75c6aca600619d55329187ec022,false
6481d07deabf242080b8d64a59b96d0024107b61,false
61b213a3057de719ca8186b892c3c440be041784,false
e9851192dfa82ea0394263824d391d9cae5125d9,false
48cd4842baa7e59bb9c30cf2d8d2c744041a0238,false
4fcc0036af50adf01021e17cdb0de94f9428d456,false
04b0593e210709f2fd14633bc5f31525c23ccfff,false
6e2c73b8004c1d6bcf5ffec269a1bcf52a055446,true
40139712a9cb6d83a130bbb9e090dff33ec9d4aa,false
ee858a8fb0535ad065da3c879fb5cea4e8c13472,false
b47704d6c0831903867d0fa0ce02ac731736fae0,false
9d96d43d3789af70f7eb65405115fef3965deb08,false
c415473923cc350a6c93e182fe65e0d43d02436d,false
85d63114dea51c82ea00c0ba8cf2b1c7d4b7401b,false
48f52c0998cc23afe09ba68eb859f47ad75ba658,true
99afe584b655b37df6cf210e4f54890ef3801fbe,false
93be1cf1736546931d12e70f66411aff03dcd582,false
3c9c3c1b05d8e2454a63c2a70f175ed126200d4b,false
e2a5fa486839ae530367b1d301b22b7f0348a082,false
746b5b6d688072de3e3dbe505a01e4ed00058b59,false
087221cdc3f16db9d4dc940fb8744b8951b1ecf5,true
7ef8ab6595d9471034e4c458b631cc47b2bdfe67,false
8d348ae672d9e697b528309b47c594d1a1bc7aa8,false
487a24b4ba836029101198baa80a8a9234cc0a8e,false
f88cb39130dda320bde6ced00ad4235133592364,false
3d76cb8e9b2f5a05b7a8aba6e57d905bf02e3109,false
ae1382fb9ce8acfdcef3560ae67f747b89a576ec,false
b160ff8e032d89a96f052caf5c15cf8df946022f,false
e8486184f85a0af0378fdb5c2e3fd5a7444a6e27,false
c728b9239ebde0e64eec871f7d7a2477161c0de3,false
22391d37253c0cb3add11d5b42c2bfc261d22959,false
c86ed863ad4ee7a869da1b3e0ca4f496277efb2d,false
a40a50a58986a621d4bc503f0a8e09d7dab32c00,false
7fec2ff565d8c68cc8a599a8b0c07e8fc044151f,false
cde10f37bfb404f27bf1eb56ca99fcfc5c6f7bf9,false
2fd15d0cfc9afb27c552b2dc72c563974ba95339,false
38a7c1071edcb5f1393301c6cf116bd52015f6c1,false
1ffc0b6158dc7dac17ee2cfb42771ac6923d6221,false
5680a70542ec7965cab32f868e5636b14b922d0d,false
7a330712c98be082729207b295fd2307602eb6f6,false
d60246b7c616f63b68d5659bb58289b02e277294,false
c7f71aeff870c61dd6043b11a3ca3c9656995cb4,false
e4b15c57f77320defd9c21ce4429d7d714a18bd8,false
ccc55709396c41176e80719a7588d4987b47d700,true
9add310a337f4397b37471daef72d3afc8ba293b,true
ae45e5b4c3fd2a10d1604ff0ff79ee3a2761297a,false
5c76e637fc74dd0f51508369ed803623e7ec5ecf,false
940bf589f181d735cb48bd57c6bc2955946bcca0,false
dc4e792ebb38832bc704cb13a31008223be9d23f,false
470a1aefc5529be07599278588dd2ed4a2e59796,false
cbe253cacfe1bcd08ba0c6f603941a36661042d9,true
9c679ca828cfbadce8fb20438abdc9462f8e5f49,true
c3ac4050ff33a09f30dbd291c48822dfadaf6e79,false
bef2b8cd3d9297bc7a7498a224425116f6f7e228,false
83a8f6f3714e0c2e5faec43d45c0868689a37372,false
c684dd18fd1c31fda6424769252149030193deec,false
9d623aea4bb186534c4b3f21107247020beac35e,false
b45f0a84fa1f70e73a8f20b6c7f4f8cca8e20ccf,false
c69543bcd6ec15bbe46edd40781870add4c2ee85,false
34f5e36c11390a363e62e9da7f17c51fccc162fc,false
aec64ab63bb55291d54adeb8f5adf0da73b9c940,true
bae87e6f36c302fcdecc6e14beb76dbe2c7583ee,false
6004dd72970ff0c97565ceb2d76619e8aef06560,false
23ec1e7ca02463399774f65efd0551c079627a18,false
141dd25e2a15a1053475212ff304f707a8eb229c,false
1e529e31947518aa9f190868e9b6f389df345266,false
0575e39bc716d2eb40c6c2b7c7b2747df3dc9ef9,false
6d47fc4388bd33741f57e4adace1e7aea2aeca0f,false
1404be7070fdc93f45732f2af1716b4a3dfd2dee,true
0d77f137a03689c4a40c05759e0680f2e3e8fe7a,true
07f97762dd2b4ac1d3e077771eda890bf1853bbf,false
c062650bd13cd3122d319b1d54fd82d4bfe36936,false
de6c31b0aae34ec1b5721d41f16c31d16a4a7195,false
e6484725a42e364cf4c0b20dfb22070d9596f281,false
1775b8b9a088ec7b95cf099848cf0d22d5f406cc,false
5713a2b4a123c56600e8f8c5884924f9c62f7a1a,false
06bc0f279169e28b99acc9692ec71864598b987a,false
0ef508fcc55e2a70886f0afd81d4ecabac9db6fd,false
b3c32ee555896772af825ef7294006a31dc31463,false
e4923105ac26f597702b9dc482d10e10c79eb331,false
6eee123c20ffdfc642e5820bd695ddab24019a33,false
888081c3edcf52a8c1c79de76c56dc02f30efa23,false
c6b9dd68eac36f07e9c812edbce0cfbbd441f08f,true
046580233c842c27336b1ac76cc440665c0fa117,false
97e763f936352b6a75ce33ccc7aac294e24782ee,false
b61899694f95faf98110b69c1a81741500eae950,false
fd4c89d01af9e5f75e9c3c72946512915533ad75,false
7378c47d25cbd74b83b6f365f447c33e07682722,false
c970b78e4255c60d96c24c61858ef2520acde272,false
bb29099ca54613f8ba87e848de90b749bc8f8952,false
b0ff97412e4f2d3f4f4254ebfbc81eb102324ed8,false
33aadf08b1d9ce9c39ac6c3b9f355fa10b7fc348,true
8d75d150eec569076417506cda04bd7998ad0996,true
2f72d753a0aec79483f0a433565843d1ad6d6457,false
1d824c0dcb21012139db08545fdd25ce081d459b,false
4c4253e8a3f4ca0e039cfc3591bf54c5f9c38815,true
cffdfe90758c891d5bc1c9e583e18c79bd6118fa,false
05ec68e96a19180fc055b7caf065b35dec8296f5,false
f8e0607098c55419feb8ea76843a71e36728ab48,false
0a7faabe77b33f034cec4d21bebdb45be3ec1553,false
038ad43103f88cb96896a1e5afebd531104dc735,false
9d995dca0b547e95b35868010458a0e2803a31d5,false
279622d1155ae9a7c760b844cdcd9f74cba83682,false
9e03ca63bf377658e0738b967dbff5f274009ebc,false
569ea58671781382f12e15b69b6006f8d8f911a0,false
6c5d60b245297bb9d2fce0f541647ea5121fef48,false
48301a67729ad9d6621e670af7633f863c4ac2ff,false
1ec789abebb5c69d01c68492e64530ac9ac37669,false
a4af439ad9af937f119396087292db740daa99cd,false
fd49b4499c133866596667e2ad75febee73f1995,false
53da71289385ddfbe603a5256a9cddc25715a29a,false
44af0be0ddb303679e9faef9a3185538df34ca20,false
9a98210581d48c8d8b1a321d65fe152a690e211e,false
a3c0d6ce7f610ae2d429bbeb33e75a9e5daa4352,true
6ffc06164547678feaf903e4e76aa2038c7dae3b,true
2cefdbe5ccd4e0ae4af980fe3100bbb0832eb216,false
a1dd9da28bafae2848eb6b66f9eb0c402f322bc6,false
d36c37407dd2c0767362dd2c3422cdd21d80264b,false
52c751af17090a9f8d78a18c6fc5683816cb9256,false
c799afad7b60120cba9676b25c29c0fd8eb3fb5f,false
ef431ba260dd589e6dd57bdd1bd52cbb13dc4bed,false
e5070e0feeb31cb6a95b8dfa13257c60920bc5f9,false
67f91af25e3a4b3996ab39ac3952009a7c3da760,false
35ff52882a2320a731d8787f04a0541409ee69e3,true
24e3f8ac039a5feae10fb3cd9683d681f8a18944,false
ebaf102861a39bbab93470e8700bc6e47746b8b4,false
728242c0ec3910907da379d258323b41048f8209,false
ea18e72ccc5e90f799e126da163f2cc1155af3e7,false
97f8b533c993b7e4bc0b402dd3368f22392cc92d,false
ef8aa28a0a3d05315485474608e6f2e7df9d5510,false
bffbbd5f0a8dfa3777b01f0c3a9ce68a4e474769,false
c6174ee1697c6b0573d5c926aa3d58d7282a0be0,true
c0be5a8e300236d02eff0645104c3c03b91dd759,false
450ea90518887d837af260e549760d4a0dd450de,false
9a619d2caa004651000e3fd3bb8a18dabafaab20,false
eec5d545bcf07ec0d739ad817a07e2b363599ea6,true
14ee50d63240dcbe36978c10b4157a0442ecc36d,false
0b0bc80fd960c1ec88d4541b53ebc4337094f9f5,false
9f4b5b739aa077d8473e047fa81ec30c3834f6b5,false
b12ad8d4643725de091c751d1f05671afac903fd,false
59c2011e3c15ae0c311855b973c4600fbb67752f,false
4bba38b7dde57fbcb92b0cb7922a80abe97bf59e,false
90500d3147ec2444552784e06db5b6a97f2a562b,false
51987418e28b914295f8b1ee58e8b8ed3d75043b,false
183328bba004210549f5c974e3b7abb2c54f05fb,false
ed4791d1446d13f41c2f872a654a474ca503a8c7,false
06db7c3f7a720b6e2e8cc339fe49b884ef83d696,false
9dadff70f0a220dc36b2572875f7201bd75707b7,false
b7223494203d7b799f05b356f65c1b84a1c1927b,false
def09bff087fc6d349f28b04faf23164001ae071,false
7f993e9341ed52a6373e81be10cbc28e522aeb59,false
c73f185a2d6dd464d7a2a7983a8e8063562d6f81,false
87a3b5da994ca916ff2d94678eaf10fa7956b9b9,false
6c973c91e0f5e8adc94d76404e563c88460dbce7,false
c7155a67c189ab7a8f7718e08bc3966dfb5c47fa,false
00aca1de6483951b9dd6f60bd75b961d0daceb78,false
22c2d52041d3db46d46832d048582a6390a0c983,false
3fb0722c0e2ba2688228ccbda0ac8e84707e4a22,false
e923f92cbe3ece8056a229cf7663b6ba7fedc4ca,false
7238c70fcd3026631b9945ef8f54e926e3af9c06,false
e56ae4ec610c11c2cd96899040068e2d4858c164,false
5f32e6896554bdf64190fdb144d1eda84b4ab7a9,false
e3b34521563d17e0f05599d29439dd624e0c5b77,true
5b2275859c601176e36cec9bd1e1bc2acbcc82d6,false
82036bf89285cf5708bf9220b6621e238a49b146,false
0b26bc4d236d5d5b10dcf28f1cb61ae9e90e1857,true
23310c3787d45596d53c8b18b29427f8ad5fa326,false
e29213930eea8e083f1699db98e8336aec721760,false
ecbe6aa7fb1daa7bb7de1f9c03db7da261485f58,false
50043c485b87fa93894acb92a5e375937e86b61b,false
900862c5bc5a48259f7c189b9ce520c87002f34e,false
312d209d33b175e198d22221aa0d55c851f81816,false
5937361ae4a2f20130385e99a7df70d3f9fe9f08,false
fa547c7fc0df672777d8db3a2e6c1a66676ca00e,false
11d6bc46430d919bbf7e4b131063e38c984c2a3c,false
4a4c70daeb64588cd7a3b70f7ae2570f01de0fbb,false
01c42291e0b6b797d6f6056b295bc61f6f8774a2,false
d0bf6c3a6011f791498afa5e73f0b5845b9997a0,false
f9c3a5823b242e00d97e06541b57d43e623becb1,false
021106719d7b325ba15b98594bd437913c5ddb77,false
6105408a4499eca118f10d7e7fd8e881a1b764f1,false
74da2f9f8f995b45a6120046ef51cc1c1422ce49,false
74a0c7f7f15affe88ced63c0c4a7a2f631a9a6fb,false
ca6712c9cfbef3711c966daa72fcbc6ed1a989cf,false
bb08a4f6a05b5ae2c6db2e24cdbffe5bff62c67a,false
d550897a6275f9037fd5a73a29b347ece4980f8b,false
c4c8364fac5d634ab094100f80a415d504f1e321,false
6ad7cdaf520ccf51d20bfd85afb3caa990f5d00d,false
db6495bea7b38ece4bc7d2b522287c24fc35db22,false
9da1b06b30f1537cb48b14985d83c7042c844feb,false
2efa69e0033f850de35a1b2f3deae125f3d882c5,false
984404ae08e0d7df97db5e8d9c3d5bc698a7b102,false
74b7bb15a28dc6e0b3f372cbf8ee0fcfa151afaa,false
a0ce05a73a841225117535d6e8f3f8489426c67a,false
9f94541afc72a496ab7d16766486e555843337b6,false
4e43e7b58e7bd3d77d4f246b415e59699710ea5b,false
8a10ff35c0b6d0b18b51fec6071735728271edc8,false
7deaabfc9cb4d3f94ee15446f332f5b0f6a4347f,false
7f286fe7fc402d9bcef66a5ecb6d6f13a1e3171b,false
3542dbc37359ab87dfc0e8dc1b5b9f3642c427ad,false
40d74f1b90371428894c119564ff947150485bc8,true
c9dac05fb86d6fd46a0128fc593811d4c6e20afb,false
8c1112a0aa079210fa190fd42de867415eaf3db5,true
3c7f374857a8eabfaab8be90bd70faf853c026b2,false
5cf1e77b8c5b6e8125495c214d9decc4c19f6571,false
d52705d48f379f6c235b5f2c8f78a6bf801d6fd3,false
da5f94b3da0c0a9915bf84b2664ce1eab054064d,false
17a95b113a989d57a08648aea23efaf60bbf8e3e,true
aeb33c691981606e440956fc23200160471983f0,true
e02fbf0eea58458f58274e4cdb1a365ee967af9f,false
dcff8dbd5abfe704088311ac91ba4a4da6d2ba72,false
c1b69b7f9a008869c5dce0676f5a728b0f886efe,true
20e2002e617cca3cd53f13e50f699b540f4ba884,false
c98d55533352b192eb37ed9504a12cc74f1aa7de,false
f5832e9f7c308f55d349a888fd72169d4c06674c,false
59e2a07fcfa3e32e1cb7ba1de3db22d2c0273584,false
6749f82c86b49ebeec349700b8ba42ff78f21763,false
e3fe50160bf656f24c941af01c632161fa256e78,true
50200e353e65bca548719fb41336fbb36328c433,false
fd61c9750336c59186d47db7518b80cfeb2ec9fa,false
4ca44645d116ce6c88dd377996dfe7e5baeeeef5,false
9e0cd81b9823293e1afdbf755451ed7458f73f59,false
1492f5079a44444f6b4123f001b8313252aac8fa,false
13875f303278df7983e70286d49ae2cc682c391a,false
53ff40a971527a081a66966b4c4890e0ed02b006,false
db162d0ef965dcb32cffe6d5dda88407be472774,false
794cd060bf78b6393e91cda5b678fd8dcef6e427,false
df4e4fabc5de3c6cfbba90f5cbf80ab8be74894a,false
5e5a3a9114569a969c2d2e702f29b5246ecc2861,false
656d5f18cdc4e231b90f02adbd3cda63719575ec,false
92fe908a04c2f3742f5490d5e44a1085c8ce9ffc,false
cc7ceb6a71f666bc46eaa9388bf8561cf4cea074,false
845011c1d75e8eb57ab4479ff605ebd330949d4c,false
db6039e8a901cf27011e468b2a2c6c2016637022,false
bdf252658fa1b6232e466e3fcd4e9a7436cfc605,false
c5a90cce9edf9b601f4b5a56e36796e644da94c2,false
e2e0ddc1e9d83267f996a684a36375b8e7f927e2,false
e2530aa012438b57722149d0f9720f6005306e89,false
237b8d48d8968092bea69f0c762659ab3002e43b,false
f64c6e90eb93c972e5e2deb93daf4d5fc8a9d65e,false
c62bc33f9e36b6a107e22cbfe0c0d428d6ab49e1,false
d68fcd70969ea99c3dc1aff3f861f4370f581a8b,false
205018b0cc4a82a08793b4d44ed068dd9073344b,false
c75ac2a16619a708d9e7d93c2207a7af7e6e9910,false
d1efab80afb31b70e7bde3b17b68c7acc967e6d4,false
a803c913fdd192a3047dba8fb687e47cff386b6c,false
738bbc240bdcf928de37fa7ea50d95e82fd7bd57,false
b9800ceb331910dabecb73d6b437e56a481af744,false
a223b3685c2e574c60a9374981bdf4bb9e4104db,false
8498f29ac6ed0a182886f2230966ed9dd62ceb6c,false
9f50f0064bdf8029b548bd4633175b99098b9402,false
bea96583aa6c80b689002fb1037172eb0566b625,false
fc90c7f7a952310618c01d507a66e2670036ab82,false
51d429a1547748803c352607e69993e56db3069c,false
4f51f6db2919da0a2802358da33328c0f916c7fc,false
5d6f6b0604396d97415c5fda96cc9a0c16f545d8,false
c77edef2726e46593dd66cdb3838c24e8efc693b,false
18ab8a5e2c7eda1f7a146fc7a9f7f95f81f0d32f,false
208ac91498aa0f61bc93d4e2720402db3722d39b,false
419dde79023454af5a98beff2d62416531bf0cd6,false
0c94cc77bc833dced90fef478b391c718046f18e,false
6fe1f6c71f5046a213a7f59784fce8c63edbc0e6,false
1763b1cc08b503a99da0875c8c6bf20f5b940f79,false
4c7c59fae4b265668dc3c23509dae91503f19691,false
d0593b76a71b8767910c7855cecc54f01d4064b0,false
cc320eca2c296e520ccc72a9cab44b0cce7cea4a,false
2f29e7c4d4562730cec45e39e933e619c8a0f403,false
a7dbf55c496baaf08e21e1f8b1ec21d1037cb560,true
a9d29457e70ecb6913f7e08632ae43c65081f878,false
58f6c50898280c539236d37b1e0d7ca333b2e54a,false
db8a352b0b794ab8a6a02140425439853dd84921,true
b261cc1bc73c4f65987c28be11cdc16b679e753a,false
265d2071cef14c7756dd67d808c1a57df9d30d69,false
ceee82a0f492c718812c951866e0953a0af640c2,false
f619c215f8fc889a59341aa1552a4b14c8cd49e4,false
3b78f22758180312aa707251631ea63dff8a0e98,false
76388f1ea7b66e38f2b076f8e7b55004b91d85cc,false
afaf43f30ed60e2351ae2580e79ecf49e4f55956,true
06f18fcf4292af870ed8893309917efb32c01811,false
32afc7dd925c4517153b209c4a75d27ecae9b09a,false
9568396729d5c98831fed7a331448f4fbc70c33e,false
d3db5eb74d04885785137e53e9e75db8cc5e4d47,false
5de55ada5924cfcfeb18aea7f3708617dd195485,false
66f1ee42f08f46bc490cc580b1fa3b28e7d04d8a,false
84e47dc862af620e24a885f8567f7f22b28f7422,false
f79a808daec22ac4dfe5717049ebf8331a2fdeee,true
8b31cc820e5a619e72526677aa25591e58b8b5b4,false
eeea456b84ec6de3cd9bf3b289ac6558161fdb37,false
9f94e460c54037e442a64211abfe1764710e8a5a,false
30038d39ec45fc3551457212b5293942e5c31aa3,false
9875cf13e6d660104bfa42281e5be8e2db77e66f,false
13b0990f45a7af26840ebfd3981c9d3d968f0296,false
b4063762c10e0ff4b377dd3eb6d8e836777e042c,false
bed711cacd63adaa03092b20945abe0f003df53a,false
f262219f79d3c07d5ff7ff9d6f2275e24142fbc9,false
000902f3f9ecbc8d27398456255701ef0f50554d,false
ecfc2c26e11ceb393509aa708e94c4cfb95e6246,false
03b47506413f31bd1d88c09e5af5561b29dacf60,false
2e20f48138856c60f2b6164c38a11764ac782ffe,false
18e2c8923b842f9bae690c5a28ef87810c0df9fe,false
32a23a5c243f50926c52293bac41b8ffe45ac16f,false
4730b5df23d554f0e4c47f1eea1b99dca38410f9,false
a6432ccc77306505f6761f533f70f20f64aafec2,false
9b018f62c290fa0d1310879744cc8296be3f7d92,false
8e3458ab5124297fae0a8bec9b4e6784b8981b91,false
d9ed5dff5face20e2bb6e8297415e2f29ddbff4a,false
fcfdcac5938d97c0c43cd8a81e6b978cb5df120e,false
74822bda4bb3e8bf1c0f67f2deae25013b5f2ad5,false
7490bc1562822f90cf3eb2009198c3c261a80daf,false
a50153613526f2c74e1796fac331e3f8dfab68b9,false
dbdf4881a2c59e274d7bdefcb528344bfbfcdf76,false
d3ec37627823a317481550ea70876631e572ddb1,false
fb077d1344623e8c7cbafa086bc2c84647c4e13c,false
96be6396e5069a7d8e4eba883d58480b06e76e7a,false
070b1fa29da0efe0c5b80f3fb8e6dd2e895a54b6,false
1c08150b0177160065bcc1bf72345f670c757420,false
d5d1ad0bacdd90e5b3b99eed94e4d3a60a81e9f3,false
1ff378870c724b2b04bf278bdb87d5beaf71e5d6,true
2d722cd04da667f4f2a7d0a0cd8af5dfc73720a4,false
34b74ccdea86cfbe7e07a63e9470eab2a35c665b,false
f5c6c3df7892785aaf94d983bdee140d67d0c94f,false
e9c0f75131c23724a7bdb65bcd9c59dc8a4ca1d0,true
94018ea322201b57eb2a705e9af5da748149c5a4,false
c90e39bb6954c61a9728c33cad54a484099583db,false
3777a3ab19c63556aba529d0a01b89610dcdbdf6,false
2a95622e7fb0c08f667c286365783966aadedd46,false
e16d9ee67df81b3bcbea3ce6a5e3d835f5d178c2,false
089f3c0992eb3a430db3ce267858d76910830e7d,false
d46fb69b7c047a2a9b9ee2896bd76e0d961c5e9f,false
ecef5d54371e99500782388c2d918f29b70d127e,false
ebc0ae8748f5e8eb0fc50f7b55f1ff9f3bbde167,false
ca6b25e6fcdd7ec86155088991d6258ff3f63ba4,false
52bee4cf14a28ee1aa87a96c73d713361a665020,false
3352ec7c8044e8604c7f01da4c7383e561a72d32,false
5d5f2cd1343db095e61e7d239c532dfad8228425,false
8a972b6278b8efcd81d53ca72229af9b5fd6defb,false
2f204ade61440129d979094b92831189984dab61,false
06cf0eafe45ab5f93c64e97e69c2f580874b9fab,true
a4171cefd68bf837f1d0cf8e7315026319c2004d,false
05f8893082585fa7cd72227cc9350ad96d902247,false
d4a9c667b74f3dbd2b47d8fc84529cd6f5a26e6c,false
b1c3fef97f00d35a37973c67f299b325e6b5972a,false
b8ae96477cf9a03f72e84eb955045d48092adaf7,false
ce45c6c912eac856cddc59d102af83852628d921,true
5bbb4cc2ebbad2efe13b7696f3850aeed48fc84f,false
a406eedc777eecdb33e6dadfca75348317d9430d,false
a7cdd21ed0b3040bbd586357946de889799f67ce,false
daa8ac702cf9cfdd069838169d73c4de5fa8fd1f,false
5ab4631f5be8f6ab08c160a3081e6bc656051657,false
91f8b04546643fcae95c36740cd893bbc910e557,false
df37d7179e03c378fb11c7c6d18a7378d346abd7,false
5da0887f4d4ce918d3768cf45c8c79d3878dc7e4,false
b88254f6a935ce8355624989690861d9c030480f,false
ab2f75f558b342397600eba064650b3c328d929b,false
d0b10510803ef07157f2995bf4d1faf9018e67b0,false
9421d1088374612cf6b33234f5c590b1a02d3981,false
bc96737161a9c35fec5f8d963296e34c11431c41,false
0d084786ec0dac332aa893da8967e6b747e38205,false
d1af60686b10aed5d36a5550a4396f74a7edd46a,false
283acfc84975034accd98ef667f9ed52e7211b7b,false
755d6a0669d6f20d5f2856e4f2c29423a87d7e34,false
ef95306e9d890aff6ef511bc6c583f681cd6b9ba,false
7be8f87e28e3f3c3c9dab33e00d7d4b08f1eeafc,false
7ae6a8e5b61c8babefea30670c33aaf7547866d0,false
41c14ca956b4c9f05d97a42e0fded612259b0688,false
a7b4a07074aef16b1fe36192ae1997203b37b9b3,false
34e4adf37d40e2ff9ede69e3c3ba7b7870b95923,false
5a86559e944d8c1d3812802b5a7ef22adc298ead,false
7d5c91a07ea219f4db488bbd8a65b444777dd9be,false
f23da56b1fb39fedaf20652bd1575bc1ec09bd02,false
adb614ee19d63ba0adf6e815c7ef112cdf82fdc0,false
4f41ba7f728c0151b81e19cbe96f16916cca9fdc,false
9054ca247f228606d7b2e3d41891368a7eddda91,false
d8d808fb1f604293d38d4926464b94d66b7c0dfb,false
d3d7d304abf11d1924dc96b06837fdc7fcb25167,false
34751e82771527e2f9937b20aa50e9fdf01ca220,false
5017ba53d53734e3429cd9fb79b52f99ac85afbe,false
caddaa4f289fcb50376fd0adf2e2a34dcdb55922,false
4fc23666db4f299bdac8c475206a88f633bae508,false
de4e21f25f3fbaef0f2c71be80ae34a59a37eb52,false
ef7dd9da0359dc88f0e42883a61e762256374e4c,false
725b7bceab73d4afba8305ad8d706d948cf5f7e4,false
87b7f20efc68da329f0c82be469e6524c1e90e5c,false
8745621d25887840a83aabcdf9adc0f4ca46d6fd,false
ae687ea86ad71d3b3dadb8a75a9fdd4ccc89cf6c,false
f76ee27a72a6234e06407b93cc921fb81422d715,false
dc5a8ba8e142d6c7bd782cc60a63f271205a7c1e,false
310b0689831b183592670ff22c5445928675e514,false
fbdd7af979cf3947286724a2a4d2fb6f2061fc70,false
4254dabb09bd422d0d96f926604dc07709a9968a,false
bd5880c6cb37d7166267f5999dac29d692fb6d8e,false
0e5edef277f8c9b439f837a2792b12578d86d267,false
63e616ec8af11e9eb3b0a459f0f84a75d618bce5,false
e315f357c952ce26438240e9b206440c7df112bb,false
19c18dcec5890d789505f10244241cdb7efb75b1,false
7d6b883dc5c790cb121debb8e8cf1aacea82f018,false
59e01432ce1c811a208a35a16bd759542acc8adb,false
5c6e612cecdd7d655dae39753bdb137fa8a16498,false
a637e01cecffcfc6a3c33a2a73a753b293538949,false
8b3770a382760f5d1a1d34dce8738260a49386e0,false
7e0b93450a19e095cc98157076381358bf132e95,false
aeb959ed6a927bb72265a68830f2490e61854ff0,false
fcc9bfa3424ca93299eaedafd7fc31b0a095e2c9,false
4b6077bb5a257517bf16881571ca2439ab0d24c9,false
8513a6bd20bd7d926bc53d08c311893dc10b2622,false
33eeb5fd9be8c2d50ceae753e04e0d2ff6c61732,false
8e5b477c4294d7674ea25625c430eb1d4b53e97d,false
1e4fb4e5f566eda89dd726476fe2a3fadbfeb668,false
cf0fcb9b7f0ef8ecc34c66734deb06109d35ef50,true
14709d06813a9f9c52fa10bef12e0e7ac73b3fa6,false
0601ece35dc1bafeef97a0db164ae85513908023,true
d739296791198c329f36fa8794d9367f8aa592b5,false
62745c446ee5ec6483c66c6730bcbeadcbaed542,false
cf5a1aef23b25d6911a0241503d47b757832e8d5,false
b4e9b8acb42766caa517de1d617f84c2709a2d39,false
f8839eea0d370ac54ae2acbdb70b4878784e7595,false
3929e8864d5381557fb4899ccd603dd0cebe7645,false
eb135d014ee4a9a6db01b3e03967ff8202356cc7,false
78ef17ab3c01b513b5da9bc46707624d5dfdc4b9,false
bc00caa2a83d2a27e1eb19c9d4da131319838cff,false
8c950df03269448c0744aa2337f7b59a941ca63b,false
c31c3a4b2324a3a2dce8cd099681016d6b18685b,false
1d128b9ed0dec9ab19190279585e6c798c500d22,false
559c4028700836a7a3bd80c47401d2253278df4b,false
917fd2583d3d9a0ed2f9a74e16bc8f05007525b1,false
10557b63382fd5694afe3c15bcfecc4c0bada9e1,false
024efc31f5545159187acbf4057ea861a9b7481d,false
b4d2a0ef1a033028f8add7b41529e5034b89bacd,false
173613cb2e33c40c1b4be8de07d55de379203071,false
73dd8af41595ae05af344d07d1296901c6844e81,false
445dd996153bb0014c5df3f6bc882c42fe60ce97,false
3acecb8f389a09b40429b006209529fc020b09a0,false
508e29df35bf034e2521b919d6eeb15bda1455d5,false
2e0b4f73d3c7a188d149e634da6e739d8873b71a,false
5618523e48351d0dd3d0f692cd3f56cd6cb369ac,false
d9a287af582a89bd73f8081972c6f0e1a95be1cd,false
ece04017f1590bcd8061b22247359540f22bbbfc,false
65e81df0b95aa69bc90041e2d2907aadbd4ceb07,false
3bfbf2ce7a783de67112eefd31d1999ea1d67659,false
e42cf1d24df951228828ebaaacb2e9be719d91b4,false
75416774ed3834ca2ebe975118e3a36286876a8d,false
91f538b91e41e7392e11f26a96f6a2f32b32b294,false
5a5214dc4e4479554da5673fd8af87b7fb5247b1,false
8f3f267fd3708d89e4681f63bf97074fb266fa33,true
56180da0181e7a006839ae65e3966ad33899a795,false
51ea210e3f3efa1c5e97aec293f3f185d8d9d489,false
aa933d892a9b2ca53c0ac331da5f7c7c1059a6f2,false
ca956d374389b9c90850f2d49d9905a4a920487b,false
07575d973d7f1c2ad8f14c42728b6f8a7930d8e7,true
c0d112b736aaa38e600156a450b9fc18248803bd,false
c4c1b31334f6d5bf11fb0b9ec84517cb8e0d2afa,false
ac0d8f69b60a111c6bcc522ccc079195dee58e45,false
e492c542b02e33ea76c64188e4e514a0dc81afe9,false
693bbb6e5aaabf814e94c3bf2a511ff2876c2228,false
9b7a1ffa10c31b7168982167921b2185cd8a617c,false
46bd30987b1c1c6f36416ac8afb5ce7e133840f5,false
9e17b2c9edf88b6920e5fbc30f7a30f02dbc10e5,false
92e9388694c5bf8b148c093a59f21ac0cf3ef4b5,false
e3d54030046a70652fc9b7a0b6d6800a4ab443e6,false
361ef848e093a4de8c0746ba512e5537351d7e2c,false
58c5203100c2f5a8b5f4eb5f6f96017ffed4fa28,true
cb35d1257510c2c6784bd8c7be597b000f3da0b4,false
c7daa6e892f377250b2fe12032ca6b8dedc94137,false
03b6ce84ec633bc2aeaa6e1fc47fc8cd09b90a3b,false
4be95c3b710503fa7a0565176f2221597363b0e2,false
aed12cbf99a7d4e181c168a3887914858f3b13fc,false
592ab754ffa8199b6ef6715e32f05181b8deb384,false
10588113143ebd623674fa37501b8854b4ae1c61,false
5a0f166bde92365bf569584a985758e582ea595d,true
a8990b6fabde11c1b32f3f455c49cf609a5ecb0d,false
b7134e515b76c2abdc65b8287982f7004c44d7c6,false
d246fedf496e89b495cbc244f3fe681ff81ccb76,false
dcd89729718338d6a62c5f02e8194ed3d1dd9ef6,false
bbb2272f2626f67495bc5cb7f71a6b2f504e2539,false
663c92466c52774a46915b0284973a3ebe72050c,false
a5f20a38e37adbf9cfe4761010903d6d6c2b971d,false
3503dbaecf06872ffb222edb4c9aa1cd45e9667a,false
5fd75a0a8f96f667df40e9051d3bb84e72ed6399,false
945c5852f24eadf8b68e082a44a284710b803b14,false
eae8c61cb09aa8921b6917c3602cdec6ff519f19,false
dce3e35353c19f7d821d6c0896e570d0fb503a5e,false
3abeafe81c9bc289fc2a154aae8409e4695e8c94,false
1971f5d8a55e2bc31fe873dbdc1f4267b694ec64,false
518da3d6838c031f30f21ce2ba969a47cdf04399,false
bb3475ffe032e8e8e389137312051959b61d1f8b,false
5a490a7a032a6351942599f8d29f7567ab0e0e07,false
6036a92ef6941cfc2b55cb16064bdd38de9955c3,false
d5ce860060093150b33de59b1d20ec61f20b92ec,false
cfd94d7ebd9b613b05274509955d9c0725af59b9,true
7e6a81a79cb6c9c6cf0947ddddb0d92cd9346fc3,true
7f78b8e3b6cec8ee573563feea423c836521297a,false
31c0e5bc3ca885b5147753e7f6b37616a9b4d659,false
b611e7830cc47a6c47fa9bd543759d5a96d2f542,false
66657335a043b98b98017c6f79403ec95f67f97e,false
f2c79889c89df5a70a194d3b483fe1e70d87a225,false
6383f5fc7de266cb482491a598fec8b1c9464e15,false
ba8c7cdf78c09d531ac84cc98753447d723cb697,false
510e910e40fc8b40d292a3ca9637c4d99644ca9d,false
8111a4408e952b1b8e25690c7a10123f41c87bca,false
bf44979718bf2231d0552455e78851a687c5475f,false
febe64ab2dd378cf2801edbc3c591fecb9f993c0,false
6c7cef350e60f71280015cecab6c511ec51db2a6,false
7b4a82d6316c994daf0a3389a7ca4091f9b88280,false
28ac9b1baca1a67b15a053f12d5b962389ac56a5,true
5f16522be411b401c138cacee236a0957abdea9d,false
e6f5916aa10a4f75eabffb0b7ab7eea5759cb2fe,false
4956fd3dcccd81ec795e52fea5eb9a4e4113624b,false
3651ec9a92ddab2cd2c1e721c99ffd5b3a60ba1c,false
5adbd4147893f96b5a7c1e69622a4daebf05fc87,false
0a5c2cb87ade2292e1ed94b907f236e85bca85a3,false
9cd85d6685f57c585c0b7eda3708906c539bf98a,false
e19248e46a5664a2bfc0a3282d010c0fade10137,false
62d141f25e8b4a6fb714bd9e941f148d35be6570,false
238d4be3740ec176e06946284b719a73e31b3ed5,false
92eefe5cdd39b21f23af06a6332ed29e0784a3c1,false
81d8eb85cd211ecf8183a592b3c79db16730ebeb,false
0de0943c573ec446cc169d4135d17fbf0347a483,false
bd76e2122c9bd9358b4965c166a200f3f52da3b5,false
81d5c266a2512eb814e9030617e537cb4e32ad82,false
4cca50dd554b04c23cb914c491e01bf29451aaee,false
0d001d41a21a8641dc66d313560305ee79dc35e4,false
a75c21235e09845513305143c2ba2da4b939797d,false
928a6527dda454e7df633db62ec8f438fd779de2,false
147bae76f44df4ec52c306bbbdf19a4b7d5e3e3f,false
28705acc802eb0d6eada08b51f6f907375c75f90,false
76c76a22e2039e5ad27f11ef63280a87c0ad5fcc,false
f1efb2e74f2f0ee2cee6c8606d47b3852fa51c62,false
24078e195f2cc602e8214cfcc20a6c4450967cd1,false
edd9608e2f211784c69c39291f4e2f8829a15c18,false
ddba4ace1405e1754cc11673a2605e803aa1bccb,false
7acd969d5f5ddb0ccccacf9093092d3b81ad354e,false
a78133e2d454aecb950f95d439aa55c08c78b9a0,false
60a7f9a5b6983a25f4fc7ae485de6860d30299ad,true
b80b261d43b20abbf8c9f257534b1b28cea14ce2,true
b2586c9b2b702df00f85963cc8e0f6d355fe9307,false
2092696ca134c137f9d1d58e739888de99b401cb,false
6db8ec284475138d38705aa6167b82badbce6007,false
7dc2183e676217ec4d9cdde685b12b8cfa3bb17c,true
58caf8bcbd8e8e44d6722c69450c647e6e4aeaf0,false
47776c254c2b21d959a60d5d1c896a4d793bb513,false
e09dd2a47696d40f9443b2e18c02fb7d9a300fbb,false
62ae4bed6bacf39ca649371b5486f0bda80e4dd8,false
f6d7644bd23662efdf92c3afaddd7ad0e12ef6b2,false
7626804805cee4abe1d7978aa96e6996df6b9fcc,false
5d9d0a7c9c5493814eea5fcde48561c61ae9f01e,false
a93711584c57c279136e46e6e196acd2e6afd210,false
ca3f366c334981abe7ac9dfff3724af9280fb5be,false
d806fa789f29c77e9d1e190f4149c91af8923c53,false
194a5f72a2344f4298e936af51388e32db836d2d,false
2a67eb0dfbcee71567715d2fb8d08d173ea38a91,false
019468084e667dc4fee6f32a125dba274228799f,false
127c03c155cbaae1318fe84365e8074198a6a69c,false
e1ef6f9424b1c2b7a6caba710389c30d50f58d85,false
f0ba8fa9c8306ba3a27d3f68b3942015bf846f4b,false
a38e355a14f1cb2618271ee81b5674e851319c12,false
4cb48ecea13e46e507999cef9260aa51481c793f,false
de80280afc7362b954f25ed4ac9e54e6c5608e51,false
8e950175348eae29c6d325ef8be72928c3fcb8ec,false
9bd46da2b0fe14bda584bafafac7e82473431c03,false
1475418a8882277783e2297f15225e89ca1495a9,false
d56cb038fe463f0b651120eceebbbbbbac6ba3fd,true
6176721483d500cbe51fb5d697fe20ef29169f83,false
0961d4818ace8220c8c90fc36cb86ce6ab9169b0,false
5a66a9f31b99685c0b625ee7e6f9d23611ac1f7c,false
80a72718622ac76623bd9d62cb3a04ef194f28a8,false
10d43db758c3c57d3a3ea2b3049c14d301df67d6,false
938c0ff88e5027f6871f14356bbe534f02277e6b,false
fb5de0f742f1539647094b33c1ccbfd78168c583,false
10ffc9c458ad86badeca67bb9f427819826ae118,false
33f76ed475b9e7e734ac895019f03f572b9c94e0,false
7eba7653f0730faf7f2a6e7abecd3749da39a159,false
3dd599f8ac904ea26bb3496025652d5daf158448,false
39a62005382c76a12f4f0c7aa8a057251c5b0153,false
19d618b909f2081e469eec68ef348e5391fdca71,false
4403941c04a3ea794cf8d65186cbdcc98487ccbf,false
d5ca7556c8866457ee7a890c18be70a45fb413f6,false
6ed32099705d5cd416d2bf602e6c930b5d304aef,false
d654956ed22efa157a204982b038cc037b21e667,false
1ceb77616c90612abb1cdf6e5c05dc50ced723d1,true
8da3c9d058d9700100725ffb10ac2aae5b7b923a,false
dd1bb2149b61b64bfd3a4450043b721205d1e3ac,false
4fcead31836084b669f252bc2402292ed931d8ce,false
f71b2315ce15c5b1fda7c80ed9cb18d2bc069e86,false
98514779a9e1520c15ad9b448e6f99e0e65ad171,true
37543a706390b5adb64a033b4621a7220c0a3734,false
918e7c7ff64f211daca8040d1cd306378627a302,false
041adf133db98589c9727b7891328c2265a93ffc,false
5538c7b8d03d2805f330a427a976ee23bbaac71e,false
991b470706059a338341476f5a07be65bcec4fe3,false
376b45f0dd66b2fa84e22fbeb67a1c13517d1801,false
161ba83da1c0cf81dab75f53e893d7bda8776944,false
2ef4d02a85e29164c1a593fdcde17eccc1ba19ce,false
47ce993edc7a4bf5cae2132f22db40e431d78252,false
ea704c2eb36385eb3b2f0c6b25e847429b5bebeb,false
e507cc59eefb937569b588cea026386f59f85566,false
f211e3629bb70b27a4d2eb85562da2a459330878,false
97c5d9fa6f5d666a592a4e8994065fb3c5468bb7,false
d4d36d2ab71767a33014e3d7c3aab5be4edaca07,false
7cfcbf62f7b25d4ccf6989ead34b3ee7648aa635,false
89aab9279aa57a4ee1eb2bc940cfa22338a5b8ff,false
7551d0e65bc4acfd27ce67611b984b5cdbe45659,false
2c273424f8277f2c7e8f55eaca570dd427843b70,false
27f3b5e0d78aa24f05d399bce3f63ac0d4b5e9f1,false
6a82be42ae49a7178a7ccb9251a9588a7f44f055,false
b11b773eacb19bbc6087388db3e78008cfb98df5,false
870eed0d703d27b3dad3ef86ba93965e5e5f4047,false
5d164d2757373ed8bd60b272608820b0a026b0a4,false
829a93b96608ca2cd71a566d2917db175db7df68,false
b31bd0e8ca8b064df0e08e46a78565938335982e,false
d92ec1ceb94774ed3006b4575fb05736cd545170,false
5b77bb4b1cbff275c553884cf3a35e0f9148fadf,false
afa458ac88871d90bb6c083cd6a058e386e9e556,false
12ebd32a003f1fee5ca6a3f64c6094abaf0b1a28,false
6581bb360ccf0404e24c2622066e87729347d49b,false
0f834629ae56b858e4bed69d754f16cb119ac709,false
285244373c20114a314d69814cf323d13caa7a3c,false
c846caf98a5c78c083a82f60fa558777de3bc511,true
81aaf66f1a29e4ec65f02b9422c174f7390ea4dd,false
5fcaca0332fd9d8427eb8c7a6b6772d012ce5759,false
408aec67bf8e4891cb59fef423b3682e840c1997,false
5356c2f257a9d712252779b52dfe8eb2db79204b,false
d3d4fc737845f135eccda926e708abdb67940860,false
67a7ae141cd7265603403f04afac5a44e14f64c9,false
c32394659b2c264e3094f5056f61ecf198f32f6a,false
b179f952116d66cf1d8a226665735e0f7849ef10,false
e8e2b535539f42ef3ebe97bc898ed67e267fd6a4,true
dab59bd0ee6dce10374972ed0dffca220dea3c61,false
46ff5f6ba1aef076d84f0b811c667c6c9ebbd816,false
e586529f1ffce6b6031abefa31bc6691c42f5b92,true
6d3ed23055d5ab82e68d01173663d16abb133454,false
85157fd4fa2a4d347851a0f363a83285929520c2,false
1d07c2b760d43f28bf7bf4d519c90b311acea2b6,false
387eecbdba58de44ae6475db97c52d73af82574f,false
eb614a40591916fd0184b37257eb215acc55b2e3,false
7f2916efff26e8833ba59b40c5c3d7d622b4b396,false
bc49385b535fc229810df9905cea14845de83b73,false
c6ea4662e0bac372ce964f68375a1da91aea86da,false
e366733a3435ee1f34b107b39e047f313bf92473,false
3b9cff372172b567cbf9ebd56d2df52299aa2a00,false
bad80703a33f364c5d8795431fad247aba262ec1,false
b9fe29ef42ef01231977238b1b81592e13b8ee76,false
0248b8cbd14898055f0c04f796c1b479b61bfb84,false
407478a9b503bac06f545f3d186bf4cc7861131e,false
1854091a6f638175bda7581ef8ec395645f82e48,false
1f5806183b4c65077c30bae2b06ad5190939a8f4,false
c22a2b8445a031dc324d26b92ee8052bb673898e,false
e059be29b53eeea0c83c791dcf8ce71c7d12abb4,false
57c4683b3ce20c8a909f0330b3f0106762606536,false
f3ee7950d9c2080083e13897ce6f2e190d19939d,false
b9d250338edb852cd1d9e8144caeff5d85e3cbe6,false
555d5b85ff195c17a2fa8843635d9fe0f87d715f,false
29c71255942db847e2ecf10c0b9b8b7e7c48471a,false
9003e3c9a00e6e61287c9437ae48416b0e179cca,false
aaac183af2b2768fe553447924c233cca6e41a52,false
f4057e9f6b99fc4f743618df650ce691c3208d75,false
ea50597da90db1ad1c7c42615d41ee8220b92ddb,false
47e27454b4dede180812ef17e1538af244f93218,false
1dfaae6d74037361228f7467a683be5721930145,false
4ab1fb4af8f69be5955fd09f087410780d38ca56,true
91a3692a6b1843fafa63f5c373d6fd26938e8a68,false
9b97b8e24500963d502834b38fb6b635c1455e20,true
27975e98fe85c4105493f541d8fc53424f4af575,true
1d39d77dc1510b64c8e1ddfeb63e670d381a6df3,true
09cf89991ffc3d601233d17e7c9880295ea59ef0,true
faef9b9a1a5c2d1cea7cb511366a91ef089ffcb6,false
2325e7b460a32b66ca9fc5629a667022ed79bb8d,false
95cdf8f8c2ce1416aa4f6980fff27480b78a82c5,true
7a7f9e08d6431ac56c4d3a832f69cac1062b2d9d,false
2dc67c75f0cc3d22c444151b047f7604d115b785,true
097a3f2ffa726d197643a39effe84726cb37bda4,false
69984b2d5e9f76c4b686d4e0da42b60bf03186f0,false
29fb30d1ad2fa0dd00069e1d6e986b61270f56fc,false
13a7dae3b6490d88cfc3d6b22917dcb7100f5a09,false
8b49170344ea74f0697fe7f7c5159fa63a8e8de8,false
03f906f4acb01a25b9d253e3df6443b123b49886,false
d1894749c14a3bfabcd4412ae961e41fcbe86839,false
9abad2ee901142767da016a4c74a878ced0d4b0e,false
f6f3624eca23705a1eea251b869cd37691c17cf8,false
ac5515ba65bbe3ff2b75c117b188f70b659b12ae,false
594143744bd89563ec7c126dad28a2552570167a,false
ce272dad3f35eba8344a7657e696d4c0e7276fe8,false
017b3c5cd1a92c750d158408c69b338f1c49a4ec,false
17cf3cd5e9519345eca214872e9a75ed1807b518,false
e72f6d8ef5dc2cb59a8dec488b377603f080e8ca,false
cac3f27624591b1a0a4e9ed46bdc66b14d2895c0,false
ba7d2141c8a9cc18b64fa5a4cde1c02034286735,false
5f185184517c2dbd9b5c41c66df714fe756d214d,false
31d6894f0bc3f7b39a8567c27994aefe47d411bb,false
44b9414f3be233053f441435440db7fbcee312b0,false
c910ad52830940cdf565cffc399021f37c2d59c6,false
b72374837d4cd54b52e1ba0a28413a71650cd7b6,false
eacfb932ccadfa8c0f75cfe689fc96fdd58562aa,false
f2c718f37d9765a1381867d7809db1cf4ca1ed40,false
45861e590b2d1379a06de345b63df8677c1ee553,false
86d51667a2ab0ac7edd9b315b1ba62be5216ac92,false
f17a66650b56115d4994637f0cc7eef389c95302,false
d6d48310748d7538e2c7c65726c3a85c44a3e0e0,false
a1eb11d3185d28c8012721d8de5e85d95fb95f2b,false
8661770ea408e5f7f8da67b1e1a011823561b52c,false
d7215d1ebe627fd0eb36574b3cfb96c3bbb30d26,false
cc9d5f156bc54129afc357e1a161823601632224,false
0c65a59558c5b384eda29d99a387d818710743b8,false
9357ad8d4a8b257138dc5503fcbeabbd8baf7786,false
7dde494f830664b0beb169620103d7167d95bd79,false
874a6bec90c0fb6ee4cab864f16c6b7fc3d0100a,false
54a3c4cbfad302408940ed2df4a1618e7e521ac4,false
e15a8c36516783eeef17f8238a76e0f57269849b,false
359e4b5e756b482b1a4599d9b1ff0734f8eafcc0,false
8c42b0ddf2a4e54538ba727ede5d46664a772581,false
c53d0510fd88416c5dd1f86bc40df96d94ecad76,false
b1054c3ed7698413bb98581a968894483513db22,false
37a3d41840f7ff76b061c7754e69a5911f76dd5d,false
9d32b2cfffff19fc851b168a7130f6b01fb6f6c9,false
9c688537c963738886f76f14964b6f566c9f368f,false
7dadb8b4419bc99aa6b2d2edd279c823525c118c,false
ff1b55f5e6057be488d82d76b3d5b4f473f51744,false
47833bb09704845ae921301867162df1e1dc3ea3,false
4534d4e862d2fc27882c3eafea5065c2bdb03e0d,false
dfa1a5dc7a85238aec97c5cdb65e3bc2c26305c9,false
5e1a0fe5b967c51c44fb9124a1ca40a11e8cbc5f,false
4862542702ef5e66ca11046eb2879197b0b792f7,false
fba4df5e50aded2370c296e25f4665549d5a5706,true
5b2b43d2e1e6fae55bee888068acb48eb22ce086,true
d14a4f696aa9bd9fbac7493b7935408f6b7032d9,false
f66a1aac1498dc29f341d0cbcc74904c8cda0672,false
f04613166bf869783c2c958f9fd5eb408528c3c6,false
2d6dbdf31c232a4723e35a8b155e6b01da4458a6,false
e2c7b13c73311a8207cab6a1d57715b545159a13,false
55f9554f40c11568b06cdfa5122cd752ea889517,false
5c6f9c0a4ae9a23c45f2a4363947275ec681f1b4,false
0463e6fce3f06c7d3b8d3bd4b8fa70cd8a4b8d48,false
a89e57755419115b5a27c1170d71a0b6b8fef767,false
5fbacbc4ae07d97770c8efb1ddcab8afe93fb875,false
ce64cad3bf3c39e4fab60cbf09766f7fbdbab18c,false
bd8999bfe46cdc9357fc9773f5e994763b689e9d,false
9569d633450f0fcde01432e7508073fdab75d850,false
8a56b1e69e9d4561dd8e9dc1d4346ba285e2f7fe,false
15ff0df7e617f141b6674bdfd87ba9f65bbeb558,false
a8037c369f82a19240a9ffabb6c1105f9e976a5c,false
6023428cd0c320be1d626d8a59a44a9b03ca0ba3,false
991da6622bc5a3dfdd5852d3d1a34c58eeb7a1c9,false
7b266f5f5d3b29f1af0cba60117337962fe2f533,false
379ee2e30156e0fdd19ffde9c4bc3c609cc0488d,false
184efabb279739475a9439338df8e5d1557263db,false
a9e2f8cb1d71a4d4d6e40b3577dabc0751b17ee5,false
85c3f53b999826b2b95d88fa6b1a88df5f3bc694,false
37dcd24f37b2cd9069d8f779a7b4f7acc924f50b,false
498bd1170cf6bd688c34e579484f2d7b35b55af5,false
1fd230893fcb2a5c5a4299c898ab1caee90852df,false
da367d6713071557559219b570dd96cfd0eb6d9e,false
23cdbc28feda6f781e8a46f55424a81578a837bb,false
6a71d1d9fc3d3329f4b608dd3702a39ff7099b62,false
4b194eb18c69e64ab39006ff57bcdfb2dfe3c222,false
2d7e10047d6279c506445c715fe13531b3b67a8d,false
c9a6fca96846ea1cb7a388be86669bec12900b95,false
353f46523435797d9079cbf600a795d288eda4ed,false
92b51a9efc57815573752dc3573dcd40c7a13bc2,false
b88feed8499e8a9d2c7459a71f38e4fb29a88960,false
8a7b6eaf21ad8db7a0067b877de8199630efcda4,false
db2ff02eaf882787a1299a8f095a3b4e477325fc,false
b12100a4cd9854bc0c093d492ed3f79ec3b3c8f3,false
04d70da70fc05a72a748aaf97390518ee833e0c5,false
ed325e1df21079c653b4f406ba6ed2acf5672465,false
ddb63008b18dc8f33f252a93044461943013e6de,false
fcc577d56e89bcdb9a6cf5fc12040ad4d274d063,false
0e5cf130fd2ec9b8e42dc8b977ca62c443058699,false
edfaf4752e26f57e244781f19c4a4bf5f813c834,false
eeed3a8ad5220a6fa6a661da448ab34c3c177878,false
060fd3df558cbe2409e891d797541baa6e703fe0,false
9d40cd697559589dfe4fa513f2e15d05fc555a14,false
f1fcc3723ae4f5f3d2b97a888d12aa014fd07a81,false
9af7d983b1164ce5ad28c6541205d635ef385874,false
01a21d1db8bb4f5bff3c3b5d4bf81305b4b3114b,false
4cb2092e9818c550954efa62dfb64f7f6eeff7eb,false
b81ff07a6fb48808f382378f55004e7e0f1b5af9,false
fc1db5dd02dc2c8f1673a7a0672f522ba1c0527d,false
63198f11c6a0b51ab3327e6f57510ef732a2a7ae,false
4acb524f016e67a0e6d15abdd6e2e173226af74c,false
46991b7087e2c911351f761baa8a4d25feef1be1,false
03872aeb31c1c77fcbcc3f6f1029a78fef743ee7,false
3f5068b8299d7a63359bfd15ed688d410ba79bb3,false
d467e7dd436009bc2e0b16a88051f885acdacc9d,false
7a0b15fde43830509f9149d746ca9a5e9d60647f,false
83a96c4907eb0da74cd4d8959dcc7e79bd2b587c,false
d7fca585c36e8e6b8314603b61c6d6eac397570e,false
d4eb5f41960f94811e1a92e41f1a9a05c46f4e61,false
488bb1c0aeaa59a7dc1bb1369fff47dcc403f5d2,false
4f157e75262d9f6dfa9220bc3532fd26a6c09544,false
0945a02061db80b3ad8bb4498a40420aa7e0f905,false
e671073502787cabd7eb7517edbeee46a7d37467,false
e3d561fb1afdacc8e684acbca6e6e0cfe2f37a10,false
1a3f25867eb6be40e51b993df11e3ca32b5436f7,true
25015ef03655a9c5be44d3f68179a1901f044af3,false
9e26ec7fd2cf622e462a713d58dfe92fc2b758d4,false
e7daa258c72e73190aa4d2c8e25a84d0111ab20f,false
0924464c3395cfab0df60da34e8cdafcaaf34db4,false
ba1a128c62b806ee32975830c7db97b33d3342d5,true
577d86d13df4b4b8d08f21ddd787761255d85a20,false
38ce8f892f7410a7998bfda8c94c81b55a15c030,false
8f925a4b4769514dc2277849f757f9217cbc54ad,false
0a281d14a243fcc251caae8496a4b4f245c4320e,false
fc0185e00e340941ca443b942fc1ea5ddcafa354,false
0b9f6418d9893d1b5cffa16d24e14fd0dd989d94,false
ca8ee9ebeef14ade349714d93f75fbe5cb5aec26,false
fa7dead68039b13df76f3b0adac00f8902c313ce,false
1579211513a6ec753da0c2aa4bc104ce55af17b2,false
b6eadddc54f937f22d5dd3306edee4ef7d0c54ef,false
9d5e51a47fde786d4b12b29b40f76fddc6979301,false
34405af5ee616861f4d82bf2d3d38eb1f50f8103,true
1114aae1ec322451c807f7e219c782bb0fbe3e64,false
8b3ed80c9eac3c856a07f44838bbfb3ade12fca7,false
25c027ed13c653987385b6f6ffd073f6cf75dd46,false
015957773ce20750423f78b3e99790685f722e83,true
c2954f22bf39629e576d3966641ce4fc48ba9042,false
5b0e50757329c18230a4f49e73b495b6338a575e,false
a1a16959fd49a2a933e939f7f1a0e1d80e964291,false
973892c50ee221fd2df1256bbbd70be62a4e56de,false
dc2936e0a4b8f24e3b63ee571db64fc910f832bb,false
2e2a7751176b78f6fb0a5fd86929583f9da96302,false
e1405606660b06b3e106475da08d764083fcc27a,false
2d588b52959359cf0a4e0593829b2adf492fcccf,false
974538c76a7df4e106b7b95942c1eab4a4345358,false
2a3b549dc9fab5779ee263077173297fee379dcd,false
7b2d25c84930e11abb603d5725e9960880c712b7,false
fb58f4a82aa5c3ee0c166152eac3293c7b93731d,false
e03ef8aef229b6117ac2e211f1dbacbbf861aaa7,false
a29f26d91b91080526ef073b280de812e5ae6df1,false
a191ae5f9ef9825c64ba2fe1cb04bf57264eedb9,false
a7d9a2cbe91c2b24b92d10f188071b16dd12c666,false
dffae672a27dc231a6d4b1d67d9c54dd5191664a,false
e71e751628106972bde53121bb28e61e4bceb518,false
f44fb3aa16eb68a100b844a55fdceee7d370edda,true
0160efd7172b279d86d79e42e2b58254ed175884,false
79cadc3a9e25676abe91c2fd96ea4a5e6a14d567,false
8b1b5640b97cd7a2465d842e04b56a6d55458da1,false
fe1b2365564f3e3df55229fc444e31e9051d2c3d,false
b26dd13ea284e411e9cea42a96752b0c5ec95483,false
29787921e414835b5a537660f13afcd79371fcd7,false
48de8249cdb82b6f55497389d94f6f998f9e3428,false
20ee7dd3ba9315e6398ec2af238a067977720afc,false
e0b57c635985779c404c4ff5b6b8428823cffe5c,false
45c5c9d54553fe88a58343a9ee1961032bd76a7a,false
97fd721583643faa64a9da3292a7af67dbb27eec,false
bb20b265d66ff829a23d48e38599fa7edfff1f8a,false
75a564bc5bed6dfd6d81c3088fe41b63e81fcd68,false
690f693de473b88b0c7cd22b49635fba8abfe4fd,false
5ac0fc099596d4e19732d99bca61a87eebf35ad3,false
2050b057a360984f6d6ab2018979f8cb0e88a5a2,false
a81d44327c5f5f74c89fb0097e59f8aefa65224c,false
316f2b96bb64807c4f892ddad13e2600b84a402f,false
97d3e15cd050fce2462a9b43b3a36b296de32fec,false
0b29f9d2179e7cb62e350b057c7a238546d97c71,false
440a8633bfc63572dfe756ad94abb6e40c1456d0,false
adaa450623bf701b7f929ea67e076795e3dd8f08,true
9d30c589039258e4a4212cc833a37762835e3dbb,false
247562c7718e5e0cd0b5331b822617f9b744a2c8,false
7a04ac449d236c337c4b8592f444f0afa51fd6d5,false
38f83a69cb0402c0d8f13d316ce50a34c2253566,false
18e5b3af071d889fa693cc2ebb298ea5066f3bfe,false
a87653c94ab94e3f134ffee853dcdd2619bf7ab3,false
57f419185356cd90f96a0d814864ff683b5021b6,false
44850c9673aa8229459944fc82859b38eedf3f24,false
5c003e2df125015a8e1011619f35e1f191979f9c,false
24a92811f0ad5124edbf3ecd1f18d2b1b8f9d3b5,false
dc5440c3b99b8d2f8ef041617e51269c48b71bd2,false
ca537742093a9ecf065fb06223e644bc5fc54606,false
b9bd9ff763ae426bda2ff76d03e0bcd2edf3ce33,false
3da30567e68ec62987d2c57d7967135fb3883fc5,false
c974cef5a0bb80f794ed82344e6f7a1e134c2fa8,false
ec58b60875ed8e3ee1bfb32d7d76f2d5e0dc5b0f,false
db4160a3861d0ee64f555150baba754033aba357,false
bcbf33a8dbd5bc52330ecef064124f1c0a019609,false
8967b9f943da196cd91cf8bef695f6333fdf9c6f,false
bd94dcfb8599f62be4075a22a4c5cd01ec2df967,false
07d8d0130b81edad5f81e5cd913165918e18e9fc,true
b9533e83c83fc43b81c52415b260940eacc70983,false
7b74cf6df0979cbdc8310699c308dc29d46468b0,true
9a2dd730f668497d74c48181917b1703b651c475,false
b47917303fe31a62a89167b8b588502677365c07,false
d8e585d5780d1fc22c47b42c308c0c55a2459553,false
2d9b236bf4d92c725a0adac7f86574a526d1951d,false
55e8153e3426f096df3710411a8b3932f054c27b,false
87888ba41b406e4b13f370d4a9fb42328cb540fe,false
5154a1a543fdabc8926ae55b899a7ea4c4e457f7,false
8fd81d1809ed7e2a1fce83f7d36c946018694fa6,false
a57462b0350a8fbb03e6e5f6de1eb1b2799c3c5a,false
f4f5c623c55eab020a039372f6f67cf33fbf4136,false
e2fbaf322e7e7e813b0bcfd38fed73ab23dbda2c,false
9edceae36e8b147447f66f78e14543d1a77c4532,false
8dce9c685648d9e21ada9ffe96b0e39bb21de4fe,false
f2b651f79a7b3b4297644cef98aefd9ced30b215,false
8a17d0af29f1aae7f05062ca1f22e6162bd34c3c,false
e705026b5c605415cf6e5cc2a6f97cb06a26c0f1,false
11935e901123d08c11b2ca54a3d4675215ccb052,false
56f9d94641cd9a7f99474d93fbcb5d0c8e258576,false
83d94b3b9b23dacdbd8d35a0914be2dbfd901bcd,true
80b1e9f89635b5550246874c5663bf01f7dfa735,true
5dc204aff70a859bf8c7cf24ae7c69d4ea136a68,false
acc36652dd8e714abbe27580640df1ced6d083a7,false
50a90023fb523097a1fe7f13e589365cc7a6c0fa,false
b65aea11cdc4fd1faf21f5e38bd4892bb86efada,false
2c59900ce957261c09854eae1b74a4802907fc0b,false
b70d205498bab6a44d100849baaf30f5c99aa495,false
3e45224b6988a40f605130ac0e4168f7b5f5354d,false
0372761e832e152e0ed51c0d58a45b724f37d3e4,false
8c712613d043feac8e3f44611e27d4a4c2a02583,false
8557524a7932928e4ca5b9fe506605d3371cce94,false
7baac5052d2dae32af293420fdc4fa17d12d434d,false
f123af6347b54672c611cf772abdddb9bee42936,false
c66c1bb8227eb7488e8e94a625133f59287d1e87,false
656a99112c58835300c5334fe497592ab55a9433,false
033821da689a6e6e096acdfa693669729f93535c,false
15e7475a31e81b346d60324bbe7b1bc9ec7afbf0,false
79daa98f62357b2f74d686b0b035d846af5fd528,true
43cd11f8c4b3b5f2d1406698f4bbf2cad47d79d3,false
f64d62cd3820215826bf95d3bd11e1deef8ef5f7,false
359a5d7aca8610484a1eb1a0cd216308c4688877,false
79a69126c464899a84af1140fec9737b7992da53,false
5368ee3e47a2ae527a7c3be2a06d4986d002cc99,false
42aeedd15facc89c6d847ba95c0ffcae6ec0cde7,false
bd9971207386a7d1da8e33ab58c2318eb470265b,false
25b11d6ae4ba99e7e4c579c3b4a688da6babb7ee,false
8d3af61f70fbdd087d392f99a3a35aed15f6976f,false
b0bf9ce1d43e8596e4ed9c253a82ec3cceebdf34,false
6e8b626ae7b3bb79ef7a3a574de2cd075d8b5c2b,false
1afba9735d9201f35b9f10aa5adfc2428153e683,true
b130db9958137e3b50c180e9de7cc01b5099b23a,true
5c97cc4dbe2dcfea23b424f83eada346fe954023,false
5aabd5e77f167414fff2c3ff5ce365f9ad29f0c3,false
0ba3ef5bd29f0540d7e79672ba7bc851acf78df1,true
e42ad5d37bc122e4cbea5604b36d73b8b7e22554,true
ba6e0593ce14e5788663f2a865670d6188562f47,false
e5e760311ae352a09e3a97ff1d11eb492942b434,false
f6de81c781dbee7e2672e1a4a5441e8d44c4adbe,false
e45e1d888405b2a5a00c2464404541af165a4f9d,false
3f74afde4bcb668f6e9b526ffcb77cdc5f239ebf,false
486507b6d80f55fc7306041d1f40b82c1669cae2,false
2714209b3ccd83e58a00ef2d5bd7fd5a0f120969,false
47230fbec4a94c87fc616ab3028ce538a2d96643,false
5a2a69568a59240e00d196f6e6b4998f39d57d26,false
2c4dd7ffdd5b53fa1fa098085b60fd9a7022bff6,false
8c2ae69eb5e8fcb2f6368c653570df90af4fc92e,false
1701a71a88accea818358b249cf9cfeb2533cdf1,false
324172195500ab28cb63f589e5c5d7a2fb79cbb7,false
314e6960e1095d2db25d2abeb5ad687ab1708c2d,false
98ee0b10e004dfb4e2852ea3999c11869a91a9e5,false
a65185c41b11fadacc14842c8ccdcd09f311fc31,false
36002241f061010474d4ca992e669db439ecc006,false
48a549d59b751ad5b4804a81ce60aa190a489be3,false
2d3e96e6a2788e58d1f17aee81c5e6ac35b80706,false
561d80f5937ba5d858195000fcab43bc55ff2dea,false
11896216a6a3644cd02534ccc11b99a97890c962,false
8233772a9c0fb0b5a3b28983f8eb4930d34c5751,false
4d35cc7600d3a0eb37f4a78cad0ba682f7aaf505,false
8d47acf551918c575e30333ab8195497c417898d,false
e7038498484c5d3024154ca0b9ede64ae978e53f,false
6b05f558f768c83cd51756a15ac1528ecaa1defa,false
5bf3d62aabb330e321c00bae2cda23f74210ce09,false
faf9dc413ed2ae08be0fe697a32885e23f5d849b,false
d9e8e61d3166e0c2a45820ef5565ecc35d56fdb5,false
7c233ea5fb2473f37b996a14b00a6f1d49c3f2af,false
2f4173bc782e343da30d014cddba212f29be794b,false
84ef3909953bde2f4c7932390c52ca464232888f,false
63143df0125b3cabae6c05d77f45d9f8c2ec0a72,false
0e878637ba9ac4deb692d96c73a9ed6370b8e39d,false
167da9ed8561c783162e4b48fba5a9e6211bead3,false
125b765483506f55110897a8437bce24e2f1b6d2,false
747e72ec58bb60cb78834ff71a2065e904db7ba1,false
cd2903f08f4ee264484412b7493d5a6e65ad789e,false
5649b26060b9161d5e38df688dadde9fd56091f7,false
cdd6cad7786d34f89a4d58d4e300788bbcfd1c35,false
eab0c93354388f20258f9d03924009df9dfc1854,false
7b254892c4888b1d98246beb9b2597af3db00064,false
6ef8be2b420937142adcd3cc724316357c1a7d20,false
29ce96c448dfa7ffca3baf1a38f3d5029ae8a483,false
745751a7667cc4802964bede6bbe0ebaa2d7327c,false
45194e1facc2e9e49627a6df045fb4567ef59427,true
0a9593f2de4d1eb9896e2564afe96d2fe8c90c50,false
4ca1da961ace5692cca92321b08e75ec0f4f36ce,false
6838de3d22d46b6119138519735f24e6f6a017fa,false
a4098d3f44fec09ec00e850c75683c05f03e214a,false
950132086f2c41be95e609e5fa58de6b8f005199,false
c3819cc678b9af9069541d49d30a0a1ec8c076c2,false
18b6a2f829d26b7fce4279737efb085b1029793e,false
8e7e07862d1c05999826a1f7dd7fa63832f55571,false
04a55c358f83c796f38e4984e376c15e46968750,false
088491e4c0dedb613350f9354352950028af088e,false
d438b6db19c395ae23aec85b0684bcc84cdf614a,false
5d6c1d2feea457a0c9b32d43b23a417ef0a5c2cd,false
7e9872216510ea7679c8e2b01c640aebf9ebd3a9,false
f32c293088b12714d71264796641feb652aaba39,false
7ad372d1e3af36444c2c4189a84768de387bef15,false
6ee96acb6cfdf61c1c99650641bb2a91f14b15fc,false
b9cf55281aa77cc8844879504b212a471553cb61,false
d1cb1132480c512918b649b12741c94f9c89afc6,false
6999c4d2a54951b70d03706a775ec7b18fc5098a,false
74e9cda5f9765d596eaf0a98f1ef3b0be9c0eba0,false
6442d0d27d2de6407bc046a29f0aa7dc1f94c7ba,false
1433b20e7f96557771513ea9a8bf877f8229170a,false
86cb3083268004b376d93dcd39b1d614be566755,false
6f0b9581d98a85ac58fef46fc7b4509d5f95c95b,false
3131623f042d21d17abd2b5194beedfecedba750,false
5f082fc3be44af7032294f582fbb00a2c8b4dc0e,false
a8b379a79a826e6adf4089b4dad445a9158c30c8,false
af0609ea73d6c5dc3071dde5796788449d0abe7c,false
d04c3cd42cec2380ec240d4972fc16f798599f03,false
bc9b6690d3a465905af091674744840f921d0afa,false
98aec3aaa6ac62ed00456917d5b0bf4fa7df2962,false
bb6a37cdd80b8f08110d01226d030936ffe8bf3f,false
88457d24c35c114361bb350bbd7fc3cb21d7ac04,false
b304d849daab6b19fcc5e68e7bae062733fd6fac,false
95c14e0f403aa3589666e3a86c0467d91f07dd00,false
f2e68974b30c6010c77c4b6b8e3dff38d3733ecd,false
ebb142ab9f0b0978c600138faf1093c17b36d1af,false
886e420cebd0463526bbaafa61c53fd4c9f54a90,false
a835579e1a341c244362aceb988d8b0093349e3b,false
4e5a5dd0781f77f40256cdbfae2ca9b2ee7898f4,false
b06e0590b8f1659a7509625798ed0d3c7ead1bc9,false
e37bf595d80bbeb1b045761769c80c30ddeaa5fc,false
a58544bb834cf7dde7d43396d47e904cbec6b26b,false
ee51e1496d5766dc5b5d80bb918f6fdb82fa5613,false
79de77aa9e12a40013327a83bb9d93673b16ac4c,false
e1201984ca95fb9baea62f8fecc34b212190ded4,false
daadcdc30a05b635bb93e830d4e766514c21b5ba,false
bb579548b62038cd67add2b21e85e3d47466aeb6,false
fc3e19d469d638ebe3781de8dc404734ed194545,false
cd876daecba54cd81c52c72c4656a922b6ef16c8,false
4014dc310d98ffd3776fcb98b0fcdbf21404cd30,false
74a3e374f5dbbacc427fb028c28e27bb3472c76a,false
c1350967609c9dead388726c0849657ec094999c,false
251d4d1d6dee07626e0eaf602bbd96662b5bf548,false
5eb90e2d3be56322ef8a549a29c8713c1b2eb17b,false
c19bfb85e3e99d5e4866e20b21464771f41a1696,false
cfe305dacb86d3c1e545ee6fcb2ac65f32105551,false
c2ed3bddb531b61ee6849a7c9baa8834327fec03,false
5980218bcc170928a47b68704871cde10a47cacb,false
7ca9c65a085d27debdaa3ac1d66f972e95e8c70d,false
0e2351a612dd6ba96d033aecb850a07cdb331296,false
c8061ecd1004ac0fd063a35218f162b323717df0,false
cb75645634839d9e8bcb13157ba06983d1e4df8b,false
24cecc26e2f8cf54210916f864d60566b1548483,false
e7860873dbae5fd1e33ba8baee4014b1dc3d783b,false
56c6c66b9babc98296a6df536adef3d981d905d6,false
6a613c57a968b42cb813fd161eb13183ee9ff61b,false
5d6a5534e61be8a8a56b594ab6b2c443488e1f1e,false
b50c668ea677205f74a9dd983a367eb9869f8cbf,false
1b377675e591707113a449ecd399758759a19196,false
5736e108fdc759d83180f4ca6d8f935cadcd516f,false
301f91a9b1b91551db59428db451d600623d2931,false
ad35fd762fc1358b1d7ccb6f9fcbf94d7d427da4,false
6b0be6360d8fd0ce6c6ec85437af31fe46ffccee,false
da7f88091f91d5f5191e646a470c02b2aa024701,false
cdbc095c5fc68eb7fbd11b7a41ae14086e9f15be,false
5c843592adb11186495a8f20000f60401c382717,false
ee75b897e2dfe9eb33de97a0294f684d86a2ba8b,false
647ff3003db56a2f7def6a31156da0fd2949fdae,false
43fc0d1c19eb4c29d26a7c3d865ef884adc41229,false
ef3f68450233b66ca1b78e0a2ba09af551721b8f,false
53e278238be9b60bf8f8c8800a95d4792f60cc13,false
b526270ad9480479da89177c6a488996707f8c5f,false
a5c10f4a4feb448478e28b164ecccdcc9460082b,false
aaf8fc98d89089b204d171080bf2afefe76898e5,false
80848c32e26a322ca6f98d90cdbf4998224650de,false
93291a8afde1b0a051192c39f6a7fbc1d7a70054,false
fd0f1d27387b0c4c2ad92108be6360bfa6987107,false
a445a0752271829d874750058a09a2272e01b022,false
16bbea269e7da8d1193fabb8f5977474041b2ea6,false
0a7584f6d2bb9fb0f41b5ea91938abd5a4e49128,false
99b134e41dcef72df63eef528719e24535b1b950,false
169b82acf37a4cdfc5529c4710f60fcff2ce3d0d,false
2b7cbf34acc9d6b4202cad2143a11b9a7ac7ee71,false
8850c9cda10006e435a52e3e5250c7f78ee59a2d,false
4e28c43617ddd1ab017b302ffe0234e96fe51be7,false
103ef24688d81e94f89fe5d56133bf0c97b99399,false
b7d8632367064f0d9272cba51c6c28f468b025ad,false
008ec23a7af8d2c2d7095125852ad045959a407c,false
45afc7e4997f942637310793840d1efccfccd3d9,false
ebf7bfe178e1ccb715d80df71e0db7989a9c8e22,false
a83828290e699f4e4b128c7722c6850d3ec42009,false
b767c1ed6ced7a96025bd6d3ee9d585c87c8b178,false
1ad3e18d27e2f2e5b50f19aa079f4c9331b7b1fd,false
ebb158e6f916c451957eb00e30485974c7cce2cd,false
bfed1a5994fe13eef13c1258376255ff9f57d522,false
b2b7bf0bdd54008b155845115b5517f82c539025,false
315a69b76d2a9c49a91e77038a34889d6b23aef6,false
15091f8f0223482fce54beef82ee7c9070dbe8f4,false
f10c2606763acf8bfad002a2bf7b255debd01926,false
93dba29e16e7bded4787e6562e7f0ca1c5c105db,false
e45359b0c7f33904c6e75a79e6e0126202228bf0,false
0e80cc02f919d190d4a702a7cc2d91e11171fb2e,false
ceaecfe4c30685424e263502362e05c5bdec5361,false
88d4b176d81cab917a93769f136eb77da01fd7f6,false
2df7df3e5c07bb6e138a3c3b85890db37ce797c5,false
dcbdd97a4958458b36ef2c5a599c1f1bd4fe3db2,false
4e82fbc19abea1bdcd6c32ab97a482f3c4b1fdcc,false
1249854a77fe64bc24a8e009aa1b7d85385dffc0,false
489c8c93d633a5cfbfea6d4783ee6e87d8fc3800,false
990085b742ef27220a9a064a797536d1e0980876,false
af892f8c2521d6e4332661928490bdc683781700,false
e159e158b707644b0eb28f30012009b4531e1f65,false
0a2931e5e8567af2b55e52505483d09ad89ead11,false
e6022134e85c4fe1e8dc21bba8f49b93b4250b63,false
604b11b821df0d2dcfa18114de45a947230e4d1a,false
041d7662ee714e580269fc87a49ccfe407a19519,false
a8ffeae3b53ea2689476b9ccde4163d1062d4295,false
f1305bc5c16a6a8db40c7c097ef3b8022c5247f0,false
ba5921e253b0143efadcd1b10bd4cd7b6e3e3f21,false
2680e37a6e06c5082c0c2be1f95edbff7bc01626,false
e5acece17f02085cfba995b7b027a76ac86d60a9,false
b981787b373dd1a93e2599ce45ef3c9b78e2dc0a,false
55598c331544de41878f43a83d087a4f9146af76,false
c7123c303f573b78f5a028146defddb7f517fc27,false
7273c86a7e2d791a26642e790bc20a189f3946de,false
7f5e51bb96e67b8f428d0df2766730133be82898,false
c8fcc4985a3e774783336c24a981a15e63c2cc61,false
04677153070f0939684affe93772abbc6045262b,false
5a8d5363fb084fac4efdc6494373aaca094bbae5,false
5163fb1df88a8264fa9abdea61881e1322e1788a,false
eadde441cb1589582c4e2887263dbdedf357fca7,false
4e3a07b42f86363eb6ee0c2f81019d707cb894b1,false
f772f12125147c1ac1fb39c1b961414c4ef32dd8,false
5244f2f403963e5401f4f06a84a12ad72ea1d365,false
1de3062305e5a71c7596994048295b708fb7d242,false
6f6655c90e6307d940cf123b210e495b003384dd,false
c1a4996f158b91c703644cb34895e3f6a168c2f7,false
900dee012f4636e073d635bc53b203e92091bc2c,false
d163d741f24e4e262688773a571c93a2310f8605,false
e075892c4213f1fe4593f6161a1acffbdc9f6aba,false
eb3bdcf83d3dd1a7179f7eadda6ceb54cdc4e104,false
e74910ca20cb21b3d659699537d0fa04b466f53c,false
417cbb3ce7115f2e96319c086b66ead48ed2667c,false
bf2f9dd57013249c548329cd60eb5bda078dac6b,false
4e38e4d040563d7bdbd46b30f60005e677fd6a78,false
c7abce1ce08b0111e117615f24907b8990f2bca5,false
1ba12c1d5ac2a6efd53ab05d918865b6fb6bf13e,false
24b2d5b485a1569fd242ed4b0e4722a42d355614,false
832d22cf9277a7563d6deb827916945c05ca2603,false
9aa6303dcdc9f7bc39093b1a7d2d1bd92c635712,false
b4760bce99179273c43c403e702abf57b201427c,false
c22186868918072be26447048a9fffee4b79e35a,false
9e939b884ba31452c40ea8f62427c678a7df4037,false
d86b870dbb8e6c6356f7e20bf9560dc87b45b37c,false
95071ab0520ad954a1635712007ba0c62ba7ecc6,false
f0f438bc55292d0f3489d4bd60ec9139da6e82c9,false
eae24663a2c06119f21a1a59d39190898515a79a,false
1213dd6549e5cc1eb0c32e8fcf918faf5ad5f99d,false
d97b15912fad544ac7c31a30c3a0d2d629a4678c,false
9d453dc7bc8bb570f09cad9a9572497dabd909aa,false
dd4ea2206eca087262761f08c0a5c65ed9200a03,false
692075262b5b51e59044c7a5bda02bebf16e08f2,false
885d9d1de4ef9ecc6f070ac38b50823495eebb5c,false
cc07de591310853648dc284469c44762bfcdbc0d,false
ef3ac4869b114258e32c68bf61d72b9511b88ca3,false
af06a8c687129921d017ce5f7163e0820f8ea970,false
44072125f2389c63dbe424d5693cc23a2b8d2d9c,false
9bc67640e7a20ce139dc73faaa91b8ede12b9b20,false
fd6c8b6b4f6e52964d3a89d72074bf5495fdaa64,true
e476be4f61b3154436118afe51e13c94bc9212c1,true
3471aaafdee074c8de90de46d153e81601c89634,true
ad2cafcf5645d513f869fa4d33fd12f220b02fd6,false
1a7d658316954ab1b5a4503effded16e63313715,false
d075004e99b5b1eede33944d1832c3f8015e420c,false
d46351b4689b8df58c4f1bfa68354a13860cf74d,false
77c7a68b43931e357614da0e5ab03c4e52486c74,false
b384d37548502446d4c5736329d03a97e02554f5,false
2c3d5a9d258e1a888c2cd2e578cfedb0a2f99a59,false
3ad8ac9d850b517fbd9d8cdf0efbfe282a829af7,false
73a6fb13b4a67e1ef78868aa4bf6d48a5287e063,false
c5738d5500bbc2446c63fff397603a176b370087,false
7d9a45fdb40914637f3bf4194e1ddb5d24300a1a,false
078173193f966ce1a99903f677de3e14239ed3b2,false
dde92592a65458c4b145182cb72dc816a327bd09,false
64f3123bd5e6875515bd07ced1057c8d4021c61a,false
4b0c169b4507712f7f25799aa2e97b7f00ce84b1,false
7d31228990002152369b87adead2cf73a1285d02,false
f418e513d098c6caf5e4c907a15be4d22ae6240b,false
a5d1c15bbe8caead7c96e3a525bfd6f632b27a0b,false
9d2d431eea3bfdc3927c7dfc5b66566fe061a62e,false
529c3688f47002d9da82cedeeab2d7a079c113af,false
8d81dd2c19d86fd486b852f06a993a9db16941b8,false
439acce047a81f655cd67367a2e7de3024ebbfc2,true
2b47b75e643cf9f41880b53ad515a8129927de04,false
abd27b93a5caba2a668bdf55c79a1c5ca3b82372,false
a784e5a0c91a60b51b90c9d1b5f3189e0605f353,true
3c4e69e3f09c7c4c440d7a47e7c5f221b098cdbb,false
c7b43753e42a0b5cac8cb7b6d57a2f92aac944c2,false
587b167a8c98231a0f535793c5283f3ed714ba8c,false
c251c11546a9434077f21e8fe7032162ac658628,false
a754e8f62366d7375a974f789ab3ce20835e45bc,false
d9fa617b8933ee5f9e3b06d72bde1fccf967177d,false
27e1d491d9927f6251f7b9d505b3fd8b8752cfd7,false
79413034067fcae64f6f97b0c16dcd0a9f34ccdc,false
08cb11b2ffa63b8797a05eed1e8efae62850f121,false
e1f276e65efe45748059dc88dab613da30b83562,false
5cab112794c7be8cf4f850eaa5f7395345169df2,false
23bd092689093cc3402748ca91b680801350caf7,false
2a57d8364e0cdc0d23df4b4a3687804c52f375ce,false
c30c347cda62d33ef29a61e18e5a75504e45ce65,false
2deaf8fdf18d55e64b716647184e6df66782a4f3,false
ef77d46361949e38972e5a89475300f512a5c5b6,false
e29b683006bbba52ef31a2e326cabb8e1058fba9,false
f450f14f6f1d50bdb1624c81362d17158cf558c3,false
69f953dcd4e4be66c63affc7199b2677da7974e6,false
6f9a18ea56ce6f6e4f5374cb5f18132557045f21,false
9a30b9169bacd3cca8980e2de6b3943f0dc364bb,false
f0607bd48555d7c1a4d6e60a5d5ab458c1834df0,false
72b58f916c259bc74a7da7e1c967b8323660bd33,false
84f9ae18cdf191e2feb25225ffbbd3632ec919e6,false
79471d745c90d4aa073d5ff09e855bded1676316,false
7cdb7f94a6e6098861c5c6c04b9c951952c6a5f9,false
1f0adea68feee9b300f306b5868c1b57a6d5b66d,false
da0e21c63613d0774de603b852115b9ad2842047,false
eebeea5cb794c2dcea0ebba1797a1dea386aa44a,false
a75549f967ce4c7fdba6c37338be18a623d55179,false
52ce8d1cc0e83539cb25b709f45f1971be690472,false
9cafb9214147f61d87705c5af4b6a962a444c690,false
88ccce30a6f5ef99b57b3624ee4abaf4152f53b9,false
f7bbb48a5f501dd9ea0195076f5f8f35c043c881,false
4acc5b813d9792e5079c9afe9848251a57662b4d,false
46a8a385c44964a1741224d4d01a83e48f051d9f,false
62a5f3437e1cdc8b0060995e242c185baf2e26b5,false
a6936f5103e0b6cd4deb394b4e1be72aa6b6b924,false
4ecee80b9ba5fdd9d32683f24ac2b892dcc42df5,false
9451ca5c15e2edd0ec2ead6b0743560211a4f88a,false
0cb6046344038792c704d45878cec3ccaf850191,false
bae9601d914a0454438ce71233e7532b91bea81a,false
62c0a7dc15d6b7b0439e941a48a4773c530984ac,false
0c80bc78ec8b3b8c0b6e62f5d9c63db21e72224c,false
6582df1dfe6f3b6007f9e88173043d413ac88f25,false
1335cae042dca6d0df1502c766f9cfcb62ff456b,false
334c303d984c6b8951bd7ee573d20add75f80bf0,false
a2b8e46e4e7c2824cbf6124975e1d90b3b91892b,false
f854e2f0123ac8c3edc494302e7d58b5e739470c,false
1533dae450d7e9d1e863c40397db9700b250beaa,false
073ef5ccdc3525cf54a169cc6e4bcdf492b01cb2,false
ff846e5d82daef007e145da9876ccdee426ab3e9,false
837fb4997d27d56b6800aa71c3bf2922cbec1631,false
7ee7cac27f3d6a44958aaa8e6823fa5abbd32f55,false
69cd7e01b902307631cc9a2fdcf710c5a6be773e,false
2a0401cd87a30d056565b6f8a9a53abce6892551,false
9c306450ee4e8dcddd4cad95f9101970753f4109,false
db37d1e71ff1a47cade5faa718462e514f3de2ae,false
5135a022465444b3ee14eca8736c00337e7df543,false
d5a08118b944679a43256b48e2355f73c58a914a,false
6d6087a83150bb9e16adee7d6e5075591525c061,false
9d7c6b25eff96667f4c9f1233bfdfaa5bb5b7840,false
d0937d541b524d99a85d333b6ed57d4704fdb4da,false
0f869beacc53735a74dd538e2995b65fd784286f,false
3bf7db7623ca8c0a361f8f4b14b482da1935ed66,false
f3ac272665c37cf3761580d9f36e2e2ad1ff8104,false
1972df61d77614f41c494dd9f5ab3c0f63ef7778,false
f5206ea544d8782c3f704e7b4ed15416bc3208a3,false
255dfc356b751fedfedfe9d6def3be06dd359e34,false
7742b34df78b18cad4c84235c129476014a43c32,false
24d467c56af0f4660943bf5e73cb526b4d9b548d,false
71db243cb61ee698abdb6f745ec12f392529a14f,false
efeaceb506a12b43fa45a6e6f061b003b59274e9,false
3924ba8fd6a0af6c3612503f52e9a8d6a1f29115,false
053671396f45f872257bf9f6c9bcac3ee5dba6cd,false
de843f4983d161e476a11b4c8bd162b9716f5037,false
77b2bcb3db2b456396ca0dc80f177d1db47cbebf,false
448954f0a9b9ca28efa4e37c5639f29589b9de78,false
1fc28b4a9972e91c3722b5b512ff7d98e3a3dca7,false
5e426bd3a55e11ff746e993acca4391915f12a33,false
6173ea79d7943212301115499fd43c62cf2e040b,false
2d3ded5873f0e1164a390059887b1de952e5d055,false
2a77599ab6b13e8cea1b02406e4b458d1bbdbed1,false
4abf4834b0551a6195b8af322d6eb4fffdd0dd7c,false
22710a104cab6afc47ba2036b8e9b1eaaa6b013d,false
b9cc95330fb3212ad60c1d8471d06329a2053a26,false
a6ff6aed530fd538424dd0e238864b9ca87173dd,false
8b7e5af7c38924a38510a44847500d91227fb014,false
59dd1e031d34cb60b59fdbe99e28be7b1a8e7a68,false
998e84d98f89bc61325902a811b5d41b18e23b98,true
557df0423473df54af26a1b0ec5fd1900e1a1ac3,true
0863ad3eae3b825aee7af98aa50b592755978bb0,false
70550f3ff47447a4d5ec511b48939ef5b6aa688b,false
3c972a288487ee9ff3cee369d502593dac38fc6e,false
a52f0bb219c6505eccefca721b13470cdb58f00d,false
b9860ed77ead540b6dfe2417e4208ec3f01e648c,false
b48b4a8a2264da4b64cc9c42fb7d2cbcb49d91ae,false
6a9eed5aa1a9920e9fa2d14a320314ef52719eda,false
f522df9eb1255f6a991ded8c52db47bdb4919a5f,false
cc33739f1c87ea2ae37c86ab5a15ef440c3a5b6e,false
53e199f856aa5ae281dc98b1285304314b7fef85,false
755db2d9b033da9a8163d5498855a36174b63798,false
c994ae7affd118711c4abed44753dde3df88eeeb,false
9780326d88472050c01b4cc29c73ae7b39bc4bec,false
49289381be4dbf2cdb4398c6d8dda7408448a147,false
31feffa5f76933c68559ebecd7477325acf99aa4,false
340480bfc468a4b205322f0df1433f9dd6cd1063,false
58f79ad8579d61e9fa609b695b8d26479bfbc5f7,false
c9549bc748ab8a341bdb2fa85cdfe93a9338de17,false
7d3bb51e8775ac18b93b391f50ec6f1b72840921,false
254f53ba71c3712b8015a0a4863253ba4609b10b,false
00bee7c4ddd8f05f0732ec630f5cc5dc4f50ea05,false
a15c34d2dd2043b9804dbdf8cef5fb3716504fd6,false
cc4a319f59925460918465133ed5a9a71eba712f,false
f247c00c5341457bc9eb5bbaa1b7b77d3b566d31,false
f68c06244c2cb48137658d3999557b953d9a4a66,false
c58bfa23f56376e16598c7a93ddf9ed89dc34200,false
caa131f1faaaefaf493344c55c7f826e743cd14d,false
d76ebc09031debc6194287eb9bc3acc75d0c55b3,false
c5bb053b04f870540d619287f57680af140a7495,false
ee6dd3f3642379aa283e1f34d32db5a061a01457,false
05f7bf17dcf5054fc68b751fe740ab02ccccf01c,false
945ad644625bd5160754125d5e5135e83ac15b12,false
f472e77bb977b8d42432c8b5c3fcadeedbe35df5,false
6ca68452f5e3eec85265cddcd4f76118a5945978,false
5fe9f3c1e4f662b1a782709a67a7369e1ab37d8e,false
5f58594181eb3c8ad933ab2cdf3f5dc0b9a6f3c3,false
8b5d704c6a73f5f0cd9d9426560f5a9051e5db49,false
33377191a7f6bf7e96b719af8c309e0021cce40f,false
51f25249bafabf80783f60a3a8b4a7d553d222cf,false
ab3f8e91339cbc32bc7c2e7d03e789f2b6f2567e,false
ab4c485cc5bcf29459ecfc01babb7cf13d2e884a,false
bee5c6893aeefcbe352b4c5f66d1a4a807d9f3ae,false
54d586356c39d538f0443d17eea7862eacd33e2b,false
330a89167356b5316d6101ecaf9ed13aca5f93e9,false
62e32c6d05676ed224d8e52a468ff94774f4795d,false
ab1dc9c34b5f3d9552d348151dcbc527280cb4a3,false
89d872c72ea2c6fa31bbc646898a86d1074f9c70,false
636a46fe87e86f7e7cae3f85568d1cc05219c1d5,false
551795a605b301f8cbbf24f80affb226923f24a2,false
38b72b3df4feef81f7b8acc3da5e9d5245023673,false
2a66c84ee00b8fce209a0839f93ffd2b630cac5a,false
96d768eea85f183dde8b7f6e4a5126c7b4cbd8e5,false
21295e74a9bb5655110982829bc8d72e2640027b,false
8af23dc36b2978268f2d4be3f9e869a18bb26a86,true
364a52047677473516f67c1ccf09b30c9a9d0a63,false
639801912b6cd3280e99f7d3856433135df29d82,false
effd5e1822fa0a857a71b6a294aaf36afb93f5e0,false
734dc2046f0b19fc45ae3d20b70bae3a80305982,false
7ed005ec26965bc815d39c006f097623f7541cbe,false
721a648e60b291e841e402e0a02835e277c4195e,false
ed11936739c08b677e2251546ea9588c955d2a6c,false
ba723cf962da6c910e13fee53fca99e037edd3d1,false
9f50e59a87e25440573070d9b1591a44a32adb22,false
ca15fdf3ef5a3ec75daccda43fda3070ae23edb4,false
20198a13aaa0c3575d667c4f56b995b25119ba65,false
769f65f0b9c8e2339a56058ad46f9a70a2be48f9,false
209ea4372f2fdec3a544d0213881e24149449cde,false
ef58822611e37207a21f166080f3c6e3492ae56a,false
c8f048a31c144860d56a9cfe943d9779abb7827f,false
da888f70d438630c64a3954eb9277bcdd53c3e5e,false
3c3129e447d5fd1a2089118aa80836103982bb5b,false
91152b6e191433f35c83053c4f2911ebf267d379,false
d6f428e71d7be2b26299aca305876e1446f486ce,false
b3855708bb77d907230f821d7657313235bcb7a1,false
5f4139cc6fe6d86cc143c5b29094b8315e7bd704,false
d5fcb9492fad0b68d236716d81b6855745c6a7ce,false
d514d73ac6efdc725d2117f2fb9f66bba9dc4862,false
fd1a43460545e3ca9127b24b0f85b96cfc8c9022,false
74b8da784036090afeb28f3d5ac52773198f9512,false
628dd4fa81be71fe9cd4d55b68032338b8d17da1,false
27efc3aeabb312f6e19c8080e69d9883468d36ac,false
b4a61f09431b8c884b72482ecfc9faa59f0d1afc,false
45cb02e939365e2ee8faecf68dffec2467e35fed,false
c99ed2f4eac8064797044e573fcd976a11b101cb,false
32457cb697599d08d9cfd8e5c9d53828e31d8f56,false
065fae8be786bbfd7980abea86409d46beb757f4,false
e1387b3fc24219c767b3dad8aa25776330716d45,false
30a0da28146729e560e62126285e815f4b04219d,false
d7dc9d810424def381a144d790f8d06d56de3af2,false
ba0018a12873c6bb93adb7d806da0f62a587f2ee,false
deaa6367f79f197a709ccd510de16189ad1b813c,false
7a181b4149ed96ce2b3a7ce31491589494eae380,false
030565a348664fd1a5bf6b95c6b9e87330ef331d,false
e0b541ed7c9c1b327b753dd3ef6201e36a79953b,false
9b6aa5eaa17afa0db40aa7427c6175369873d0dd,false
2fda79848d46d1c4b4e4b22c53493b615a7d8e53,false
5e9696d6eedaa3b341d203c8d608989fe3db24ce,false
18aa26cd15a852c3a965a162a6dabc7f905fa0ec,false
80f5f85f6e0db34e416e6f99b770bd8141ff4023,false
ccbb4d43bcd7308889dd52bb656ca430477fd2c7,false
3e2562572ff4247e81ca86a7f272bdeb81fcb23a,false
248a7e6b957195e103816f08dadc4c6a93c7d3a6,false
6e9ba29f787afa7afa7affe0b28633829bf71b9f,false
7a131d5628a6164fc5bdd67cc9fecdbcf5475190,false
0e7b07c65469da177456c149e4e89f96613a482e,false
21c155575b59d821385d81359db5f4225b477841,false
84d8aebd8c392c56f92ee0c714ee0f41b091b3f9,false
d449d6f01c04d653091ac18f088ad9b449d767d9,false
632d9c14700e355f95e1dc804712af55143c0a31,false
2604a0b36c2f394de80fb2bb9c4aacdb3a7ffcfe,false
dea5cd585ffde29c127962712390958cc4b024d9,false
e91274ce23c2c72d0deb50f32353238dece48cdc,false
0291d967412af4c9930e949d52d5c26342535fa0,false
492cfdf03a53a5938f36779fb4e3ddf94b3aee95,false
625ab13d9753c852176129a1ce887d4b501c7886,false
7c33d7da9508a26c462ea09c061eddb3bd3f5f37,false
64e68e1d3fe01de5904d1e3f6834c25e84af1ff0,true
bfb355d887d3c8bfb9499091ddba76c2f915240f,false
c3e5a4bd8b4bd37e0c4a10bd03c8c747021fffdd,true
a80acdc9b19cf8e7ed351aacfa18726b29a7705f,false
ade809f29ba2358da743a96f8d7df3166ae651f1,false
84fe383eafa5051cf5f8f41b608875a51f830a90,true
c860c22ace97f7bd6670170e0ab366fa421a3df4,false
a81d92d6b62d230d12b7fef2e91cb822b622d03f,false
5d76da022c9c04979e3a91c4e70bc10f54b02a05,false
eeca8935a20d560a934068ec4e2a453ad46f82a8,false
452e13344b3837a3ee96df3ec0665575bfbc23c8,false
f953dfd0aa67ee02153be87af12427538523f7f3,false
082b1199efa4a0ca40a39452d3101ae964c9ea21,false
07283152317ddded8808c5fe2b98862d4e9a733b,false
2eb18e35d9963288efd9c2938fb531a0379536a0,false
1d9faab956a935345346b1ddaef2296911868ea3,false
d58cf495b39c92782a51215f79c9248d60bdd162,false
f986c2d38bc4e753a5eb581774d2fdb75e4efea9,false
f1d294661bb49998988145ffbacb3a436315b72f,false
9c7888ea09fdcf1959b145a0f6b8a8797891ce78,false
83ee403199c00fcbaee08d0eee61f4d56dd84e6d,false
e8b54e35b4fd53345678d4c392a7ac414b856738,false
989ea127292d12e5a394512be83448d4d16a0251,false
705238c36a227e7b1555046fc3bb45365f9c3a45,false
aabd308cbfa91a3ffe3e25d3203cc9953b6ed914,false
87ffbef7ef87b5753f0f820ccdb10be479f3d40e,false
91f368cd4eb35477bac1567a85a0bf209ded6853,false
9703080d3be1701060e0a0fe4b4fa01775aedb53,false
d212b3c6392b542916b9b656e25d712db943bb96,false
a7dccf9852ca4be4c99c243ea55825662797d046,false
c6c7675db7698bf8275fefae6bf90ba9e5de23b3,false
b0dd39f0dbbf529abf69f18b0d403223cb3695f0,false
f82c3312c53abfe7de2a0e6eeef6ceae7f2532f4,false
aa8137417ac81695d16624b3a20d76aaa8f09483,false
0462171371d0246d951d2c5903acd3c1a1fdd427,false
044249d6afdc6d8628057ef25e12430af4d0ae63,false
076208cf7099b492d9894df8baffe35f85034e90,false
329e6de2509a7f96d9fbc9b7195395678e98cb58,false
1124fd794a7104b7e34df655e24aa684484a4e4e,false
7c96be80e12a40eba6cc29ffad4113b337b79267,false
b88eb9701291b9aaadc169da71a304a477faafc2,false
d11899bdfe5aa8d24956d276eeed5d58da3cba04,false
ed59cf4cccc54905910a4234eee82be265632050,false
f0c761d67c301dd01f8788345140c93e1fee0f83,true
f52524a55d80777ecb2179f3ff3a4bc45a65f857,false
65eec62e80d40402183a53d231f533f193d3d8d4,false
19cd07fea67443a7486b66688a4df3e7857a93b3,false
d027f4de51b2fed5638197270be52b093c459959,false
1980504616b665bb8c859c25430a30407699764a,false
6e61df56c8ca467e356a3f3f42fe221c55bdce1e,true
8751572dac1c91c80c6a630b5cb2d80cecbe9e96,false
c095d3d40953beea69c466b3dc7c2ed617e4743f,false
1ff3d2b5b15a79ba8dacadb5f313a026ddb27823,false
fb13d31ef875468b91c2496e6de185e1efe5d637,false
b98aa894c30992aea268a0de3d4123a4442c1ce1,false
9152b2126c026dc143a6a9d56bf94d48c39e1904,true
d817b46a02c23694e5e015d7f205abf53212d0fc,false
e04dc2f38370ac7d399f0af92ba58d335a5e5ab7,false
09fdc9e51ce95a76b8ce4ac9f79c92ec51cadf1e,false
4a4cdb58be1a68171d2f061bedf8a9fe0d68e291,false
ee351e8d25d656c7454efabc734efe689446c349,false
60ac148a13b8eef58fcfb4830ef90ad7dd6643da,false
33d0847f2683ec22c83e9624660801c2b3cc4d42,true
6981ec9fdd0ae2c766afdc342d216f19090c5ef2,false
39d0182efce5600e663eeda3a7099ca55e64c5ba,false
43db7964024b560b7c28dbf302c3fd6a7ce7dc1b,false
86190cea06c535f078e354de4697a28114b8e885,false
0c3c79f7d2ee9cd691f95512dd3c8f974997bec9,false
3ff765207b7d4f7c93c34be4e0ecc77a6755eb0b,false
d3afa0000f1d78f0ccc013263ea08f901ed22a58,false
bd07edcc8d005615d5c529bf09ef374b471d50cc,false
27375e034fdb40005946f5d1c4a2ae03569248f0,false
ff9c81f7d255aad8cc28d77a175b54c453049520,false
20e1ccc4a9e254b78f5234fdbbbb1ade7e619dd6,false
bb87ebc17251ba7321f945021bec2ea0afdd71c6,false
8e4449f78584aba7816687c705c73eeb516d64f0,false
5f9999802cbf07e8be9f9c70c870f270c82bef51,false
c14376ce3bbba0f1ead99a35dff49671bafc12b7,false
123f19a9f787bb479e923ddbd55e420708e9712b,false
c7dd06b4bcc3f94879e19230cb0bda721475bdb1,false
12d1a1f1980f196dc73a8bc58913afbadd63b1a3,false
d40ddd4adbb90a2e4502d54d3c28b94e88e4f807,false
b6d808b01cb0b0e127ef9aa5ffb755f5541c6c7f,false
06b2054d121c209ffaaf150a86c70ffca0c7ca40,false
fe47317e0553f96672c04e2d778d73fd6bc79c27,false
b2c8210c62b513cd25c4dad6ca2f03b7e607e7aa,false
e7a2220bac8ec05891bb3a7e346ab49b8cf9e997,false
8b0e3863943974f5779620d9e76f03c7c79f5c02,false
3defc3e74c796ee92ff2d7985160ec81af1ccd7d,false
01c4cb812dd14cf6b9ab5a4ee2935e61fec36063,false
cd366b4f41b9d663dd4bf570648368bb90667081,false
a5e0b6b7d1405e4e7805dbceb6ee092766894ca1,false
31f24b52a4d1e8dc035473a18c2c552b9e3b7b9d,false
e08d4d0808ce1871cf8f8de37f9e51bed32030f8,false
0d1012affd997694574fafe324d5c6d1df40c38d,false
014e6dc1eab927c9eef0661dca0ec39be183e0c1,false
eb74780fac139c9572ed8eb572d5f542e3f0f760,false
1c782f1ef4af0343a5c5ac420a19b5426bdd99d8,false
e714a72cd563e08618ab92ec6c14f63102e2d01a,false
6715ba6251ccc6f55bbad9dcda5810792d46a2e9,false
6dc61c846d88f40ead119371f9b980b398933ad4,false
26d9dd7a444ddb8001b89f96c82fdbd1fb5e9d9d,false
62f62cb84429f8471deac29e0c250fafdbc042a0,false
207c446f72b477e7970630c546147a5a986acacd,false
e05051370a1edfc11417bee86807968962f6b855,false
6ccd04967eb20db9f287415fc7f20ceac0f1fa5b,false
a5214b5b4fda089ab58d521d868dc41c1ca42ab3,false
8398afa022c3a0bfbf5e9a9f6fae4cf7af07459c,false
aa7b4e41df610fdc4d7718a0c1a06ac390607ee2,false
03e9260175a2aa05c25519e8e8e80808553a3269,false
70a18da2d6cec8b9d8db82ebed2dd524d7945696,false
76f1df3b23737b436cdbe40134c99bd2f1acd7c9,false
51fae08ae240b62c5e322069716f882b77cdd3d3,false
ea9827815f0fa5ef7e37ea39c5523ca7c8747919,false
3defe566eb36cf98c8c6f1f88c068230e3784f01,false
52d93162d6ce9f77d6ec68cae3d25fb649e65c62,false
27045f3aaf0def8e87458944d08a4ed9569456be,false
9c06bda79f8cb3a22fa30efb0b4da3351319b658,false
a0d36935bee987651c25d118b8877b2f73ffd674,false
dfdef60c2788cdbf90998433ce692cb350f3c40d,false
8c41973384175b1d235a2910713288456e1fd33a,false
52ff2aab961e45dbb73802560338600715103688,false
e9853a7ed4025b08ad1538ee85ad68296b8de821,false
c8c7eaf07611e50ee5b3b400d345a280f1dc60cb,false
6a106236acc767b98002d3d8c347d901ba5e20c0,false
1034d21347a1e1d0efb27db996eae76ef74ae788,false
5a3e9c3ec6f2313d06864f500b8ab8cea8277504,false
66a5fc47922e56e9da9f95a1fa26a1ed7d93cacd,false
09812c6ba3fa309abcf6db7759eafc256e535c38,false
31abf5ceb18f0fe864ac685ec4a6f6f2972e906f,false
b69d069c532d5cc55cd5cbb7cba0538348be6780,false
a88b4775648f6df9b165890bdd58671f15477905,false
75c724ada41c96333436606aa943a12bee0167cd,false
d3c9acc97682a8dfabf1c46d8a239864412e0bb2,false
82ede31d14492c61e4fe0bc1fc0c53296e09f9ff,false
e4fe3b4be881c2e08500daf3a6ca22e589f3b1f9,false
25dc94e886d6a1a817c87d09ed945e4fbc27adab,false
fad26cf38d1ed74604b35ed1d4fe6d87ec7a2271,false
ce57f042a627b5420d6d4b3ec93469299ac02ed3,true
b65d7fc089e9d7a0d3f0cd5a6e4373bffee473f8,false
86d161b6396bb34e257a917a4599a827147d0d46,false
6a7b17c016e0d85b1084980957a3619ff4496ca4,true
8e177ae29d1682132bd956c9ce74cae9b1b2664d,false
db764d14a31fdc9c4613de110324510333eec1de,false
e4161a05353487a1aacd0f9e8e6fcbe532002560,false
838bcdda1e692f7decee7c73393528ebf34b9240,false
a54729e37da8dcfdb2cfa94505e3e3b0feeaea8e,false
90a994afc75de13ca7a644d31a989bee14187d34,false
171a947823962bb849a65e0f01b2f4df768ce4d2,false
d73d0f21255e7ea57b36669e55a446a386cd3aff,true
dc72cfe8984b33496bee12cf173e37b93b798341,false
c570fc7a6f233599408be64970964eb24e825e60,false
7c5f93da2a0e2006f6d910db8616c148373a189d,false
55474f94f13d39e8d85a0e635d6b01531e30afad,false
f521f691753bf4671af02cb6fb8fe76b0f499156,true
31c22737b0307b34751972e3db278923c0152ab6,true
9100d9934b9890fb6d339e2ef9e240c961160ffa,false
8138cefae360cdffb8d49276344e4959bf079566,false
12670de7842436407c15b9db3c96f92442cf67a0,false
945c4d42473ea25c475ebb77fb7e12020a20c9f1,false
4cda58b9387e7ccae293ea3274452ec487f3df42,true
8c218f0d4271e63965543b2fbeaff115d5f41e92,true
9f00f092d31d375c5deae4b22fbb80c27ca939dc,false
3719dad7e3da5f32c0f65c7fb0866273d3f27bac,false
03def88467d19cc0585295d960c340175096acd1,false
c2ffbf05c34d59d59b6b6fef1bfdce927c604558,false
cd39ec2459f0b5be52e404f3541b889f6cd56bd6,false
055c30bfbfb574a554ca76a652156f107aec12d4,false
6cbdfda0f55641c51d9233c72769aa17763989d5,false
e8771063f91315609e275355611308b855dccd80,false
3c549db1c467f57ee9d315f944f48724e7291b9d,false
c3d18ceccb193991d03dfcb2f8dd9aa901e60d50,false
909ef9527e5f4062977a5f76b1ccd266a69dc65c,true
188f31f86c2828c66ba2e1c58e413d805ad245e2,false
06af4c6b492004a2911954c299aaeb7eecc53e32,false
0e83a0c8ab32dcbebea6e86c5c4232f4dfe17ab9,false
01061f10f68355cec5becd45364990c7ed664a2f,false
bc8673c7bc15723d3e216a72f2eea4fcf52cae7a,false
1a41471e9b58b031dd6fd3035b2822fc3b9a6a3f,false
1f179d2951207c888adf238380a1b7cc766e451a,false
94d6e027fd228593edf35f2d5e3f91a715104089,false
9eaa7f27a555cab151c7a55909b8e93a9c8a2f8e,false
37d3dadf409d6e3410efcfc261cf8109077f6ea3,false
8782e7e5847baeb80453d14e0886b5ddbe883b84,false
1128aba516b4545e89514fe431521c3df6171a4f,false
1f3da160627ca9f5544bf4de9f9270541bd47872,false
df51219ca66f194bd297704cf33ac9d4a10ed700,false
a8ed0f1b6430af2348245c0942e159b3fce09556,false
44371cc1e400f3c75cf7062940cc859d77602e4e,false
951e829014efdecd5fd4207a2d199e4670083bce,false
1942dae5fde4050d5a84f4dd2230c6966e812e35,false
d37245f8647eebe88421e999c4a2d0408e8f2d6c,false
8551d4f334ea7081fbe8df65caa5d2ee0f933dd5,false
0628a2aeb2e5a07d338a7694cf2ac6557f17facb,false
2a599e3b055baced5c31085d25a3c828129c3235,false
fa68e19a7b7921b40a18e1cef194f0b7191cab4a,false
7338acacad3cad19c9df3ece7e3b114950e53c63,false
372ab9e665dd3a3eac00f836774e11c3946482fc,false
53efc041a87ade54b717411ec4763a6fa0b42adb,false
4a445ff2a6427e4b632a5865c6f2bb3178bd3de9,false
3df01437a4f6ea1eadbb76a37a49247e426cdfad,false
f55450e8f8b97282abf46bbffa65b22c470acc1f,false
adadd02f8ed07fc040178c3cea5f8967dd56b6d7,false
19ea00ccb74a9dc1c9f30c84a64fe3f015568ed8,false
313a510d33ce320b1f0da959a923defb235c68b4,false
277456be50ce5db33836b5daef868b7eed091959,false
9ee6f96fa66a567c778c985bf0f2fc36b862c026,false
7a398b8c7192e768bf8c841a00aecd2d371cc1d7,false
e2c739c12cbef0394498f370b2d7375cb97e73f7,false
7384ac2e6111c40abe2f0230245dded6ca2cf577,false
208cde8ca6613d8f6bbff5ea5a6c34195ea99cac,false
8d060c2a3822e8b94d1dbd4b6863ae5299165c94,false
40c22c716f5828a1face72fcd454bbfe941cb2c4,false
60e208aa0d865509d33a8fc5bb37853ccf683024,false
c668d34d2c2ec3a48001d8bfda274d2d5ba9916b,false
9b0bf192a218e86c2dd867bc8f0b85123bb75a02,false
a2335e4ff4955d928723f2712a772bdb0dd3c7c5,false
7d2794a0a27139dd8d017374b5dfc502a5a4e801,false
f3e781e50a0baaaf4775ead2458c7f17ed16db2b,false
f25cd08935d344d9ad41c171a976ebd7b178b66f,false
e4618f2b674408020fb48beda28214daf2575a98,false
77df1b7c64dc913577b319a5a80fefff16be09bc,false
75f31cbff06989784fa40bc6f1c4b76450bb3f56,false
aeb4912d07c24649449e9589d0cb6101b3587443,false
1e6a94cfa9dd98cdc6dd668b3eea05e858f0f803,false
ff0da9db29cf605519cac602cd48109c4486720a,false
f916d71263b3f0f2af8126db2acbf6c73050118a,true
50a6aedf0078946f68e84fae955891e6323a2de7,false
40b22e8b1d54cc3d1cda3c30e2714999f3cd9e93,false
dc24ec26bc1e0240dd21fef7c1bd7e924ecfc46a,false
6c6286eef4555567b29287304874b05e244e3233,false
bca76ba12f4b3ed5db26e2544ae5312c18378537,false
ca1c16d202041456bacaae2959f2949b8b67180d,false
fb63c7788ea91d4f0eccfbe2cdd3a94ba8e6563b,false
8243f37b084ba02da721805ef70d5dee94b7c999,false
a6a4c35dc85802318c1ea10e7a60a66482e0e4b1,false
16107cb049faaf608d8be9217b7d6470f480f66d,false
bf7515bf8ab55750b04facd8c9f93d3134c17864,false
9267aa4ac3a4bceedaae62b58b6aa98da844e579,false
6c1b9dd91cbd99fa42abb796ed79ace535867053,false
6a40d29da59a7bd52addf1ed54ec6123a77343be,false
8beb85a4781b130025f51a4bb9b48c6fd4663484,false
e3ba00dfaedaffe1928a8c50047d95dde5344139,true
97a5faa9d94c2efafdf8020269605f8ee4d12f67,false
f79dbce520e1a57d092241d42a550115de95f3cb,false
d7b9e57332225e4fa987fb9d48275ade0b1de79d,false
e61ad20ea3be9b644d9097f9e928fbba6dc5234c,false
0be7e4cd881726944186583a0d06b95c825717fa,false
c2ba92f7eb26258bfa7bb01f38310221ecbcedd6,false
4d71af8b82bdf700fbd239a5db32eaa1702ac41a,false
007d412edd9d8b3cce8711828e67b80388f929d2,false
bf74521b21bb31ad90193c9a610b150b97262825,false
e3d0a307e0c4db8926aa1863023a30979ab1ed2e,false
96cd8f547edb706aa30d1b7164be67671af5db53,false
ef8e72de90eb8b7fd1a2a67b99faeca046285cac,false
ed4dabe5112a9cfdfb02c2f5566137f405ef1fb1,false
36f3c5ccd9dc9b5e2bbcbf4fea2de4470c5adbbf,false
d73d9fe6669d2d092adc81cdd89a6afe56a5156f,false
299f35badaadb0699b947f76afe964590117bbf3,false
b60dff65d2d50cd1ef1f6661136b2e6d86b49ee1,false
3fce5f6f560c47d5814a1624839ec651acd2790e,false
fe82081a8add67cb0415acc65351fea99710b3d3,false
2f51e6e3057a38956b4653bb0e4ae1827fdea5e3,false
dbbdb4de9a8a26dcfa3673d5759ff95dca47ad8f,false
751a4daa18060be0c6be290280c663521bc65fd1,false
b56516ce68b04145ebbb7351c99d7e3d85622c17,false
051885ccb315ee1b8bac7c8fcf304669a04901f7,false
58123ead7808d0cc1127c725489859c405f67a81,false
b05934c7bc555e4c93f619e6daa9f2afa0f18157,false
2aeccbe4c62da9ced3083d09c61e12a9b5bd5069,false
a1a2e244b18d31c1a4fda95dd4061f290433bc6e,false
6331905d38004a9ab848523e4df4c8a8b875a500,false
739dfb3e6d956bac1bef7678497335d3f2a59934,false
bc16727e37cb5d00feef6e517569e9cd16173aa7,false
81be6e4b06f65a6aa90dd6ebb8e6fc661f3f7a41,false
bbed2e45e31706250ac694603befc6ea0d48b089,false
ea26b3b6653d15f2881861c8509c9e1cdf21b387,false
c1c205b462e875c2b14a0d430d888529298747d9,false
8bd0a0802fffd0627fe485521792b752af8f20b9,false
0b7166e35c9b5147a81ef5aa4ad1beef1326fedc,false
35ebf633d3894a7ca99828a2e24c5ce4b65283e8,false
bee9497b7465668d7495ab61c0b59e8174911128,true
fce9cbcc902a6f27a8adf8b398fac33a00860709,true
9d04d671677450ae91868391ef84379024b6c3e9,true
b49c4c5cb75ba0254a445739c67efb4414eb2bdf,false
370aa2788864ce1c7321bc2fe599681c620c0076,false
d983c641fde4177c48ea20477f388bc9d44c3ead,false
35b8e4fee2ce31d66900b18a71b55488790cf45c,true
69b440444bd41a9e89a1c3151246d49029bee6dc,false
cea0a9243914fee30427bf9a87ad587c7f242fac,false
ff970a0be9130bd1d573841d9e4cc0bbfc50bb6a,false
5788fcef09d741e638bc5e01b8d88649af60c285,false
6cd2828f2435b0df1b9dc5c977033087800f56c4,false
1efae84933739d9bdeb2bec65d7b608aa84ecebf,false
e518204f6e1218c12d7ea66302ed090539e68780,false
90ce1eb84c7c7b472e79c3fe7162dbc90b30beae,false
aff93afaa5570229076719fa216163c2339a0f0f,false
883a3b46bda82851247b9fb5854ebb4521341b77,false
e905512187d9a91cde7fdc5a891007247d70fb1b,false
eb81deca85f5c61f4ad08c8ac5d42064ad0f4472,false
20292bd4c8f9e3e68d8848757b7b483fcd7096ac,false
6fd0fead883e18f48aab6de1fad4131af4dc7644,false
b8fc0bb5cc45c0acd257b6fa9bd39449c86e289b,true
83f87bda3f2ee1b25ee48e0a14f6aa1505c2b090,false
2c89742b99556958d9a4b175bd0ad898b876ff0b,false
2ec0bf94f8c0a64befe0f871a2aa8d891d8bcfc7,false
da690add5c5ee11820c3e1be5954125a67e1dcc0,false
a80ed2b4fde975fd2a4cccfda49f7ddf3837addc,false
130a25bbeb5933d51416a1868a031a8a4c71f9a6,false
113a3ab296b5dcdcbc197d42f12b997c6405fbf6,false
c6748c3d7df139933f1629866314a277dca2b1dd,true
6a560eacd0d8ba33606dec559aa3f03ffe8958fb,false
393529c07bfc6ebb5c548ec831caffface6ee905,true
eabf932d897dec55482e2ed4c7f1d237c799f09e,false
42241067225058b00b70e937d62287503b31af8c,false
10db19ed50c4229d64d91df3b8c1464a0fbadd34,true
