hash,isBugfix_mistral-small3.2:24b
a072d0a85729e2a446e4a52062354e9fe1db9aa3,false
6846369f563d80ea84688ba8e7abef5a44fb5190,false
2640d506e786797a140eecca829cbfaba2d8e0af,false
9a870632b592427dfed585a04f49623012114d3a,false
6bbbfb6083c035ddfe1f81683cbfb7110cb3db4f,false
eab3a1279a646f62b88022f9ef2f5c999c8f6841,false
0bc5d1880f1c9c5055eace6ba30e0c0e02661877,false
75e952addfaf6a226cce78cbf1ea34094826e056,false
56d5d29859dd6ed61822ace2f435b18548b5edb7,false
0d089f5cbec2d5833c3484e0df11e97375b243c1,false
5cc71f806019cb15e827d988e80e080c2bea04e5,false
8a040dee530460065f8b5a61d792ff512bed829c,false
a963a32a7c5c096c989e9191bb7409ebc74e01d1,false
d2ddb1113257d71ffcabd7a7cd8bcdb2457e2200,false
0af10d7312bb88f3b6a17aebca4e4af0a3f7372e,false
5dfaa10e7cb645bb28fbfc221131f2ed9f2861d4,false
c32cb41cc10a898a161fecb2f794a433d80334e3,false
8f1a1170c51b334334e6f742c5c4c7b54de34a3b,false
068b3ede35d76b87a0aff2071957c00a0df669a3,false
6cab22c1ed481194d05fd414fcfa797b919500ed,false
be7b2d077e76c5d6cebe7e0e200a84da4d1264e8,false
cd708304f1bb99931a7baa99c71896ac2f9e61e6,false
686c86bc992974b91a6c2e81723e115eff08f4b1,false
ac913f27ae3c740eed6147684c0ae0cba438528f,false
6088fc88807be430932b8503069cc0940b6a58ae,false
09ecef1a3c29cf36bf85c3b6275fc880c02b50d0,false
544c40049d82b52fb2c6aba5557273463330177a,false
5053f9f847330c4b0615dc70b07166c14ddb5c68,false
79365be3aba67814c3e9b11ba984d8b86f96851c,false
19d68039b965c4ae323bc1dd2b0df82ca333cfa5,true
9e4219caac3cbb1fc4348b487e20a9ea5788a85a,false
1bb67fee8aba6179ae787c2e40b6f8dedf61c2be,false
51a273be62bce83d4c3154d067aaf864afeddb03,false
8045782ee3b0ff9b8b37683ba96209a7f34811c2,false
bdb8ac183f949205dd058c5787675cd4fb039f58,false
6749b47e6165899a375a119040d52d8db7a856da,false
bda89e5dc71b9a7d83fc9a369b9b21dcf0ea71fd,false
2f5c758da3acd7bc5ae8377575bed33932b48196,false
d89bb9130daeb619afb0f48a55f13ba346611ef3,false
a16a78d0b5c09f0ac063cc364da8a0bfc256c46c,false
dec043329dc7d8007e7d805db495c1b8bf5817ec,false
f3bf2c3ac09214cfc2ff33af09749dc50de2cdf3,false
1d87d02691121f3d806c483b084a167ee9483650,false
de22018fdc9d46a92dd61db1e48316968220f1a7,false
f504ce433eea514dde7811981aac1961d75a1fc9,false
e941cc486aa39f1a6d722b45b885f92470960a9b,false
4df775919fd962d119c06be513c243a7f9b8b898,false
3a6faddd093dea1547bdedae1b53ee2aad10fbeb,false
a2e0ec6e80c34039219a1079b9be33699829fe7d,false
758fe542891df391e4de17f2b5ae0085bdea44b2,false
06c377ca17ad6cb8fc319f160fd7cbb61b9cef37,false
a0d141d931ba9241431f34b8207cd9a13ed51710,false
91de2fb8f8c491155f7ed02fe95bca78706d6e78,false
dd23ca987fa99631c5e5e1dfad5e1e8c6b1958c0,true
9d762b0fd8890949885110389ea90a226a6658c3,false
493dd2c4a940f4b9ddb5f8cb7f92dcbc27b08eb2,true
7ebc747ac309fa1330cdc078b72cef9b8afe337c,false
e0d43d8bf3a1c2b482e8fab5d4eb9b2faeb374a4,false
edd946c321e7e46fb17bed5e6b8646207a468ec1,false
8bbb36dd26b03b7d902d7296945a30fc44fd0a78,false
333ae7cbb25ac51562c7c291613a5375cfdd5e98,false
30a8073442c22a41075ed5eb2080147ec1e8ef0a,false
d49145473fac8c951bfe79eed6bf1a323bbc3509,false
459ff1e1d25d46920c5b1b2014e7bb5bad8101ef,false
91a94b2486bafaad1e3d5e798fb423fd958e0a49,false
3275ded0eecac274af4704f6ba686744d8d51aa9,false
7aab9703e0112b964fb53771cfc3ea8ff284c9e1,false
1cc6fecd18e74a33fc753ab1937b327c639dd01a,false
12ffc56a58b21bea56c0267761f7230ecb160e19,false
872e53a2020b3ba8a5dd3d896a472a445a6c874f,false
f66bbdf8e73f4a973eb00d4d550217069b675f4c,false
9449a50d6081f112da04c7846743ed1f5e3caaaf,false
19c1f0bd2184063768808b053333dace67638766,false
9cc50fd200ab61e992d92cce6d46cbe3a5ea0254,false
139d0b15651a2814a0057eabf91d4dd925457f92,false
52fb77790c0a98000bc4f0d3f669ab3b6cdd9579,false
bae73b6ab9f3e25942e2addf0aed570918922ab7,false
16805691dcd06814caa12034fdec7f50187955ce,false
0ca597fb8ceee512abaeb8d2c4fa8185f3c78dbb,false
dbfdd808e04e3878be9643ff8823449fc28cce5b,false
0197291b2258ee4937fce2ba54225e05b251ad03,false
c632d515027937ceb5c4381ed39ac9f4fbea9642,false
7f32d2eae79a1a5efdb6cd9c080c8073f3b3bc5c,false
2d8085bf7c67137d232d8a9612ef9d0b196e8b14,false
d57207533338cb3fd370be4348cdd2a4c64be63d,false
59ea48655ef964663df8ea4e0a94dc567885a960,false
4dc4228bf1b812036dbea1d5a4698e4cbfa7e30f,false
8315d10b2aec994a51cd57fdf7c69bf08d9df063,false
44d8cfd155caa96275eb9f50db9b3ad126b02583,false
02498643d6c895e7548b300f99aa913ba0c604b7,true
7ee22f1cb4a3ed3cde3ed71818fb963628cccf75,false
b1d011b776de73156335f1e8b2da1c0634298a21,false
78cb32b75c88fd11e5f3574f3c1fb9c8fb366acf,false
25b9cf0d8e49fa0c135f0cb56627cffa1a1969b6,false
dc880ed81a331c29eaf690a0728c853bbeb93428,false
56229180c22de0dd633f1b8020eecfc6dae67d16,false
633d7b02817337e5787718a97d24bfa97ce0eb52,false
8a6dcba8cedaaf9c8a41a88909b217729c69e394,false
c8cc10bbb35075375eff20caf0670082a5ab41df,false
c2e598f0a7648c1a050ec2ff71c40abb55a01a8e,false
0e5dde862e96818c74603bb6f38c407064c0c204,false
cb60c46d11010b4942883231c3ea151753c2193e,false
354b83a2ec1134a7a06b42111feccb144db299b1,false
8d2de9f41a03248c98dfca6bcf37de0518333ca0,true
6c18cfe7f1389b7fe83c25a72a8c4cc66747bbf9,false
3bd978982830f1b21afc6d8623d630059fc77a45,false
b31622a46fd7cb2702698a5c947ca5a13bca3b35,false
6b10438db312a187047704b2d6d7af86df56ccc4,false
8c2d18d83af64698506e3b1b6c17c8f6da149ae2,false
3a5ebce526b08d211fb52b918eb697819fbe851a,false
e9d0c84cd6bcc9e83d459587ab4acb7ff3e4dd1a,false
cfc507bf1051e253370580e6f6bdab18e9208b57,true
3123e94c22d1feb67c3b4efbeea5364643242d81,false
fca2528a19fe9e792198deee4193d3977f199be5,false
07046d2ba4cd8d41b8feb963938550e06cb832a9,true
6e4698a4147b1131785d5cbc932407c19e541c36,false
472df85b778e84af35e1a65f786b6b36b1be9238,false
65c28956b1dd66d13cc35d6bbf30ace4394bfafd,false
242beab4da89f12e06f04de7d32828ebe85bed4d,false
2c7bf9613b6f35d5837ca51dc42ced758beb53de,false
295342d395446074176753274ea64ed887fe8019,false
3066f93da9e61f1e00e9ee98dec730675c585ac7,false
4820728d549d9fd5143ac96decb6bca23afe9586,false
3d26069a6f789585be64c145c6c7ca7f5b722490,false
ae37ec97dff265c8a21abf25e82e4dec371a5b2d,false
7556b5cfe20aecebbf5986f48360a8102098f061,true
8027d2b42c1cb9b1ebfdef8428b6c7522ff4d042,false
0ba930dcb578d1f16a21ec86c6cee48ab2984be2,false
3b1f8547abd8aa34565110f44cd9d4ce05efb6dd,false
66f54ed30a99b8b5fc4cf8e24db526b1154e73aa,false
87fbdb941ba173dd90ba57357fcfb1bca39713b2,false
779bbc4c98e73c35463c14e5b24426a4663cb8e3,false
0bc2ae6134e263f0bf5dd08cf4b8f76fdf631792,false
3eab750b022b2a0dd4c1d940ff3196c1e861ff4a,false
ec61c9e8aacfab82766eec3cffe8e34c2107dee7,false
f7c9cf1f80b279f0170670eec7c99297d8d44050,false
2c7431cc4dadc65c4f3b7fef973a108c80291fca,false
dc1689333a431dfe950b0bf8342cf13cbacd199c,false
71e9b58667e01bf71217c1438fa523def234771d,false
6dea761ab0eb6196bd9d981f12cf798c6e713561,false
2d8042ed85f1bcdad855fee10a742419c1b2307d,false
165d176ec242361a2b818029afbaa25adac8be0d,false
77e6e8a56ab1536f8f4952f27eaee2f5b743bee3,false
602a605f45b3902a350029d2de287b544d8aeaeb,true
4833308150acfb41020e7d65f0f7584ceb081ad7,true
2816dcf78f97b8725cece0fea8a98631aed1682f,false
842b0e80e29c457bc8019acf43ef7c34194bf698,false
da93e9a1fd52eecbc082752b0f64907baa730f91,false
49917730841fa4138dee7b18bd39a72f2e516817,false
f76aeb8ced807aaa63e20719c5d95b316dcf20c7,false
b82db94f6cf18b61ab7c52e1ade492f329d2381d,false
08bdda6e42b077d08fbc986fe9ea0b4278c020ed,false
17110e7cfaf214de4e3d52ebfcb0b82a0984ea5c,false
de1b972e2b68f31e870f7b58f0267f6777158783,false
f39afc78e7b023ea8d15628d7cc7eb73a28519b3,false
180346179232ac611ab340435d3a76cf587846b3,false
ce81be4db3664ea1654118bfb2cf40ebba6bb6f8,false
b41e0c32884caf6b96b2f5b0bcdf99eda050b720,false
b6b42198babd59a706a65b0247b7fd10c49c400b,true
1211a57a2ee94524c6c949bffee38eb84f855a2a,true
9a7d00105cd3016977e5eb5372c6349fca4de8c3,false
d26b39d4483cca8b56df8103275c4af83b06f0a6,false
4e41279ed1fc29564fc68aee0f23d04e240eaf51,false
3b9f3c1fb8df3f001e76f7cbbe95d86bb9f2ac5e,false
cfe0ac1b42a76e9c7ddc74f284ede53100a52a7d,false
2e9b86b7471ffde9e015b3182165a82a468def64,false
80207fbe4a61b3241696b2333e72ee5633def41a,false
ef71f1983338edcf1fe55c0006b0a0374da8ab30,false
8025de33a6bc55ddbe5776566e117e3218f538f8,false
096f8fe369399e46357b45b4ff05ec54fe0e9f55,false
efafc7a96747ac55b84f37736b7fc8198b96e14f,false
da3cbec3ba449215d3ba8661d3de8c7705787bfe,false
cabac5add191aba20e93eb2fc14edb6c724a02af,false
ca942340e4c3eea19047d6327b73757bfe22caec,false
4cf50d93e42c7895f6d17716a66198a53979c5aa,false
90dc43ecc98f4bc2247741a3457b19112dd82ece,false
2e33dbefda72687cafc1f9f01c785e425470c071,false
f606f127514c638bb3eb3e0bf80c85c61980d991,false
9f7cc55a2b8a8cc7c342468fb7ec04af1e16bfba,false
148bd4209f1f02970ed3e4c9d607d57c81baf448,false
14d591fc8f68c584e8ca91992e64a35c4d7a1491,false
3b49af1b68293cc2482336ef2c584dbe56507f96,false
fd2a63c3af5cbe2a8700f5c54a3229c836ed2ec9,false
c3ddf70458420bc4de2c66293776a92ea7d5dd9a,false
f9bc1c812934e9a8aa09fe2575d0a0d0b36d0bfe,false
8a2584ea42be2dafdf49878c4009e60c666d5d01,false
3c273d1865d226355023635bb600212b6f96b071,false
7dcfd10b3871ff168de6734304f82b1eed8311cb,false
35361768b5c12db658cdd4f2a55d6ed4b9f74d64,false
0ecbba73f66fd19b8eaef157190eb9dc7ba24e66,false
74926f217000f0a7c76700241732a6d9190dc4aa,false
25c7caac614a284c0596ca5f7b2b547a365c8dc4,false
0a2ae434e5476e80be3eb2f3b699ae008c3b7524,false
e10f2e1b48e0e97628a8f75b8baaa86f486fa933,false
dc4aece4bb11d3052d556812653b161d0606e561,false
991ee40dfd20e599fe38aa34bc62d097f591abb5,false
02ddc06e14a4a4b952bcb4852b70729272a66436,false
2d8eb46a65a412906befbe105ab2588b43b45f9a,false
d5a68a1bb33cb038ebaaa2d4dff2ce346c1c9453,false
04fd4a4d3722298f0911190f093315673f691b51,false
ebd3685b7b3565d10e7b8d6bcacf816d7d83780c,false
9d07ae18308e97ac431c784a1e3f7c4c8c395c55,true
49f9066cb8c653d86486094b6e7cd2c3d8463b83,false
b247200e4d7eb4fe53f89c7cbb5d6229b8735abd,false
62c1946e0d49cab8f07343ae7ba9fab06c69cac8,false
7cdd21f2798bf5a0989b84a872395b9c3a3368fc,false
2357abd8e2950288cba73131077c1d2016180736,false
0e37b7502d8841031c84998bbcb264bd00c0bef6,false
5fca2d48d60ddf9d565af20dbe3bd3bdf67cb2f0,true
8856cf217b621930ac4cbbde13c30dc90efce8a6,false
a32f53bacb531251a99e88542f6ca39ed52fe6a5,true
9ac483e807db840af068ca165eeea9876db979c9,false
f7ca39e0b00f439652a9367ac9aa8b6a59ebaecb,false
002610467500c66f5f0f5bbe8ee086c1f109f4fa,true
d11965eb6f0e228ef7b10e825ec08eaa8a8b656f,false
0cae2e98bd987bd7ef5c670b850a5ce9ebd27425,false
aca6f184a2eb7e780e091c8197c16b92d72069dd,false
3bc70faa85ecbc63e525a4cd0b4c9f40b2b13766,true
b30a7be32c625fdf671a13e9b3a484348539fc0c,false
0704aea4cfa911880c4f0f9179a4167f95b0d49f,false
2d738bb6a574e1ff75473ab4621b87e3d5cb0ccc,false
677227552878e307952ef6c3b7f5576b1d3a9227,false
a2283d1aaca5ea2d264cd00277fd31031d936296,false
5c526fec176445885dea9e366044500fdc897f69,false
9537eb84fb657f13168b4dd6454d662584b33664,false
3e3a7017bdc15a736e689d19f151423cc8292361,true
56ea69b115ef9cb1053663240e2ea8a7f7e635bc,false
b3bd452d23f12b78dc2f6cca08f1ad78b174e747,true
e027a25dc3a9e2761c7ab770d7b409c9d2e9f4ef,false
8861743a9a30747d42e93dd653aba6c1898a3115,false
f1ab6948d3025461cd024bfedbbb7ddc5d461a27,true
22949f3fccc2ebb064b8ac67f64b411dc6f90018,true
aae3f89b5c8da61cc5d3cdba127fe04646ce4fac,false
747c3bf34319fb98b9804cce403e99bea8296fd0,false
156fe4f95138fdfc20c3faa6f22c6863d0ee9996,false
8f6a288f22b722fa73a499eede6f10972a734654,true
322ca101f162ed55faec2e7e2c6f960031582488,false
e54530e8d29fb19dea1cad77b026f76896dfbe6b,false
3041db49f64b87af04cdbc249d66ab047d7a57a4,false
d1768d33010022fe8a0de6a6ada9bc453e5c2386,true
e2c4fa0f779295f4924042b226dd8fd3c8eac6c8,false
93576e3a9460c7303533d0a0130f9216ed2979f6,false
0a946ce77ddd9fec6892f0039bfb467b5b9f49ef,false
daca7d80b2c57de11313cbcca429df008559e8e4,false
cc1c47c127d022b2ee171901a013c05f785d3411,false
fe6f3d9806b127d255c554238cc23188000f4f4c,false
ac326ab9ee2c3bdc40a445543f7189c253c84c7c,false
b698e7d64fdd5571a2acf3592427ee79813ccd29,false
7ef7aa167372b195219f9dc87241a529f1d7c8e1,false
b36a20ee53b85989320586c87b5c78d308fe3c27,false
166d5a695a8097203694fffd742002af9e9f4a89,false
277dc216252aab2743054834d6c5aa7126c4f340,false
fee99393752927246a20930898e51e90977ade68,true
7e7de5eab351359d2fbdf066ba4a63a3fe85cf2a,false
7b1ed0ac4a58113a4fa093f3a54ecb07bf73f473,false
b8d97f42bbb78672fadee6fa37fddf4ac2bcc8eb,false
c125bde3437def0b44b85f9bc697bd4b806544b4,false
e24cc4685351a65d5aeb497c0213c621a2855c23,false
00fa6288ce7243dc8075be3baccb86e151eaf29a,false
837e1f208c82b2ebb06fed54c88ae5159b6ef44f,false
9ce2066016cc68cba3e2e9cdbadf75106e6826a8,false
40a77c7dd198b4d8ca2950c842f92803d19601c0,false
9cd5b4e0ae7fbb382e045d37512cb35af5de84c8,false
a13ac732037df6ae187167d640effe788419f438,false
4868aba87bb24714028d826f6865d90401d651cf,false
1589d17d25d344ff000fe55c4a8e6d0fdb70a134,false
1c369564c8458c1c2191d2d2242761a98f6fa61d,false
5190fe4e2696de7ec6c67ea5773be802c7507857,false
b8e7424d946e345a8404624ff44f345ca871dc31,false
2dda3ae0ae8d74b165a32b5bc216f314f4541f3a,false
a7acd566caee2b60e085a56b9e58e18abfbecac2,false
39996f39af9abb2bb1f7b886d4967417f208b31d,false
4239bc797859f43ebcd44fc104aea07d0c43e4a0,false
da9f79d67115999d82a8723641471baa1731e8b5,false
9f0fb930c6ea4398d36b95286a3e735b333be46a,false
f8caee6c61b5d376a4b952f642bb7c6e9f7e542d,false
724a49c0b5775a742c513114eac1162846dcfe36,false
8d6cd7507f93b716563a923869653e7188f4d0fb,false
9ff156594b89f71b47613d0ef0a41d1d226c04cb,true
b86945218548513a183ecc287428941b886c7cb4,true
e3bd5994c91700dbf88e4f2872c96d3fea70eb30,false
4c4e5753e4fa3c08f6c7d54b30dafb25cec31dfe,false
9edec1cada23677b4a9bbab187c39693a3b13dcb,false
dcc511538ded3fc89bf697ad709bbd2fbcd41d28,false
3c63468f492966ff439d7d75d5af2d55513790eb,true
8d34a38a4174b42274073c4ea729c3e879415d6e,false
a5011793a55675f18bbc330dc612047e147dcfde,false
8d4e34ce0593ca7362ae3325ff5d19e92c718df7,true
d6fe2d3c0a32f83310f9af031ee6469b71527e90,false
aad1e65e3c9b4c0723bc4df6c3b926bace9dc86b,false
41384946589c5aedabc83a95a13a58a14e514e61,false
2dae2a43efb7f4227117e0b9efc6e5de267366be,false
0d939e387b3f94aa57d75ec4dcc6fa9d86313fe9,false
cb3bc231efc79268ced00a8a2aa22323a2364c5b,true
00d23cfda23095116399446bb3f5229f0c99bdf0,true
eb0404ef8e7f419498ac3e981d52218ec62ca776,true
c67135be42db5aaeeaaa395f2c4b37178bab6f66,false
7477935e3862e7866bc49111742c284fd4e8db33,false
bde5f14ca288b0f177e05d715b400a3cffe41bda,false
e5499c2fe90da9ef32fab79a7113aea393b3ef43,false
a6c6e3e67d813a7323de769ae475fee2f9ae142b,false
3cec54aa33b32d16f99c4dea4e4ed70d73709849,false
28f668dae7c1dfcb65079e4ecef432210b2a1076,false
d5c665ecc7ad104bc58356dea05933805837be1f,false
5529ae1ea3c0f7b42da05507110907dbdfd04fbc,false
4af30a59d578ca563c628b7906be17e2b8a244dc,true
6d345e4b00c9196d98fdc3cf2c14906965bbd04e,true
115c2b21b36552c42b3e843cb0f32f88eb38a07d,true
d13f7316118583f4c871060a300084a364988bfe,true
0cd7e184e8c496f66c8deb0b605eb21990175961,true
f2d0e23bfacca4c0176f134466c30770b50d2a27,false
4ba4d8155d4c4a25bba68ed743358adc876d7c15,false
c03cfe4718089d1410863cb1f35697ac0cc0dfa5,false
ccdd6b2f440923ee2c756f999ccf682c233e6ad9,false
8c8b3eb95911035ff30f2eb7b5472d7bae2e1dba,false
636cabc8cf5aef53295df6759f8dcc4b31f2aa0a,false
1eee8692fcb7b02ce4940cb37fecf0ad6d1e123c,false
09643797777cca0541491b83d6ac7b8009d5d13d,false
9c08a18505e6d24305fe55c07683f13f918d0b61,false
1ff615a0ddf4c6620a8f5dea9077e529a6bee183,false
08364fb94f36ebeef95009063553765234fee873,false
bac6c39c9b299208aff8470152589e7ec63858c5,false
31edd2cfc2e2fa5cf5bde156e2b68f9ee179a933,false
cc42d61f52b279f430020de16a07aeae270d1509,false
9def4b065fc969171fa0abac4092321e5680875d,false
55580a7f08e5059481ea44daff56cb7586aff820,false
e8df99d1bdf48aef6cf57acf9d2e5a8e77b8b744,false
9f7d76762470bec896f4b78346353adb18a0e128,false
f3d47e07c547dab7788e7bd403fbda4234793487,false
fba86971198f4af9822b08e39d78e4321c519958,false
23b396a756cbf44be8b3c1a482153c1c760c7894,false
aff275b5abac5f18bc26eef293964c510f395955,false
d87cc8c98b5057e340232ec467206df0fb271c12,false
d4ce0c9d98c0026c93a68cfea98b55551cca748f,false
d740ba9632bbb7311a56c4dceb3f7f16c2fcfe3c,false
fbb78f8b164345744268e1403c3adbfc4054b65d,false
fd77e9b44ccc6b42574441433f5a2ced5b519141,false
9d11babf70d50901b7907f5c5083e228d0cfe07f,false
254d04b81152b2bce08f42021c57fc639c34c0e6,false
edf416f60038d0745e5c0f3332905811e2838570,false
ecb1b556fc1422c278c9cf6e7d7593ccdb54e446,false
8257bebb4523ebb8dca325b2384517ccb5069e9b,false
35182d2fa0488e7d230b21345bb1a54b009c427d,false
718c68a30b9a1a6d18870292a895fef40b1defa8,true
0513b49f3e5da07a93a1169918fa40b8aee338f2,false
cccf181cedd7408c708fb0b1ab6ec81c680d06e8,false
73ff442c6fafde927060ba857ed04de94bef15c5,false
1f8102a6a11c3c034fd83e2cc42741c3840aa058,true
7a4081f2f57716e4926ac9096eed56e31bb3cafb,false
946eec25866129b1d16dd0ed24a5ddc70c197dcb,false
23d0d933547d1171bfcdf464833a10b7d5e2b921,false
17ea5c605ed894b0fa1afe7714e141b6f666be06,false
eac7f3b7f35532577c8fd75e46cac768a7b55935,false
f92c70be299990e36eac4bac8de92d2b6d1f7f90,false
aa0f1925e9d89b08db63deb4665e903fd2328399,false
4daf3e263ed5588d95278002aecceb26c0d4b70f,false
9502559bc9801d89bc2f43955ad5328d0f13a64f,false
b99b9385ad53ba9f1aeccddce3d75ff8cd0105cf,false
72c4aaf5a75f70a1ca230760b88e0dcdab820a74,true
dda4ad3efdb169db4a7ae88e12febd440ed42d3b,false
87ba4c563d006d219bc26c380afe0d841eef0e65,false
08fca723ca18f590f7a96cd75ac86f493943b462,true
48450da265fbafd0b8db3fe50f5007cfaefad7d4,false
923fd69a7e472332d84d502471a7b65128fed387,false
ecbd7bf17faa181a4f0e65ffbf7f279f2aaf3fb2,false
e98e6e7673e2806b2457eb8648ef40a39a402dd0,false
c96aec12ac48d80dec58f4eb33ecca5dc0b877b6,false
fc69e0bf8612fc752651dd2de1d1dde976bfca1a,false
180ec7fc2f78c1ff9a45fab15a6ba69d25f2a21e,true
9b8b4e2c39f64ba8619a50e1227c859145f661b5,true
b89b7976233b6b430fbd2035cd0128f8de36f29c,false
894b14417a0de6412bada6973fbb488c09c43176,false
551486b6c264dd52a9a55bb98673f852129fc906,false
0a4cb938916609bccda646763cc61ca6f8f96ed8,false
511037e7af05870eff11cc91e2ef149e3c97b370,true
ef410285561ad85786c99b48371abfe612e21ef4,false
ff3e4f2633057051a56e8743de567e3418db7e50,false
ce35d487c06aa4c06f549579bb61e372d1ae564c,false
07bab458db1d6b04ca7ea16e6341fd49f82e40ec,false
30e58e0a798c6bbb24ce4593e91a961794c7b099,false
415798dca106fefdc736ca8500f82cd8406c1c85,false
ca70b98f6dd37b1b64292ccca50ec761c29a6f4b,false
7cf5a8edc516e0de61b2ed0c55244104aff33dcb,false
9ef3b6a6702d3f6b25224a33a991a3735b82deb2,false
82ce1bcf1f2465390c1770fb925b0b7765162af8,true
5aa2e3dbdb946cab585085e1d70d7277c95b8b8a,true
3cbbfee936806a9f6f14faa22c8d0620f845c237,true
36bb3c941a3616850311ac74df20bf07531c0de3,false
2c754802c97497ec435f9b760c32496ec044edab,false
2a3b6e9bf9760ec6b7e17bd4c42b5c8e015c9723,false
c433de8092b4fbe4d7081686c96e661a0226b159,false
4a28d170b36c0d249db73440984f3296ef58e439,false
31f075bf654361b2dbbe3ffc84b1a154a87fc4b5,false
69883b660e7074951f021d32894754275a16a6f3,false
9dd51a1c90ca2c518978bad4de2f3852c123691b,false
aff34f61cb82e6759a9401927aaed445c02a0b61,false
c1bc3279068199b0a46587becaecf9709f048cc3,false
6885007853fee72e789038977852d0613adec4d0,false
5859c7484cf552c71c97f07b1e1b348d251657a3,false
cf51dfcbe096245976d022edd3339de52b48cbf9,false
9d6a2648da36d2f58da36ccd5824f53726eeee81,false
36ab0a5714618a9146a8efb54ea706c86b9c1896,false
e91bf998994639453a04fc0a8f09d985ae430f98,true
33046e0b7f851ba7922f6c03cafe58cef2cafd1b,false
eed183ba910d3260d1b62f85a1d0b5ea5bed55b6,false
fcd79d853f9a38d3969a947ac5062cd537ffde13,false
33cbf72d4eec47c1e1839c594815f1a44a36cf7e,false
14be2da9e99e7906e38b5bc4c27421932d54b74c,false
0bb57d34a1df0c4593a58219617ed101c747668b,false
6d013a725cf7d4bae92b9d72c526ab0de0231918,false
e1796b5f0295250771a3147fb3c7255612d10c3f,false
7380f7945322727e1afa1b0eb67fab8d85d68799,false
efcee308b27ef08ffc9f630582f9ed36d69546af,false
c6d6133437bff6324f71202c347a3c8c95702b84,false
fa29aad5cff158f67d8b47d37b2a92c6f8e02f2b,false
c5b540749b5d49bc1735d78a4990cec2070a9e30,false
4dad562450e95883eaaaae9121b899a76617440f,false
c9bfedc52be04573a385fd1fb359b3460ac982ad,true
1469cbd2c064b71eaed8415320ffd6015df8bbdf,false
b26d88fb4d61dc6f88e80a822b626a4075e1d1de,false
7f5574db3ddd4f54291da098bdedad82c2945789,false
7c74f1ef6475a482893ef7a4c582498b348ea1b9,false
5d72cd6cffe46ea1c6b5586c2918d8a62724bb99,false
17d7a6c4e6d62c23eec3229523213647633ee356,false
c55df6c0ecbdd51c7d98bdd2aa45d4b7542ae8b2,true
9599fc5c7dbb9b185f53d385b1733f3bead865e5,false
e8e77ec64d82e060eb1a08c5a56c62de32860aa6,true
0552b8cc363e848271823b47f1c7fbb5887714f5,false
168b88b476c5174b842279486eebbd7197bc0157,true
114d4dcc5c30a5da6e0b76b046e6d70bb9f10000,true
c307115e245d229482aaa18d4972c20e3b1b7e96,true
c2141d3743593116e3965870312fc15fcbd88af0,false
d4a255ddaf83431124821fdf16557ff137843b98,false
44eedc3d2db55af7e3222cb7cd82a732ee45a010,false
a24659fb0dc42c916edb692d5e88e5687490d10a,false
01433bf2f9e266b3025c861bc86ea0041c4913fd,true
eb3d650d4ac9c3e4b21bdb0465fcec46096c6a8c,false
49e2ebbb25cb237fc6134233817415a341ae5eb8,true
e4d7bb8e98fa1d646093b604c8df64bf782de574,false
f01f7fa7db5bf7d263eed251bbbb1edc7c63ea51,true
53586ce61729e94f494bcd2d0208794247f20a9d,true
e52cbecc3808386c9cdb499c61d779243e1e4252,true
1326932a24a0e8174ad5327c7544a9de89d94cd9,false
d573e8a0c18ed9c2f9c2bc02caf28b195283f957,true
4261e9d222d15e4e8636b3b4eab6902d66a32715,false
617d672b9157dd9b875af20d6a72eb545eb25434,false
cc68c754216c8aa22619256e05ef40623f4e896f,false
bc192380207dbc896d617dc53a04e2716da5740c,false
880569fb76a1dc0949ac03a86e61bf98ec363965,false
93452d05381c773c0bbdd5374eb4455d7a35d130,false
c180c4a3a6ffaf0deb8cf4b65671d5ac0774ca36,false
907af658e33fe7ffb864a3ce46555257844af0ac,false
65b375ed9ca8e8fc20a938d35cfa8dff5423b9a2,false
f021d23d736722d9c0a0678abee6119da1df31a3,false
af1d7c63d8ef551fe8fe8e6946835dbb0dd855f9,false
82f4f5c554d0706d080004ad3f02a3629fc5fc5c,false
e4d13acadc223420cca0b63fa02a26000ea56cce,false
adbf6a012f7459aff2d995f259f85a11d6cdd05c,false
9805787a52228fa0ba93c9a1a5ecf10cb31366d0,false
ef65161920554c72e1d2b8b5fe2b5a03ec44eac2,false
b30e6714647f54a5e297cd5c18c59337af5e1a67,false
39873a1e2a8929e45854cf76e4da1b77e9342531,false
2224c8a1083c68b267c13d12a19e4e6a0ec9dc7e,false
45e6352295c0c885bb886c65e16fbdc0c402f13c,false
55e2fde9a56348ea6e8a08f81d9392586d628ef2,false
7e775af5f36c7313fd172f5aa2dca259f851c5e6,false
4e8bfca65d2612576d63fe429b2650178d56769e,false
ab29eb53790034cc7ebacf994234f2343a8f995b,false
cd481148aa7833425d8ba86f32b4ab0212f16d86,false
12fc1000c48bf9b3810affad0d401c80cf90b34e,false
1ad9d646fb55b7a268f05b1fa4256d05f67ffc64,false
6a46d7d689b6d68120f1594418f9423c5843e878,false
3e3d6d769ba36199a5b3883442c76e4b564e76cf,false
cf7303db8dc69ad30a401c563c997ccc044b1f43,false
08b697326d96e3881220de421372fb78aa8ba09c,false
7c866449d6766b0a1c743c40adf415cf602eedc6,true
d8ef359e003c1c80c8046cf10ea6ba3fa1a473df,false
74c79a8634dab26b05611cd03bb4888c2d0601f6,false
483e88ec243ea714f87ea0a5f524c7f982593421,false
8d34da61c497147908f5007e9e218d9d663050d8,true
5af0daed7f1701060971435ccb8c3e3236e8f885,false
79c3d7184ac23bdcf30231954a4f6d91e3ba3e58,false
b4823793e9d8c5c3741f4cec040d5f43fa1b2343,false
d80150b7d557e3ca573714232e41bfad2504b35a,false
6b491062e7b1b130cdf2a292183c07b3c401c7c2,false
6510a960ce887ab1c3b8b4a40f6e70f8932e2854,false
72d1f1b3eb5954858b5569bc07eb28e2aa53abd8,false
2b899327dddf6d789d66b856779b651f7f4771c4,false
c3447539c4ab5e33003eb7775be0c1c4205deadf,false
2e97940b802eb05b3a34dc5e0a87c60bfdf6c236,false
ceec1922bb36d9205163ccd152cb16507d94bfe2,false
709def0bcc09e0662c1addee2dc23a6f9afc372d,false
5f2edd9e78869b8054fcb741a70fffbff5312b2c,false
e4e345f5a5fda4ddcc7f89e6fcedd7eab4dc6741,false
0c01da59ce2c3b30a644366929357db8fef9b80a,false
fddf829cecd1031140cda6bc2bcaa6f327565877,false
1a9504abfba2845664a10d9d5b428f3659ef52be,false
55eeefbec68a95685de8a22b57cbfc2a73827228,false
49fe1dd1c7743b982dc2a25f51f2d822ae2c8552,false
c5f0f0057f9a2a70792128b30fdb3696d2d1e84b,false
1245384e263d70e1eb563e5c7adc980243a58b0e,false
8953ee04e766ebae8fbcfa379550d1a68a36295c,false
cdab4d74b97c049d441a17685f7562a46fe067d3,false
73a27bd18110417ef5b75489053c7ede1621ebd4,false
f5d785c020c99cf978fcdd8faf72d6e23d94f665,false
f34130fb71c608807bb0252747861749dd40d712,false
d56ed1e73efc235888b071184a53f5d76bf086bc,false
f23504aff79d60ddf3d241309f04117ebf2c966d,false
1484e9e30381831237b43535c96c25fa00b866f9,false
c0b92572bad4537d77d12a81c3e2ba470082beed,false
4ff283e21f60a5c2bd29f3835638bb654439bdf1,false
8424a6549f30fb55d93762df03308c369bf94312,true
cf8fde87169b40ba2fd5f21c5cab788b682acdeb,false
4f1eedfc274c287d14388413025f97340eee8ec5,false
ca4af973bf21856619829737fe2b0c3c780b7ad0,true
279afeda32c4ef9efe099fd704e94684183fa0d5,false
b4f498b48c2a75603ad608f262ab537b5aaf69d7,false
f6871e0b7d87fe178b7285a88ad969bc063a81ad,false
4d95104f715becf4ebf0a5ab62cdf9a6217f069a,false
7aba7f359d3ebe5cc9e2aac7daf30872055aab5c,false
3139ded60ebaf46995ac9ac3832abdc37a50660e,true
bfd1cf010d1e5453ad106ea68c3f8d8d5051d181,false
038ad54766930c3dab7d0006cc26851b0bf08613,false
d5c79a4a6516800c11308c867ef467380cf24b45,false
b3b57048af660b46751c70d00353abcdf72a88ef,false
7f07a83ed61df2335a5e8dcece762c9349353226,false
cd7c31e9f75f728bf931a9bb5d95159abca6bdac,false
8f39d4f8aa92041f1f947aa9b77c7416ab2a8397,false
30587bc4fb403f283c94c208d868cc8122580f20,false
b4f82a38d3112af6f8b96dd50c78ceb8794a9490,false
c5a402f9c59fa1e61c721de44312cb3b27983077,true
74d91a4b5e343801eaf2512ebddaee6f68b587d7,true
ddd38b6cbca270e0dc076f7bcdd30e92676cb613,false
e550ff021dcd9e21cd809f34c6e56e27372c11b8,false
c18c676531dc1ada11abc50c9490ab854259e003,true
bec057c9b1f7bec188116533871f0f6478482bb8,false
3b436deb83cc3be084ce3d48f9d5dfeb1d3d1184,false
f49971fe6d2ba9ac6c09bfcf3f02724f6e59cd9f,true
036592f96d6be5c5d830d0195aab6aa15fa0dfd4,false
bc561728fa8d5ba27acc00ed7e88dde36ae725de,false
298ea5316db449e51069e557790cdef7cd2154d1,false
e5eb6862d8f5acea9e3ff9fed4cd96eba8bc5a90,false
8046524a6daa08bd721d6e19ac63cd81d82a0553,false
09569734ac031ae432768e5e2fe521db42b4c5ad,false
81c89437d98d381ab95c214833399bb3e9e72c87,false
e6d4e5d131e9392276ccb9c18b90ab2f38fd84c0,true
c6b59a84d8ea4863e537c95f511e0087e4a365ed,false
dd72d8097445b86988fb9c2b26580eddea414bdd,true
7eece12a0e716d8f77c58f607e8af674478df536,true
a2dfe702a6be06b831ec3d20173cce6daa909c73,false
f723a406a458cc6b7548511509d1b75b961ed46d,false
49202de96381bd6c8fee4ed69490baad7b9539da,false
ed29d7d89922c757b738cd8b44edae821004adf0,false
632aad5fb58bc986c3141730d704de22c305b4f5,false
5e14f8a1b1c8c648d2459a46057401f334684185,false
a6eed68000fdb1a852ffd0230d5b55d7d9ffbb08,false
d93a6fc48ff0189e96511617b904c2afa68d198a,false
2ea8a20cb40a3edec99cf7ea6cbc7ffe4e98e9c2,false
c581ceccbeded907b81d45a3c8294d2cba508b7b,false
f11523f7b77346e7cf8592592a07c82483cf87cd,true
9fcda17223e9b2be4cdd65197e3fc554977b1ff7,false
0abec4f4d2afc6d3ce1e2c6af42a3c87ac3e8d35,false
97e798473d3a6fddacaf7e7be54583c5ebb2e020,false
17d14bab508cde8ebac15081c8ecfcd2dce8642a,false
e019315a6899ee6e66427a3b41fb3c21a0ab54b6,false
4e92d4fbab553abf1c93cd735aa3919c71a61f1a,true
322de0f552847a72ef28032fbe3f2ca15c035b21,false
e804eb85e539b876a7d839abc0c1bcbb9f7921c3,false
b528a3f8342e2c02e33f192237028e1eb459b73a,true
11364389c94194ec4fbce03601e5e66712b0d285,false
37b5b85dc5ad2c73cbae50525446ab9fab50f99b,false
9310085c6a12c70a49c1819beb2d4365cd00abe5,false
4326eecfe963e9ec622892d2dd55c4800d1b408b,false
17e245c396a1051bb147332ea4e28eaeb6cfcb9b,true
ae8d1e023d70179fb70e5d107e93d93895a579c2,false
6ac65e1e3137419382e13ebee13f0192590a30a8,false
5cee37aa9a7dcd05861618194de9627927aa24ff,false
a289bb04c37f1ed1793ba31bdb5cf6240a867f99,false
538e47620666a21b9486d5db5b929741274c7552,false
6173ec9218aead16f96ef8d6793827fb18554155,false
38b0ec9078c98a2525f5b96384a19db92d94bfd2,false
7359c6f385969545d3a8b5bd8a3af83e43d05780,false
fb1631354968ad7ae1d81592a87e9ba1caf1acb3,false
1ee391bb1607fca748fdd9bc843da064a3c5ce6a,true
e93240fb80056509fed551d14aa684bc44ae0809,false
26ff918f57fe6d486b9b46af6de4048843a8e150,false
df660a6c5e4886a24965f19caf403059cde55a3c,false
46c6897735c15318b016d3b86d467e6699762849,true
724e13bdcb5a54a82f6e12ccc2ebb6a46cd4f19c,false
53336ba801c02d21db8c242f14785f28cef03690,false
263aa5d5e8d75150ccb827bc30005b7e6efb6a12,false
7716cbc2680425fbe83121074f50abe5e89ea6d1,false
c85a9745e42513c0ecbbcbded729aa70e8fca225,false
f2321ccc103a2f7587c664df4315448e3ef73f84,false
e7bfa0ce33b805976842f6c6225e98a3b3b32115,false
6d1ef322ed574cdd57310139422bee8970c9956a,false
dd388f45d05caa73f7fedae81a0657d8a307ec67,true
6262194879e0523e29102b71cf9da2310c55b05d,false
e7ce4540ca24d6f28924ddf45074ddf618436fc4,true
8eab4d3736cec1cd50062c9dbea83396021dcb8e,false
6e64c6db09f744ab4bee19df58801cc086a56966,true
1134581d21e7005acd87a74f8a1b28b42715c6cf,false
b97f418e353af1cbec1f4f78ecb474f6ef6e2d6d,false
a47fc1a9c1823748bacbf52bc6fb584165a4d046,true
24a29b7487f5e96e02c7a0932db54934b30f7753,true
a737bc059300a66153c30b396b438ad2260b0857,true
5da586cec5c727c28e32a140740b60854f368987,true
fc35fd5f84c3b25c2cb43a76cdae84d0b30219e7,false
7afdd91fced8091fcb10f32d3cd82f38b279abed,false
f5c0f8055863bef3f079df2601d84a98d4e3d92d,true
0f798f3d3bf7df3e3393e85f6c6603cc333b69ea,false
054236a1f85c2e932c4fc1401d38d7bc3cbdd10c,false
6d9a9466fd89c51d0588bd8327c78311f1d18ecc,true
034ef4a6f587f5ba0939f8fa820a10b2408d82da,false
cfca24c6f0c234f3180ed8c1e8b9b864697f3a0a,false
7e0e0863e6a5ad3090e32ae6495417d0e1ddece6,false
8d0870fb5040c3e56bf5568fad7242288100302b,false
803c567b3cd9d6a71af529f63d7c95aff05c5bd0,true
8ee3faa1d15da46424fe4ae086b8abe03e7f0486,false
7c0decf3dc222208d5336eb0c324d9076365bfa9,false
f2ea8c2475380af457128735624a0acbac70399d,false
912c39c649670632a0c5caef522c2966f2321cb7,true
3d5c9c54009c7a17863038e2dbd7e3b53aecee17,false
f0b8650a2990eb988fe7a49fd1a013cf492ef5e8,false
6b6075571724afb03a4be20d86adbfd6ff67106b,true
d2217c88964bf4a67ae217fefba2b14733550577,false
2927b3c6e9bc413a26b0e468b3b4526191f38de4,false
d63edc3237b17540a22d759af40bad7b3bd04e27,false
0b3c6c350560ec1b64ac6b360129607cdf9f1cf7,false
ad5a926302e96792d0443bbad030ae91a31876d5,false
0d0e507fa8a04d64419948224b37bc542540d3c1,false
505132a0ab1facc6a0e9cd25d628804a18731fb9,false
e0187691985c7049edfa809bf0a10c1348bba708,false
6538e1e468ebb9f8a95b18ea5c5b51497a75f3ff,false
94ec8ea4d1e74673880bbf335a8453384ed8043e,false
8bc4f83bcb32d2dfa03ed74dc9ed6f4ed02e40ce,true
832cddf14025b6f9723b3b69af1826bffe86d2ce,true
677e2fc145b39accb3950cc4cfe983200f276758,true
3b2edb4683be1b9f3935a2567465fec26b541bfa,false
98ac74d3c090e58f5ca023a3db1c66f6b0a01a52,false
066eea9f0d40807d4b3cc0e0f14d93e82a700da2,true
c46482e87ed2cabb638e2c314aed6048ad383932,false
4abc752a2e31f231a261a39c6e854e511195b820,false
7776ee9cb8b6f7be71608f7e72f697aae794629a,false
13e98aeac5ba7d9e8b9cb632b2748ab61bde7dd8,false
dd84ae1fea60830083b868efc1425326856c6071,true
ad18f6632308c13f7723b27c21f8b2794dbe1b40,false
c0fc3372607265a2adb279910721cd7a72d8a893,false
78364caf12efe65ec185562fc5d4902186c69d39,false
56ba4f66e85ae0659aa74bb62b7b26bde8e44c0e,false
08e48d07376f0304b65f8571377e4be617323ab0,false
db1310a4959b8ca4d5285056794d0fa3cf09d962,false
06e6b47d69bd78b9becaaef94317039fa969ad48,false
36fc048a468b08b046fe4fe5efcea8b4b344a8e5,true
967338d02e4121f84929e89d84905cdd4271c699,true
c4fb97902e2d59cb2f432b49dedb7cbfb2d3d207,false
c832d8e90ee88f7de5b38b251ff3db16e612bdab,false
c5edffb20348e696f44d6dcc0334480eaadb64b3,false
25beb402c35d92cfef71e448424164d4902e1a3f,true
5a6934957d7d24d7710a14aacc104a552e753b3c,false
6be9c4ae143c91ac9925c1c3ce530a31b9aac11e,false
a360377f0c089426b1cb605813547326267cbd40,false
6d7704e321cf05ac27946a24956ceca132b8cd2b,false
8caa30055bcbb6eaae4c0a9e8748b7fcfa490b60,false
bfa75b9f3a6900736566d2f3954282ea40c9f236,false
7df6ee48729f02c4b3e066c580f63d9a91b52266,false
86acab43126a1adf1e9b0abd846355835f4d7c00,false
37acb6f08eebb07bb27b8061ea33011d26d79b89,false
3887ce8f89445bd8ea2196d47cfaba21f3b3fd68,false
c2a5ee747bb0ffbd5751a3631f684766c7aaf782,false
a9d3ccca690d93cc09904c353a366953e72d1928,false
d1bdebf83f506a1a0562e63567961ba6973da437,false
6cc757ad633a211c8ed307088210b1bd78b22384,false
61dbcd546f3326b0fecccbc0b3a15519f0e8c867,false
c2271089bcdc888c7b9211f0163404bf8cdbcc0f,false
3ecaa30fce7a21e647de49861c6759c34268e30e,true
2a72b3ad27db0d2fde8509905c13a5b89e8937c5,false
e782912be7e69b222d7f85f00ea234b22bb32051,false
7da181d3f64cc3a375f0b18a06aaacd1ca15217e,false
4a89526f743a65f9744d44b0830cf282406212b1,true
6785b054f586107f25836f505b88154dbbdf8e57,false
fee9753450c3071046a9b560d05850897748cc79,false
1b2ff22d1c24e0331b6bfc2b6d809e7d99edfb25,true
1d8efd23cb17d4656244763c1d32abc304d7598b,false
81386da67bb99b02b67fd2669e49f274cdc86071,false
931e6294d03eee7e2b6aee46438ef867f3f757ea,false
f83a750400142c0acc13c7214378cf9179c85499,false
8e5da7ec90841914c13787be6d4fdb55ca50e9b1,false
4df8727c6e7c976731f2a713fbda4ab3916570de,false
75ab5cab7bfb22b234ec194948e3927b22465c31,false
ba68c7aec4e2632f6975bc3e2ebbc836f073731b,false
0c1a776d7eaeb96ed03750f61a1b545b1f3c6fb9,false
7c3c436876a1ff406373f24f454754dbf10c350d,false
98242da59a58ae474d370ecc3c8af1de59343703,true
746c94a921d672069b6167456d0759910705b229,false
c5b5e4fc6ff5a41de73f676c0ef28bcb1384befd,false
83f4d2bbca144001ceef867004e106d9ccbb6351,false
e6b5df41a8af0a9dbc40ff154407a2b8341cfa96,false
e52d97e4a2a5d6025e05e7404b9069218a05a21d,false
78e09cde83c05de40d985ba377f9c82da15684a0,false
8072bdb3ef64a8ee78788b1a7b9dc3834d6f3e1b,true
1fb24dabbd4ab6d8640ccaef1eeec405e688beb4,false
75df7f71a507476630e82c9459df275012ac2b9b,false
10b91163ffc7412c126f7c41e255b20ee673e75a,false
96bc9818b5dbc8473b2943c5f6184032ab4234ba,false
a2d3539c8d4909ea3dbf1b15b851d6890513cf8a,false
5d4a3cd8191cdf6cc6d514e06ce3fda970c342b1,false
20ad6c33a1e9f57756f7303ed0e0fcdbf5087afc,false
05cb6043ee860c320524fc9c08f8ab83440f13e6,false
9bc94e729a0d88699a14c1c63f38ad9144702b70,false
795a7d190b4ae702d11f72fcfed0b09ad620d8bf,false
4a6063cf4bd055333b8217a861cd66efba660b8f,false
0808930673bd5409bd19152aa82ae486caa66a5f,false
434dcc812a84cd0d476c55a47eceb72c9eb2716c,false
0eb405dbde95f581f8dd73a4826614441c063208,false
562f607d615fdbca369a44311d8ebb2fd5fe9b02,false
af55a41c30c809f0173a3f816328e3ffe1b4a472,false
be7665ce6aeb1d165c7c2fdd22a2cf86f26503e8,false
122558477e8db60327954ce6b953d7afa7cc5673,false
bed183979b4f438ecf57ec9f3eec3ec143bb10d3,false
fca4236fee5fb159df6d938f5522f622c55a6ad6,false
cae250d43c74ab3aeb5e00d01a98e08e8c6a508d,false
12cd347f80fad09e4d18490b6ee14e22027ecbc8,false
6fe14c6b11db18a965be1cc729d83e06b439d511,true
3b6d33d65c4f89d73ecbf2878799635cd4591da0,false
203f6e412dbe5c3dadff7a97c229cde92f433a2e,false
a8391cbebe7e54522ff628a7317ae62ed4f1d51e,false
6ee93f61f025f2440bce13ac555f2d51fac1b217,false
14ce1765ccbe6fcac23627719ae3fe26f25b422b,false
4f433bb09d8f0d0878b2e555d7a1fa7a3b8537c9,false
de5433c9fc7e9bcca245eb192ebf83022cb57176,false
782cdd4a94a9ef677777ea776664dc43e4b1ba26,false
a55b9c67c0250da76ae42ffb6b2f9ec815634b0f,false
78756f6f81732187db1664c5f980d3130a825454,false
5d4d678098dee46a33b3afd25e8ecb1feb32d86e,false
a678203b7a654ac4f9ac47070f28c2f7fdbae425,false
793946ce0390f94d92299f22e01ca5304f892356,false
6cea4caef3cd4f895179820d53786e9186360c4f,false
88d604e4bd8c12ab2bb09f3a4e32654a10cf9f90,true
1d97a5ac401b8e2d5bc00c35b42879084df90747,true
b8663d69340728d23a139d8108a135f1172534c0,false
b5d7f48b72881a25bea7b10fb8f35f53f5c05695,false
67efad980fa07369179bc07da9643f7191169552,false
f492dfd603b167351aa79b69c79266a5c941505a,false
07c5177a13b4b1af1a650af4f21ec149fb254b84,true
f032f032c3dc5b419e44e1f291abae6243fc19f4,true
230e1b30c3fd39ecf2a319f7b91aa1bf4fa8186d,true
c29247e61274d8d438c95c797649be82ff62bda9,true
8d28b649043181164919399d251f8c52f5666400,false
fe744ac607b22aaea34ea43f166ee6beaf16f35d,false
c4fa1ea047b5ac61cfb9f778271774f621399144,false
075ef75b67fbdee92922d1a2f0c3f35a3a1095ce,false
0d5d6d9d82a480f82d177744ac7faf67d6a69ae9,false
9af633ac2d68bf0b6730059fd313c7bee5ce601f,false
402f71d5d26b95868a93f16323b27f73de18ab69,false
4685b75a8c9a7325fa6696bd4e7c6f82fe0302ef,false
16566d33f1d147a3c4aad0efbe5c7a5787eb13d2,false
cf08d566410506bac7fe903f36612447e4dda0f9,false
17db84aedebfde519bc36f9d27a324f0a962cd75,false
a3b0fe297accf111f7ec4a8429c3797371b8427d,false
e4148872f252959b78cadc763310c0c5584d2598,false
390a13835a7bb86b7de57c768d5104bbcf445ef1,false
05369471cf340b4dc98d178407f502c853bd13fc,false
640e410b190bfe7335c15a4b61547b4360a4b324,false
48ff673df1d400022d0cbb067dedf0215e31bf14,false
f7d634f87904fd8e38ef836dc13206da7c1a003e,false
64a4c79d583d37742870f3ab0149e9a380f9d825,false
fa6acd8cf224301321c8a53828d654c19dfc2637,false
14353ff55b35a13f2635cb817f047e92e179b124,false
cc11b38c89534b2cbd29b303f0e1e9c3f91db22d,false
caabf89825ddabea200675437296d255c1b2d8cb,false
e8f48fba5a7bbdd880ee72278f7e7942d5413e69,false
7703bc44ab192c6298b3e2e0a95cd7b430dac5d8,true
a8088072a581e02d79ca20fdad7e09ef6a076184,false
32238993e7b173848acd5dbaaa68653391902c0a,false
a8ac4f836285531332d3abd398af78bc108bfbce,false
bb1eb8c0522a18eb5b98ccad7cee5adffe5b136d,false
a99a418a4e0104e77bdfaca86bf8d34d85c001d8,false
d6883ebc2959724fdc76b6fc8342e57a69fd3ea8,false
3d4f02ce57549aecbef3376cfb43a3c95a447ef6,false
69426fad7656f1aace677f82d23891de6d8e4db0,false
343386522d5296867a90a235c01949d1d52cc04c,true
a1928ab39a44887ce517c33620d6392ae09bdbd2,true
3e08bc7c19fb3d09d8d157a90c412cef035f4110,false
7678105f9fd737c06cba1d3d44d583bcb4ebaae2,false
beec823ba0fa031d11272e2adcf7f8aba02410d5,false
c668e5a6de7a56ffc70ea26481bc2dd09814d7fc,false
4e898438cd1c9111a4db73c8bec5217ab567e0f3,true
4caaa17a87ec0679b18ef59b681ac53af499e95d,true
93b81e5852ea9423ea15b0d51a982e6db529b402,false
fb9995e1315ae30dbe2f70422f41a70a46583c5b,false
34895e931c602bff19bd5ef58b1814d2f4b757d7,false
68aa501b3890307ef948a11501d6720273c8d377,false
e38b9b293f2633326a0bdbe2150c0fd72831db88,false
110a4b796029ef8768a3264031ad5a2fd47d15a8,false
f397af6deac670e4fae3e233e733e598db7f442c,false
77c3d5712d21847746e8e12cd9ae536cee68aa08,false
cb5ef4ba4ae82b92f30c4ecf86b5c90bbe405516,false
b5179cc955bf1ca7cdcacb296414f47ec42a8ff0,true
7c221ed43e9d1393d05760dd90c5954541678c3e,true
422b575f6fe4c8727e33b881b99a5aa1a16aa02d,true
24621a3b572ca96360b352dc98a38e270f7e907b,false
db9e2e668740e5102aaf6054523329b37a55edbe,false
a982bd85ac2f17c68851eeb07234ea9d4ee3fb75,false
916f588e1aa125cbf7ae330f84e075a6371cb895,false
8cc7cd58f444aa73394f2c1007c70a9320239a57,false
7549ae30073eeba9d9390bc4d7acb573c5adcff6,false
a186d44fd2951c2baff0c93b15f707f7d4d9dea6,false
e98083ffa5b6596152c78362aed99acabd08ada8,false
3c0d0301a9ba9b44f91928d83006aa82ebee48c2,true
5c575b8fc98ed9c7fbcefc6a4aa0dfcaaa1acd55,false
89aa0749b8dd12f8b36515159d7daa271f955acb,false
1f4dad22d00104ca5ec7e8bfb8656aad036b2e46,false
fcc59e1749ec5c757b833bf025b964fd8f5a8fdd,false
2bec2db05ae2670d6341a514d9ba85cf19a495db,false
db2bc0c366ebbd9276ceedc8d2622e2b85ae5860,false
faa2f31d67c9ac2dac66c3d1697c5922ef7833cd,false
303d4e2be1ae16cfc1d925f2f0a140240844ddbd,false
36a155945dc34feee9933d911caeae4da851dafa,false
b43b16dcc8f64b36beb34fc231a455b971993c23,false
a000ee0f58e477b360a7869a0ba657fb3c632f66,true
5a82e17cf856b9a7bad59b770c6d47eda39be1a5,false
f93bb79f7ab274c8add667cf252156409f11bab2,false
7c342d1443e4212e3b6cec6c953b3003c9244cfc,false
67fc4aea28b86d8cda49c489be8a021c53593178,false
bc107401dea475747c1361574b5b420c547491a7,false
1d9f731d30c6b8901388f4a67dee8172156fbd29,false
d561eff3c7a04673dd302f95425f928ae7a31a3a,false
3caf554bab8d6a4b7010071e5bd1380ac1a50d9a,false
976c32220f039bf8ff2fa4ae4706f90883c42467,false
4993dbfb0a0e00048e7610df6b9690dff79c4b3e,false
e5d75da953583febf852022895937038f560dd4a,false
20367cf7e0cb8d80fd92f06bad54880bc4316038,false
10bc47768e2092c15467b349da79387785024386,false
bff4154a83e2c7820bdb8790987da28cabfb5f8f,false
f4033d17ba40df1c01f94da3bf54d9860dd872ae,false
8a754308e85f6a5ddbcb4b2ae39ed8344d454629,false
5c2de6baff3ee15c02594932b004fb3b45c044b4,false
d9a02d33f321d4e2e80f830863b244c7732914cc,false
f617a18278e239c8c62ff78e8075687419707584,false
772e5afda063375926ecfebd8213822404808c78,false
845b36ba403095e8c61209817a8fd7ec99c7f8a5,false
606d5befb92b9135a8908da0386ab677c8e6807d,false
9891d9cef024f2fc8dbd8bf374788b6b0ee55703,false
dd4cfc60398c8d9a266dd3425c509bbbcf2449db,false
7c445e4e13d67f04477b5f2a2f03f9cbfd71f20d,false
6a3a24ae59665d9b2cc5db6d0d37e7eba5c382ca,false
eaf71399906f052bda38a35b484292f754a9a41d,false
4b8954a9f1b212a954f9da1c35758cca941dd8e8,false
915268c4f26fe83fc13168b4f1328685c7e59677,false
7cbd7f8009b1811beb7f801e159dea69975e64d4,false
914916ada33f38e89e0bf83657d5f23f58320d80,false
50f86fbc56fa982f103fa19174547dfe4485d1b1,false
044eb8dc7a5c93f0685a37564b0b8df06d072087,false
1a5b9801a6a8ea142bb9e6e3e1b51f3cce8d8a64,false
956063040a6449badd36fcef4a1fb5e095de120e,false
b1b51bd78c9b319367b67cf598f39d5748edf007,true
1cf5f4d7b0814565ef5dc6ac0b4fa03f044a02e9,false
202067f489a49214d6f72eccf7e1a116e4889676,false
a720a32631487999092294017189ba4f2e736131,true
5ac544ad02539aba055c9f556a113a77c26e8705,false
54c93073a177503940b2711462f6be62567a3487,false
9eb75d884b27b0f26d3d6a2805ed37aef30e29e0,false
a7dcae7e1a4ba3ff23df308e1db24de82c1ed169,false
4e9907025ebc4b528e9afed3a9f9a545bff07e8b,false
5717a7c0b70eb8c7bc587ab0f5f4c8c4257ded7a,true
2e8f3d71962d7089ee48370185fd26e60e3cc430,false
6c925c1cdeefd2cfecb93e382295f8c5076112ee,false
38e7302caba382809c31db46c4954b8bc7f87e26,true
aa2a1e279d99f36abdd431b0e9f41846cff5e6fc,false
3f738a10fc2746040df0ec68dc4d3357f59ecbad,false
e1c8439221dc52dfb69a90d3f717ff10a7ef632b,false
3e68d33c802744ca624cc459ead8c4b362e5d3fd,false
58fe52c1f77b2d8d739d9e5b79efe5caefc5c6b7,false
4da16e2fb5c98eed1bec4e9a59ee963e21bca081,false
531e2cea0ce112caa12a8e9b28a6d53a2685a965,false
64960999d834c4d412be1a2d67c62474d84cc992,false
66ddb6daf508f0c19d9174e7f55ac4092b13794f,false
ea52824668c3cd16ff718b0f8921b0f8c2fdc591,true
6fa41777346d44f9c036a477f9c54cf3bc8bb1cf,false
4a0e10fa64591182f2a8ed0a4da4d1e88b2890d3,false
fc4afca98a2e4dfecd7dc170419d44ed76e55699,false
96ba545dd8002664a61e739941b7c12a9827a65a,false
7b7457ce384fce143c2d3eb1727319ef3e5850ee,false
577bf07e603d83dd524399611a3909ec172d2818,false
ae3ff71c38b8620fe16a0b10bf2c08f7c3a18e83,false
08b44daf87a52a0fecbb8f82d4846a09cc3e09dd,false
8047389566ded96fe24492d9b0c4714489ea1397,true
09d223c674532dbaf306110db7a7f8245845f78a,true
80ce480ba94c56bacbbd6f3963bf86e9b02220ca,false
de5bd9790b77f55a9ff3bfadc3ce26babc397e4b,false
848e78bd7ecad80cec7ed1729f28e782344627cf,true
f8d7e3793d59a7cbc8fdc6efa304c2ab4618f619,false
a3f57e123db2ef0bc9672b1b8685fcf206d1eaa1,false
ab0c574c53e994f849b7bcbad08cabbb58aaaa6e,false
f2db68cf0b45eab8ac78a7be52d9387d6c5bf68a,true
ee5bd566fcf05f917335bb4996cf343270c164a7,false
43a3845fc226148beb4119c727b261a17ed46583,false
2ee074e9f14159c2d0e4ec51f711851829e6fee0,true
c31fd7c7f6bc9827374c8b1a80a8c219e97852d4,true
9c53b3be9e8bdd3b9937ec05de38015f4ac463ae,false
b45f2f5efe9b724944db436545794851010911c5,false
10349136592322426f0842865fc6b6b694ae68b4,false
7b2f1d3ffab2d557c70899a47bd846ad40da7ccd,false
963c80da6dc5e0fdcb9673163a881a0d8779084e,true
35418fa73fbd1b455ca634ee21fc21c6fd7bab5c,false
6962c6febca1074148f8ac00e6b2774bb5e7a45c,false
2008ab4636a1c20c84a4ce55f573d470832052b2,false
9f0d86b289e49b2696cb0492553dcf9be91e3afd,false
ec82d4134e635d96b3362c4f3752e7cafd65ba44,false
5ae1495fbbc2bdd90ec91bb26f503693234d1607,false
82ca1aa3d80b228a9f0ba45bf3eaf241b8ed0750,false
7f1a1e2c684dc799d14e977a28ba81e7b98a7635,false
1a3a02da6f22f2c0cd8fc689a9a08801a17687c5,false
7a7b304907452393675fd16386cd8a5836f8ce38,false
997734ce686f4d24633decb566b3fed4da805416,true
aa558010038b0460a7887f05f01b0e4aca502b5d,true
e087f2200e7e00852e240474d1c57b2456c54b4e,false
ce3a11c75dda537e7f5d82393476e58de1ecfee0,false
d66818f3686c4097d1aef4b81e58de71b6fb6184,false
ee2dc2d5ee472e6aedf964b58805b25b7985b612,false
b0d095e4e64e0f8af94c132000d4781e8f6f048c,false
fe3f02ace17a59263264b2ab71b89784af3ec167,false
abeef0dd1bad13d04a9c71e9aa9e666d6748d636,true
e115f172b4b1442454681f31ecf9ff83b7af742c,true
9e05eb3f4c9448676817b864c16737ae4e7291fe,false
09e431ebb9cc52043435426449403dbf96ff3c78,true
9e80dbf75f76ec889a015dd79ec11977824b7d96,false
6bc48eba89e00e8a36e4af41784e5df0bdf06ebb,false
a08ed1cf01c983d6ccd0423c6de96f377a2fe47a,false
3a7b2bded7a40693a00f0900f0a2935c6d63ead4,false
d69a9501700695ec789d190207fe04934ec97c67,false
2ef9a683385f29113194f0393d153d3b1aa9599f,false
320f73496d76610da8660d2c27c0441473468f4e,false
d8668e697abcde6c6e9cb29558955aab53557e40,false
6bc66f71bd168f974a2782028e7c9e06b8c5bd00,false
e347d3c48358d4e5568ffff4527474400c519916,false
3ef8b8360a46c0707d18e4a6af7a9a361bfa4ff0,false
85bfa474a5937571fa165c1080999af8b76db2f7,false
70ceace212039094adc304f9d1387daa1b31d5bf,false
b2a0858d6e9a18560a884c503deb4ff0b592af9b,false
9e9afad7e9b08a36c6d2fa31a90bc58e043c2aff,false
44f2a279121168ca5939761ce986414c98d6edee,false
b28dd6b484ea2eb4972e1e56379e6fa4e7578d20,false
5bbb93e723957518f62886bc1dd1f72e8f6f161b,false
6befd6268d777e64529e78e5b195f86086e75f80,false
a062811c263bad14d692010fee1372dac7b252ac,false
4638db323842db4b0c0559fd659f2d1cea0db9e7,false
775b9bf1f5729a5a652f567af555de7db2633b4f,false
069551b7d689c4dbada9218ecac2786a6804e3b6,false
5b3e8a2753451b7fa13e4ecb5b5ad8520f6bfa9a,false
97c4d2e469cdd3c6e503fda0b681927bb4b4835d,false
a9a1ccd6b43e25ebed56fd8ec36e23fe4a988aff,false
72f25ace878d8a32ee089408456c2416216eee94,false
9f2e79c9845e25c7f94f8c45421eb12fb63fe141,false
9322e5fa2fd9aa52805bda6e97fec55757712c2d,false
a0ee9513776a5fb055f98adf5c78cb3e9df52d6c,false
641dea5a388211ebae4be685371b6fb3cd76a521,false
9653b597600ba50246468f545c5fe6e027dd035d,false
394fc00321c77eea1e399b31f693e1b3a4e51aa4,false
f78479f700ad8dcb72bccaaaa3d58400dbc904c6,false
2ae0252586584cb45d5289f49c24a135bc3f78c0,false
34c9ed8f004512b24b6cfd34953449f8b3db4bd0,false
95baf3d7fc67e2943d67dcef3659b5589ad1db33,false
ae097d498db88a39394886b77ce76a248ec6d495,false
6801566f7f07e14d732156aa0bad8f45f20f1264,false
e7523de27655dd8729c4337624cecb8c4639fe44,false
0f9441000a50c348e3ffd0415a77c0e55b1e5851,false
f318e6ac0be04f73167c8768693f45697635c8d2,false
0a44a35a1648fb926b1be37fe7dd28ec756e034f,false
ab3c53f4974a8b33a6224470ec96de2af65efaf9,false
b778bbf3afc2a067667f50564c8411095be6c8f5,false
21e04262ad2d3e10bfa9c868ab2ce1cea681a24f,false
1d80ab7d2da20f6c27573082e81a2d810114277f,false
d4a77b6f309b99c8e7e85d1917522471737d053e,false
7562c1b14161256e08f2691a87bf4c5d38e52835,false
f3118811621fc65952bbac3ae16e4fd52540d9bc,false
5d67c441a9c22a48a722df42f6148899192c37b8,false
8aee4addfc478483ac68dd763bd5e6fe4cdbf51c,false
58df6139e3883057bd97fd8e0bee548725909860,true
53b7f8fe2784adf44190a70c766e0746c1aef827,false
44342c1a5ae47205515fbba282bb4890b00a6f17,true
352e2c0618312980909c9929adc1a4e147113293,false
370856ca88ce11b98c68e9531b6b8d0249c12f1e,false
92afb85e06466c66e91e116513dfe508a05c7d2e,false
3e2b0dd3f7d6ae386e8933b6c5f3d0355bd19c2e,false
470e23ff522c6694dc1152ebc0929c2906f5fc13,false
647ca038ccc4c28d02cb174474c07e6cdd6e967a,false
12715af33abcfa3e7272af00f5d895cbfe171929,false
3200237d72725c9bd1606a16283c36d16c84ccf8,false
378d14dc25e989a60af1804ca130af089ac328ea,false
c3c8008037d5316dc350aee5915390163bf6ecdb,false
70481114ae345a0be9d26e3c48dba24ef635e18c,false
c1fd1c9fd22dae0ebeec3a5cf9ffd5819972ba38,false
b05bf18594a6bb09d098f59e76fdbbbf1e55237b,false
7047cca0cc85940abab9d4a2b3228839cc2b404e,false
3f477a64d63c7e07ad90aa334ccc85f6af6155d8,false
f4e7c8fda4809050f21139ceb2018b99e5b770b2,false
18cdb1faca161b3a2c474b653ee769f09525736b,false
12ec41ba248b139938dc95fc590a9e7d8fb2ccb2,false
6876e82a573724b748f767474a9f9aace8e42568,false
620b7001ae04a327aa7f74aad1055ade2e80204d,false
7eda5aff213d12841a927a317434d87a8cc3ef75,false
9308df95bb5f0f6e7c1171d4be666d208eae3557,true
37ed9eece16a3101efc2cdc4c5bc397d86050be2,false
3b6f64ffe58d8e17639caf1f9533bd161abcf050,true
a40325cf7d7b797e884dadc048f32a6b5e85dab8,false
2a27e10cea7309966352eaa86a933aecca6eba86,false
6c1f000a96a706f3f4943e661942a94e6b8ebd2a,false
4db949ba3e260a901e57d8ef49825a6363d9e48a,false
fa629121f99ae6cd7376bf711eec4fe187282b05,false
7495779391c3bff44f56863624ca9dd1445a287a,false
b6f59e45e4987c3c6003d9eb7d047066a832504b,false
c38aedfbcfa4a1c82c787e2e457e7fa4f1258729,false
7f9e0362031f9d790fcc19c41fd4eb8be3bbc7c0,false
2b35d0542e7169124c02dc06263b7c3b18e7ccde,false
eee74f3c1975dd240ac6fbfdc1748fc9b49ff679,true
6fdb1971d1d1f2cb7370303c2dd715db95986668,true
ae5cd6fb9dbce9fe029d1d916bf48c6a4d0de903,true
a8fc16ad93a4cb7488bd312ceffb39711062adaf,false
e9dfd5fd84577182d7e4e2334fa8b18719fc733b,true
cf58172af5d4069c1fa9347766152a935384f2a6,false
6c0cfa683687806017496bbe76aa4c304605e370,false
6f0e95dc65e230592a360312c4333f5112d29e11,false
988e5358611bec1dd5a1bb0cb45d4ee5cc8f8935,false
ef965cd555fe3236725dccb8fdc6432ecbba2545,false
27cd447082d53830f48341c5c022d85d55c1a76f,false
10a76f6c5eb175d470fcc6dd1a9063b69fc5c399,false
a183419e9cdd406bef59c369b3dc4bfce2aa9550,false
e484f26c00d4d1bda3870e42575e4734915493e1,false
2b710fa05b7e23ff62a37c4cb084c22afb702bbb,true
680f61d58be3103ca756cc6f9dac3af69d6f22fd,false
71c88299ecde53a62dd5a12f2435aa31d66cf181,true
7a5f412ec60c87672f5f39a4bf3acff5d7bf892a,false
e5329fe01947369663711da4fd2ea369e38f8099,true
cd860e9f13aad4540a38c084c7bd85563aa99233,false
8a28546212932e2b2914cd1e48c55d1e83e0462e,false
974d1239141c5e1448b61964a0e1c6d5711caae5,false
2344992340c8c2730b4aeb553e17cf6f7c0910bc,true
76055292726e4eb5da814fee412be898ce78327c,false
b68773a9e97206689472749dcad69199b55e684a,false
6bc2e85a0b3135dbb83ec8518391c6acac4a3e37,false
21271db32483aedfd85a9146d77dbea106b9e9da,false
7d90377adf786b71ea8cab6f33e4a495a6c1de9b,false
56d9e16f144a97dd7c711185f7de499c9f46285b,false
a32bc347f9e4204a7d158ec5e6cf342ba7dc0172,false
478b72baae75026707ef0f334c841744dd981c2a,false
56e74c43ff64c83720d9d97c7e97c2127ddd8b4a,true
f94dc443c5f013f523e2fc54e34c0387de469659,true
17e842d91a6a3a975d1d29b18c6c9e31aa56121c,false
40571a048bbaf21cf82feb1c50a3c71652d9850e,false
3b0b389db716c7b95bd8cc728f5844037babd9af,false
8904a364221a0535a3b0ab48cf1cc78d2673e174,false
f7fca7de4714d8e9834a9329861c8956a472c62d,false
dcd220a62fd83511881d1bc5c14647bc27c425f6,false
589506bb91f2fa62a6b49daef8b2095c6768c96b,false
f2c2d01938cf8c9a4d06012923193287e70611ce,false
da6625bc58dbb708a66e89f869f3d73e828e5d43,true
7c6ecd5d450dba757f0df452e4e337275a91c836,true
b0f6d566671e9a1fca69367d97310bb5834a4298,false
e34ee7a80375c75cd8d460bf44142d1adf67ff66,false
a6634b1a0541ae44dd5d2792ff9cd12e9f508b84,true
71b43a7c72871b3d8cd1f479de5644f851cb1914,true
9f6d5871603fc952431d7166bc4b6c1d3d3baed7,false
addd2d02582d52bd51fb831b5b10abf566d06fe7,false
0736b67eaa16937e42210e8877965a355bfa6e51,true
29c3af5a1e28a4249a79751583be453488029da4,true
f0264de37fa94bd2f9fa9e1d8f088f0fd3e48103,false
9ad4b9c490f9d1afd69e7279a40c24c77253d4fc,false
90fc651463c461f8368d8ea0b76da00f3b2120ec,true
31082a03db5572346f332461eb76edb8a3b01b15,false
3d297a0451f58de422931b7c502d8e66c5ce07c4,false
e3590e7558bb466a7df5c80ba873880b2cf52571,false
f117e5aec6ca07bf104afb256239557d5a9c54c3,false
1fe2d95caad17d569427b9822b703e43cf4dbba4,true
70e80e0d3747a376340044b409ef99986a29bf26,true
2ee34e240ad9a3abede2f111bb578a99963ad206,false
0ee950c381e4ae1201f0efe0479a251201de975d,false
29db2e99c94f808040e02e528315877a64a2496f,false
82a2c09a1ab97b8c05c89cf0424b181adcc1a9f6,false
b94290842dbee0691ff51d4223424c132f639a88,false
36f454f88b443a7d760b81d68139f5c60f1d0d17,false
764d34560e4c8b3d52028a7991b63aa7cc61ffca,false
baa5b9c562a36d4dce41574cd6e78b910c711d3f,true
4704c0df4dd932d66ae844673c283faf5b0cc50e,false
b133ee525ac920c5921951804ec1d4c90978a6c6,false
a981abb152521295edfd49aa7036979f5ec37c49,false
c3ed71d82dcd6c9bf9dd3190b25a1431bc57abee,false
de4ade8ec1eb17937f3d8e70d4d99b86f5583d5f,true
c9e45f6213338bb9bfd768a76ffae9ff966e358c,false
d60bc6a3bce4a11e0058dbf4e7840acc6ecbcae8,false
47aaf647638502a008d764b5b796eb29d1d7d484,false
acbf26e5ebbe95672a7c29dc0bc3fc890e3aefed,true
3076588f7169de5a9ab51f171e95d133382a2b27,true
aecb23c246134784dc0929e4fa15c1e8d87c5a13,false
0cc9aaf12c0c856ddd621fa5b47d9fe47663df9c,false
d04f088bd811680cd4649552ad6293bf65a2f834,false
3844646f216490d8098db4787a9ac580d4560cf1,false
83b4f5d853247e96ea65b36abdff1aed4888bfd6,false
6592190c8c30a61f3b29fcd81abe4d404daa6a09,false
87f84d8d6a053e61fe0d0bd4722dc0e864f2fe9b,false
ccbe25e24ad33f1f07cf0871391decb2f98498c0,false
9c99c67a0b90ffe49b7a452615b6b3b16aa84bb8,true
e9db0ba685edafc2c7095e83d0f77f581036bc35,false
23a0bce8fcc39badc31e73c1bd730512d8ad6cd5,false
fbd4c1893856020154815bf1a4f69bb0afb6d511,false
53b0aaa14e26bb373873e9b6bec6c0c6a9711348,false
45eb99233ba133b4340a6ea069cc33d2de5a0a6a,false
ca2621b2717e835b4abe2c2c15bad3106e77ea5b,true
9389ef12b677b21f8e8cf1d07dc65ff8851b7804,false
643c0ff259f258ba348877d295da45984ada1c31,false
603c4e1bebb6bc3c82a0a0771b24235fbc14f3be,true
bd8c7cee6feef0b26f4ec04212020929a26cb6ac,false
0d2343844e5ab97bca52b839b05c7555a992f5e0,false
23fb367d89ee09945c7396696593ef1849227372,false
38f602639964678c117e22fc2c5f44dc1139c748,false
a29718073fbb93cd1f7b7b5e6613411744a0da9f,false
f31467b3284d72c3edef24191dd5f562a389be24,false
5720236165d1063a5a88cce9fc4773db2a32c70a,false
98cba1ed9d07ba644d76bd64c5ab5c78c10d9db9,false
7f1762bea6b3e36984ff0cf339712a371bf3e68d,true
a49efb3da954c458561e796dd2ae4d5a7ff5f97b,false
77369b85c71269df1c56deb99545a240e947b1af,false
2edf52099c857db9b26e961a9170ebe581b86787,false
64372954d835112187949b5b6f7928271c58fa7a,false
8ae96d918772c7dbadeca6ed8f9da406b64cf024,true
db60b0fd6d24ce372cd12c86ff4253640ce4424f,false
f45f5dfcf1437a5a53d923af26872ca35f2e5f58,false
79aac5aa07ce8bb18aa000d53de0bacf1677f644,true
301c3a4f4da03f0739c723b3dd0875c2ee709126,false
7e09138b691979d95bdacfaf094003c1cdd43d4e,false
4f1011913f31165ad02362af54707f943084cdf9,false
cef8a166eabb47dbeb66e5427ce390d94e231660,false
f557a0a48f2918be5d12231c6e574919a2ef7fa5,false
26e95bb8ca28a7b2f900dcd8b96f64d30b31c0d1,false
679e4f59ccad458455dc606736bad175aa7cec83,true
f208bae41fc2261463a1638e753b79f36c57c7ac,true
05f1a46a1a598acdc4a853a566dca8ac291c774b,false
cf0ae6d3bbbe823242fb091ab65beaa7701d6d1c,true
23ab79640a9a71e2f6c7abc3aeb69921512dc3ae,true
d41af7ae0854eae753014bec807e4d834441bf08,false
d6077cfe28c15b1274941a8e2ed98e04186189fc,true
a6fb50995a97dda4ff1a3d44fc1e7f12d326a244,false
b9c92a402bb85ae2cd7127d4671f28616cefcc4d,true
c4d1b9697e1562067d36d13401d591425406a262,true
11680d8d1405109c038cc46033b1f7f3a58f2c54,false
123efcd02cdc3240a6db70ff947cb4dcbf8b68b1,false
61b98bd53cd73a4b5d7b2d8af019280f0563ef96,false
4feb52ac59463ef5cc07fa4c1057733f00701238,false
2c02cb527a034a98cbb363fde5579604e96aa21b,false
9d51f834aa6a3512132b88713c9dce3d7bea18dd,false
9f6d3d33298b8ee277cd5e3491f504b94ccb7d97,false
44ba12c17612b22a5704fb8a9d06586f16ce9127,false
643f5be74cd83420f5fc33cc0fbe1e6d980bda00,false
76e8c86fea4ad2a5397e719c2c986f34322086ac,false
9b60bd9f0086806c0ee31ff0853111d9448cbf03,false
72a792b06fdf609ea35367bfab8b2dbe765b88de,false
133d8471c1261aac8638d7202c3b50effab4a2bb,false
dbbc77a2e0d94f515169cccab728d569048e719d,true
54503203d9fc3b421c51497d58cbf3b6f604574e,false
57b03e7079cb9ccac417338340bbda5fe6e1a5c0,false
0255e8fb84aa64e8e019398f18970adcea47f1fa,false
86a0d2b64a0d4c0d0e8d195846f543d65a8412b8,false
e187bc14987c1dba37a45b2ca0e00244062d81af,true
ff304ebe6a4e5e01449785e093415bd99998dd30,true
9e7b3271b0e22783d67689268d7e6cb5d2f23f5b,false
c31e231b5987740cfcc0474f196a482a2b7f8740,false
da6ccc18f57a654d271effff893c3da48dd0d647,true
bbaac03dcc435187be397cb4e2997525362b623c,false
366533df93814322a2edaed9b63a18d3ab8e9dd8,false
d685ef90b9e00232708bcc7710e9efc8d4f33af6,true
1f354e7171b118697a17b5ff47791a0c0248ae6a,false
7f103e87b9c3eb0abd786817a88a03ae1b79276b,false
9af1ebfd480b307c7f443acd533382748be3c30e,false
ec1d136094989bef5a493de9e25996f9dee9f767,false
b7f0ae91d5faaa1525b10025af12bb046c2a162f,false
7c01ab9f5af4ad6c4e224f9af985165fa83310d7,false
eebffc27d8d780c04b4fed95ba1c9d8971db8339,false
6d7e3c8334d84ffeda47c520118861dcd290cf56,false
83adec5a8fc7cf946e3d9196bea4101b91f59ab1,false
060a5a6ef0921b3cb45cd63e9d6f8157311d9a45,false
d9a7139a3d71ab2d5a0ff2feaca3bf23b69d9dd9,true
c7aa71e2594ec848245b0245ba06c8dc68936093,false
e56c92bdd72f4a7d86ed8d7ec6c879e611122a5f,false
34a12645a0f3edc12cad6078e07c6f75affc33bf,true
2970793c90f85269425d87cf5b6b20d9b9c60435,false
91c319070a817ce9488103164e3a185901aa67c7,false
1774e2564e344fbd2915d31f0d223eae9dfd7694,false
54655119891dc893ef7ee4333617cf664e5c5015,true
f84a0ea3be96b6b2e9cbd00f8779e976df4cf074,false
a021cdb44cd03cf504e2ea4a22d85ca5333b0ef8,false
23e2a3cf3ae81f68dd041bdc726a55d37b4dab21,true
651b6748fabcbc2dbbd5ea38f65999511fb11582,false
29769244b6331ddb335d63f769af5fde26a94282,false
a2a4e23826f4cbd371550b931c6af2a0a657b0e8,false
ed1fbb94e5a40a37566fb8daaf6f1f89cccf9023,false
4095dc4729acf1a9950c9340706b7dca0aa16a8b,false
36fe9d9e283336f34568099dc742a2a09efb8ade,false
2e99096a601b3bcda3de2f76e10b5a27bcc1ac1f,false
ee0e1d034acf00b6874108215a9a07ac9976efa2,true
9db7a396664a76fb9ddeff7786730a1e571ba256,false
7b6e0e6c37e00314be2363f2d48c36123d1e9873,true
6d8d71b05d9c39218c83729f02b16e59ddf67243,true
0df2f704704288279f04e61306ab33745feb1312,false
6d1417bc1043a131a782fa75bad7841834d2710d,false
397679643b25e1967ef3534d50fa34e3513598cb,false
3424a7d9c36edc4efebb84028a6044120001181d,true
c66b1ee2cc4c0001279b13524ad954e8af468af2,false
10453c787ff3d8fadffb34bc2eaa4fac965551f1,false
342f873cb625643f86e59bae3c9e42819a6ed278,true
f54cc7e5e4cc285e32c521c4d28721618e8a8aac,false
2ecdf7493b5b2e5e082dd1ce3b02a958f7312726,false
d1cb6577e641ca6e3a56b98d568d7c062f00873e,false
275c6f2df2cbeaba6889d7c98af37673718dbb6e,true
d8a8e6e5044e6a3ee0847b4fc6ce2e9a89356496,false
52cac507a938c543323771f7ceb73da40be5adf7,false
712b8fb53d8185f89362013c10e76bea1a3132ba,true
87ccc05c26be16adaaabccf231429ab4149b82b2,false
f32f2c6c967d1a371b8407a834658927f7974db7,true
db25310b556c8f19cffe51042cbedb81ce69a9f1,false
867a56e6a508cef205d8485cde36fa9e116d5c95,false
cbb7fb99b50292ad1d47983093d60662cfacd4ef,false
37fbfa6d356590b88324163ad24b936cf7d885a8,false
3688e9851e090e20aebb4245b82f27ff9f9e60c3,false
489f5a7112e921f2ec8e7065c02bccb6c367a59d,true
87769383a574ca3513af0b1b81c4e8864f003dd7,false
33e25760302850262582d9ddc78d7da5cd6b7900,true
f32fd8ec8a338c4793493ba1449f01befe853e81,false
bcab425c468315fdaf838f13658c8b5338ffe697,true
a0ea7d321458ea57422dbdfb6a7aa9980dd5fce5,false
22f5870e3c6d23263157fed97ecc9285e8168863,true
df58e399d811be43a43f238f755a70d1f216fc43,false
baa5cb573b717d79ed9be727c262b2e2a3033eb8,false
1a93996ac4920dafb76f2e4c728fe6bf1681f96b,false
cb2f4801e2eff77f0663886a7ec1f022b429088a,false
e87157176a1b2785c80a56d46e38078a2f71348e,false
74f086154b47c2d26da396208623d534f215baa5,false
5ea2d8197290303927e27bf1bda659747f5c6889,true
cd42b19e460aeaadcf70c6d8ea001e73ae28858a,false
607c5da7868b7e074f999213528547c180897917,false
c83ef5e8cb651772cbde6d9ea7566bf1e810eab4,false
66833761452d750302d4c5f3fd03a24458ec553b,false
0cebd02423a1ee9905c90e8397aa06ce1d0f6342,false
21e852cfb2c060008c5df1ccf751c3f5cbf3be23,true
a9fac400e9e07d2a586105b5c6dd6810c14ac71a,false
5bc2982b8e80c32925b025f22702e8fccec0e196,true
b24e40db23a6a3bc6544394fb25c2e2805907696,false
57491c50ef3c9263e06f6654d6ad4b7ba088a44a,false
cd4231ee6ee6de55bd9e7f5ccf75a3bfa541a705,false
a7a0e4b9394129da94cb033e4400618153a7a560,false
105b634711c89adc9c52343009cccd1da0bea8ae,true
190f15c86d4f7572b927c1e94f81b7a36de83286,false
94996ab2704fee5f2e89bdb5ee522f46885f3b43,true
67a36731f90d3182f0720297bb18ae19db700b06,false
7abeb322c463e71983553a02ea3a03a448e34aaf,true
0adb3580a8a5c4f8ef4ba35183d4ac6803b5c1a8,true
64d7756907d36bb9f8a599b87cb56a900b961f05,false
52e3db59e15b0ba67cb0a331d030027236ee6693,false
eb920c0a2e7b6c6062e213de3ecf2aacc0192bd4,false
5b7af696486284ae5afa2169adee1bcd60eaf2c7,false
6c9a9f70944c756aa32d8e0666d4a7eeac94f280,true
3c089ac9ce6eb3a2e806495268ed31098ba44968,false
5cba728c3737b16611ccf7dc70e8978999ed508c,false
31a2e5866b83d499cd21aff1079dfe2fb6e93d41,false
477900e4bc649e41bb65d2b892eaad773df9c06a,false
122d10a3d54f08f29ddebaa8d40afe8a39d091a5,true
45fcf4487ee5947733585c0bb27786a5115e04b7,true
bb22fb228ccfb0d7933dd4472bc9a3fe3fc44ab5,false
72f1f8f70f6df48028de121f8b0b3017f7dd1ad0,false
8fcc72a545bb3ad6d5e67e59f18a28c1db2230d1,false
e71249f3a8f2fe461c6477e7b4f0eb63f8b94602,false
e27d32d2817ce3f2828c36959c5e13a3ae6f73e4,false
91fc06a42d5a05175cb1d678d2534270984cacbe,false
50ec42bc6580d419b40fae78a3a452d6e3f555e4,false
2b314af98732d0026f70c4db05674f119988ec56,false
f55a856504051af72c181d5069451aa413cecd85,false
306cec22463d4c56d44dd17bbce8f042eb0eb706,false
1e416ce25381d9aa0cbf72456a878276d9f8a00f,false
2e2a387ee3e13301c5b10a03f55808aea8ecc6eb,true
6f931e5eac9c969759194863b899cffe236c4c83,false
922558595a70ae1eaefd8183a9afb1bc059ac8ae,false
d3dce1f0dcedec25aa04f22ee509411df6b04474,false
d150e406474de22a5c2e493992aed27cb2d1f433,false
109a7621fc98d6cc2bd9b4ed678a5a6f6f7da07d,true
88a5cf889801d19b6c317826ddfc5ea3fc914f20,false
ae8d735ebd2d16c5de28fb3fb760466ab34845b0,false
4b54f9d0de514f324ccef1e991d194fd2c62ce21,false
410f47922977b0f640fa5416c9a1dd4862221078,false
d5673d3dc03174b305e8834fd8c6ab3ade1ce17e,true
aad343ee5e0aedb2402dcda17f7486bd098074a1,false
ff43bbc39a76f83b88bf5cd1282c3ce9d5c0b9d3,false
952b548f539714dd2b52b8b861155a8d1e849bc9,true
7d00479f04323e43306d76b0ee94c99c9e0fd003,true
49abff137b17e792ed917b5a9ff24ee0fc873128,false
fb9f401b2851e2d20cf8c7518f8b4dce24e33199,false
1b02393977b88e0a6ac4aacd32e3f4c574c68d92,false
37d0e6037ad7e7a934b063072cefe990fc935726,true
1ae377cdda3fc4001fc589b0f6c013cb6544d8c6,true
e6cece170ea4ec3c57735905f1ce2ca5196d84b4,false
d3f6e5870547c177d7ba35fbf2b175b75d6641c8,true
3e16f87c6a9bffc30a154a2d39d2b83c5252088e,false
1348ca184c35f0dd314934434a56671f3c875202,true
ad1f654e818234c2c93abe838bb4cc6ec8e5ab91,false
3df3b26d5fee3196098e1d3318308a70dc4a74e1,true
d510f9d32deddfc22c901b6c77fb5f7d19e99511,false
bfc3f07d7da77987aae0f26a51130293498afff2,false
6a893e8ebdaaa1501948bf463d5d293e7c3b9b43,false
9ae77193da0499003259562218429e261b8fe57b,false
c80ea6ce0e69d8bd0f4fa28d551c1a36fc44ee20,false
e8f15e6838b2af380d0e7fd788946e2693037a17,false
64636401e999fb4f6195ff93a1dfc16209021c6d,false
897356c28f87f8d8b4f5698a18b3827a196567aa,false
3619b469b7265d0de88fd9ed1f428524ea2a3215,true
98da523273c96145fb4718ebd3c12ed9fe6bfbe0,false
6ade923cf80a521f6fa5d1c1640da215c4475d8c,true
946f52f087f14b59b11dc09a43361c407acc6075,false
2a2db9a589438467410a7d1227805d2e9aaf4b05,false
1d48da7d374c39a1a2bcd0c11c7dd6ee5b085377,false
d0112173622347ca0e550e31446be24ab9acdc5c,true
0a858edac3dba70cc34504f31bd89699bba2a124,false
bc880be2667941bae8bfb5e061e4fa1b9ce98c85,false
fd08ccd5550a05ab672925dcc23197fa278039e5,false
356a71afe87e5eb6a656231442a94774a5762b84,false
df3ad9f598c3940f845996939206b6e51c452cc1,false
072725b08c24aaaf45d89362f8f6d932acf68d52,false
c48643dcd7f7c26c965efc677529aea492622928,false
5e55a6f4a40ab7329257d4b137f380ae95131aaa,false
eb14ee33f8a77e913c5a558f1c231d8bd7fffb19,false
4cdcb1faf4849b1283a31445d45ab65a53efae4a,false
20785052de4ff1a2fccddc72917a02f8fad1a40f,false
8d8ff9c01b920eebba7f19ca1eb3d52d6cb6b0fc,false
8ce1a0fc75cc9344068e00e14c3467e8e8b505da,false
b71cbee966428fa6606b93ef237ee94a1c6132fe,true
d7facb7ad67f44d1fdab01b0088dd557edaea19e,false
afaba8d1d89e2e961d8acb1b1d9e3fd5a03ce975,false
876c1b728e2ef8ae6895cac043ad4544eff25030,false
99ab19653d19b1b6a42901419e580df41991623b,false
99987601c218e3e913ba9b667178b5fae8151517,true
524e8e0f411944e7f40c9ef7094da9881508cd77,true
84f14d4e3cffd379f30a9486af174a7b962f1440,false
bbb27de18f4b5166a4215ba00e9c4d9ccd41b3db,true
8475a09734ec308db67eab9295c5522189e5fc9e,true
3717129353ca54ec39a4b2cf70feab204f048b43,true
978731eaf67f2f692354d40cdf843e987359ce55,true
5defeccef44d2d7413ff08cf7d5d5c69827f1048,false
768537ea90ecd1cdf0730210db402e3537e38d1b,true
07807d4bd479f6b37eabb22931c3e0fc34f790c8,false
bd4f1d846ad1ad21d1a737b0b9b6097cc31ac204,false
0ed7de6094630e3eafe814a9b18e0b7caa6b3053,false
41492972ca3d1a9874e22f3c643b44070a50dba2,false
70ac3d61d3e2f761dc13a93a01bb1f410f1cb810,false
ffb92c97e45171da24da672d97dae1e8edd4eac8,false
c7e0748f7d4a15f8972d29db132f6402d70457f3,false
39403f5094b6f91193edabfce3d8e797eae1a136,false
3867cdc11a190338296ef4587dfa0fec768c266c,false
cac22137cac060e2f4e6ab9da0c4e9630146abb0,false
3f3e8e9016339f762845b5cbcb401fa3b8637e5c,false
e4246cf9eedf94dcb647c40faa0cbc05a165e3f1,false
76b6d4a7ed62e738e2abc827772932dc815355e5,false
fd6d4ad7457e809ad4945978a24e0fba363a96ba,false
799eb89c14916312f3d669eb22d84603a296e636,false
9c9d9b92bf2852e2d6b2e05f376733c2bbe6f95c,false
7e21d0ee5cf185e0f1723d5cc4cd466fa45fbdec,false
bae7627baee0f30208280c537bda2cbc24984e45,false
8d2f1dbdcb899c7a4872e626523ef1cb3202c930,false
915b3b21222b2cf874203b80aee6d5c8e4a2be6b,false
924b681a106ec5477718c36f0eea8bbc403a4d33,false
2c6736f93c4c5f76d5ba41b684d08aef796f1d4f,false
2e9ef53fdff0c4b48058825ea77a5e219c20e044,false
afa3a3b66f9679b89368177e501da52f93a7d978,false
bed0935b3d63f75d230e0e900b5fa83e648cdac9,false
3acd93eb733f5e3dae86d5e803a5ae80a0b88c38,false
35e47cdb541f3dbe8d2d7ed4429f7eef5004b99c,false
276d5021213adb52ce98f60c087f8f5518f07bfe,false
61cd37e782c056091deb45d696a4f693dd1a5c86,false
2973d4f08028d20a2790f46591fa9e1d5aab5591,false
7d26ad82573966f55df579c3db361ab3abda1b62,false
e2167c1a527093e90dbd05cfa7b1d251edc58e1a,false
11f130ba799f4257f663d7d26531d059d1366dc6,false
ed030107a42231658be3cf3a7bb91fba1b63e353,false
4ca285ebea9e1e34ba4b84620ee49c9a43e31727,false
cd327aba6c1b4cc3895619c5f9ae5e6cc6c3009d,false
377f51074188c9c3d7e230f045a85e3648cb5239,false
821493bfab160d7be75f589c59b2724b3544c89b,false
936e80587b63d7b41f0b34f08977337035f3f94e,false
f306e7481ae425d7a4e0ca5bd79058e665b205f7,false
e763aa4caadef08b58cdd44487d3edd0148dbb80,false
1417e60da09b54603c035fd23c4e8954400d22cd,false
b210e8afabd30104846941bb6c471c6e2bac3e70,false
5bc9e8cf6bf4322ca4a2338781f2314a79325ecf,false
15041ba67ff857d28940c124289bdbc84e6fcbca,false
7d229164c275551bea46b5dd8bd9d15413031042,false
fb8eed4be58a575e1b02ce54a3f9324399510e35,false
f02d0c88955bf1a3b7c714f2a6bffb8b25fb945e,false
d4bedc10156195d8e8118d18e266406e0ae174a0,false
528ebf26067a71d22e17a80cf1819b500d2a65e9,false
acf5d00eae06addc55035062da32afbd6a779ed0,false
f8de9d8782e5ae7675a8a0f1a554895e5bdf5c11,false
f1cf17cae2841d4d99ca2dbd1e294d923fb5ff39,false
883f4f1c531a10c8a56b671690ad40ddd9c8731e,false
3a8eb644fd317dc08bb5cfa75dfc787ba2787515,false
4df20f2e033a41eec13a70da83c68ba023159826,false
d20fcbc153af267815687e1be4fd143f9ac4998b,false
915ed6dcdef7c104d5cd6f8862fdb1bdae09afed,true
5ca1701dcc7bf22fb9ae9a335caba695bb0a8aa7,true
950db34f0fdc3cf97e1b634ed563172441947df4,false
3063b2e3cd473db8e067435e91cefdcffb98f744,false
c72d096032080a58f1747f1735047c0d4998aa83,false
ca133c751071800ed08f8fc972abd206ea8e4270,false
bd07285c06a04e042a95df31e8e46c4e2aa41ba5,true
146afafa1ffeb4916ba73d9310050eb803472156,false
e44ff9131715cdb55b1b73b84309b0244cbc4bb7,false
d7743219096bf4571d5145d1f282ee5347f5ec0f,true
828f603fcb0a90e2c93af33910412f5412b0b697,true
f413a257fa926e768244f52ca4d238d669bb7a77,false
772defad64e8ea009817abde8be0e433252dfd47,false
80ca6856b3a3a197a1baae6a66498e2763049d90,false
e20f0f8a8bbbc0ee44392b9ea08b54167094cfd2,true
4205972cb29d577d86b1fffd6fd4d56ae03b867f,false
be4c731bf73e8d6bd423f1b1d156ba810ea3a256,false
0de969ca45c8e33f04db06b92f0f9bf0008e9078,false
3dbbab2c4c0f3ce6173a18fe04175593b02b2f91,false
2b4a20af9b47b48c28af24de48ce6b4b4c942d37,false
b5c2c873510134be592b366876e2b33e2f85cebe,true
31dbf08c41d7eb19986b13ade567ffa1624cfda6,false
1a83077c0e807dca172bdb317309d9d8f3cffdb8,false
770d208f6b483f2f334fdbc40e7e42b557b28132,false
4afcc1082258080cf09e055467d5e019154654d2,false
95b5a1633f43f0b24185a54d7d7046bfc089832f,false
7900e31656f0b3110d03d412f63d742ed6e68215,false
eb0fabc92e7f52b56932f7311799e0b0deaa4be4,true
8264d1d9050c746a4b5a23daf09b6a55ea5d593e,false
094984f67b7764d04f2aa1d6f75009dd35fb3601,true
d160c2ab0e0b4e388da5dd0bf14adcfe1e9eaf14,false
a105a9c3d15a36b110ebac282622e1ad39df2317,false
777f0559adf080f914f5b3b0cc3516bbed293de1,true
c2d7e2d6592f0310ebc170d211aa89166a0defa6,false
a39d4c773df37269f6c9d80a9bba585645d77500,false
fa67861051d03dd76f106c756ed9afe2e4f3e16f,false
0d8935e14d1caf53d1193fe83310c609818749da,false
cd15c1896e6140d4a1399379729570389a9a1ab8,true
7fc1d7f50f6a210f3316bbb536198316ccfec6ac,true
393ffb14323a7c82119ea4652a99c47f1362d444,false
f4bb7ad07949a69201dcbc48a17353fbbdf8d430,true
d2ce971ac50148f7eee6e0cdea7918b37cf8840c,true
2fe83c6f754f13680c0315b005952966ecb35429,true
e7234663bf2c1c1eb03524ed482816150f88ea82,false
ca86fccbdc4fdde8e5ed325a3f68f58c42895baa,true
80e41c3ca78a7657fad5aab97110d9eb6c9bad05,false
babeed16f2664398019a2b37e2f456bbb1d1c034,true
0caf18edb930f7a4cc7682c6ab9d7f52e124b1b0,false
a7dac84c39f6261761b799d7d90a97363ba37997,false
bab54ce6cdf64e6a8bf80187b1e8a46e320a07af,false
02432a68979828ba310043acbb228a069ea5aafe,false
87e9e9bbf0f4b8b37584d0c14b481df52a07cfd8,false
b9c6224407ea51b623da79c91218da36735936f3,false
27a969e5a6ecb57ac3f7f368a7a8b7760767814a,false
4baa50bfc7b78f68449ba8d4ef0a80e702aaa216,false
8dfc8ef9a4d0804d36f79bb771f371f83ce28afb,false
21af832cc9156dcd31d7780bf1d7ba654bc26c82,false
1df5ecc7f6e33c81a3cd3a0a427b58efdc151e50,false
7d1f5065040957bff76dec001efe998a2d0830cf,false
efa2e24f62713db412b21445c711c134bcdb952f,false
dd1ab8d5fda0137f802d690568fe84a7959eebe5,false
bcab3aa8ea931e9e64fa077c03f6d3fd4d998b38,false
0f65d675cbc929194246a296a9af5ff830e83f20,false
679fd2e232a0349aae6d27116190a0babbfb2bf2,false
5bb34117938a7a3785d7f17898003f7a1e587690,false
490a6bf77f7a1112cd710be7e0cffa0edffba251,false
f464d5abf4829973a6b9b4001c2d3c5379f4adde,false
a44da91db4dbe03afe8b6c154d256d3ea1728f2b,true
ed47435c19f59662ace4367fd05231860a8d17ac,false
3e273cfeb25e536aa15192c3dd3979e98eb7dbf3,false
c531f8180a5443c2788a10b09d201b108ffb88db,false
64417c480623b0830b7032aea74b4d9147c8e212,false
d79c74ae87137871ce002411da3171dd20829b09,false
8fe032d021cb62aa34df2fc2c40a12d704991ff3,false
8ff1daa5c290997cf3b9cb5f74af1b551a0a6a51,false
62e6d5815295ab4f06fd71045b63e1d8244f5b50,false
62bccf660a41dc4373bee129467ab21662ea315f,false
12d6d91abb056bd362b13778d9ca29f411b5d1cc,false
79f608711f6a035e8cf7d80d5521d9a6207a5d17,false
41f711caf79773306008b57d8609c367020bb53b,false
1c806e004aad62eb864204fe901a65d951deb178,false
8568c2d5973054533ff7d431e0f4fa479139699a,false
3213c9a32d5eb14b1e93843f7e0654035bcfc980,false
f615574cc8f5a1e3fc82735dc0013cdad7932616,false
784cdb88916687c0989d07f03588f1e850f72279,false
64519df19f9b009726aab1ac2bc1b713a81aedb9,true
00064fe7ec9c258674b57143e1adbee2a23d12c6,false
8e4304445294118723b0eaa0f8953f3625004ae2,false
db95a3df0d8a2d0454ab9e2a8b4508ef6994d0ff,false
ba20cc939b689fbb913d7a2a3d933e2c93d9744f,true
c7e7ac4f9758a2d0a81c17098baa962166297eb5,false
8561a259e30e51e6cd2f2440c382cd30bceb70c1,false
7c8dfaae80f03c6c2e92beed30aaa350e5c20988,false
6d8966ffd4b450be6600398bb3346eb6a5babcd2,false
d26012416d26b4799da1484a831020054f97a427,false
2fd069acff6c6348b04d0561ee032f473b1a09c3,false
865fce139ff3042cf3ac0cb23ee1027e822f2fc0,false
1bc1d0f3324b607a4f42747b62742f556099243a,false
51147d7100d706e4ca6e34bc779a95c0a233e2f9,false
8419b598dac8392d237fb5a64238eae937922dd7,false
14bc4abf9547158e957c6c4049cbbcb489e7f873,false
3491c2eff30183f3e82eb32b71c3e4a0cba8f2c9,false
823df85698d4a4e5c542868167690ac577241841,false
11c496ca340188cb759ab9e450a75761d3458dae,false
8dcf463b6ea2480e9c50faa6defd9966d0acfbcb,false
0c818c2a562550472464ad7a45fd1bbf6fdbffef,false
1b46ac69eba40ea8674709326b6e164b23602669,false
884002b3188309c0c9191a54256e442615184c8b,false
025bb0633633a276a362b8fd0a2d9ded5cb4ec34,false
4668e111eebd1f779e997fe6b151f2250cfa1962,false
84fad1c6e2273bcee4672d1c0b548975b004e02d,true
5edfba366646e7c2b473eba6ab30063610cc5fcf,false
40e5735660d4b6820aaff1f8d49c1f6aa6b3f515,false
713079614bc765a08a76087c9208b4ea63434028,false
b227925dd8451aeef32e82477a5f69ae10735da1,false
a6a4fe1c80c0396f0214a1d08e269cbf8461ac3b,false
faddbb014c9ccb8f7ef81810a8a30f4ca8c183ef,false
2d308f87eec29a78e15e2a4d2523917bf7dd4e50,true
7d9142a16a01b6b7c11700df61d61e59d4eb892d,false
72fef14da3a58195c8b34fbd800ac724eb9f851b,false
70ddec658e2dc937d483e1f99cc8114debb09915,false
778a944b0c4f5f9bf93892ea9dc8db30001ff30d,false
c7a4efab066142143d0255f96f03fbd371a5bcf7,false
ba413c1106115bae83e85286d20ebfe9dcbbf14f,false
fe42cd3403ed29b053b092e54a9a3c5b8fc67b18,false
3f9ef48b4e47e7b288382f632e9a445e3fab175e,false
b0ca0c992c5820b6e45c9ae9dd272b60c1333b47,false
be5688654681384d347a1965afc713fa72c2f32d,false
d4f6cc183d6f3724f15076e62c5606ebbd3903b1,false
c9771514b297ced8ac591ddbea09a541d155f398,false
b953dfb3cd536d7d2de72596efd76fda24bf1a93,false
fb74b1902168acb9f6a09c36e16fceaf6377a664,false
138fbf283379f07a556f002e34b429d7e8185847,false
2ef3f24412d98119ee1ff3ff212660f97fdfd4cf,false
75f31297dc665b576be80160afe7e60daa4860a0,false
82408291394e287ee39eef3c74d636d77db97398,false
8242400e88a0a5e3ae221f135af5c84b28a8f043,false
7417dab3ec466811b94c224f5d6428ea8274ee5f,false
8ba1f031a390fa35691de39578ae66fcc0c8d05b,false
f2472321cad628907ca25baa0e0a9e9fcf76cee5,false
a04d7e331def4d2ff20b567d25fb11b14e885269,false
bb9d9d1f56269ba023367041aa771dc64e34a3b4,false
e1d969e3c8fdb410ffa4daa6e8cefc724e7ab2b1,false
c0ff66ca6ece8315d529a5f34647d17a1e2d751f,false
e2b3faef5a3217c1cdb9152bae994e4e9e79d4da,false
976d3ee8bb9c81df72e33881e96de82303e88085,true
497e82a4da43461874331c8bc0e0a5d4cfb6133c,true
627da94a9c8b3bc5623470200bf23c4c63ef130f,true
1f1bccbe7d7a976c334f323e7412471fba547bc4,false
af626bda73a0eb985f9582d8de59fbe6120596ed,false
3f8e5587339fd0a74047b4c82ad3017214b99c71,false
bb768a4d33627806b2bb6b2b24a0b5aa6a4cac07,false
10953632c936f4ea35655c4b2a084eb548c0f133,false
81769673cda2aa77f3937fe3b60e5eee68a78e4e,false
8f1cdad9c8ab48b55b7fffbfd5f39c2947f3a9c2,false
2c8f70fd9884fba8a751707b9688e48d4f41b4e9,false
bf06d347089a2c8f739da44e20f0110a180cb189,false
146c1aa32819ae37bb67a695b078c6ca58901ba2,true
06f09c6d25ab29ef447f6bcc2312c1ed18d700a4,true
05d8171797c52d2fdba29560edd568cd00ca919d,true
f1411c851081f966de4aea314eb22b191cc63ecb,true
e1cb8716c111a3f921308a390cd33a6b14c404a4,false
2ed994572d19f1786aacd10434b9276e4a387d0b,false
02c685cb55f1305d153a430cd0f67e3b16274eb7,true
a64003094376e3499580a71ab02000e4fce259bc,false
304cb0be309364e1c85baa784fcfbd6a14951743,false
fc620e2c171773be85e78f02e5925c7a8fdc280f,false
b50ec90cd504656b2da3ebc285890eec513288e8,false
b4c0de1936e096d51e4ddfe3f6bf802f0b222926,false
591d0bdea7774b97c77d0795c30b0ae627666434,false
d52f7f64840447ccca6b4d901704e80ea666502a,false
6d239d538191d9f54666a55c3a8645fccf0ffb57,false
512995a1012460c23994d83ec4f03523b53b77af,false
ec902e0caf9c0c2475bf39f015fe3a472f4ea45e,false
14f10e98917b20b7cee3f54c4998c4f5e9754b10,false
584381472b128880b190279b468524a14dc3f9db,false
386698eede68c7c8825be3ea19efe018da7069dd,false
4060301b6180525af0e270736746ad08a3ca2be2,false
2787787bf357dd212f4845c2ef0d755cfbe87feb,false
d698c116ed3b14f47a92ee12da1c47309aa3285e,false
d33bd5896d385142c8820bb08d461d3a3b890166,false
327150630a0a44610661441984379acb5fb78651,false
76ebeee0cc621c2ebe86a86ada51834891b1fd05,false
ddd2ff8c06f85e53cac4cf1b2436876ce4e90571,true
dc18314a9973ce2e351cf133a5e1a449cc6a3087,false
7c6755c4f0de8f85829d555320dc1f050803cba3,false
8e83865a060bcc4f42749f89a46fcf7e6fdc5298,false
8c0228e9f6083e80e23e1d3e137b6532f71e8613,false
3983d6f2840756c9ff98f1e8a4d7701f7a0260ea,false
e75410392871b98242ccc4e947a55a9b9a286986,false
f8beba58316c901879ea8d981957894c05950646,false
f302b8051c940161c00b82b99476ff092c7ba00c,false
cab9a06b35ee1f1c47b7f5d3bf33ab0ad6935ee7,false
5b1b948096ab2b67aaf751044cc10b1b0c67a2ed,false
e4c287eb80623ac2eae50be5895e2c348a8d768a,true
9022a8e1d65dc6d20c0c42401cc1528a1ee551d7,false
ad656fa66079bebafd0936e5466042872b09fca0,false
dee5302ed74c5e821a813c62c874fdbc8b1ada70,false
1969b3a8501b800bc851cf968c590b6cbaef1475,false
94f862fc7abeafabe38a5101c61288ab0a55fc6f,false
a7f0787690f001261804ba94f44a651581467142,false
c5326f9572e5563986787d203cb99c320363be0c,false
bd2f5929806aa94b324f45d1cb0e6063351e71d0,false
4e2e3dabbc27b5c047766fd0a8775389d433e481,false
56ac012d102f255bc933bcdcd057c8fe6a0a8fa4,false
1955976839b27313f91f1fa80a73a150d57b7630,false
5a925b80451c827fcc1f52e01a3f66c2bc409864,false
4b20f1a5f17fc80c7fee33b6c44ae198aee06309,false
2a2c6415a309b22d7d8eb785fefa2f0ae9d73b4d,false
f9719c348ade2d129efd709197593bf0196e9e29,false
7721750d0a6aa9a1e77abcf924eaf088c5e0ec04,false
2bdfa05a27743b7ac732b6b716f65c0d794cf839,false
b425c8bf4c835cd8b07ae9c6b088f1826d7abcd2,false
0267d8014b5aff6d4141947cb459753bdddc1c63,false
1e138c34951db1f18642cef2c8f6caf57861e2a9,false
58f72fbfa6a0d7c16a4f7646b86ec67632148d1e,false
721c3bb1ca35dbcee0710c3761ed71416c3b2c4f,false
04d1e716d63136f9f9cd9c22b0896e155087dedc,true
f27f36dea712d03b1a5d6c5d373dcf568976412d,false
cc595aab6c716c6db5826ec55476ad49dcd92ccf,false
5e1f6eeccdc9b53573d8fc89bc7c76068d80d73e,false
80db13130796ca002461b39ea9ee16020c0fd22c,false
4fb9ec5a653212287afa4a9d64f6a13e8c04333e,false
a542c2d06904922d2edcf212d48251ff6a80a871,false
3229c962d738a125aef1262ab48a498108204ea2,false
e4448b0f95cb467eb17d5807f0ab4a7743da62de,false
2842fbf5a56c7112f2e8dafb4796bd161f9b7e57,false
05c9f3c4bbca1783cf602b4d1366064bb4f617e2,false
3d9e843e82a6b527c012fa34ea35679c11e7e303,true
8fe59c88edd0afdd3038ef2c3e444cad2cd265d0,true
4a1dc70b583bbf52d29140646ac8bcf2227da7c0,false
9f2ccaaf734d6fbdfdaaf5060c8799d7ce037e26,false
29cb8a142098f70dd3f9853b2379fe96de64e66b,false
20047f4f57f88ca298fdd2f1613db8372cc1f25d,false
c18874fb4ce030e8b92f32cc4dad0d92c378e420,false
e0798b39306f53208d0f1a53114cfd6bd3add9ec,false
3ffd09246665af7587532ea6228b9e3a04878f35,true
8623c3656ea54937a2d1b49e53c9ff5f903e36ba,false
62d3be6884e2c6378159d598cded4c1644781e74,false
29d5bfec3699aa750788e7b9e9d64341523d37cb,false
8e6baeedfe4bb3163dbc8528dfade1ea1cea88dc,false
9a53bd18fba80759f18eef31976bf955c3dacd88,false
f51b622a1be68ccb37005c51570a18db90165dca,false
f8b444c5cd450180d6982dfc302333e53966029d,false
9cbd72745c0868156f747868b9f7130c5ff2920f,true
52fec055c95e484b52d313117cb721acacc5b0a6,false
5d44cdbae059192a987618cd8c6cbb09b1cbeda0,false
c81428650951bd05ea040ec2b39847ee841bbed4,false
440c4bc56546f667eb8a11c978daccee25948b98,false
5330b8ad9130c1ec3881e0998ed744717b2f6c89,false
add8f35c8310bfdffce4d7d42b95a7d3811dfdc1,false
8d498f9fa15dcaaf6a25186490c7888d0e016787,false
fe8f7e091cf3b0fce03b47bc1ad2985b45f39294,false
6e19d0d3a2eb0c8f277a93d686a47bfad093675a,false
b16d7671a6064aaf4b91ee64367bf458efcdf3fa,false
cf4d35ca5fe325156319fdddeaeec29700e2899d,false
cd4e687d99bc95b6eacaca1fe0f808c6a31f9d4d,false
60bd2b9697e38b91d33867a94d9acb443e26c7d8,false
20d71dda7ca0be187bd253590fe087f181e6fce9,false
9428388f91b733f489f1047e15fd18e52a86c9ad,true
ad4521a34eb623f732928d15961b14d6f106b645,true
9bbaf39f213265c2d27f0547f8e1ecef3b24ad7c,false
4bc00053e556d372502392f72aa5ba19bafa6dac,false
ef8a32486c4e9cddad6d8899708d1ffcdd4ae1d9,false
3a8e484a315c6a17b4137265ee4e75a87a43436b,true
719fe9349b9169c097d83537efde0269f84cd842,false
6b534bac2c75996e0ca6de2b5f0de508b56811cf,false
76b18a0da510a1dafd7b899ee33b1273ff5d3bcf,false
1a1691dae8d071ae12f62e738f8f348e84c67bed,false
ae643259c05d32eae64d8a3d9ea8a06712d86be7,false
0cfdb3da8d69db0a39fc4464550aeb39c15add86,false
03ab52ea7e3097ca3b176964d7e58579511ed3c8,false
18ba3999920d6451895c944c7509e76c5f15aba1,false
7eaadeac2426a52327342daf1b44e3a35eb77b10,false
a601029b07e81e9d4e78e228a4093abc11346c0c,false
486ac7d4bc112b57cfd4ee6456822993a4fd1fce,false
31da88f1f8bc218f1286f9d419b0eb368c54234b,false
e6f76f8643d08a9b4dec92c82292039500db34f4,false
9f18d540c623a2706419e111f84f29cc5ef85f08,false
6c17177a0436ca78fb626d2ac1fa51e165d7d2de,false
eade808bb9f432eb857927a0a22627ffbc3ef9de,true
2996294b6810fb49dab2962d96b7f9f01e39aad5,false
ed1591a9f89d433b5aeade69a60dc643238036a5,false
20d2f407b7ca1f93ac54dc6c1a857456f588914e,false
63bcab8a5e3dc84562004621067f2d174a87a75a,false
d34c5636f669fd65ff02a4063a8f1baf30c4d00c,false
986c352a3c0d9818d998452c25bef035edb54464,false
f236b5521bf0a4e396f094eee2e8d1167f853ce9,false
2b6b1a7b8d0659e41063be08f0c6b6bf397c596a,false
bbf824b24e8d391cbf8fe19671dbddb4dd59ab09,true
e92fbc06c155476b07832d50bc6c515e590bc0a9,false
5270f31d3bb1eea9f06ec56c6c234958b9c47829,false
080e9d33bc393b85bfb6397ecfce275a41ffda62,false
4895ae41e668978f090c4d6bce122b5e8ad51d9a,false
973362996cc5660948ec8be32aed52817f28b75f,false
24d78d2b1fed724191de7ea84df856e964b03ff6,false
6bb28596ce6656341cdc8b51dc4cb891cbdb7334,false
a3f48f61ec09a7a9c260c5c38a588df06f42f7c7,true
024101532d666fef7d069904a98a3e489db24785,false
a4ccd66d78eaabab7fe9f2b275dcb6404f967c45,false
b00dbce54fa951168aa965d4b7d379ba7f76bc41,false
f988a4965e82b473a326b1bc808e0a4b7be84e78,false
64a1fe8e371eb41904f93c5002d65f73dd111c38,false
394547ed45b4e9db9b9f2064790e3d6289e5c3a4,false
6f37252bf2b4c0dd8226142ada8774bbab9238f6,false
faf072b71ac8f374f1af7490200fa1e5226386ca,false
660020d12fac776ed9eafec633514e5b341fc118,true
27635c892ad05b7da9eb3d8e76b4beb754d3c8a1,false
5e7aebda18d42a6251e272769fbba3a07278c493,true
4dd806e16bfe00a905865a7cf7010fe7a7e4b90a,true
bb7861f354bdfa622186fb971f23a00633562ecc,false
df0bf53eb932c408b45399367a2de260fe90997d,false
1cd917599de8bf08d441afea93ab38305e7e1c08,false
be0596766396d097532c90fdee3a409a2b5fe3b8,false
9f1d31f2689cbd50462f40576b1db4b0f06dca26,true
975d5752c31109382601d9f16d5eee88c72b4f9e,false
6c423596cb298eb43a385cf6ee9dd76dedec06c7,false
30596e699060a9a5220045660d45aa3ee08a8ba5,false
3ee0f4ae3f1e952d9d4d43cf73d5a1277d90776b,false
53a63d39d058cac569cf4f10630e4ccbef79d9f4,false
5d9aaf7f6e5174e426e5be6803f692023ae2aeae,true
9e8d7946331b95496eba23811d6d1a9864caadcc,false
e3966fa8000bff8a48d47bff3c27d78dbdd44ef0,false
528172bca0fa59279672f69dac22e48bb0e4616f,false
a7e931325eb04e0d8eba89c6347add72eb089995,false
ef8a3c6164fea0335e1dde7313f39c1205cf1eb7,false
e2641a159b5678d1fd34308bc1bb5944d360a6fb,false
2b832d44db488fbcd6395d8ebb9796cd19f4b4e5,false
0144940831bd24e940622587c6cb20194e7cef6a,true
01116f2b77cb4c5c0e37b51371f95cc3af8c30ca,true
a7f5fb02efebd4d3707a1b0114bfe10c42eec3d0,false
8b25cb035162ba54fef89c2fa692b505bb3f0588,true
b48b82b08c582b843db2aaf9fb0830e0cb49fcbd,false
ab3a6a2233feac8ec265a324501b50e21557fc6e,false
11223be7afe5afcef06333a743d994fe8245efad,false
0cf45350fde0b77d95303bd578c527d19a8c84e7,false
36564e03a0b7b09693a8586cdd6c0d4a69ac4b96,false
92223be6d1aa7418ab81cd7d4798c4b471a075ee,true
24352ad2fe2367f4aa12484509f6902b987aa7b0,true
eee21fc52a68961e252207142c9aa683d1931af6,false
347fc96b643d9a3026a0192c0e8ac61373537a66,false
9a23142b865ce50ed74b6aa72835fa44b98ba3b1,false
ca1139e9d5a529ced14f90cfc0ca889b7a6652fe,false
18f10d133f21543cd03629e42a5daeb33e5013ea,false
b77731a7b1d60c02c8fb44187969fa24b206d926,false
35bf2add709757132f5d608baea4b14cf3ec6ea9,true
b101d9be8b5ac65a34d5fb9e8d6cdef515939542,false
30918c4a5c44943a76fbb150f044362ec312297e,false
1e26a5f3a51958fb8528329ec350c70ea9e3cecd,false
dafa27dca15754a776a3116ee2546d0dbb7d209a,false
974758b71480a47fd513dba10e1e1c534cd2ec65,false
750bbe12c9eeabb4b16d671850a813a0ca7efb49,false
daf5fd742457b99a6aa4f8e460ffc6432f4be98c,false
207916d82c4aba88bcd8eac8f5b30c13edaf21ff,false
1765e78ba2fe7c4be259f3765f35618f78b8a25c,false
2ca002f9ca891f3ceb978b6b531b3134319a40a9,false
46992a4514255a1fcebb1c7c1b4ace8e294989a9,false
50be230dab22978aa7f29756a6013ad89936a3ca,false
ea91a103218f4d9578ee270b32d332d9e061584d,false
0228dd6ef104794b40b0e347b3944550b66614d0,false
a089e4351809db1d6fa1b1ff4c90289fc38872dd,false
23e95e7ccb5d5feee0cd2d6c005824ca06962631,false
95139542c1e23231fdcb952d492e6a8c2e26d990,false
c66a5b0058cf94eb07d49dca383b8e29e2bfd65e,false
c105fb41a8cf8506abd3221d16a39deb45fcb629,false
c2cc452b08b0fd6b067cb2af45240cd502efb4fb,false
f995627d29b5f0dc6c68c65de7273b0f53d01c27,false
9ae30b3dfc8eccbd79f21e3172f375fa27702cd9,true
ebf02a77864e19aa76396e4580771165508c0f77,false
3eb67b2042a8bfd28401b5a77ce3ed7eecb7a980,false
0fca85535db54d7475051d407da889c3f540f3bb,false
d9534b0d5853b613ed444fed03dadd8a5f3ad2ac,false
2bd2d3171626b146bc732c3acf4cda6e7ef32e57,false
80b8f28e440ab1a6a53721da798d8f1ebc590c38,false
1c3769f0e95d381a1b0681c07cda0a0bb61f7d7d,false
5af29e285d2063fcd9234ea8aeb64532136a8bed,true
c5a2417e241f6d72db5cfecfef956a497e271b7e,false
c3f6b7015d5164bc6f474245f726d9bd86c114b9,false
1a1de1651c98b62ab9dc7bb5ae827670ee210cfa,false
ff1b22d3a041857e2ef6a0696ce784ad440bdf00,false
854fb7dcbbb78dc03d96f67ef9a36313bf2ff28d,true
e88f1d31acacb1d8397ca7e124f8a4cd64efb962,false
2848deae77e909e37d4bd188bdc25e73721d256a,false
4edd1bd65dac628c058e5affcd8d415831583e2a,false
faa75d43b770511f064cf913ab625b63bbf473e0,true
8937eb4bc78ad12b985e783c832336180bfcb3cf,false
256d2d08b8b0b1873203cc4013881dced3ac7eb0,false
3052fcfaebc791865947e1bc29289543d20b5837,true
573d4f90a1026c9003ad5763b9caa0f43c49100a,true
b20d1a503a79f850bbd3167d353add6586a3e9ca,true
702420d6e9c6a9d62e2cd4700d69f9e2fa1ebe51,false
36b5267f77e2c0901055a70665b3c46b3a635686,false
db65f1140a9a19ce53b702468df99f36598828fc,false
519bca5ea445b932ca12d849ef1c751a9f33a703,true
a583eb29f676609fc74764defe8473ecaabc9654,false
79589db68da48c38039d734a02808b4a4581e114,true
e2bbad059ebda9b0ab577d40b2d1f2fcd5038e6f,false
a2bff447dcfb716589fda8f0f22327595a842dbc,true
bbaeaee525ef39579c43a235ca2a9750fe6eb8cb,false
805d21e479690e9a49c480b99a59f8d3349c280e,true
1f4d26a68232a736c67784ec24d6dceee552c857,false
873835163243307d43c7eec240b6fcedd80d4fc4,true
6ff8a78239e45c45a8a253b053c2b5560b31e4c2,true
dd861b6a403b99015c65e8a9c443916935a9f830,true
d618027d3e00982064784a0b88624fa18dc072e4,false
d01e5e3e9395ba5929f5edf5eba5db74e0a73c0a,true
17b7b5f48879f69cbc50f49ad5a5fa97c0a08718,false
c7bf6e3f1c8d17be142f3899f56a22f6f9d1d221,false
1a1449d0e1296a469b532343a7ae8cf5caaaedee,false
5e7a4d414c17f0710a5638684e36f947e3ffd99e,false
147e02d7bc6c2dbbd2aa2de7239710c4ecaac9e9,true
351b955c22f31cdac7ea43b124a56b45393e69fd,false
2173e4043ad6bef24d14983ce58fe78db379fc6f,true
aeb460625de229de1581830c68d054b3caa40e94,false
5caf7e35012c8e3516a7be0a82fdf6014872fdfc,false
044934c5fda869564b18240bb8319815953bb098,false
e90e861cec21229aea5b3d4c6087c6262d98a473,false
f8675392568c991f309cf3d0d2492cc380f85d81,true
0b494bdf2b4740c87746c49a3caf7a3120452c7b,false
b6e16516145858676d4a4d803b4a1e8dbb29d8e6,false
c2d6e760354aa02e86f4bf72181f954f9a49141d,false
7541396501116117108f632aae756698516ec1c1,false
9115587c538a5e51de815bad2dbc375829f27c63,false
6428227c4ef2e80cebf202b24f5eedbe08ddd156,false
0267e254eabbaf3af98a7dd44ac4046dd7373347,false
86933cbb1ab34499ea37b789613f294073b219d7,false
1717551eb1d8032258de0c0f7281b46b19d02adf,false
40c33b65240ef94b9ab8d8a9441cfe73ebab484c,true
80c5e8e376921dc02602f7d6127a7074b0d1c169,false
c6a1747a23b6017d3a3370ea44f87a920d5bd8e8,false
be602b2918323fbfeb79bb7fb3977328fc961c1b,true
3c8aa44eeaeeb2929bb3abd900f1a825c5233f05,false
09cb06cc8ca90f8ad48a2d8914340884c0cf3f8a,false
a87fb7e634ed57d4bcb348669c94afab356920a8,false
14eae0fc9327e46bda36ce8bdd65251f3723d6fc,false
513dc475f583dc16125b494bedd3e829ee8fcdcb,false
8ed675ef502e2c79860ba3928c77ea2c3c3a0b82,true
326ef6b24bb8325c237d0e39f6d814bbb4d2a98a,false
14b1575654c933f19190e419e23e144fe877abb7,false
15620db1aec9129d15832b1a1f5d29d333645f03,false
c61bec41ccc010a1a2231b3954011eafe7304fe8,false
df3a121a36b0ae3996e421730180bf2d4eaf2457,false
10c48b53b1fbaa1de01267603f7fe7969244d60c,true
7f1c293a471dd393df732e79d72da89233ef8614,false
ff67e65c3b9f8d8704456a03de5d8e61262bbd1c,true
7f42f36b8450daf04e3bda7e63343787846dc1da,false
162698ee90b0d3b0f307836e4cfd580517884635,true
96c98c8736f0527b5e992f6171eba3b9e8e55e49,false
918cedade880e1a2f93bf738274399f2f25d2638,false
698ecd0a6d7f1cf95b2dfec250d9392060e1ea8e,false
29c87e662deca6d808e01ee7fcba42fe63da291d,false
19cdd8e808c1730c618b9ca7dc094dead56893ab,false
28d94b7e4649e5936d7f970915be99cc2e027e53,false
194ef4ba2d687d715d13dc241f4fcdae2cd5aba3,false
3417483976483c6f1da2c6a144f12c030f135bb6,false
a4f005e17744d6834f4e372f9aef80bb53590923,false
f31231ab28533bf272aa3343c1a2ee7cc491c1af,false
9df777b0e70908b4ab9c29be1d49ca2e819286ab,false
9022085825a309fbdff287ba53cc2936e5491e1e,false
f950c6340fc9eed2d86ced4ae0785a0faf28f379,false
54b118a1d5e6fe871e896be833ca35ee7cfdb6d9,false
a8f1affa22aea6ce0413949262dd110c646657f1,false
08fa31f1fb015329a7328b39547a8e4d94390828,false
465b482a69767097afb5db1641ef8c747a6715a6,false
1a81b724ddf0c16ba9e8dd60186277a959cbff09,false
4e1854f98e9a01e4f386aceb5d4deaf8d24fc55b,false
a5ca983e8a5127c764ff970ffebe1951bfcf5964,false
28276cc304e3502115d2b6d48a82ccdf58774fe7,false
81e9a9aa39dd5539b9407599399bb4378f19c799,false
7435bab956809d6c2e7e83445112506972a5548b,false
5ac20da7820ee366ef36045cc173d900fb95b274,false
d2e301ba2fad0a705143080c393e0d822285deca,false
7908ef528b4fb74908d01f12901c215a2552d816,false
72e33831da9877c1bacd56da721625b348caf6ae,false
767d2766ccda355fc232647b88e7b4d372d27fd5,false
bd1e86a6e3c38ae0581dbbaf1d217fbc5707ca34,false
06ff3aa0be3421c881962868c8015c4ea3130dd2,false
9a9042d105301fe339dd34ede51992754cabde1b,false
3c28422a944e76944a184f3d2888879a237349e7,false
5f1ddbaf17f828ff8d1ac90e0ada1604c752bf87,false
1e49bec116c8c8c371bb1d09b0c41cc5a53cd5c4,false
bd2feab8a9401115978b7ec754771ccaa1a51930,false
efb6e1359619040d5b6702c011565914db58a328,false
3c5efee46178a1dd591814f2f53d63290e4f2750,false
349524278d1cbcfacecb417da7a84a92515774c9,false
4c8bfe2aa84c0e7fadc911280dd16c6a581dc711,false
60a796acf05a9ddf735dbd37daf991f7d7625c26,false
9a1169f8c27909d8f7f1fd5605a8bfd58c84ad72,false
c5c74cf8625cc3d39a904ace1f55b9ba195de30e,false
3b16da21e1a17846e17960cda8d86df7fb4cf56b,false
58d443d19a1a4247cbea42b6a40c20ce48d1bbfc,false
d7f2f1dc77279cdc43e19336b210352498252837,false
7a8159989de979312eaec643d4fdf121c8159a7e,false
2f34301617881ca405b9db89f23d9c33954b7ccb,false
b4760a6a98809b58d044fdd9e3bad1abda1f784f,false
b668b716df6b9297719a91f17cd8b63d91e4576f,false
b32be223b4035da3a785dc06717bf636743b34cb,false
412874e0d0e7e1008d2819ee51818bdf332096c8,false
29d82227eedd6850be0029449ca6f26e85aa8916,false
95b471cc37ac5de10d46981def549d2db455fb7b,false
dddf0332034bbb877e4eee5a3e9e30bd27cdd990,false
c22b407615a4327997dc52eb5584e0e3e6abeb6e,true
e9d27021331865ea45a16a23633fc9d98ad3a51e,true
10abbe313f67779249b2ce414faacb0f4f47549c,true
fe2883821bd23c82b3ea77d681492411ef7b9586,false
9996c3590432362f8e6aad9bc4f53a286bdc81a3,false
f48a97742297e83fdd063fe1d3cf3f034cc84a83,false
b50f86fb353a4822916230c152cad6681f4bd2a0,false
6ca457bd2af972d7ce162b1eb13d3b153ef0b799,false
b470277e146a90bfdaa68ad926007c6add5c1e2d,true
2a5e4ac2b063524abfca0a759976bfc470de5972,false
066c494de07c989f1a7a18a9703e4948cf63acb8,false
bc1adc7939b2d48abab06d0b135fbd388af6e709,true
2d77f60cd2ac3f5227d5075cacd5bba4e227caf0,false
7ee759c240157c4dd2e8a1d6bd3d456c9f0b0760,false
4698eb7bf4cd4a5f242e75f56e42f2167c5a02d3,false
b8e9345bfc587d468e21cd26098cc86dbfc00096,false
5add2fba38f5f4e557d1a203ee32fd3fdf236c64,false
b266dde8fe25ac7d0e1c9c889bdac9da841428d9,false
5849c4f0082c6e64e8691542867ceedb6af26b3a,false
a933ba3691e9772f9b821d37a7583211ef7bdc39,false
2f0c92734b01af509915c2c7ef5b190b18c077ee,false
89b3973ca24e603d669b8c446bd7312fb8f062ad,false
03a8b1bb5256183b9f5683fc9ec36f1a2f62a793,false
07a47d72ee4417b8b33dcf94362f0fa45ba7c44d,false
61fc56696bc4168c858e051cdf61eb5fee5520d7,false
67f44e9a2fe6d3d51cf82fbef6efade0a34fbc49,false
a0344f7c785dfd693c5c3fee41088a1a3457e161,false
ea1f5dcbd4e91138d1ec77020d70d1ef9b700656,false
bac19ce76f48810f9eb5a3aba24831849c7eaba7,false
4f5e339a00ee0cb0e68e3a70ac10582f88410d41,true
51c335628e03c6971848dcc8886a314d91c1882f,false
12cbd8f66b317eb2da39591aae6f427eaf7a49d6,false
cc5f7770d23be52eae6d7f623a41afdca5657aef,false
2cd59d4e24e7cbeac0007e18070f2e8cae5bc06c,false
27ded7d37e82bd2e5d0b37b72fde654b64c77678,false
6308582f85b8b85f614966c68d7582b3316c67f6,true
9b75d90e7f72ff60a1525de8ee531b8183902988,true
66f1a8e585be234ecdb725d270a0783af9c9ca30,false
d29c2decd9a44d4bc3bd71be69a123b656dd668c,false
790016d29be375cb2e030f4eada94c09eb2e5030,false
9a01c4cad59c65b3848cc74bf95633f9831d22d3,false
8580a5f5ee94741ebce9dc911c6e802432dd1a2b,false
02bb7eded9a5914c2c4f5719ee193b41da462dcf,true
db02144897592df097c58df5335124e4946154c6,true
8c613a11d899072d33617b9e06016e309ea5a261,false
7461ff18fab8635769ac34f796b9a9cea045b3f1,false
af51037a5003701d034822cca7711a8c207103cc,false
e53591649ce3266112ef5756291e08a90f467da0,false
e75e2bfb524b63099ae57ca73d28b5968946b475,false
67b58b35cf7542ae5f1b792205f89ec1956ef570,false
51da815e64bdb9eb2da1ca9156cb4a73ea19cc5a,false
8da202aea2e45c76b1d44f82ee34e75c06390aa9,true
5cf32840ef9e3822e7ef910b8ed722c89bd3ca01,false
3b329822aaead16a588044f1bb8e982f584bdda9,false
a3ba89297faafe1df346ef02d39b56c5e7b04f27,false
047684561d0ea5416df44618ce607ca9ebe79407,false
f9bf228a356bd7871f3c56b972498ac1004e9c9d,false
e0cb2821fecbf079f88050f3d23c7f28156f4303,false
15ba78933ea185675ed0b3783bf836ab271ab346,false
87ffde9fc9087692418bc3796c433e004555be68,true
c36209933c8f50f9ca89d5980619870f23830fdd,true
9710f34808b32400ff0c2cb265b6d29c86620fad,false
ca094ff293df8352986149a6e0f1e539190d94d7,false
bdc134a1bf70d86cb5462721ee79fcd03465c8e5,true
c11f514a7bd9ae049a52cd48520c43d091e69e9d,false
948bb56368ed8071f64e2f1303232bcfb400ec9d,false
1dfe4ee1edee157a16d50a9812f8008f45ffb94c,false
65c7d0d26c7b8646bbc33de40b68527ead18de0a,true
203a3625150900b77e77c890dfc6e40cea8fdd00,false
2f2895c7639cb1333bee919463120becb9237381,false
84f27d39990782c9aeb823c0b39e95b394de394e,false
d3a03f4bf921c818fa32d3ab64b53a2df13c0d11,false
57d0b096fbfa1c9f75193a3418aad2144413ecc0,false
2d8ee68d336a299f8b33ac73b1e74e91c1408171,false
bf77b831788151b2bf4056c45d7d1727c3561463,true
adf4d31a2db4264c57f08905340b99f83748def9,false
47881a7f37c9b7978589cf5f5aef8ccaee4cf12e,false
8efe57f37f57b1c7b8031f3a4409de9e57ccd7b9,false
ea765034df82376423620f9683b19fbbcf6c23c2,false
044810ea04e5e6204fce17921f7e69c26f297f2a,false
b4453ad1b4c183500f8bcc525bc7e7e79cd5b7f4,false
9aca2da31cca8f53f66c352b904679a3dc48e6e0,false
e4b29ad2479b23ceb9c52f462c551ed5c0d25a50,false
4f4826f48af41c234cca2cd62772ad971193fcb2,false
6d7e4eaf73ea51e5cf1f5573fada5726b0e18dd2,false
b7d79300993922d12fb7348ca91b2653e88ed134,false
7f1a0755b4e8ca43456b13018fc30479c5252411,false
e51e27da124f9117ff485ebb3b87f3ff38e21ebd,false
05839eb1cd64ffe6c51d729d4a3bbde7aac24323,false
6cf3f41465305e337149d77dbac839861a5240ac,false
4649c1af797eec7b06a0c1369a83933b872e531a,false
c08a212ee80a515ab31ad9309c6664a6890a0d69,false
af30c7e632edbfdbd34819f283a34dd31ec12614,true
5a004cdbac5f1ee3a9f2e8f33c7d132a7b304bb1,true
ab458a4322f5df406498d33f3d4fa0eb32368e0d,false
1aafebc49c6d47cd22e839a983f6a633997204af,false
84afb7b945d04ae72f7d2c40025d29c7ffc721ba,false
378c2e67e9e0c47f0bd4d71e87f654f243a8f7f0,false
b79302e85d4ddf3fbda94563d262afc1ed1fc882,false
dc042ce9faf2f308bfd1c1de1e92b59fb2b3b5eb,false
c6ed4f224c52f13186804d45f9d8b4ba148e2f03,false
76f5c256bb8daf09513c67eff0acbf05493b7382,false
5e7cd8edc62c16c6e391570164e5b013c8d1c02a,false
5ee4540ed41bb4524e7188652f464933dd897945,true
296e9a52aeb7044349451ccbb185bb6bc52bbe90,false
33387ae95cc1fe71d42dd86c268ead076857be67,true
929981bcaf9457c765ad3753d01c74699a0ca571,false
bbb276ab1601ef0633d77891d7c94e80653448f6,false
ff6a350549480d64ea9f913634220c1ad05dbea5,true
01a346e184c598e948b879e111607fe847a05887,false
cd53fbb726aa0abb60fc4819cbbc2c04cefe9ec6,false
04d2314b0ea180e1cd17adef7e8626fd7ac7f756,false
473a32a4ee09a257cdf1ed04f11459522e2c1f71,true
929ae857513f86245461b196c851808b02c07b77,false
7afa16b1c30d5521b27cbf48e4d8ab2010b9e2de,false
6d7e9e0da2c8fa43afb1b52a33c9158793d5c719,false
830f02b33bd02408dffa293935dbcc09f52b55cc,false
05641a886645a552380cd4676147204aa89ea444,false
a3ebb4cb17adee0f88464905006f141ef15c05c8,false
8f64f3a2f9f9d82bd1d7823f3141e1e83c9e3089,false
6c094f2136af4767bcaba90c8fd764d828ffc50d,false
177741e3962828b50ecff88cd88542d2dfa4b097,true
26c33eea3e2f0bcaba7ddb0cfda860dceef0a2c4,false
351649ec6bd4e939c3e39fac4df39a89831524a5,false
7041c2dfea31ae3e2a3a014f91b068c982f696c5,true
a0b1e666aa7cc8482f20e8fb74dcfc2642adc3c1,false
129636907e29ac7a3bbc984e9cc550e53c72641a,false
9bf50c881a1b01c6c1bdea093166dedcc6c3a127,false
4f16b8eec817c3b8e27c969d1c47474c53f07019,false
61a8d5008048555b55df9cdfbfc97dc7e45d0c70,false
c9a9c2f378d05f45f45adc72c4879259c212fb85,true
8e5360f872700bfc687f5476f5d6a66d26ac9983,true
bc8181307dc026384707baeb9113063e9e851e18,false
c6cd98e3c6f72a7e5e2d48ab8a8c3c532db3598d,false
ad0c23f3a5c1d799f781ec51b9f5dbb05c61436c,true
1b0307780fb18571595e7056ced0e6b06b93991e,true
18ae025d1ea6dc5183e004e0fa16f5d713c014c8,false
f433e783f5e3874089b5100accf3f9fe5c334dc4,false
8f2966222e5b748ff396445694f328009071973f,false
ef3066977bee8f83f479602b8c9b653814ad58a1,false
294ee897ac79410cd9ad863713b6a623c36e56f1,false
bcff845b982f7c9ee9d8cc29c7589af051ee8893,false
e2a0ed5cc37f68729883dc6275e1be37c04f3933,false
c1cbac1ed2f50caeea387706cca54000c53659ea,true
b4a21a53dd6a66429946cfda30ad50363f461a2f,false
f696ad9cebd1467d9836020e48b479e8e312d34a,false
4591d4b96ba42301fbb2c61332d2f6ffce57cea9,false
817be16f66be76ae8d761c760cb1779492b5de77,false
32b1d5cc473387a3c62a87733575a25ed4955be3,false
e99b4043d7dd50ae5f7263b8543810ba0bcfc6c2,false
84f24dcc82b5d7d5289027df8f435e08e6e2a38b,false
8b5c3cfd457afff72973eda9b6beb6d0be05c7de,false
23374689459f5202d16254e3f6f7c562bf6dbf1a,false
4c12cf7adb924f9abef785f1cc0a94dad4977411,false
fd92ee4efe97f8d6f0f0ec0dc73198d2b5a40e98,false
16c7ded8f0d1dc67f040a258c8023795f8015fbc,true
05bed63fb5ffcf50d1993aaa99e9444ec22cf533,false
10719fc7e85c747623accf204eb0c03324b21898,false
081d36b0c488cc38134e0d68030eb19326a73975,false
eada32f16638cc20b3f82668d86b1da14506fa57,false
0174b3da88425810aa59f472619a2ed43a04ef24,false
905b535e7b78f806951efe3b01b5e2ab7961c2bb,false
9aa29d988f0a4fb89fddf75a9c2c40391f7b6689,false
c8e30e3204f9550af4b81bf26d37e419debbe622,false
bde99fd8a1ebb3e1fad4ab445a98be20e54f214b,true
d83048f11658ea1b51e769555ac19e9f9f7f8cce,false
63bb1ae3d22390735a6048e4140cb6b0d9f111eb,false
6339262d72fd3722e888f2531c19026a8220352c,false
cab9e662009ef03d354cebec04762cd32465f55b,false
cb0fee977189006d4b39274af0f0286851ff1473,false
181416f0777b363d65fea97a0443fe111ff9100d,false
310b1f5d2f4f8a58d04faa1d25e3be10fed8f36e,true
1b288f0c050f9a12579c8c38734e11203560bf19,false
733cdfbd20b4651857c4b78d7dbdd51d087dc6fc,false
a3fa92a947ebbae09616dfa3556f2b9375db4a6c,false
a8622af8a7f14d5ba84efafcc65b487b718791e0,true
0713d10f599494069e79f8ede69aa0898771d270,true
a18fc1316eec0aec21d1a2423e82ac81afbd3bc2,false
b281ac7d38951403ed03e54f8b04334ed936df12,true
951a359e5f16c9e0649bf324455481227c7417d5,false
cfc17fa03e03e8e2ff96ea717e975e2d843f570c,false
8f943c29325eddf13e81b32b6660f3fc6cc56d89,false
356ebef36902b6a11511ccce52bd01fa35f39630,false
8526da2b088e0558fbad17fb6c6a4751267a3f9f,false
0d8ab435b926254c9cf21775131e208acb46d7eb,false
e23fc861cbfea79784d6b381b74d8895456d0f03,true
f3fdf15f1cf169d0132ea4035e1266fd94c88d3b,false
57fa095051d81433a4a4bf8b990f50dde29f9486,false
4d240745a5de186802996e81deaeb5581b35654e,false
72ff0edd7737c2e0acd14a1cbdb2582992174e6a,true
44e7a8bb068456c90d6486143211ca10d856aaf3,false
42826a952ee989f5c90aa4a2f4103ff605067007,false
1f4f057de1758747263b0dd97f8309b72913201e,false
c8c17393a165cea5600b7007abda618a9a51520a,false
8ede7fc9804315db42d631abf2c3317055e3adca,false
2d3c7d1da3e9c31577c5372e8b6a92bd2f9898c3,false
83cb90493ae08debb04b674784edcb7d8c52a121,false
58af604d70f8074376300846799bbf0d467522ab,false
43a72f2d9052839b03d64b8c4f1580bab63acf6e,false
5e70ec777dc20456e5e92a56f6d10a93fa4fce0f,true
7519a4c0314ee57776933b6734f00bc0c546c059,false
681fd396e77c10f450f46e286b3fadb365bc3aed,false
3170d23a158923f926643f0807ac5ddb8cb62cb2,false
f9a3e4ea10e958d7c445d04c39172c9ac76c84a6,false
a19bd2ea26f71fbb19cb200c9fe269b636f16dd1,true
e69d3445170b9fdc770a5db9757b7c2ad7ef6e7c,false
8470fe8a37d22c54f36be415a25ef5753836a576,true
eced021a2450c26c4333b34852334c5ac7f84833,true
587f8f44541b5518aa93c688af791e13809cebef,false
d277662d47f77c8cc11ef18624691ebea6d629ca,false
746c0d7ace23b99057cd42e2770b84bed32a5c43,false
527df57b7e0358616ecd8fe34621198f351b29fe,false
7019129ae69fbad0a729acde861edea73c28bd16,false
ee676976bbdf1e35b7986aeaef5f47ec31e91c8b,false
30e0fc25216f21a699457ce4a49bbb638d7cdb5a,false
d110fca49fb267bd925b41ae6470a31919d3c6f7,false
5d542b6f083f8fbb24fa19b7afefe933bac983d7,false
4ddb559ac303ac32e92bd3ad4bca0d5b5b739001,false
fb1d3a1a2c1dfa2c9eb05fd92fe1b5d3620410e0,false
16ae14a2ac224d9b1b5901c6445bce0f545c353a,false
39a5c17c628ae7a2324099f25e3f7da41040132a,false
b89dd13a08fbfded24b0dde9699fd66121d90909,false
dc0bc8a1dbfe558855ca8c05abcb70bcf0e8891e,false
b442d3b0562f913d98d248e743f278e060714dd0,false
38dcf13aebbb23a0965a43156f69db46b0578269,false
4f6de2a918b45bc108b388b9f697a1b230446ab3,false
c6ccd27f2a2dca6cc07a1af8bd23df0f2dd86567,false
a5a7dcc225a8be5d26af8e95f4bbff9b9ca4878c,false
9e3f81c0e7d9f030a1532bfe7e95b81676d13a49,true
69a6d0a0fd08805ee74f0fd8f19eb68db5911d11,false
67155787842a6036a506ac55fc339bcb5d3301b6,false
96d0ae9903ea60bf3b369104d5d842851b66fe25,false
328affbe119bfae2c01deabf07ccd8a9872ede21,false
32b7df3356a1164e515c106c7758fc6373a6b4e1,false
f9ab55859916ea97a69d64d770c1e815b4300a6f,false
4865a1ae2791ab129d77db4622deb3fbf47b98c2,false
c2c9e43997bb6bf1e3bdaf9d24b1f6a81cc5f0ca,false
b5660617e14c6bccd2d76dd713dbfbae9a4c84fe,false
c775937d84cf7538d634e2b488bac2ebc8ab1b61,false
b20c9e95f298e280155172a717b89ec19bb45c85,false
c4e191f8aaf42c1d946003652cbea252f60d43f2,true
f67e5140d13388ed523a0cbe8a4a2d08c8ae0574,true
2f7a3d3ca4400afc994e94bdba523c4ca338bf0b,false
8999adfa5f8d02e1c0509e95d03ebd8b188e9a30,false
d59835f0b698e66b7a08c36e53a04a140d0999ed,false
fb8598ceedc3748d63fee024b93d77de9090b8fd,false
52577ec6344248800191d8ae666135db85258622,false
5fb02e5e6ba88cc2cc1aa413e979d893d9fa5d53,false
2110802b68d833f68532d13f01450099104ece24,false
0afbd2b651be137910a57d7855469b596e9d2fe6,false
f8df6251f3a7a2d654d7dbd6e9385b82b994ab1b,false
779f3cbe558e8dcd954c953c05d7075171339b50,false
37a44b1ae0906ec145053844ea7058d451d7872c,false
d892a3efe0b2578d13f9225f0ec6156f5aada0d4,false
c218af7400f8c6008cfc82ed19e43fd2314d9829,false
89588d1985f32255946b5a4f77d42031e113bd81,false
68468e1d777942f1a20f9929c382b885618ae10b,false
6a409735e0add98de8931dc15360e39112422a63,false
e02b2b444731e46f542f3ef2a657ed313ba01fb9,false
0f87f2bac075fbad02c26a442a261abb09876c7c,false
d0caadef738ee1ed1ca749e107c35df205a91526,false
cae4a0b43e363c65e0e7daaf3e815fabc7e3c8d0,false
ef453b4dff9bd019883fd1b8186ee0f698909b8c,false
66ec838666238711a3da96c1a1cc90444722a1ea,false
1ead7ce78e03b01ec39e2fc397a32fe769b21acb,false
d71fedb9d370148c8880916c10a69979b0eae984,false
ca6b126267fdabfda28bcdd56fb69aeb0b2a42cc,false
89c513bcd522e0173e43b7424cb7b942e60ac249,false
79510810b346b1384039ddbbaa3bbac303ee9ec0,false
b9f6fb20c40758f887123771c37d8768a029057b,false
be8ce2ef53a763819bbbc409027a6c4734875f65,false
76fe4e5226fd101e14a8ed5de652f112d16b79bc,false
df7985097d7f4f90a9b55b78e7898b384591f750,false
e1b543c09b1d77fbbee5e5036f969e6b490646b0,true
cdbc941c1ea6eb7f2c8b0c1f0fc1b59643a156c0,false
4fe0d17ba7a48d1f63f8460d5b422c925e42e6f9,false
4cd2e29140c5207dd3e32dc20f4daa64467f6b93,false
be8180eb775eb024d2486b0374eb9670ff2c0461,false
0ddfa225c939d6ab2ddba6f9a372d8ed96eca54d,false
af673dc7959deecd9cf15aaa74c4bace414c2d5b,false
1cce90ddcb8b6424a5f1b608c5663acabec7999e,false
5021a2ecfc477c220eed3bbd9664109836865e60,false
dba86ffe4f4e3b0ff8d4072f57658f74cdadf15c,false
0407b5b7811c3dafeb2746b14446811ccb2b341b,false
3458a3d85e84156e04b9ab3c694042f6a5ff2064,true
d02a89cb43f2f574b0debdaf70e55d4e389959c9,false
83d506b760b1e2a6fdad70f8cf6630000c393c03,false
7fc1ac0061aeab2b79873d2f2451d20ab628d6c0,false
ee5cf9fd2e8f8038fb9357cde3f1e0a15b2c4763,false
7ed14b73c0c69cdc6d3cb55ae86b5b2d20745d68,true
451dc5310b280c0b6d9b6cc4936749cead9f8e21,false
48c925873f7f46a03c9a0fff1eb3dbf450435d47,false
11ba13f4e0564582c6f5a86862a2615aac4393da,false
28d811826f89dc2907a01053fcacb23371b5b4c5,false
d162a9543442555ce5a16dee90681ed7129a862c,false
482b8f3db87556ba5d975003f20a5a71ae977a5d,false
c76d48a438429763a56cbfad04cfaa4ebf2cc133,false
e37a7bf0a0a3992308b4075c07e508410daef1fe,false
7b99802a5b58825f969d6fa7de640663a3a5c440,false
df942a8bc0734b5b075a88d2c5d52104dd0569b6,false
06a9833e7af04e42930733216df28b72a3c0837d,false
25b309459612307530371f7b030ff48313c0aad5,true
0f649593ef8f573b566002aab2d2a67896df25fd,false
787bd5e320a1f9b330d800041bebc77e50907b59,false
0f669f70419328e19806a98ec223816b11583c00,false
6410b4703d2f34d768e251442e6698fe97ad10b9,false
ab35935cc63b61b70a03fa21e43be6f5220c984d,true
10c2839232e5faf51e3f3429408d9734aa7e4b83,false
6c2e4a597d27a07a1e1b576160ede3c4c60e8e6f,false
6d8605193d1a3efe9f63fb46e55cb744f39f896a,false
4050e738a62ea56a654f9d6b184d21b5dce0ff70,false
9087febe9bc74e8e8ca965e9914c33e4c5b18c21,true
e756a462438582e30e28ddc26ec753ef29eb10c9,false
104bf4d816b53518a271135f15dd16b6d1470786,false
1a30dd25598f44f79bf86ba967f3dd0a55df7a3a,false
f6548fff1e66206167a0e5a05530eb85d86c55bd,false
9d46956542a000a3083e037fe2913b515a864aea,false
a973f19bbd783cfb429c3c2502f82941f5a4005d,true
6b8ae29bd4736564cfb7fad316b4aa09b07914cc,true
e9a7cf053b09852c40a9bd564b2545ea3bf5b9a5,true
e4f6bd4587837e1c7b73a27a5fc0318ddc44b358,false
0eff2d57bbbd6a39d8fac9ea03edf49ab056d0d9,false
27dcbc90dd4032356838998d565e51c043d2bc62,false
54db4a00821c13421cbb6438c87e72db8dad994e,false
c0ff5cb2f748be139417f719d0309410774b5b59,false
d1d600f7abb898386214303dfb3b7018664a4d71,false
5d6a7549ea26281c5500ec66fe92d93f990ad2a7,false
bca3d1ec3cd76bbf9121bf18253ac1cf485c02d1,false
cebec6dbedda2619e5448b1c2412783bda88ad9a,false
b53d0eadf7abed5524d247d4291427100051eeb8,false
04f3832ea95e0e0d501f73c7cf9cc060c3d52f94,false
23f5f0adcceb608f1b4e1161fe9ec69975a3647b,false
6e6592c15a5fd744760c9bee0bc7a17c5534cae3,false
ffe755fc18d44a56faa4dc95d0920fc2d62a48ca,false
8d74ef920a7c27fca6959992954f38dd36ed46d6,false
b3a4bb60ba789899ccd4361aa3d1c346bfbefa88,false
869e0a3578a33725982d33bb3831310bf1a69b34,false
b2e01ad73c4b4452c2aee8f0cdcd885154e96532,true
5547ddd7a1f2d413e4e46ae88ff57b91a0c6ea80,false
ce07c2e87b0189f897c52cd2738f7243c013fda8,false
7cd4e7d95e5d3515a76e59b6a3bfa18dad27fde3,false
968c822579eaa7b7430739a4ce7b3ee1cb9c32ac,false
351efa4531105185e1b8541884433afa17875b4e,false
5e3fdfea120e2e8c7ec9ea7b135d8647843a411f,false
b7f925315ceec3a16db4a5116585b26048cb63ac,false
613f1c309ee54406dde415970647cd279c414a9b,false
934b2b94be27d16f08a18f3e49c138c9778ac6a4,false
c03dbdab0fc8f5f71cfd342107e36b4861f3741d,false
20f8598391b48a12e789a287c08fe6fe53210f6e,false
59c1663aec0f2f6c97ccc1214c7535e65c552208,false
eab028948497f25dd3c361aab662342c7213b1b3,false
c156f1445edebd52d690f4e50e3e15bd718c5e2f,false
a2c8b53bf21563692a9562d6383bf86f40867ef4,false
8a951ff35ad9fc3d4e090d1f33d3dd3c1d821ebf,false
6759a06fbc7091ed1c57a9d2c99ceb90f36c2a52,false
550d559dd79eeb4cbef746911014d9d270c2f472,false
97805689c51cf55120dd9965e355ae80c90e84d8,false
a3ace0d72750a33e13507b507dc7f7eeb8e7695b,false
b489f70c2ab696df9bdf6656b1bf340878565738,false
c13f42c8f0ebd3cf80a212045d8f39a7c6748074,true
964299c279737825f8160b24e2795a2e98c49641,false
c8cbd08e9b5afa279f897b13f13587bc7ffcf566,false
cdd811cc10bd7ad8d3503cec2ca9508cbce85630,true
cd1977a0fda598cd78cd0db8fd0bb93a1c4bedbd,true
5f57991dbaa33b600599eaaecf35106376ac7a08,false
b88152de56335080ab8b25427215ae87f2ea444a,false
40cdba6d5f1dfcddc7e0495dd15e774a5ca67080,true
43cd2827109c44dfa880084bbf45b5aa3b56319b,false
565b6ce64fe588cc8e1b3832deea87052c93ae6b,false
0c056dc3a4a15d6cadaff6074f44bb193aeaaf26,false
b8771aa6a868323ac1b8d2a5167a39900667a1fb,false
147fb0e46c85bb9a3635d20674be73d1abeca6e1,false
45fb88267f1483628cc69659b94b439de283915a,false
0fd5dc80f8451fd5c107955ce60fdb499c87e255,false
343d5543f466945394c360957007f184688d5d2d,false
5dc5309431a0e2bb082f15466f0c0f945852c034,false
7311642b00031b8859cdf80d3c1274d121e29c93,true
ad0f83ed77c9280499db08ddeb62f0ee9ce259c9,false
b8c1cf7b41d4a762a10d58ffa5704626e8168b58,false
1b197fdfcde7d2d874870bf58cd1f0ce0688303b,false
b08d3f1f2defba85ae925a8269c77c8723af2e50,false
2211c7589385db84c4cff49e9f1037136ec818ca,true
90bc1294440b981c15547fcfe072bb704ff56f8d,false
e62815f9d08194dff08e03253601d7dccfee77ec,false
348e6d4567165cb4258347d933dec0d5377f9b9e,false
2c5985e84a0891bfaf37a2ddc511bd89d82f023c,false
3418298e93eb249beb6ee6872cf38def39ef3468,false
a5626fb3e1d2fc1370b65d95b54675d57deca0ec,false
e1e93876408063a6f39ed483631b2986df6454a6,false
70b109f4b52bbbb91169cce6fb3d597c7997c45b,false
853fdb265f26550f98c266750d42f6f08542c099,false
21804e776714630b5c6f3693d80931324354e347,false
7a963c65d0c5668620c39912d0e2b4cabfd5bb39,false
295b0917f6f649237f62544f4ba99bf77fbaf1d3,false
0959f21a795d1c9a3cf9a43aa1585937bb80c30d,false
c32e1cf2041598f39272267cd04ea0ee8e8c8fbc,false
f963588e6393a8655fd48eef15a2966658f84854,false
2376f00b35e37c37c240eef3412871bb5dd42a06,false
161b223cbd53f6c9a053921cf04326b39af8ac47,false
6fb5758fb205df5bb6654774a1d267889ccc215d,false
c59d5485fa6a10a6675fc7e6b6816ffc6f502b18,true
885352f16af9c51e08495ca8ebaf586567f44f8d,false
6ab2ec7c6b1258c245d91efe695c4c98d0b95e71,false
065e4713817345a1917701f51a6eca605a4e6eb6,false
272057f17382ff8cf31e401f616c9d8680c3eba2,false
5223a944c1250b71ea6a3d388ee2b15108f6e97d,false
dfbb17d7066ab336ca50af1396a557c2a59c78ca,true
5b3bde4acf08a5ffe1dc2b68f3106c67be9e24dc,false
59c9f37342c40bfd5cb650007756f1b41726cb8d,false
549d3b793d2ef81ba9e33639d24ecea0a7aa70cf,false
8ede2df217659bd3883e2f32464119dc5a928bd0,false
c01628df60dfd05b89aa4fb916bda3799790a3b0,false
46d458eb6b3027a4dfbd40947d781a693a594a1d,false
552b74dc08d098ab4c8201b13bd747e7808ab95d,false
7c541b4e225ca7dc3fa988ae1c0bce9de0b78b0a,true
265628b41470b5b738d427775b3e026d25efb0ca,false
dc90b0871c1999d8b3a1d2432ea011d521ff7dc1,false
efe779e7c99e54abbb3d9cfd048badc8e4815107,false
ebd30ee75f39e108b82dfb9b4bc1063296b10470,false
87be6aa03030af8df1d615784e30915cb4babbbc,false
d60049d19c02cd846d0ddffd627fbaa3262f38ea,true
c1165dc99e7d709f62238dbfca71ccb14dc8348d,false
1f34c91c422c2980b2908b74f7740aee570cdf28,true
c9e9bc8fc150b4d29603897bf3d129602b93f8d6,false
a92ce3ab308c1fee5720e330261f0cc3529f121f,false
ba0e41217edd3d77f08e0722bb9c201a5e927c34,false
cbdedec60939580454767dc1dbad49f7e2afafd3,false
6520411e5906e0e3101199edbaea067fb19bc6ac,false
9b842eac41e50e4033e833f4606ba57594a079b4,false
77555f9aa91c743e12d8c0eec4ca1822d0e8d5bb,false
831a2aec21cb0124fe2bc8077b04150e9b73d71d,false
07894d2f7f5af3ad3be92a917880a54e5e8f6dc7,false
8615be4e6871baeaeed7ee6439bc59683f5434a8,false
da4c4cf8dc0f60f306ced4f48298b1cbe002ff84,false
f8960e702b30f3ea10efda952701c2ef3e52a60f,false
39495fc43172f50dc4c46c662f9b5f519b9e5801,false
d4d74905fc5a6d31327495d79960a39ac697e45d,false
c8d34daa52219667558829f7321c0adae65eabe6,true
dda32b0d667627e094b61cf49bb9cfd9705e888a,true
8cb8085f8aa67b9ac6703562baa49d5d7151a734,false
ccb6c37a0efbba4921b0c95117fcd8734b86c0e9,true
cf80269707e173fa079411380df9f0ea37f7bf8a,true
396fbae579f5e98b801d8c602a76fd6a9699ba30,false
fc30eaac2b396dd2e9100ad3c2dc3362b61cf7f0,false
405c24b36dca26b515c4760da7c39f885670ccf0,false
b6d8e1b3c4eeb4e7def8fad5f0f1d61f32fcb5b0,true
975af219e94b862ef4143090378cb0b6627adadf,true
4492fb284d160d3e731199176f4d702790ded97e,false
89ad27c3b930253063bff95faa93ec647a201ea4,false
0917d501ace03804dd9600e68b5d36c9fdf16a92,false
3794572468524c2bd90cba98bb36f5a4359020d8,true
287ea994738263afa1215b73ee5e64cf7bd35651,false
0d7e273da7687b3627f84c30df6012f938827455,false
4db9d5b5ac63310280d0438ca09bf2b32c6c821a,true
97eff7ce1ba05b4774350bf109a1ddef1503dfd4,false
305c349378f39bfca71ad3b4fdc0e19a4d573525,true
6f3b37697c82cef3adb104e723a381ea0974e391,false
2753d3a894c7f2b2452cb9ae5cf049c0ef6a120b,false
5f0a5f1458e8fb39e5e487b2520d2b10393c73f0,false
aab24cc36fc3dd6e1f442220453ca9563b5a305e,false
7591fb58895c99609c2959f4d369f9543831985f,true
53a74ef5e9a2d139c04566b4f10392bb8d7e9135,true
5e84abfa3c440766fea62be3985fbff26653ed8a,false
9f9152f2f3e78c85a437f23d1b893f94a46aca79,false
bb719011d9c09c6194a1aa97ec854ccec07cd7eb,false
26a6bf715e2846492258a8fbba2b0281ee06f55e,false
8c5e38decd2c4d6902d1e06b1bda377ccc3be5f2,true
ecf633d57ec12f485fd6492702a809216433126f,true
446156d4fb50821f05b083413304e0d7421b314c,false
1826ec64cc89e69f17415e5d43405680cf1ae8d4,false
c73d685dd6d07d5688d37e7263d5fc70ac592e93,false
870f225f58883284d9790025dabee07a999b8e6f,false
28e73edf894a04a9850bf657b40fc0bed0faf6f3,false
fcd6cf94b40066a29968d096715fd36f0d2578c9,false
401e4e3be7ec5e251d7b862ecc57e51ebfc64ab3,true
3be3fea3346a36f68a662e54168750a6ae859192,false
34ed548d142ee5c9aca662227f54c26371fedb9d,false
29b304a83baace146abcab132aefef570f79e625,false
b5d63eac54f2e4fe9aecaeb82b9d9a5a8e6c6be7,false
2ef587625429417b90a8b9c20d5bc8dc33df0536,false
77fb6c618dcac7bc01ff9a675a3f0cdf673010a7,false
a5394082868067a165197c6ef6c8c980e3d4e8a9,false
6778933fb92405f1a0ce5b281e9526418b4a412c,true
8bd6e33669ba76f5410a4e445ea2f903af80885b,true
6c3c955db80f910d09affa0ad892b82a8310fa83,true
38ef6f763135e9ac5fb7b8f09a1d4c605d6aeed4,false
902b4c5bca42e14f3ad227e640a58541e78013b2,true
15e491f31fd380d4697ff75d197d52498ea6ae1d,true
c3d2c9cabe60d66e0e2e2121b25bea0e5e9d7ac1,false
ca6c24464903989dc38923997b0847197d84bf6f,false
eacf49cae8abcf6bedc3eaef47559a95aad203bd,true
b19d92f3b65937522c9116b22667de4ffdd3515d,true
67c8d8bb81f39737b2b0a2f18f8e380065c89ef7,false
87a8e8638131ad6bd9ffe93a86fcc46ec903b73a,false
3e8acc2731109e6531fb710784f57f83fb9efbfe,false
184204853e5d5d214577289b4ee91de87c070929,false
64fc0a41d0b5c2a479137383b20b11a83b65cfb6,false
848a07ee935f93cba58b9772179f2ac19d15699a,false
36ca4f7122d69fae15ee68c7f99df4957fc66fa5,false
ba356abe2d44272aa27b12a6fbdff0ce130558c9,true
e128221f5ce7ad5a36165838eaf275ead75e013c,true
d0807558215c80c9801513bf3397c63715dcb307,false
478be29b79530ec62b450113f7cdaad5249bbe68,false
1a9034083eae78f5507e90a452ebe66a69edd725,false
4e24a1c5a925f47450d6b5d71dc96fb37286cc0d,false
edbdba726f60d7870ce60be6369d9d5a91b76f4d,true
5dd71cf120047a02e94d42e17c6d78974b6c5ffe,false
9597ff7bfd0474ebda3a71915a8f4c65f924f2c0,true
8f128ddf8a66a40d987b8158631668d80b9348b0,false
8bb4e3412979cd1e22ee7e3c56b4828fb46ac37e,false
483e7cff3212374b3323fc4df459093ea2e8331a,false
aad5a8adfb62d88d44839867afbccd44bb880714,false
8bd64577bcc684b0540292a251a4d586109035eb,false
afa1e7995746ade6f87a89031ad03d7d9eb5cf74,false
ed310736ea4e50c7a6f3360834c105cc5b2b2382,false
5de1f8ac489c240143a32513eb4789f854ce9e1f,false
2aaf901094ce41728ec09d9da62e2ee7d32c08be,false
a17f3d29ac69559b60a1379b5cf627e4926e2b9c,true
b9127fa1204fd8f22876806c8392be9d94eca151,true
9732340e67849665958dfa4e0b9577f19653644d,false
091e745e8ba86bcaebeb78d1e4aaf2f1527c9d77,false
a4b979c724924d1db6397aa7cbb1a1450cae8842,true
efe50686aa52bc6171ed852f49b9eb4f1b3cce3a,false
24ba495f1ac257b7d9890a096394a24169e3d362,true
5ffe111a4e55e24330d1c2e7a5a87c82480776a0,true
67a88f6bb4023f891b01dcc9620ed8cb9d708d09,true
b8337c5806eb7267755328fdfa57116fa0ec441c,true
d8e7959a3e4fe84902a0d790483e6d87aff92285,false
4023fbc57f56bffe0be6ab1391e28db85866c851,false
2c76c0409ea534937b91830502e53f0757b88f0f,false
71ad222b64f30a64688df157c0339aef014c5d85,false
90f08c8d1f953846fdb35266f98be54a89573eeb,false
86f0d32660c9dfe9ec8b3d3173a7f89518a301de,false
de5e46e90909107d8973c4f8a90ee7edb3b1d2d3,false
7a525c0b38d9160ee7b5bfc8c742d85d2a44851a,false
c1a5aacd923e5d7fafee3113f8340fa14b03e8ea,false
84f845e48f5588f7cff05880d6fb06b1d5de1fc4,false
9f9f84d79158c76bae6c4d43cb211eb6f6970094,true
5240ddcf4b8b5fcb68ad5fd614cd2b26c19b156f,false
f52127f503c0df6c0fa7adac9d3a75f51b1dc7a0,false
2bc1c8bcdbe028db43d842559962638cbb487b49,false
542d213622a13c8f112e0732b10921c03dc68fdd,false
50bc1a5afa3719d5c7c5b194ad03b494dbb4fb80,false
bc3c7979191cbf8611cc4e760e9cfda36ca1a099,false
beec796ed7c1e7a6f4d118da0c63f3556132a002,false
e458fefa7b882787ca04b8b8820c8afbdff85142,false
f61f72ec4b41e3ea9fcd2040edf6ca92009a731a,false
8912eb9b7416587143627d06467e609370c9d5a5,false
04da84816353f9232d5a3ca39dff842ca05fc73f,false
463cca787d8d01d755c6e1159ffb7ecf9725273f,true
eb2dd28a3c20003316ad633d483684ad55b88514,false
83e5520aff82faef178dcdb64e0a44c408647a89,false
ccf36bbacdd99e7e3ba5c051fa32bcd6633d7ea8,false
8e7688c7b95e08908d3e9bacec02bf5e44b2cdc5,false
3fa65048c15d72f2a47eba779fdb1949f3d10c17,false
af967741d3e13ec3e08369328d91329f0c4142df,false
0c8058f9b4c11b7058e67fd476cc8a69f68e8996,true
3cc6246d8c7096e4465f7b7e93e39ad4e5a239e4,true
3d9f6b2a11a7c3d94ca0ee2a6d2a5b35cd11225d,true
716860ca36fe53f6f7d53269fde3246eb87699b5,false
b4d855982590c5cff9adef39610c3dafe837b6a8,false
c533c102dd749c807b13d9e82381cd556bf2916b,false
d85c8ccab3489937c0dd3f0fbb0ca4621c06ec62,false
ef8e420b11eb146f2894053eb4561d1f194fb7f4,true
4f5b7ed56dea6bff725a98b84cdf9355431f49f6,false
7bf44a294631fa96cbbd63d573175aed2d8b146c,false
cf5dfec68765f56a7643687058eb73d903371818,false
45d11ec5fff50dff702c75b86bcdb67f6dab6440,false
be894806e30d9ee90ae244fbc270861d39d22047,true
ba8533fdf5725b8d213faf5fd3850e1cc167438c,false
43ba5d8a8be30fe509da32d290afbf82fd105c70,false
5b285ef8d89942e44af09c6fcac0ac5ef41f5656,false
efdfefa128a77943f58bebcabcacaedc47a6076c,false
5b93686ea45bc5fe091af8408ac4cc4be48dc2b7,false
fe5aa4f03f0c02478a44d7defb636e22af9b899d,false
05b92d74b9c933ee8a9ad62a4eef58e7dd6da480,false
ba632d390df189ce56435c531f1467285688f82e,false
48a29514949aba428ea9a4e088913c7ee0cb0b87,true
467509094e45af6a8ad13432730632793033c1ab,false
6d65feaa4f0b307fb94e95d5b05548dd202095a8,false
3cb31d6fa8cf521607061c7a71710f4eb0ff9afe,false
443ad093260d893ac324ebc87901099c06d02fe0,false
f60f54886eaf1cea2fab679d80774d2e32aa34ea,true
3753d722524f5968dcc9249483624e47c422631a,false
95b4f7c710c0b66dba399f1e881feea8eb901550,false
772c013f4fdfd023d6713b3dfca58c639aaea3dd,false
3dbf5d8aed606781b19a1375bade8cc116e1cd33,false
2997eb85178437bcb2cadf2e0f478218ae872b51,false
ee4f418042f14c6c54e31b8bcf3da2b30a757229,false
e0b07a71629e229f61d5094b5a29610a4bda5a9e,false
a7fea4eeb32010ebe74ab4b0067ea6b7794a23ff,false
0102530712f2a2c60f8ca83b71fc266436cf9e99,false
2038a3121f11842775f7fbdb6fc529f9fcfd4533,false
99f70f9dc218e36046f5bac89b1a91eec6f686e2,false
9a7eef5b2ef18b63046a53f2467c56fabd675e32,false
0539f0e1677e1cf83ea9ad2813680ba01dc33038,false
4201123005f8dc3d963e3d5c83a175a80f05a4d6,false
32b81bf68ed8b839728fdf96dcd487f6d0825870,false
f62ce34e999f7b4b4eaaf2d265036165c01ce9e9,false
3f7ef6de917e5b549fd823695379078fd6c649cf,false
55e61904e9cd9cb188fc984c40f6776af140fcc9,true
43fd7917d3c89e6ab0dd9b4b9e621bd4dfd8b767,false
e60758694b03bfc0a468b7f6eb5657714a9a56c1,false
7e805a851a431e489597850dd82704711f774492,false
1b4e46c11a5c1fe3a128de9c7c0a484f8c197e19,false
6a50e1d6d45ea175d490e3a3731275b21b3d41f8,false
0b8818c940d16e01c79599ff0de601b29d7b5a1e,false
5d0c36f0f3d9cc5a1fc7cc4e96bc270b07cb7d0e,false
73fc4da3e552dc05e82784db2d447e2c127dc7c3,false
1ff8a13cd42c8cd446a21c1bb9f2a459c06fe820,false
65960b6927f099b10730f70cf704ecd194d4ec64,false
722cf46daf39ee7f03d90cd2fcaaad940d30695c,false
803a75247b38016ba5d56fc06685c4cccd4635b9,false
97edb76fa8ecf4efb54963aef1a1f1c7545e1050,false
ce6458ea351423531bd57a28d39e0569a8b1803d,true
d7c7427edf389283b09e5ae1e4e75c194fddc715,true
fc2e2cd9f6867b10fdfb382c2be278f0b56ae541,false
455f0f8a90ff98d69fb9c802314145a1adb8c78c,false
2b7b26fc2c745b160dfba73de8ec65e6bbf6d099,false
43afedd3481d15a8c8bddabe03fd4ce44af3cee3,false
d24c7fbe896e15772a77b35c0ec6861e070c4726,false
d0d2afaf74972491f807254a25e2fe807c421139,false
9b5e9165333747b23768f53cad8566c3cd2b3486,false
752d99744593f487535612ddef098922aec36c96,false
ab0020d4dcf7198b937dc931771ef5142a47daba,false
7676317652d48aca95d95eb3eab822ad86226c97,true
6105f028bfce34529e06e166adc5d1e05101dcbe,false
75182cb76be37e1232467e9d48d30dc4fbae8094,false
16d872ee54efb44e1c94c56c28e1afa46cfaa2f6,false
7a41dd4f03b98c04fbaaa5d7d8729e807bb62d1d,false
35239a2bedb58dbb2789772ef848c13f1577f569,false
8336a56fc2caaf5145df0a88b5229a99d60ac877,false
f9cb953b581b4ce26c633a3d71404944f879d01b,false
9330997164d2f3c9e037d78762af2c87a43dae1a,false
c4d09bfdee69b1132cba311ab0a1832f655d8a65,false
af27eff3a5fe0a1f683d6f257b8dbae2213fdfbc,false
9a72449ce0af224ca175ac912810965c689d4a71,false
45c204b2f636ea9d8b8534527f30ad698f6a7ad8,false
547de0dd62106b4909270a949c0a70bbb859030f,false
f9808db41efcf14c1c4f320f7d86b793d81b2d3c,false
a1d200fa369621334bb555e0cb5d8bd2c675817c,false
f8da5a90159728b84086aa284a493a41fa3bdd71,false
0188b39e126d2da8b86bc5738d9ccf2ae72cf74e,false
c55f0997be6b0a28c5c8f8597c374d8f37ff41ea,false
0c0e5438613b34259d8e715e271cb77365a3e3b4,false
1f399f55ac0089bac9237eed3883670d6509b042,false
2751cef99390f85eeaa22c91c84126fb923b4eb5,false
252870fe5e553938cf2f2da2fa37bd68941007dc,false
fdc4b8940ea379dd13a42bbd2f10420bcbc76339,false
4309881da9d37ef483564ffa9fd1e417957a57b9,false
25443a7e5445f7b2328eac7096cbe289ea0a18bc,false
0e3846cad87008102cffe2e5a094baf034ec110b,false
1b2030e494f1ba0457437ad394c43780055a3a98,true
df759d35d63b79abc2054be46d27ba671d9cdaf8,false
b2f826a9f2248283ce56b6934c45e59180d76c17,true
9d710726d508599ded9e17108d13f8e8bc14e04e,false
b37c965090f1c6a56a51aa4bcc8914301f52e261,true
399d809de67b02252359ea84297b9b7e41f5e2cd,false
331e3a3a0e9f144c9750109e19bc03ff3b4c15f7,false
c3938923f17e843097282569c5f4728f4015e4e6,false
fc046a8869c886185de0545ded1731b41d845ff1,false
511e3aed6351b2bb35fa0a4471e9c526a67c1735,true
01718ab47348324e3a92c01e895b349d88434aea,true
02a7f5a810500dc0f390c5d55686b48c75f50ced,false
11865e278d59b402fae58e78b069f066eb92505f,false
f835236ba4a5255bca317eff0de5edca693b784c,false
140a6db921b8f6ac352f8d443ad0aeada1dc59f8,false
9995e4d5a71e7ccbc70debcc36c976c22c9ca658,false
1c9d8a9c9a383c4f24085b2efaea88c021f60377,false
92a24827184a3a50e0316e42d863bc42f100c531,false
729d4755d263ad32cb3f8375798bef0902397b85,false
1312b7f2cecc5afe48be12e0481ce7c73323761a,false
013298190fed102cd330da1e4aa28ef49d2b23b8,false
4b82757328b83add989a1d0d914c0830e67cc401,false
cc9074ed9766b1dfeb0b11824833e0804782030d,false
76a9906b8a00cf7cd9ec448dd88a6019d7e5d78d,false
7aba967ccc4b5644114f2c23b1424e4d1e50696d,false
89fc7a5447867162f38dacf054e71a644385048c,false
c4fb566a50d07df09aa45ee3fa12d9be387be293,false
50a07a8a2d5af640d8f5bb83e39567369cc85d73,false
222f5e924a28811e52c6c1353780d09d825274f5,false
9da889122fed19899eef1f75516896213acacbf8,false
1ec31663205385e840cb976810787b2d7fd9ba4e,false
6dbbf27cd560177c7a9f363bc9eff27f02110821,false
b99c41b2cdb71335abe6c7732253a6159ec38e9f,false
f36b30774601a5a33ecdf71db433dc01be1ca9ec,false
c4adfacd3a515f7a0ba0e1b63f2ab34ed1ec779e,false
7558833791e2b4f690e13b486a431e56221f78c4,false
685570433f69fca70643a9e1a8f946e23777f463,false
3c3bce1b15693bb33dfdbb885cca37f6a970ceaf,false
8916e54e6a12dee45e0b5943b0be07c865b54211,false
74739d1b040f9bf0e952314851248a21f5711384,false
ec71083c5fe1c6ddd021caf5f57bd222046c9be1,false
df03b767a6a7000d33dce96f9fcabbca29bf0650,false
6b52700f29074465b167999531d92e85d85d22a5,false
ae8f5d6dbeb4f09c3564b4e9008992aeec7f1286,false
ef4aa49bbcc7e23c8a84043398bf2ed596d0da5a,false
1190c4941e4cd3cebd0bf55f656d8999bd8338f1,false
7ef9faf58e242c90f47b2dd1c34bc69b72a9439b,false
c49e5dcd11d42e00476a3b88ef7d7112cce434c6,false
289bd19460737f7e0e9bc6dd582d418975f115c9,false
f6b554937226c2a0c465812223d9f90555db1797,false
f2eb4adae2b84924562fa76f16301bed13fc4973,false
5924718da1d62945b20ce70c8aa71cd7b8a9351e,false
613dcd5cb4007393f018c01da85dd1c7f9b33546,false
bb808d94e2bdaee1a1467776f5a158e9c0846be3,false
54215edca252682e99c8823b98543d83a1804f08,false
12d435c0d2858575c37543a6fabd8df2b8043399,false
f0aba26a7e958a00f9bf23bc04daa8428bce1f15,false
3415e9f31463ce29306388eefdaba72fc4db9849,false
d055ba6ffe0c17da77c0b0c0e9612ee17cfe226d,false
d4839aacb2dbda8dd135f69c57533d1c685614b1,false
b5ce6758847fa837f4be0bc4c79a5ee208beb936,false
84882550289bbce5ec628860d571b29a93e1c875,false
7fb067cd9357c3fe3927be4c6ebda91a88590738,true
7759dab7015da8bddeab161b5c49b5c08c2918fa,false
8376d4f0134a0eb6c6c1c6d4315653aac1b8f032,true
70090be4169b44852f5f7f3ba333e4f159da5f73,true
84a9aa63fff03b90d3a45be2f12a77ba6ad25d42,true
fcae33b79dccf0acf84d806556858085705d4278,false
a31e53354b9ac6db473630e62cfa8b0453c780cd,false
28521d847e27f7aa154ccb190717063e08be5827,true
8c6caf014d2c683a1a54dfed23deb5df75753cfa,false
5f3bae9eb3735add0adf1ccb8d2ee5aacfbeff5c,false
82361ce93f927a76d91216762a23fcd035d60f0a,true
27e3ce20919a043605fddef615d0d5dae346643b,false
1da725f0f3a5e71ce316b1810f7b0b2aa942a0e7,false
8a354bc8eee483f0b18555fe870cbd990d532867,false
f9a93573f73aaddc55edf43d7a6714538d9eddfc,false
c1dc278c9eba936270cf75288b93b0d0ff843842,false
51d0bd7410a34c9d1376068073d4a8fba770d0c1,false
e74a2bc67e9b4940ae6371279d20908a3b023d4b,false
c79597e703eb0a76cc27f8ba15e3e3bfc7528531,false
c8b8c8413d94703997d9547014d21d6ddee361fd,false
b7c974f94ca364e007890dd8cefb28d5204e4954,false
a1b791155fe052d1c5564d91d9bc6d8a10eba6b1,true
f5213edff7613a8d60ac1117df17d963e85e7101,false
f391bad38fea0b32af040b9f9c0f8a6af1cee7cf,false
60cd85ca9881ac0623327a300979f2ca3413e7d2,false
7b6304e3ef3e4b812f03235ab7477356f6f84f1e,false
cac8f3b7fe7f23241a32528de61809700e7db942,false
592eb68490573733e5ef7c518e11bfda03365a69,false
d5c7b0d928322cd8d969f3a36ef4d1f8b6a07b3b,false
5746f52ca1a31017df92b41ffa279a0e92deb9b2,false
5dbff9d4c0163489758ce754075312a24f2d9758,false
32e75a910948a1e1955c1a339d047dd9376066a0,false
ec1078bf192294efab0d08c496148b090ab5df08,true
49cef24459d35b221bf5c64342e9bbd1e8b845cc,false
d3b93863024a1e52fcca850590ae9d8becc50128,false
438d3329d8158b6b95b93bb75dfa8baad4937d02,false
70e1f1d63fec4b8540af5b3a0a54c42245ad3449,false
2e83893c29b50d57f31c5cc059bc13ae2299aa2a,true
f221c367bb5f4e7982dc22a19aebcabb873e1b6a,false
c00eb069fb82b5b82c17a1ceb1045c0ae5f6aafc,false
8483454343e85150f2dba9259e0b891f18eca079,false
e6faa9e25fbbb0ddec003c5d6655b61db5caff6f,false
95b2250da31b693161c2b61b1f109136cf3780ac,false
e687cc5b0685c3820b6815b10e79ee7f03a5e4ae,false
1fb36696de9414b4e2db01dc3f884e7fb4847f36,false
fe9235face3385501927fbd0cbffa00d0294b964,false
d5bc3dd672d22fc6d47633f5ba70cea18eaef98c,false
5cd851e350b9ab5b1b0317aba4714363beceb5b3,false
ee5457d452c8846615a77df59a5862b5b1034b14,false
8e4897d6919e5d863310995a7a24d09e12c41f48,false
3727c1778afaad1a21992331ef46b725474da51a,false
b9de78f75594c96fab06cba9f915a4043982d2b3,false
e9be991b0cac41510c3e125e1df5d22eac3af9a9,true
b331b14bb2345ddb95ab337232186b04293b3818,true
6027ba8e2bbe632952c2b3575fef3d942d236cfe,false
676bb5b8734119998019a40957376b4ac27961f8,false
d512f53766e4f21ac16d0b4115e7b433f609dca0,true
24d8502eaaee64303886a344b948b442930eba44,false
8e7d01d01ad6df45c705bf264bd3d5eb710a47dc,false
ef1d2ae830793e70b446eac762b6797ee45c44e3,true
9fd997023be4ea9abce1432caecb1acb9de0f577,false
f6befb8a95c424533d9b42fd030b73b072b8eb85,false
90a152b9f7e65e1977183878b7ab12416091e455,true
5861845586991863fa08d7ce9a7bbaf1e6895fc3,false
9a0a1b91ebfaa1a7a41dc9fe169d998ef67d8451,false
c750d7c4c7d796d5532461e669b35fbb25bc659d,false
45470efad32594e0c8a2ea2be878d51fc9debadc,false
239eb321f70da545764f2314210f526bcc47d149,false
4a835cb15986b3f976134b88c86b963ab9a7005d,false
7f97b54d8dbe37fcde1f4df8a5650dee71c26e69,false
fea561c9c5d5330d3f93b4dfa3956ca6a06d142d,true
4bc3889d7755c81b90d15d5d11dd766768d89a04,false
4498f8edcc95e59c7ddf247c0991d0815bf9ad84,false
c41bb9ae4ba5768a9d58cee514c32807a0f88874,false
82ba7641462655ccbecebbe291e37725c00fd55d,false
c18675492673888e763b33816094078d898c5b7a,true
18dfabc3f7001d6350853b93048d3c0d779986c5,false
2ff2eb0e2b96caaebca7a55cc04c19a946423e56,false
834aee6ef5ac8d838d6c33f196bc6809635628c0,true
df37e718d1dd91717f350e2ab3ae0b458d7b519d,false
720830480d9da8df2d052fc97ed0641b8f92b82b,false
c49e0a1f604dae1d7391069182e250d7ad887661,false
aca52ae3742e0001aa2c16deeda6c9fc98c0eb83,true
d18db7360a8d0d214e9f77d4aed694ee8bd1b5e7,false
e05e8381da80d63221fdd11ef42ff95669af2049,false
12d6484dc0f1fadcaff2a51f282cb238e49d0e42,false
e1db1777a0abda728b54f1746c3dad489c248b93,false
ef0375496d97c8276e5c3d3502133f78b2d08d11,false
263269df9d9d1a41e25d708df617d4116f3238cf,true
0837db860bb735cf2a937c80bf6f1e0b9d3e81ef,false
6934938f81b006929349e80fa0b7473a4d5ca7c3,false
a9e792d4e1b7958557de04f58661d351e27a3d83,true
de22634f49a5f47503ad436c8ce63ead3e5d41c3,true
72f76fdec8f310d5322f72f236bcec006c57b6b2,false
84a362f3df23579d70786296f16ed8ccd71b41c3,false
ced8cc17afbcc37ffb471f13be874b08ca440b3d,false
510a8438591b31a6cc42efdcef2235362da96ed8,false
e8d1bbd8b10491129458a4dca77c532b7625ee44,false
aed6f57598e87d69e056de82676c7bf8f132a0bb,false
548fc26dc0ed6b62ee10fc10cf64b5fd0007988e,false
c75e49fe36f4b2ac6c786295d577531c8846e6ba,true
9bbe736725d231ddf98a780cf9fe67c0607fe7ee,false
5dbadfc9d05796950431e078ce11d3dcc32bdbe9,false
79a5fce0ba9f693a0d393fd52cebd0e2a41463b3,false
f770635ba850aa1a266c43b419e96418f1692acb,false
eba416d91022ef52889efbb690af7e6dc3f2bba0,true
2a515256a5bc4e345bf6dfe0cd96c44118f8300e,false
e855558be5d7663a2c7c6e5236179961ec392c35,false
4461697dd216122c4127ddf8d17a423085a5a157,false
0389166ad255a7a0b9f21b5bf1db5311e3d4169d,false
60068bc1cd170d260537ade1047badc2a6a8da48,false
574f591984b66910736b4c89dd86163d9f7e8854,false
02c804e49532619041edb6607f6d94eb42a1d68d,false
e94c99279d13c699469a0ec2b150605b5b2baad6,true
17fec2019591843f3e922e9dc0e5303c547d4987,false
7d7768c8736f512a61bf31ec8a1cef245d448130,false
06273f84004b07568f108957a489551da86aa505,false
9d2ea3c64f22eb960356aa3b4eba0f065a7c3aaf,false
b7a2125b8b993a3c4ab33a88055fefdcc26594c5,false
088b199538fe182ae35ae7d9cf28f63f61832840,false
f5a20a3248880132b8ae72d221c1eded59397c6e,false
c7199cf746962fce83e3c015556c488b010378b1,false
4258998e103ced043a24fbfe0f2f06d3c0bda9ae,false
0aa400132f92dc9ecd5204fbed73389beb3b1096,false
0336ce0159d63940245e107e2d85bedc808e9dac,false
e07f38750fa9c9774e2c0af1eaa19efed7047341,false
e129f788731fbb37e43d605945be9f2ee844e0a3,false
201d4f08439973e3b0f9201d77f2b4b80de56974,true
536c8f94af7b700dfd2ad803d40e83b6f49f8274,false
ab8c5d1a7d321c939aa455bd53557c01be6fab4f,false
62dab0f1917107df1a078efef04b7760d122d8dc,true
45a3bd43cc501133f0cef7374af4b41b50886ee3,false
6fa213cff637eba97687f8a6a8f1457ed373a14f,true
1d8a3ff0d6d3eb7cb329673afb6ddbddce5450c9,false
759e3dfe06d9b48c02da37db51fd4b240fdd11c6,true
3c1a9cd36b943384fa0a49d8217ff0649d118a8c,false
d0b60bbdd5bf58a872b91836810f77190500ae43,false
21f340a806713bb4ccf94c8bccf857e22327f7c5,true
09a996c3d8573d6eb83778a3d263ec5f235f12d6,true
18478dab03796c30f15e4b14820b4d99350e6a44,true
9e641745a4f1ca1f5e7afa862e6f4940b8ea085b,false
7ffa7d5fcfe165db5aff86d18b12deb988fc3ae5,false
414cc2917e60131379112dc59e79842d7bc41d07,true
0947dbe863690da38a9f8a0f1774bee3b9356f76,false
7408af9044b2ccb71a319989d54743a63ec36f56,false
450a43b22b08053eb148ab52b246ccded9ad0183,true
0b4ce7dfd2be1f74fa142691cebbecff0c3790c6,true
3645144a2a48bb0099f5d68a9228b2a03437d93b,true
8c6391db4f33f75864431e207ffbdd6cb80d8927,false
cb426078dda10b6135adde5eec49cec2f18e626f,false
1ae59c41ac362d97a4996f546c9668f8d71d1576,false
8697e0557e8c56269b1eb19c5ecaf160a2ee0e04,false
925996e18ea2b34fe9c080c50e3b6d5ecfdd234e,false
82ea8e8893010ce82dd0cf90df5653656fcb882c,false
1909f3888e339b499f39329e969d764a21d93f83,false
1555fbec857af62caec7ffa488c218f93a43c58c,false
6359f3c770b722833bd57a96175d7ca1ae493a64,false
c53f6f706b29b49fda721db28ad35e40a6bc882e,false
ffd25c0d3da8f212273eaee94eee5e8cb3de2137,true
2a03cf968b082ea2e7f644c6d733d7185c5d0b46,false
a6989747e5238d68bc0a90647902fb648a1ecdb1,false
53fccf7220a8915612b9bc9ae21cbe00d2a10b61,true
dd48d7d6359835ae8c8b1604a2bb6d81adbe72e7,false
a50beb14d36efe46cf7cc4d2c44724d58edb6392,false
cafe093702412d63000d07ca0ce4f36331ed6c9d,false
a2a062a353c170c6d3f4a0e4e00b9c90ab8e5458,false
0443fa4c9743a9efe2a325e60bd800fd0195fd69,false
c71aecbf56c9f7faa064b66c518aedc15e10274c,false
5e5c538644b02984622997c37065b8b77d68a67f,false
ace72e6db708d8e566af4b64639148fbf34e13b0,false
7585c1c6e67443262f6094f7e58a48e0c81825c2,false
2653c714de572a142a418252425b5e952e5fcb69,false
04199a5a5558436a6793b0fe80a40e095e61474d,false
c6bca9f91654c827bdc007da2727bc57e807ffd4,false
4c49ee4e2dc54661775c7656a22022e27b954fed,false
3b808b620de86bbc315da21352adbfe0136998e4,false
e354cc3ca5b5e97c70c145ceca2cd86cae4b354e,false
b76c2029bb76abb25460697722caba47a853ce0b,false
4704918713daaddfb2556978df566e0302591a01,false
7e1ae566e718161c7ca47fda7611322c76fa2e04,false
ba59ab1c00b95596c6159e600fcfc57fdb329fa3,false
b5a431083d24334013b3208bc7cbc3f0bbe747da,false
f58220fbada03974008d0932442cf8c13c62517c,false
793ed7dfef13caaf9b19c1dc221b42cfcb3911a5,false
1145e108548afc21e7a27288b5b86101ed534f70,false
7097a9b58e89bf20dfa3a051343dca065223df7e,false
cbe28879cf95ad44cef9b6acdfebcf79a414bc9f,false
2e3f805aa3bdb0d5a95ddb8732f3c51cc9fda5e7,false
dc61000ae8efb4abc877b89e7e68066d86e5c639,false
47ef63080fe619b243436763fb11c054a99067c8,false
6bc0d5eb33ababa8c1381cc6c5af152a72954ad4,false
ddf2d3cf6c804742e4ea0a7faf7981c4f0230adb,false
42aa09470eedf93ff718c88de3ebcde9dabe6893,false
917d488e94dc5016e6955a856b49231d334ea76f,false
19ec761e219eda6d59b30b56dd9855d58594cb43,false
8f55b17e3c18dbb8a7c3d83d8f1d856695d6ea7f,false
3bb662f17636ebff93484ec89061516f3bd20a04,false
4a804975c39bc897d69fb60092e453d344a40fbb,false
d12197d8339485d5559a23a9cf3319a403f82dad,true
97d6adf735543ee83d8690fbfb103b8c5de8649a,false
1780c744475add55805345a33207f470c2072bd8,false
efe80437d05296650adbd97a6ea05ca85ae3b5c2,false
7fede1fe0290ba5a2c172bad5f2d0c008d7f9edc,false
43cd0d7e673156c55803d3b41cf87a25458f0778,false
babd18597ea569d1f5e37fd4a6155a8946aada57,false
a9e94aa44293d47e8001050d3de3802227109eb5,true
f6f4c81b9cb237f34187a3d8e2b3d01f618d5194,true
bf70a0a2bdab6fdc83c1d6796a4c09af9ef79f9b,false
ae9439ead5e65f6703ad702d8f591ccfd5bb96b2,false
917607c3885fbe97fb8ef170f261ef40764fea23,true
c8c299219940773d765340487dc10b65043b816a,false
d34f4ccc33480e48b0f4a7cb2e0626c78c2deb72,false
