hash,isBugfix_mistral-small3.2:24b
296a1693d01fc3069e20b7c5621d2478798a7828,false
53c964c28e8b263494a7b57b61204144feb326f5,false
57dc94adc3ee507ef20ccd6fce0f0c0b66382066,false
495aebf592e5b3b7d10f5631a7080ba6974527d4,false
a72370bd026fe73b2acfe22af4e54e5efd2d4a47,false
f336c103b3cef2b24dcb5e24dec7dbf22d62d10c,false
8de59ecf38c0f0178d66c8727af16ed1808f72ad,false
c7f69153e5a5ec42f402fe7316f3e43f476b8188,false
77dda271c703b746e55297836c1273974c046db7,false
8846eaa5e96ce6672903e8001625a87a6087d9d3,false
c230c20e7dc56921204214989806312320b0502f,false
3c21b81f6f5d5d97066b60e2e6cffa47fbfd6538,false
05a8ec571787e77d5bc28b3bc0339a1932bfe89b,false
eafcf34e8f66e831d1a2b8ad6609f29747ae91ab,false
79f484ca5c0dcf652d2204ba2475e1aaa4acfd2a,false
b04f963981f63687a64cea2254c651be48d4d031,false
c6b9491b15ee7b8f7faa62ef0f0e6b0e864443b4,false
24cc3de5990ef584db536d2a24b5f3d526d04eb8,false
73e6b44f680a2d5d7e65de5a075c468332f17c14,false
08bf06c94756cd79b5d12304dd6c698c80399e6a,false
4e179506ce3a08cbc7de0cf726ac7bd43ee43a8d,false
20ab2fbfdd7a30151dc83eb51a60ced6b61e7bab,false
8d967df4c76a247cb0ba0f6af0f6617f48cb2f82,false
6fef6d4e8c311e6168a6473c8c1c43ea91917d26,false
8d4dd5a7c8f377298075e293702d2c16079d7dc0,false
96c2d79f13da5e8b248e3c46dd7868de417bf6a8,false
8e7d3dde7544a645af70a4639fcbef41a624f053,false
f7b5fbb919c7d2e4cf4e03068fd3cc35cf09f413,false
96f41726669574e6b7c97036d2213f1035ea00ca,false
a31acf4a69ae808d52be2ed77d150da1a648b134,false
ecaf2ae96a0cf1f1ec1b290923f6a8a89a711f87,false
6555441167470911e60b69ffc559f8f2ca00f6eb,true
d0a17fed7defa35e5e0561973a691584847d180b,false
3dc04b71269cf42f34937922f92b51c989f84887,false
cd12528979e514e4f0cf2a73f4e61cca3da4b88e,false
eea078c0d6612904d33a00eb5d3c6e53ce43d994,true
a0aa111908cd0327b923f0d487e5007cc04d31df,false
2957abf8805efde107854bf087655eda477d5981,false
ef6d9abfd2ddd5b0f6ff2ac39f3bc4561148e43f,false
23ef1a0b9a3b7548d1f28b79b72b837709b4f6fe,false
2385fc8d8bc1817374bb0cd385fd5c84d007f624,false
b8c780af07267929c3431f6f19779c8a5fe52f13,true
1b41add2b9fde70d7dd3b54c6f4e30e7d7a1b0ac,true
6d00b85df0a00c3cd6f93f4158c19878627e586d,false
a283adcc9e8254f1b232b97b97a57a0ab854b4c7,false
f696d9e16c10cedafb5062789625870982998ff0,false
05f2f78c2d317a4c336c70d1d74700f47b15c2a3,false
1976282e23a9205264d0c8b9f42df784ce57d515,true
24b625f79da759c48ea587802118b2cce139a4c8,false
2f4b2ddf4de84ebdb3a6f551019a091195e185b5,false
b013c830f547692d85ed548fef9d9a3403ce7d28,false
5a3e0757281bdc8dc46e91fafeebf78ae58189d1,true
ef8834ed1ff7fde27e774fe5b01be1098e213aa7,false
89294a85ee76d8aec7455aa1bc80e3b8966bf44c,false
91ca96d3d385e8746640727742a8abb1af1e7936,false
fe9139b6e44f2da6ee2123e6a6c5e7c92de039ee,false
c46086c672e27eb4a22e02c5e09203c2fda68fd1,false
407f29373388ce2e9d27d09c54bc08c51541556d,false
26265ac5999002b2676834b21e475e7f0ab43d46,false
baf912faf6b3b2cec578cccb40cef2731555a090,false
86d24ae1ee97c6316d2b653f1cd76afdabfa3d83,false
35d7112f9fc91f62633da5a5e040f53fc89e2eb4,false
bbdf7edaa6f99411401f76c1bb50c59fe9db714e,false
8201c93a9e4b6723b7413725231c24041a6fca4d,false
3e48c90ac872bb92b208b140ccdb8bdb8449e459,false
f1fea32a6dd210ea0a92ca9c907f11b77c6eeb3b,false
8baea07b4c2211779f3815a4b1087b19a90b3a10,false
f0c3beefebaba0a35d29b53ea8a5d586d442e68d,false
83c1c385efe4921955ac1056ab2c94faa08e513c,false
65dc6432519a018aa9d849cadb5bdcfcf8d90f3d,false
f2e4684fbdfda1293a8fb6907387e374942bdeee,false
47951f73d7c91e4099331a162a4e221308972745,false
6e493f0f9132a6ba759d0c2ed0b3dca118f0de18,false
382278203e5cc96c056b1e52f9d63c9fb2d6bd9c,false
7d70e51c3e6460b586bdecb9e78d6c1915977992,true
211ab2ed6819ed954769f461e7cbb7d1d39656d0,false
8e10cff6f0f6a42309be9442deed4d530af84d14,true
5d6644d42b9867cc7c6d0c3ac643b9c3fe711332,true
f9043094cfd4d3802d11bf41889a3e8b4d7f70d3,false
2a68d9a06ff5f2d77629610875e863f877b24b17,true
ea5a9f93d76517f85471abc1d92b47c5288afdcb,false
c4a9e15ac117f674de243d3048e45c4b66c19ed1,false
72ddb788f1fd09d042f26fabf0853376ed112929,false
d2fe0aed37bc492bfd7dd3f0dc0ea23d9f3c7f20,false
70027b7a7fde455db4eeb662b13c76e74d482e00,false
7d21c55215374a436718814de15a2600ca4fc339,false
dce65fce285bdcff6573abd6c22859325a0b088a,false
1b9ba237f5e0472efb8537399635c5752e5e690c,false
5d67196f0485f7c98b36ff34786ffea159f602b0,false
be242659f30d261f7c9932780039ea155909e9d0,true
287691a1d1f6ead105e5fed10e066cac274f3622,true
dde54fe87aede5db27f3fdbc6e4e8a3c3423a89c,false
e456e5e6373bd2151be6164fdb0b8da36698e082,false
ffe8ab580e0c39ead5c783be96deb09a1833e380,false
187231e73e9f96769bfae219253411fc310a45b1,false
e6eec53fcaa734d34804c32d26cf1183df3032ca,false
f9caf88c4c89a2fa8d340eaf76b44abd5a2717f8,false
9a53ffa5f5bdba04929af50e074ce2435d2fb685,false
1e6474a7ed74ae22b59c6357ae0c5520343b40f3,false
f67fae704c49a2eabb3c78a992d19f05468915b3,false
aefd3d8a1f8764337b39dda997866c5cbc2bff26,false
fff3a6aa2a508f5519855d857fe452e4b03cd21b,false
d3c0898218790e708a59eeb0e2e20bd0e1554d81,false
730689192fefc724214186fb40e52c20eeb7609e,false
94914b28a57330cd6c6eef1a449fbf3b695b107c,false
918ba5002dc696623a430dadd27ef9add9cf44d3,true
cc57bef8f22320ac39338d091acde7f057dae32e,false
44a4aee8abd5fe6415851ae9733f7cd8ccec009c,false
daa4183f731b7bd5b994b42932f1a618942dbeee,false
9bf24825c3aeb98b283d8b1ecdbb630b50a8927a,false
1d9bd3de0c8f4e0f36beda4a142a15494ac62e2c,false
1243c93375c9dbe7549c5df511d6aec5dc17d300,false
d2e4f4d3bb8bb08b85e0192b3c697ed0f4bb0aa2,false
a954a19c2d038c968977e8527ba47ad05ae6298a,false
ca8b90d4644d835e31edf5c88af994885d1ae259,false
59e67bfd337e6075d378fbe788ed63ea5f821dd6,false
9c07654f0b10c89fd99fb77ea7bf3cd6afd9d311,false
a0ad07bb876730cb5e698902e8d1d0a912fb144b,false
1adc894311f9d20cc6fa15d7a9d2a3a38f2c7d06,false
921471954920e10cdb98f9ce9fe4509aefdd44b1,false
6fb58cf3ea8ef0dc146f33b25145e5ca143d5b9e,true
d82b8f0a8eb09fa9b4c4daec3a3f81270d2f71d3,false
8beca143875ac0b3bd57e9fc98b2401a0848115b,false
d89261587faa2acf5fdc4526cce80833c3fcff15,false
5414114ef26095d9bd29636d6be7bfc3b1516359,false
5685e178b8e1a437752901269cf7b93c6b216e99,false
b3b7289c3e87ca217db2981da372767842eefc8f,false
61b9b1beab01446046c0d57733f04e074993d8d5,false
8aea31360e8f6858ac99bd73b210516d7fb0d359,false
8c2c25a5fe40ba5f91d7bcd6e288bff0cec3614b,false
75cd515ea7a6ca714cdd0f0fa34912d90e3a1e0b,true
41a6f69d8b7cc2abb89ff9dddaf72c9ca4b73b00,false
d9805688e7a9032be54afe20ebac9596c26ac03f,false
13946d3f4081c00ae951ef7863dc286f633e9114,false
3cd42ad32b3e4390a467be9507e1394b3bd114d7,false
4ecb2f4419472b443f1a39cfa27f57dd2e99ec87,true
60a6d910fd40710de5ba6d7dfad2b62916a7910d,false
4d8faf78842740c7b4442eddbba6f1aac0919e24,false
7ae72d2a53ca2f051ad92abd07f2120952b6a42a,false
602fa7e3951603ee6898663df9ee3b30a1882d75,false
1c771665a4face3abf606fd98c26c023fd09ad6b,false
db303b16c23ffcd8235021d229e87c7c43b51357,false
d64400667c471190715780e3c772172661c24e4d,true
c3e8932d13244426e1baebea4bd42ee7b3f3488b,false
0e14a5f7057532b73ca7bf6ca3ab483fcbabbd6a,false
16ca7cbe7c59ae0a2ae4fe9c50a63f12bffcea1b,true
0a97477ee4fa7bded5428c71000a4add43987ae9,true
8b48b6a8faed19f0a2c6d26a602ca3f9e9c98ef4,true
956ccff973448e10325efcd7c245642d56f2a52f,false
87c8db5e6338cfec16ddad4ce63cb866a4ec1c52,false
188423bc698a9532fc99a4e7cf186f7aa0b50fe4,false
c01ba7b1e2d7fc229ae28656d644855851645a0b,false
58169f0ae160467ea241d75e248bc22517cef6bd,false
b2bab0c4833bd12514f44b6aa0ed667eabf6de9a,false
9a7d4c71bec45accf0eb4c9ba06768023596a1e0,false
bdfb2616ab881fa23894b83461cbd2d14fea8449,false
732b79b227965ba4d213aea2e350ab536be991ac,false
853737e8b5dbaeb5a890e23f38986843886a41ee,false
bdf7710d8e2c3dc6449fa687b9a3825c6bcd0073,false
96208c808782beff48c65cd4110afa4384941f6f,false
7d04817ddb45b483707bd0443b8ca7a80a91af8d,false
b57f329c86ff4009b2cb63ee89edb130e29cd818,false
e8b10f3881959c345785fddd52a24a3d612d99b1,false
9720e09a94ce2eaaa64bd518fe32aedbf6a9b6fd,false
d1c0ef752314e711d3bddddda738534d9fc6a222,false
fed49d1a272e6fb6637fe5a1a989acdf68e150c8,false
b6ffec2247b0622a582ea96a821849682620bd10,false
e5274143fa92e3fa322cb6304982b270ee4654bc,false
6b0738f65a32e7c51ddf9f078cfc2bb7ab960c69,false
fe82fbc5819d19b3be73f6f02fd07220ea20c5d6,false
8f81f98226f146d9549d8db4b9dc070afab8d2fc,false
fede4afec256677329f35c09313c9faa2ef995af,false
ed636a2352c261d907df36ac96c944b300afbe74,false
ca3032e76ed0e3342050f324d74cdf1c138b0f52,false
315ad678ed1a83846345d0f6d5e913ed8c813e22,false
bcd808254712f6679c34e25062f68074235902d3,false
5bf10fcf203eb1ee20637f5c43b9f27fa6487530,false
93698cb554cc315597e99894e1efa548f5fd832e,false
6740c9a2aafb9b1d5b47fbe3a77cf379c2f7d2b0,false
2956a97b4099eacb62070be93aa705ccea1d13e5,false
df4f41f9f942e89881d2fe8f1c4bc80f79bdc259,false
31fbcba2348c2f8d699d92afa896126d11ec8942,false
ff1ef72ec39f533354069e49a99336555536e34e,false
ae33a4a9b17216b3f346e656f57b81548854414a,false
b71dfeb86726f4905ac74098ad0cd8bde32bb622,false
2c1b681e5ac5df5b1cfb7dc19802e67d17c550b1,false
fbcabd48843241b68fde1b9e6237d7a1cadecae1,false
e0e1bcc0cc414444d6ce8755836d6ad629181b93,false
cd529d6cba24c9a175bae1b69589f93793f711b8,false
1de74e4dd16082cd0c6781f36f52e9c0165aaf25,false
0e3d97f01ff9588a0a407b31700f4ab01360ad47,true
8d184236ca5bfc17d2622fa8369fcd31ed9e824a,false
c3550cb37a4fdab25965219f3d69ed74fe858dbf,false
2b7c289271ffbedd63be3f4e111544974b8eeb48,false
7800eae3cba5ae31b78f6ae0db9f0735711afab1,false
3da330c59600cd548f80a325398f8d16a1748ecd,false
d7f512c15fd1438bf0e88bf77477b72b53b8bf6b,true
f4bd8d75f3027a94a46e7510afb9dcd75b61bf25,false
6ab9a37fe170be7d45e0d57e99a8be30f8b81e18,false
75437330c43b1a1d022f69c2de64c93c0c130664,false
e30328e2b45fc7f685eaa9d1efa0b5c1b9a01f6c,false
e0cbc9fe71149525263efabac6097098ea67a486,false
57f532b5d9b93a6d34ea502c1058b5f29f71eedd,false
0135f9ff807ba3bab75f0c70b965422e2103e148,false
811438533dc503a3254a92d4539db4ff5d81eb71,false
c24d51ece36073319729f2db261d25b8aeef7bf5,false
338a83e2f7bf5e4e530972732b76604c3b0563e7,false
488512381973145e3fc547b301e5216c931fde83,false
bfae47119f41f575ba9a612cf13693eef0933bfe,false
e095d8928f12ada33ba52a90b2b07cdbe2b28a6b,false
0be93278059ad08486bb82ce16381d10f3042aa3,false
93e5b3041aa13591bc0e0f81d29ad3af74b10acb,false
f9f706fa8007ccecf1e34d468e074bb9e4d45dba,false
20aa3698b7c7a42217e95036585f7a8b2a8ae23a,false
c01ae0db74c948365ecd9a04a64e3a78cf1f69f1,false
5fe13e4932bd94ee4c692a8967a2bedf227c2c74,false
a53e91a31979ef72a691a9bfcf85f4d4622be78e,false
0a2b9fecd9e4b67ea4fb44469f42d5991b070d26,true
7226ec052ba59fbe60ccbdff1aace20c1c237555,false
0886026eba1057382b5c0381ce2c05c706e809fd,false
929e0e75efc95b1ddf5e15a3ef902a36da778621,false
248469206c2ed97e88e963fcf0d4df76d63bdcc2,false
ea790da04b1232f117e7247f383491f714972fc1,false
c42d481dede2a5d3ec9041aed714b85df9ae62d1,false
d39c21d6a988b1ecc206970154b8441098746998,false
076d4cdbcb0a8736a7d6049abd951464a36687bb,false
db4da7f36ac3a5a02440a041eff66b705290dcf9,false
1a378d1cfd18e082e89909415f6f4ccfdf3991f6,false
5fd0a5c70d02f632359bc0269e9f93b956b08ca2,true
e895ab061ad1cb4d55747cdb230e794e1e73601e,false
c2a6277bb7742ff56b26cc10a88f6f2fb825cda6,false
90966119dcb6806e5d1708d5b4d051eefe03c98e,false
7af2772edb0bd4d4d52771c1736f6d9aaa7d5454,false
10364b894c012b30c0fc099e9e2012b8f344d0e6,false
599eb98607378e14dc6eae6d65ee819c4aae1bfa,true
45b32a9fd34c0e38e8f3143f25e1fc1e90e626cd,false
741a7d3364f6a62bbb7063dd7db121fa35689f5a,false
7c8b4359fe5dd0fb36815678e92f0729f87fb0d4,false
2aa9504bcd6ef1f6a073f5f53736eb17bda25c21,false
111489bd99bd50dabd2fda84357a1386ea1756ae,true
1951ec41fa4d88145c55d83f9e3a7bd6bc4a93ad,false
4c03fd4da23dc2085b7a0516f3269685135674fe,false
969e8c1e5437acba01fb4677df25a9c0645e1b01,false
a1e3be0bba8c4381f76e7cbc855eb5ebf5e689eb,true
3fad0fb851fd5f7e99ec99047adb8d13b44febbd,false
0d2a3d0290de81d36a557473e7fed268f81d3e71,false
0fcbdc0d40e4ad0133d00f5cc9a80aff791c7dbf,true
fc10c0c96a0a8f616ce272faedc149e7e00ba968,true
ab9d0fcd4f046cda2a7a58c4963d365b81e1f797,false
ed91073cc717ff2ab8da5c0d5cbf5c603197f135,false
1222605698eefe448273452b34f1950dd010c0c3,false
973d27a3cedeebc64f3e89d0ea11c3a89bcdbf32,false
20d4d829aa48a5d1f5027481de2e01a252ead093,false
bfcb38eb42ed08cc24b68d7684b6ee5f1044d3fb,false
960887e5652f5c5bfd8512fdecbdd35bed395f73,false
e4668211b0f6a8eb8f7e19d242f8b4ae9a9c6414,false
46fbc675364184ea88e726113672e89a9f6fb8ea,false
f30052f2680a857c623f5296075aa3be4eb069cd,false
b125af3f893a94068fe1341855ee9485e33b37b7,false
fd524ed25ad117aa9404a180b5454ddd1227d3bc,false
f065a74fc0a26a7545fb9f4857aa19428e3a4c87,false
90f4ebea7a4c5f6d328a987edb4e1a76bd8a4dad,false
2412a4426e6b4854cbee0c67d700864c28fffbeb,false
ffee820d156108585e57c00395dce7a4c6dce813,false
964b3001d9ad9775cad529c4d736254b4ba689de,false
3a24b718db7d0952ef5c5d6f5fd85dcd2f46def4,false
458629f3d11a4e6dc60f29f085d9b40c4eabc56b,false
3f4c462146131f820e60c4bee427b377f3a54e3c,false
4c8abde914403a1a744b10eb7fab95d9302b02c0,false
a14be871ff9a40e3c969ead7e079fdd6996e0738,false
e3f68587470cb222cd9d2a864eb59faa68eae7c9,false
1b035c931e96e701359e7b643d679db96789cb0f,false
961c10369842dca19f0203d6b55cebfcf3a19afd,false
c1683a39c274ba49ab61e28669b3975f6d5c716d,false
acd2abc4af72857643859fb0112c80a4bb2888a3,false
ec34d679bbb0c97fdf760b4358a7ef1163b1ee37,false
a18a64333d63731a99a3b880f50e56ee7a0e7763,false
547f0dabfbc399da7bd6bb8a68e7a9282d2830bf,false
9d9d7dd6077f40d683f382707fae87b665f4de6f,false
6aad2893b41f40316eb08a41f629c29519f84e6f,false
a6b58bd50fb5d45a4ccfafe14ad1854021187aff,false
fb6cbc925b1f94918f3da012e776c40f7de0ac1c,false
e12af55e247823b89fdec35d06b969b8681d4b24,true
4eb396b0971681887b5b6acf7ab49b035ad34f8f,false
f18a9db59b73ef0f046a7b7f845cde819603dad6,false
74cb6199e977976794710b24c44277863df6367e,false
2dd70116f8759198c2397c27af944770f90a6cd6,false
0e6ca58084fc263d139acdd67bcf6d56a32ed21d,true
951f7504c37452a71767c6e16a2008f23f1b018e,false
01e9c48c094aa89b61fb1003b2cafecf8264b364,false
7ff470609a2a46a536b3ea9faf68f8865a9b9c2f,false
088fcd9eb2c69f7f5ce2032f742ba7885e698076,false
c04a973879d214f7a86b6af4622fd161a1828c4d,false
0b01b9a675034cd589c11f7288cd10cdce0ca2e3,false
132476fbc2abad937e4d442de4400395ea98a38c,false
8cac0cc3093eabffe4cf9393341ba8429ee8e9d8,false
446c4725a2fda28b3609747b3a816e489be3a8d1,false
1c233a672de5fc1e7fae49294fa0a6b086b795e5,false
c375bf472eb57ab47cab4594ab3e05aac6a6fe56,false
eb3a008dde062c9cb68a57cc5944a542ba248f29,false
c1de52abe32511430271a6a4668351261794bfdc,false
298bd1ac94d2a5daf6b6d97248563cbb4015679b,true
638a0fbfbc8eb699db0be15ee105b6509a8adec7,false
a6601d2884742a8ee662ae32cb4cee0520d3e51d,false
75ddead13840867cebae4dbe1ba7cc336d115918,false
737a714dee9979817c98fa23f176658e7a82e84f,false
8370965d2f9d2bb9b691e20c1fca2e5165b51429,true
1f659e896b27a478cbd4e99060557557673724b3,false
89d50a4f1577e71222ad0b54d9d5639f5b687c61,true
1989eaebd80eceba2d3693a79e16ea651f95a28e,false
f67eeb0fe8f350a0cc738761e0024865e8cefbb8,false
b87c38ec74ea2a03c655ee2a9a77f2c1bc39136f,false
e0971eff4b8e95d73625be0ed96bfe570bf4cfb7,false
4a7c481ae5471539739d8423eeb900a2b3c7fc1d,false
25443036c05cbce243069f732ea986dbdb04a88f,false
249a09a63487f8b03ac22d050e50fb856511ae72,false
408d48111d7faa6ca1ffbfb672705399ef319f1d,false
e3bfa4d0f8858c93f1a762f0924293f4029cef81,false
da74b5a15ce2dba7d13f6a5e68941d8d1652c125,false
a495ef9f31d18c885c3fb122deef33950844cb7d,false
085203553c4b7694ba22e1cfb2f89aee2811e6d6,false
ff67a08f0e862b200cd2a1c6906164ebb058e30f,false
33925ae394edb1e48abd2423484b5f64e0a0db07,false
cad383214595dddc0db32333cdbe1a4832f6419c,false
22c020be28df0831fc06b8281a58a7bf4c7eeaf2,false
b9c99a4f91f8f877ce560acef38591ba7ce37268,false
5be02874a0d729816fb9aba3308d13d7ca89636e,false
464f9fc6255693a4c76731b555de0bba2df9bb1f,false
6077c77e76a44845f933ee6658c415734605712b,false
64200b7d983e315944882b23b11ee0223772a534,false
1311bf583783539e9fdefd44dc3454f674ea60c2,false
93f0a4e2423b1dd0e50676ba8029f6fb24dd53f7,false
9a55fe2565cec68b1276d7be3e2dd24ee1a0418c,false
107c74a3a4ab24158e42ccd2be75829e04532889,false
100bb410d12b73eac8879f8738603944e01d125c,false
110977cf92869379210d6716e5394997f885d5b9,false
a8a9d76c5497839a86b02483bd54d469e08e1185,false
828c99a36bcf03ae8b727bcd2106d7c5d64a44a5,false
1df1031d1b0206a7b66c9f2c76a999d5c712772c,false
170b56b5d795f1425c2e69ded192e2ae26ad4ee1,false
5ba69b401c53e999ee39e3896ee8d3c3285c6b39,false
4def603c967077a41c2de74a688f649c8e5aa8a3,false
e7a16f840f3d4a74324e1c78c6db6f898bd19201,true
5c4911c4a2b2f2014b21a76095d3a642af16a36a,false
3120728da30a25167b64df88baf9be5d890f6414,false
3182f772d931000886d2676013f7f5638577ee4a,false
0f74c2eefa563df62d1d8e485a600e1529b13dc6,false
7f03498c77ae92f21e1436fb26acd5b4d88b21f7,false
cf770bac2a3d590bb70b72e0f805c2e71fe2346b,true
268852d4a09967b922866dc5e35f856387969daf,true
48ae99c67da9d1eaee93a6aa4dc561cd10c4133f,false
5e32fe033c04dbbcb71e4cf77625776c8c80fd6c,false
69b2305f6eecca87b55f6f90e716fadcd10236d2,false
a3ef976df3d1b55fc72751ee463cf93d592de8a2,false
0bcbbdfde164284d35ecf1295d40de91c175c050,false
84d1e9f3ba48b9d1943442d0ee86a59c0756a91b,false
16769ee95eea1fd7ef1761df0a48b83f1e655085,false
c2f8642eae4e334a8149d8e7b221044a744987db,false
eebc0587b1d91e9e7593a47fabae939583e6fa6e,false
50242414de735e605e18f70684fa8c64d7b829ac,false
b0da8b591b57d83b3b709523cefce1a184e68ab2,true
ef20e09516ffdc33345c597dd36d362982624d8a,false
679f581e7ad3b872d6a09d03f4033d1dd5dd528a,false
7481d4fd2ffa610f9c234a15e05676d103586044,false
e5fa8df9131a132938836dbc1ac70a9c1793ea2a,false
565d3b102ec4c270fb18006304f7b95a2305c21d,false
b82cdc7966200579396075e19efbd0b0aa0a6f45,false
dcabf0a76595dca3e90a491a9360fd14b16d2149,true
fa3764c003111292c3fd5051308dafb67ae42cd1,true
f7de7bcc096c34358ac21fe0747f1ae4ae1b7165,false
07037d974980e237cf93f7cf178851c494b8a3da,false
d3c1f8e0a90a877d6e36d4d579f8b04beabf2ac3,true
0ab7dd4cd37d05e3b9847504856f4bac480203a3,false
8fff6e01965c21f8f85872192bc41a3e26c93950,false
2b040bd8a7ba432d142554998b78f8f028c04b82,false
1f34d0eb449440c057ae4d38f4bfebff65eac2d6,false
38800974dc75ba7abf2f75f66db57b0191b3edf3,false
b3f1129f01d18930ffddc8ece71d97c56709a004,false
c362daa94a89c2236d3b5df76ffe8067a44f688e,false
481560a39ea0572fcb391cd89f1f0e67495f3725,false
54c7648e48ce9e4bebab63ed17757a5a65e8b04f,false
2e19373cf35f16ee4b39cb80e9ab5d56658d36bb,false
a153e4aa0973221d8f032a9377f76bd498cfdfae,true
b0fdfb78e01c1e454bfc1da27552185efdc21680,false
838b30e39cbbb9bc7de872be147f214ed8f8c47c,false
f1c12a1c8dd5c44641e62284582c71e19256e122,false
b7b6bd017675040d1b4f12f0abe5c9f645590a9a,false
51bc17348c3f656a0c0e8917f80d91d84e1ef48d,true
9a177dca879444b9c0b5873037263548fc006a93,false
31f0cd1accc4c3c5f88c8fea737d069b8ee88e06,false
29018813d3eedf6ab3c3f8b97c67decea8806949,false
68b875c1bfb820c9f1d194a291392e289408f92e,false
af721887fc03ed812932fa71abe1a1203030c873,false
98e306489c1ac4fea7868b01cf28c2f4d69a9221,false
42b1ae877ac30195e019cfb3dccc04863f7c9d18,false
dea68d06251e3d6608d01a26176e0789fd66bb18,false
7fc582825e44dfd9e2005b2d825878d2c2553d1e,false
72c86ac77b5bf2eb5d36045706bd6516441128ba,false
31c5cfe0d76aae06a37dae1cc75f8eda81234828,false
99c4d0fdec33398e0d85c2b9329b4e4b01444c5e,false
d53115756775868f49e1157617e8f8f8b7f33174,false
04382c583e0ec28b7618ffe099942e63a643ca07,false
c7e768547f18ef7d9359d07731d1162986de6700,false
b2f10ea317518b16c13a4cbc03cf4658d0a199ed,false
6d1d252b46afaf6076d10d1f21a3d376c47aabf8,false
e2655e65618d492da330268555fa77c49d2a904f,false
604f808a06cdec00a220cabe729597238a7275f8,false
0d2a7966837268e6cf1c4bbe486f29017c24e055,false
4414ceda93217ba7edcc6e5603f2ad2654fb8193,false
5358b35c7f5c5130c3d651d2f7c6e704caf8bcc1,false
cb6f3987ba2f110e187fd8af440f05d826978ebd,false
fdbab175d154bfda3bb22df47ebd984f92e62450,false
cfd1f6e6f56f28f9c343a90110b929dbd4b94b4c,false
0cdd268809f4fa68f414797e6c9df84ada7a5158,true
dffee0ccedee5dad20b1d77f8b0246c7734a784c,false
9369f58d7e980b8a975b66e5535c9544ffc2c0ee,false
dcf0599aaf9e24e6e598939549ca922c046edb05,true
b2cfbfa7143952de883eae65e9244498135faec8,false
48aa4b45225c84f28de6bc6510dfd948b4e0df13,false
22350ba9024d91a74eab94bd077e062a111a3717,true
7c3c9eb7b70a8e29788d3d3d4bf18d73d504132f,true
07a13fc916f38f62cff61a378bcbb0a86c2f1b02,false
63070922489bd4b60574cedebbcdf0a72d036e5f,true
6e67ba0f5f9feeb38c88a728e20c7c0db5a9bcdb,true
73843edb210e7898db1b5b76867440835f07b8e7,false
f65f4c194147c72576e72d58f53555e13369e03e,false
a7a6842b9e9f3b1e4f002e1cb4bd3fcbf2dbe448,false
c9b987216a4f38d03c821bc333f56cd1d8320250,false
19b3796099f9e80ea5a6560bfa61f3157d354b78,false
0c52979a81025dacec3aa9550065763a337430d8,false
6e460378f35c7d841557aea4e3a14f74ef7e5958,false
e482c4f7402606ec31171bb904e75a1cc1df3f4e,false
e04b6c1c169dee748c39608bd2c954ac5b6da31d,false
11147804c6f19e9953f15eb3b7c88e8d903a3f0a,false
1b1b8a046bbf8febbfc7ee6383841648bf48a339,false
4d2736a06911e61a4f24af5c58dbc28dcc91e5d8,false
6861191666ff2001a3601946bf24b1da5070cb2e,true
cafd5a2c3b34c1ca81a98af7258559d103030f85,true
83c5c1f2c9bdafb48f616687a8b15a86737c9f22,true
c0e38d501fb70907e302f56f9ae26425601968bc,true
a499dbaef86616da958d3abc43fc4576662b7801,true
68ac30efd6a5a2d57af0f5e0ff4355a109f817f4,true
a3bc8ff3b13b94a72d84f7511d45afd6cab9575e,false
e28853dbd59e02668ac77fcc36f58e406c60f868,false
eee05bdc3e60e58b1d0062bbb0d8b6e0ca743c6f,false
040cf3b6ffd0070af84c3df57c120046133fb374,true
364e412eadba51e3bcbac0ac73465d147ddc49e1,true
7f21fcc6deb1d3a5c403eea9cf76ec0ede06dfc7,false
60bfce5ca87c44891ed443c142102d9b64facfc1,false
74712ce8422099669b9605419c806a71a336e060,true
0e80833e9509c3416b1ca2339a004a56a19423db,false
098702f8f0e5d442e21d5319455d43023b723d54,false
43cde165672dece72a70d7e56f8dd022caab6f79,false
f6ec65d33effa249863e026759475f9dd50e8d6b,true
89a08b89758461c36f82824d66ea0f0e07142be6,false
fe52fcd41162ab8e3f21069f15e107e6437f4cc3,false
45503fcf9d4090218f1d673b8333ba1027f3b9e2,false
ee29d36d52240b13df1ed1d11cde08f57fb1771b,true
f2ffd6fc4bf2e277d50e68cf710d11f3c7c2cd1f,false
04645e640295ee36735833419b63fd35e8275319,false
72d3ba28999390794fa18cd5d59a19fa0a13eff0,false
9744a40ec73dd85fcef092fc248eecfee48cdff7,false
2ea900398494f879c5930ae7b043913f0ebdb001,true
09061787fb0a5d6e5145c9d0842b6d18b9fba446,true
623c3031eff56dc51af0c8e6df478f745cf34ef6,true
009005e64b3a9a5dad990d35adfaa73ba3163540,false
c7e889752d735bf1dd85edac8bbde5a2d6fa1ec6,false
e94ed4bea7b829c985649e440c9b1c10fc99a5f4,true
dedff4e79ccf76f4191be90411132a774446a19b,false
95fb668ebf739b67a2fac95955a4cbe48baacda3,false
707cd36c51fb3219f03f0a1ae01606b985e6e80f,false
77d346b9435cc4d44d10c87aa66dd92f4f712ab0,false
752b10b50529f9fc679e184422b3f4b64f944c72,false
d0072c4e66322480591ce7a505ed42808bd25edb,false
802a8aad0148b165983c520628099e06ed60f450,false
1a9c912328b3e0e2467516d9d6bbfd61c96a731c,false
51d53c297c98d635608daa96a66f02b1250c142b,false
aedea925c5381739b695c740077734591b46c9ad,false
bee08cc2bd04d19dde6a8db88f9ca30e77bce717,false
da34ba5e60cbb0316dde6c9f71f24c8eb1d9ab07,false
89a00246127a3f69a8830ef56006a8e72ae324f2,false
8d45e3001a933a99b424ea05a2dc9aa610123b7e,false
96265e028bfd765f4603ba4beb3f665f4a6a04bd,false
06c98eff4f28aa941c6756d8fe12bd15a484d3e4,false
a9c09f847242655944d2c4fb229d196dfd5fa63a,false
9a61c78910e8d273c27320e7543ed04b3bf4a7bc,false
08df90505b198c9c67affcc9d652bf34fe24d1bc,false
a8c6f0881dbc242ffdf8472057405dbc9adcf253,false
f97957dfaa4e102df92f8bf7e7ea0d057373b0da,false
a8c0c29ae5ae94354d8145a54f404f52e764754e,false
2cd92ef0f15a206454c0d28108d1b406ba3a9d06,false
d49404deb0f9f41cf8088dde32fbe236383c671d,false
4844bc948c2d04946c16606d95f6f835af529b6d,false
9235d54e06d85909b5c033c6ffc80f166f2829c5,false
0a67ba73e5c07b9cc6d60af51a3bd7226e64e941,true
7102492c2e07800d33f9bd8188658466ed1593a5,false
003b51706c07134eadbe538eb4aa37eab1da4b31,false
5190f35c70869712f283d39e5ab2f44c54a4a242,false
179bc4d765c4d3fc6ee4b34a3069b72e1df1b897,false
5d27c09d590e69f611491d4679e752e9b541ef57,true
fda37ccf2589581794b64c6cd6c6705bd448d309,true
398cef686c5dbbe3f744ecd42f5c62159a967b9a,false
e94c0b4d947f6a7c2fa3e6afeecb494c3590b6d2,false
1f5168334941d3f306ab7b6af81596cf233e405c,false
1146440b3648b828b48ddeda62e2810cdd4e11ad,false
f12f9e19421ee1a07aab09f9c499da91bf72b59c,false
e361d9f270130bf901668e0b5a31e967e3deacec,false
5d77ccf03dfb15dfc8f9d49ddf0ccb2149746015,true
c4044b4c892ebb5ecda446e9a20013b8b6b03a99,true
4ab591198798ca89df105a19dd4a466ba5777ab0,false
647d546273203aca59f5f093b0f19dffe2da7bc1,false
a900268704d0d1d380b7b19486770f9454a4d585,false
5ce9f4aec573531f712ec9a5f92b63cfc9b60d7b,false
c287243743690bfe487c64464f3a682f26132ba2,false
95af29a03689dffbb8d9de1eafa7d4eb3df20347,false
e01776e40113d9105ba0739e6c03349c107ae39f,false
98d5833924c3e56ff90ceb0f7407a79513205c80,true
86a7c454e23a9004866515392777e4fffcb1b44c,false
2502d9d233a211f5c6d9543dfe939a490bd414e7,true
347e2fe96133f75b7041fa1bbffdd6da30f44d06,false
487f8eb4863280476d99a0e190f1bcd7bd529777,true
0eae63fd603f9e32f995a466098e5d3be5785c74,true
6ff96e326a601b54c7c1b5cb6d6a5c4e261e274d,true
aed0626098ffab5feb47b30344f694d2a32a1beb,false
8ffedffe3ae88387aaf13ded05ddc086a849ea03,false
34e18465c245d182744d3395f55e011dd5186c81,false
e64edbad68e031b51687bcc9a480b1ea167d3c0a,true
4c32169eaf6a99a64822f0d2269d858784df65e7,false
2d2de1fbbc846f2e069b747fa897def7ddcf2cbc,true
2affadff513f030a03b92b181ebb2eda969d23cc,true
0d3716493fd29671edac9c74ff64099d2877cc4a,true
a607902467048790ef0a6b1b84cce86b3a8811ab,false
e1709af91504277705ffc38f8c4c450852560e96,false
c5d4c6da01dca6d104e321f44774e3f190ba8f0b,false
4b060551dd948e4d2f859c5ea15dd845948d2a4c,false
7a41b0e8af1de3829a960dfb76c19bfddb179c18,false
05367ad557b05c01ff774f0b523d3f0576f7807d,false
5e207be34c1d756187bbe091f8ae410c7fe612e9,false
2b2c4b81f8460f3d2ba2a0472350c21c55fd4d44,false
9f02e81fce5fe2c366d5842fcf24c1e9e7851526,false
0d04c1c926144bcf7899207388291618eeee8775,false
b0a973ead4f744d2f7da6578f7b5230195a7f806,false
1b4e50062ef6ed519c808ddeb33170fa273afcfa,false
3871d27d41e904da50bc19737eb9c8d3ea1fb599,false
55823fc577d6a13af8e49727c795c81331521340,false
da25845a50b341c0f0622079d44eab2d2f3a88dd,false
ba371a459fffc8dd106f02bddda580c4d88d7c84,false
fde758e0329b7afbe56e5dfe29d79311376d6116,false
8afdf84579d7e611c2d39ffcca0ac74801d6c9c4,false
2bda0560d8b6d4683536981276536892cbaab623,false
4bea56dcfc74708af76b3fcde35fd45b017b76e6,false
30323b82328fdb98113565c343da79225e6fc3a2,false
a0f60c450261b109ee86d192e0f2fa1ca2212793,false
c2d55d5511193c6959e0444d3d41739f3c083e4c,true
fdae30f2f481ac639aed588737d00c979cc5e0d7,false
4a1cbbcdf582c9a4a0fb9d5e704d1b085a128116,false
f91c3b1db446d1a4ffaa6ceec443c9ee0e923bdf,true
05640df83b9af5b887fad1020ee5f311b2136bff,true
b82088557a63c8a4739099ff0dd3479c3f6a0159,true
ad92c9406b349a16bc1684f31343a6ee0193fcd8,false
6eabdf850c4217ca6a7bb9bd06b07a8ab56fc5d2,false
604731e87db2aede5116ba011d8e3e7e04fac95f,false
5747719fdbb9f9467404227e72cef2879a8f01dd,true
551907d1bc8c17bcc39f4625584797fdb5b96a8a,true
c21827e3499c82030ec959ad64fff19026afd4a2,false
ad4f5f8869fdd036e9e64c9d926c1de9c77907dd,false
13f8a8745a7373904658e6b77cfdba3fd8d08330,true
ab9a1088f04cfcb385c9d82d40be6baf50fadc33,false
c7f2ce24b31a1c1eab74376f7b027f9a2477d7c2,true
bec9067b5a5c2f234b77dae26ba0bc9964de4a4a,true
b92bc653fd014b768f91451b9e960dd995a299d3,false
86bb2dd4bc817eb5a66ef0869e60608373d5fd97,false
430fd7b2258979876d506c8c1b26f6ebab329799,false
128791cf65deb0db2d2c697fd7336c249def2af1,true
65921ddccee07a131eec29e186f3d85840f909fa,true
932035552583018208092e527ed27a850f26c32b,false
3484825270e0ccd59c0fd74cbb6c365f53bddf8a,false
cde6f73e567c7d851f529e67ebbb780fdb15c82b,true
d91878420935916c5a0fc8ac1ad0afd0365b0377,false
084ff90faf7c47f543ed30f3df4aa793a149e3c2,false
374344b8f7879a0b6024792f14fd0e8e91a36744,false
596d4df0233120e45456065d080fb0ead987d0c7,false
98453e5417f589c6e9e59e1983f6600d319e3d9c,false
b4b5b362d51175b44570ce95f5e024e065091eba,false
1c1624b8bd7f61df7fa6cac11b0e0b1d73ce5418,false
222e90a80cd76478f6943643d574aff92553be86,false
4d74950888de967c2de657c607f2eac0679bdc28,false
81eec331eed63389f5d3fd1a9d6aaad9c676fb84,false
9f5356ea1569056f7d52fc1f5d8bcbc301aa4500,false
5fa720a5c93841df6c6cb379553b034867c55150,false
932210d91137662a75395cb1a044a61972c11461,false
9b4eb2c597152ed18cfe0780e6c05df72f65d205,false
dc39ec6029db755801704e174bcc468b119ef022,false
2492e7b861c2986907e3f1ff86ae873a6a410978,true
df01aeff73a84ceb1be22718007ffd317bae4f91,false
71b39da9955dac1bb823fb0a012b72fada0c13b5,false
340fa6ec87dc3f0e56f9f7c3b0aa294c3bd28a16,false
e222805a8f1a1b999505356665d53cea246043d8,true
8eeb54396f291d98b61069376a0853d84676cb91,false
e8e3ba8d708a206ed78e347577ce15c00e225ef9,false
c5686f4d653721e8da8ea13e43db57a82966e695,false
19c2d6a301ab8d5a22995315e35cac6da6c0c4a7,false
a4d452d30774e93e99ba62879df78c32d4719374,true
db68b588175f47bd396bdf3d8c3e5f4fca84218a,false
03a81c5064d0ef76c29cebed248096ed87d48016,false
59ccd039e654a435a87a091486eda4b5cb1915bc,false
cf6ccd8b16b52cfc7bed316c9728442dd2b96561,false
9b3a8bc47296a25fd7ff2312ed1733acdff9c121,false
f2417e13cbafb90e77d40f99822a25f724deb2e7,false
ca96ccef202df51f36aae66d15bb9410244b56a3,false
b4964ace84a4f3fa27f30394c01df47a5a1782a1,false
7515fe6dad0dce9caa851dc4450056316180f88b,false
21a2b157fb17dfb8a308fe379dd97279ed5031d7,false
270f67977979f16f0501ec6bfd4cb7cf97b98732,false
4018455e721909d3229506657fc1351ff3df6820,false
5509943006121b5ce6c7e806ad04fb838b69a51e,true
22028d6cda806e71aff16249707328038c02f57a,false
7486478afda333c07df1138b47e1f8bbdfca3da5,false
a1453e2df78fa3b97c641f0292400e9badc829f9,false
a4a02623501e3dabb85ba7397c0b3f0e8b2caadf,false
38882443fffb7a878b210aa81329b27340b8dd6d,false
ed9b73148a372fee516f898490d0c8d1e1fa9e60,true
50c991feb9480cc443bb843b873dce18f1edb3fe,false
adfefc368456b8eed89c5015c046f1a691da7d7e,false
4e5e01dda6070e7e830d8fb8aa62ea3399ab3250,false
a896d296b567b9ac23440d1914bafb2fca478be3,false
9d281050bea76eac1b2a5d504f2acffcf226cc9c,false
d0400a2aacfbd45546b56b41ed4c6c03a574897e,false
2a4d91095a3bb3f37da2e9cd6317e049c056c94f,false
995c2424774a862da8b083a0fe406304fb19f8f8,false
e67d8bc6f89c53cc678cce8881301bc645194d3b,false
4d8a6ac0f99d2e76d56b5efc4e8ad0b44e96dd92,false
385a04c8320789dc20df0179e21223a76d5b03df,false
3fab3198addbff0f426d15394de3fbd965ec83c5,false
3d7800022dee7c8243b37b0fb9e748fa10e43cf8,true
76360babf16182f87f8b2ac5efd256022e8d317e,false
21a0f71c32bd94814a5e8965861a94b88f218a3b,false
650615a82de7fd8333d48ee6faf60d46156af33f,false
c69bcb47231dde06d510b45d28b2362b2986934c,false
742a131a2c56cf22dab24781f892ddda7fd7b203,false
0f95ab0141361954b2348600840de5404fbeb5ce,false
aaeaa12aa7761f9c9029f972b5a1e835121b38fd,false
713e66bd9af61690d55e9993ab2a5b21b2c2385f,false
9fc0ef0b351f7fcfccc69e6c4b2793fdce0f9cb1,false
15c99f521fe2c40b8ae69b76acd5a3e89089297d,false
7a5ef223a0291aef87f848064374a538364f2871,false
2b99ca675a71a0f3311a281499b6ef1b018d9cf7,false
cfd23d004187cb95f863d9338379409073adee28,false
21b54a3548376a4eb2ec91770a8430c1353d7acf,false
9fedf425d9710f7d76fdfbe04720a129dd058b7d,false
7dbb831bdd927be803a6a1b4bfc6a3af56060c4c,false
9b650dc73e248a53d68a648f53e6d3fc2acd2776,true
296d268740d638a44d3d9651c87d88154960cece,true
6bcc69a1701e33b576add730923c3c0042c4d65e,false
ef09f4db3f616f03417ced47fc15c67922b713de,false
39c749ca7692343a0734ce0b4b5d5ed30c40ad6f,false
f9ea5b1f4ba8942120804a6de7da997c46797c2e,false
388b692d83f6ef47cc2952bafdf728a129646e0c,false
c8cd777e83d3ef3efb8ddfcb8902b505b45b1d22,false
ace81913db6d55b4aa9a48a7ca75177176b6b2d2,false
4a4a12b1921087aae599e72895344cba6d37c925,false
7cda5e3ef041075f8b899acae20f783a6c866e69,true
c47ab63d817f1a88501bacd601997afdeae61893,false
a4ca78c404fc37c26cb11caa8d0a7fc96fa31c51,false
50cab0bb5d31554dc5830912892767bc344c3269,false
b465d3e2abd3f5cc1667136ceb68967a2c3dfaa5,false
e841f67cadc532a246486aa12f79b39ad8c25766,false
4f7ed9ec6c86c914fdb49f6aa06fb426c2919e3f,false
606f53b6458c3f0a395932d1f295f26d09c29f18,false
4137a165ea1f54363a0b7b506fd4c07d1aae1435,false
ff125a3210ec9fedeea5d10095070b690bb718ec,false
b3de4c88492ae0eb559d32b34264572ba0a14573,false
9fe6ddd826201f335d3ef472e989261025afcd49,false
406a4103883302d29ef7b630a31c46b607bb4a54,false
881e9bd2c84cbe280126b1b040f9dd70b9e19e02,false
1a7dda2bb181b8f68dc6e3851c08f0ec4eaa6e4c,false
b3985faa4d6ae65b6509bb6874871b6d2b0b6f0b,false
f04a6938238fff9adec3a3d596c9d82348b3814c,false
66d46db3149b05bf5e31a229d18f29aec1cec27d,false
e675649911420c95d36572b3242d754b5a837194,false
d319a8a251bd5b8bfa1750af242d5661dc4b03c5,false
211df2cea8d1c11d1eba6e54f66d4b8c4b9e855e,false
8a58d34711ffce14b705cb28aa6aaa121b8d27ea,true
3f638a59130c0db9903cae612666d2c2194dde87,true
580db912fab489a8ef6d4aa570b35195460a9047,false
8d0bcfc0e185a7ed773d4c7ac88afe29d00b6e88,false
9c0f6d73d4657e245a9a819c7c556c22e1005da3,false
a1c7a878fb54b1459737a9aadd9639b9c4ae6860,false
0555c01f82203d5a57650670f0667e1cb6551afa,false
018e783c50da362650a55ac92f64c98729d50ca7,false
9dc02329b7a1b98578fdd52599f4075145d4f3c3,false
36f1d7063e21e86d40233d44c21faca374c2d1c6,false
06575819111fe39ecafd38650eb36cc71b5f5dcc,false
9d60a6abbf9647559065399122cd7a76ed79624d,true
b91e439aa91bbdf759e9a503750204a7078d19ab,false
9e0eca80d6fe6ad99cf7607a861b61f93ca4d48a,false
d13cb54d9919002827a8a5116119f6a1536b1921,true
6a0e36849454cc6c6dd1a6637fc3d745526d9708,false
a1774b47df3b8c3e185459fd7aede9e7408224be,false
cddb8b4a7a372d57948366a2b8815651046ca9a1,false
06a34cdeab5cfc316c93ea30eada8805bbf48c79,false
2b27e5b7e4372f6b198ab04c81555b78a1eadecb,false
958811cb45d6f9d28188345a5d4ffc2e4a6bbcb5,false
d80fd9c2fb76c85386c356e31072b34ab9b4c1d1,false
98d1abaf443c29067a0d37b86d064684b4385878,true
2a54966e8303ae3b43934f52f64719f576716713,false
4b1aa6b28f3d6ffab7ffd34dde4ca95b39749674,true
e7eabfe016c6fe50ca47a1b5d95ce39112843fe0,true
4791f9582b97aa159fa357ae546d0427c833bb22,false
f2324b292f94b86a23fd289542789356a0415862,false
4579360fade717f5b0491a44f211184e86264b4d,false
9b59ce429c517bde8d446aad97735e6d9e1d28a3,false
66c0bb4ccf381c4de519e5fbe5a74ca6ab031a8f,false
7065a9dbb1b07632ddebf64f064b6829876f9fb5,false
47eb1206946e5a7810149196de90ed22aa7e5778,false
753274af83fd36cd30886124b33b5943d0721140,false
b4c38e7dbd94caca5e1b9cf92263aa9a80e98b14,false
371873beb2c52aa1e2194717fd491d43ef41e80a,true
c7f0b10e063391f2c89258908bdc6203148b7832,false
a97efa5231524a343036b0bedf5a4c3039d9ab3c,false
8b7e525d6316876e6ee8f817f86c357904034365,false
bcfc344eec7321494bf22f79eecf7c9312c60722,false
f6853c9dd129358c609307925937d46f77760180,false
bd86ab84ed6178a5cc4fbc660be0e35c83d2ecfb,true
e91721fab98e69c624da79019942dec5f828e1d0,false
3de07d5307c81a049b126f162ac9ec591382d869,false
fc1e3de26766b82b276ba0a521f90553605ba9ea,true
a0e43595e8b02470c080b9ab6a6a30eb0d4291e1,false
da3483645caa3b29d138299e36f58778adb9351d,false
cddb270180197e178d5ce0feae53de38f4331872,false
b5eb9367cd284695b6907d8ef99cad12df09880d,true
17e5a2f5e623be1ca5abb0df84898f997cc6a32e,false
80cb06b12253f6d6d9fd8ecc44a0064b6a1f44aa,true
2ece251a827dbb697810756c617e0de013bd093d,false
4a4db1b95373bd2e11c0be75e6375077707299aa,true
a10476ce733d1b30b82436792a5293d58b8450d0,false
6eaa367f1ea82a9061a119b0469b24ae54869715,false
f68f5cac4e30cc44d31dae7d7d88dad2e433872c,false
48f6e625ef05cea592153961abae4128a91ebb3f,false
7f06116ac86109348c37e118a393eceec985a68a,false
edc5cdb47c25392e3c61b99bae24a6a04a9e65e3,false
9d8bf6fc52092a6f5897cc9134cd02eeab70a8ad,false
d436b0f8dad4b0eb3e93197ea65b000ac6fdd618,true
c874978a535d5afaf02074527d2fb875eaddd75b,false
be00f43eed7a6c6daf5e857adf5ff1b5d6148f31,true
9708ff6183b4381ca154086cc51902d342167950,false
81f7aaebf6b7a7771ffbaffb89e2fa52ca9ad6ee,false
3d44dadaeb7501c15904eabe76e28a9652377eb9,false
d2b1ec72c3bf3868f9447f89a2e91d876d63cb4b,false
2745ac3f17d782a449ccbc4d24eb797819d12f33,false
d2efb8e6487c41c949ca8dcb3722bc9e48880a70,false
4c2253f04e69c9e72986a74b464b9d20f9c43d70,false
485a7621b8b0ad829dfbb15076b783c2aa644330,false
89e19060ee3f647291b8c8b49a87e48efa68676f,false
1dd86f892b42c339faf36e674bd95a64b79ce78f,false
eeb905b4d237ddd3a25847bc0af35a2cc04c889c,false
ad7bdd07f14b3a8b1368537b69f7592c62a835d9,false
cf7987cc7cd43b49dc7730d48e7f5cac82f64dfd,false
dbf4e0c587ae2fff1a780948cfec935bba410331,false
d7cce1f15057872ed9fdfdad154500ff04b1c53b,false
b7feadebb35e44fb1d493887b6f5567fb82889d4,false
f78394ad4548f8744e7d9e93c2cfa10f8340b483,true
303be515958b6c3e31f8a5503f5ec406a3728323,false
2ef7f07f0c3d32f075431ff8aede4420797f6cb4,false
0d56de4c9b6663db6a85d2d142281a06a286d179,false
137a520443127797a8ec8ceeb0ffc33726fa5c56,false
6cdc5a1cc5f17d9fe50c9f526931c95daf17e70f,false
126dd2b7eceb4349c7ab12750ea1cec6dea80e26,false
32b35000a4099d2802120989e422fa134bfe9af0,true
d6dfd0c60efc7091cb05702c06e536f70660fc12,false
6d95a87c3cbcec3be69a7f45e046cb7ea2a7fa3b,false
ac7efbc712123e620849102db60f6ef827672975,false
adfd556a6991f72cd7a2ef0af3647f4bf3b9cf72,false
12eefc4ad7c2b9d5adf2b1bffbb57c4437983a63,false
a14db9dcb96773d33bfd3696e913b79e204bbd59,false
fe83a6d42adf7772b2d554392a4961aba1837b1b,true
3fd6aa524cb991749ca353495dd2f2356c2bfb2b,false
62186ff1e616a24ce716f0e513bb873363a53bfa,false
75edd225f1d099f6e2c0f7956a24aa235a99d546,false
14094efecd5bc2aa70c221bdc02b2fc67c25b2bf,false
f5bbe862b63c874086527670eea37e33d8510f43,false
be9b4468715aead502c95b05eb033fe3d236d459,false
fedc4bb9afbfb8441a3f113a38b2d8fa0ca57386,false
97d9324c59d5cfb884eff7ef9d532720f175f241,false
0a4714b02234b4baef3d44905c5ebf773b9675cf,false
673dc27858633d4338cbf695531ffdcb3f2b55ba,false
eedc19c7fa4226a1ad5f735ed6d8cbf4c258c36c,true
133c9deb3e860c5c77aff98c7638514e10ad5b8c,false
e5a04c22b27651d045f898d087f7d3528b70ac8d,true
5c398141e71dd3f81019e02eb7d7f1a24e91f364,false
f764b617db2d57260bea8d961c62ce2ab150d0fa,true
de419bf92e4b32316b522e6638a0f9a47dbb9a2f,true
8d7a64028e9472096f91c8a9596bf2485c0e7cf2,false
21d8f4f05c141901a6994c4d99507cc53efdd8fa,false
33dab463b041f6a306324abbc23aaee6d701c27f,false
3b855eb631062f8be5d0a3eaa9aa1fd7534b0ade,false
bc8f49e34510629cd81c6a2195fdd1a27404fa0a,false
1534bce2b73fd57b363bdd6c48bb69a8caae80dc,false
db6543a503912a638394122a839de5414e7466ac,false
7591f76bc7f4e46fff10c39b7c57050ef97eda93,false
8c9b7fba57cbbe9ad4a1d5364bef7f42f7a0ae88,false
2a6a8931edfbdec325785343b092bff37e75e5d0,false
427a87ba30759adbfd2224207e2ffe8ace76b516,false
259505a967ba2c3013a013e2cecf8deb1c221628,false
9c94973182de448d5e4c0a298b3a5c56ccf89ae1,true
5208ea61daf712920be1654902b10c3394b971d3,false
cce3e1098423886c0df1e1213bb209494b4131a8,false
941176385c85a5903f69db731353d63468a4e7ba,false
6a5ed18ab7de2c35416b73d0c9701d7e775e7a0d,false
692faca96b0ed2ab2d81151ea1f3955c446506b8,false
4e13f2e7d1ec0b43d704c92df19d064996aed780,false
41ed7d9665d92e7906549454c8c6deb814fa0c5d,false
d4af08606766caa87a1aff6e71e1011429dd7008,true
0650a541889e04bd9f5044527880909e52a4475b,false
4f79a46bd850eea930110795d972bd460140690b,false
317deeef9caf2fe34433ecec82a2eefb7babcb45,false
1804a9ecbc8a2baf0e4cb61aded0143b5f9d04e0,true
1c6f07a424fa15210d546e2440a38c7ed330be1f,false
2ae34eec598ce41ca4e360e2bb28991135b97d5d,false
9f99af6eaa321fe3c7ad40d6478672a99a68dd3a,false
c38aa1f7382093c06936087d49674f398f12c305,false
8fa10d95ac31fd5955f08d40b98b99664610d220,false
8ef00bb61fad42584affba36bf05a99a3246babf,false
34836f98cd7c643d194787454f1858b2e2d4b043,false
e67cc18f44505ec93fd519acd44cf2c061325a80,false
0cb397f59b989b8d27d3ae181c539e41ae0ef838,false
3c28e6069e8aa85511818911718957b6c0787188,false
1a8040f458289e103e5cb2fa4bc9fde289d2596d,false
41041fd45a99f5f9e4d22dd51737eb98e563f07c,false
3cb5bb102de063376d2ad6b35df07421d531fc14,false
6a0aa316d9836ead741b78c9aa3b57e7a4153351,false
0be58bd4aa7c3106b9b8acfaddec1dc8801ec8e4,false
55abe62f85b0321d793b9bd6fc2462e184afc43a,false
d10e4b7a374bf3f5c1185ce3c8697cb0083e1e39,false
4cd272436b7d0383ed4fd7c5fdc5e9faf606f19c,false
30d741f984958088639aba46352be5710ad3ac16,false
8d49546478da0e5d22b91e9dbff5daa307f17686,false
4a174c1a7a2c1668f1879e4d8d40bdeb38cbeb3b,false
866b3835c3ccbb2fd95305384161a5cbce62f377,false
7bfde76cd48ed29821ae8e4c1805c5c58386b465,false
6d4e992e09df51a9f092924d491b646e36f083ae,false
d1b17d2cd1c1905cfd72772650dd314b24594cd6,false
287d6261c7e85693563a4073ab45dd0397dd9128,false
f1703f5ae77419865489ef018f22dfcdd386cede,false
911a485cf77d35688b917a6fd06cc7aaef679d46,false
9c3376794067afb27cc07538524208ece5d2547b,true
1467042195021db20ce8a2c90b536b4d930bdf62,false
11aa7e4f8414723e1f872dc6796411e248f18490,false
3903914ba6e01f99ab4dd673a79a25080ac59a9e,false
930592209c292bcc1fef95d0b8a394113c614aba,false
8f4aa09810e53cc612af056ef930766a7b168168,true
24ee3086b53e95c773ae2477ada610d1403d46cc,false
9ad5ad515779ff3b592ee3b690b616d4b649a80c,false
f8d881ee8ca1921a0b7f1279daa65de5183c06c3,false
5366973dd30425457c5a092a84d1636617cdc52b,false
fe6fa314bcc95b972fa1a91bab02cefc4175860c,false
d19dfe7580527e822c27f125d66fe1949d7ec099,false
556849c2bf9fffd154a3b1027cc6dc0d6d02bbf0,true
db94b03af1aebd0d5d64a5a88d4b8e9ab840af5f,true
14089a07fe7bcf02669fce323552687b908872c8,false
c76ce09b6d6f7ace9d35479f64de0f5af49b86ae,false
e06bdd7cb842bf38e74ba28ee13569c5883ce715,false
ac0b933a67ea23cd15e2d43eaf6cc9efaeeec71a,false
60c520863178c9514cdebd1c6c3e38a193fbeddf,false
ab36d39293e9de58adb7850f847b67c00550cfb6,false
c007e64bdecc7514d1c9c9d8228959d0d3ecc34e,false
1a23a985700375a592e0c0318ed6732a139d7d25,false
c3ad789f0192fa1f97ee8ff9fabaea40336b3053,false
47da8e0826abe09e10e91b41eb36abe59d80442c,false
56e65d45ac9de6a56d1d2719799e3e2457462176,false
5e79c9bf0486889b19f209647224076e37dde56f,true
e74c4ebe93b1c7280054d1a3042b993ca193d9c9,true
36f40e7804edefda59cb391c434177649a33fd1d,false
647f8f5e386be1240420889365db79ba4042fc7f,false
3dde7a60f98ce57058c464a75d1207097dc00779,false
946192f4495463fb42faff4a93a22cef328a0af0,true
4c7879909b114377aae10f336a3e274c61268fdd,false
de7d5ab067355f5baf09344f7f02ee75e8ee5679,false
77fb1a02def68fcde619c24db87c1b89b9d3f26c,false
4aca27aeac8d8cbd0e2d98370c9f091b63f68e7d,false
e935472d7ccd0d145b1f39e64767482650cc94c9,false
2b80bcf748faf6f833e0e1932816d4faadad61fa,false
4c3d64dd9f87b448441f649134aef332cafda033,false
c62057d3eb84ff0eef5f70349caf531c6ff1b582,false
7b38bbc16185c50d57aa77efffa281e5c28adc68,false
67d683a3e0bd6be5f514ea50c82d4aa7fc64f071,false
afac03766697fb77f4569b1beaf4cf69ff9a8774,false
975e74eb6d570b3c23f9cdc793a43760b623bf7f,false
9fd05a0a25bacab79021d338f07cbefa8c9241b5,false
b929e588405ceed7cbe6b4abca2775687723390d,false
c8329cbcfc15fce69f99ee3166b8aa8309818955,false
2076c4e0b3e017407a0dea7456079f7d9bf65ba7,false
6f98545ad8ae610abeb918e17b63de942a22b0b9,false
8b97d9027d894623e6aff59d05fcdc69811538d4,false
03128e19aab70bb83ffdbc19ce9c248003602097,false
f57020086280b641e7d5ce0997af50abaed021ca,false
ace3e3abdd6ee8da505f49d6a6da87f994d55f45,true
37a4a5830301d8dee4eeb32cfb4b8002880d86aa,false
38b182c823c5661a45d75649ddb8d4f444f35d11,false
c198348e21a9f6ee5078e61f0799c64f72d8eca1,true
354dc2d92f2bfe4972112293475ad9a4d667e1eb,false
020a0872b1a492df8091f6a2ab17cc18b624e97e,false
f4dddce191881b5946e5eb1a691261f4e1430674,false
9a052cc73dce8a04a12bde83e0d0e1cc99b8a178,false
0068b6f9de14c009d7db42902790ee3d6d9c69cb,false
d3108af8fe840e67eb1ee3fa1dd4cae79e088ba1,false
71cdc57cb840c19689fc94e3795be311a0d52d28,true
247535af48a1c14959410c6771f6900549b4b8b2,true
9ed5a47af5b7292bde66bba228896ff8c0374d33,false
26ef2336eb1abf67684125f42ba99bc3364b4629,false
4f928ad05d0fe40cefdc8208bdc614910e53468d,true
33b9943e4d0d9d00d52b3ca6624251c9ce0d7c03,false
ee1583db8b534f4aec434fdadc3d13045571858b,false
c7779775a36ff3a25d399b9a817f8a4172eeb8e6,false
189dc6fcb80db2a9219ad8a06178db3840cfed07,false
3c2e47c4648fe391caef549cb1a02bfb9bd05c86,false
262f583d0ab61e5a7b5220498cb77fbef00106e2,false
9264cafcb8d9755f6f8c06eeaa3de56b04e41183,false
b2ccd9ee31a68895c0cd5abec0d1fd880ed6e225,true
edeaea7f49e5a1fd808a91c814134a3f65a228a7,false
5f43781ff76224916f0633324ddb0290064133f5,false
30f8f034de589831f30853d1a52575e899a8cc2f,false
cf4aab071c17c1a7e4dbf91fb9f64decc4c6a9cd,false
7e62377a2f9c4791bcb268d8301d2c542699c699,false
cdee21148687fb832f0b66e6842b7e3bb570e33a,false
be878e7ab579d18c9d27b42295e114a607f2aac9,true
38c14392d5afd9bf6b028630930b19c3f06ca3f0,false
844c92bad40d7c00df95866146b743b4f8589946,false
f0492bc837bcde130eefe85a9109e1f6daadc7a4,true
536267c55202b2bf512594e5b0511127705d39e2,true
7891e7e5ac83451d4388fecc44bce80cfce24726,false
1c03bbb921eed0102acab25576969e2000a3d26a,true
17249efc2d57066cbbc748868bdb3b4ac2478ffa,true
b60eb6855da12c3b0d0188b1fc5137cb58b43abc,false
b92958e7db7c5d07f54bcf6d1420620871dd2dd4,false
12e87f9ee6de474104e6ad88310407e72d08689a,true
77877229fd26dda6a152d3004428a5f9a1c58824,false
221b63328147bb22779798bab34e6390e07815d2,false
62f5d4f6363c33c60f9a464c9c4f067f8f90d9b5,false
32df2dc8526cd17a9bcf80200ee21c849e4e049a,false
ada0f010468bbc6626e2751eed3e08cfead9bfba,false
d8ffe1ce79f14148908e9d74e1f5ba81e18faadc,false
aacf71dcf5acb3e63138914bcfc45a6ac8e7ec79,false
264e7c9cf2a434ef309f517b785d930ea4a31771,true
672f992089f0d381c754f82701173f6bfe2ad75a,false
99acfb69dd0a36a9a07e3deca1f81a08eca82575,true
4f0c4e8f654f49640b22ca40f7641041d45914a0,false
10b9454e30e6ead97a966ce0e9380515a43b03f1,false
6f0f208ee09e3a9ee3b78f5b41aa54d219dce5f9,false
53d6aea442f7758722434aed368dc4e1a27aba37,false
2d03e20bce95888d6e5d18205ebac6f59de7a98e,false
614c4354f3462cb4eac7b77c96acff1a3b5ce7ac,false
df57e97586512414251445c5561bcfe7b56abec4,false
abfb8c7ac06489ee2692215ed0192a80a82515e6,false
b5637dfc78cf6161248f927475a803c5bbd5cd3b,false
d40c64c8ae4bd67f886c641ed43714050bd2b654,false
e372f2676d465f4b3ddb7e9281ecf8250b7a01ef,false
5a153fd642068adcdca38f76be3d92bfc60b4d0c,false
46631190bc14feaf001858667d5863d0ac4d6aa2,false
e381d6e8b192af2f2fb72c47de9942c57b5cf920,false
899e71bcb716547b3818e4526dba05b9c2c3c30b,false
48bd1c87db2e78a760fa5f9714f6d9417897a2e7,false
06f0780931f90ed5274c492073943d74687d189b,false
8cf3cd6b7bccaaa4d1fb3e61d20ec6caaca0bceb,false
3e6741ad27ec8d75208a4d2476e4790dd8478107,true
b4d7e2279eea343a507a494a1eb9f87fe837343a,false
902520c52d4e598dbec03c1a25cb0f9e3319b44d,false
17d7cc8178281223871a9e32197b824ed6b28962,false
45f44f2d6d7038cd9aa175e9ddad287158f13b8a,true
ae09b0e3b334e9e813fbba81bee71b50795d174b,false
4cae527406e2f3de6a9f85bdf87a3333975841e3,false
8cd242ae2b35447ea5372708b0559cf3fe6286cf,false
fe87de5dfa16ea7ff77dbf71d26f4642071b38c9,false
99b1d8a204d0365a3f5898fd435ed87503c67da7,false
2a28a0ea78f724bb1ed048eaf88c47c1d380390e,true
6e6aa31e8fa265c9e370ca96b8e7bdc298da52b3,false
bd54c16b32215e1f9965a82ed6f9808c79b1d1bc,true
b91553aa5b626ea6308302ebf0f78a46789bab03,true
96cd07bd5f1531f828e6b5131dde787438c9b9f4,true
c9ba94d911d7d2f43987c09fe3aaf14d7d4a488d,false
5745c4166413d5549eb0d8f113e287668b3c4d75,false
54178e7417503b2c22d0f374db525e080253f5b3,false
e2625530206b1af46b4dd05f0efadbd4d55ff1d9,false
7fb80df4eeacf0dc2e4456d5a05f76d975be51fc,false
ad6a108fc1664c579569526d9fa274ef7f47a124,false
68852b4a6be9897507d3d0bac6883afaff196c57,false
5e5d0008b0ed66d30b0beb29508c459c1a0222db,true
0ca44fb0365fdbbf9e18cc3f3952ded0f58c154f,false
34890db43cdbbeec962f87af4715c0e63a317d97,true
ad1b22feadb5973e423cbcc94715d0298f42c600,true
67bbfd3b541ddde8891c4dd48aa5f7d5c1ee3a7f,true
0732f39b7ae51f9ac6627e85a518073d093349dc,false
511452b50f41c61cf03bcd30909036e694cf4534,true
6b97650de85b1d4255fc0970b930a35793deb720,true
ba71f9b9a8f943eacfa242fce3748b4207881b22,false
6ff11b594edab6c1eb9c562a368ed42791bf180f,true
fe10108e23a1f52ddf65a89d28be3dabe7a671a6,false
01b657229f7c4eb763c87d3c878b73b5ea29db42,false
811ce81b705939ea3e7a176273a3d8c4c73ff87a,false
1a9e264912f8037ab092df0779526b442d95da8b,false
0a91f3885938494bbcf4a2d97be8e50a7bb2b470,false
96772d4816d71de097e2192b26b6872d711a2c16,true
00a191714202aca24559884536db60fd46fcbf48,false
402dbbeb726e6ac89f127b9bd41e92e4c81fb00d,false
412a36a5dbfb7987f30e323f2318527cf34f9565,false
6537cb0f3c70cc107f3852bd63f777437007bee1,false
5d02652e1c17abfb51a40b4b38855e752b95a0bb,true
aecc5a271d94522454de095223a92f503c1ba177,false
7a4b0ba905f6154284cdebf18948936a9f8b1d5b,false
f0ddeb89ab5ef7aebb4c4487198150e38dcd99b6,true
785be303508760a05764cdf382a2980f43a1abe8,false
511af7256062955c73178d6dca8bc6f7503e1ef3,false
c7d4362d311fa32f5e2a4e5cc41fb2d736e0a39e,false
852564efb1f19131c050a5d5868dbcb816e02df3,false
6883e6633594bd247f0a8d3432ee9f3b5fcdbaa9,false
8d1af549309a6570044b0fdffd79378495ca6fd2,false
655885b96ea0e7ce58586e08c06e6ff66b7636f7,false
28479d07752000a44f0d78065600e01a914da0c4,false
717e3a7ee9c9059449855036429c5709ccd888fd,false
3f9eff22e5f2f415b7499b929508dd4b45a8e0a0,false
5676d2c8184288c3e673242820556c942a4588c0,false
58584f173a49a2de7126eb80c91bc319bc10d55e,false
762e7e0488fa4b055a9c55d6e2097a627ec33a35,false
e7b2dbe65971d5f4ec5a5836e5bd8cb0df79e052,false
d6702bb5a824c261f44bca48fe8b37a5caf41f39,true
32168a964b5bd507d532694cea47cf92031fa1a3,false
6e5308f379c5aeb4bc88f5edecd1bbf0d6c9913a,false
92e54ee308d47ed87f0a89bbec71bcf289726b8e,false
7d6b83a26a4009ff1f5216c75d9e20951891e890,false
1689eadc02d7ce5f52e7b4414974409ead3feeb5,false
eac1ae5dc3b8922c20d32bc0d0e45f8c8a461021,false
2cb3e42a1b03eb1486a5eddbdb33e08b635a5a92,false
2ce183270bfb148167a6dfc2511ab8f6d3f03dca,false
ea9e88dd0068187a6f62acceb7dd57cd41c8c1d5,false
947dc13ab9cecf80932ad7ad52999e9bed86be55,false
4d2c4ef44590820ca5ed4136205478551349999b,false
77902a89c6b9ae8aee60129c928332d7ec29824b,false
5c20f86380a4c00d2997e9e4d3d7c3c0a6fb61ea,false
241fa1398753f876ab067310aeb19e11e81051b8,false
743ecc599fe8f01e47ad85d9fafd10db9c605ca7,false
17819c435242169c57cd8c69e13accaf9860a295,false
c70df65d7cf9b3dd1ad52e3c19f305bc1ed07ad2,false
1a68d96165e8af49b09fd75a0909c28e439f8bfe,false
66b45a6fa9b0c88ffaacfa5b1d8854f33f2e76ec,false
0c356aae335e6d62a9a1b32ad1d69d9ba6de4cfb,false
da8e8f38744a5dec8af45406ac3c87dc7f0a932d,true
58034c1a1173e828c6d97ffd8db5132c4474b474,false
4663c6f052d228aa58fcc2dba2bd62d898d12e3c,false
f67e3bd08515f1ce437f892b248a5cc395e70be3,false
88b0cad0afccf9a6b78242e97baec5db7473333e,false
7268a20f9f425e79dad2b7306c79b5bb41c7a4c5,false
636caeb6c6c4e54951642e0694380a5745fca9eb,false
ad7fc5b2d070ae5397d22944cc3cc83665681c63,false
b47fc8e390ecc94a6d26c9623ad4da9b6638af97,false
2128fbbd11329f872eb62e0ff8683917b65a09a2,false
f6d8cbd7ec1abe01858f5cb24da6b9e91e74dedc,false
8478a91a79e22a54936397d6e7d20beb1e503599,false
37531fafcfd0afccc54de6ad8647647c52356030,false
6522037ec1ee8b2a9653d6fee8e4fbf5062f47e6,false
0965d6997fe2b1fe24642445893f1b4f816fd19a,false
1a1368c7bca30f6d91a246377dec4f95f6e2a68e,false
fbc4c97f85faeed04461e43efe248225b1ecbd1b,false
6e374d38c5802d994dd048bb3a1f73f340210dc7,false
465d99f68de843a62ec4a802ca1fe63dac5ffb5d,false
65af259896af1f792279b776fb387a684f9836d3,false
f503a85ab19cfafe1d01fcb2eddc0946a8bf8af9,true
9071790a49b1dec51b9f7ffc9ee3095cc35519c4,true
463c367adf9d58dfe841c62c4889e9db6b9cfddc,false
4e5a2d0a8c84bbbdc89c7c1688f8ae6540b0c159,false
e284ce62cdc8854667d666bb9e078ccf29ea294f,false
e68c1069b4b41f5cf68b6cf89c6005cd4c4601da,false
66b10e7f28f749a15c9522874c640b1a6dc72b09,false
8a64d0c67d0c714be0e97c536d745ec08b5a2abc,false
7b615c0efd8b090b89e9c899e4ad8faf1f620a46,false
07a262c16573eebdc1c6eb132bbeb980d9abd475,false
cd388a0fae0fecfa08725d6bd73815404b704eda,false
dfb5673ccf2960f9ba67ab2be019e3f5a5df1dcf,false
49c4d71148acbb13274984cc04ec6b71a637e70f,false
1e3a6b8493acadc2e4b392f2600c9ba7b8e1c63d,false
149000e6852c2eb9efe8c4ab73eeb23df6e10abe,false
3b9dccbb768acb1c1f2e112122b456fd15c7a6fb,false
6cbb5681403f3587351ae15a59fe5909723e3a47,false
92a70cb847674984e8d4f386716595f0273ae63d,false
1ad92aac7974d1328a30a639094dee4043ef98ab,false
082814fedef2ac0f14d2f8631be047a5fe642789,false
3dc743fc7de27d181564aa8719f58c44fa7f48e3,false
46d4a5ea90fec307763e9a80b836cfd42d7d74bf,false
25bb2464624b39a206e4cb7978b3816fa4eb0385,false
c900e31c3f8ee4f17576d19acdba47e308ded06f,false
a1fb06e58d165c09da32b7457ca558887419511c,false
d780da53de77354b7a7906e75d71c956357edce6,false
a57a07279c277a65d01d8880d0184993dfc35c65,false
2c20d629364e5b33445516a49af8016179f2e529,false
805a4da0f45b5afc482ab5431cde60fb1cf891f9,false
e225cb19d7e6a13a8fd5a26fbedf88d5239f7ccc,false
c34b03297618780726c3c140d9bd9a112a4b25d2,false
f3c9bba5f9be5f4e9dd1691b0a999ce90784d2ee,false
ae9d79efc194e3bcc6b7874efa58ba4af10bbce8,false
b32ebda008f32d0c68c4f00b3babb291fabd6e5b,false
0fae8f8e76b53ecd7b57683b64293e5d8b2c3238,false
c5c5d57e8ed99f9e28ff8b89bbd84df8536a28bd,true
eb58bc8d0618cedfc2e50222a234990e69f05f0a,false
f41157289d6bdf5e11a4bc9824a53158f265362b,false
fe424fa93afc14e27f6def0f849ecd1891b7b03d,true
3004f836979b062e3ce5f2ff62fc885f4c737ff1,true
26f5c260c99a8e9fb17dbdf0e12882de3b6e2102,false
87b2bfd41ae0fe85b02a0d1719518b95d231f2b7,true
08dd65d3ce53a2372e57236fd057c803e04c1225,false
7ad5cafb9ef828e39bff6b05928307549d04978e,true
bf145b93d0c95394e92e40d0f4cd5d320d5e7af6,false
239944bb05400adddb871e0df623d104a0bb76eb,false
d2760081e8ad5bdaa5d546b708c1722370ba9d43,false
9ce6d9a781d39864c987201adfd0ca10e9abd633,false
405bf3525c142795263ea3137f5b392d62c9ed23,false
8388e2f26cb31c24d5853c438d4cbe9e5bedb1aa,false
9e9090753f857a13126b0e0840b10f6b6f459785,false
1dd67ea89c5140a559403535a202a80f16cdafba,false
56bc92ffe116fabf045a30e971a98e75a5462e64,false
c6f81d19e9f605c10572c010a04f1a5edaef1547,false
eb5161dd06c5e403e4931c8f1e3a2ffe8e2c3599,false
56f813618ae156e2aa4fcc864ce787f5bcb236dd,true
156010a491868060bcdc2a8e681197b40a7ae0b0,false
57977c4ffa56a3207ecffff5d77bd4459cae6e58,false
1f3f98432bc51fd3194a51dd44f6817b109dd5bf,false
ae8d4f140deedf26f25914af25622fa5779350c7,false
eaea1f284a7d894c9757da5fcce27ed1255cad55,false
cb111e04e1da0569457a1f1ecdd8bd60d6b97235,false
c0a07386540d1d70f55ffcbffb35479f5b433fdf,false
1f58db0f70673a12e6c84ac7e774dad657715642,false
7aeb6ec30462cbdee31ead847ccc73b189afb321,false
8c3508d36dd4135897767d32584bb8975984a4b0,false
084952c7ec7b8b11312e0a9313d8ed48f32db51f,false
b6a8c15edb64585eacbefadad2b93ddfaa3b7bb9,false
474e8943be22374eea48eac3e0537c83668fb891,false
6ccbb7f85ab85c6814dc953fe46766bececc536a,true
9595bfeb6f64b7da528d42a89abeb683a3051745,true
9fdeda4051d6e9dfc7b98cc2a3031481e8e1384c,true
30e6d04c83925e4760770b9fd4339abaa1f379be,true
9f3b41f67a90fad020ccc186779c303faf0deb47,true
3c22d58a23903ad9a56f15c9eb2adbfb005810c2,false
90843f5c70a2a032a35a1a6a641323b013cf4260,false
a07940a9ae21bc2210bb75c2e941f339492632bd,false
80414471077b8aff852ab4e53432ff53a80b4234,false
44b35cb012f51560a89ae1a80482636e876cf260,false
80bcec35cb9481ed3c85d4f0c2436986c402d839,false
084c8e076b8c9dffb13b6ade09de83f2a8bd6f67,false
b24bc94133f851921f7473175300fd14747a1d53,false
3573fcb9f10231d82873d608c6097cdb8034d8fa,false
30e637d7ae16dffc30ac59a690fab7fe11773a05,false
ef4ab46d8cf52debfb91c275ed62762e4455a65b,false
3ca00da850dfbc00ca5b16478304d580ad653a87,false
72aba0a26e4be75411864346ec9eec16e5558eaa,false
b2f193f271b97f487d31589e2bbc6639ab0ff454,false
25468b8225cdaaef314c713b4d346e8fd0b767f5,false
8dd12d37afd83ee12ad389ef5741ab40b90bd13c,false
a0be6ffcffd3ec3c8075b79417a0c1da491c3717,false
4d238875b9dcaf6ea6e2ac5382735b2e0e075005,false
65cf32f41874260cb122f1ed98b4959b0016fd24,false
4a9e008a4ad18e50ee468729525a35d676894b5a,false
6fc19cc1c46671647b8c122170febe38dffecc14,false
53667fcf95cd0ed3b96e8b13a5d9833915242c33,false
0d77929d31426e3d952182dd69b103cee3cf0634,false
d61682e9821f1740c06b6dea70e47af5dfe8a596,false
e9a091ad2c962259ff8ade6914c921f2ee36a428,false
98a5873f36b319d09dfe3af2656267fb3d208a6d,true
ac5a054d350096b51b572a29b99448095247aeab,false
49aeb50e217a0bc8f8a6c5e29d9ac35a98600fd1,false
ab3f099269daddd8f866d0f0999b5a6aa7f45a99,false
937c6cd23c7d0a706fc25f9d9fe56e170f502fec,false
12119135b4e5960b1b6e6cafb0172ea8f4f04adb,true
2e81702c09a3fa2ba4b277dd35e8d0019506ee60,false
f7a174b7528ab3ecdce3ec2035a5d46fbcfe9755,false
7c978db69b31d76b24452fc9840c8ef252bbeb3e,true
d44c899520c93ca7adab3ae67b9331394cb6ac99,false
476dd3486bff1f36ba0d5d675f20afb8827ce94d,false
09a2a433b42102b52d043c9258527287536d7789,false
2c6b3d4526485592a10f14a2baf9bf79d186d311,false
73fb2970cbfe29551eb5aefdf1792ce9a9185bc6,false
6aebc8fb3a484e04d2bf4570cb79bed626fb1243,false
f5799c929d6239360fa511f648988af32b7cf717,false
40db64838fe7201ed7c480fa8ccd0b696c36d210,false
448af94fe6102f58366122f3214cb27a1113920f,false
a92af3a6139eafd1d118cfee5579baa02a8bc397,true
48dd4e3fcdef8f0db33b5b387aafa5605f2bdd22,false
4860533ccb939ea307a170e06c5e12cb8df43061,false
485649ebf73d7a9b71b2295ef99e3fce719d67e7,false
ff1e2ae0d42b4bf49075cc77d24ea1f258fff7f7,false
7e2fba632729b10faea6dac04a7ddb53438ec610,false
d4d460c979f05a1a8128e41146865c47f6bf6362,false
39563f7b499c185c67d692edba3650b71120fde8,true
129bb190bb6e4e2bbd32089d8b00e7bf2447e880,false
33d5cffa8414da318daf3e62d79035a81c992d7e,true
c6933723bcca90fac42ddaf158c6fc96e89efd0b,false
83ed104c6f1097ae644d3ce40ffcffd954f18c9c,false
88279bad36da0ccaf2b9a3018696f8dbd18476bd,false
2e08c5f05c1d8cdde135cb0233a5f6084ce87e06,false
c4501fed2f8d0d96119ef2e1eca4c0c034594986,false
14ce80cb524310acc5f17a5651a8481296a212ae,false
5a0aff76f1627061a419f8418a51dda954fc25b6,false
5a52d99e9448c2a263ec765cd51c33d869536ced,false
694ae8001f58e1ba4821158fa78cc0c7a92e586e,false
17b32dca753db988db8efaac4a314a020dc108f7,false
b648ca4e0128f988da109a7d3c1d003aed8a1ebf,false
e1b54241457165b643fbf57f4c256b1ac903f193,false
5d5229d60f6535d0d35f8353d816fd6a836c70b0,false
7b2c994ffd18455eb790b4a83962adba271ead6f,false
82beecbc40508c8c1fcf9c5281b7b088aa51eedc,false
0c6b2c22730d7346adce8141d54fb3ad7b85ab31,false
ba047f9c98cee059b64e0e5640fa063041b3c75e,false
61fddbc5a12fd5e6b7c537fe58b72da76e280f1a,false
a589c05a0c82183a177124cacdf9ff3480e9c215,false
d839dfac4ccbeff863e7165eee73255624a35a9f,false
4986149e68497c1061753a6491aca1a291e4b32c,false
13886af3dcb60abe9d7f2a03746a809710c1d863,false
34c72345eac2d731d8b852c9aa9a0cfea56f9a95,false
08eb9c0b8b879bdc7d41da3a7200782deddba750,false
a1150c857070c189ceb44d1c5af7ea4e38dc33d1,false
2f1b01136f9a771f75d19a6f81a3ca7a91ead89a,false
8aad27112f25010f48695fec5e0f01dade52e1a1,false
247251671da4ad48e82f75ddb8017770141a9727,false
e37c33e6f33fee2102c7a2bf2c57a184270f268a,false
2fdc59387fc029ca7dbb24428d32fe58575e4ab5,false
4a7c5726dba35fd32a91b8a5fc4a3998795fd1f7,false
3897bd067c9559a7e58505b327b2d910193e921d,false
54e9c2f5f4bf8184fed4b6908ec4adca66026128,false
91e27082e4217980b029bf7903081954e7960c0a,false
03f437373e9ef45cc99c62f1e5302f249c641c51,false
72c3ca599937e0e1f1ff804b5d376481d4b30062,true
f32d589f4c13160e156f82e3294ecb8a45ccba3e,false
95ee58e374b6eb146937540402d31bcf1779dab9,false
db7e25d45a391b8175e35ee04107f3e30199fac2,false
ef6db0c12303fa15f34131f5834138ffc104710d,false
f9a561932b09f726c62219ce6b6e2de5b0ccb076,false
f451b97249f3ff6154df0a1dcbe2f757b93d8c61,false
7cefa7129f959371fbe4c341694e466e5818382f,false
76dd6199e881f1b25cae49e91f64e7cee1aff98c,false
19d6ce80ed83da0c503a15b9030f525278f84dfa,false
3fb767bd0626785a11d6244a355d9de41c465afb,false
b7fca75e4d3419d5fa418d4ff138fa2a23dfc331,false
cf2b8c26ef87162807996cdf37e5a9674c602e02,false
bb5011b55e65b1fdbb55c45146d2d7be86212375,false
273d0e4656d2a2d40b2669dac14d0a0a95aba8d5,true
4bbf663e5bb1fde01b3b7a83690044f556bfa676,false
a712cce227501e099c5d4f8f6be48783e88b8ccf,false
27afe4c5de0ce19c3957179855de30136086b4bd,false
7b2165946628e51dd680a4633f65ac34a68b1107,false
e0616f42825bdef33248a85c9676f3703e115e85,false
dfdb5ed2a836fbd34e651fbfaadfcf5b7646d2ae,false
e64c9d48b73415e0acf25e3265069cad5108222b,false
e18224d9a0645da82c8fe949df9363096c8a7c23,false
f5acd9a38039f7dab3b76a093857d5d73c8092b4,false
b369f0cf169aac2edb038b0c8abd8591623abd10,false
1cd7534aa088485066b7f589a757900804faae8c,false
8a026018fd5b1c5c2f27d1ac8b52808b266178d3,false
fd79554eb8e2bf6f6a832b0523565e500f06c74c,false
ffccb931f44dcf244ec244a6ceec2782103dffa5,false
c39eaa77ee3ed5ef690bc42820ad48ff606eda19,false
905fc1faa7b763c1735131dfec2e3ab71708d109,false
e218d600861aaf0bc45b5f4943d788896c310240,false
6bfca5023f7336b47e28ceff65839c2ed3505a84,false
6546194bb88acb2f98e2b4fa315ce19e740c0405,false
f5ab321561c93a2d1463f55c904fcd544692920d,false
fdc0f3dd6fb748a95384732c479c7eec80a03645,false
c2c025292161040575628afd342744693b429ada,false
7505e5cd018095452b2060989ec4e135e7581ee4,false
5d9701349a090184fdb0727c56276a919073ceb6,false
5554567b5bab45f0ea13c34dc70ec5871d93135e,false
f236d7dddb1b639ab1dd52ccbdf46fe678d1a7f0,false
66ba9ca590e96947c25b4077d54a2fb8384c15df,false
258c35a196d87a96947bb97ef084a5e1782c60bc,false
05e5db22aef1d52c5792fcd046e1f80eea42e5f0,false
e45b9d18ba3dffd708c673966eedcf9fe7cb3e4e,false
6bfe1a15817e688206c3c439d6189305515e24ac,false
731942a2f9e26c5bbcfd091cf60e04a436ee6998,false
748b8b8b05970b10a2314f4a4be8c75c440ea2cd,false
4b04b5d3661c05b6498110149991e344767c7216,false
e146d9057b90a353a5ff13305692aec5f05998d8,false
7d022156c1652a69e620979344d22dba3531c315,false
8950d2f85d99b33163417d7b9ded209a5fb7785d,false
0354c87ffb38d129b5808e7e493791a9ba442f4e,false
0ba7f9f8dabd8344db8fc91788eb63d6c28e888a,false
820fefce2fc08f89ba761d5af6abf7560752a7a1,false
08120e721a84d242acb08ac4632a63e81db1c28b,false
9c7371c0e98d0011efaf8affb08887802785cedd,false
133dbf70ae8d5d5c1ca7724b0581e11b61331453,false
965a9b395c4b8146a2339e6f3164c5b1cac1d955,false
140878876dfcf17357d52d55a9d51191174049b6,false
78e592f58b7e80770ba723235f3738f205518710,false
87a4b723e96d4f8314dba6e81ecf1b45cb88c911,false
102e52399d8b5924750d023d3aa309dd9db06e4b,false
dafcce4851ec85756e60ee6233b883c5b4dca404,false
58228ca83ae41308918a5b152cf4491f5b0e6d9f,false
636017da394a7c4ccb017a16aacca040021b9546,false
5e76959916f99c9edca7c2ef0202fc95a355e1b5,false
5a59d20af72e2f2fb640da39ec25686b305aed45,false
cf308b8576aef44d7681226d3a112a786be0226d,false
a2ca95c6b4633e0a66928b3ae79a079de5c9926f,false
aa62c7c8e8f91a8145736f496b3d50160fe018ad,false
e1719a63a2eee14d29f1dba7c87068a390537cf5,false
9a500c099eab7cba17ad6aff26ea0204cb4556f1,false
78ed09902cd539bb714790bd38afd44cab1c7745,false
49eb0dee20f7613671bd45af67abfcfc58e09df0,false
4d390303f749bfa7bab9914d24c1df068b67eec7,false
ca4899f6fef32c95190a9644f738293fa5ea7f18,false
80157072395049a0fcc8c24160049606045aa0ea,true
24958a466a61cd4bbd9f563324803abaad3ed551,false
03c9315210d25765260aa68da041f5dd1a20c092,false
462237d476d62e7f55f46719cf9e268a2a2f20ed,true
c9cc46448c0cd5fff0fe4848370fda3a1e225190,false
0c57e2a7f7fa7ced77813c038837b681093a989d,true
6191b85d23499e2f0938446e61228452fbcc4e25,false
a96c048dd13cf5e305d681397f2f9554bbdb551e,false
e5dedfe9fa448d26a968cbe11b2d98ead4f68f04,false
10e43063a66e54b88b66f79a7b5b34ed9a3a1e15,false
d005417d48434e14faa155cc60b55cb9fbd07bd2,false
15110cbcba7799d51c4cfe5b3c55b414b68e0295,false
4ccf7bde480f8f3698998fb86e6a8018466ff15d,false
168ba45d5999457784afc8fe4b22ae3878790439,false
32f098144ff258b7a13f254b159caf1da3413fa2,false
0c8fe2e2260fb5a9b7255c3b00a398b8805dca4c,false
803a95da05fb7103c66d945a4c785d49606d39bb,false
c2dab53437a2be016a15ff7c8ecf90c63ff82182,false
62c33f0508463f5bf7d015d5df8d0075d923154c,false
0dba58cee3ecc60798d082a1fc00eb2ec8b3e1f1,false
075c66f0b979e50322d3a672200c8c984930a9ba,false
ae4ab54fe2f936e7dc1a09edfc86a132baa8a85c,false
05880e9718828dd738ead2bbf5d70efc84ffc856,false
0a357bb5af0f479bcbe351d0ede672a7fcd76046,false
4da69f00b50dfd73c13a52e0058a7f9f1730bad0,false
010c7b1ad2abacbcade8b366c5a5cafdee192592,false
100692deca41cd2292398ba37165635af2a299c6,false
ad96f6cbc19f8dffd182575ebee7b724c30546c2,false
2858168b0382b411fff3e120e70c3747958d97fc,false
34230dc46b06fde69adfe243221340afadb10661,false
f39c0e2c39d3e01674b2cc03ef3ce433d878c71c,false
26640db1635dd0c9d58e6f2f6aed9040a1c24d75,false
dfa8cbac668e194478db0f7e53f3984b29555981,false
56dc0cac6ada5d3d9321c147f5898b9fe4da3b0e,false
c93be93298e5747ee75bf87897f70d1ebf0b561e,false
f14addedb4134c9773a07dc9f807ba8d9cdd18bb,false
b0eb7cac149f5ed98fa58ae621abc2d1983287d9,false
68648b140f6a6beee96f6b06ac8330fcb7470c57,false
ae9e86bd8f4f27c24c5cb12913aa9eb3c56477b8,false
bc11130893da46a6097aabd8b211a2a71de035d4,false
89160fce86f749e196d25276aaba67738e6c826b,false
d1512b9cdc2465e187cdf1980b8bdf8f49f2a8b9,false
1588c53ee5f0a40bee28ce7050c21a62d96bebfb,true
1c97ffa8b3c73b4e7b961f3608170f0d60e6c507,false
e43aab6de7c8ff36219259339317541deee3db2d,false
977b715e44843a5c19b60a33e45a61a936b2c267,false
e0dc73e746db5de49193bb2ed319933e10e903ff,false
c1d6391748aa73a215ddab168282d4e0fe1108d6,false
5c1f799bcb1bee0a85ea1543561d876307082f38,false
aada6d1d12543c27d64b3161852d2d27134b5feb,false
058657c316cf26677de76cfd1d428c3dc882c20e,false
c2f05fd12ea777abbbdb6a76f287f2d6126b03e1,false
31a098d0eb7b4614dfcbf120becd26ee00c28569,false
74621109b62ddc19bef17ca9b415395c2f14d704,false
f9f567881f951491b035dceae0cde0c577685384,false
3b95d97de5874c9e3abb5f828056ffe30ff69412,false
3f75552718b1dd3c73a2adf0fed3691d655f2699,false
3e7942b55a68f07972566b8106c41f2bcde7d9b2,false
64d5d481ceadbe44ffd78fc8a4d10b75f5471e9e,false
54bc7c1def5cc97b929643615d92e17ba3b80b22,false
f8b48c2b55bd7461631569706654a1a082c02264,false
3f76bf79679580f08817dfd4df8dff6f9029b78f,false
9a2676b7327c6a6f74220d3870c5c9e5184b1ce2,false
0fada662e9fb1c920de4d4b8335cf9b1c9ca29d4,false
c330f4f55d1ff80aacae6d91f5505604179bbdf2,false
8decd036a605b8809cbd1627fcda9b84ee40d4dc,true
3a2b1ea3c7a0c94cd46f88d6badf1d93d0712b2c,false
0d28a9144ca7f2f578d19c475195358e78ad386a,false
699b34a5cba70641352580a0d906b9642094212e,false
f088a73497bc2fddef08d9bbf679f20d49371f63,false
ffbca7715c7c9a7fa96d83665b3a64d4583c0206,false
e9d66bb670bd866045050ccaf5322e9ff66e7e28,false
eb2ee30bce87fceefd7606ea7e67ec664918f3ed,false
86a0b9fd2ed001aad3b6c6938355af1cb7072a92,false
ac2baa6094215ab9e83479d5ced2cbd779fe1682,false
334dd332f92827cec6e208b460a47e35141283ce,false
c2f8315c8a0a1d6e1545fe59c54bec8e4a8e7d02,false
e758a8e36883ab78abe32a6cd164ad6a669e0c8c,false
b78f4acf86ab0153b8d0f7a6a429a79fe1f78f3b,false
5de21b74a5fa8867df8fae67b0e3918c6d8f69ec,false
170c4183b243daf524864672db5fcea2ca12917e,false
86ff33a365ff0fb196556e3939062f0ce9a076d5,false
9eb1df59ec0dc2173b326e5c05ce156b50efd2d5,false
570b68152189fa701eb8d96a7167d3859d9143b5,false
6011e93b6c0c0f41a63fa1fdcad3c21ff3bea9ea,false
d58f8c38f03606f3dce44d3a126a5b416ea676c5,false
098013872f29de1ff79449313cb37b9a68d46a94,false
772fa7c14c4efdda4235d369f1227c4a317f4f80,false
d521d45794eb6dbc16a1ae264b7856a18dd5ef03,false
9f794c0a5159d50561f283041330aa6459493973,false
cc111f3b8a334e2a7b5d5e8f09642c8ab2bb263a,true
1e5aa8284bfb2726c7494041588c52804ce5af43,false
7f53a74121f9996da6f081d98e15f29c24b87873,false
1716042888fe324e1d4d96adecd532b9c69b1373,false
f9e1be6cb32a477503a17f1b0ec3abba52cc3b58,false
49758770ce83a1f3b50fc620014d662bff0b68b6,false
dbf535520f1c8a29a101ade796f0d0be52c32797,false
fbaca9cb9f55bbd8ba7f37d54ba8da2bb7a9a0e6,false
513793d316c673d9bf01f5c5a36ad2facda20883,false
3927a6a8263ee6f6f483ee0cb00afa8b5b223555,false
0d0dde9ed31740725c6bd8f096c7202b81c43f14,false
a567fbd9a5807baa519c235f1cf53416c350a542,false
56018124f957f3528c49f8ab7cf586cf83da566d,false
f782893251eaaa3eb47a0c9cee36168d9688bb10,false
42fddaeeb97557007f67b1b68bb6a3844cb30177,false
c133c0000b70fb2f69edfd31bf71042fb9942b81,false
c8b6f5ec557ee91d39a1adabbb64a36f9ed8e5a8,false
77cae2725d8a5533f25ad09afb9f1656b681610d,true
c501c879413152cc661c6a095950af3b99b5e6a2,false
0616b21f29d3fec1f02775ba6660a345737452ae,false
c62eef9c9b27b77e70183cc2343abcc2b0e2efc5,false
7d2fc8efd9eef7c24288a90d69218b65a590465c,false
28647e3485e19c4f07492f3f551457ddb5ad71f0,false
8ad1298482161fb0c7994c605238664f2c75b285,false
b5e2c8527fe13382b55e33ad2827802ebc82a81c,false
e71b5b4a50f19fef5595c9d22fa26a0b30c27150,false
69041432dbc9c7fb2883590a33ee6d67596bd3e6,false
afca4d55474cae4d1cd5ef02aaef003db56a4576,false
dabb2539110a4e8b771aa2f727bd5587e0791364,true
c5d50f793d304a87b335570fefcd8d5e4ab61401,false
ee921eba718b137b05bc69b8e88563c14ce65296,false
41f07b6dc41e1b93dda787473af44763ea60f301,true
b4273af425aaff37b1e0136802772a0f7f6598b6,false
4285800dac2c8c5000c50e6f422866205dc71555,false
c1f8f4454f12b55cfba08531f3c54ee77b78c967,false
90a4176cdc89d7df62f397d0195c4e2d9b4d9157,false
472ea93977e540f4ff231a551924a721a0d0b656,false
f08de809c8d1d0bf50e2bf7f03088fa90a603817,false
92de735f140f2c9a7ef2da94292cc2a919ea796b,false
04c0a1fe8e9256dc4b96b1594a88e5e54e0afb83,false
a3f0141d969c6636f09b2516e40e9a976c2035f5,true
5fc679b4e67b322ee2308e4779a1445c134da072,false
b6ae5f7131e22ce0ac33b7646d7bc07c27a9d844,false
7c80ed4ee7b4794f518e9a4a56cf02fd0b3718f4,false
f2e97482356058f9d66081cdea983d5a52444d43,false
607aec384b4f64c840286ca4d9ce16ab76de170f,true
b11b4a79d8a0983251da6d317dde749807f6223f,false
b7e258d7b4036294ce6f47f09b534eea09f25b1d,false
b7f6987bdcea62427d060dcfe940c885a8d14f3b,false
1e8ffaa62bbb6ca38b716edd3e4330fc6d46f019,false
12380fea1434121a5369d07ab50ce9102fc47ba4,false
b7ecfc401b2eeffd63e52ec9cc51b1660c3b5279,false
016e7681e55d16d381bfe2c352f9a80e63f5439e,false
50a7573422ee09d8df211235ce46b4c3bc045daf,false
49c1b900696af49ae7ba03d8ac2bdf1ccf927605,false
ce8c561835cb0f36aabff6513fe386d33d5a3859,false
2cd5aeb91367d9865b173be8f9e152f215df13f1,false
dc3c313c79af2cc841e555a55a873e1bf1203a1d,false
dd9b1a8e8d667cc1f18aec6680d5491e3964dc64,false
90fe3ab4c0c694238999182a8d27be568e268777,false
7a886b1007090daaac261ef86d53036722253cd1,false
97682d84522b2e74de40be9ce91d811a78c3633d,true
6a6f7ce88fc7341d1811ab338767e3365c14b548,false
7ce9c6e6d515661694572be01bedf120d1d815e4,false
b86b43e122407a0e204688a4a6bd3e0d6d689a3a,false
39ca8aa8fbfc6ac846849e7147969077cbfb16fa,false
45427bedd0beff4863d47447603f7004738e008a,false
af66e1370d67565730e3d9f160a8ec9eab075b31,false
ff8d26bac9d1be09c8c1d9ee67ea903a231e4714,false
dc74cfcf1f5115a686fe07057c50bbacc46e99bb,false
a2fbdb3d5e26befca09453ed5ade1397e4ce4ad8,false
5eb2aeaace1167591d91559d5674456b57634aba,false
dd523aadc25961fe70d5328c5c38e5356769e860,false
deb0319be612c06b8c0a854490896465743bb378,false
b2385e2ff27ee16b636816f34a8b67af170e87b3,false
b7f426f6dd850e7ea02f2c79dbc01232509fbd6c,false
4c82a1d302274d7c89550b11b26e27568125375b,false
c75593d15c037cbd6ac8656aec80cc63050fe53f,false
e7f74e7109fa125812d03951c9ed5d7bf2c50664,true
4ce1ebd72551dd859dd5b04a2023280661120271,true
4130881fc13e99c5ef8f6066e8722bf0d1b7238f,false
9d5a8e385c6c2fa4c2ce93a6d0a07a0fcd76a123,true
0067f65a909849be15c90df7aa798c8b0b14ebc5,false
c2605091765cf3ed1b0c02b737c3d27149812239,true
d9988d153ca1ea26b8ff7aece80a8fc06cbe6f49,true
f87c650c8052da56599ff0194ca6232fbfe75636,false
c22ef2c9f393f4ebd8bb9fbc9287ee04e98b9f10,false
18c698fad95e5e55095a2130691e442b282c915e,false
0a0e0f8d373a6633eac3760c9bcddd5ea84dccda,false
69b78dc49ba1a54310a2703f0b2329f06bb86d8f,false
155eea4e0c2c64ba1c70db16174adbd2903fadd8,false
2b16774f0dccf9a7784befaa8809d522877b6612,false
b49877c4c9ae09f5b7e42f5a9f73ea68a033cbc0,true
1ba6682812499ea18f9474e5d0d72070070bde76,false
7128e6e15b0e11146ca61375e46ca6a913d0e4ed,false
f680b90fe9bdd4f5716d4b426302c48ff102c38d,true
cf352fc2abdb25804819b2c2ab59f3d1c9190a6a,false
3e30f23b3d799823e05c2de9511e6ede3aca1d11,false
1883a0535e001ab1be7787b478004207eb1815b8,false
f8379d1191f3b72d6e3a5016327d6bb1ea1e86a1,false
d8539ff4d6e2e6b086a65d41ac3045fcf5a50280,false
35dcba4b840cf82479524783d2af5a5bf730edb8,false
4dd22b17b2f04eb73f303429f1e56c2fdb9d4816,false
3fd153f9525afebfe992a53a4dd40da76ec84ba7,false
3f052d3dc4e98f394483cff951cfabe5e8696d99,false
257a7b52b4e758f72a590dbb4f882c88656d6b6e,false
52cbaf782c4a356bf96dbabeb583fedb69ee2401,false
d9ab3982a7b1e9422413bd26642fdb349fb5feb7,false
1228c90e66ae307ef18079530762ba7304121305,false
532af29e341aa8bcffb6ed982fca955c17119466,false
f26d12d295bfce19e0c389811645217c4797cbf8,false
78941e69b5f1743fd66cc24b6c454debc3b5a9b1,false
7485a00ae356434c751135945cba0d38b5964fd6,false
e9db965c742c818dc5a656365bb5b29e8b15f763,false
9182ecb54a354ebd78e29762b29d7e433dcfb21b,false
093831818a2e9a9b06ffb37e924ab455cd35841c,false
9e54b838ba1582232309cad21ec204b4ce321a5b,false
bfa91ba59f864a9daf99676e37e0c8e574a6428a,false
f6834df103333e0c089690406cb4c16e577a6cf5,true
971448cefb3a709b2cdac372a8ca8b188489570a,false
b594af127cbe9b63dc963295eb3cd69b2654c683,false
bd10814a605ec1c42914ca99a5ce36cbad14643a,false
35c6a04062676bd845740acafc1b8203fbb28ce9,false
4321af8c7157206f9abcf302a1f74ce49fb1cb6b,false
b2f8090d6768a2db6edc1a3b39d5787274353f9f,false
1d5a137ab69560caef6daa5472834dd8fcb0fde4,false
e9be0a78d8d70ec9fc1e81766b4f5df143c038df,false
1e96f2ec8adfb7c38428b1b547da41c1376e464d,false
62cac0220792664399bd5bbafff62b8c52774668,false
e48779a67650caa441478da7f248a306eefb74f6,false
63da796ac8716f461926b3fcf4dcfc3e8ee77840,false
35f9c828065002d596d377ae38c669600f5e0581,false
1bb09be90cdba49b61af99a1a5bea704338c6efd,false
279c5480bf8c6fbfd88491c8c8728f9e8d481866,false
d9e6a8667d43687491138b5878cd9949abf2003b,false
33bea641fa4ec890d6c1d89384e861f2add379e3,false
861b2e9f1adf31eee9a010fd4d1a5cab3a43c4af,false
c6efb96d3549e9ecdc1ee5c04460344546003bce,false
888797cb585633f8c871a6814e76709cf98f0041,false
f20f6ae19b29b543218b0b5e9cea1c79e7a0ca98,false
8117027f33dc42216cc354abea39b6d87b959099,false
809156c24359817eb82120ea6013b7418cc3c4f6,false
5aba6a658ae6a50beb68a95b3ebb9f80ee51431a,false
0a0fa9dbc50e58d15b436d9d6ad6810868fd866e,false
75d6b843b0204f6bdfdc8ecebb6758faa844f75b,false
2110d4bf018d47af49a5788059fffe1473bda735,false
baf417eff078332876d38a2d5e115210eaa2d17b,false
8069fefa148d82ccc89a4febcdb7fe1a5a9015b6,false
b29e11ce23700f373a6eaa7b4e82832a9325a81b,false
3a23d0b09cd250c95152f4a49e3a5b15fbfb03fb,false
fb9599aaccef2ff4c0079750f85c0411a24c78e4,false
78a475fd54a53e42908d7b8adb3514a93e8dd1a4,false
fc1399737427332d3040aafe6c31401138a8374e,false
c1b20f435e0d7d4541de3da6b69e87a5880714db,false
c84c7b6790699215e75ffa7c6f7dfc812d0caddd,false
48b2a9ce3a9a3ea07acbcc87bd1dae28ed7a5178,false
02e45b49fe12959e7c26e4dc9d44664f1ab5e519,false
14a239ed8227148b315f370c83715fcde9f19e5a,false
d9841eb823ee9f6623af8263105abfdaa0c4bbd2,false
aa869a975f2de0814d99f44adc93604f37958c48,false
974d0635b5d4ac10f4e44c93e69cc1842b7e5185,false
0e37495bf54a1d2c8e850c396d43d8aba2fa1b98,false
0976be78b58c0a49f68c35ed6bf5a31b7af8a54d,false
3ba295f9691ac0596ae144710d955604e86fc8d1,false
cd1b6a13d2354ff55807db1090787671ac285174,false
5da81aedbaa5a386e600779df9598efd0a445046,false
fb56bfc1b83c9e5fdb96c89d568ccb6b5fe86939,false
d978f129a243d397316a5c04c372aa4befb3d6f5,false
533fe348fe3b51b88b939016e1602f5d2925eb49,false
48d146de5d2307be20acd236b6ee10284103dd90,false
6cffe360386e09da8c4cdf7cb8c11e8a1723565c,false
92b359f36738299ef03de1410393ac9c82b24a7c,false
2f13621c5eb254e480ff7fbbc791860581e23800,true
b4ce03a32ade90965c3f11fc2a2a8c7b8bbb758a,false
09240f314b09a0e8036ce673e1e351fd4390bbf4,false
ff85c97dc7fa0e600a05c30efba037597df5f855,false
1ba1da84ea7c5833dadd4818afe8c1aa9f6bef42,false
5da0d209b0490b577b6b692583c505df62419914,false
e6fe7af7a0e36711de00813434069491145d50c4,false
a9e4310798026218a6acb543ff95d6cae74b5964,false
18c298947261cb258a3699e806bca4bf7860201d,false
73f6eccdc6e08d498a1d6cbb66dddc1f0bc2b22c,false
cfbb6f4de3577a5bbdc045ba86d74b21a5569f9e,false
faa089743629ccd7bf87de14ce7bbb702d04649e,false
7be9ef83f51c2a75d9255d1f220abe85bccaa84d,false
1716640004e4f759cc3b9ed7bce2aa6bc57fd2a2,false
3f611c76fada05b560ec3c52699d4d4b8f99e718,false
6a31dcc2868ceb9cf9a1dceffcef0deaf363dc37,false
752fdba345785a98ed61efc01d6b917d3669322e,false
0602897898952d64128ffd3238ea23569d177d46,false
ccaaff2524f6b52b9768777bb6113502f2fdbca4,false
ac7760cedb597bc9e1f685d138088a21e40f7e01,false
1be0c979513b39c0149f32fd94ca028a3a40e4ed,false
02a7fa246f08fd27524a73d783064bdf4122a588,false
482bfbe6325273566e786608170c46de9163b796,false
a1c00749de32e79e85e6a6374f557a6a144fe914,false
df489278c909e9d96b893d53d5a89ccb68665036,false
52997a9fb8f45f93e9b05be6748a0a55b510d3e2,false
50a26a7999521743afeb4be5f6c942a7f5117d9b,false
426160a4f35d7a78f3687b8018fa494c8d10cd66,false
9a618e33198c26cb4960e7d7cb4126725da80cc1,false
fdbd6ba5df4394a9e74a55a0ceb665aefef0b1b8,false
12663acfb2b0bc2f29c5bcb584a781f96ecc50ef,false
5d3d2b1fbf707319a2df8d5a748ef391b2334902,false
bf28fddf357f969557eba6eb08e3c6cab2db097e,false
da47cfb6b69dfe35fc921f6e4aa3c0c7b06278fd,false
cbf203ab557465ac632f8fb4f03c95c130e6a7dc,false
fbfcc7fff91963b57060c242604ad3932b18b6fa,false
0a33bec3ca1972cd3616cd05652be278e13b7c4e,false
cfba0050c1eb3ce823610d93b8f8cb9361f5c74f,false
46d5f621cccf42be7c6d706858197ef86bc2e50d,false
6d30c1eca29278f4f02ae279284421e0f8264fcd,false
fc5673a01f1c6652c1633d87eb0244b7fc4753e8,false
534a219256feb64f20b9e0788299199f689df202,false
80da6d2bd0042bedb9092a700bc560c8bc3698d8,false
9c5b145cafbec7fd34cde8e45baef6c65543f830,false
ceba12885cafab899ddc48ecb38a616bdbe1e6f2,false
ff4f410f7780aa82123476e02f0dfa1eed480279,false
13e8cfa7383738af9d4536a467d8fdeca0fe90c1,false
ce457da221e58c72929e286a7536f40d9a676aa8,false
2f08faa96b84b43776bb1921cde6aa89c9cb6745,false
aed8cb9258b596f6218e2c43403070536ce11092,false
0c65741706072d3e8423aae997dd3b15e7d4585b,false
0d26a8f5d423ac2cbad965400597c1f411cf169a,false
8990e8125f5488d705ea635ef3c44474151ba7bf,false
c3ad9b538d8101def2971d9f3b0d183125553249,false
fc4a9699a6229c4d86f8150d3aeb57db90df7efe,true
1233deffc0596135c6dde659daef9bf940d99332,false
afe28081ce9e185648d706aa79e4e37354686d45,true
c911fb0d0ea09ebee64fab7a7c25caef907606cb,false
e6d4cd6ee69e68e150543f058be1bcdb9494417b,false
35f9c63d5eb90a51b359836b90556deba4f9ee85,true
6c53e7db55a8839ad46f503e18f43d9f8c37080d,false
870d5eafba88d2053a5c0387c9c68e3217aaaf51,false
fd6e88e2394985928570bae4a2d22d54e27dd2cc,true
5f48ea8e9d80e449464a56114a1da3c06d0cf68b,false
1430bdb0deea93f720d0e1158256aeadaadd599c,false
ec7a052c541d1dbcac51d980031f3ffe5d9dc0da,false
fa3a7a3ee6d865a411b71f6fb0516bb79e31ba3f,false
ee0de1d55c88930d4c3bb69d1d135f908674a6d0,false
cca3b3e9ea93dbb6e471f5672b1fec8072b4b383,false
f7e3d911616f6b76400a1140748fc4d2129d79fc,true
be7b6e2a0e180986f724b57dd97544d1ba1a2ee5,false
86b977aa9be650074646d991c4f3ab3e195b656e,false
f2e2402b5dab17e04f5e86d143724aea0df8df53,false
5c888b47759429022d7063f00e4bc8482e27d8d2,false
6eeca7f74f81bfd7c9568dcaa5edc9ae7e4efdf5,false
834d3e0eb8314a9e4eba21c379d0630797315b91,false
e5fa771e93311bebb0487a16a059353fd6f1836d,true
f5fe983f3589f1612e85461f1eb8e07d37942760,true
4355f6b038a08bc566cda2951f6db9edb2410098,true
1a0c0fc6152edac499c17d90ece224c303c06b69,false
34ac88ad2c5e302d3740cb296f4733ba258abdc7,true
c505475328d6ccfd09793894d0ef146472a1b849,false
1b8b707e11fa6d47eba8fe45034b9f766b108a43,false
0180898ceb3468e8d612150f7f90bedbcf7ce96a,false
ebc4863ccaa3804b64ec3d2a98a795dfb42864ae,false
80c350869f90d51bdf87c6aa8b704f9d31531fc2,true
394fb67114e368925caa8c74b441f986608daac5,false
ff438ecac2e75c6f703a44fdd64ae123452ea5e3,false
11aafa59aa09770777160344a73af285b94191e9,false
76a4288e6556823b43058e772dbc4b17f6b5d8f2,false
7d608e322548815f850b52b21e13c482408ae767,false
39beff67ae67e6094b628459e2124a6d3f629b09,false
fd4ec31e754c705dc4716e5496f455b2e89086b6,false
629dfc9f92ae42a9280ccad8e9d27ae79cad28a5,false
71b816faef947869cd009bcb012f930ace26eef2,false
798dde882ead2e1cc4c2dc7decd6329e10352a2b,false
ef8fae97915133e95f61d13936a4432c1700f736,false
131efe47c1bdc2dad70ea9f257da4583fbf9f83f,false
9190461df1687d0dfeac38b21ef1101f4ccbc984,false
50adddcd3b71f60acafed4073f4748dbbd997c22,false
cee475f2f2324160556f7f4545692b0df6643733,false
f92b047fdc638d4e8a4d33a93dffc164963ab333,false
5fd2071fe413f3993ad13855b2adf3b69cd17723,false
8f23d15e1160c0e9a2b4690952c32fd4d87b87ed,false
810322a6a9862a6fa7faa7322c45e8332a5372d4,false
f2930b2b405145a14e5d8c8d120d2bef0f463983,false
8076732e4faac4957d3e145c676bc501427a9c57,false
652f8fed26e0acd0dc57182159ae2bd9632ff740,false
96df645b48d7c3a070d3e4057e3d69cb35137820,false
6385516bf110857660fed6d55c634cd1d41ffad3,true
2d70008a7fcf8e575749b6083e71e2ffa794330c,false
6fb4abdfb5aedfc72f6b80fb7de7073c055dc8e0,false
b29e3ea80f333733bb7e9affd672f5b37b6bc30b,false
560e3e35b9a039fef9795eeb38d475576e8da0d8,false
685a7c2693dade53659acfd601f80d162db0018c,false
55dbc2a2330ae6c51940a08da9e02d4f96628e44,false
1be93a7827f07d4a4f4c35e17e71d5ca63bdab9f,false
d57b784d7f2f3a68d56247dc01965d4745db5f24,false
9cbdaa3d9ba1d08646f31210f1db01c365400b17,true
b7707875a6206278151bdda8c24b4f58a58523b9,false
08daabb9872bfb980cb1c679d4f933bb00b25f70,false
bf44c6849f70f78c6b9927199c98e4f70541ee44,false
c36e328ccf1a5b7c9e0d8c96ae1c82a72b106131,false
aed3a863b9383a03830659fe5d2c2f2274ff4601,false
e05e33b8bddd5e9aad3081d35896bd1c7e8e3fec,true
a231ed6543a9f5a9337d42d840b0b592697a258d,false
3be609231c8a23bf78a9fd1df2730793cc0eed75,false
4f3fbe226d530098fc7f3bbbf6873e16384c147c,false
008e152894eeaeb48d961af83f7008ee90b47d90,false
ba17405ce0d9191addcdb41ed5b9f9ef7d9326ee,false
c3c58851aeee7c089eb163b0cfed6d977519d20c,false
fe0fc325049fccf474dfce56d744bdaec1184302,false
5bd5d7a659d10a973ed2d82fe5c72d355f161922,false
94e14e696da46e209744d73b549af6d22b88c3a5,false
92f29d73eacf19f7feb99aef330618b6051cca5d,false
e6107f65334e1bbed22e2dccae1273c635ac4096,false
d42c891f935ca56529531218d7883c143dc35568,false
1f1b28604b61da91d97929fd0ca1f8be48759609,false
09801bff7ae1be700f6ce2c7f0f9141fadeff221,false
65ee69c66f76ff2a6646914c4ded692e04283985,false
bb9c4eee5ebbb5248994b83de29970eb658d0a43,false
059ca1956432f8a2008a9bfd07869cd368fb7c32,false
d022a8c9636d0c9074d20c813c0dca6113d34558,false
0697195c508e0e87baa11d379deb9adc38d898a1,false
7b2dcc9c6b12bb7267fd35960e48463cf9227a0c,false
4c60b55069e1145b15ac236c8721020e55a341c4,true
d21c985e81e15466d8f5ab37d5c677a9d9973157,true
5e820ed6de67a6f0201dd5bbfd67cbe209841142,false
288a611218d16ab7f89dd4e57aca76c3e29c484d,false
56b444e2eec39682cc95562e037c5840f4420a52,false
c69221a7b2a05a9db42f7f30ada60ae71fe341a3,false
4b4e755b4f24b8ebf99ed8aabb2a3e2aaed6dcdb,false
0eeaed9ce3ddad4e101c9e8ba05d9b1095236a89,false
0d8aefa421210f9ec0463e973975444d0d48b894,false
f735d628597205a138085870ddfccfd8e0f4b333,false
56d54209101b1adeabcaf8249969961fbfcc3780,false
db51cfcaf2ad24daf2a9ac25feee7a9df4e9c883,false
136aabc12067ff70c3029476800b5313e239f9f4,false
3a6f6c3de5d453a76a9489f893de48ca3a4c0001,false
a527a21802c0ddc1e056c7fe683fe912a3f04d78,false
2dce6dc418ce3478cd0a439ce92e46ce61a46c23,false
40b1d602c0a6f2bca2f4ca4b72965c058e33a8a8,false
ef11d03c4a097fec1fefde23e7fb1e1c0438db02,false
b369883bb51417075da4e1b67c31d426ff0c552e,false
b98a3aa2e3a74ee24e8844f41879772b939471b6,false
0048feb3680c99796a58bd2df25ecd15a03de30c,false
6bb1069eac13b1b73d3514dc786782b7d07e73f0,false
b8fe25ca85c79c1551ee2323d698f7f79b7dcdc8,false
2fab70bfa2bce9b0b093ec2f4cfa628eeb5a3562,false
876babbca2a06d168355ddd6d4bc3f92430c60c3,false
9591547370529f1cbe595af494a2cdee67de9ad8,false
aa92bddaad32080db9f83643ac4fcf2c690c11bd,false
0f6e03f87f036a60afa0be16b1711bf4c8b99c4b,false
9bfbf36f8d725e218560b320fda2379d20dc24b8,false
5c06fef2176fc95e779c779aff06482ccc0b76f1,false
a4936bc450ee53d4d83c8e3dde06891bb30f4a29,false
ca3ef04f97c7bfd5680c2b7fbd9837f9878308f2,false
936c92cc2ec2cdfccf9ac434f84c822e73bd0a79,false
19ff9a35808fd5f4a599710d51ec5f2b9aa66528,false
8a3343547e096a6d4c77ec90617afa83018cc038,false
78ddabd4e5102753c22685acbefec64b163c8bdd,false
406a784833eb82e079e7afa7020dedf2ee739f7b,false
5da922d7f13fe175c651bdb3eb5def3017aa70d7,false
347689fb7f0221e9957dd9e70a2be7a8a3cdf688,false
01c3d32465e212e3edc1eb4bdb94c4127d11e5e4,false
501faa3c9627e2c970dffa07017f524a50b197e0,false
3a3bd7002ab88ee80011842edba799e3c7519909,false
8bf36cc1b6babba95bdcf642938d43a225205be8,false
63a953e70e44e3e7b67e9f89008185382404226f,false
5f2ca2e40e4d5e34d6e749f8835416eaf70f0564,false
017f3016172106b46f95bc3735a8504bad5d9675,false
61ac32fd9a152572c3ff958711ebeb6adcf86ef3,false
ab4247f047190a686fc86fc02166cc2ddaf86894,false
25b8b4cd7832ccc2cd630b7c10e06d564bd872f0,false
cce0a1b5cc0a2f522ce2788a7f31fba07358d468,false
4871521bd455a0e8483e32ad2a609c9def8f34e0,false
508879441a1f33eff6b08aef457e56ef9f929525,false
43f87e2138d76a3786be5d4594ce29b2baa9ba49,false
dae73ff70f358aaa25057e1afb5ecbba8a4dc04f,false
d55a6547cca079449a749f1de04839a8c2def048,true
6248c0c6f7407c751303e6c0b314c282033936d1,false
5f2181a223141d316d13d4a2fe1bc7be42cd9c77,false
01a1569a05d1af171c70c47a3af47af852987703,false
1d28e6d2e5a96498af432c2c90f139aa058803a5,true
3096a1b531c45489053aef76baffe083e9c334d1,true
7c0b0e404e254183622585696be903eb81bda958,false
dd36cbea2cc561d0de0ba75ea81b8be86489b90d,false
5d94f6c7f8a483302839352f038cfc32bf7afc2a,false
4316ccdcdcba0dddfacc05112a43bafac8d391ab,true
0b968028e7268a87d2f3085c5745464c74e35e28,false
6f5609194cf0855572392b887b8233ddac63e001,false
33c020f5a547619cfccda1c48d6dbbf4ebca07c8,false
872b5270c5ceeeae5eac1af96b5015b7423e549c,false
bf88cf100951585548c861b34297835d9231ab6a,false
b195fccf1cf6197d28ba2cbf91a93b414a16f256,false
9b7e53bd2e33fa99bdaf2f1db27bb1b55b096343,false
3ae302178487ff2ae6462eaed5b881fd6a3fddd6,false
727435424459c27aceb3e3c924a323698750febd,false
9e0054f1a3cde080f15defb3d7789deb47df4ed1,false
529c292ee68791c33be70eeaec6c12cd1e8cdec7,false
9c62aff3bb2fb1c519e55bc57e1440d4df02c18f,true
607a0565213f5020f7bea0f6af619666a6070dd1,false
b4d8ff5b50118c8a47c51f5231cc6cfafdee1571,false
7e48a1216c0065e22bda6eb16b218dba0298d6f5,true
4befe7027928b5ed64070d314c0d72109df1bb42,false
354e87492ecabe7fd4708eb8be8ba0d0944c999a,false
b85e1a608486c1762500479f82d94df745007a25,false
672f7a2ee11e28e709c03739a44fde460faf531f,false
e89ff42767772e88a08250eebfe9100d3bde7478,false
63d53736cd591f106714c0ae38e0a720775d2ab8,false
62ce4c7da5f0ab0111a01fb36dd1ec778acb9395,false
ff8c469be62974986c31447cae6f3d4a5d2fe7ab,false
5561112dbf96c21c03cd803d1cbd36aecadad38f,false
86da594d5faccbae1470254c8f7fae1a18ea8cb6,false
c2983c5444791b3b18d9df9648a9a9a2aa966805,false
8122b2eda03c3725c1a7d29fb5350a56eda9ee00,false
24221f4d50d221c968ae3be3719285e5e6219ad9,false
e34027d29a96873c2a760955f0e2d5912898ca98,false
262cfbb354d8adca75c5cd8ab7f9cb9fbf98adc7,false
c26e69c4c5fcdee77a2cc5c57d36ca529abec193,false
0a83b0ddb7b078fb07c6e7fd1984791e6a2649d1,false
b3bb81cc6d4dfb37e8611ee75034fad4680ac9df,false
0457563e459d801cb9770fc41dd414185c41044e,false
ce479eb71ebfbe5b16f873e4d09a4f0c24267203,false
6edad8b80fc07197ece29a7ccc5d6b2a0484a17f,false
25ffc65041e55cb31d9ca5a048b59f865b25673e,false
a6692a7d8ef62971f0aa8cc96f1e16e59fabfe01,false
0c26065354b89dcafb0862538855261b947ef7e5,false
4055dba86b73aedd2c08fe3d9812b55f508ee7bc,false
fcb14274a69a7390cb5c0759fcf2374916dcbf70,false
764c628654ececbf2578c2c224d7468418984a7c,false
25563f9819d3dd15d907242b7694c3fb2051c70a,false
bce8e3411e006ee467c34ad95f549c5b03df836f,false
faec024a79e2450831baffceca1bd2e16add71e1,false
a7141318120103573cc7537541746ecca3136d5e,false
64106a8b35bec3ac618681f6af5ddf25a7b768bd,false
163998995070bde5babe18b906733c991741485d,false
05ad42af2d8044130df3c3543e7dad30ccd7be19,false
2cb43cab73c6b452ca3de0994625992b460cc772,false
9f29a5430336854a868619656ac100037801cc1b,false
e15e113cd5edd8d10ec46d1326e2f819b8d52b46,false
c5b118a52aa82078c88a7ca5f7b546ea92d7d32a,false
983241df69caccbd28185c5baa0a80fb5943af73,false
6f74f6b622a2d692efc08e612f27589b3d27f6b2,false
ebcc7a30fa4537dd8e0a571e87752dd5d7e53e48,false
f9a0a24c6cdb98f2e68332d60421cba38c0b82f3,false
383cf293353ed18f603246414c58ae94acf3c892,false
39ce7246689f24a686578f132c4f58b44a4c38ed,false
1a6898af3e8d148c54adda5d5459349391408e24,false
b0484447a11e24cb5ce09381590a9f3f930d3401,false
4c8082b6c48551ddac479affbf34f2f74a5de80d,false
9c21c568882ca57179a8451f2b61a606b2d796b4,false
d57cfc83645c5d30497148a61d3327cbaea0430b,false
7123d8314853f2f9311c4f68e2125784ea7d0263,false
6d165ccc7e282ddedb52e276dee27ce9212a04b8,false
6f527771ade3e24de57be44f6608df7bebd105e2,false
ba64f92df1445ec77ac3de5a0c9523e0d6ad04eb,false
1ab1badc9347bcc3f307f431527adfff4f4c6812,false
3a7a4667c676ad6c8ab3ce0654eca53043bd8ae6,false
441b514f8d82b7754d23345851b5f065cbb67410,false
3006b5878a16bc3a169c98cc599bf437517df12c,false
03491f232a4105e2d1eaf7539eaddcbac0e97cb3,false
1ba31eb5ec638f6b1d8a73edd08f06b8703c6349,false
9f4e2525b9489f4ebefceba3e2cfede59e37fd81,false
a3c1706f429b2bcec181445da9acb5d36f0731b5,false
2b4f0fda5813c8004c29e11376e6f6d38fc86f4a,false
0b694da4782e039918cfbca1e3be366ca766056e,false
9eded3ca6605e785fc05c1eae86174af54759940,false
1df20426c3d76d8c6aac8d0c68619f88ad488caa,false
e2543c09d3a3a6cf4b6acadf5a328367f6dda1ff,false
06b2256035cfdeadc0f6d29c0a8142c0e30725e5,false
b5f8bd91c517d4cc66ba5c75930f5a1d35d42d2b,false
5e9c4a0057d797b4ce58e7de2c00fad9ca1c1184,false
2b07fd5174e5c27d9d3a7bf2703fa16db741a622,false
4394488a0f4e931956ac984fbb889a6b7fdf0e7c,false
1b2e177fe83432587ae9f3122c9d9ce9cdb073df,false
de11fdcee1488ec2a10359250526d39e1f93ea24,false
8f9a28770254f6d50deca8decb879022f455f6de,false
6ccac6244b1c30a62f6e09a989deb2f6fffddbd8,false
fc0fdf7071a8028c82961c62b73052c9135739a7,false
4cb4211ca0dc3fe924434fb0b093a61507e2d334,false
3dfd34870ba394d8be6c44de10f79f4f5349057e,false
396c15d72b226aed2eeb798d189dec54e9171866,false
a96e3001c698402574ae7c6e58969ca86bd6a764,false
6876f7ae2c410766531bac50212942cb88263005,false
ab667959fc0d48b4d5678f36743824cb53ae7d89,false
16668629d55aa6fb64705c071ec31398f443e096,false
44942a1dd673974a19f46707874012d874c17ec4,false
e5d43bbcdae177115e470e21bdca2fc77d1187ec,false
8b1ae368589b7de0f2174e8022c3fe9aadb764d2,false
16fe5d35deb6a4c2fb7decf19221688dbc3bd5ae,false
87bc85527da3eca9b3d135c38c0f94114731690a,false
4862e470678bc907f4d345bce5744a1f2ff9b87f,false
850e35ee0292921b0417389937f63f5073d31073,false
2c7187ae82a5e2121b90ccaeb3b838a6ae6d6710,false
f09178ff5b899928c26b729f6e93b963e69dd59c,false
669db9696789c7dca50a27639107a155ce08f746,true
36098b1fadb073d773ef2b4be8a5cdf9419618cf,false
9e441658b49ab9de18d63f45a987a2c950c39175,false
7f9793696096129ae14a4d9b39e37d928b91771c,false
c4333fa322306f1603cef14f9c8d5154b86ea4a0,false
1c225340021d7ffd49775713bb5629ee37efff63,false
5a5c5bdbcc98e690e36471224a4af8f93bbb1047,false
d61f8defaba7de714271202a3f12d42233748c35,false
434d2af067cd64b4f77edb68b6ca259d80639b1b,false
9bc9dd88cab09da254d75e4b7a44154b5ea87bf5,false
e909fa920636aae4ec3d2133345e09af83be1112,false
c47e2d46a1896b6853bcd4525d9427b1c04c00e1,false
b67184e157f858181a63ea1d06bb84e3c93236d2,false
125b55897eb2ea18cdfee49be0690b79557794bc,false
79440f81a4efe052d6263bcf758dfb516e118127,false
cfb591638c1bde32b150ef56180b2e1f0ee83847,false
596c7a28b6386aeec7c6c72deee7580f6e11bc74,false
10f02c66831d4aa2ccd2eca42b6455679bf2c1b0,false
0597405eda583b14385e7d2adc04319fb11c1b64,false
255cfff8b90ff714579cb433e10246895e5064f6,false
9ed6d7f28f244cb2b009d867bbcf662585bda0f8,false
bc28776215572808a752b295f84199ccd2ff1b92,false
d006ca67cb0dde34d0c8f7d83f0a650aace12016,false
e487119fa607a540e7d4b8f4f35e8cefd9337c97,false
59a507f77eab41173bb6a2eb280913c68c1fe8f4,false
4fd077c3049e427d9d9bdcd81c3b961a6fb69f02,false
9b03e66c98e458f6848b4f4c15c7f18c7c471d63,false
56aadb8f297030da464eae3875e041c337d31472,false
5de16cc2c18d2d2bbb0478a3f1a85476a6a9386d,false
a8c63d83c7a94ab10f18362724f56eebd84fb425,false
ce142753dcee21377651a1ded884bac1a9d4d8bf,false
f5dfadd0de03165f2d4806e7fc07589cb998f054,false
81018c3afaa51083596ff9dc5bc130aa78e4848c,false
b42e35d8af5fa87b3fb470b016d9ea9754eb1e42,false
4291f1ca580f73a6b43e93693f308e244756afda,false
4c5510863b624f0d7d2246011f94ade9ff266a49,false
0de0bf134dbbb20ebd467cdae39470d17624d8e2,false
1c6862b6013ab187cd424226942f96df8b9c8216,false
49364e6f355b851197f555c7e55d8b8ee64da1fa,false
02b2d0c527f8267fd128d3be133c4dbc219e74c7,false
bb164f1882c675f155b1ac88cd5e088b7691536b,false
ca3815c78e2e2e4901bae096bfce821bce16e4ed,false
3236b789df7d92fd4704f4590ba5477fb2e7fd5e,false
203237b031c4aabea8d0a504ed6f5508daddbd4b,false
45855b4f3cc9409ef11b87a149e2630d4b532eeb,false
86702894a00ba5292515dc6850b9616182b91c4b,false
81c3fcb5322405323091e22ecf97b10923038b62,false
9cf751e219c3205f8014d2748c923cf085fb71f8,false
1f39e90d56dcd68d041fd3cabc456ac02045495b,false
0e7cce9a2c833d09cf566ff17f5c5694bd50077d,false
f7f5c7c5c6f0fb0b846beb779f921e3b3c1da035,false
7bb31a1ca1d232d6006afc488e402453657a2706,false
788faf89ec9a817d928c8bbf7e09f9e7de0d479e,false
c22e2afd0ce6bf92660b7fceb38e8f0d9b074171,false
d9562699976aac50cbab39a6483226ded3061962,false
3c12bba046da25869baf0a2b8d27fb47a2d23bec,false
dc99faa389666ec5e89f239a160aa419579a4876,false
0362b7dc0f286f299295540cdfb4ff75c46228ab,false
f171db2cab51668fa413bd7819a40bcf48d73329,false
e15987a2027e315719fd5d9b883c595c89f299c1,false
2e542f3f9ae59042c23edb76a2f2e54beada156f,false
9c2baa889ebdbd38fa03174f1a683dd677cdb1cf,false
48ff6567540625c7319b24710be7bdb4275ef05a,true
40a2150a38f156d156883935cb4761d8d3d2f225,false
c089ed62b88120d79693004a1faa0c40f1a560a0,false
537d462f3031bcbd3a52e9025fd77d58f0fc6ec9,false
e224925aa48f3910d739f73d741a7481b2462137,false
2caf48365b5bae994c369d3a9033a4788695ca63,true
c3e52878f7c2dd3c2fc286773f0946addd1e75a5,false
bf3ab876ca8888a28bd9f27627412f3b75b4253f,true
c695b2abca74c7e1a980b2e17462dd9fff812313,false
673113679f8069e410716200be932026f42bc050,true
c4909215d9c90b7d3bfdb568b470203fa25f6152,false
5783ed3812dac9dfb63ca5bd743c20667090c6cd,false
2f0a7d71fc3fcd75e130fcc94e3da80b64807042,false
a1b830832ebc49f23f24105ba06633195305d616,true
eefbfc9486caac25401e5a10a3bc28ab7157d08a,false
0455b7fcfcac09975d8ae9253d0510855fa8ecb4,false
f72a2ff4fe411f0c30210662172af447e79d0fc7,false
7fe555c49ed33b4be9e9b95c0c5b310b0800e4b3,false
304581643d2f586db8c2f505b15f5394268c2481,false
50a590bfcfcceeebe3cc7202dbcee1e11f640c5a,false
1e27611935953bb36ce32bab1d70be467b6af557,false
e40572dd86637faa7537380b9429ed8d383b9c71,true
b68dc94f04b48967b6037257366e9ae7955a6bfc,false
ea7c7086a768103fd0ab1875a8cfc44ef313995b,false
6e5d8eb6d29520ab6fadfd657f9b0d34f9b3735e,false
da6d81742de09d16b00127481e169dba34a93584,true
e753c1a0f52965e83cca3a64c188d6e16bf0d612,false
b30b3fd8aa89bfb7fd6bc7f0b0058516321c2d7d,true
80252856a8e4f63c3a19a96778e0336ca7f3a64e,false
01f04ed38b99b8d5fcac2b211b5a73041a51deb9,false
a3b34679a7f75ffd7e68e5cde70e38b775274b49,false
367d07149b6c98acb19bcf820a23b5e8a05797db,false
3f876fdb4af06690ad2ededcd7b822e972b2e3a7,false
182b621697ecc009c2bc1839133ffc217aa2784c,false
e6f56a9a37484c6aa04ed447d09082195df7d72f,false
a1ee4fbce73542944196c6b84eda4cd31a8f90a3,false
f7e6d9b8410cf0ea375e4b55986a0df851731d83,false
ca1b00125bb13b6e61a94cb30029b5f501b7726a,false
c5a5463e88411f29dff6ccf63fd9e8056ded0c41,false
91645139100ba26dbb11f5dd58167bdfef7c94b7,false
de06e6d2c524da1bb5cc7e34dab8599b24c0f363,true
348c8c98d1b4eb8027fd53b990326fa8932578f9,false
c4bf4bdede4daac759e08c575f3a1ccd9957eb2d,false
6be34f2603e1f42c283f08df81a60e27fe7e2424,false
3fe03d9cdab2e80c5fde1b7ff58b6475a03f695e,false
1869656cd7dd5ca1e15ba53be505496ea9cc8f92,false
b7f3b5b7dad5e18a866bba8340ba667ab6bfdbfa,false
ed3c18cd2c8d29c582cb687282bec703e53feb57,false
8c77096a8b1c5c3b73f1a599d426e04060bb45f7,true
60a9724d4065f23763e4757f65ba48b39671ffae,true
bca23713daa9d44ebf67bbd79b35439180a88df8,true
d8d5dac9a09a883d24ea6d3ad3097e0218e39e87,false
5121d75826275e480ae09270a46815d14e770911,false
256f62e70d70452ae9567b0662bfd20840e4a774,false
2433351f6701e73b6f79c7130ed50d3683fe2431,false
e52c017d43cb8380f1025520a51e4f686eb37a81,false
435da0967468ff53ca052068856463b90bfa1b9e,false
053a49dcff64c999ffacca46b467b5da55805937,false
2cd5b6f2e4f130ed14a41046605bb379d5164b04,false
c829cb130ba8933eca5abe8d9050d75ab0009348,false
391c640d5da50f2f39c7f07bb6a01b592bd45222,false
7469e556b41c1c22bdbdc16770ec298558d3a494,false
c884d20a81fe93ccba3701844a552f3f0ca49a71,false
4b082a9489ed4cc3a65efef919badd0827777a64,false
7374a248f9f5f8d315929c2bebf2f31ff2caddea,false
18b23a393518204a1f150aa24d26b9703cb24a32,false
97d1c755ff9007d093b5e66ef15d7872d5790cc1,false
f7999c469825da1e1b5df2393deab439ca8d99d8,false
b4b2422abd2cfebdbfdcccf049d86776f7178614,false
c0cb33a8e2131ebd3dccc270f216901d142e5b84,false
2aa82ad4b294ab9cd455fa35ac553efdda5d2ecc,true
d198d35500f068554d8f80d7b73a79799f203c92,true
22fcee29b4bbf072982b2dd7a455a3a276b3c72d,false
12858257240058e8e4d7751ff99c60c4ea56d883,false
a89fca12faa4aba3de51c9f26608e6b72e2ada7a,false
47073857d452310a09e2ff8d336c3c2677684d3e,false
df8298ee412ba1eecf49935e14fed7bf70b283c5,false
7e93200e559ed89b7ec4d9b702c6d2328ba3dcea,false
c3eab2fda7ea0cf66c6bb7927fa6b8704a230ac1,false
82b0a38dff28ce6d3fb522295f893c1376bb12e0,false
7ea4cd2dfd411079016e68821a64ac6f0f65c429,false
bcee57f5c8a896371fdc10645d7fc3fda05242c6,false
83a08b1fe4d9aba4812bc8e9a7a749e1a0a9b6eb,false
9804250b476d801df8e21d2bf55330d817dab427,false
6801eda67046f47f7fc69d91702ef6e79e4bfdaf,false
2728702f23151beb46124c5403ba7e817cd3a81a,false
cf21a6d9f8c98603ce2fc9d4b230171cf85eef8f,true
ca3bbc45156750477867128c07188856e40ea359,false
716f49271d13301d78dfbbd1abe9dbd35d0a708e,false
8af8dc3b484ee785fcf35cc33b0bd2c70648b2d0,false
ea4ecc60fd82de44f2752523d44a59e083bd9008,false
fb979ead24a0eccb8876ae5aa622ee6f5b034f70,true
2a51bb1b18835433585f10971b36aeb2bd44fb4b,false
d3b85059aff0fa93cd8d78b85a4530789970ad8e,true
0599aa2e663d5457a471b6b5cb703b42fe46f0b5,false
41d079e1e04599142733ea3c44da6e675a748c72,false
9a1ecc3e06556b776ef39d12e895997ff8d9b11d,false
248280b92a9dad16f944f64f784c6d7531a34625,false
3e0f9231a226d00a6769134f604acd58be13e5e9,true
8acc8624bf33a07c9f8d7833774beb7731dfae7b,true
f6cdbf4ab46744f926dc67e15b2c5f08f4e2c4c5,false
f054c281a966f832f6490ea0859fc3b1cc95af92,false
1e294a2eddb3dfd050503d58b6813a0c26bfb99d,false
18e2bda8e16c38bfe1131cc88f02e6513b409d7c,true
2f2bc797202ae9c74d770bd5b8c5e12aa75ad0b8,false
1e1db2070aab5c71f5f7bae1ab2ce995e9eb2c84,false
aa9ddddebfa5fbdf0b07a48c127ff8df927045a2,false
bb12349af1c133c6387effc6f361ea264825e583,false
7023b648602dab31bbb72efa8ab5e6185a9110ce,false
34693207333fa41037019a9aa2a8e6e13340d339,false
2bedfc27777ffec0c0d7699f6d75c5e65d6edbfe,false
a486d8a42806dc351f361ca8a316ec15bf1c98fc,false
7d3b12993ddca3e29116af04032b606df16cfb39,false
5bbcbf5c7c88fa08574d1a167d4e8e2e7ec769cc,false
d2c0e063645c750d9b3817410b485367c5d29552,false
b203cd22cc9a0804caf320b497c1d76ccc9e94ae,false
2fe52e9e79c1cd81479579d7744c4dc60dc05c5e,false
fae00d550403b35cb509ed0fae6349e03d73745b,false
5722caf866d0ece7b952477bf1c661ffb48f8dfc,false
bbd255bb2b1076e0df09314445008c7f23181cd4,false
c95b6053fd520317e6133c45050522a73eb246fc,false
a79bc1c69e6793b8f45e5e87fb46c8b2018d7f32,false
35464e14be260f57ffbcafadb738f19e5d7b9df4,false
0f2460dcbec03253c44ff9b3f9b49e08c76f43a3,false
8e58ead0a49d7c74afae3c5b6883aaa147caddbb,false
718e4b753ab6dcc791418cb840324d721458c3d0,false
66ae5220a407c49abc188d2268883bcc837b6e4c,false
680749085bf40f1273d77a7b00c706c417f85bcd,false
5fcc51837c9b0196e1658cdc421619c7fd7a849b,false
67e280a38af7d80b3e63fc3e6d789f90c242a61d,false
d117b7ca15c193daee67233267a7dce69addd086,false
34de99494de42549b8c182172609d26950e385b9,false
9b2aba978d7123a12710622e65a79b55a1ff305e,false
5f0ec8da4ecf8d24afda690319581aef9f063319,false
45e77be5ef7184e62c488bad0bb36080aa16c862,false
3455ed4060da8b8d956fd88dfd03694d88f12c38,true
ff22b013bef6508fc2baf11041a31910ddb3c88e,false
0683fe1e1964e4469775f9cb215f1dd1a5364888,false
80e0f12e1c3bf8df4e04e119daf5ef1d327c7e1a,false
e2ec0bcc4c5bacaa1132331bd8b78f5a903e89f9,false
be7e47cb3d73a895a300751a4ca98a905dc12797,false
e3308963eda4ea58dca30eb43498c9ca6c72026d,false
94c10f31350fd41e3b10347d3d45f28486829bd1,false
ccf377745111fbdc8eb428b9c3b567e379928386,false
d45c700ce9eb8b5df2a4db2c1a18635b8dd0d12d,false
304f5254746d3870e9d2b5702c8da0324f4168a7,false
127fcdfd028f6cda13f957addc12fcbb0cb457b2,false
808d12de28fca389c652d1e5fc14f6150e256633,false
d7110b144c281f584433cabb44c200fcdd31ebec,false
115755ed1046e9f770a215ba13179860e01d2ac1,false
e94e0d52413f4b7144debf82231a812f028c9172,false
1abd00dc055492aeee4a7affbdf2c1bf1acb7e5f,false
3b632616ddd3fb295e5ffdcf8aa6a2159d158ded,false
12bbabbce36fd329c47a400c1c05f8e400571838,false
27b39c7d9710273244a298e90285d2ba05d102ce,false
d24649541f0c7965050ad269cbaf4174cfbe7201,false
4a3ec7d59df44004e964a39e5cfac162337e13db,false
f9a71f8c30d194ae0d15913b1a889b90fb73bdfb,false
55277c02bf6c9da08f2ae518c3a6ab565ca3e8f5,false
8c3d01c60fb91dfb0a9124107117c51b7c1dba24,false
eb8016311a2fe97a6084ac0581e90f13ee55678e,false
3f66c435ca843d7b3eb442c5ed25f52c6e8a3a84,false
fe9849013083659672a0806ce173dc24a15068aa,false
fc5269b9e95472fce2c328e14f3eb3c41712f4d0,false
3d37b3bec7fef9e9c11da3cb6331cd14c7e908f6,true
44aaa6904e71d98dcedb2658f57c94082885e7e6,false
8ee7206ff4e5fd1735e95cfc67da64a86ca03889,false
ec2bd1dbda2a96ad8fdf19a77c228dbb028ea598,false
7bb2c8289786dda2c46f3f763f8b222d08339ceb,true
cb1f0d06bc07a80b593d8a7eb41ad8dd09b616a9,false
9085404199d2e2d3aca63d213c56b09e891adaec,false
f25b958808d64a8756a869d2691b49c44ca8d62c,false
096b25dea861aeaa8e69a6557ab4158ef5ef3949,false
8d2eeab8915b9a793f356f8ef9ea08d9f34c7e0b,false
8bb9974448a64da9cec7a90fc48e066801bd0e64,false
3bc842bc98aa6dedf2345bce56e7a920013441ff,false
dd1af05b97f2a0d48305e674a06ceb2c1108cb38,true
d689880aa89bd491e6970b40bef851097b018ce6,true
b0a5dadacf03c74968e4bf861d7722d925645885,false
d4f57ef225b6c5a8dba8bafa4bcefea5ddf8cb2e,false
178c7ada3923bc097d9b5f2361aa7049b72faae7,false
671755c10f43bbd35a95194396a98817234c091d,false
2f5c94cf62e01c5706c849f16fab5c774af9fa72,true
955474718636299fb834100a6e3f5d9128ac443b,false
10951ae24b59bca017f0d500d4aa3ca1c7df2190,false
faca58bf4c8d7f9a52cd292945bd58585e997a7a,false
2ef3fd469dac836014b157665b60597bcc1f2a7b,false
aa4bf8daaa4f382da22765df39102b5097afd49b,false
bdb9157a815c71ecf5238be759cd7a3e2811aa46,false
4d9fbea98aab64cb7b30259eae7e7d3958ea7e8d,false
44c45622e5294c539ae7aaf8a05ec783d545aeae,false
a9dfb62d14dc847e31f2d050d1a21ec0b66bfbbe,false
ed567fbc7d0d161a3b4cd5b68e5dd31a6685cc4a,true
53735f4f07ff478f9f414d66a5236b3706d565b1,false
9c54e3b035c9ae98478c0dc04647829a470498d7,false
393eba5b933b4c6c2f6a5ced93a74b01dc072132,true
bccfc5c76fa811988c4ffbebdf66857edc314fbb,false
4c2337ba1d881fb86034540cf289a19e73e2cac6,false
cc0311dfc9c62c276a488701bd0eb511a730726c,false
a97ee840946459a70f42a775dd1a8f1f5d719145,false
26b6a99d6329a8098e10c97b81ca202339614a60,false
54e3c74ba704ebaf0ff4447615ed9c7faebadd93,false
29e7aec2851a51b651a7b02cae7e361d3e1eb61f,false
af30c92cf3d86132f09a81d8efd8b787ba11129c,false
dfcc64466f5b310c2bdd7be669eba83b717df7bc,false
28374ae0fd759d1ebba9cfdbc8804fe6a6621a31,true
68c72cab58ca4cac0c0f9c9b17ec5116bcf1960a,true
52740a86f0cad80596ae3aa6ced79d7b40043af7,false
3aad273940538803c525db076a7051c987d434f0,false
ebb5a339971b39d9a8e6d7a07668584231b84251,false
3bdd8fd13c33c5c4770a88d5d2cf16b9146013bf,false
82eea54588b3ed23cf6073409be8d856670e4aef,false
f4ddac7ba33b99d2c4c50b90488b29da3adb0a9e,false
ceb49d25bbaa379c8cc62f342877cd4e62982d14,false
9649eaab24fe17dea7b019def8b0ad656d0c2f7a,false
6a903357027b792f6eef6bbb7005fe7327fcc521,true
f19bc261057899b903ef8ebe6ef51bd4e73c7547,false
45d8cc785415c2fad5c8a719851d0a27e60ff6ae,false
1c129defac793da11f7d234f972fa2bd9311d381,false
d2c966db164884611c1ae27633c9aa07a9655b8c,true
2c39197d5a116bef4e1631611b96585923d1c098,false
67a6aba4e594f20d9da08919a2007113052ff114,false
e9105a4db6d883f1a1cf2e7b2852a8c8ab2bab8b,false
d3e7895de1d1a6990fdb5dcf3b02cdde4ebdb228,true
e72ce07e70c9e490a9035a52b00a98ca46a12037,false
75f7283672321930cdc13974b0d2858ca7f238bb,false
d4994eeb18a538c44137f80ce1e152bd29ddd25c,false
bf00adc78e53b1918c829114b8b26651342ba318,false
19cf34ac17f5714a0b36099866098adea300edf5,false
5a32489d688c09ea265eb810796797cbc83913d5,false
678bfafc70f286763477977e6b87928020e0fcc9,false
1bcf8c9704aa5750f87002fe60095c93c56eb252,false
87cc6a8efd8c1a347219ba3442bed47051436b5b,false
674e8b2506a77bf1adc365eb73e718e2126f2c8e,false
aed2a1160ed86ca864f9653ca1189e0b682e0874,false
99dfd8d2890688ab5cc40be6c6e68df6d6f20755,true
ce776818a80ec54c320e441a752897859ea998b7,false
14fe6a646f0ebeed5f7735c8144bbc33675e626a,false
40d6f124ff17c468e9d742224ec9b1f71434a466,false
ea2c49261b689a2ec7d080ec4c0d761a97f1c856,false
b541a3092b590cb0b26e15c1785646051dd80c5a,false
f0f86ae29a0c51cab5912ff4106f6ce4faf10b23,false
fd9585892f0130e9b70cdc5d1a12e7a3552b17d9,false
20637117ee39ab40bd8f7b1f518491d42cb7466a,false
8f21cc4be4081b34ff1666c755bec082e55a63d6,false
a7d701ee7a1bf2a658ca16bcd1beaba0f0f2a04d,false
c85c422b4507edc9ef564d6d735e217cfcce3b3f,false
858d1a64e8054cbe118431ce1783d79b4d3af319,false
61fc0e6830e6a0f12570360edd0880b43ef3f0d6,false
1c99a9c855b43b67587a56d9ed7823cb3e3fa9f4,false
0bc4bef0c478732ceb534a90201e485c5be6ccfd,false
bae46336796a2b7412ba48d934063593660f72f6,false
0b90ba101467549df83735fa01130c8f5b849090,false
545c00f3ce32ec40818fc522447b33699a3d53a8,false
e7f40231176d16503e283db3ab1e700cec02901d,false
2d84d0864c8cf212bc96bed80e379f48ae4ddc1a,false
ecdd5bfe0b2c21958dd1aecf05cccbb777d5c475,false
6ff186fda1eb661d1566e75795c2c07e409aec69,false
2eb9ce7ea6bb904e547ab89c07665f7f8669ba61,false
1efe87b19c8f6d3c378f716f4ef72646202e8d3c,false
8284b4b43eeb9d2484d55400dc4c626ee17ecd07,false
8826e997c8eaaf92ee04f685af61addacb7b38fb,false
c0858e41ec42a4970c7403473a15bc4c250885b6,false
a3ecff545f86907c3da15c407a29b34d703be7ef,false
3164871db0f91bc461d821c8aeb51d5c62f790bd,false
e6e4e0ccd33eb8720ebed729f2c9046229e9546d,false
9739cb33d31d882100065e5803f1648455e44ea5,false
f4d3bbcaa0ca9ef0d8f54be052d1ec13f6c78c74,false
bbe0225177319330fcab0a0e01a3db5516963c59,true
e5b6b1f9119047f7636a465dc315020427e5dc84,true
37680a395a3f37a6de041c540c7a038c3a135857,false
7572d51863bc881fd255b5bcc049e9ad182fecb2,false
ae0b8ee63a789bc3c902fe2448de461a2c4d8055,false
2eadd24235fa12cb65c66a52bdf27d4f194ba6c4,false
4aa6326b3b56b1dc6e6e61fac3051489afabc2fa,false
43c0f6f5395b0f570a5b292b3badc375989ef4f6,false
ab9a1af99d0858a1656a2f876f0ad38552b5e6b6,true
fe55089f1baf00b75b5e6bc4f062947815fc5e7d,false
320d24c423bc96a98a295e84a99b968b6d9f56cc,false
fc658b53ef1bcd6199cb7e4dd0daf318c253037e,false
4d9b0c404d9c6dbc45c357d4670065c61bf273d6,false
92e82054eef69a7876d465a918eeac5b5d85a49e,false
ef27ddc02a23dda27fe7ffc77bddaf04e755fc4d,false
7d1d015813a275c30b31efb4570d0acba4044ecf,false
a38eb3f58d73992725979ead283143043985cbc5,false
b9414c0bdaf279ac7fac09479b9b9e3312676876,false
95e07c8471b810d790357053a4d8d7edafc9aa69,false
bea4331f30acbe2a23bd81f7d9c4cd9aeb132f69,false
1d591c6081138b9cbad5d91519d64dde84e70274,false
4999d534b35f52f3e3af8b0efdfc61a9c3698b8c,true
6ff83af89ae0d4245d90dfa85907e818075729a2,false
5fc3ec06a4618784504cf0caf5b69ce7c056b37a,false
9870411bb75aeabd1ea0d68a507fbfca7f923205,true
787abe4d6eebcd24abfce8e952bdf594c55e4a25,false
68e452679f5122bd966505e1c77766107c9b189f,false
97e5cbf45a87488594bb51550d81ab723c784864,true
b5eff7a9bc0c5e7f14bd6afb8d1d0106177ad2c8,false
690008637b9243608695106ebe2f47ebc9367c29,false
42e00139fbacb7ae656e2c8e6f3d6aceb4f19dc0,false
84f550539709d2f7fe5cb9e9da9d34ad2158f489,false
215e8943c1390562dcb04866b3f7a176abb302bf,true
35526a202239ac135670eff95532588267022641,false
bc388f7ed029ac0a82395fd23e51620537ed1116,false
d73d33f71919a1519fcc67eb697f58713c62fed8,false
023803c4c785f4fe9ae63476423337a809b86caf,false
3a452335f9a826d8b72cc8106d88b00843c48271,false
7f791f268dc60e894187b50ef9bfc9b3bbbf12ed,false
2e9170462dd52e1b542506f88fa8471865aaf7b0,false
dd3cb19e26774d531623170fc5f04123c0bc9d0d,false
90ee25825c7b35282452276794b8c6d744f728bf,false
2e69802fbb4311c8661ae13accd49f280263d2d5,false
a4ee49fb1b87b9ab12e360ff8db4def8894ad25f,false
e9eecc0f3ff0c3f5bfd94e0d3b9538bace716899,false
5af44c45a1e40933d376fcd00ad7d461c6b0c656,false
1c8fc6e9435312a3be737293c587e4e7c9e5f360,false
9dd989be0dcb550721bfb23744ecb1953bc7a8c3,false
158005b40875e78055d8deb4586ef4762e05f40f,false
8342dba84f57b2750d5d0eb9500d789db6ea8b0c,false
c4c5131d66f105039138166d991bcaac16a5347f,false
df41859ced330b8957cfc10efe3c666fbe4ce47e,false
7ec9a6a7a8be3a7e2b6c2f79ce7c9789fa419013,false
8d8b1fb6c3e94aeb0febc7fa7993f394142988dd,false
b69b4b0cd81cc8291e2c09a2c86b9a066b313bcd,false
a7d1dcd44043eb7d0111d14041c7515cc717a927,false
7f25e16c0511c016016dd7e5996254188a28c398,false
5924ad5039678c6b2c1eba0c378296f740356e7f,false
a60637d2839b12379ba22ae152b13fc4894c85e6,false
25dcfe95e7d3075e29eb55367574d6d4a1251bfe,false
04a9644306fbce95a8f573085dec87105e75d407,false
ddbbf0d5a547c39d4ea0d645ce8e9f733cc0816c,false
6a335f9eec26463ecf160af14a74eb361644656c,false
1b0a3c98f8ae714276a120176123043656e01985,false
2aa50a5214581509e759633fb93da2f48c83e03f,false
a67cb6fb08afbee5c391ce6be98952af033b1a0c,false
ae0056bbdd8e7e4615c6a4f93c0aa4f06c50250b,false
72b69067c7905ad8e7ee9a9fb2ad20d56f66b1a4,false
7a5d7aa227fac6d8a53e311bbdcf34dde9ccba42,false
fddac9c046a3fcea03077560a4adb56d03207f99,false
0e3cf17228e85b6d623d151b8adb141d77a16a9a,false
d5a66324c7eb08142ad106f6776544a44227b6b1,false
a05df01970d497a0574e16997b976f6c705324de,false
4bc7025ffbfb2862fc844dd21eedd5cad142d6b1,false
dfd2f6c542e728e9f42799ec1b25b7bfa19a2d98,false
dee2fdc2834ef38c5de2aed4b2e8ad84f5c2240e,false
e8fcfb5df9c94f084e6c4331f29571a1d93696c1,false
1f1234f8851599b08dd1558ed2b9aab5658c207c,false
93df9b7ebaf29ad09b5ef423548227410354e94d,false
13585ada8a52896b423a1bd47a1c79128dc9b5b0,false
a18d84658403c949b85841580ccf57912a98b89f,true
078c247b029831758153c5683c098e1a9e24b9cb,false
5fd6af8440fa7fabb23989bbe25c3a4db0d38964,false
473b2291d0ba37fce3745969b07ac54ff276bc8c,false
c7fc9c8dbe88b3dd83e4f7e8a8588b8fbab458c2,false
6f67aa89c7ce54c1de7532f45b17dbd146f18d6a,false
7c3a62995229a8be5b6778e93984f869cc249679,false
4fd08f96a8343f12e7ca4a9a4bd5b5f540b304b7,false
bc163ef4e58b2174fef2d132eb7bfe1cf9e3edd9,true
523145df72d18c7ecf0696db88f13eaf68d3fcbb,false
f7c5b8ad4e4a8f32133795e5ee93602a041686d1,false
3d4661133f8b290012683c1b78be319ec9e03b4e,false
30838556dca225140ef26a78cc8c4bc5183c39be,false
9a761232c112c7a2c2b46d4ca64f31f8d926245d,false
2c68529368117e71d9abe5052bc68f84b46b7d52,false
a7af01f98e809d84ab8de98572fddb8544599899,false
dcfc5e99460a618fde4130d73c941dd6046bd1bd,false
f2127bee08ab0fa8ad1c389d14360e96a90058d9,false
efd5869f707cf6133348a5ee7b3dd38cd363aa97,true
4bd0d1180a76fbb1c905df7b69b3b6ab5f776fe2,true
ec95ab4d24ba5f64bc9528b668e59fedc56e3c19,false
ebdcba9f2034bea4fd7815a15adfd8ad5faa9ff3,true
3e8b564644dd5d2249f7ead02054adb8a0aa920e,false
aa8fec615b5fedbc8f05f9a0a47ad0525d61269f,false
59a65d8419c387b259d6e39a13eaa84bb0f73f7b,false
dcf4b47dc31bf2277376a88a71536ef4664c3fbc,false
c4ca2ceba1ce7090b24faafa9d3be43bedbaafad,false
7ce36da7b39caf0b1e182fa6a3caaabe2cdbdb93,false
1693dbb5ad4f88dc497aaa9df0f05f8099e209ba,false
c6de0606e4358c5d9ff9335840a451432a2238ea,false
d0c08f8c1f57e5fb9779b7eee2c398af0d9c1ce9,false
5477c92d4025de71a22f5a279d82783ac8ce4652,false
265c5c8cbbbac5c0bcebd5ba4f34a7e2e25e6f1b,false
0913846e7952c2d9a9375994cce2199d1a08e3ca,false
ad658311f8fb3ed30b7393e19109eaea9cee74d1,false
b46d727b1b19c7b0a48a12fc66425dabe2c349f5,false
cc20a00277fa30fa84562516a5665c33f5d7e8fc,false
3fa8cf10e17ad95cea973b940f6a542b6214f2be,false
1e989e636730e0b432e901352bdbcda214f32b5c,false
b3ef46e27e6a8fa3688db7251d6f68158809691b,false
6cd3bf9dccea09ea9541783b82355af151e6cac4,true
6a619f36ff9e8fab26a740d45f6c2e65f54cfa9f,false
2c60ed1790b63e9558cca115853b8752f42a3d8f,false
390324894db671adb7f5a5305cb03f91813ddabf,false
3ede455805b4cc0cb77ebc973ebf577d7f9ef9a9,false
e75a1ab7f7a10cd585a5ec3f511c447754f729c1,false
b2b04b613ca94c9e40eb6f654491c073e25830e6,false
d47f9aa3c2ee134111e02a57d452ad34b9b8110d,false
970c74b20e259a7368ac3126c6c9a81c630a8285,false
fdb8b0f8de8b911d6e701dd6fedf356c097d99ab,false
638f445ac476c43d868613380561b4872540be24,false
3cf6b864cf18713e861811e869c4ec4f862bd8dd,false
837318bd3bf9cdfaba1f0083fd4072b88301cd48,false
2754fbb113e3bf71be998f2d4840c5a65feebde2,false
367103acddc8953215ad2c5469156e46f4c30fbe,false
6c51cb14b06228ce5052dc603612c1fba238b3a2,false
3e3f77ef8b832870ef17c374d92d2949e2d52b39,false
fa8ac93fa1aead11c6dccd3b84be63fe2abca324,false
97e18d6adfcdd7bd449dce2b46a7b18b09f03304,false
c110e708ffb7fa3f535723edb3791c7217882fca,false
91a63c06b63581742c887ac40e355e7ed933c241,false
bff9ececa74a20f00cb2dd458627fa93989a67f8,false
9f8b7ea2a516367ea7325bf5b281c95487365c87,false
cde5ec4ed4463307b418a8e1e01f1136c9a94f52,true
be7b4302ca4e25fb26b84000e94da60ab5ac5dfe,false
af60d704ad7fd41c32651061005a4863f5e33c2f,false
f5d337d21c84f416073ef2c4c4a269ca31f03199,false
562480b9585898f479c693bdbd67d83aa5d9bf5e,false
d25dfbcbdaf7090b18efd2229c91c7ee0caa1d9f,false
7fbb3d396f61da728df826ee3ee1ebf570c38ee3,false
4663989f2f61e58db809299a37dd647120d41a6e,false
26a9396d0109f51fb2e0430c4e943391f5826215,false
0df2d408023bdcce0dd7723778adc78cdba1a257,false
0f84c8208def28bceed71cc24e841ecddb050410,false
9444c4961fcbaf9cbda1367ed052c6ba6c9c3f61,false
60ef0232f328720e0b1ccfada7176388f488183b,false
ca31dff238fa9b2291e4ef78ae56c176be96a8b2,false
97e34e42594181bc2e0ac5db876fcc4a1545111e,false
f8d62e87a8d86d26a8d4e476cb55d1f552aeefd5,false
6d5cc3d0fc2c470111814c336fd12a0d5a2bc300,true
fcf5340e374a9268a66e01e75a8f6b5918c3d1d7,false
8a8198b9bfae91dd56f56916faf0a13cc867c408,false
2ceae993ce76181f33d36648c681c9754c7d38b5,false
507c985c536071c2be2e189cc860f866b49eee6e,false
40729c8afe2c8f5b5d782555d1709c37145d2db1,false
fba872cde41ab57f41128eb7ce38802d54b8f753,false
ddbbb353d99b0c24ef7d249ee217b869a06f19c8,true
3bf03de7db25bfe24952ebf0b66fe825b83f9e80,true
b5be4321cb6f42ffc0fe4d7b521ed9df8c0732cc,true
f6a33aa3aa7a144660f690873d9979e2c5f22659,false
bacd094c9107ddc1a25b44629dcff5ea69566825,false
cd989d42703ade1f24246b2272740f6e03e74278,false
781ebc8d89dfdc82e2851d6b8142e4672120991a,false
dd97a679cea3de6154165ce1fc32caccdc543b85,false
a66a23e474098555defdaec530140be6fc4ca941,false
be131741cd72bfb53a540ddbe4102990b386936b,false
0a72b59755915cf920c1c6afbe55617fdc531272,false
52338167e8d95fb82cb1bd3bafd31084a069589a,false
0ad9d7cc2e71254f20572eab27413931f4c5a3cd,false
8539298be663fd886ca594266b7967853b05e86f,false
3ede6ed873a2a94cc4f3a1cfe7d8bb973724c9b6,false
42778f13f6f25c1e4c2bf89e9165a08efd028ac6,false
6501d4726c09639020c64ad01e222adb61e92350,false
824069764a6e40d20459ce433bbe25b17d4b5083,false
20dcaf59d11ece69b845037ae2f1cc72815222ef,false
bf52aadb64539764e841874cddc616034ea3516f,false
50e3a1ac1494c27d40b02a3b5199f95d775cb73e,false
3af1057523ab2aca6c6a8bd9dd88c51908fd6d64,false
a44dc868f079b14cc1f7a02be247b25f1b38fa4f,false
e3ad9720b96e54fcc9180cb41d0378fc2f18795c,false
47a50c9226baa24c33e9a70f3ec9c7118188eafe,false
73e53461fdd25297b82951f3560d6d8100ed3442,false
71be923a95aca41a35d9b3dc03a62f28d18b41ab,false
fe7ec5a32acb1fd136d66a883671ceac7b234c9b,false
6f56eb837f5fa87690aa9450fc08cce674614688,false
8e951331b82728258d2c6c155c99032a040692dd,false
b66789d6fb69c9f750b1ee9d5b1851c201cdb0f6,false
0587861b5b7c0132625f2728ac88118eef8212d6,false
8a5132992de48abc2395de0a37e38da0b5a0ee22,false
bf923a32e18f7312c9d6ffab5696641566042721,false
0b05d271052bec2a7a53505453a70b12829e9e1f,false
6b04aa686c931b12295d8c4b70808345ca6ea37c,false
b8ba5da72858f679a6df5af18649755c95cc0d87,false
fbcca03d6297368d723b9da72b7786b6f25aa167,false
f5c1e091bd3422d6dde33a3facf77943a1b94a5d,false
066aab025c82dab661c6fb82c6f2714eeceb9194,false
3d3dd6bfd2c1014fd3d866765ce0879fb0448115,false
8eaea4a925bb96d5b2c2dca0131c3d1538c09cbb,false
b5d1ee5059b9918dafa72de7214b22c349c776ca,false
341e7ab92ddc7a8e00d52a4bf9fb252cee785cfd,false
33f4fca5a9b87fbec92e8801135de6d079eb849f,false
295902187e5dfa1d7eb6558595e74745c03cd9fe,false
8769849ef8f809673c689d6875b304f66beb7ac5,false
84e54ffc1984d37904dd9f515f68fe7498df4ae2,false
0aa85a5ec740f6dd36fd206df18904aaa4dc50b2,false
a2ac945fd5585f9297b201f935e0ffd21358fcfe,false
59f40fa1c5d76c1a83b782dfe30d9a6cb5c2afab,false
58b93be01f405bb9f1f71204c05806b5a5b1a0a1,false
9c98e3cc76ecf1d94a60c7caf9928eb05faff9c8,false
af59349b182e39ff5ddf8d60ef0fc360e13ec841,false
978f78404d27b293f173c47c919f0527f6219406,false
24bc14c1dbb8fc677e8481f33b99fcfcd69e3015,false
50ebf8ed3ecb9fb09ab3112c4e24292b73c67f28,false
3cc21001e5fe642a71f6580004c812d5a747a426,false
9474e11052ae2a04c5eac7f789540928cf8cc7f9,false
7b86ca0c24a3268911aff500de82b6e28bd803c9,false
7c76e8bd6b2e8bcc4f1d6597ca1bf106bfadb0ca,false
0f7712fec80e3b3b4b942364b5859b70e4d18790,false
0d6d9c138712facc0966c2f2ea78b1d8d1ad44da,false
6be9c68670eb28aa4de703b96e77de941d55f352,false
37036c04f1fb7dcde0ea6d83dffdf96d9b78c022,false
0d1b91f9af01a31ebb75a6a771ce07d5539f7719,false
8c792d959f2dd0d374b472634fe383cef12b9c52,false
ab07c42b23a350863ccbe40485a7bec2002f1279,false
c0ae7789bb7c0758d740ec21107fb5f3bba1e96b,false
11a312ad37866644b2860da28529b25ed4b98d89,false
12d538d6ebd9a09cd2b2181cdc1bde2175c715b4,false
e3eba8579f00ba833879d41121147134e836749d,false
cf7a8b8c00a1622cff9883918f8b7f64ff8d374d,false
6b2d446965940785001d2ea16b0ec889c2e1b1cb,false
a58d3fb30d0be1f8a9064beeedbf5947f0540373,false
5723c1b6be1659d18c29781250f300e9184de193,false
c9bf95f866af07c000205bdec93d3fad9370ca29,false
531d6bf6c0591a64b60a33fd44ded709dfcc7438,false
3a3794218bc875831d3e46a544de7627a3001f5a,false
be0f87450b7450d0ca64955207a007525d8cc5c9,false
b1c9f80e38825b65a3b31a290fe76f689de66bd5,false
cabed2358a331ccc0a78a05ff551836f23efe133,false
d737ead195758626b1b335245e61007da8b340d2,false
032f3d9aade0d963e65007773d71eba5a391e30b,false
97575e59e7402c82a5121abeebaa054ee9441f11,false
7dfd7a855f0e096bd14fc0a172b1efc4955e7ddc,false
e8f87f8bad57f7c2d9ba6c191330c3a07a2e39f5,false
13822574469c09d7ff786d7367ed2aeeaef6762d,false
01515e53326c9c0b897a41b3c6f0f9886107a82c,true
b3964ed4fd2f6f79ac3e3100b001d8cfe8e7f14a,false
07d03e98d55bb433a37732af012ac3579b2f0adc,false
c93a7af471e226004a330851f1c7f5c6d89125d6,false
2800c8365876ed72d7582d7fbea2d7ab514395d8,false
e8fb826beca0f5f3623d3dad6a0bfa7930017a66,false
d34192395a2f65ff388846d4543bc95f7543de3c,false
bf1f0cf5d2db33bc58e013e1576114c7db7c5ccc,false
761f821a6294abead39625620e5d674942e5741d,false
e9ab42b41d8729734375cf176a0dc79cd8f22da7,false
2eb19bad008c732edcc4509b79b692cbcfa74013,false
840899476ebebe519265100eff9f41c617d10cb7,true
48adcfdc6318476521077db3c2424f4a6628bec9,false
5688262003563bfa50b75530c37859e0db83b662,false
fb68441f728075332cae7214994243a8e0442587,false
1abc9a296c1c0ef31f304af7d7c4c280ad2066ff,false
e55717fd9b1ecc80137f2c2e8332e0f4ccf6ba21,false
6aa4def601f4d5cd3255acaaec30b75d67eca1f9,false
6095335c78e0eddffd00d83c354dbbe0d28b3633,false
2df90cdd58b9f92440cbd69210afe551d2a3eee1,false
5c21ef4467a8757afa61f38ba21e113d3ebc40af,false
84fe40f8054c1b27884231d2a05e26dbbe09ad7c,false
8816b8b48a42ac5b96055a994f51e9a924c6ccd7,false
47ccab714dbb1c864bc724655e767f2e692f0ce0,false
c9e2d594ce41e7075a5cb266e7d7523a79a205aa,false
810bdb86404ad50f574c46ec0454f47a03853732,false
16dd66994c37e47403fa571025f69c65463f549c,true
cd851457cc897e2d08ad50295124ff20982edb35,false
4c65c6af5b62c2e22c0233fb1be67caffef45b91,false
ac8b2b827390f5a871194c3fd682898d5a1d2968,false
e290fa1d1e84f658f94bf3b9a44dec42ae43fbd0,true
83fcfd882efdd954b35757dc902adbcdf8823d5e,false
41b9ada76d16bfcb8cac1a9395aac3a4f3b94d85,false
83834d13f3a44658baad8860d900b07243644649,false
25438ec480dfa100867f957803c8cb3ee5d46093,false
bb7799b83f1099eb1dfaeb10f4b94ef396b24491,false
85928445827444dd9abe94b7b2c9a5452907b6bf,false
eb106f2fa13f22082382f4f8e4522009ce903f82,false
e1c3e013807099c2507040a7471e27311d7a2ebb,false
f63f6262f0f29dc9cfb4f55fa8187132f76e4b06,false
1f8403d4ddd72498589edca64aae09811dd1a6f4,false
ff6f8507e11f80ea4d7ca370bcc4c23464d38a2e,true
35339fcfa65c2576eca32a99fa8068088b02600d,false
9a397dd8cb84c7118702ea215ce2a2838b737af8,true
2ac34bca7df7853d1421f005bf5cdd60b9ffcfca,false
a963cddfe988c165fba8492c808d8a4b640a3925,false
54f3642e466f4c3cd98d3e952a9b7d4b5cf38342,false
7a3f6d7400960ebe11d395a1d41e3f5b79a0ba34,false
0f6d5cfc526d7aef9bec8495bdd7f05bce3bd165,false
e25e281bb5b873617815f72998332c0a51012048,false
32a5d488af674b8914ad4543b97d0147696b79bc,false
ebef772c9c87c2f652a21097388fb25514fe9c13,false
10be885f1f5a4e97077b08c28fcfaba259134281,false
6c009bc43c822601c1354a6e035a4d47e6929ada,false
5172c3e58d1bff7e87376307c68f9fe22cec0cbe,false
a46033e4bda1418c0560ab62dc20eb5cefc7e2f1,false
55f35cf8bcdf04ec4d85603a7ade228fb907aa7b,false
6d0dfb3d41b85b3e07614ddbdfec9a2d8f8a45ee,false
609bfc8e1c36095450a1668c13408a81bd5ffb1f,false
bc5f9d9f3692ec4dc6d2b954c0c92f9370ed5f68,false
e11f6cbc18fa7cebdc50b0c9c397326da3e746eb,false
f0394f373e2a23199aab3771332ddd130966ee60,false
85bd31945a9a5d4497c4229ef45d52702ca67742,false
92141b40a8bbe1e2c69ea263181ad1de656e73b2,false
35248e81a9d476ea55a5a4296054977d01e792e3,false
bb0f4bfcaa9f22311bf0a927119ac537128b5c3b,false
f1fdb7ac5384e60851d869f29179960e54acbdca,false
fd32171b434ec4b65166faca5512ff8349712982,false
b8f687ec6962b792a3d99957c2d003a97778dbf7,false
bb71f73ea57a6a693352c4e9dd060f154e72fac3,false
e31ff4d2683006786027d44c4d229ed6344922e1,false
a848cdc4e3c4878e0dabfbef54667508751bf5d6,false
d6f44c66bcf27f0f189960926f445a5fdca21920,false
e74b6bdb4427936573b882793d1b56c71403f1d0,false
9a236ff7ca867299e6a97e6b307994a34b97b1c6,false
b2e4011501eb842aa0a5b51173acfa5a63529df2,false
d6f1176cd73db2f45633e98f9a5dcd21fbd4292a,false
057371970d5fd65063c53c7b85f3ad946dbe2c95,false
f3063670107defb21b62005cae5000077f66b7b6,false
6fffe4c58399ca3d2c6b14bc67746fcc4b314260,false
c27420d532e3a6a50d6eca1bb2e3473ba93644e9,false
b3ffc7b9b2fc14ddc0d39819774385891e2b0b70,false
aaec1c369e86982676d8e53668213d938d29a994,false
bcd30b990e1c48eb65296458cb730c87ea004ed8,false
4c189d64753f7535b423be772c4bcef8163c3f32,false
bf21587e0f64568d4812ae7c395301806e5fb04e,false
1da426314854de6c0446cd01a4c89ef1ad114a46,true
02d780d7591aa257ee6710e1b72153e67a1b7dcd,false
54051252f2c01c9568e25f12617982f6d3d6bd9c,true
3f8730fc62e315d2c892b017df565bc448afbf1f,true
cb7aa7991d5923bfb99ac0f4b5c20a85c4c727dd,false
ecb3a8d4335ee1410bb9c51598b36a1e6c0e3733,true
5ceb8e4843912f847f6ac3b542545bae9d0af898,true
f69df27a212aa3ecb11a94e6aa0a0b7561fee277,false
122d578720a10b2f7b69b9e335aac7abfad86329,true
671afdc78ec088eea689fde478aa003d7d33f1fe,false
2e39107d9d31809b1f643ad8fb53b9e8390feb05,true
83ef40d4379d337d6dbd925596b8fac118e3e267,false
e212ce68d35b0cc173e04a48b15ca18dd04e3e7b,false
d0ca6ad7c6854e533c0c9857efa176d2e642b487,false
3c65764541a5d7a2c5767ef91dbd18f0f9bfd61f,true
d75a89f95fd1229e3852a0df36c62fbbd86ee324,true
15a8b201bd5876f4ef52d1f7cbce50e909bc7200,true
a44e8c0ac018a8b1f15866a15e39cae7c4bec262,false
52a970f9148ba5099b3285f181fe12a89d240777,false
1b3cbe4d7d65e83ded50c34592af6f06da85b10b,false
cfd5826823247db8993089d13f84c489ce2be16e,false
7bc23d07d7e46751c550e73139af99b13141807f,false
1463e8887a9648dbafc6f5861a7ab24ad52255c6,false
08dcd0e30fc2bef6221c8358fd6c16b13c399e9f,false
7ca5095aa548b9c62f52145dd861f4a958f1818d,false
18dba8b72ca2a01c2e9c36697d4b9acde096102e,false
20725a2b9c7c1ea622ac8af64ba48d46691f57fb,false
d156f5786519f858a826fb89ea86c9d21f412fdb,false
9dab1e937fe99d5397db1d847684f75da965fba9,false
c34b75abfa8e6a5fb9d55e0d43247e28c35a5bc9,false
f63346f63fbc9bd58d1d272c8b35887001dcc30f,false
939e5258683e6c975857fd88c307d481e2590ccc,false
6fdc48d5ab57288005f6cbe6fb3a786628cc2ef3,false
c6efd2e12a36968f9df66dcec8992568acbb2672,false
79f75eb11d2d4331759c83369f7bbaa6bd11466c,false
ef3b4a4c12403b0737d2440c53b30972a769924e,false
bc10cc7bbb7bd3e93285995b24e4ead31230a1d9,false
455b73f2818a4068fe16ca897b81eef6ee0d47c1,false
fbfefd2b0ea8b23620e38906d28dd0b1f984ad88,false
f97744b76c0ad91db3eca5980ddda5b2d6487d84,false
9f3c29439394f66aa0a58aeb22f233f56845a7ba,false
d90890f8218cf05cc7e9d22184ea74aae020a315,false
c2cc30b18517ee3d0b4f57897357dcf376aff2ec,false
b57edf09045c7a5cc1a6cf1ba1d252d57fe22f66,false
970df2dc70f8bed527b856d0b80664180950517c,false
a4bc9cb487c821c9234517630cfca1eba98871fb,false
8207ef9e62fd61fae1aab68255c6eb7e344e0c5f,false
f83ceb4cc775bc2a1c7a83d9722a32f6df7bdcf5,false
79248ce3daddcb3c4601200669ebbb958e443fe5,false
157a0607184143ea8e7ad301ad4f28aac57c4d45,false
e814f337d967cbd3eeb88748d6a35efe7bf2b2e1,false
6517c9fe36ca24a21ef9f3cd6d8baddce9535dcc,false
bcf61992883e1bbd9d0175b35da45a652e173e31,false
f7c4c067b602e98bc551153bc5225a4f74290d4d,false
f29dd5dfdfd43a3fccfbb450829b8bb957659a7b,false
ccd5b16a5cf59e60504ed19d8dfa9a3f3f9c2849,false
9b13f91cf1557f49ab1263dfa27458c1bd8aab28,false
ba6aab97a83b32811e9e60dab46acce2788592e6,false
30761d86b171025beddd5e79309617b39e1e1619,false
87ed9ade9d61c28752f0337335a025b4ed867390,false
3e5fb93b43935c36d32858f56bbfec69b8e3eca2,false
63cb0003ef97057d2d3c45e7b2ddc9901fd00ac9,false
08df3346c3ebcc08d77e70913d72ce16b2f47485,false
3a7f44e73ee777c57dc5e904a4c43a5eada04667,false
73db4fe9ba193de32b2a8f9a3963ee93c3d20191,false
9e4916ecda6a83a4a26384bcf05187877bb09752,false
67efa72a00267a343883ada5fa7a93c400bc9686,false
569f3f570bc1c36f71c8dabfca28b52c5c17ec91,false
4cbf8ed094259d210d19b715c5d23a981827798d,false
ce7700669f7e9ac0e04efc02d4ee6138bd26dfb1,false
31a08e10a5571bdcc0e21b79addff4c72b971a5b,false
12cd7eb66ebeb0a6632f4fd583c850f0c8e3a26b,false
4973270da780ad42f2b18e4ddc6678bf8bf0e479,false
a92dea95a7385a29cfb2444614b2a55603c91fee,false
2a6963319dfe9bb45fcb66e3c1e4556e76a807e5,false
04721ca2b794497e6e2b455f277315c997115c62,false
47b5cc9952fd1ae949a3056213e6e3a09ccf5753,false
7d88bf3a83a85b77763c65bb30eadae4af5527d2,true
3867ae5b1aaaefe6aedb3c5f2ac2cef4e0d54690,false
822ea74a905bbd19bf895bf6670fadfedf3954a2,false
a32d6c0bd2b654d00b0651c9533fa7fae7b7836e,false
23e74788714df8c6f7625a55b173fc0b0fc03856,false
5dff68349231246ecae9dedc5510ef1dd17ab932,false
9854b6be3bacd98940cefba4dd354e3e4377df01,false
15e3cbf9cd864dcd08dfe6719f9573948c8ed160,false
d2c224a5e154a0a0552d8b8ef7e03bbd2d006435,false
7b0866d891fd6dee8471b961f4c5a098eec9a558,false
5a82c1a4130d0352691bef78336d7e2fc4db0549,false
229ea7c349c049b8ab1749f34a91c8f9c566d9a9,false
7da80225a5318044ba14c45fbe1caaad959ac46d,false
768ed24b651b36200f21930dc78d1c266199b366,false
be32d29c12efab5590bede4b346c41392ab3f642,false
109c0ea2e1348fa07987a5a01e57e75a22c55be9,false
c8020347ab5e95786dfc57821d49d632a2ef3836,false
a82bfe39ab8571a287aeb22fd74deb040dd71e87,false
e91dbcb60fa59d7e4c4452937fba058282e9c61a,false
a4e5c753cf094c3fdc9ab450a28425b0f186778d,false
21cbc7d9f3d69067e06adec511ceec74825b6979,false
eefb858780bab4930e9ceac5d16e9adb31bc6423,false
099675d55f9431553d8aa64812936757f0b2ab49,false
5c38370aa3d79c4ff345309735d641d6fc223ee0,false
1c7abe333639207714ec7513a88458a26522d6c5,false
e53a27ddab4671fb676593876a21ff4be4e9a630,false
c9633cd004fea917f886d87955fff54409004e72,false
70dc179e68a25b588dadf9050fb35216db84d0eb,false
2788ededbfdee204b8badef96520d9a642fd7c25,false
9dcc4f70e0621b079e4be5bb1fa34958dcd94f46,false
8c3d517fef4cdcb4efeb7f00e50cbe8fc9946b38,false
506aee6d168775f745203e0776a11192ab73d41e,false
63902e990ee3f8bb36a0ae70a7cf51abf02a0cc8,false
12c82dcedac90380839b9457588a5e53b50fb6a9,false
d9628a368ec458b057e7164567c91e580ca3bb30,false
2d62ea4977e4f73a9ec0085a1e7c0070e2da78f3,true
fa2404c0605dd2e92887fc1eb0a2d7c139136a67,false
0ec14a92d0728ad43a2ee79842838ac72096355c,false
425964a775e8bee6d2faf3d9d219b83c7e7b35b2,false
678a1ce5c4f791182d94766d89611fdb76b16d32,false
51e41b4f17b7a9efdff87a854b10c8d6d29529cb,false
395bf8aadb6a0ce3425cffb5680db27202217a9a,false
1410967fb323a805f0f772365b684805436a9b8c,false
bb5329a6d231a7b038d8f23b486cdda5bef4952b,false
01e74e258d8df30e8d9fd6f3495fecd83cb1145c,false
b62b4289de7b3f191caec68b68a289cd1ce46189,false
e7f6354e3389df6b29f97527b7740c4a0e2d61f8,true
86649b714ff6133e2372adcf2294bb89273a4246,true
c7b9bb2788681ba42b33fc09d580aab85e695067,false
d7731064284eb3b148e40a877a1f3236301b11f8,false
a8eef01a5bcb9b8d66fdca0d4d259f04c9df2ba3,false
ab37d79e7c660e36e0d5d7f86801bd594f79f744,false
8e28c27748be21704d23e338300fab4cec84e033,false
cc4cbe7aacddc463bbe619a82327413396142dae,true
a480edb3b8e27b024dc99f0875ffe4233b873593,false
c867741a6154024f00a5e86d0009f020fd7704fe,false
c5ac8a2fb927593b846d5ce4e6aa20d637d46441,false
83ba667df84059c40b11d88a004c88348eaf99ef,false
9ffb3634adfb0a6e329fa05f431a6cf9aa62a44e,false
97107467f6da3e7d30b78b8cf7ddb6553a2076c1,false
c4e9b288e2cdfe2190dd2de9747112d1e4598e83,false
c5d2551c28962ac746d53e424372dfaef7d3dc9f,false
88d93c326fdc7f4400804425327f4bd59be5ff03,false
b7442997cde7b88c006642a724b6058727870192,false
b5c529c954aa5ad62be96591cdf66788a3aff823,true
eae9ad81f6240632b87b08ed9612462172e843f7,false
dba8a5b20ffc73b5813440a5a34c2b5f59839528,false
a47779b98d9a127bf4876e0457a4ebed78006bba,false
6ca63d24bebfeb976f7dec18f8ebc32f40c43b91,false
01484d5b5b19aedb607d696c5ae8c875f2440470,false
609a2928b0f0770fb43d3c9dcccdd636ed31aaa1,false
f8d8c88410c0cfac319a4f8b34c4b73767392480,false
165c339be262503c3981f6767b178b64487d2527,false
3d95cb6c355db458dd39fa8b3788af97b9be0c4a,false
fc950f2b1e8bff99b73da8207a88afe06c5fab45,false
78a19fb00c6cda27f681b3749d56a1b68b2baaa6,false
78a4c0d19143fc6ce2a6ae22d6b4b3501d19188f,false
69da19a5031ae0db6d27c015b4202b0179075585,false
36e264d05fa1d422e49ec76e0370ee1cb38f915f,false
8c199cba30528e1e2f335751f4f37acdf9607d10,false
32a6c5e06d973fc54b1dd2d2df6e89303e540e49,false
bf6867f1c0f1305d1575761ebfdd9bba689377a9,false
d26e96654dc1546a444b405d4f2e17f0b936d720,false
bc4375b3c434a38d9a5d4ed7ca00c960f796e54c,false
295b7cf78f8237f1d6d6d574d287ca08a7bd9a90,false
ae7e73d54bb4d5fa8d5cd76f55d146d1442930e2,true
1da5d3eac682eb481e84d05f8fb45e74f3c725dd,true
48f357836cf2204232552d43dc12258101715806,false
6d40109fbeef50b5358c8d78b8be169f466ab571,false
1eb91531aeea7adc008580a80803b3a7fb44d980,false
2b4fb97a4bcccb30eb2bfb40aa72107c5c9d780d,false
069b3c2b4e5cb056e376001966346c8020fa80a1,false
bae8fc8cc412ec718355f260c05cd97fc6519512,false
7c69381c557147a2a93671ae8661f824b9261131,false
125f6a176398ad29a39298a5fb768907d9b6141d,false
9a6f602ab74ae8c18230214bc7d52831619da3ef,false
55a023716730d5e1b9574a11c0aef6df4c40b2ec,false
c2996e1282cc14b2ec1c0e4f50a64bfa793ac186,false
9998d707b105bc6c2feee6ed650f9490c176b142,false
b304f6fa40da1107a74dc78460780d761fbfaeed,false
1904864dc6490f115891360e31a1ac0ab9f1785f,false
94112db12abdc0f44962a994fa662e157345810d,false
16a58a1ba908837a5196e31bf8f1b196d3121dc8,false
175731648c683186e8b69213671fdf0586039c71,false
f0e7945be87f4c99aa72a1a691eb7e2fa263e3c9,false
b0d33d38a89fa58cb44dc1f3b6ff7aa41182d25f,false
82da08b131025c733656ddf1295af83503ba13da,false
7b49a5c0e130a2c27d16f6381684596f38ba34eb,false
af2b7c45fb047ea9ffea0e52bd40b5ec5e3d36d5,false
d6f771c78b81a84a4581fd939adec08a2940125e,false
d9f9311703e3c55b59869fe8c16249a026a1dff1,false
10b31ec9b16ed2ab866cb4b695421baa77e2b11a,false
4d7bdd1483b83250cfdeea24d50eb443d7b34f75,false
b3545dca8e2dcea7617e3c5a4c18281e6b0e6365,true
cccaef254e33baaa653ccb47ede3ba546837e51a,true
6af6d0e6ed83576b957c07d0b2a82163fa6f147b,false
655f6a5330f83a993a4170e5de29b3ac613c3699,true
49fa2ac517f830fd5643e75d887f66be8b69a7da,false
6bcc05fee19b2450b45ca61844ed48ef73aff550,false
b93f600f3a21a719cb14378cf2949dcea614097e,true
6830e97cdcf0ef849b8aa33bcea75317226f93a3,false
4e9a7d631764efd3ce96d4800eb6bc2fda9be8fb,true
9787bb090c8d53659f7da0e19fb736d50e0bfb7d,false
7b29652687ff54a9633a6e43a7e4ad1c06f136ea,false
7ee756dc2aaac88df91f469cc019f8ffdd5e4178,false
837cb02487a5fe4565112f27caa60ae550b49ff2,false
fc359a4a02f32ffc2e0ff37b7a83b85e5c55f1c3,true
6e21d71fb14b2ea35c6b2712147eb897e1db6e03,true
18515b90c6770281acb935561f2b9b62d46e6999,false
648df03446a3acc11f81662ed60fc502596d7870,false
fbc1ded880f1927233608183424cf216f6ae78b2,false
46042e847529014865f3bebd1f4e3a5849517e00,false
e0c682b6b851ffc8667612f85bac737d465ba741,false
0dbf54faefeceefac9fda8361d1371fc39cc3549,true
3c33b3fbaa823f46a9ad31ce838af8eb04a3ffdf,true
10c4a33b31eb5f840dfa34b671034491993ce98a,false
fe1f54b808254a1f1b01800322c61930dfcb4e48,false
b7b60df1ee74fe9df267ebf4f0deba365afe6d1d,false
06f0216cdbc61562d099d57e91a4a57671f8bfe7,true
2cf5d794b944141240a5c8bf90702604a3fd4f64,false
e3faf53e4ee8ae3f0ee14e43ed4fa5e6aa395126,false
a26ff8d8c9fea82c8d4ef7eb3f4878e82ac89e45,false
d2756984a13256cb0295127e21dcf4095679d995,false
fc0d97700cddf85faee50b3bcb7e624b726119e4,false
11b6ab8262c52e1b26b5780c390db8b6d3445610,false
d25817e7f8b0b17dcbd5ab5adeb580ebfa7a94a8,false
a0a0f8fdb1bc5b2bbad5ea7a6c641a6224f9277d,false
4ad5b76c0cef5599f2c5cd9ea65e7c9b765fcc5f,false
3a4652134248ef6b969189dbb04a74847988cced,false
1109539c3d269b886484fe0023626f41ebb63630,false
2b2f9d306b6b0ae1f4377f23e7c8cabe9ec435a1,false
0c772e7375cf810e146c765842e49a5e504911e8,false
be9566fff65781620c119c631ef4a1a4385edc5f,false
bde616acae293d3355cbda783546b8c50986db6b,false
679196c0ad4116ed76f040a727f5506af1b2b5d2,false
7d0069ecfbc1453541ac6112ee71d03d5fb829bd,false
7d81e736a42f767ee916613b7123e9f5120c385d,false
ac0b559fcaaff247b0f2cd758c32083598242e9d,false
d4e0ea9f059fe380d985994f897af06f01083e0a,false
863ff60197d0f47547caecff7e41a24267746cf1,false
4958dac880f34b813156973aa9054c46d87d2cac,false
5adbe125ccb3738a5f52d8e45feae536273467af,false
bd01c9c5580a59abca4ec8e72adb8eb81394b602,false
8418b93fa7b71090b4e8a4ecbb0032f9c1e14f7f,true
54e34d9ce37c22e22d2df8244289f252fd436cf7,false
70bbdbfac40ee4facf288cac5423c258f7205802,true
65d485af1d55a0abe5f3f1105f638201487f7e97,false
683a1fad65a1a4b8a6ff3a544b653c1103b2173b,true
bfa0370643a625c32e9d3296b4dad8e0c0525761,false
62496c3341b4ae34ef4ab13358f99a918f237139,false
8a36407e2900178fb58ddd552df071cd05dadfd7,false
ade817d3cc2551a85c69cf73d38bc11299e349fb,false
e0afc58e924816f969a8ad9bbccc0fafd3d4293a,false
34d1dcc5c4bea39d5a2687389c7203de93a6a23e,false
cdce1417b4b186b130bc2bbe9af1f786271815d0,false
53d80eb2d94f5b472f0cb39476c679ea738db952,false
0fecbe7f055eac7d035d8a78a5e40f39962bc0fd,false
9fe0dc72906abd10f22f91d40a54441bbe4c66c1,false
bb7037920071ee96cdce1fae8cfc74b0d7a72a69,false
7ecd5a70e0d46c5e91d716c51942966575334076,false
a9ed05f51818769b4d0dde22a9dec7fd7d8c91b7,false
820648f187e7cba5103d7d2768870c2f4554f2bb,true
5bb55301c1bd05125ca6ab699a0276011a86cb98,false
021621274fff45de73e169dc32d442b80668cf5d,false
0d6a40a4f44473aa60e274d5c67a41b52e7142a0,false
a5058ad4aec7d525798d7be7a19a988abfb5a9cd,false
8af4847287a977b9e00990ecde2479be3d6ce4b0,false
098f456eb75ac0fd4b4d71369d1418cc85a1d9cb,false
4e453bf2386492b634044c2cfc04f379df1e622f,true
7b6f6defd7fe7b14a6ef45cacf483091ffa99e7c,false
9ea746d1ca523063d830700afea062ab6c39f572,false
2f4e260f66a2843ef2a10486753a523a3463031a,false
1b3b51cdba631f5c17b0c31b872d43a47df2117d,false
5e8d71aa04f9c0a6c0c74c65c45ea5031aa7bda6,false
d76f314ebc15340ec8624586e793b9df99ac21ad,false
7692ee29ee57101a8dcafdf13a97b924211784ad,false
ede0f7e981dc6b703f0db58339e1ef0c92fd0807,false
91d7abdcd0872902d627d15fb887138d71db5ba5,false
0626e2242ed978cb45e1eff7d1b95ac2fa307bd8,false
ef648e587c0d8c1bfd3f9086d786828228d32472,false
b8c0223dff21af001026db79a390f43ac2d5a12e,true
d4068d208a92c1d3a362fee8d6ca9c84c6251ff2,false
67bc278cc8a96bab74b6a9b2302ceb6257050f0d,false
c8b092684cc870400f7d8875b2908a2679976bbe,false
b523b13daf2cc4317c4c12e717d75d2f8ec4cd55,false
913f09fbcd141df29901fcd76f4353c9a3906530,true
fb2996538ad745945ff0ac9056ddfa5aaee81ce7,false
89b624bbb735d83eda54ee55b5c301d884aad976,false
c1a9f2d945075f5be8203cd947b626c6cd27ef5d,false
333fb924a850d2c210caec2dc22e53fc8a7c65ed,true
8c8b6e608659b812b3664753e8e92f684f52be55,false
9fdae7a060035e00fd559746320c04334a7fd1ed,false
46f07992d0e8d9082742e3829c833967b13329ea,false
b3439b4bfaa123a180cbb8c8ec3fec219848707d,false
72a9204eafca7e5d8aad5347e93ee5ab60b24a6c,false
c9682714465763ff0d7cfc913fb86977749d9ff8,false
0e8fb56170e653b1ccec27232ffc47147ac5e712,false
c2a5dc0249073ab28a3df0932b63a6c619f99c59,false
f8b49a227b07562fc006dc66f3342d0827ea4a4a,false
6223838a53a4f5868e6ed71b4dcecd592998492a,false
8f12282b202f3cc00c38b90413513f82b17e04f9,false
b2c424aabbfa2a4d0eec2735965e76ca75774439,true
91541879ffe10fcad95b6a33045cf394197dd419,false
d69fc800b88e593069839cdb777ff46728ba08ec,false
10fe8d4151ffb97aa6a76678be683a0fd9f32ff4,false
0e856d848b33727cf9e3356d31114d62dfd31fe8,false
8473aed29316715be9e54f562822a1336898ab70,false
aa1bf3d9b7b3b403e0c417d11585a8bee6eb2fb2,false
76ec479f5419e19b1c124a9a5f6af345ed423898,false
a09f92a00b2238ffb771f4126e52f1f254a3778a,false
15be5c895967e04aa30ff74aa265f48aa7fd5dca,false
5c64a3d0a24833f52c800e32c2a3401246596020,false
1bcec48651cba6d769ecbe52921133d5fcb5174d,false
fcf9734df3986a38ade368ec0e32859e521d87e1,false
f6c956cf79a286d3dc769e7635b0e2dab36d35e2,true
f4fcd3195ad128835f76e8fe9981663a24c6b840,false
ad5c33a05d107ae298b89b8f6a779c4de3f82e5e,false
6aa9d7448012fec43b00596a222c1be42dc139ee,false
edbe36c390d49ea4753a764a1c3cd3f93316bc72,false
6f5c6dccdd951f44631dfa7897748212f45aa309,true
6386107f4f34bbf100148a546124efdd26386ee0,false
ef6d44a04f4bdf57a99a5d2693af64a886540ee9,false
27d5ee5d1d8f3076cf52ac49e7ac99a373c3fbdf,false
601573cf9b55aa2681507375f9618acfc8c8a514,false
e04d6b1329ca1d500d5a9373c7167aecaf1cd3f5,false
ea16b957d02deeae2c88788515753c5cf236aa47,false
73bcced1a41356b47647f6225af3d8b63bd43ecb,false
f4bb988a158ba055d4fc5a6441a91c748d690f05,true
1c3836d38175da2bec2cd8b373846b61c4078421,false
500d873985633d3c21cfcdd33b35103422f76048,false
f3b5ecea42e6d67f86285abbaa5bc70e24c6c695,false
3597d2d4ce4a177ff6e0a4762898baf5bcacbab4,false
cc93dbe5c1ea919bada1f9fb7dc12b7412f5369a,false
a76f1f6fb3f227bb6925333b98f9dc3929459f77,false
93185e835000b1162ea157721eb29fb01ac0e03a,false
c9b8999123bbd997668b3ff881dba5078a36ba6d,false
99b3c7c607ba402c265d97ef49c403453e11a9b6,false
fb0bafd2b085d344a7beed5804b75d521741b313,false
8c9cf710f22d846b9675f328e08903cf321ebb04,false
42cc4eeb60179101f4c5c76beae316c4978e4139,false
1335e5174112912400f6c5a51fe5a6e66904caed,false
e8ae2467970636b4ce30955364c7ed103fd847ed,false
ac9aa1b4dadf58145e2c45155af6d71b673ea818,false
d68fbe699680299923889eb61f12268165d61aef,false
2e9f833b531c35f075b8bbfad29681ca9da57a3e,false
dcd1e9771c294d9a04a8630ec4e474dd53d6e436,false
7a3e336d37b32c688b07ad6c07ca2e9e1b08fc42,false
41f7fa7788efd1f8dd6031fadca3ecf7c158dc2f,false
4e6988dc268af020162299d92aaef443b3b31b12,false
ef8ed6148cb0a480d92f0b3d88cd5a33e872c9ea,false
e28a0b60c87580b7662d1bc9c6f58dd5d28d9dee,false
d865fb78c4b2072e07df9e6f91a5ac48cf6f5515,false
520d28ced992cfbbbedf69fe309f39d365aa5c3e,false
defdd8f8ca1d303ec5be7ab789e22b7ca5084a6d,false
77304b5ea1364c48ca755ad9ef466cf67a0adf30,false
d8520c021df9988e37947c1ab4455b44ce6d2c97,false
cec9439d7e7a28ed5443b9dfee81215da3383059,false
8c222adcddb1b9337098aa0c33c6f2d1b3ccb003,false
5952a6d0a8f8569da37adfcff04f5c4bb40eeb37,false
6eff296f68035031a29247086af63981a0e10ad0,false
372d192728003f0e7d040a3bfa8bddee333dd9f7,false
afe3ed75e4e4b6acd3d34ed70cebd37de0e55fa1,false
743e3c42a3b53401a88f5c2463b871f313adc3fb,false
3fc9d75680358872d6294a057f9725e34c017ed1,true
ed8b6f649699e85cbf0e8851f3e647c300854bdc,false
bd527abdf21ff6af5cf83533e72b2ab858755070,false
d0a990d1279dd0c15455fc327fa9d5a4aeeb70b2,false
5bcf502b1c3a7f7fe70f879c2de716df93cdc28a,false
8515c87ff87d28aea5c59855c5efb47a2921d835,false
6d42c171420d73c3bf7833ee11774a6bd9de1cbd,false
3abd4c0e873216dd7c9b3e47f9cb56618fc0beee,false
7d42012aa9dceee3d8eb74c99983f3a1913733b5,false
70246c3ed980cf915c0045f1cf68c110a6dac0b1,false
8ae33f13873f631859bdf3970139235719923dee,false
455293f3236b029ab2178c102fc59c4be8e7f249,false
d71bef0100e05a76f48475d4c065012781aa6ea2,false
050fdb7d125ae39d84045897a2209d41a335bcae,false
8e3715a60004b9a1f2b6195db17e58e5cd2c89df,false
f4024f4c44afc4d38c9fed333600c4fcfbc97893,false
cce7d2aad15f38f59b1d6485fd61a81f956b8232,false
cfc589eef9d0ac6af9176585157a12ef52d02b76,false
e41cd06847c0755c4158afe06f9b7c3bcb06217a,false
e41135d9767123de5e105c3e0cea516a8f23cf51,false
b1957162cd45d4b017fbf373522812b147eba104,false
5b484a98bbf4287aec0409627bc1ba61ea1b6878,false
5aa5c4a81b71f85f0b4fbd44c801b7bf6126f81c,false
e990462c146aa4bcfe6bb52b8238bd8e90fa4eb2,false
6b52a0665194b8cc46d4f685a791f8579e59f0e0,true
09927c3bb03f16e2e10153c21563700382ec81ef,true
0971d6d921a0073c18b7789734b350ba5d06360c,false
a06128e65e86cc1871dc60540df46522ad500aaa,false
8351ed7ef9f26c6392a8e4d72e3050543e03700c,true
235e353b69f063a687f1bcdd0b363eaf294a112b,false
e9874f332cfe3a5e9b4be0ae4fe2de5cf8fbb8e5,false
f88c4caa1dfcfcdb998055efaa5fcf99fe3587ce,false
8294abfcf793f2716f56e68ee22afb38e02f800a,false
baed7cf72c72d7339ec528fe3e3fda57e9d32bea,false
f4d0161144898960a9744fe74ae7ed57771be2d2,false
92aa5217a72ae508977aa0a5e1762af3671c9b6e,false
2cde39082a5e1876ae17d7f9cc13dc6f93ad3f78,false
76167926ae8808a46872feb86df3e0f93ff7166f,false
f8325d4e825eebbfc5a46299cb51e6d881714a52,false
0408622f16ee176460aec31d6632029b75f42264,false
c3fd6632787ae2daf769ea4ac501a3afa3b1217f,false
f40591987aae4054f49d2ae72e8cfaf9781f43f7,false
e24f32fe258aec0a164b3e0b515fe4d91583316b,false
8f0364226b3cb171a7b52be92f2f94fab48e634e,false
054c8aa20662158b7f6cdec0900e53077d6aea3b,false
3c9ce15f43b3a1f5a3c83ed5be80f9cd1d425054,false
3078825e75abe9974203c9dc6cfe4a363da737c3,false
2a3de77c4ed91eae065bfda6b8af3367d18721b1,false
ca1075afb6d9598f47b69406c537ecbcf25e2f36,false
88c0430482b832262735f6c356c23ba71d5b332b,false
4394fe5f6cb6cabef202346e888789a80d0f539c,false
9e50de3d5ff197c638b384c52f07ee92cd94984f,false
bbf111ed0e551b1e56d144949307231727f80b76,false
4a3de9e84e300d5d76ae9411f11b26988c0dc2e7,false
57973c26ea6697ae9c9ce1513f4d53f965f0d62d,false
b086d002e772193984edda913825dc059f4e3519,false
aac04d6aaa70f39cf9578c17ef76b75a5e130fb3,false
ef357f619e4547c0f2b80145cf6162c99fd2e2db,false
42080147b3ad25e4394b7351816f3889c40ad56a,false
eecb0de9ce1a2d69b1b5fc785231379cf72947f5,false
490a88694dd5657bfc7d9dbeeaa61af42a7efffc,false
6efc509f6a0447a2db998fee4172e815da7737fe,false
8e6c2bcf95ca9441fcc4359ca7273f531a76c1c6,false
011786ba8a78634ed7acd1c47e1480c97b93355f,false
7ceb847d77ad08c2a35c6ed00e17756fad4decc7,false
1b17a6e16a4222f469324614e7b4f0ba5dcd07e1,true
15204ce379917f001d627b454c6a774fc5c6d5d6,false
b9b7964202b73be4583b8b56d6adfa6624055217,false
754f2996a8edcd3370ec45d4131ef3164b9eb138,false
591dc6061e6dfbf70ec3326eb1bf3fe5abadb3f5,false
9dcf70ec7632f1df4c2633efdcd79e1463d728a2,false
d758e04c2e1ca5bb5e49e533eaf489cb5dceeaf7,false
e3f0bed4af3f64390d9d3c3c42e2f8bd9619bab6,false
081e7444618e955796c617a38fdbe141e8f45001,false
6e274aa745de90f90cd1571d1970005c551ebdfd,false
bc3ca79a13be629d7fce6ef4689fb482da7594b5,false
b31371e3837b378be2fec3578017d04e21fc802d,false
6c39639e74ebccd26e1d890dd46ba8f0f13e172e,false
4e822c737328d9e16d4fee7c3bc49bc5e72a325c,false
a5da9c4dd0aa3cd2c675d2804fb93d5cfd8319a3,false
ef67d1be8c0bdc7c21976d211c92ab251681c359,false
54c5b5886f5a2709af71edf23b70fe6ea50c16cb,false
f9a7f0de47d65e8d0ad5066569626e384604ace7,false
a699e4a65be1d122d2a1f5d4f5067df669ebdb32,false
3047660cefe4ca55b9f1a9ddfb3f51518b4ac020,false
0e99bec2cf8356f5972db2218f3dcb43df16e42c,false
2c3fde0efc452fea41e6c431515b836d769d3bac,false
41e8d62db9d26d9e6ad880cf07b8db650055f109,false
e902291f2a1bedfa95db6c7a83fc3c2489c629a0,false
8f2b8dbd77e60c16f364b6f222279d08fc6a10ad,false
6c7d4607083fed0673461962641063b58aaba605,false
07e665ed51f5a02dbc66dd3188354c99c3d2c5b7,false
0d88dc4cccf9080a743072d8503084492be97518,false
0545d92d37ebf208333e19f27955826df912c658,false
db15fa6cee08f9f040ca214e507cf3327fd5b42e,true
62ef249e49a14df837260c0466e5b013678b85a7,true
4bd78bb62d43a80c547fe91ae755fc4c147f959a,false
0731eb4c6eeeda1f1f325e94002a1f7ff4d05159,false
3868970d937f96e5bc7138c7ffb3fc4cee767d06,true
e38c7b16d3a2080b95a9deef17b8ea9fd5142155,false
0cddee11bceead930c8b9be85c872849dd86252f,true
7f16598bfaab6573b1dd83df7ffc09c35523e179,false
f2a89c3fd91090e4691b7d4c24378bc86d43662a,false
82c60258f75bad7280422014828ce81c8e171630,false
ab5c8e337f6440d7a880954ed125f179699c9c45,false
d65e7188f52e85ef10fc714bdab4920ca4cfbf17,false
80776fdee18fd974e330a6bcb867718022901b1d,false
7a4a233b1028f65a79cf1f353b83e0e9eeac04d7,true
37f1f298a29f8af685bd5f81aedbd72f350e4557,false
30d6d28d0a83f270172dbe820c5d6c8090c6b624,false
4b31c7b89a45887bf8d37fe394da9a82733316b1,false
a37248f1c9145df66ffbbfd8a266a5d7c3e04474,false
04203cb811e12ba86e28bc3e50fab0abff175669,false
da6ea38251552b2a8b0b253a4d0c5c690aa4c9ba,false
fd3d18fa648862c920ff825c3d4e51a552c733d7,false
2add97b2065db2fdaac535b021b0d6a761158c94,false
30054a4b8fba94f024722574862aa5e24a861a08,false
333d1794b12aa2782fd860dc3bfb30491df81a36,false
42d8e557647b139379688dc20ca75fb818a19b82,false
ea1e072955343d02b682f1f6c9e306b88d272230,false
94b46ef6f2aea92b01600828187105dd56b1b2e4,false
3a941d857ebbda13af7ab4f27eff2b8b302013ba,false
89a8965d21df03018d0439f873bdb4d394742b2c,false
8668622a46f9d153d1771b0bd0074b2802324072,false
ba28853bca2b7f8581b3b22fb98e3225d842452e,false
705062ec33731071c918ed5a0fcdd4f6f21b6602,false
7e10e9b1ea65ab7398809a51299e8f4dbdc8e3de,false
cfc5d8fb53ff3b6861db4db3af8948fbdf60547a,false
e1eef8a7c6508294477634f31dc4288ec6ae0ae4,false
0818c595ee0f4a92ef91d4b3fda07373c24197ab,false
dca262c3f25b65ba831ddcf5b032412ba3d1ab17,false
3449096542254b96c080119a95870fc02319a8d3,false
ef2fc80c326ee59acffafcc2c5447cca3bfd6dae,false
3b76286300878fadee186545e9f52423eda4561c,false
bda5f0ac3ce61f392b9454cd9a2f737def439f9f,false
9003a285c6e44ff9e1a927feb1e86ed157ecc410,false
9e0d9239dba0e4d269a240c86fb79622c1433aff,false
6ee576bc76618bfeb4f3212973c1f4c59f909393,false
22f6fb3663e342dd971125e974c9197d020b474c,false
8674650d943314ec821f865494ec339a005f471c,false
75ac11ef8ec8ea7d1c6396f0f9ad48b8159f5e5b,true
96cda0db0103558991a40efcf45ace326a1b0303,false
0d19a62b939be2f7febd30c260c1982275b45d3a,false
531776a799a3288d1423cef920ef409ee00efc36,false
6ab0512bf887e4637861d1613c318a21709c06a0,false
59e63d5a0ee48b88a41cf6f1fe684b99b8385ffc,false
f98caf5c8131b721dd25fe358f60f2e2ccc73e69,false
e2f6a6e737b1b65dc6aa5995cacb4be55196291d,false
b8c61b1a45fc74c275b00fd285162d013334adf9,false
ae2daf61143dfc100e8c07ea7d195efe3feabeac,false
2e118442bbc3ac0ccf7d81ff29043a7a63b2b308,false
30a5beb8f35532bd06853df5b26d82823cabe824,false
e4ad2c66a1b8ef9695532132361540a6eb81e8ba,false
b06c1f595edcf7f75eda9dddf975fa6279fe400a,false
63cbbeb1b8c2a62dc054b4e930d12e37bac578a9,false
84b417ac1e9a1802c549f5eae24130972cd9a7b1,false
24c5663c97362979a23c434dc7d69380b335a826,false
7c7f893bdbc081cb8166b1b06534737b09dd21d5,false
6b980349377be451fa7bc36e5efb89d1a48576c4,false
400dd45790fffd0b414ef479aee9d08c7d4761be,false
9885a01601a24d502aa206bc2aa38acade08888e,false
9717ab214e5489bf3bb7c3c2142c66bd1ce3cd96,false
8a39b95da7df5b9e4f34a1c0ce95d50a19d406a6,false
29cfc9dd1e26fee3cac8448d12c0edcb762b2ec5,false
8d08f2fd7ec794b0609fecaa4c6678597e888c5c,false
ddb84bc9f245f31d914ca902c1855374b74f2c73,false
b9f534ed27beda0e3a6f377095948c1d2645a60d,false
a6e075736afc772a9a90847f5d4b3c5d8543d9d7,false
0e7678c9d5b60dd2f54b5115a922b53e7b195be4,false
780b641141f6ac37e1b504f4d3e8b71e2d77aa4c,false
0820afd2594d0bd6567ccd9cbb7b7b38b7fbad01,false
49c22c1b00a26f61459b6dbd59ef52f5593ed125,false
1350301a25a1e3441b4e9d685361a0adc5826e0d,false
223b78027aeebe98c804e8e806c35839affd7223,false
526c671e631eaa8678904c85a67f23b7c3c2fc55,false
06645e770191d906570f966b99e582507188ea97,false
00db16d85c8250204e5e4d46fb391df606800be7,false
02b151236d94a5694cc0342b842777db12e8e35d,false
e4e23716ae98e7cc828b08860b3ba598d6f0b35c,false
cebc10d5e7ce66e1fae198f88a9e7ef4ec1669ac,false
b55f7c3e0145b418ef8235d2a358a96b88bda75c,false
448a1a6a21b1ee1959061a31618c2dc94bfafbff,false
c9a3462cb66e7143ae455057b86e4f553a8ae0bd,false
1c86821f61f102a1de0ac54666147129051cef19,false
369cc13922b558011d364866c2a20a1a220aa299,false
1015cf5c01721c78cfc0b3d3b3db68c5d88b1522,false
62eb9840bf2d464edc6ed70fe8cc55eb02934c49,false
aa54f42758b4c2c32f9083a6c7dcb19a817ab199,false
eefc6a4e9b7d0e4453c3faf53897181040e81caa,false
f3e7751fdc5041fded744bcc6a122551fa97d063,false
eccdb774bae3fa686b61e322ca5a94c3ddb63959,false
46d7baf9d7188514d70de1b6d63862e710a0a18e,false
a0683be04fa1e7cf9dfffb1e43618ebf203f8cb2,true
57dd13907171bc2c03449c4e415a8053b5afd925,false
aa24c35d1a11807feafb80b897e60b1ea59bda8d,false
be3a39afb0c47ec2482cb39d6ef93363288bebe0,false
8f7a031d5b39bc0d8cd7390ca9f85adcbb43621a,false
6848e1a49ba8705a85725d9d5a2c23fec02bb9b6,false
356c07f7710f505962c68b49090136dd80a7cafe,false
06d73f8980e1a1e3a8459b32ed710d7f60b511f6,false
db4b1275f13c2ab1605031592f48764198d5386d,false
4530e06f7ab5d5c260f6f717e7ec47ace3b5448a,false
459e7de9172a370bde1fe958dfd7b30bc3e358da,false
c5518bccc896cb0d9a07f89ea298d1bc8f2c6ef8,false
6eba30ae6052245f6307b0a61aa418dc2bbf85b4,false
1c8e4f63830043547c08eea2ce89b8b2235981d0,false
7abeb8212897f77938e5060d4a9a3efff9c5e19f,false
3835f3a08e7b321cee00e3bd356b36baa67a0f29,false
cefa5c0d5d1665620fca515d32ce995a2ad52936,false
d095ebbde5880074ea37da032aaaa03fdb8e8992,false
69307e289fbed430b32028668564b3e46cd9c990,false
4c4c2c293f2390d2b644495e0a76ba088db7546c,false
483ba99339caf60ca7e90db8039af3173c7b79f0,false
61475634d23d5b70be1cdfec40bbaf87576269e4,true
5a48c43708f6869e5fead5b88b2acf1e3dc8f617,false
ab891bd57ad63e3b308eca857efe03d466c7df23,false
12b475ff9a443798e610f17b61b72eb4a3677d15,false
59e5b7cd8b4d5b6f584a7f2e2e3d586d39e0bde0,false
92c4057aa4e7668d26918f1d57656d1a1e076577,true
799db54d0224419274c5f0e430248496dc13e466,false
8b0861d6f40189396fffc0bdc3db2380b4e3c4f4,false
a740ebbfcdff6d19e8ff2334f13adbf6f2838409,false
f9ddd00f3ab26b6c97057d5dcbe27afa02cff423,false
9c901629e4714e6eb3dbd21b5f94e2a7e6b33c87,false
37f3d820ab7167d3d5827598c4f1d0b829bedc8f,true
3c23a330b1a1c20901efc538f295f4843134bfec,false
32a8c1af3bb31a2e17d2ebbf5df1be4125f118e0,false
55411324fc0ae8cc66c5b9d01221cca38e455474,false
1982de0d77c2dbe74e495ef6cac0a255b36d8b21,false
a4411e953cbc75215fbff4b410a5dc6932b3dcb2,false
562f8949f6aee4204e1c7044d784936d37ff8808,false
fa249fb210362bf87fdd22b5c51dde3971dad994,false
d903778efc192101ad9ac5b08013359d4b3ad8d5,false
dba7ddd0e77d68ec8992d87772abc4a64d8df5b2,false
11383a09cda3940164a486d2a5fc31f2781daa2b,false
10d589c79e1b394ca2ffe59ecbc6e345f1fd3d63,false
9d1cc93ddfaf1f75857456d4f3b40be9354ea294,false
c8aaaa950060451808055756f57ccbe1f5c65b38,false
ffea12b05696c1d353f5c42f9b451139067e6ada,false
32717c6e037b870074edad2005c9dd200f1a4bff,false
2ceb5e8ecf8af5eff69ad96517b8f0c4dd9ce39f,true
1e4ba1caafa223c981be35c11f8c3c4de8454deb,false
e62237c88f6d07e79671036b31895dec03115a3d,true
051e6aff1eb41854a908bd37520986ea108001f0,false
ba795498ee26653d6fdec8843c582e11a531b90b,true
c8047c128ca42b8a53c18bf48955c55f6bf85e12,true
8341496d0077d6ea54af795554d6e04de8d87344,true
fb750b3a62ff2e74c76636689549198344e61763,false
96f3ed1d3daf892162659293ad2cf184f74e7510,true
eaf0bb6373dfc785fec4af80d41c745f37b35681,true
660d7a06e64a9107e12b30f2b073cce4a315e5f5,false
f49e4cf7017bc9d291744c54120e87e9d1c6a030,false
b9c6eb933d53f29ceb62663fe4d77098598b2cd8,false
af70d10b39b446bc3fe1101483afadf06e9b968f,false
e842d2d9b0a89cc367b452ba06eb0ee61f5d5977,false
ccb952b1e4126ee1cff40235e65c96bb5ddb18fe,false
73b248defef651304777d09b9028ddff04433eea,false
ce363ca39b6e5d529f7576427e53a8826523d4a7,false
534e40d515679be4b9c37c37e45ee6d8595121e0,false
d2a15435a696ded2d6467580802729e4f0832123,false
4d8454a7f686e99bb8c11d1350fbfe8b327634f0,false
b3d634f6d175df1a76a740a418ebe51a62bee5f8,false
96c86328ce5ac6b2dfccd905834c1a26de407701,false
ddc8b4c6cc2912589bbcf2d9d609816cea7192c1,false
362279f6b8e212ad4faea830b9af3b2ffda50683,false
c8c30626581d6b62180ecd96a0938571047a9d5c,false
37483872188a4b0b50fc21c72bf9899abdd6122d,false
e958547fbcbd0997d5eae8b556524dbe629d6c38,false
fc9805db597d5c8ea2fb9014ea7b78f2979b9868,false
710d3378b50eccea42163fa551a55c106a78ecbe,false
b46a692757ba2ebcacbd334c453330426ba3d600,false
f07e07f3e3dab644c7da65a29cb1d014b13ab240,false
e49812eb9bd8966c13b3fa8c0f9d5c3225d27158,true
42fa437577bb5e7c1654bfd574287d4229ab1f3f,false
db510c6f565439e7efcf2c57d833196978944937,false
d6817ddc7af4491414de87c7a3db7e3d48ddc9ec,false
fe677106894a1b9769c352f0205cebadbc294164,true
cc99fd787e6d0f20ae165172a68b08ab4bdb98b9,false
d94944c5d6c2961e9747dea066b36510e7065b4e,false
45f2077ff7184efbbf18a22219b9186507ef0fe6,false
9e3322d21385d7613db8030ad32d3f5e923a1905,false
4f2d80bd3f4920a642f0201410cb1d226d112bdd,false
b1641d24f4919f92ec2b1a6f194e388eb5801e86,false
239bf418d680c9f70535337a0a18e8a4b9ee0209,false
c0ccd221567ef0e8ad49f59f218824b8302f1bca,false
fa16be2776b9aeee5950335a7427efa7f57860be,false
3e2fe59c66a78cbb00dbd941a435638b90860ef8,false
7068d1c9e6e2cabd8878b23935c3293bc313fc1a,false
829d628169ed00354087000b50e3da5ca2ffdde8,false
931ff4a44239c7db71cc8eb82fd47075a49b1ead,false
37ec8f260ac2bb7b245669b8b2065e2004ef5ae4,false
f7f6895b320030c9f6d307d3bfdddcdcc759b202,true
3c828142556f597e8c3e7c6cb3e48b365166aca0,false
5c09d8f62d6a230cf910e7a0a79e983b60d148f8,false
fa511b4cd920b2317fe48c49e65377373db24c97,true
ba7bb2bbe28fcef771cb432cbe39cbabcd083952,true
00ea89257dab81c5ffc9f9676e4a14eada5692f7,true
0c5dd093b42d67960da08975ffa2538255cc4f99,true
233697343288995df6575cd1b3d673ebe51a1204,false
be6a8a57f047f28fc66d16ae9223efa1185051d6,false
6d1f47808ddf8ab0b31f8833a324b2adb451dabc,false
0bab486feba6ca3401635bee77078b672623b2c4,false
110f0d76c855492b8588f0845e8620d34f5a9d87,false
b17a38e5cb0518a686967e1967a9a39df1745ba4,false
b8246853c8373a86671305635d4ce68905aa5278,false
bb199f82c893e50257403ba5dddd4cefcc7e8dcc,true
eeee93118108408cd8d3acb305180f4feb6405be,false
a82efd967109ad9a8bc213bdecd8d7057f6177c3,false
367e7a8db3f67309cc0466e9b52b855398dc51cd,false
5d143b415c14d6510a8d8b2db9cf27ddc3c3476a,false
a336129c5c0b5078228726e8d2c4c4abed9bd340,false
286f98f7dac6a93f7c8f6a5cab8c146cf80065b1,false
811c8368e6dd7f8f7f968bfd7b55c4bf38f7d293,false
4248aac50b759f2a7597caac0a48d0c3adaf3a87,false
9092bbbc59b25752b10baeefb2dbc55b280427c9,false
cdc341e91b291cd969fa52522f16aba9076c643c,false
38cb20a327b19b8049fafd40dba287872bed5c75,false
205398f2e650353daa6aed8f5c844d524a45b0fb,true
fe756d9d227b93f0fd20c2d69709a8294717f4fd,true
af473f0663c8d321bdcff06351fa7894c003706e,false
ab1b9732e090d5f040b50e3d259fe902caf40729,false
c5ca0d0dae7e107677ce5b429f193c152acb5968,false
42e5c88f65af029af5b131858810698fc22e0765,false
d04d6b5b5adf2b8bc32ee0115f93f36f6375faa5,false
6207f3644ebaaa5f622d5a44527a215e2d6797bc,false
c3cc9a1e1448df12ac786d01639545c94fa194d0,true
35193633310e9f2aedf0c1c4ca0e308d388e3201,false
e05be4f5b7fd4780417c4e09dd413848e4c1a563,false
fd70458598f8d86c515a294f393ebb9528ee5357,true
39690939f90700f6c806d1c1ef292693987ff9fe,false
0277a1e23dda1d57b12289998aa6996fc4df75c0,false
c78ee3d02e7720fd84c30fabe120c25e0f7bb2c5,false
a38add7389108100da14b9a043071d87ec2308f3,false
a184e7d1807559a0b60c3c62514c3cea98aab7d0,true
885854dd353bdd6e8a25bb148e20d10bd2e9e557,false
e3dc8ce956247acdcd35016fe6e707c488d41429,false
57f9add66527760ef9ed319a8123f6ab6512f62d,false
4ad634e8773e910629d3ead933087e682bf96409,false
4dae0406f99c7242ac3ebdbe559ad110ec0cd479,false
abcfd06af199c2e3d09d6449b1ccfaf36e4c1430,false
1fd9fff72abdc17451464dae38cbd2fab50d52ea,false
e195c23ed745c56531fe645e9141dce103649f07,false
04901bc27f5ce645abb392b1581ae60f8f9e2e9e,false
67f67a86b244a43c17a6ed437e1e183d7ee9d91e,false
606aba827cf94a249f083ef0d5aefb0f43dad95b,false
0e41609a93bea7ba38b5d22e0417ae5924a3ef12,false
6a80b0fef2383f10218072e97d99488b3a47b19a,false
0812a5f664421dc80c7a64761383952df6db3f09,false
7a10fdbba7905a324aaab29025a7b8d38d72f5e3,false
164be37d4ee6d55b9865a406678b02cc95413226,false
42cc0c3304dc2b30e8d6a50042e1f3128f23e1ab,false
161319aa04e2f51316a3ac761a214948487535c4,false
3d37b78adbe5f5308365d27889efdaa6864bae7d,false
e5647a502553b113792164f10de001b00b637fd6,false
1715092e8cf9f47eff0c92c1113885be36df2b6a,false
1deb729dced9973f23f58286da5f0c630a813380,false
7b4f2bde55b192e0c38be7c006dfe3178383ece8,false
e52267be6501f84ecf0c5a6beea6bc603a4322bb,false
092ff685013b153972feeec8181517aa5ff10478,false
01f95077a06b84808017f21b99e22892836c9da1,false
a4c79e313a6fc72b91080de0ab8b92726d73f339,false
255750927839c78fea5e9cf4ec6b5cb9bb4cac45,false
4fbe0ff159e1d3d43d8f6e6d899ac7cbf23176c8,false
46fcd4d82e5ef4c5b938fd9cc8ec768c8001cc85,false
d80497fc3c1b889065201512065912cfd0ca9d80,false
b88788761ba6f58c2e202e0631506efdd97dd0e4,false
f79bc0ceb949958738fdb3de525cfbe6dd17ba2a,false
2618a979df71cf036bd42a9bedade857d09ff4aa,false
8b84f63211048eb7282a1917ec8fd58343554c75,false
9a34ffe07b2ac325200378cbadc085edbe693cd3,false
c38bfba20aed12b9dd7b6435de0abf392c946c71,false
4b768d532c566c812f4a61b3d84491d2df6e5651,false
f8c0aa48bbd6f2054897bc8d96d24a9529cc8710,false
c1a6db20da87c91b8e7504c213e5767361f0162b,false
084b3772a1f59192133124fe0e1bfa3a4d3ae4da,false
c3856782d33de2d9ac054a7ef4235190b41bc761,false
256311324b8fc6394488ff0e287741fdcb6b29d9,false
adee56b15cb754d7945ba524825ba08dff75af4c,false
f9213c94acfd8db8bb72b02b7ebfccee9d05451d,false
0aa71e223b7ea472f504c54f16567ef3da116bb1,false
7f621745b2d3afb355d65b1105b7aa07a4638ef5,false
7010391a1a3bb9472bf974398bf50970312ade05,false
f78c1552c87b7b5dd76d3d961170dbc44fd2c01c,false
543fd6a494a8c64c1e4a303c155888d00b4d1e6a,false
2efda22751d2cb50ffda0e4c0e0c91be193ec715,false
87b884613962ee6f749df443db8fbf5500423851,false
d11d68a49474935365a540929e44b12af0d8202c,false
0849d68063e346a5b657f982dca65b0566218b59,false
f2d0d8743a037a3d883ae0c6d6c9e71d1d1fdc84,false
a3029db012a68493c4fe5ab6e78dcb38a01b6d1a,false
869521557bc2182b340dc905651f2808813e3477,false
21a6e84b66647c38deb4f93a0e114a67a2c4e0b0,false
f387b92b9ff532938e0da715ec9df77ca94cb54d,true
ad297f7c688a663cd13f6745880e8980587bafc4,false
d6c35c603f976e359c577f92ebc66e63baef5e17,false
eabcbf49f8d1343c10d9c04d406a80d86f98f379,true
8c4c5bcb04628a24297f0e5f58dba6b2cd760337,false
bc99624e119f0bd9c82b673188572a16c364ef39,true
7b2fb5ff2610e550ea77dcb75edbf80c70b42385,false
7dc6b1c02595e29e26a2fcb2dba43ddc48c7c219,false
46815f71555359a19495acf9509621c1ab5b6fb7,false
ee1c86f7f5e3d5438f5a7962737ddb726ab5c345,false
866e913c57e1d625649b3590d630077ee4f2e1ea,false
7d47f58dab2812c4efa1b6dd8fdba0f25336fe32,false
9234aac2251f84a1aaf684fd6464b74dcf973777,false
26da5b1f6a8fcd24e8966c1cd6a39ea48f11b7e2,false
14461483a6b9bac429812dd6c4b575c10d0311d5,false
d331c6e08b4dc83570a3436f0a1dcb336141da13,false
1fa09af6ddcf5431c572a881137bb46ba0f4416b,false
46b8e8140c7a84540ec6b7aebdb19767a3eb8c09,false
ffa01da51ce741a030029852611fd6e2659f7718,false
4e21a1a5b7177abce58aa0eb42835facf779466f,false
d26a9f7c54bac1dfdbd0d4e6b2615aaa8bf650e5,false
1f0584ff7b1aa6eb6e80eae947368f0eea341cdc,false
73c9a840ac81988a2edaf900171f3903b985b071,false
1d19d5f051b60f49affce4bc03569a9ced887119,false
48d3c5a189ac82a3e4b2202efe2915999877ef80,false
9de420313234c84643b5c6123c646febef191347,false
580019238561434dea8d1f96339427c7862f1fa8,false
d28c99b11cad0db58f9b7a4fc60b4714a243890b,false
cd278c8a7abcfca98f6b5d2a0a6d7031b66f3fba,false
8159337ab12a371979173ab0a440d314fd9a1378,false
9448570109df95563dc2ee247a565c679832dc4e,false
878877fd827ba172a5fb01fc42d8fb4456f861b4,false
7cacef0de3c705c336cd8bdac19dc152e29dc5de,false
6466529c4552cb20dafc33b2ec77c79eb2b524ca,false
31526744719ebe38a78afd04b75b857a4000c37f,false
cc22d20040795f344b09b94c30dce14f81bb7968,false
153036d46c8ca6eee10332f140bdf038fab46195,false
06f3178c6f925d4e1e1d33fc4d4411e1dcd59023,false
61bc01a23757a47ea5865e849b8b2d90e4572405,false
a128cded3e57bab5b310e6727d57c8a4fb0cf1f3,false
303308a1f039b8026281557c2087b26e8f3744b7,false
4f4d063193a5e1ba9d1ad2b12ccb9038ed8eb3e2,false
306f67abecc320f29d3cb2748506ee60f0cdb0e0,false
f634acde7c10400d818dfa43fcdce98b5dc4d1fb,false
9f54eb79e9bf48817445dfb81215e912f3991b6e,false
e5a0721577ca59a36a78421c51c6218b01bb8950,false
96f8967f051c080873ccf98a15a61a00221b2709,true
0d0f37435c6596e574aac9490dcccfd2794f1984,false
9b33702ce64593d224228d76745f2b5094adbb91,false
855475c3baf5cb8541281b795a4408e52b7088ca,false
5edb1e4930679ac4058df5a5892665ca51b4b277,false
daae3e2d349eb026b8885711f763990074859164,false
52674ffcdda47984cecf483e1d0f327b69961dfb,false
bdbbf44a52ddd6f30ff717bd0f261b8288edbbfd,false
e92113a64b1b8f5c5d12d57ca63d996983ebd79a,false
ba27f13a9e99921cdbcd92abe38339ea0e4ad7cf,false
403bbd715accc67391403d9bd9279645059519f6,false
99a6a8c50353d6ba307fc4e17a83d0c8c2431500,false
568d1b99f7c720eb8e34c98dd02069a04d377805,false
255780d767c9c914c17a16729b91f98cd97b3987,false
30321c57772a4ce1495be04cab463815d2d3da76,true
9a65e23a1073ce5a26e660ef26a975f547963ba5,false
8838617a277f08a1129d093381306e55851d226d,false
8aaae1dede2f652b60c2ca38ccc5c55b102aa590,false
69fa54aa7ec0185e8bc9ae0a0ab75fac2fcda36b,false
8a7ac48fcbb40530c21c1da1fd8dc3b6cc0ab33b,false
e97c5ad91f0d34288d841777bbe7bdb8a3fc2294,false
cc68f622856747542ff17b5b7710b0e0c6ed0d00,false
9e77bfc8485ce92c7153a9c57dd6d88f77a884aa,false
bcfd09f7e97695ac76c97f698240962a4d01a3a0,false
37420e1220782d68b05cbf2423d385d65768a0e4,false
5203cf95e6a9836c534bde3ec0c68357631e24d4,false
1e2c72930474c24f864075ba9bf47050f2a639cc,false
0a182bd21d7e6230621c5f1bd0f7b3dbcefadf79,false
0b855b713cebc31a1be361cfe7d74b62d6324935,false
f1b1ffa80737c4391bdbfe2a90b4575751162296,false
180d6968a59be387957135abba296bae7b248ee2,false
afa784fbe870050b122d3433bcc180091b2204a8,false
7fd1de482f218e592305badef55663f5f5ace27d,false
776a8434d1ba5e9f686fba3641933ff656bcdd78,false
cb81778f7d5a3273dce5adc096062f5d30e3f0bf,false
71042ccc3e547f06883167fd7d4c18a72100b01b,false
ff2b64f846f6d21b69e7a0d4f52ecabe8be5dfce,false
8d25895076e5a49199452691c7afca3080d14ff4,false
9115cf36f095e06e58f33230b3ecfc3b4a6afbb5,false
3c158fd36cc7bc6d508940ce978af62b460313c7,false
ea53409b2ad34e3b433bc111963bfff9cb72d94d,false
071285ec6d9cb91e7fd53c0d9820c62c2891fb52,false
90dc4e5041e9a3a7b427ab9f2e3db522aa324751,false
eb7181d625ed9a3653ae6c9c65d002c95b1baf29,false
af0c7c594a94fc834fb924944cbdae4f78c67410,false
3d0cf388241217bdba8c9649e4f31013fd0e52a3,false
2c48facfd19104d47f05468cec705e964df49182,false
cf405d6785b1b438d931530124d20abe7f6031ad,false
7ffdbe3f768f955babb1b7d03149b5b084357add,true
78331feab80051f08765294684ef3f6de18f830d,false
6daa45f07efe3f4df92b5f5f4db48309a92676ae,true
82dd92c121985b30c7041ce3092ccdd274bde7a4,false
52d343f283e99031d6f29fdcec57c89889d3c6b1,false
335e2d4893cbc2a32b54e6b3dbc5bb1545297f79,false
7a02e389591e7615b14d0d19acb56533db695beb,false
7858d4cd393a03b323305459a680f38200280abd,true
f93d7ba50e6249695d4fafb1e28fdb9e9812af19,false
376124b7d1a90679ecb8421c752b5c40720aaca8,false
f1d14add4473929821a91254073c3dbebc24934a,false
e32098ccb5524969754937ddf2cc3fc94c68f579,false
c6d9101de1bf1fddd2bb4a4a49d3582995d8b9ee,false
681f4aac62b86fe63e2f13ed2ae305e91cc42dd5,false
3bc478c77089316e6dbc7140410c1df558052568,false
8950e60936cdca5abf34c2e51bb7ab02cba2f0f2,false
c8d0eacf9b6b83f05d84b057ae8fd008cd0c476c,false
ed459ce6e2dc4150d4c1901c6a0ea4733b3add4f,false
efcb62d9ff296a294ef709d4f7221a1a2b7c6dda,false
dd2cc68af14c1732728878290caaaa5cda8ebc75,false
3c979dc496a502c584cc501042f2518d0f0239a0,false
be64bdc6dafe08c1aa73775243ce50b32849150e,false
6a21caff18c46cdc4bdf07a63358a21bf6f65a9a,false
219e6b5ffa0db00607a73ae12e2670d746a3f9b5,false
0d079a0dd09b99740afccb6c1271b73e5f1c97e1,false
f8163e025e0fcd96c1c171d9d1e0da911b95d4a1,false
a7e666688d1323936a8be58295e8343aad14663e,false
83243f09666b986f7b257c1795fad4ce6c2eeeb5,false
68cb54d6f0259660689aa04ded9fc8b0117c8626,false
4e1927c7fbbe03a804b218d8cf7cd6e0719e0c8e,false
9e14af462a0d5046ecd7c6d2e92c7fef8ba542e1,false
d50f04c97e06d964bb5074bead51a1f12c87a5ea,false
fcdad0c551d4ceecd7bea710a4504fe4fbc24ee1,false
38829ef380d65a7765257a0f18d921e6653b2683,false
0f4d712e8aa4253a321e256a685afbcf8562909e,false
3bd8af7a9655bf1c2b7c19deea94500d52c66fdd,false
805a4652ab82b9ce1b08482369fbc419c1bd6a2c,false
b25e2531c95d656ebb1b5c975ed0a60fc34d2392,false
68562bfe744f9776715321e3a526e4b6d9a544e0,false
3e685f151f22e7dd1c5f17ad135bf7a5251c1315,false
b2c6de89df961d64f6558966a7e2cc4da19d9cef,false
304061157371dcd61d54334a285e6d7160ef139a,true
9f97f14d1c240a433862c7ed5e838d3c5de37c8b,false
129ad5c57fd1564de39b889ba2873cbcc42bbd3c,false
5ad7f32b6cbeb1f1ab7a70f5e5fd46ede823abb9,false
39c37f42927923e70a6b6713fcb083d14cb8975b,false
f012e7ea30ec446b9e6b2b5dc35d51f4b5d49ce8,false
a689fbbd774d0ffbca0d93cb551f39bda303d203,false
9d3a667454d4ef1c4b37defd34c92c36f189cd6a,false
0654159eb615f98dc5a3297e944bc754e76a181f,false
771f911e1dfc4a81dd6bb32c7bc4faf0df381cef,false
f8d934ac958c4827e41f7910955bd939f17ac210,false
b21f9d4242c45edcd41c49d4d316d0fc10832418,false
ec9553f041c28c12ce04fede6ea27bd7cd9749f7,false
158bb6ca4a31a442c89f307778a64d6127507d54,false
798e0297b55a9d52665d3b07e8cf473263fee9dc,false
6bf1b29e2aba29bb16cc2b6911cd9cf4a9e57941,false
8af40cb375a37ec775adda5c86f0112c67acbacd,false
af79320fd81bf07fa239d4419d4c52bb7e15be80,false
2e20d0f8b6dcc779ece246d08224f391a2556f26,false
96f4c96f6a5911eef5106a5ab89e3e3458d46438,false
a49cdc278aa0889aaf124c68a46adf081f7212ea,false
9b8a23fce866d741df4bc3a84bf338f3ce17ee33,false
40659dafe3ce52bdab42dd2b0946f0a6b3473d7b,false
61fc83cad595b65d514af1d9a2e3ff70e0896d56,false
1384ee1eb1d52bf133758a4f998886f27f88c045,false
d43becb177781ff1dd7653a4f6b514cc5d631ff1,false
33abc046d48df1e99911cbb5474631ae29846fbf,false
e2bf6779b6025f4003184c3db4dcaef978cfd738,false
fbacf6b87af1eacea3d822b4b289c28710e5074e,false
e395e60f21fd678ad70998ac94830b50f6c6a58c,false
a6400f42d07c7c359c861714ebe82672925be2d9,false
1e415e51d9cdc5bf863123345f97e3b3365cb114,false
d99d93f1096294a96a6288d883bd0bf5d77b2e28,false
4e2a0e7bc81e7114bf913bba4824120c23a0f900,false
d4b51848151963d68bb570e6fd5547497f1efb71,false
9aeb44c80205a02224e136b32bdd09fbd6a9237f,false
61a2ed0f3d9298e0312ea315e53ddd614325f83f,false
50bbc9ad5bcb3a153db1f77ade472482b6d160f7,false
92cfb5d546c349a993aaafcb5dfaff8a85a72d9f,false
e7d8b91622303d5be33b2b560d204da44445091d,false
484634af1a042f5ef75ce37ece35598d0e289ea0,true
64565edd4625942f2cb86246d45132820f2b4fd5,true
c0b2dd2cdef075bed3f318724c2cebd768ae13d7,false
8ee6fa4fa332a436a7c67c00f341ceaac8c45202,false
47f82b97fd27057549b2113fe443bf729ee68515,false
f9fd80b1e1e88d424b3319e009a03d43049df34c,false
6f166dc99c41efe68e58489f3633b6911fee1c70,false
d8405776de87deede36ff3438e7e6d89f3f12b42,false
a51ca37285cbb4815fefc42402495f8839e49527,false
40dd9c37707fd3c248cb4383e505145a28bb840b,false
07f4fb5c9fde8785c261ec46f0799e724ca8bf40,false
c07f97b2f6807bd25342dc5e32b6b5c7e7a6b09c,false
6a11896f8ae8948816eaa904a20605a3dea9930e,false
a6a66cedbb9ae83cb3ce35c56877a1a0d53d209a,false
4079b337df785266409422fa8e3eb6de6e004223,false
a4cdc79a0de4b923897e4042ee43b5aa1e3a5273,false
410b34e48ffe10afda6f3fc372b6c43d558a5115,false
7882da3cf6372a41b97c58f8d47d07247ba2dda6,false
b52ce30318e7c27e9d52e9f1f04554584a35c328,false
24fe3f188b9f12f97b8243e7f80b21aa59aeb60b,false
526018c51f0c177391bb2233747974c677ac633c,false
50d8e60830ae5688df07bdef35fd7f2d71897cd5,false
142a306ac463791c8b2cac7003d90422ee0510cb,false
f078dcfb70d37bfbd9b131ca7fc387b9efc8f8e5,false
949a9605b11d7080bf76cdb8984ce98a951af486,false
802a2ca7d2a16d299c608c746eccac9ee40a3e48,false
62119d6c30d6cc420735f0bcdfe0b2b9f9c9ebeb,false
7052a1e0dfa84eb1f952226e53b596d1a1dd4661,false
400766242d301720b13d0e38a2dff3ec9a8fee2e,false
c626758468830cdd2c838102ded9f2edb087d58d,false
3f1098daea96c9415d597cb8df8f8851574a879e,false
f70a634ef94078cb68e0b51595c13ea06a450055,false
b1dba826dd0531878c65927052a8b5b2bb1af8ef,false
1a88688676daa31554d12876313c20e18fa82a3d,false
88ad67254e4f1c1b3469d0f77f985dc0d9d1588a,false
6bba0a632af0463c0c35d105ba6a207b40f2d62b,false
a60c76a7a2ed8e8fbc169ae2c395254333d7753b,false
c7fe9915489fc7d0e5b71348c09517f81c1f030f,false
f196c91ada89570645b5f91fd61743d8172658e9,false
88a063775eef9e3761c649b93783c6fccc136f61,false
ef97326c63aed2f7a16e6b5884bd374b1a48345a,false
800b7d25f660ce3d24fa4001acdb8d344a5e0e81,false
a1cb5c2f747bc95bb127ce4768fc6e958ce264d2,false
2909156de31682dc04f448a47d7417a4c90b5762,false
772f4f6726099b3fa96941c89cc5e252fa456867,false
d487d136c4220016cc3b82136da7971cf00f66b5,false
f0345370d0823904703251ad8992985a588abcdb,false
c1395b5680d2914a8ba6de1876adad4c1ce9a319,false
7070caa93fba6099f85c0b8c5fe98c86594fe050,false
e217fc9883d4498ceb6d7bf3cc71aa47b23ffa14,false
3988b568a5f35b363e202a7b9954ee5bdbdccc28,false
3f7abc2d49ce5abc485ec0d5b485b8c72e33e0c2,false
ed61fd74a5e1d080045a3d820a7cfa177ae7e5fe,false
dd895d7c4149ae685e47a7f4a44fd5947e0489ac,false
4fe1ebb31b0c8a57af8796e6f4cb78836ce82a03,false
fbec72bdb3e5410cbecb6370897abc184f088595,false
45ab87cbeb20b44fa6a66a1454c5c1a7d483c8a4,false
5bfe3263094d3bdef3e710f51f91f36bff95095a,false
eef548b9d0e47486095e6ea1a98d1644e5b60934,false
0e70e63883a3a2edd8d5f643e8401c59eb04f68b,false
33d60b82e9cb783de118c77927d447e9032de7dd,true
374cbd59e3cac4c8849ad3c22e28fa927a27d73f,false
05de1aea5a8605cbe5b294fc97720b6246a18ea9,false
5842be7276862504f4f0c0263b08244f7a1a1304,false
48dcd72e9c2055ad6935ff5aaa7720803f62308b,false
07aa9d19933351de7b509bce794174cc2041c120,true
f2b00e7bce8e2d23d8669a98e360943083077408,false
d67c098025b6d8d70e8333bcfe147c31b6a85de9,false
993bd637a9eb80c5d471aedb10d256dcf1f4a38e,false
aff058a9ad01ba82ac66992e306f28da6e8b068f,false
51bb40748d1700bb8d46097de58cbf0c38731fe9,false
39e14d2ca6531cd94a755c45b7bdec06cf0db4f1,false
17805d042e981a26aa1132b5254180ed86eef32a,false
afb552352b796e1e5e9ac282b0619e1a296c5976,false
06d152bf5e010b6b9d72d3cdce4a169d4e760ca8,false
35007ea770aed630c16e9d25263c5388154fbc8c,false
5fad66716a8fcd00d6aafc27970554b91f1b8c3e,false
65aa0ab774dd408e147c0313c51f84f5c1d2c8ab,false
83a3c4b75f98daca4850eea63cc20a4d6dd63f23,false
863f22b4ed0c4afc94fcb6f8027be891f34f34ad,false
d21d0a97ab1926b214b334aa9cd318f6ffb10bd1,false
3cfc0f3cd0cefa706d953eb007770e6a439bb63c,false
a8b576cfa820a2857fd9be201832f422fef45ae0,false
0be9050cfee06080e508848ea5227ab3c2564363,false
16786dde82e25849bfc4cec03e93b8f84dab6618,false
2dd014846e1abf4567460840c21f8d9266cdcb54,true
81ef8f958d16be387c247c06adf705d0da671d06,true
427e1722ae954dde89a47965faf1c3b8477b6f95,true
148d282a1fe641b9c6590becd20088ca744b0f86,false
4f5391a14b10a92bf10b7e261c74809bf6eec638,true
c6a6f10c1b5b76d557888c9d71e977df1a457e6c,false
a834a07face706c24e1c72afd18d026611620858,false
539786dcd3cccdb897d075856dbc1a5ee63a53e2,false
ed1f3036a486d4aa927acd3cf300851314ef7c1f,false
6ece1d8a48e1a62c999a3d436f73e7f57ccd5bb1,false
e96fa87623cf749cb8c51254d15b2c07d026e531,false
b4fb1f45c2cbdef27f070c475a5870fc036a651e,false
ee10831fd0f291319980c8b50d70c90d26777fb6,false
4a208c3e73b82b4d35388959df4a0ec3cbe5d4b7,false
23c90dbcfe54cf66fc4b92fe86cb77d907a6f0c3,false
220298337af532facc42fadd6f9c1a18b9430333,false
b03232a5c2d1f3d71876cb062af77e1a009cc2fd,false
902029fdae121302e83c78b6050051f74fc989f1,false
1a30bd45bb777a816a18154cbd5f6596106ebd38,false
3fe0e0d029f69efdf0566fc1e68687e32a97a60c,false
8b695d9602d358a2ff6e07077296737cb027954a,false
2036bef9a3d3998bd0ede373079864535698cd27,false
3e70b4d71a04b970ab4fa13e508c354994ffc423,false
b88f4011f57da2df9bc0f16c3a3227f260a06ed7,false
86aadc5fbf2d731b1423d68c8ed1efc868e1ae9f,false
c75a8964bb78c0e8af7f99fd66e48f706f40872a,false
24bba485dd314863b5b145952af8c349acef4427,false
0fa0bde3fdecb7318eef163ea0d78e9ccbc438ff,false
7cfa2626cb9d2e6b6eab3b2163f8fbf4ddf31ad8,false
0a4bfeb4d8d040a4ad62858ae840e1ccbcf24834,false
9c1cc4e395750609d5a7d6439c81f2a453c60d0a,false
43b3d94022509e733910f23663be529afb262fbd,false
ec7379bb5298162190ae946ce6934fdbdf5b6ec7,false
0d150b6cca007fec1904a810166f5ded3b16c739,false
77b0788b24772e88f1fca5268d2ce0a2889e578c,false
4da2646f01ccd1c5df1a88b7d8169770802dfb90,false
d3910c32e282fb83c8f2b2739eecdd7982fc3d85,false
61ccab52534cd411518b6265694082ada8057e54,false
2a094210646ac8d99c9d3b587ec98ddb471c63aa,false
03e3c6f3617658e0868c3c4c71a13de9141ccf84,false
5fb81d16a57e633e4ad6dd1275672bd5ab02fbaf,false
89acbdd97fb77c1bfcc950d91580e0ef87d62161,false
c1f4dd5dbd4a80fc0384073e9fb588af393a846c,false
8888f0f11581073179b4541453f2dafd660b548f,false
d42091d468d823bfd7e2aae139214cfc25583792,false
7a8fce6dcb1dfa9512d6e5067b905f631f2144eb,false
955ba3a0c5a0ff363af77ecb1c732b98e28c7221,false
88211ffb2e7ada7445a4b7966c84b2cb35edd71a,false
899c1135d03e3de4eb99510ca0466926cf170247,false
24df2b0ef04eda58e49f41570267af1f736d2b72,false
d8621b7847659e982924e2bd41a8507f08547ee4,false
46443598cf9eb17a442f4a5fd2cdbbbd2ab12612,false
34ed4b480bd0be592a06f54f557663ed0dcff4ce,false
917fed89fdf3af89113069718f1eddda8d0cab05,false
0eaa92b42d7720f6a2193a163fa726a5ca4280de,false
b2bfea57f0c771ea8d41310faf33f30e741eb17b,false
d8b16650dee3421f6a67e96f8efc08b8781f515b,false
9a1cc6cfe379b8b4ecb81db4c1246a6166d582c4,false
516ee1502e121c143fd8ecad3f9b1813ea73fcea,false
dd2efd6ee222204ab3d1d93fb31268fb679b7b28,false
f153db23788accf689a4a7c015b8f00b576a5a74,false
870bd3a0cb74ad1ff900d0d3a76eb9931754c913,false
f5a09784e65900f12e0b12a2a1992ae450a88e22,false
463fd0d084e1b51f372ceb8825aa962d66043535,false
3ce1cd34a5dc239fc8866769895f079f5c90d5f5,false
6ad592325d93ce739f84a441d933ecf72975b12f,false
b35cc024b153661a93ea1da0da35a1b337810338,false
40b69472a00d50e003bae7f0822deb49ae0113af,false
09c547d331914fa98a8cc7d85ec9acd5c40e5892,false
cc9062ec9dc621032723a4670395b761d18df1d0,false
b92e9b0b4628295e76ad6e7f75553d78c80f0943,false
d863090a78652f4629aa1f60eca2d2ffccc30712,false
87ca5282ee7e6c90d4eb71858adc9f6cfeaf8eec,false
2fc79d3cf55817e8a08e3c33f7d5e87503884717,false
6b3b828ef7150338f9bba85873b72f001d4d2d53,false
356b4a0bd5b0fbc73a1837a899903d0de0b7d4f8,false
3443a86a8520d74aeadb9056b332f2e3912809d5,false
f156b833aa6e651f4718e6b1369f609b53d47ca7,false
9ae303403638e1422981b3aaf1f3ff3c5961bb90,false
acd687291d2958e7b727aa34b014b5a8c100ebf3,false
320d8de4b7bdbb9175a6c18bde16a6d67961cd2c,false
88c47f79a5e8ac9fb23f92521df65fe03040b760,false
500db16d458c601bfc95599110a9bf2ed6db6ba7,false
5674d4d12a4f519fb387dad79477d9e7b913b68c,false
fc30158b3627386003f427462ba9afbaf1b17129,false
4f9a83c39a5106908f6dd003338353adb1e58065,false
96b3e21525ab4bb0143b824d25c071cfd5da22f6,false
7eaa56192e020b87bb3ca9814ee094c3712d71bd,false
8b699499f73934fd7725ca626fcbc612067af391,false
19e7badf327974d24cf021bb772ab32a6e0062c0,false
38b2627ff61a79a2ed048afc9321c64e2d9adc40,false
bb01b55c2be4b7351c240f47aca66a7fe1ef4ab5,true
193413fca439dcffbc4f0f8c1540f653276059e5,false
5a7edcb05774b12acf7eed3648444270aa4e97a5,false
7665523900801ab39af69b4b7def931f5d0b0b6d,false
b0d4c1f1e813cfc58e1354e4a4f7763191866699,false
3cc17c0809b5b0166b8aadeb14c60f6c4bca5689,false
d6502d0b7a7ca2f126173959a194cc640594f5d6,false
fb734d8575f4e447065ff19b6808c4e5ddfd7671,false
7b59f571e4323e6567a5c56696741281fa2bfada,false
8d312899c6c0516a023c0dfbc4d8a7d24b5df6a7,false
1629d122645d28d99152798a2dff90e4eaf88651,false
244d329ecc32edb78d46ceed4c4b02f13b06cb5e,false
6d854c04331c4352b62ce20876df305662c48d92,false
d39025b6217274ca4e84feba11c6da9c8ddd3667,false
be25e2afa01a8511a0af2112465926acdd1c23e2,false
1b0e9fa30653729f1867abd4fee0b4c968ff4827,false
4ccd9f904eccbd9110d089370837696ff219cde5,false
785fdce419711801f8ef59d317ba6b48d051de50,false
a427bcfd0f1c76cc1aa9bf76b0e60b5ce4fc9814,false
e662e572e5dc17c54b88fbc4f66b07c482e828fd,false
c951207af2a149580925b09c6936ecc3e3716589,false
75e10ede54d6e7019950b1a16c0e6a8fb584fbdd,false
954773cf8c120fd48017406a3fdd0b0ca5444e15,false
6018b304070ad0cc345b0938f98c51dce714aa2b,false
cb3ef195ada6e10edca5fb60d1ab026ed207632b,false
c526743c02901a15cdf67151582f9e913c1debc5,false
4440ba8586bb10fa1daf14bd6390c17da0c64776,false
25a52206bf79123f17ff6a7f1191d673a48a8cfb,false
4b3471683447296d0e7356f649c0f233d9d339b5,false
7f9e82ca4980b84fd120bbc33aa42b9d9f3dfa02,false
6ff348fb6460ad966e484d14ae76f38755d552a5,false
9fa65adf15c4e5804a1b08c553083caa51360593,false
3262f97cb473e2a44cc165edc7b370f7050b00c1,false
9beada36779949a8a00d50a2f3e57019c7030cdd,true
ddb02e5313a097f165e472a6e23d2e81ddc456a6,false
6e35a75deb1d5063ca178ec3a3f6a1d7fece0d94,true
f1b0c8e23f8b146b6dfb156920da806baa93454b,true
9f39d19d25e61ae24dd5021148d6cc5ab663fd97,false
b932b10ad53cbe2dd32a687c1a974fbad1e7d830,true
d60acb7784a00ed684a65bf5c79a75badac14aa1,false
97de20b7d6324f1e0cfa86d0e5b5a325c975e23a,false
99566934d7abd7e7dd9522af590ccebfb736b0f4,false
09ab21b099c839f043af39cb6568774f5d26aa13,false
f17792bc30dd7da7ab7c5e0109ae1f3d10466fb5,false
4b036d939c7e83ed46f885932cd30d0825f51459,false
07420bc198274b5b131b4cf3cffdbff98fb2782a,false
053d4906c3c8fe0e3588a4f7433226227d132098,false
898b7c7e2a348bf5ec39f1b86b9a44998bd05af4,false
2f90b23b33cf5472d1b3f72810b9a4e1f5a42d9f,false
f18a39aac826f70518056797df3b6e6ba3fe3223,false
061afd5f11f9cc9447e5a2d3f3d940a1395c1c93,false
86ac5b0b1c517d40a6f270fc17cd527748926e55,false
9da51b654613cd2fb1a29de4649a5e98f55c9f98,false
fc03cb0ebd541d6d318b4b4a381cb62536afa30d,false
e16ba7274a5454ffdfa053de9c53a98f80c291c8,false
1ed614f831f5fec2126f154176f3c3886d28e9a6,false
82fbeef44f673a072a2fbd57514b774db58720c6,false
a465cfc2fe3cc243c37a9ddeff408b077929fbe8,false
c509d8ef93d5f75bd59d3a5304f162431c94aba9,false
f57805cb777a060d497fc6fe9a648d12e9581f4e,false
827c6111a7a8c7345e9ef8149844ff75ffdfcf5c,false
aee637baa58ded509b29ebf1cc0484b6a673c909,false
1b8aaf6e97be506d41b5b4ef0e8e8747635d1eec,false
4d03136c70cedfb20120524e57406307ece9075f,false
aa954f2dd379ff09fb4c1a5e6af6627cc8a297fe,false
270751694d32dc1d197dfef47cfdeed97ef637a3,false
201de1083be02e23e185ecb04b7aaaabe9876ad3,false
7c92a953fc5eb76b4e7b690a3336e01b500d9c15,false
f22f80fccbbf840ff345d3407f6c34a19b5414b7,false
f60d9f29280c7fff8baf9e2d7b7476db569892d2,false
f5772f1264ad170699e5cae2c9d25d19c8a59f07,false
7dc2233cc7752020c0ec52ec64af412260546aee,false
c8b026f82cd793b86ae67af694e63eb24b0be8ca,false
9b083ced5817ebcd148d3b6e402e89f9fe00f7a7,false
c350c4f867a4fdae39778887aba92cede769d143,false
24ae1adc86f5546201afa6e2ddcc93f34e17fa4f,false
c9f5ec36a628eb673a45039cb8aea9de6894dace,false
ae0e35ea05ee96f431cdcc3cc010b55e522498a0,false
97d4e58a329f637831b65f7049fb8ce0b4e56dcd,false
fb193ba456debf8d9f81c2e53fcebbb98a3d20a0,false
e648835a7c105e829ec884b9cbf69dcfe4d4fcad,false
7a1d13f69a304c2e4e0c3cade2beb14db893271d,false
27afcb9be970b42c3d28ae6c51f745ee484441f2,false
23f2c2aef7d39ceb7cb0d703f0ae2baf3b8ee518,false
0080897368106d9b8cc4d308957d13dcf87adf6f,false
fde158e8e6fddb25ec54dd510cc12a6eb18ea62d,false
9a6b70a84608f0e80d8c086951cf712115b54cba,false
73eb74d4dbdb0399ecd906bd125d9efd99717451,false
48aada2c7599ece2eb536b457ac209d1f66e4427,false
88e7ce139a12a7bade9c2b94416385e7cbd1ee1f,false
a4e8ebdfcb202cbb936036bbc688b2581da0f828,false
6177b5678ce83f993b6e860b89bd58d5682f6c08,false
5fffc236d789f9f4c039616dd58b03df33315a2c,false
fe964e90a1140279e716bdbd7b95b3e860fe9cff,false
6e578d049c03e4c55eebf66c6e4406d991c0a089,false
f6c83d3cd183a2b74fe0d449eeac76fc2cd7361c,false
d7c75f9246fecb9cc2fc759d06d013d9154c2ca1,false
c23599d79aebf99313135e23f8a5c47de6d4bf98,false
4adc4faac1b1ad1987b9951919d0a09e74eb48e2,true
ecf5feec2ac35f3964f4e52ce8b9d383a054a326,false
e9571c085fc5923fdb03d7433c31d28498ab35c4,true
300b591b6e64beaf1726f9d198bd15686dcb0b4c,false
46c86d506c6e75930694acf4d9869ad0ff87f8b7,false
b6a0ec1ce0bc4d699c09b031528a171cf0e31981,false
46571719db70f78678604bc13f81c1e312ba0fc3,false
1299e787a31bcbfb1537ba056c5139a6755131be,false
b86cf355b675b0119b718c67f86cee6f3ad3ed43,true
fd872dc769f5e2673c9ee08d6f65360c2396e711,false
ac12d3bd9cf705bd724a553eeb712df8eacc8015,false
da78bf0576b199071de5ad5906e8088da4010360,false
35dcefc8eb1a661f6342318181f878cc87730e74,false
dff397ef6cb95a11d8f21d00e7b60ae9f889cd2a,false
a67ae63c118c9f46d1ca810b458b3f370fa23391,false
b796aeec0a1928e78546e0ccdfe15b0e9cb850a2,false
ebc7c00ee780bafa41fe8fce64ecfc5aa6833323,false
cc73a0bacd716a3f6f22257e7e9dfb17520a6ce3,false
0859aea6ce337739ec5af881356fd8b3d7ff80f0,false
e18cfcedbd0242c67d410ecce227cbffcbf715fb,false
a42bbd5aafd19f977fb6d2e60c3e79c9b7ed8e38,true
8508ce4c90c692803b26572b7049b89eab5d8d68,false
0337e891e995c5c2fb8d52011e0c93e5d3787c24,false
23a143682b33389dc98e6f0e8b40b6518a48164c,false
bca950e60da38e6972fa3cbfab24ba9632f0f18d,false
7755daa582bce09bbb5b5b6016470f817765aaa0,false
e0313e2b71b5a3a287a89991c5be08d2380aa553,false
a7ce1ed514c42b4023dcb4de0ee040725882bddd,false
07daa51c93a7d1bb298679a2be6fa1890ce05fc7,false
a8474be5b54371958903eb8fc199588bf2cb596e,false
963bf40f01a34da02cd2866dabf7e55c691edcd5,false
f3665a62a4cf1cac206494ae2c70eaa1d160bd2c,false
9ee5133f00fe42da1b8daeccda00edf145322955,false
a71c79c1df8c2db1b80eba0d3f34fcc42d38fcda,false
63edcde34a82879049b7118ff4ac3d48e34e5d38,false
31956cd3a4c9bf3402c99b40aafafeb8df0257cc,false
a1d00182faa0213ad9ed193f17460442a7c53330,false
d30c65b8d7e0d717a5952d1917bea48b2c5f242a,false
5e89e9d8a223e3fd8e5670dc287c10957ffc1b81,false
7be354c775a4b29b2777c84880ed6f54ea1941dc,false
c70e11a335ee4b826e469d46879e93237e2a5cae,false
1c2beb38c439b8ec98c8bd02571c50a71530e1ec,false
7714046b9a434c4e7afbc3d790c0be2d5fac006d,false
83531c645c3d9835bd2d8f8fff006780e7fbc5a0,false
8d47442fa2fb02db4cd87bef3f55f03c80e7c314,false
eb005d108feec73550733618d22d5b5c8787a069,false
6de315fa9b7af923e014228dcd5e019adad9e7e5,false
26c7dbd9a67955110a02fb7e38858b06dc8031bb,false
d654db777c3b5725e464646dace263d0f4c41c25,false
a08e0c0af064aeca27d57ad7484fbb48aaf1f7d0,false
dd9e472c89678e2394057bbb5cfab0df9f70390e,false
b25f96554527781b5933c0482fd441bcebd9deac,true
88c9cf436389dccbd1fcba04305b54b803adac7e,false
eec36e902573260d308542992db6d5b7dc476907,false
34f2d2f1def5eaaace4aa6511069939f9e35ff1c,false
1d5de1ff279ccb7d71c6a52dfaa6e6f00bd06139,false
0585fe175a682370392b26e0670eacd7e140844d,false
dfe2f93996bb632c79a41456ea1f18eedac63bc1,false
626e5be7fde7d4862f3c0a246b5ef014c6c7a39b,false
b337cd0bf946673a82379a0899cbdd8518da6d8c,false
1bd246996d4b39531225af90f856b0b5993e6493,false
2433784e5cfc4deaf217ad96ebc3fe83b5e260f9,false
eeb10e4202c686c8b56d2f0014f09940e726d317,false
57173e4bc20b0e6ee21e0ee71177e6749399da35,false
ca8133005cae0b6daba4ed86d675e05bafd6a7ef,false
3d9254724a6c7c7bef260f7a83de362d53d2ec20,false
6ea178c7e4312260fa2a87cbd27c098c015ba97b,false
71f02f86e58b71b7b4a107ef053a05e00a36caf5,false
5887320914fbd0eaec2e6d26b14bb86bbf652f48,false
d1b061316edbdf7855367273e9d75d6c62926ff9,false
2d47d15e553be99643d5f8d196eedb1cc56895bf,false
923c1c15e267bd602c640a0cbef317826b0e1b90,false
b302229f333ec21ef32cabe3e58a8025f242fd65,false
540778b5eb12899e1dd254cb07a43388d5328914,false
46838973863a649341bf0767879271bcfa014b08,false
bcdc6063137caeae89aedbf04ffc7a6c1d780806,false
0164d5699d2cada69367bf39ba116f8f37aa6c50,false
6b16a76d505117bc4c7dcfc65c82a42c8d12747a,false
b26a5875748971df35281828b0dd488ed9f6c53c,false
f51498e1de81bd743df786642b91f360569e7961,false
48753b20cc5d80b79fab34ea4b9432560dff4e2d,false
d422c36b0d165c9afa2bcf8f35a635608c832b6b,false
03a8e00cec48af718d2ad821482383dd4e783c1d,false
aa4fa86118729f47aa4fb806a1881b8a1362670f,false
8f99746a5a21b2318997acd92b47a31218fca8ea,false
c9d3c200e9700ac8ba76a608bce4a31c661183de,false
0d3dca235613e6ab9965a24266357514235e8e1d,false
2a72bed5e04b4d5c508b5f29f7b2efa39192872c,false
b3776983427a34eb774270903afa808fed00edc1,false
df77c0358d20967d1ff693d6ceb945a8a3260a4d,false
4469e4d6ed6b3a72e70f32864592f808cd2f3247,false
85de5720a9589909c7ef6e1d7eee98acff3ae236,false
0a4f7ac8467b5eece3d5d0fad644dcea4b5bafa1,false
0f7eb150a1689dd570c7223efa4722ba54f4dd9b,false
17c3eea55736c1c2268d6cae3cf86a33fa5fad96,false
514d48c588b1254c38fba5407c5ff51ae54339bd,false
c6e456a0bedd0c5bdabe5e54b40dd61085beb94a,false
78396a6bb48836662a66dea33ea1be4af36cf385,false
e98c6bd3267f54183deb65de0e4a0dd10d7de705,true
f9e0b21da41a40df96b96085e2af7a77e80816b7,false
991679f96e10b7753354139038a48780f37d2d45,false
f66266085855dcfd0ce0fe84e3b6770a1497aad4,false
0409b74d023cf2182ca10a0a87c21d0ad3482a68,false
70651e329f8d055aecadda09dc19971df2484d23,false
222ab03a7524624c238e6ce4267c6246b67ddb30,false
cd528d2877d58203b723dbef920300b481c00aef,false
ea66a7124dea53a30c88c4613f1bbb547ee637ac,false
f39d3d3a02b5da542037088fd0c146895a2b930c,false
9f75db73fa8c82afcc04d8fae1f066341ad5d6ce,false
128bb3924ebbc8599b2dc3bd9502d40cfae94c7d,true
3a5540c3233ce07aed3389b3f152a43437c08fd0,false
0592d23abc04f92a153f7a9ddc261a9726cdf2b6,true
2d715238abcacae60fc5de5a49de9051d940a8de,true
8a1761cda85f2b4dca2f7204a4e212ddb2bbcf6d,false
fda734c71aaafb33b01b450a21689bf05fddaff1,true
6ace2d3b6d99c1e2662a278164b2aabd458792e0,true
811509181b5c47313ce30b8f7eb0d805b8e60045,false
97138b7393a284e1cb78cc667fa85b14cff96265,false
df2316873ff77fa1c645e0cd4fda75dd0d9c94f5,true
4926d2c0bf8ce62d45d1902bb8a92dd56eb82ae2,false
126b9332a51b297f1294e53629b973ed9ba2e5d6,false
6bd7e6598204e1c4767a66dae7f0b0a299963b75,false
b8c511b43c51a00074aa536ceaaaeeff6a9e0fa6,false
d434bc84ed654a49a0cbc0c84177d82b6b17de3a,false
e8798487658d8ceadd022e440482bf855198b433,true
3c1b9256e7a436fff8cfc833313fda09e3dd8215,false
6abea155f13b098c729d1bf7fc4a26393abe9ba1,false
0b353334ce856ed8d2eb7c14e75f717bdd176696,false
7caf6aa58defb389f9559af73b82e06745a591e9,false
eec8e2f934acf214ab204ddb6f030b287cca5515,false
d75814636b4c24a958ce2f8d5efb1fdb0d8e75b7,false
6bf4d49f78f76807b74dd61481b5b08d0fff8920,false
8cc291b3918f13f961ededa83893ee9651b21e94,false
b78733fcded373c8120435b7396e43bdb2945742,false
a50d92901f61d87d7add99dbaad4ed2bee343307,false
53a67c1a6ffe261d4773b0a658882ed7e74bf3e5,false
4587d01c4e520cf9ca200c756d517f2df6507511,false
d4362fdb4773f142a1e8df3237827bd154f79f96,false
a2dd980aff794f16703d0e016ed8230be0575506,false
c8fd9f112925f0fffbe8b9f31e3f4f31861c76c5,false
527ce6e36dc9cc6cb92ed11fbb7177d87ce8bb0b,true
431e89c59caacdf263cfa5ee74bee5c89611f2d4,false
d2b27e13bfd694068679e021fed04b8d07b8e9f0,false
72919f7ee9430e514af6f84dcccb7af4cc6854c2,false
f0c88881ba1644aabb3159314853dbdd2ae80f1d,false
4e417f53ee0666fcbb757b5c6a97683c79652585,true
c0d8ec58d76a2160823e8b2fbbe8dd1b527e6194,false
c2d2e28fa472a1037e0cbd7cd9a9d3b7f201e6f3,false
22a533a28950fcb63c8aa9ec64657e8601ba1a72,false
8fa15a087187b4384ea59c91f9567c567fe36f40,false
c7cc7ac145a809d4ea8ffedcde1e048c36d8e03b,false
ecdb787f8e5f5ed4df2e39ddf3f39879c3ba8298,false
75bc9b80e1414fe0264c3c915589c7f510cee45e,false
828e30f16f518659d624bdbf0927238b23302e72,false
69ea825ee8425184d7cbb3954d71511038a0f85b,false
197367f106a974842643456f1d0d2fc789d01cf9,true
c635d6375b733c09d0806be53c2328005f5a6f7c,false
3a01b1886b6dd015395ed0f11ade0f141c109635,false
95f54d9e396c5b201feec5c30d1ba724f8bf54d4,false
ab53e91fe5a0cc73cbafe0869ede1dbdba8fa939,false
41f74d3922e171ec51c3aaee7a40b7f5f756ad0b,false
461d56e982a960d568ab647f75bc98b79f2a94a7,false
3244f6842e01261da775aa204924a0bf1945c171,false
8ea7b2e92c415fc5c6a7df6b93887740f0da9c80,false
dff61566bde4c8c441f2e4e2e713a674d6e59000,false
71a07e0f98c9412d084abef2cf9bd24f35077ade,true
e4c937e8763f8ff895f43b695513cd03acfde961,true
74af5b61da632e4d922464b73c530c2ca630ad9b,false
67ff21a3e3832232d38193cd4800ec7218b86cdc,false
1137ddfa3e504576745ef6fbda2e2a93394b879b,false
f849fe86f0258223967774968b1044d0b86edcc9,false
7c17b74a83e0aff66472dd2c27fe0b67967cdc31,false
e5d5385177f55bca76be7832a627e30d15b4079e,false
0e3a394e671ff9b1f5c893e603b2fb6feef4c66a,true
b9d671b770e31b0a740454bbfde0aab3efb1de0f,false
5c9fdcf9e81a1f3e87e1f7afb27c9a3ac62e0719,true
d32776f856903ce54ee5af7acbd2b82b315f5e95,false
6ec8a346d2bb01963e38f3aba1b3bfb4ffaf7787,false
753bf72701b5d827ac6977dc36020addc27fe149,false
8f91cb6a7c164d5a6a51863c6ee483f83610fd2e,false
0d0047857cd0fe4137f8131dddb177f78ff3635b,false
d2384e008be4f1fc2420df48944a690d65ff7498,false
823bd5ec629946b60c9ef936c7525e6666f64415,false
51cd8d98faec820b7c2a2df43e557ed0bd5ab2d2,false
5cf9fcfaa7becc48cd71f32829907295f9f48bd7,false
7804b61e002959334d27e3ff69bb7d349f8c775a,false
268bec4d62712e6d79d2340d7c5356b3901c8969,false
4fc370fb18b3196f039f09cbe4a07ff0e78bc9f3,false
bde8a5e6a93dae2f580fc5606915e65461c85ccf,false
612635684e2320795cb49992a267870fcfd72bde,false
ad0f05d0e0c4d45875618e7ffb5862dad8cea0c6,false
8b453bcf7917d0d4007af760e57e132adc668729,false
f4fa3cc43ef5ce0528c82cc4b191ac3690bbbced,false
0c70f65b1bac99b4390dec5c5c4623790152a5fa,true
060f431a489ef8c0e85666a70c3d4e75f9b60eb9,true
2419399fe8040d4c5a8f2491177423fad3149bb1,false
e18509ca1bd2a37ebba76b65abf3c9b650dd8074,false
4fc92cf5f614a8a798e8940f14bb4307212f6750,false
c00911ffb7041e43686e59cab09ab30c786268fd,false
f1b47d76b8772c39837da861e2892345497fe4b9,false
34e6e20c4d5c76ba35afeab7060818c09fc1df76,false
98c0353a62fa2dc94644b1907c33ff3e0da442fd,false
926d3d3f51a4277981974b59d0eddccd82a25e55,false
810a3fa74c5c4af685460af24ab7bb57928ca758,false
5782e97e69230003353507afeb22ba890fd06b99,false
3c00e8a9f7523d6531fa641484e5613f8026ec62,false
042084097728327caca60280183a7f1ce8203b37,false
665e6da7bc3a3806aa3996957d1051d467f32710,false
ae330ec1eb2691b8356f67ef3a8f701d3c409b6e,true
0d05db03d678062827df4a5e379bf16931084c6d,true
4412a86792023e794f9098d3ac7854d7eb48523c,true
70c644858cc13a4c777f8eb6ec10eeb7925fd4a8,true
4d6441cfedf6e4c927252c0432ee5a0eca6f95c2,false
4c4508fa916403243c38d6c41271cdc4ec87c30b,false
fe95b0e6ace8a9bf04bad39d2ea7983f10782c2b,false
3ca7c6b7e2dd19004a7c12a1a1a72684c7b4ac63,false
79edca22044d9c9c6ccb16c59ae09981b6720e0c,false
ba6fdf508667d3b330bebc682044548c15bd6a2b,false
5adff9f947d318ffdf22e13b14cd85d10f625da7,false
2b095967970dc43e7598b62cc35ef300fa463f81,false
ac9fbe68d0bdd96de539e9273db6d5a9fbf52845,false
85c53c5748ac52a38f57c1e4d7f4a062384e7345,false
18a5cecc7fb09485522e55be59c43861b919412d,false
50495f918ac79c5072eea9108d4721a9b45430d8,false
0a7f851e0402ade0ba6ec41fa8588bd818dd1837,false
8036da843a327174730c67642a4c10ed56f9ff49,false
cede5259d0b2daef7d8e264c275b86966c859d74,false
7870f490e791e0eab949589b32ece86bf2ad70b7,false
efe9ac8a7951d502e44d2aa6683d6846c95fb0c5,false
55e88981c8831663d752502729ca3b2da5de1b85,false
e69d05444da71c15dbb90d24b73d802f70630fcd,false
ccae646b6c5711d5866b2ed1dc10d18d84d4b861,false
21e6315cbb9e25a93adb6985ea18ee5932e7f0a8,false
da03b88e36225b9a5294820e494c1a184436d962,true
e0197120f5a224c2c094ee86169949a40598baa2,false
1aa349ff2a3b9ad2bd979a3f87847faa415b2e17,false
f6acd036e60545fd83943184c5cc5bce3ecd8936,false
759f8f73bb0b7266a7baeeeb60da86a270531f08,false
82d3dcc4935a2646320fa26a0b7a2d515acdbc01,false
737a84d0a40b7af59a710690e5925651aef9fe1c,true
8e9050ec87d8a5397324fbe5038049e45f6216ab,false
23a55e035d712a0e67ea4e442db5a28f5f28d5a2,true
977edccc0833f82200f6fc052bf4bef7e1307800,false
ead2f734d0c6f962d5db9be66be81159143da902,false
c5daa90a1208a49ad5129accf34a3cc663f6cc3f,true
65bb440a470863918344bbcd810be989543d0707,false
b389316cdb855b5ca9c0649f2e2c771758101947,false
a326e973aa0d8730759dcecea1864fbc26042903,false
be291cc0c8e9896e037374bb7380294a0ee59010,false
50d190cfdd9a7fac479a106777d160daab8667f6,false
02255a06e5f2d55dd6f28edaf949a18a32a85ad0,false
a852febdaa2875861ad11f7bef1435564f5e1399,false
39b1b610f4eec2c2626025c7dabb9cd43b9c82a7,false
ab79652a211ebb22fbfa8d7b7daa38bb140cbc73,false
8d837beeb92c7311530108eeaa36f7b3ee8e4f51,false
b9d24d07d53f0cf9489e10ba34e0b6c6fafc3272,false
6a1bdfde510127fd2a197e053e2811faebc155ce,false
a830160bae22b1da8bd268ab57fef7805446e731,false
fb762e9a72f94acb1b6c19a9ccc3f199abebcf17,false
cb7f94e0bfa077821158cbe6f886532e5d967675,false
87be40ad19dbf2156a59742d7e3313a26925154e,false
bfa32ea464a4dc71b17ba1795170880eb589ece9,true
d8e886cbe13d37ecd61238bb497d69a925acd384,false
20ea2a2d5db28b7618a6e8b940dba49ebf3f3cbe,false
3649981ebcd58957dd63aabdf124c55254ecc3b8,false
07cb8dad8d6cbf2603ba8b48642b7daf21305c1b,true
1c8fc063808d9e6645305948a7ca886e28abc644,false
2675e3265814a18181b7167a5b439a18388650b7,false
56a5ea2fa8bf88fd960e805d0e7fa196df9482fb,false
d280cabd913c276dbe6bb8caa2405966b75bfc64,false
578142e7927aace13d4a4f182778dd4c424a9457,false
9fe3129bbbd0b48eb8b632da0d198a7d5b3dacec,false
11b1eabdebd3aab6ae78ff6f866939104840d750,false
73524312d297a4a821777cfeee68200caf20af2e,false
5ac0cfa3a748faa212e8c0fa2f71721473c0c264,false
0e4cc0c9bb361b05c2de8c01c5ed9974edd433e4,false
71be293267097c42947b5ccf2232979389cb064f,false
e0541f5c3e35f9a5f2a18852f1b11028874bf709,false
a30fd9ba8cd04a800363d35ddf6133bb892dbe4a,false
d3397856fdf6d874831aaa137dd740fba5a50943,true
ab926fc6da0234257423d51f26f1f8d7a23952b1,false
dd71c9a7ad583e3902159e2f116bb4ea023dbb60,false
24f1d06ea95013bcf298bf1e4bc464282396462b,false
0d7e5cb90b933d94a1eabc3822f60823b283c5e3,false
0dff72ef33ea4939cc97652afaf6036b21068022,false
50059ccc68c86e10531e698fbff41f69033a7502,false
2cd4567e93fe89e3da30d303e15ce7d28fdd42c4,false
373d86295de87933d0ddd597abb09765ab3c0d7e,false
f425ec6ce5dd41be64725bcbd5eba599468ac7db,false
f07911d88b5430b405e989da49ce9469e968a46d,false
5d73f9453dff7894cb03c03b26c0995d6451b768,false
730bddd7fbc5e1c00633f94126ed2cdc6de59350,false
2be64d1a2caa52786a6eae445de9b10b2954ae8f,true
05d330541cc8b1477e2ad2eee5ba9a3a56f503d9,false
f72fe83d325b376c6127d3e1c88dfac1e0491996,false
f59ea1468a4dd2fb1aea487ed492359fa96e7fdf,false
f077fc1071003450b8b2d398afc3daaefadbc60c,false
364faf1bf3bd2344282b5a95257efbdb9ad68796,false
6ea0c0a31f5ff9d61cee44dd01e6ae55017f580f,false
89aef897617846a4092dbf31ea6c55ef6071dbcc,false
05c4d22c96c93adfb4aca30af537687dcffe21c2,false
58989a998ccb13b1687d292dfc1592daf84e39d1,false
bc8e9b195d84c70c87e7ac5ab94a507843e06a21,false
d16fdea384b9329be61e31e13468bf783f9d5b77,false
777fb53f545c751afe46486478b779d5bf4e287e,false
5f4bad747782e016a46e6dab6c9cf0162ababbdd,false
0da42940d9b65b99fd55bf417e66ad1f6953ebad,false
5cef08bde2481b668b0003399d0fdb21e7f284d0,false
d9758f869fda093e82dacb9ef52eb49645d37c50,false
6e0d1ab9a656a4ac9a3c14a37acc13a6f5f09eae,false
7325e28772d41608ecdb180b9c48ef67cf39d405,false
0dc7d3f828520b8380986d81f6cb646138fdba1f,false
a0fcbe4b6fb754cd564bc1622ef362cb03c1cdb1,false
018da07dc74a70c362ca9403c400f94257808800,false
b5acf8764cb4c549591e9595e5879450e58b20c9,false
25436a5bbcbb99bf1791164f589a47ef93df048f,false
f4694dbdbb2ba8a68297857c1041797329156a67,false
ca6ba45114430dbd8e4aa5a3f26e0c7ac0b93b9a,false
be8d9bdd35247547388fbf81c9598421309c5618,false
d7538cc5a8570b6b29c0917c082109319df0c212,false
2b9e8617213a294a83f354202561f6aacc97e110,false
1b4ebe4501bf546eef40e5657377180ea0c46260,false
d0dcf1a3cfd50e0ca9d6cb52323911709ccd18f2,false
a5cb107502e6db8f30b50607fa475af3651bba30,false
2864dccc19a208c001a760599d21e290e66768f8,false
bdee968d8aeb46dc8409397f97905d9ed17a772c,false
6da37a12a65878008e85965a6c469774053d3d07,false
3a9b3634f0e0ac5315bc2b179c775f76748fd1ca,false
cdc2f61db6dd2ca3c708b7b63d84f3553c2c6cd0,false
174e4765f34271754e05784787274c87864ef6db,false
e26674e9832458e1455d28bc2470bcbb2aeb4acf,false
344e28c28c5abf4b72daae07e1e4a2fedde1c5d1,false
0f9d01fe74c3f40341096f942569f88061db800d,false
d92aed2d183b2826864f1ca84e61cd7921aa60df,false
1184c86110ade32112866eba9b4fc9c53a88e7a7,false
45cf5d8bf99c9f0381720a2c80da80de21d84fb3,false
43d6397cd577ac7c00f0cae1c0abbbd4aae07cb2,false
34957a7895aeb5456ec67fce1fa0bb1383dedfd1,false
342ea1736252f452614d4bf6b9eb812c0f0a49ef,false
b7a2baf7ec68637f05a6a4895069ef1e90e54bab,false
06be17709bd38a8178e2fd9cac59b90ac47196ff,false
0fa47ce6bc38fad11e479e7230655765598caf51,false
6d0e2bae39c1d67c3319438bd4a2df3881b76131,false
cfec25ad39038a5dcc8559135e1a4fdb3a6d9735,false
f21c113fe0d30819f8c58f354cfe7da47bbfdff7,false
d5e00cf0b8af3814ae85a83d8d8a8e7582ca401d,false
a9b172480354a4e06f2070ea4532909ee8bae897,false
096e4afc1b67a828fa6d86ac39be4d7ba494ad7f,false
f551945cb3a9f5e5b32ab678f6405e29b6f26cd8,false
01e025c05c29e3927b5e0945a3a45e7d90b80dbc,false
253bfe71c9fdcefb122368885c2d4951c546661b,false
87eb19dab995cdaa3242a194b8380483586234a1,false
f4e8fdf552c9a70d583e85281741e911c946ecda,false
5c8716f74f4dc3a5be6d1baef629e91cf3272f2b,false
fc033e0de62b8d762995b0d7bd59c26f19719f9e,false
599512808f1b80ed66205733a88f7b336adc8bf5,false
8cd96df2f25f96dc5dd339e90d0b8613f266b40f,false
8114342679c23d046331eadc2fb5618ea9b396ae,false
6a1b6f1a2713dcc1ebff98cfcc479c7c23036b8d,false
7b4b8b283af8a33fb0acb78d34c1f0949251c769,false
6d9c7796a66d05a7aa3a732b9387cb44efdfc56d,false
c508b06830beaa6b5c8e9f53ac191581fa417660,false
eea8e2a538123c09a7345f11e8a52f7e506d3af0,false
a767ee219be3041170921eb63df9dcf83f5aa7f8,false
6c00f8e1883265b71bb35fe9c165363c1df64260,false
030d31e35beb5dedf61b1e39819e8583af045ab2,false
c02fe24af68722486e1cfda9764a8f72d2479452,true
b4bf7e3fcd7538290357390d9a5f21eb0a675638,false
4184d466cfadf771b955b8f0a2e38016a0111e7f,false
305a5f9811eb9dc1e90966e1c30d480a4f14f2ea,false
1cd54c86ba5dcb3993b9c30252411f88dcef5500,false
17bd7671a83675e22545b60b172bf247141809ef,false
1fa83c3d175a47189d269fdcc18a08ddacddf22a,false
c325f0400d8252e67cc1d0e36c8643a540ed4484,false
228c55c124ca11ef9d862c56536d1c580331b934,false
6e48f3d32e1a5fc908e13b431d55141f0a604f79,false
908aca15b1cc5c448f9c8b199766e92fb31283a4,true
44e6ffd00c833bc70b6627d8536b36eecd1315e3,true
73427b76929f08f27bd5728b6906e5fb43287813,false
6baf94f31221ab543c6ac92163d62cf98d1b7742,false
98de7a297b04f0c42b79446d9bbe3bac0acf949a,false
dccbd6d2417213000d9ba91d5ec0949bee727c5a,true
76b7ccb49dd5c418576fd29a1e79d63b2178e06a,false
97001465b6ba283180e02c10fa094f7819f1f3bc,false
7b0eb7b0db18f362b58326880cf3355c5629d7ed,false
b0c0cf9ec219d72e6c38837d66e7d949082aee1a,false
90c90a24cba7dfbed7f8d7d2363c50be2210ceb2,false
587e115faed1276842314266823d25272c78ff39,false
05c926c82a25452517353ea32fd99fbbd1a4ab77,false
7f66a3040c302d4a222c2434f2cdccf5a125e009,true
7c2491d3a3d2f67ded941005cfb44c9c2bf5f4fe,false
5a1d8a95db3432bda5155e85f18cf86770ff60dd,false
7f915c340102e4d7eb7cbed4b5e302c02020f117,false
74d79f43730f473d869ef4d80a8b6ba8fc811633,false
8ccb080bc025d87eda74ba9c082ff47fcc39e97e,false
43c96c349344d74af3975f173a0227ccd4d1a1ca,true
ec14b50b57d6d0f47132c0b8a3debdad51dcfa1f,false
57b38a8a1b1c443ed77a3d663a6a0e1f944ac984,false
7702d3eece1631a6f4d4a380d2b84296617dfc27,false
5b992adb9de19ba6d2acfd392c3ba071e4681f95,false
17d825dfc5461fd90c8f6abbf2512ce1b20ddbff,true
b6359dc24fcf725aa740b4bf71c0289b52a8a0e3,true
5d13062be5b1d5387f053afef7ed00cdda0a3418,false
8428009984bbffd9b9631cde80de00ff11adad43,false
46e3dfc361e5106df883223f71bde514b27a67c9,false
be9761789516276d860812719f09841cad0ce23a,true
1515989f3eb027e7e9c415421930db06f4783185,true
7171e76f4721c32a889421e0ce252a3193332829,false
db84929ad511ff8c643472e7d8c5ec5dc7f6bac2,false
760b990cf8eb5199cdce25e6f3a87f8a4f6ed7ec,false
f07adfff2b81c10e1005320bf85c545d4a117168,false
43f0a576b413822104847155e5c47dbe22d1d290,false
65929403d7104b8ffc65d0eaf14b631124727696,false
2de148cf9292022f4e1243e83e8f297ef5bd5dcd,false
51ea24283f8b539692ac4b6909abb3a164f5b3c0,false
27ebc381ce909479fcd440fc38973413507fba92,false
22762673808cd153308d477b73030f80c72911f5,false
666f1faecda314b85dd3efaab82f4148084c3119,false
0c937a3ebd3d08dc5260674d5ac140db32b84e4c,true
890dee4e8526263cda869976bb55a4b28752bcb7,false
852bd15e29650c75d4b21de0b96b83d7678a1257,false
ba16e8015201e89b4e7162e2abcd48943670c22c,false
2ac927ed968c01cee6cd5ef01a0bdcc2c37e305c,false
01f130042840babeb1c2d60ed7857078bd06ebf7,false
4e7dde6b612935e9dc8b8fff1217aea4a2f08fd4,true
ad329735a026f7c146dbf04461f315454f32a98c,true
69693604c08ce509754d8d95ecdb224e412e06c8,false
3b3361aa1ba54067f2f8d51444ad0e9f44bcc3b7,true
6745dbd22fa02a74bef4ed201e722c96e3dd7689,false
7a2013a68716d7cc74023711915be17d92c622ea,false
0b0a9f412ddb4a918ad1ff1eca04a7d07f9612db,true
806149bf6e4049241ac3d5df55e8ca39047b3020,false
123312d89a953f7ec83759aa5027422504bfbde2,false
8eedaa63689dc8817be911304fff8bed03eccb11,false
26448d00b770d0d02e0fe6c258df3a21be9abcb4,false
f519fbc35bc8fe55cf71cf065a7b42b067028b13,false
28729456cd7273d6c9ebcd31a2fa62dbb52c7ced,false
4d43130f43aa383c0ca052c2ce1ade51c03f49f9,false
a0c2eb845221a07a22544393823f1bfd5d823abb,false
47265637f179b4722f7d0b740dc2d99bfbfe1301,false
5250d484db56cbe64f9f56e9360b2fc731e83971,false
0db7e9a684dcd8028c1afc3a6fd681dae89bd628,false
a1cb89e56079ce114ce4e912b35a2922f78d1103,false
8095f9a31e243c48f7634deacc06c793ab9785b5,false
194a963a20e2c4aad2fe9c9e7d33e0e494d28544,false
6be13f8eaf34946b1779ecdc9f5b3023fda62d92,false
836e74d99d7f92b08a3268e2b2172cb2620aa6b0,false
46895d4d49e71748fc4613b34dea7565bd521183,false
37284f93178eb5b1ed145a7e4e2b44898a73730e,false
0652ac6c0d8309e759fc660fe2ea18a8f0a17ffb,false
8f2fc87639c856aba64a027ba90790ab1612b29f,false
f4c6128dd0231a2c5970319b36c7183209c405f8,false
514870723adf508ce2afab7f4f382fca5e786d54,true
4475cf0803f691fd81ff0ea04ff63cba886cb399,false
2aea6f9a073b9d31461cd4d45bed17b069b59e24,false
a3afffd1b5829c538bb00f11f52bff61fa7df4d9,false
0e447d1876422243af87fa3b6b2238e3349bb07c,false
39a5e2d700a8bccfaf0e69f07ea411c3e2bd6a93,false
1b765b2db055ea867f80155cfada21bdc2de228a,false
f6b946b6ab465ade999fbdd5451ed77514ee3964,false
0a8eb9b293ecb0dec7fa91ec2167e0f4a9fb922d,false
bd45552a73733ac6c20bad3dc03e4001d137baa8,true
4a2eb89e512a54760bfd23c41190d685bb4bd2d7,false
e214ed838bc3945acf29222ef61020d978c6ff44,false
9c3cddbc1f95ee9ccd357b7a5d3019ab2579528e,true
761aa1ca8f4c3d3aae43e47df8ad44cab62fdf68,false
1e85ce51ca391f899f9ba59007f16b3c1bbaa2f7,false
57424126bd1acd8652ab13646c8565a7e63b3114,false
91ef02650c0589ae108eb9a1862cea38869d7f2c,false
285b8cf5911beb7b8993b22e79cbe8402fb4a989,false
aa4898bf57fde3783592698e4396c214bf2b71ea,false
997551cdd5fc75228ee85d5a34365f14c79e3cf0,false
f29f85cf0156af2426bf69b5e9d03d8eb22ac681,false
df934d67712f143d4aeaed4b2e1d2f9327d14c04,false
f438db26cb1864df7e9d33d00a9f37af863e6fad,false
a4f7620a02748518c1dd8c8eb5353d45b80f39b5,false
a63110942eb468fe004bbf11fab1c2cfef6d51f1,false
56ea4801750722afa5c782b8a94a1e97185a1fbf,false
271d74d44069731867af40e93bc03f40923c5280,false
1d386a2181d9d357d99da2b65e6eaa1aba692d70,false
6c983e93b8b0bda9e56f5eebccf0608863a0ee74,false
045f269c935e7e6d6c82a79b69379276a1baf395,false
a6169ab8b3288fd1866256453724024783740c44,false
7019d118f2f9e6e500883d0c51c4d7d751cf04ae,false
6a9fd59eb22371bad03ffa444eace7ef518412be,false
769f2b0382b5af7cad612ffd3d7425ac9bd64b9c,false
9d325439ad191e657d0704d5e00a442542a2191d,false
4f3dd37754ba3f947fd56f1ae10eda10fd724326,false
d26823d93a7b1851acdf4a9b52e533c7f98c72de,false
9f5bd7dc39aedb4a730254f3bc60d9827b4e50ef,true
7d693142ba3f59e61700c78b9698bfdfc8dd24c4,true
f11ad537072079ca70f62a9bb02a6e2ccd142abf,false
37672e2b3eaf4aafd65b71451cee7c7a49700ba5,false
85f252051001b1de3bde831e98c87235885c1e24,true
0dff180546be1e24e07fa66d9272c2e7ef66a599,false
8a927eadd986fe06cd8ea3e7862f05204a3e06a8,false
29e1378df9dce7e4652f0dfcdf6664d6f64e4aa2,false
57f214369186d4fbd5fb16457f77e28151a7811b,false
7d85b89ec949e834aece069692819a051ab5f9be,false
0d2a70e1c728694cf18dc7125749b0a033145e43,false
a9ff362c4434fd1cbaf8405ea1d9c320f1077ad6,false
3af96cb3a25e8d43508a89a9fa7ca2e4c225a36d,false
f6a0294a916b239bba17501f7a2d43b5258a23a8,false
311af53f1dab52bb356029828be7d2046f86357d,false
e398136090821287c19da7e6b8fd178a1dcc8aab,false
36389947e9092a4181c4c1177502a138c13d7a7a,false
b35dede8c764b799b94e0af68f76df80e0502055,false
41c31a6baf099625b9d26de44f669cd46ff0d961,false
0c775a5f5540f26d79972af950adf26e973e2957,false
9bd4cd62140da923908aadf49e6761e068000e49,false
64c401578063de6ec8899feaea3969b789cb9ff6,false
be5c0b25dc0b36a5dcc669c74af673448e5d2e35,false
a3da7b2162cc6aa703a57d6e2788acb6a58cfe5f,false
29ef0df100b730ecfc55d0adbca438d7948636d3,false
4aeb9b49558e61473987f4e0d7c5c6e36034389b,false
31b2fd21e75316af4873f05bccd708c3695f280c,false
b40e42d69b1a29f44285b8a72125a42a698328f8,false
911f89cf965fae38c8bf047de2e0a9756c2f7cd5,true
7484487bc2ab3610592e362456fe2753c9ef7628,true
6af4d710791e4bf0ef60ddea5890be82d56e0c1c,true
4f0b26f9b08f2a3e8d20705874e0e98178f04634,false
6d3036ac6a57b40c99314d39bf0dc1a64355e909,false
187bd423382e5a5a4c19443a4f88cceaf05dcc9b,false
43ed934dc683a8ab5cb31dc4dfbe1656663cc62c,false
69a73f935ab0edcfe6e47f0cd320c2f64679ef22,false
6f5f94703970aeb6705bb0f993dba24662ae6496,false
37d59a71f71afc2d7d516a34c1f632f874fd6d85,true
14a698ead4662b43858494b9a7ab737b697ada8b,true
b752d318bce020ab124327f7241d62b0a6925177,true
3805ac4abf9ae55fdbec78cf3da86119c0285873,false
abe4dce6edcedf7114eef7577539e18e33542e4f,false
78bcb4fb641b95e2ae75e8f248c98fffd5c1cb8d,false
06612118e9e9b7bd5036706792351c421454c3b6,false
c732bd62b80087e77e5f2c89df1307382e76fc94,false
a985be25f43788941880932a56ddb514c821f73e,false
f57994f8c3166c8e45b258d0d59a18b2e8012642,false
d82a08a9ce3d03517f95797b2395d7ab8ed9493d,false
6baa2cabe916d04e3848535193aa14360ae3980e,false
a5ec0442f0e3afade7602d6b7a44510eb61e72f1,false
25f720ac13b6a86b35f93df24176fa3924709917,false
330ab07c331ef0687b2e38c8935efcad196e3dee,true
7104a7475a886211553925d7844dc41bbbd93d78,false
f5c4ee7d96cb731b300a30d59bf64a5ef4cd2ed6,false
ddbc6a459c2a9590014138f8d0d4137f5d168331,false
e1b2a8838d54ca529ca9ea9a79d5c58cedfca09b,false
5c61c23a312f230e2f3d82d9600e6159020de763,false
5da240ee43253aff5d28fae78ca68f41b514ae86,false
813fcb2e1fcbe54bafbce0d1830893311fbc2253,false
94f509f17940274169f6891f342b6590707ab7bb,false
6df7270c7ad831847ddf75e7aee748a7f6438c81,false
c72dde40052a50b55d3789bfbf1d1ad222f91f7f,false
299765e09dab797dc056ef1d7d8ba8f34b1ece11,false
b1752553edbaf8a317ae4a4131ec96c56fe63c47,false
027c9a18cb250358091f4e485a0c14f65dd3326a,false
6c048ca46e5f05e3d976b16257630b918330a31c,false
49b57da28fa3ed907dcba53bd91c7f977a871356,false
a42e49dbbd5cfa3713c4e4d6ffcb9bccb5b3149b,false
166cd1c7b8ec8bcce5d66f625daefaf810e6fe44,false
5be253766cbee1af24f5b5b3665f0aeb3b063390,false
bcf5290add9a3615b92bad85c1b268bb096d1e1a,false
fd51e300de14268634c76a2f7fe1011620588569,false
dbd3f49a62f186100c8d4421a0bdcb98e4e7d0b4,false
50ae04c86ec06ca3a671250f6613960634c6dcff,false
ffc61d190303342f871debf7c6c4a7551a9fdcf8,false
d597b9117da4e4f48eb42f45137703ba1edf1b1d,false
1aff6e2cd8509acc5e2631087a1f31f967a06ab6,false
3569341b6559836359427290ba08e7d4d61bac68,false
9d835b477e90879951c08bf499c39b14238264b8,false
738d3e19f6b05c6b0889d8cdb4afb33993ca8b10,false
9f248b2e7355b1ad383f609f45be270df0b177ac,false
72a6fc9eb1c1387b80a1a14458c738e3039a5dd2,false
514637e021720c2eec326b9ecf76811751a800b9,true
4e6d6b3c1fd2a757a2bea36d8df404a0df430bba,false
7caa3a6072a28f96cad5de16e747f1bb1a72870d,false
a1bad965aadd18103fb28781e0fe225047e4cae9,false
60da07f3e4f94855443e4b0ae1aaea8468cdad0c,false
41c96d6ac2db7fc42046bbaf1fbb9d0fa2c9dc8e,false
4818e37ac32c32628a00efeedba01bbf12dabe76,false
1646ddb2febdedc6718df4ddc0ab9702dab1dada,false
5caa7e6ef7a0e0870fedcac792274ebc9afddb99,false
835d4da319937e52115e98f3eba83af7eb52bcc4,false
c4322f6ffd737626bae826aa66af02e500de5573,false
02fb93e518b80f60942a8de4f40acf303aaaba17,false
36e8ab7d27b6ac31002fc01b1af5e08bf62b2cfa,false
645905a3418d3a96c7fe7da2f8397ec1418fa166,false
d50f86bef29225a2c08e476d39b5bb667616229a,false
4c925c4029b15bc730e3793bb2e763659784c704,false
501affc9427c5c35ab79fb073dc22059a48bc33c,false
4cd8593a6daff5a2c63887cb4274cf8ce808feae,false
759a7a633a780f175148c4f24913b1f225935924,false
2c94b23dd8776ff695c406f931af41e874908995,false
9c2c681c4d75af878cb1c30781b2b57d1a7cfffb,false
62833f4cbb5e71b780e2eacab8cca6e897b6ffae,false
282e067f01968cd9654e1b6b5efafcc8ec625813,true
c55388130bc57296e366914fe336896dbe334f0b,false
218a5422274e31b1157a073fc6377913857eee47,false
0d1e60b197c45a1edd0ef47b67100d1c5042f41d,false
e524bbc9370cb92bfb4a9ed2f023018218892dab,false
c604d1f3e5b84041f4834a892210d0c4b32ce330,false
4ab4d2a9f5765f2708c69570b2774f7bda7d90a1,false
8ebdd7175fa98edec9d0481a37de3f44849e7ab7,false
5fb9bb8e0efcef73d3cf4235d2816cfece86abdb,false
8fbd8b26ac6eafcae1cb4c0cd3eeae0ba75d6208,false
369ee922da3b2fbba5fdfba5ad11455383450f93,false
f4bd58b3d414057b2a8a392da37654b656cb2089,false
dc301e5559d2f716e3e501b936cc6e25fe61b2af,false
6e7602cf7c697f3db98c7f1cde5fb357da40fd6b,false
b2078e5c407533da01a2ff128fdbeab60473a146,false
5dd4b11cb89cb96598b8444bf70133fa0ca2965e,false
7bdf91c993b810dea7eaacfd21265c64d06e3a22,false
d545b1b4bbb22082898bdbcb85cb68879c2ce668,true
ea133b21a5dfcdaefa60d2f66a099c0fc6fa20a4,false
112db4777b72d85e57efe9a9804428f9ae035057,false
9ed030a1ba93a87cf8572c690c98e005695b2077,false
5e8c58ff9282a1241ddfa203a3e1b980f79cf6c4,false
44c796e35d8441aae88e49d3f4c036ea83a6ec4a,false
c7df2fab1d62bf3efeb86533ea193b930912b3ea,false
92458f570ac56be658a13f713842b1e08161e31d,false
f6d096b0931ddfe8a5a2118ec6ca2dbc41636d6a,false
b694c00e59b7862afea60556607461875eb3090d,false
aaae3cebbe1a0335788e0b2571756297166ba61a,false
7a02f530142d3d437e887a04b8d8bc822e0b19af,false
73251b58dd53d4f32bb7917c633c869db5865e81,false
0c7a51eb19ab954073aafac88b6e06561d1be46d,false
089023174867b936232e2af3f78985831e4b6814,false
d7f1fc9a33d4d64bbb356d005344e5416333bb1b,false
faedbb34d0973ba18c13fabb1ff29768d5f3ed12,false
9636cce4799df09903e18c2b44948b11c882ceca,false
ca2dd99d08c31c3045348f6bf137edee9f125b4e,false
416e3bcedc3f354ef11fd64dcc1b2f5f9d11fa82,false
962df2918270d171ec02eff62e4a16505cc8fd39,false
e69ae1c16474ea1bea57bfe35b2fc50058657a7d,false
f22c8c6e1987efaed288519724b9fce2e05559f9,false
d4ed7d1ae0c6d635b3b15c58b13c8b062d712a56,false
8444c89ecf7f5936810f7f2b6726e7d7a97e3fb8,false
92df0a0472d2371d866a9d0fea3a39c4cf06408c,true
4e483490248aae92ee902027170381199e753285,false
fcc1199b33a68292d72687dafebf861172271a3b,false
66d7633a24a1a6ca2b0ff572778e8aecf3fdc099,false
7b7461ff793ee24f0254776eb053d2567f5cc4ce,false
31a71424dc5bd0a30f6c8c58cf90783244f72115,false
08ff143567645852a0cd6778e5e4c1a05086dce6,false
38870a702230017352bebaad4e166d07160f4ef7,false
6c56da81a4a33a760b5aa9e83b505cacdd27e75b,false
5608c84f4f30bb2a521f0c453b4937a3c1333521,false
bb9bae586ad29f00cff614f5aa52a65335ad0db8,false
78da31ea87a63f2b6315765db32f6b4ceff94e9a,false
f13b56c2eba64230e5ba018268e7c7b92b8d69c3,false
dec6a115e37a3bfaf20527ccceaa1458e37979d2,false
03f6d27720994a9fc81b5412e8e6a24f03a3215c,false
9c4fa6ae17ded3f64784b06387f760bf20919f39,false
448ca6ca2d5ebc77ca040bd13fac4484dcdba1d2,false
7f45f26cc6f783a62b8de20bef5cd7948e01c8a5,false
a0fcee7aabeb6224237b7a679498e0e3392524f6,false
36e8d4cb728cbae16f2c615ede13e5b52c612f1e,true
5f4aa8a3d469e3aba45968f80de13fe168c86d17,false
976a4bf90c23734c79d139d5652034aafc0a0c42,false
1d0daf053f5e81c0ca48727e8ba45438dbaf1045,false
cee79e16ae6d9f8cf0ea646664d5ecea9bc06e30,false
34315236fb492a1fabf18b430ae970fb4d84e650,false
f322ca3012c5227cacf03ac11bd189237b1260b3,false
96d89e10d3f3f22a97e0d0e81f101e63adeec6be,false
3c6fee3f72d24a34c9746abdf63eef3e4377cfdc,false
c903dd68135da4ef9fb34a2ba5b1bb4080aea183,false
8f21045f86b5c278254a0b248bb52719ca80d728,false
b4e5d83f7f17b86044290a8c9e95d45e6aa936c7,false
acb666ace886f9d86c7d6464d1cf6c78af6cae5e,false
ed8ba6afc22ba5760f9c0591048f55b8cc9a46e7,false
6b48e420a12360b2d5e8bcb52afd7eb083303c92,false
af705d6a5df36d6ef3890db0c2958e88ca414e81,false
5e8d7e1efe09c6a29187b73dadf1a4b1f04bc0a2,false
28ea8e1f02876d59ab5f467a92c74e9296f2d6ff,false
21c2a9a44bf9143723bc3650e63d5d656a4adf69,false
a581c1863ae44082a2a6072fae9b9ca96875fd13,false
d069fa62b8659cbfa20c1bdf8a032f3110d04fc7,false
84d722571907df3938ab2c1aa1815c54787fb24c,false
fb4f351a655b03689416600f30442732d01e901b,false
ebac6611307d11d896e2648d76cd0545778a2db0,false
d3e55c7bacd4369e15e8e651a7f733db58e381c0,false
8183d6b10f757d69ad505db333d3936135675fb5,false
530d2f87350c1f1d86f600b43fa933df31241568,false
d18faebbd21084c10f96c25796da1ded2f9fdccf,true
a003fa7bc139c045966a997a34619b953fe4709b,false
dfffb683e7481a168d9f0b28385d222e33ce0e0d,false
ad7bd5c5958646b732ada28519e3b31878e2b136,false
e8e2fa5e232a3ff999fc7eabd411026f3ca8257e,false
56549c5f9275edf16b352586eb7b7b449320efce,false
f5491e1cd66761894a18342a9bb03150b58e200c,false
984e85ab80b21f5c99659b2e4700580114d2761c,true
6d54fa695b29e5d5a0aba07b46eea38216d95e1f,false
d46daf7ab4e724057f8172ca4f9932cea61b5101,false
f091c732c8c9378fc69a36928dba5b634824e0bc,false
9ab85c2c72b44b25825b88565efed52aa45aa714,false
d0e08ab0b7ae44d10e5e0f73b381f712538e614a,false
27048fec0f5006698fca77ae98864fde4a736002,false
ae743582e3318524e3dd266409385cc657780099,true
dc749f816d97211440ed58aae0bc513738371812,false
8ed7202428587b1f7656304bb1031e899979a4f5,true
9a0a7b34d2c4873cdcf0c024a0976f3666df7dc6,false
442ea3828ee9de45217791a00540a9463ac74f81,false
1081ce005ad7d2cbd19b1c0781ac957286566c86,false
a91ae063a1f1932be83d9d4bf482d8e2f73da13c,false
a76eb73a8fca6a42876378c7331222677d6d6d79,false
e5bd11774acb0462198bf20a86aefa2158eb3c14,false
ba4bf9698a182f8df2668dc197286540d15e34a9,true
72ab70f48fa5f882ddab6cd09a1bef55960dc51a,true
ef8bc634a5ae3dbf6be93e46a47e9db8c34e4eb8,false
79b28970322afde448db6b6eef79a3f947781f8a,false
56d4bb1a72d13a52a99dcb54c170137998cdb87e,false
95617489dffd1935a6226157d7224221fc856185,false
82c238218d574f63e17ab3cfce9c2dfc096c476d,false
e59f8257bfc06fb892bb6386bd0f7b09930851a9,false
f75749a9decbcf75fec1deeecb7c1613045663bd,false
c2ebc765de94c4de0c94b913cbc41318c0222f55,false
673f74f5920766f9f359eaf7e38ecc2f5b740cb6,false
7cd9b0279b34738dbd65a40e426922b274acce58,false
11be5c2c1269f828e1f7c91115be82e750ac52ad,false
d09f3228b8cd0a9a1868b71220e744f36c72263e,false
499cb90765cbf6395d0c4d0b102540835ffac0e6,false
e5e29b13ab1b9f5564fa0f349eef456c9df58021,false
0b8f2ddf5277aaaa8c0e0d20a7c0fda00b6e789f,true
8a4b2795a121ae0b5ca5135892e797079259c9e0,false
c5d51b1187189dd7168757e8b76e59de5aca3ccf,false
2726886265a502241452defa3d632393731785f4,false
5f9c30013f0f908399a68c1b26e08c5caf52aaa9,false
ddac3a411a9021b02ca9252f41adab294a13abc5,false
a06586503ff843dcb5b95e4d210d9df2479072be,false
802cda8c52b598aa2fc85dd36984ecffeda51c1a,false
1864cb33a57b73caaa16a210b596d0a6eb0dd367,false
9a96c15d7a62f67cfff05b68503902212bd9ca4e,false
96e5d9ae03c75585a0bf29bf1cf7dfce14400f05,false
cad328a0194288633c36b227aa0ab143dd83802d,false
7f1fe38274f791758d94e30d35c80a32cf343e2a,false
d12fcc91bc7182fcf1b0a9d770d2d34d81aad83b,false
b9561caca5cf419b7ae8fb22df1fd99a8c5389ec,false
517f58576c61fe8ebecbddac5e7f44a45074cfcc,false
40b823ba85782a76fc3dba657d9be039e20c24b7,false
0712ee12e1c0b3510bdb1b7e223c2d39d7ee27c8,false
9c08217ca453622d9406dfad2644d68b7eb5240c,false
4d88e8d99be979b83e193c064db5f8d8e4545221,false
879eb9b3b8f290864277266c04bf5a0cebcac0df,false
1eb41a542bdb4181c7c665dc9fcd17332f44720a,false
56abdaefff3b0edab5f00d72201c66ab8c840303,false
895c1c907ffbfe1c90b923fe8de23f4e3370ced9,false
27e6e59f41d36972aa6fad04f3e16cd916ff5021,false
128edec7500e84feac25489318b8d3a0df034954,false
be44c87e72d6c0289f751ba366867769cd63ee98,false
44138fa8b7037ca2a2231780518f70ec07eb4c8a,false
91fc27b9bc7fb407d2e5c658523bce650e51f1f2,false
816ed9467ee98ca952c9e0f1a86d815590d1dd97,false
d09c6239b40dd72dad3daac56f3de947267271e4,false
2e9d36d1a43e6a4e868d38a628c901101ed8c6e8,false
57aa5420b897d2da78ff39f17dcfd5e4b104a75b,false
f727571f7da08b4755adee54f94d870546c07562,false
227c75d7d738384dadbde2ff3f2d92d6d1e1054a,true
031a0a5d272c62e4e197a1e059f02730e6a5fcd8,false
9f54fe2fcebf121d625244543b25eaa8e2e5fab2,false
b431267fef9715ae6658626d33d095ba0b0469c3,false
4d18f1acb6a49ca030187a101332d59ff7964826,false
8a7dfbce4979a8a84f9aa851ba23b79d56996b45,true
c4d587257b28a0bbdae3b8ff8f0e7b8cab2ed563,true
60119f89b8bf713ee72cebfada815b9d70a3bbbc,false
ac8e606c6ac783ab0890bafb193068c857c84704,true
a2c5012a3dda35e3101dbae0c6bb0693f8d4ba89,false
3cf0b78dd5e35078f5dfb7fa980314bce24d31ac,true
534f2adf3d739f4adda648d0f5f840ed2e976b1e,false
35c5ac64b4c51f4615b4699ed182e53a77fd6d3a,false
b494716115b55948fccdea9a0b332c34202859d6,false
0bd9dd71aaad8419c5dc5cfd0672f611e7ed93a1,false
7c68bf54377d0371ca9fa9ed8313d9cd80d505af,false
c35d03956bbda3f25f48fab243cba4647c96f9e5,false
955ab5e10ebda2fbf4a2c7ff18a6e3173eb4ace7,false
97a4837b9c5f04edc37e0d213b9691b78d9b8f34,false
d302c8872f78977f7e99d7d1c93ae7e2a8e77661,false
1b17bf4fbd854bb34f22bd3ea7ea806aee44a7fa,false
7a0f526a1dfd312d41ad8aa445042a25e97276a3,false
6dc2fba885da36554cfe8a3147277d68aa4220a3,false
43faac23b3bf99e3d91d3e89788039e4c2f72668,true
3d5e2d7624f01dd30c32b28351d4d0c9e0855584,true
4147066b7ad8b88bf674c1d9e5c097add027ffb9,false
4f92e495765033091c490128346b19079f536811,false
d0d65defc7274891c2c17c2a7662d41e5e5efcdc,true
59a2b1edb7968ae56f162c2f8c427fb226a84ebc,false
e3d1df37c79c2f7c0e629a6879282b4ee81c6b00,false
70a98c521be35d403577b406ec62f770cf7e0a34,false
f17598e8fa3ee702ec5505f8574ac39ddcbc6b0e,false
37fd74f4e9f4862bc6c20c682a5eef706f855d2b,false
0d26a99c32b1b6ee9d446ed858b5126cdeaaee19,false
0acad29199bc2bedf7c1a2242fed838189136b04,false
8d108050a409857d15ccb07f590af8b363f06fd3,false
6a15c674401e8a2d0f9065faaa4868b936eabc84,false
d1b04b0a1404d3b3f3b5491b1af7afe4119c0296,false
3f09b04400710e4a3ee9c0d0e55bec4fb5a12a29,false
54ca6cf6218957f9304c5a1560df067ce8349a4b,false
a9081782bf07cbc0c939c59d00a7bfc7f99b29d5,false
1c3e181d51aaf1146f5b640a6cce5384825ced04,false
1d4d36c08db3e4086efb755d8ecdb0049088ae6b,false
656c396cfc7ed4b38295d50b2bb786be59b0f07c,false
87dd18aa270506c0d3dc33e2dbed8fe2d3c98c9e,false
e446b85bc60b918c21808f9b571de22fe902860f,false
eb38a95a0191606f5d93da7e2825733d0a2a5f3f,false
3d7b0a62f3a0a81550017424123f2df2839bbcaa,true
82d60222697f84667e6e35d91c1af2222c4ee966,false
f694bafb239d5c8a6a61f9f894b21f790febfb19,true
ddc221c04b544aa4adb8f430bd7a8d526ffaae79,false
d0446ff9fbf95134071678618f830e40d9513531,false
88a1f57ac4049d239ed7f6e87f9f1d299c76c4a5,false
1afe6bf7271ad94ef653c6bdb2c4431d0a2df09f,false
84c57b424b7b051475bd0a08af558e8c4b241e86,false
4485f0813c8ca36e11595fb21116dcd341b6b40c,false
f159f4b650d34d68547c645d383e2b83e243cd89,false
7b641f30ba0377818b349b58fd814f649324296d,false
b5aa9e6f0a02d5e541ab2d1ebc909b212805f792,false
69cdc1ecad7db7c57ec4dbda756af4e0f82913f9,false
017768ed30da32d43ae584ec0a9947b2ad0f857c,false
a155100fc2ae9a69494f1fe2124b2f2cfe10bfdc,true
88660b6ee692d10254455e5b6e9a3ead8cf24a48,false
dad959a44db610549f8a521a24233edfdb7d218a,false
6604638880295b3207f3638ba253f1c8a9aa7cb4,false
ea2b0236274ec98ae62e0baeb814f3e126ce1a84,false
69c6bb08008e74a7f066f7ee067d58280c48b420,false
4ab1c85297893462fa1ca8e60ce71f95d58212a0,false
56061c21b802baa59a48d8ef583b45ad13adab55,false
c274b0a5ac8843e182bdf13e2720428f16462c81,false
135131e7f436651391b596951513f281b57886d7,false
9f957ce11e399eac10ac16ea6fa572afc5a45d74,false
6e0450f22d5035db603b2f72173def4199f43c7c,false
a0659dab1e491ca32d25601cfe303cc875ac430c,false
b32837d5beba58b7cb3f32c54b6480f7ce19539a,false
03c05cf1e0aa6c16c968e9630b68e7300b25bbfe,false
8ff72b68dbd6be5e8d62027695273ffa72770d1e,false
d6058d2eb556b6219bbbe13cebecaddeabda95d1,false
58fae45fbe64c8b7c7f33f39f95d4fdfa4308c8b,true
8e9d32bab3f127600b75c0920e83042c33113fed,true
86a8ea740dc5a93c19d764f2236afa0d41e96fb4,true
a0b84be752d85f6e5bc1ffd5aa769a7d27867de2,false
60b42551a938188a6efcf4b14a59a49d2bdfb655,false
f5b57301548bb6a0d8c393dd73e9614bf656f4ae,false
d973520ab4033c0f87aa52bbfeddbf8f997fca3c,false
3143647803d7b2cee13f6758cb69251ad115c858,false
2343666a5fdca152ff00cea014ade4d3fec0c977,false
1ae674e0a6dbd73eae790b6380ac320b596d7a0d,false
e56a72f74590a43784120bc3b90fcc2915d43d80,false
9c93cf7d6d3efbac8c7416f87f514323f466c14b,false
4fdc69bfc4dcac7b3404b648862720696b340270,false
fac25df653a284c87261de2e7a8fc9ed59f9c8f4,false
218d27809f6ce139c9e722ef7e5f6e84a6baffe5,false
24e67bd91b73f9abd05d2317108fbb8f411e6e88,false
84d4c8794a17109fef7ba39ce6ff9b0e608d6d16,true
2e190324824f83b2b3f44473c9b94113dd14b01e,false
dda37ad1b87c18fe33f0a69e7bcc2aa4ddba3751,false
0d4cd32cbea866afc9e51a58b4e759cbdf635402,true
fca5c3b2c56d2aad02844befc2c51cd28f93d75d,true
62ca1ce587f93178c6491de073b1c46db0a8c176,true
6e55530b725cffaf6c5a0a427c8bc43d9e3bb31c,false
285ee44fc8221146641970f7f53d46bce19dee30,true
4c0c6b15a39b7bf9b60abd37f0931b93de46267d,false
dba3cfdd1f6968b1440ce59ee40d309bfcf915f0,false
6690b7dd94427fd381583ebca15c8bb22a6b7e87,false
c4f3f42fc900be43a6f8b8cd04caf0b433a7bc5c,false
808fedef6cbb9921c2235d9006e95e2625f358cb,false
f8a0aa63ecf7f1734f0df84c5bfd289c953ca813,false
5f44f806a852bf758a14f5cbdd93b613b76a2a2e,false
d0eb6d0fd0b5f3cba7ee56033b7667095d073e00,false
0dcd5fcebb8be21921ff2102114dabe56855c815,true
730a8e5accf153b013c90b5dc5509ce4312b420a,false
fc8e7be5d2c50bf4b7cd90b5b3ea65171e39ec5d,true
059c50d9c2cc1486679bf20f154c7864b33080f7,false
8ed3c0d99d0504a90d0ac77ad7454b4f23176ed7,true
02f2b365f3ecc2ae4df3fa971fcdae51db0ad99b,false
6f88bafdca88d17ad03ac5f301a66a3b32d13107,false
991690a2c6f8f157f3f9bd5404bd2f6ce33c61fe,false
02ed66843981420632ff57f2241b94b552ac19cb,false
9749ecf52710b5af5201840fa640db465eac297c,true
c22d2b3f5e98b2875e3e1da39b2367672e1f1b3e,false
a6e8fee1e9ca9835c10a8d3be595edd18f334a63,false
596cc62bee2c9eeb27f9ad672b809e61f3b26aae,false
8b577d90ee37414111016715edd2eb58d24db205,true
8fb55029d6b93051e80432f68a4a0d298bf0b914,true
95b8fefcd70b0613f2f5b35bf6767a20b96780ae,false
1f48858f35baef720a18d46f5c86c5ecc75e18e8,false
d11785731b6b6b4daf429d8b879337a14bf95b48,false
ac12c6fd45efa7a82d7867138ec0bbfcbc699023,false
341afaaf4b847f59a8ecd1509c899bbdf0e8992c,false
e28f6f7bdd0f0cb427c79c16aeca6f05aa5350d1,false
d2b045dff36d32e801eeb3c7ab45318ef9716bee,false
db975aec519370e79957900b7d4a053a38bc95f3,false
796dd06c86073a09d6d88605b9f8efbb13c95eb1,false
7d2334a42b091a401be930aab0de59a295e8a7d7,false
1864fc52ab956fa7290b614fa66e9e6eb758d4d9,false
ce3d0ebafdbdcbcb6d8be54efdb6fa292f13ea4e,false
69c32f2d6cb3836e2cb4b94d8d6f1bee07c0b211,true
9acc6fedace4c835c81ef03ee24f0520113906f0,false
724bfedc92b91b7efd956eefcfeae01fdbcb2e81,false
bcf33466f962601b98a9abda60ce48164d2f653b,true
95de2876caaec37bb6164d80fd867c5074b13a42,false
dc054bf35234850abd8ed226c564d74920c2cf31,false
caa448d58de6b95f950c07723b5641ba966d6cf3,false
b1f635f7a060eaf3b48339432651a74ffca91e95,false
48d684ec63d014626ae270f167d927657d49e080,true
98feb71ccda145cd8dcc0d20c00567f609ecbec1,false
68cdf198cb59dc06de22f03c422f3258556f4959,true
468b035d8ff2f6ea1fcce0bdf959020f62fcef95,false
e648a6f57be84ab257d9eab095e2fff51ff00b59,false
c14a8a663d34b40f6287887f235c483cfcd5fe42,false
7d129f40ed864fe02a27999c231175a01e07977d,false
2f3668e06db333f8731e1f2130e828a79cc7f40b,true
842609c3e69d03035ec08f9695417de20dbf5f73,false
e47f21b08e13f26e0b8a16ae5ad0864704c81ab4,false
7748229c53b50cb926f733e68e9af2f430edfd98,false
ab5b48f4a5fe21b475b5733c6d7ca67b69e92043,false
4a9463f6416741b084a036789928e1e3d4002dbe,false
e48ff3131d0b16b656b81c4d4bacc9e4328eb93b,false
8acc577195c3e86519cc19de4dbd3c076e20f591,false
56d16045ed1f38f80168dd8656929005aa0f1f62,false
95c1dfed85370ba0815505982b1e9af781eb77ba,false
cb1732b23212bd2971e78c2e28d2774396c9f48d,false
4e988660f3b08eda097edde180fc8fe6cfb92174,false
152d383866cf255a7f2b029176baff251928acc7,false
a8aad400a1021c406e1cbea5dba9ff28a636e922,false
c094b92ce6dcd1d1cd10bc1ece95b9087f322001,false
7e0b0d8d91bc11e8b94b4b695f14e7c40f3f739d,false
8b9688783e59423ab9ee0c38882f88b3cc4cb5f2,false
1c5122a143ee9853c09b7617768c87a6a21e2eac,false
e589dfe9c6b666c7cd1988703ed03a7eeabe5efe,false
40c0fa936d6936ae3235ce15b33a94605d19902b,false
bb5806a4903d4df3c0abbc7e4db0cca1e4a7c161,false
1f143d8e65d242caabf52ba29715aade08e8f29d,false
155ad707826d8e40d70b97574ad0ba5c439803db,false
2277e92dece72b8e1bfa5ce5c45f988c8bd25447,false
e828a2cefece134c2dd1a9276f695063f373d695,false
fa3fbd1f1d60876b8280064e21670fac22b893c2,false
3b573a069018ae2186b51c2be2669798777e68bd,false
c950b6411910ad59cd03d3e7b9dec14d7969b68c,false
08bb7898398c5f46a7d833db98217a2fee639558,false
f7945121a15fa10fdb312c95f84f2ead52e2dd13,false
e3a06c2b3213fe346ffa7a91e12176e791098d98,false
b0ee2fb31b05a1bfddf90b7a8d8aab0687edb333,false
bb13a7946a7e00f1e89167a1afddc4d56989816e,false
c7315959e214b50ef47725e4dcffd9fe6d48ba1e,false
e52598501bd31607e5e3aa606f8f7f2d6fe68115,false
a4c85b0256047a4372ec3816178d3b6c37998ee5,false
0783f7d867c6fb0fd110078956ae7391498ffaa7,false
946353ed47e4665791b3df22d025f7621686d936,false
9cf47f9d4ad355cc1eae3f85897ddba1fed67253,false
0c9915b22c2c3404b001a7acd24fe91e99e2e5cf,false
3670896bc1d915538ddcd174d7d5c5121306ea3c,false
ac053347105690b48492cfc601da4afb6caad8a0,false
8cdf8631f926fb09915b9c1e3df32cf60610750f,false
af86f98de71367ee7457cb60f3d59841400f1547,false
bb98acfc1febfabda0c71cbb15cd279ebf8dc558,false
22db05ebd9b7ba0049cbb4661dc2f1b7dbd0ad5a,false
b62655a19271882e18e0bba60ccf42db8badfc43,false
620dae85f7e43f8d8d2164fa991dcf5709bf3195,false
391228472aa9a755dcdd142211544492c4ceda07,false
a185774efafb28b7ab3491bad04e051eb89571ac,false
5d368f067c18221505607b0927dd59205a7b8372,false
fe764465cfad48d616e163f808c242319fc172d0,false
57089968c7c5a7682bd38d6bbb16946562bc98e2,false
272865ad8152f20b582e2785e781d4f437a65b69,false
1eaadb5a705db44ce0165093199978eca99d5bcd,false
10d7e79e2491ebb69c46988bdf25990b7874da75,false
c8fb60931b06e3b4223d2c91a00880ef23db1108,false
1f61b6d82d5715fd3ba5eb0f14a37a69e5ac1208,false
f4cba728beda975cee43e7b792f8ddb8a6b189ab,false
12304492d61b475979dab90e35b302341a550e60,false
71146e54537a3cad448539efafffc7dec6603c6d,false
d9e44d0608d4c14534a91f9adabd3f8e04c3f9d0,false
4f0e23868d67439bcf67360b048f64dc2e223a88,false
d6e3ce359fc9bbd0443fa52a043ff9596db60fd4,false
ac78af1b1aaf890ecf8c3eb5d00c23d9ebfedf88,false
b126be4e3fee1c414541245fa8fbbc31859af740,false
5263bf522332cdb9389e1bba6c2c3c2525da9642,false
62380091fbc48bc2d46c239ca8af9cb641b3eb82,false
8fe44ad872a2ec5ce53a0b6dcb9f7cccfbdf2933,false
9b6b6b6a81a9f8a70a5eaa1f48e8f6e2e07f9dab,false
11cc7982d597492f42b20b0a33e5e6f5682439e2,false
04448b000ee04dbf5a8a336845a681e48172d6ad,false
0b41cc23f389fc4e13931964be197079004d8d22,false
82a0a18a0366cd2c5fdac8b50d37f697392f737f,false
f9e11531bb82bae957d7261d4e10bd58ace7d58d,false
4717a579b315d2eef945311ae30d3abbda75764a,false
dd1607660c02a0eeea146b30fe765c7d2ff4011e,false
8dda8b4dbb5c386d8aabedde400179466e6d1937,false
6926d18ec3d5c5feac1836b594bf2892927b2816,false
77eaf5e1c69a33ee427b91db1002cc8367dbe3dd,false
eb8bfe6d28793738df84ef00b70c5a748374c351,false
ab7f09a30f4ca34350a52d46b5ac895372aa7b81,false
a0aadd447456dc614ea1280a0942e6218088daed,false
096c2d2537a83a5f34320a57671fc0329da0ce66,true
75052c1aa632c9495b69361f0f256d71ce4db424,true
551b4be52938e1b162f440dd9ced6ba7945bb063,false
eb841e3db472a70436519e26f2e74df83cf6198d,false
f8cd5f679f0d1919567e3cb26f58762a935ffdf1,false
93b36e852acf597aba995c0f6870c61252ff8083,false
359c9108a43a62634d76b27787fe89c633fd0f0a,true
950116465e71d569d601b41588f121c3c0c08536,true
0b97e49430c8dc9256b32c608e396ec2eaa88ec5,true
cd8d08899c1c3dd387eb23d86b8a1a76329e1603,true
ebad469b5a65ed2525124c7a5b3ae15b04d31936,true
8ecdc759fc6829e03e6523b78d11033450110bc1,false
10feee76f563de8eddf5ab3b9666095d3720f785,false
d1f1ff0982e824807c9ece7cd3c04ed9b7555261,true
49b4dee3cfa92d550d8f819f94a7bd411c884e33,false
1b2e8928de5aeda148444d27f92a4c0f9b48d473,false
e5b3c7b56d25d55e18dfcc6d2d1d08787806ac5b,false
eaa38ab5dc13355e2be0c490655e4c8c15b3770e,false
7b49a16296e89cdef577250394ebee7782e74fdb,false
ccbd1f037b4deb11aeee03ff2a7c89a51ec85246,false
112c5e7081532aa2345f77bb392dffdf986e8ee2,false
8fcb692d3959059757b42876d841208a183f0271,false
6cc7c61faeb6ce5d89f84d16705d4b08b0baa51a,false
75d0c2b1140d842095743dc395dff0ba4427d9d4,true
cfb9d2ae9a1d2771c1c7e3de2dbe0926db563a3a,false
a124e7d72b6f088998a749fcdf2d7237f30bdc38,false
9a8f35c4ecce27954a2c04cba71015cd8d910094,false
7c6dc06cadfa49144aeffed7fe2c1eb041a2968e,false
88fcd353bd7f0c8dda2427e2864a3eee97125ece,false
e3009866e99ac67fb861b29eb1fcdf0626a238da,false
da243d05c4e5346a518811730fec501f815989f3,false
38f6c4c224ea40959f01eddf1be168443179fdcc,false
98dc86e9d2e4c1c60882d7539911291d8d63d617,false
01b8f08fe00100c87945f6b7272698bb59d1ecc4,false
aa44559bbfafa002af9479ecdf07f6160c40f24c,false
7302aad0f1ad2555f693b00de86c9fce97d38934,false
9cf66f0de8912bc4b6d6c124b15f8c1cf791521a,true
27500fd36f5e339aba45ef762df799afb066f4bc,false
9923e922cc0250bba4ca1686e3489ebb67560094,false
dd584e8c78db1d0820eb344bc348369516d7cee0,false
f2bfae7a7b3c19083dcbd71d17c73ec64d2675f7,false
c54a3f5648c29e9210e3ae9a0dc1a53b5b30f68e,false
30a35b88c1f6c00c3e8b6eb7dde4c7f54c4e4c10,false
5f2f1a287790f6951fc4419709153ccf1d1cdcac,false
1d2060fe78a3f4a9cf908464ee385f28936422ce,false
7320da7713813b3c820f35a2290047b223fa7805,false
2fcc6a349cfb2aee31b6ebb070085aa0e829bca7,false
872fddb41ca4190600057e0cb6a00b725e411d4d,false
68df46ac514c468057bc40dbde9b2341bb524372,false
cc7f1f036f4f4f7502fbfb7d7c9fd0a921b08c70,false
aa14c0eed089bbde03ade1b8f59d48c64b11daca,false
835993bcf9c4d163093b0c78317c677b6fa95ef1,false
9981aafd93300e7a2b408468f1fc3e39559c3917,false
7504992533b80117d2d9efbf572b01fb85573175,false
a6aa249cce70197416d6fe4c38c9d9cffe87dbfc,false
acf0c37f347cf02dc51a86580b82c06e16d66635,false
ca7f6e17bc11318be2331dd90682cbed6cbf1e59,false
f9f0491f01149e0a326d5146ef3071bf9eb355fc,false
36bab347bdcccda797de4b509fefab3d1b46d304,false
4029d4aac5fd9db8b7dd6741472fee171bec6803,false
491116b36f1d94f8a00d4cabe8d3861655c976ab,false
c14ecb362c376f186ba253dd9e50d46f206ea8a6,false
3d9670da9d94f16c8eba7412519effdaa0380aaa,false
47bdf6d82c67609c59c7afe9917803f1506cb5c6,false
715aa44e1b7d92c54030185c228f9c6bb6e98d35,false
9dbf777be69d86f9ae9031e0e38a0ebeef15b8e4,false
05b6a345a8fab49145fc229946f828383f77afaf,true
e19ee850bcec1763adbb960566215615c39ab231,false
a88b233c87cdc596dba90a0c4cc092ccfa9d43ad,false
c3c44e6a48fde183566a5b852c53d2875fed2e47,false
08c56d4fc330e71c13dcbdb5a4a35f8bfba55ac6,false
00601a326183f6510b61dc9afd6f5f5cc0e27b85,false
66d7a61b7515483d93b65afaae2c12871d253e66,false
7503750c8f0393eba12281dda22a2b2ff4a267df,false
3e168d1deecf9d50b97bc9ca104d01c5bc1ba7f8,false
bf68ab482b3ba9909a05e68242a70f246ae825ce,false
a76ce363875afec60103757413af2198c1c1e7b6,false
6f8575553e1549e44a468511969cf02db6f89243,false
2352ea388648e2b047f8166d4d997447d55cd49a,false
4bb4e7670c746f478f801232b55c4e10244744fc,false
acf3125e23514bc0b60268d87d4f86809799adee,false
aeb56d1c9183aa1c9ea04dcc0df7cf39dacbd72f,false
49e1fd24966e8fbb71f45769df7bc463dffbb92c,true
0b1bbc9bc3790b70bde3df08a5f9b14b12ad7e13,false
925c715337d1cb72263ea11cda15aca9d9044b13,false
c525d348ad3be0b23240c824c2bce62e5936d2aa,false
d5e15656c49ee9a3d194f6296e7a566d76b7cf5b,false
e8feff500bcf6e23fb9dff9e341590669e6483f0,false
56e05a23de334c7bca18d3487d2ffad781d01604,false
80acfb25fadc1ff6ad7e0b4cdb818b06677a36c2,false
026a8009f8e0b4173aa5f638b3cfc663da341391,false
1401e8a7f797a3a3e78fd8dc58d2efedcebff39a,false
423227785e6f2172d96a863ff173e0a5e6b0d652,false
2af179d2affa991600ed9678d92d62c965b934df,true
2dd918d163eb38d8c9b5954fd8c850c42d5b645c,false
7ecad98c608e5c45d4ed5e92fc2cdac7f9548c89,false
d54bfb40f0b8c8f7fff2d13f1c6379947552718e,false
d7e02e4487777e359aefdde29ccced99de88f32c,false
2a7797f02bbc3ab6680e67726a5365b7daefba1f,false
f987992d50a704fb06639016376cf0f37e8746cf,false
806d22998c03ad41fde3826d8b4df7f752459ded,false
d3e5878ea30449f4ced9160ae9b1570fd86dd9bb,false
a1941a435a9717786b8017a4564ee88f000fbc99,false
b391cf368a197352038fb340f4f8e19d6f1745b2,false
37055ae6d2b749cbbae83c7f85df328359515e3d,false
08ddc27ffa0dda496623b7238f96b402012dd4ac,false
ca41625761313841c3cb52c8e8498994c83fdb2f,true
175840c152ed35b20f2729201685f1a9de3a8928,false
1acbafaf3c3857424de91f4d50518170d7ad30ee,false
d99878e822d149e68aa6eb09e96c2336f9fe1eed,true
679b80f6250ec89d779e8e2582e817b194d52543,false
283650f5e5715cc6b215da7c9753d88b89e7557f,false
f605c97f06ec99a417c13f5cd02f7018ce84bc47,false
fac32cce4a7542fbc1b2f9024d5f2c5032b328a3,false
ba5132459dcac56a29e9c08aa759aca03c137dcc,false
4e73c22bffc05018cd3da283d45ccac22850b2f2,false
478a222bd39ff5b6eca5a027160895752c0c1ba3,false
35de19cd30afac45cc518d10a8e853794c329e51,false
1418447b4a952dfaea3cee3a2e49ce0d82a9f9f4,false
4f1113690038a758e57a10e9c98c7cc5c16d2a78,false
87a2fc7dfd59b6b2538cfbd7588fc496a6a356e7,false
82ed700e3550ec6ddb59306b7f2274def676086f,true
