hash,isBugfix_mistral-small3.2:24b
09f3abf08ff6a6c3fe3b3aaf5a84c78d74a3e4b4,false
5874f5761564a5813d79d0e6ba8ea6f95b5cdc82,false
2a498de1f9915bcd47945af558d493b359a53c35,false
1d53858c430e00bf0fd023f1a13ac0d226b09644,false
521c226b99b72aa93d93cc626a9711dc43354fb0,false
7bf8f00987da379f3d6706e173b9c2f4c44822fb,false
463f4e77d436f5b791ea297a6a69198d9a7833cf,false
acdef8f45a28fc75f1e839759288c4f8e76efbe9,false
486122ed0c7e63f84df779534e0d8c59d3ccb28a,false
8382500f9bd3629c958e75fe32f53142a165e1cc,false
db1644df039b2836f6dbf20277499acc09c57d52,false
79bcd2007b255c777dd71372085ade229f9378de,false
80c51d94a055d14ff371c3ce6b6f839bbc5f3bb1,false
c19dc17b333013faa31eeab71d7515cee31acfed,true
689e315bd3a87a01a20f320ec7f2d38a4516ac67,false
3974efdf1f3c9150cb29ed15c48b95b347abc322,false
4918a888b7e41ee19b87e5a2ed53d57eaf78489d,true
b043405bf65f0e85496e0d651ec2bceb300e552d,true
a6c687eaa7de16256730bc027fd1ac79ad70f1fd,true
17a5717f63dc308d79c15885a0a730c919a2c480,true
e983ef68278596c17f1c8eef10473900949b0372,false
067f643555c503f246034e5107150e77370796fc,true
30d54b1d42d02ed42f5745f243389bf2ae913d54,false
ac7e92ca7b2a2b9239ee3562d6515ea326759b28,false
688434009721815829a04bb4c53423b22bc43f58,false
7faf32ec23d4dd0f416277afb62ec55f36dc16ce,false
b114ef3c06e94311f885812967dec9ffa4accdc1,false
529a378041e377f957a7ba040ade7cdc669a5fa8,true
8ba92f44fd0557565b65a2b8e6c19b7cae85236b,false
932e8c8cd2680b850591d5067094a0e250bcabe1,false
9d4bcf1367440bb7d03aced181d2d5d06081dfe4,false
22051268a5b5207e3b2b3a631886b2bab107e36e,true
e9af147ba1469fc346186e4a8911b39d5e157a71,true
8364237098cbd471996ebbfcec0d7caaccbe49e6,false
5aef9d727b6a9697278f56cc3f5511a14e19875d,false
9d9cc86abc2cb1cc059a733c4b4b83658591ecad,false
90ba75873eeeeb23ed62ebfddce8cce3ee4efee8,false
a361ae1a58a782d29dec362bf180747fce78c144,false
f11d9d9da99fc8d09912c7a6f86c531c728f28b1,false
02c3baba58122da29d1c435a7714bdb8b375e65a,false
5803a9411f0bf26771ab34ea9a5f1b8fc2aa7ceb,true
ebaa56fb63130c264ac9227453df5abbf46b856b,false
dbeff0b574b55d7692c901cf14ec2b2c302a162e,false
978d7550a2a0c1d9773fea3939a374aebaa22374,true
578a9f09334c2c924be0e8acbc4d8a86ee13f6fd,true
149e32f5060e2c3088c97ccbfe9757921812126c,false
feb14e55e2f5e985c3f35fc555ac76a9f1a7eaea,true
3f4a9c262c3a82030fff0712a54f98f232d2fa1c,false
92b09e4f7216370b1a84ce3b53bfcca0eeeb506a,true
00683561d4fa8aee98ff943cc6d8368974b0bf38,false
3fc6fd78e81c473fbff7c1aa2c5ccc7f674ab96e,true
98a78de0fd5f25325956e5dece6e9d1896f97c54,true
b08664bb7b9d3f2559e4c364a09446854d73f1cd,false
295a31b25acb76678a295c332c8ba8d993d67918,false
23b61a3514e044370e47780bbd832d0abd459dc8,false
12b9067df5d0038dd52ce2bc185f124dd4fa6b2e,false
eef260d50d6630794c5a63c9a45082a1cf38eb7c,true
c2967ce6b0ededb47a342095d33176c174e4d8ff,true
8bb2ee895d32d23583c8a48549089adb94ce04f2,true
b21df01e7481278f9ee02b4f6ab25bc44e6d9d1a,false
0e06834d36d5a622c73c4d3fc447c070c82ba92c,true
ac71ab84a4fc8d1585377ff1397e0b8592098ee0,true
55c69e72615a9488e639b5d72fbf56f8a350df0a,false
567886c9e36700ce7f4dcddfae268cac9d5a8ef3,false
67054f0305f6065256ee91459a816c5e60579d70,true
46897127f72a951fc768d299f0a7e61757836050,false
2a298841857bb67cc0dc9bdda650f87e55c365a1,false
4b25ad98c4c08a7f2152defdf9d195fc9f3b836b,false
cdf9e6ba3193287c59aac0c39e9b703cce2767a6,true
2a2571f26632489a912f8d5d306614a2c5a7ebd8,false
400c8b118889d8239be77da351296029ec45cdc8,true
50675ac45889f35c73ec81c945167e844c05dcbe,true
5ffb1c968df11fec5dbd05a9817696c5fb122d1a,false
c3302ce2bf67faf9125172aaf6a78c54d23391e1,false
3c0131f7a70061a20fae6a55127d798c6882ddc9,true
c089afcdeae67aeb6dd18886678d56ea45fe8da1,true
9c6a83b3fdad46097899c85eb328476d39f7d260,true
048ef641056efa88fb48b6d8f65f08fb007ae2fb,false
5b4cdae91d0ad82b93b29343adb6d3c4b0086ab6,false
0e1c57e25bb3d8db40e06753db39f46423005b29,false
7450797fa44732f2402ee2bdc64ab11e9674609a,true
98b5c2efc76073f5e864a85a8c6e6ec2a9c28583,true
7a16687f656fcc91fc3295a8eb72125984214c2f,false
df122092fa81d16fd92c8d9ee5e811b8a1d1047d,true
e537713c189498247e62cea74b28b6b9ae730fb4,true
0671977a2c8023fff21b41fc4e285921bee10401,true
357f332bf19379b6887643083f7a7f4948767994,false
fdcbb447a49b3d2a69f5fd726061426cbda934ee,true
18e1b83eee57cef7ad85b29e69e28dd53c9391e0,true
ba25aea3548503734088c2d895564f05bb3397cd,true
576176a64abf6812deb2eb2e1412582efb83a005,true
258d117d44961dca914082ed4e7f0ae827888419,true
7b409a921c3a1b5446e5664d89c487e341c3fc38,false
12852a11d4ffef33ae782500bdc0b9958da6e75d,false
bb6fa1633d42a41555c6c7bb42ca3129fd7faf14,true
6f4d2fa90fc80527e16a1796413af67467c98443,true
342410a072e28e3226a03f017aae99d322c7dadc,false
3f02336f8900e918be2e217a3306721499790866,false
a50cb5323f078719f32aaedf636cf8477de8ebce,false
b095e6971cd09f2b2a4705a476964b0b81597705,false
040ff0abe968f42235ce1334204033afbf56dd79,true
ae5844df6e1de9e3a4b6f41ff047f3f689976769,true
addb49a9d67a3db738c343c2d93a200a5299e69b,false
b1ffcb9fd24fc8097ce73652e90ec61d7bf7283a,false
f0684f2d2df035d875314deec2c4aeb8da1756c9,true
71006b96c175aefe4c84d67175d8ae40eb308abe,true
7a725e1ab2cb1b9f763a8f716f9bbb382b2538fa,true
80bf3558197b970b904e554327dfbbc88ba9fa4a,true
9f5b5bb7f1734dfb574a10e0bf2ea5c0cc192576,true
90dc14ff36ca43bd73806ba65b15fe99f3830c6c,true
3836c5eb22cb3282ee744c9e30ff33f30dfe0742,false
5690e48941ec7a9a2dba3888b650276e92cdea52,true
0332443c04a30f6ae39b18e054d28f79adaf9963,true
21f8bd3de54e76e147546df33b39a80d293a66f6,true
144fbb94bb925427d98f9ce1ff16110c7da7d6fc,false
1584cf354a9f02cbf716bdb94d8fd1bc812841e8,true
0018f2e4cc89d53d0fbab74b511e8ade18f4c1ea,false
5abf2d470c17a162a342715dc89fa95c9805f8ef,false
4b25bc98f75ef4beb1dfcb6b23c7ca9ef96be8b5,true
afdc4bc9054c0f7e1b49c99f30c102ea095c25f5,true
78f7c3c56ad06934d45a6ef7192b51dbd5e6b3f0,false
85c3cadf8e0519c3abef839373053ffdf340d83c,true
64a9716c96836712a9cde0ccff3e7c8e20a55390,false
97ec63434e003e6383d3575f62425aac1416e9c9,true
8e41d1e5598d8b9bc90bfebb6750501d2de0f887,false
de1f13592cdc5523d6363aa03372a46f4e9e27c7,true
646fbe92d827bdcd9e97a0e184f53aed03668cf5,true
c3ef8920daa5054de2154f77144cf9df39be7513,true
55f07e09d08275176fbfbedb734359ca3dd87d01,false
128f939078df7fc1da4a53874fdad74decfdba60,true
82904b1ee9fe4fe24e5a19872bbdb108efa5bd40,false
b22be520cb9de2cceec37fb1ff0c363cb0e9daaa,true
c18c0b9760fcbdc8cf07d929b31490f8a1eb6f27,false
8f882dd6dc61a62a7ed3e858c64eabd66950f6be,true
6a8ec521b1179434ad0bd3a05e244d9f892a7092,true
9db4a74b02d3905975df00335a57385eb5b6efa0,true
59da9b430a125a2ba51fe82173724396c4e0ef6e,true
1e9190201f23c288132c6b0ba3aae137de03d81e,true
d180f064007d745cd73dcb14d5e98fa322912507,false
d8ede39e87ebe4d2b838a506683818fbc6c474e2,false
79065dd391dffe3d5ed84e92408d63555cf20b84,true
5dec6224d18b8e31262fd6376173732022bbbd90,false
26b7be74e2ec8b4dceaa02e646d5ca8a305af995,false
d529112d05c4da1abb287c30f0994a1d2df3677c,true
e903d415716b9bcd05fda1ad8e7746e6b75a8cef,false
73ffc8f15e22854eb9c1ce9e4616ef080e889da2,false
e0c25bb925f3d2ef2badefa455ccf81c1e369e7a,false
7039a987ceb8ac9944e557eaca704ea0267a93bd,false
13ab35a11b3a9c279756cf2c4e59d7e008ea77fb,true
c536d086b6fb90634c07331fe643431d8748e682,false
70574be01dfc70b32bf95b350830413ba0884343,false
efde862d25b5486dbd3ac5d11a9021af7430aead,false
a5c7fe0a5bad4f0abc4b7e885ef08ab9dd4874b8,false
c6faa77e0ace1fba867f3acd72de1d19360ee164,true
76ae9c979fdb9228720c75e50c42cf1c111a4f01,false
22ad3985c2a28d3520110b2a68e0134e74f388a9,false
a4ea79e82dccea6e40246c288b966908eae661f7,true
904d0255d0ea61435c3784b44f941a1962c9b591,true
33fed802f68cfc5c46864693230bfbefe86851c1,false
33b3173b6bd96fea4669fe2f5a99e603698daec2,true
56b6e01c759739783326602e00966edbabda8e54,false
9e2093cd860bba2ae1858b206ba3580dc16555f3,true
c234ba0023c99c6022f8c67ef49817865e8c0bcb,false
bd1ee1a940b1c5e2b27817d30961ab3bf856baae,true
228d479b2a00a20626c71fc94ba6a98412edc2fc,true
1e9a1a8430202900836270d34752369125243356,false
e0896c75ea2405b93ce00c9ff9d238b973e4115c,false
897cbec0358d41b7211326722588e74fe63f0187,true
049fea13bfe385a31f386b09bb28561869b30ddc,false
22dd1f8b39cbd56771a682915e542f0cbbc88cdf,true
4a3597442962599a8a19cc065b9161c39f05b5af,true
21c18ea2341dfbe80d0ed298ae5662541489f3f6,true
94760791cabf6022d905148ac76916bd2d44c8a4,true
901e2e4c4b32795f68946a3e41eedb20e41d5131,false
1f828d0a276756dc4a990d54ae1120463ad35cd9,true
d9ed4491b70bf3bfee3cfc4d902b7d3daf7e9e12,false
99a2d4faadcfe3cd65e8d1f625f3ba1b783f48bf,false
9364e2b4c5c30042792e5b5d5a57f870dbe3ed97,false
ba777c7c03be8b540456df1fe9ddc61633bc4db7,true
cfdfc34140b231f39846796a3c59f9a9df8fed38,false
10c9a233730dd694236386d619fac3f0ffbe82d3,false
aa8e0b526822900125d2056b6e1728a26b5fa0c1,false
971a4cb532687338c86c19227c3df6d42c20ec29,false
e00f30b06566dfe132a8bf2387be7f2276ba42e1,false
278753cbccf9ab5c4f9eab5109af1e51b3ea48a1,true
aa4db5b1cc3cc458b8dd300fc12c8418b6396c70,false
4f866d2e4c3c8bd3a3e1ce7af6681073e4107e1b,true
18f50886d023490de5fdbdfd5749b4e6418e195e,true
f8e10ed787488f056186fe23611e25d183f68228,true
a4cecd0b1e47016c6917153ae4589c5d9a4f0c7a,false
0a02bd027ea0c716dc1683c38885e28cfb384382,true
b440aec685e0613eae6056b4619de27352aae49d,false
adbcc5f9c1915656825d08813aa1d65fe2cdf5a3,false
cee62b0015fa8e32a814865ab9d29d3edc86afc4,false
366543103ee17f099c7f3a66c11922dd7bd20f74,false
c4bf4c864833bead2c2260808945b8e47b84d63e,false
11de0840eed93b4f92bf57c70f93a4c392807dc3,true
8b60f4b5d4a268c2fd9cddd6d74b3e7dddfbaaf9,false
b53fa2c01e5149c95ed76b2331fd0c0b9baf2cf2,false
f28d2b7b50c40efe53205354c163f13b6d732308,false
da2180838de95aa51254e98b3be2d882718eb635,false
559116b27aa902569c8f105b53aa338dee665534,false
00da1ec973d25ff1e7a34a1d0745817e6ba9c2f7,false
9c3a74c05554ba8ad62db87cead48020171a8496,true
0ec991bb9ab74c22a2a6f2699fbfed465b26ac9b,false
6c5d3360df9cd70ce282f6f501ce5006602fbd07,false
cd2b3c4d3fa304df7964ec67c8fbb4296d99b3aa,false
c9eab32e3f38da5462d4d566a3931e7af61e6313,false
d622e104f65aeba19b93013f1daca2caacdf5669,false
a29f53a66959001a8b4d6f27ac24e8f441deb592,false
e6c13104fa56e12d2f49f5b0a73e00768917d2e6,false
e5f22278bee83cbe725577e3c5034b55d9c3b343,false
ff518da5e4ec89406fe78d600e04154d5da66dd4,false
f89c72fc918a8c5757a6d154b6e25ae801bcdf0f,true
fa8ca18ffdd7b14ae8da93688d7c5599c91141b0,false
17bd880bb785f2a9b85079098a0bccc4c825015b,false
e39b3a81cf4b08206bcd76125d9553fca8d1b6ef,false
5fa10b65ce041aae473ede2dcfdda63cac21b968,false
69805f9298e1f79eebe592615135b98cf8d730ee,false
4836f4a8825d2aa1d3b46425a294f823577b47c7,true
8804d1b83cb7d32537ef18ac75e4b8d9d3c155ec,false
5ad04aa211411be3bb27de3ce0adedfac8710cff,true
ccc977750aad06a4d23bf86ca446a5577a56a4e7,true
68d8ff5665a9fb01550c89f6f1fad8e5bf93abde,true
7bc3134446daee621dcfef4394bae7595d445c21,true
c5f017978f0cae73bfcda3c41386cf1acbdccab9,false
46e14c934796f8c222d9dae1eb684e1b1b92d853,true
b03bc1d4708521ea1257e716a9cf8d8dd5e43247,true
d36e82785ff258f48afb59a710df9aca502cc8cb,true
d4dd9961f38480f2dfc9b76710fa4c219c8309ae,false
ee2b6c923bbb87e120112165dbc5b215160924ec,false
f88248ae4420d74f21069bca534efa3ca14d06ca,false
9e83488daf1c593f60f7e0ae598a9a8394eb0aef,false
d9be5f913db2bbf1af3c743060a3942a5706e928,true
552d3012581172fcebbd18e2a6c673ae21778584,false
3e18ab481792bcbf625834577b6f1ad7e37260e1,true
38cebecd8c41df9dd0026af2fedd055272ad3d4a,true
fca9cff8f2b939dc07865b3c94951334d4cf34e7,false
08a516df1c11c1b26f090b318f06f417bd04e3c2,true
e8666be15c3934c4d7197bb7e6317e8e6a4465c1,false
189e69a66aaa9fc3f690aa65a29563aa5867813f,false
f759c126acfc1206a0d46644d17f02ba011360cf,false
59894c5a11e9b2e140b44dcfec481c1f73039679,false
8166acd612d0ccffbd6469aef167f7dc283346ff,true
6b1ecfbb4e89663675d4bb699cbc31c6061b929b,false
2373289209d0e682e4f9580a48ba68eb72fec16e,false
d707ee7607270b0b909f0dc36755fffbe46ba32f,true
75778beacc9bfcb38e2add8b8ece1b76a75d6af9,false
0976f3dd3e8364bc8e203c11b480092328e4ebee,false
d20c47bd43c4f5a56554ec159ee7db8a79622e56,true
82a7f37d5995e4610cb435cc59daef1e7148d123,false
f22b3d7ccbcf97359113dc085fefe4901d549951,true
52e115d9e92d2b2e70a6416cc18d3a0dd6088727,false
1635b6e5edcce2d420e9d4743aeb97a02e9e99a8,false
f50bc3b0638be51b6f73bef99a2a6290c672d7b2,false
8197cca161da3877ed084763a1868b5eb945aa74,true
39106616acc891340760bf1a3062123d071c7340,false
9a246f65810f29099ba2936368de93633b5118ef,true
9715fcc16c8cb2fba461f063075d9ecd00040c8e,true
18091a6766d0a1c8a370db4e96a6c9507c31d5cc,true
b244ef86fb8c0feba0fd9d1f29db86448d92e139,false
8249ccab1801f37eaaa997740c9b776eaf247217,true
822235b16da222ed30d08fc3a15082b8cdbbe314,false
755515f465a5452f97966536af85e5d61bf423d4,false
c4da3c6a46bfd4db169b655f0f62aa387dedb5c8,true
ec18f415dd86f1bbb0bab474d29f383994b8f5be,false
337d56806fed7c5a4c153166dd697e010f42789d,true
ca6505cf1572b5084a2caa5f152ad5370a82fc70,false
1b77552e56cef21949414b65ff51e5a132449a84,true
5d16061ace1461f62cce36e0bdda303728b9fcbc,false
4db19a1c2b838fe7ff9a0f87d37716c33283aedb,false
753e7eed12f69c9ec16c64952e1b9432c6d98ebb,false
153986fbdc0e0863f98508f022b97f18bd84a69a,false
f953f83c727ba552d2543d61c84d88879f07b3b1,false
3526371aab4d4752095c3b94bb87c8aa1efa2ec7,false
09a0c3abd87c5b616d13d695b8f374a780564761,false
09923fc7356eeaea0188d3683ea0c1c8275c9248,false
540d16197e4f49749438022c92d7269c45a7b571,false
a139392997c6b78818d107f0f48e70f1fbf0af6f,false
8acdf5d50eeb292343b5ff8f8ba889d39d10689b,true
5ecf4e3e02638d33ad88ace04a4d508365a79074,true
03883ec8630527fe355697c284b2d6595eed59e0,false
ff23d0a76b3dcf5b1305d0b0e0e89bb68829fbec,false
b7dd783642a33c70bd6db17dfdb1059520205720,true
7aa85e69227b071ca82d50b708b5822606b70d3e,false
e30d1d1bfe68799db2b2b61da767e1b2526f225c,false
c8b687f4f7e4a5e272ce8f20d14c19be3ca57ee8,true
b12dbab56245b868c932d51776aed1da7b76a4bf,false
4e88294eac380d300895f8da0cb1f4cb1c7e9590,true
f296fc454f2743ca0d35259b3454da22278b1fb5,true
6f2e12287d57ad6a797f2365aadd7efc1f732759,true
96084268892fb5fe7c26aaa50fa4a98f42514cd6,true
c5155f265b68f017511c0cde5d9b19806cc2537d,true
7d9b6e24985ea009ac047001f861107e1a7f41c6,true
17fde8d6e828241f1c50cf380b0e7402c9433777,false
14c7be56d6c6f62c5d80787e93b00d62dd462bcd,true
9738922d300fec776a628ebe3bad3201d7ec420e,true
a63c6097d38779f0db2faf98322d9a236f90ddbb,false
b85d3fd9fb40b65fd1e18cabc228cfcc6221d1c4,true
798c8b2aa77e4392e358bb1ac3515331ecdd9cef,false
299273e41d8ffe290a6ce63743f8cd9d8fc5b7a8,true
d849e355356c5396d912c74b9d9abda956085033,true
008faa9d5859c93a9318804b37eeddc08ed89b7a,true
6b114216ae6c9ab28679ad5a6be9db5b0a9c6fc6,false
24ab7c72a77a98853d7b852862d7da710a7c581c,true
ef393f768175c86ab4c0870e2996c35ccd73b7ac,true
aed16b46c15c8f8c2bbf711d6731f434c2c0b4d6,false
286a395652c70c046c9aad7f5c595448ce55969a,true
e9885061731eed59658cdc5cf820e4e584879af2,false
8f9b664ebcde1e19fb6a6498331b70c07bd5b99f,true
88ce3d079022bc9bd068f13cf09379ba74d623a1,true
fbeeb67f574085530a6f8ee688a793802502df2e,false
e9d93e21f2ffb7d2d49f1997d20b76dbd5eae810,true
4a0b6b59c4f7d948bec2999fecefeb86a9fd8b39,false
d23082485b6148753e4622e1928976db897a85fe,false
928a86e592f6c821fbfc70b396361ee2e8651771,true
d9167c0be79f51d02b31df70f4ac3a3e566716d3,false
9d241c74ebccfc1948be346c72bd04e5e0d9e3df,true
29a6229fa1c21134f099764ab4c4b1e9fcc11bdc,false
53b002004783d633b79cd4f74330da4097cce087,false
afe9f3b5db24b56ab33695c821208b231e701cb2,false
d64f497c8a889bc37d805b84c52e807efea7e188,false
50caf063b2b149fa6fda1e6a3e9c24f62feb98a7,false
bb20aba1138c7885afe04903a83e24e3fb7d1f0c,true
42daaf153f28a8d7368a20ad589e2a982e95379d,true
40995331f70ba699670bc005f5dfbb6dcc66e476,false
e70b6dbe3f8941d12104f02b874a08707568cede,false
7c8965cd2af3e2d3c82fb41bae8cc70863620129,false
b9e31db55fef1f7632a0ac4a78b18469d699eb98,false
c4f3f20adf126aa51adaac145ba4dfa6e792ccf3,false
55900fb78f196c690d61f5a023f1597b32303ec6,false
433ababb7dee3879a1ee9c672927ca72809e597c,false
8179300832f02030cdddb51ca51a2d12c6c881f3,false
7f2de65a87026b84baa80ca817fe75d299695b75,false
ace70bdc12406421fa8f47a54b2983f39f5075b7,false
a051064a3435e996b515ec4ae339d82b816809c8,false
cfce1aa5823ff6f2911669a49d90b72095898fad,false
887a690e81ac959d6bf3ec56d5606d4f020549ba,true
f23aed14a0c49da026c6975ba8d958cc4146ecc3,false
381a5e3a5b40f3066703ab387fb39df16aca4630,false
13c3a70dc683d7a243bbe9ab4d19c5881d65b7b4,false
e95dd53863e7fd36aed7f59229ff9182e487ddd2,false
d77cdb1d386b7f631a3d299cc54fa800d4f1c492,false
c2039711fe0d037cd786210b308a07e34b2739d1,false
f973c0fdcf7a50749d63ccdedb1291121f27f1e7,false
979d67e646cf7f3ce55fc9e8ff3e9408c6b1c1d9,false
8dd952314ca84cac38aad1483b15cf4f72b65cc1,false
61a2ee07df26f4feba7401be707457952fb7ea90,false
a665337549e9b6c7191e5486345953c40f39ed9d,false
1dac0743784dcfb0697bd6d492c03a910cb17870,false
9f7a789cd4084026ed359a6e4466abdff4b709c5,false
4836b90765b506aa562f7d9c6153fe6b5b3b593e,false
d8909b3281a8307219c25caec17080dd1b45e62b,false
302211edd010631bd897956fac079e635798142e,false
8461e89309c666e81929a470bf99c11bb15f6704,false
1f135ab956315b593a366552cbee327e9eab689e,false
81a851022a6f9c5af8f64c94260195788f5c92ee,false
a28bf2379349f3878a931bd2e1828446033d26a0,false
54d4f68f192626293c68872fd27204ada75689b2,false
8450ab3f71cbf13f65b8ac34fb55c6f6bf0b01b0,false
2f1ad5fc8983cb79c7fbc86232ba9c141b6a7072,false
557e28dbf4259768a49da95c9aceb27204b14bc1,false
d84c8a2f51a5a38ba1003a43e109c719664f88d6,false
f763c33c11068b78041be9b0f2230851a244a9a8,false
330c76f96e07a9fce911d98f51354d715335b78a,false
199655c1fe7a077ab2035ac39c5597849d0b21dd,false
5cb1e07ba80c63b40734c7cf6a77cfc05521c262,true
548d9bfb556993d10d9b0ce9f037e2540cae1283,false
d3ce3549925df0e8535c40f61fd39346370745e5,false
0d5b1a713e6766b370c7cb7bdf0294ae8be1ce0c,false
79866ad34c268cd358d780979e54537f19721adb,true
cbbf737ce65295378a179b579bdddcbfdfcd43fc,false
db8922740456c9c0c228da865e14a0579e9f0d0a,false
d6f121a7ebeb868c9ab26bdc9be0ca9d5b6eca15,true
5d894d078e44f8e211c814a5b4f93985abfe6d05,false
b1cdb05dfa0d48b1c7f1e743550a110a82beeec9,false
91028dbd8dc13d406b112d863e664eaadcb2c6bc,false
062bfb68712d5c414d811decc433a289db94a1a5,false
dbc115b2b499a653a65654004120d6319ace6211,false
a365f8b21902ee55b99d86957cc53c3c696518e8,false
a62490f3ab59f4315368e253b977cd7b460dbdb3,false
c101a1ce86dadbadd7609d94196042e6e9b02222,false
c405456a31ccabb5c2debfda7231b09a1becbd1d,false
af050f8f508509839adc7c79da88d664659cde06,true
3725e6f3e0cb907efc57eef88c75c6f452e29fc3,false
c2b5e4c5f69266f74977451ed8963a94a8435c62,false
4ee1fc3949a347cf7e598c4e2a3a517a21869e07,false
b36a4537ef5ea92ddb066011e81e195c4bbe19a5,true
1d765864c37261998a9bbd05efdf614d36e77b3e,false
8eac8c288414a63b678f7c72e14d915a37c06d0d,false
06d63b87bc3b5755fa40a1e34f7ac651dfc3f2f1,false
04ccb9a0a0511c6f4a4b7d26bce247c3752f641c,false
9e7c83dafae4aa870a48d544127bf7f593dc833a,false
6e4ce48a4631c82def47ab59322413f84da35eec,false
89bd7442c6086398dc49a557ef2e336bbcb107de,false
b88c40056c26a50d65f65b5637588f52bf34981d,true
e205b941eb59fdade71f34363cb866d6687bb6cd,false
99bcdc323ee9433c0a1d5e2888d52d8d318e934e,true
a02b90158df879815efa2ab0d0c6afa018346f37,true
0dbc49d23e5df013389ac1e623c8add88ed4f0e4,false
816bcbe2a015842e8feab4ce4440c432df9c6716,false
ba7d12d3d90cc239d01630f2ed09a3f83820bf8c,false
39dd669d11ce0592c64f18f5885c325cbeef51b4,false
bc7b81b6bfc97388f6e9db6db5fbe51bfdb182d0,false
e8e2216f8ef431e6127538b9b3a17373cf1c4dd3,true
25af4c47d8a5449ab920f574c9db166e8fee6292,false
77599a4250dfcca7bd40d2aca17d3e0a267eae48,false
e8e44b0e8b8bbe5a34a989392edb020770822cd8,false
6fb72c09d21b129bf11425f59775a88ceac5fd0b,false
a96c4d8d9749653176307f50bbe4b1a66542126e,false
62f5bafdcbb6340f1f72250b9bb96bfdfa8eaae0,true
52d29fdbfff99abb73e686101824f1a770e2113c,true
6bd9c5a14bc677f07b440e47a8986f097fbea9c4,false
efb138d5fc8e7ff0d6ad05dfab2b659c259676a7,true
7a4a014dddec32e85235215a4420d173cce08de0,false
207a90f5832a0f2cede7a576d1c275e1c602ff26,false
5a6306634606175e0f66cfc8422e94fa114a9355,false
aa2283455a5eab1295bdbd6dc35ddba893921889,false
1b003bf08fd96f63f0f0f4fdae6523f505a3964f,true
8e1fcb89282252c2125a79808de7a1f0828bc25a,true
36478d0215cba7b73573a7fe601ce82211ae6fa8,true
025b6ca76d67cdcd95c38d13915bb473fb27ff23,false
14682aa034576aae0b884998172a8d70e674f69e,true
d6864f73312961b41b98340b3b4dab2a7ca6d8b0,false
1f9050323ef4da5928abc2794f34ba528ee6beeb,true
26d744da4068b122c6f3e6a6e1054e70d8a6c597,true
97c69ab1da675135e822c16fc2c8e75f6a7c2cb1,false
329b7be49c2c55244700a4662f7cb01dfaada54b,false
4683bc1c3ab4898ed281ea78f7d2a2650ca1ecba,true
11d085157a60145106857ce0869c5d47011dca22,false
9b808b2c97adcaa11249e01c74835a7deb10c8fa,false
e4d8ca0cfb3d20c7255ddc9f3fc28798409a8d19,false
ba020ced495807d6a6685a382cf32c5498c90130,true
80d09fd4b2d893d8b867a9be586d25daaf780f0f,true
a775aebd41400ee049ae9f953089e399823610ae,false
d94d162b4ac3ea1893c33b2803b06e4a132f6fe9,true
655bdc183f97e900bd82d62c1aef1ccd44f77d2c,true
d58341080b8804c2d853530b09ba2f36e85bb8ed,false
46137991a99128b51040d46d165d095e7f2531db,false
df68bae93ea5bc1db3531aa69bfa93bab860ac88,true
a15b292e50025baa0edd19f8863b0da9de386d91,false
1e3ccf9dfa58cefafbc4b546bd7512e924573a4e,false
ee47e5dc2171f55b73fa6dc7dd772fc5c1344f16,true
5473b938cc0fe50210f28f0867af8b23a6bda2c5,true
238cf417a822912c5421b4a199f276bd443f1b61,false
8b595b9c77471899c98afb419885d223ac9fe2fb,true
7a4e23cfc69bc85aef9091755301f88628b38339,false
6c107e53b6fe82bf03dff237fe02b1026b3a2654,true
4dba1682d162607eb05cf76aecb3ae706b599714,false
00320f3eddd85bb7144a0b5295146ed0d84096e8,true
193eddd0be80a0c5aafbac5f105bc2a59e20b08d,false
98fa1a1b7f9672f7ef7cfa3c74344963419de9da,true
99ffa2eddc08d847b0646fc801d9b559d0c5b0eb,false
d44c8c4b999aac4eb4625f272ecfd065142b07e6,false
81fe06c2e9dc443723eeb1430fa92466d5d2e946,false
dc12b7eea2d8e0fec521bae4eec5562c8629cf27,true
df9a341d6649e831078229b1b4336e180092de2f,true
07c5be3176c4fbc0ab9088fa8813137eb0e71863,true
e76965b7f09d5090c1ae846228adf771155b6225,true
a9ccaa52f59443f56924585f4854ff28ea5cc090,false
f8eee6510faa9335a644c67f0a747db81e5d7b0e,false
83a23f9e275e8c5aaca987e8d01c8f94fe8335bb,false
ec6a792aeb25f37099e35221e2f47db3dd55d5c5,true
935029a9736e722c7d5426b6ef773ff9cc2edadd,false
7298995be29fe3cba4f1d60077661df87c362567,true
9f80997a07abbd02b9d40c070b1447cfe92c4b6c,false
f20570b1cdf4744e2e25e78e8d585167fb558930,false
6878c86bf5622bf82516c2eb9d398363035c1683,false
810af1d235b359965841f9104bbb1e98b7423f64,false
2131cd7b9872ce0ee3c0e89beb6825a60280cc15,true
ae2f1472e2ccabe33c7a871e8967e1e4fe644eb9,true
fbd9f316739081abf1b6f3b0a1f592dd80b29897,false
171fa1142349758936e8a909044af6238fbe19e6,false
7fc06397abb24493983999570ebacda8b1e11b23,false
893db9974e963086be7583455f764349b71836a3,false
8bc99bbf574314de58a7031454f814e1e02359eb,true
b819d382880f0cf14615eea9f59d99db1b647f6b,true
15967ec2e4e0a491fc71732a266f0bb4becf912f,false
433c37fd1cbd8b857802caae0f96cc6f826ac9c9,false
98306b3062f41ee100b27f1eb263fb104fa6a8d9,false
b6982e4f4b195ff8da77fc7026a2d8562bece322,true
4ffe60814a0859a34549735ae57bf212f4aceeb4,false
9301f178c3fbce48e936b68e71f599e652997e4f,false
7da2ae083f39ceb2a6cb0029f0b1efe36b3f639d,true
c6355842e98ada11a3b3c1bbe05044ea5fababa0,true
6c8d14bc2a6dc40369bceefe13b5a8b4fa9bd451,true
62dfe71adf9601b3e1267b9b3357c35de45be2a0,false
9f2d5f13853c8a84c0c91de65c6b7c038ac9cb42,false
e4c5d10f8c326988cb38fc4445946f037be3828e,true
aa8abc391f4e378d5ff59d3db0129aff4ef60627,false
f2538a4b596e1ab68073e7f6f9cc384cb4ab0a10,false
ab04a8a32886d580bcfe3545b60a0b708c0b89db,false
27129173167d6e3cb306ea82d0273cfd6813bcc3,false
2c7ec23366d4ba80e07def36bb792b67528e822a,false
51842db34bdbd03cfe8580a79256487fb40447d9,true
dddba19e406100b940ff356a36083ef58851fe89,false
a8d46c5aef9dd49c493caa7204388c720bcc00cd,false
e812ef539a36d7083abc175ab786d0c195d9d8a2,false
2c170c76155d83f5fad4966abee2243955aa4c14,true
fb5a641b9a505e32b6b4a26a2599d93d20b3a7d6,false
ac7b9c7f6f484972c1f6434dc9d44b5b5e0a019d,false
a3f8f44c305d49e61afed336871dd38c67e37f2b,false
60a4f55b125202b42976749dcb58288920f29b61,false
ff47f2f6c9a593f79835542f3473b90fa6211c58,false
d9e0caa30289166b73a4932f54eeccb20c5eb1ce,false
77d5ca9b4c1041f37ec6c64dbe85c9ed2d68d1b2,false
44f19abb600bd85ab84a16d9e400d2d947aaef99,false
8c3e241af3ed406409d1652bfd668bc3f9992c02,false
52b0fdcba2be18141fbffff1ebe098d66173c178,true
f6b030fd34392bc883e417c7cb597856203b60f9,true
ecd70c5843fa10740fdd7de7143dfee3eb878a74,false
36218ac474dbf13969e1a6578a62afa9691e1ae2,false
7747be005fbbf1e439b52fa8eeff184fdf89076d,false
a66c8ef4a4dccc3835730647273a29a25a3627f4,false
739c6f6e1c9ca6622e8f768d5812f7a2945abb2b,false
fd504d345c7090822492e8bc88bb811f0dcfb6ae,false
e55ccbfe0b1829259f45815e0617a357eea2465d,true
9aed98f2e227fec8660238a884d4e0e9cb372b6d,true
c83c75156bde9c144fdba79ce6327aa54df04cdd,false
5aa7b5143ed458b42175ffc0a97cf7711482ecc1,false
8b1ae0be171ef43e8a99c163b37176b972ec2a0e,false
15b945ac48f03719e428e460d5c037b4ec30c1ea,false
54bea37c906521d8825e9e4fd35706d432f1bfb6,false
f094c144985bbb481aa9d111f5854d7e364ed14a,false
488488e906dd8ea3e13d6396a0f9f314d7738555,false
5b09074b03a668755b0796bd2cec3e52574ffaf8,false
07b8e0922c7d2a646275365dd22fc873551dc022,false
2d32ec1a4226ada15283fffdd5599f3091de31b2,true
e8a08fa47fc33a789bb98ed3e705cfc1c4e19e0f,true
1e054df2eb888652695ff0f3c1b7e3f7b57973de,true
7e4aeeb233cddf805f402df146a916eca6974025,false
a9946a1c1f41ef2edebcf69fc348e24f6b32783b,false
a14aad5f9d6393ac66fff7718ca4d7b38b2fa7df,true
dbc20c6a046e04486c7bdf467fd355b5b8aaceb8,false
bdc34b516d7288bba0545c7bcb1d678ddc97b2b2,true
784697b3306914b01a9b31174c34a29025e87187,false
26230f6fddfebc70f47b35fb843502b570f65e91,false
84b4f2c22b94593dade1c8e8ec665603843388fb,false
c9193650ed1946815d91a7c143d1246e63a1de15,false
7d31eb06df473844f9893b295b0adce81e2d8140,false
78c412f26f3848102289065c341c348f165498d3,false
0ddfe775734a2a958dd1ba1b5c43d9a4327a1f4a,true
f3cb4fb79271be30978409d68f32e61e25251aec,false
488fa057d34d8d2f2d487b6ed81c3b6d71a78444,false
f349de5d5d631502910967c1b30811ec96d4c8d2,false
44b807a717d3931274ab08cb4001de04e425d8a2,false
3874b6fabd7d0cd1e479016852939f70f9c73fa1,true
3808fc2d00589dbcd1c99b49ec7631fc834e3fde,false
85f07b6bd217cbb6c04539ec353aa423e6827405,true
3720f329815aae61a0636e11d1ef0e86b359b2fb,true
de735fc75504f9fd0376e6a434cbd404a92201e1,false
90d5a4476b3b1ad068aabd99ad441a5e07f22159,true
a899198779be045f330c20d62231c3b398c06491,false
d0bb1a59c4c6c3a25590080eda0aad4ad95bb2dd,false
3df95ba417743301184333ae1dcdf38904d1f5bd,false
630bb3c0f7df2c8ed9bd8cb96dc9a4277a5bc31b,true
953c19a5a5423aff9d87a3bf42d3af19ad242ee4,true
42ef44eb9744d369d77b70be7bfb4a49bad2bf34,false
1aeea6098a4d963f62068a0f0207ecbf11d003db,false
89efa618feb8bb981966bf50ef2d0f38bcfe6af8,false
1bfd2e191510f3596cae764bb4fe896f35b6a009,true
4056815238e179a42a55490f084cc33d2adf2d7b,false
230986600af7ba9ccaad4542e07560a06f8052c9,false
c2e74170333c79d54c0101e192dda0f4a38c864b,false
fbbb67e2edc7f2d45ae3bc78441ad0f6473a59e2,true
07061faec1b29329baaee441ace099d9604a7179,false
39ef1dee4b204b5e4e0a7fd7b9112fdf6e3ee5f6,true
48573c1178f5cc1c3f6256431a0468481c4c6358,false
b9161d2940acf3f65ffe1b5dc1239d46ebe57796,false
baa59b567f68815106131a3ee756453dcf825c04,true
f2f600976c5d8bda23fd838c71778e0ccebf734a,false
e8067c015e4c6f3f7cb1eee55b4dc513f94d9e74,true
fa3ce8915e2a382f6ebddaaf7420b3fecffae1ed,true
174dd4c82a5ca0cb9c55b651034ec3820031071c,false
ef1d7a1a774deeb5ddac1556b2468f55016881a2,true
eaca222be3c79dd82ede278b16da0713a6a6f020,true
794cf991b2aa8f4546d4de7b80839faaa8216813,true
6678de9344e8086fa3b5393358d7508089d61656,true
13b43699ce2a7d0bd753ff822bf1701d9d54936b,true
e21e7b2c5a62bc2774c9477d80651eb50d1c8dda,false
7b05dd6b649dd2452f4107053e4e3c2ab89f01d0,true
0722826815ac039d47f4f16cb2155b20c02bd187,true
a2763acaf97ba054d2999b8b90f4586f2197248d,false
55f73bd39bbdeb03431062428a6377a5211499e0,false
08797c6d6146e405f89515606de7b574ab772b83,false
1373cc08f26df359e62d6312e6a0242f87c2e43b,false
f163d216d28c76928c90e578c24ff24d5bb22fa9,false
0ce923185c39aa9c5ce55caef80967a0443187c7,true
baf512e4eaf9b5e2b972c0488bfece4e1216d3a1,true
ed26c2d7bffee259fdcfada8a821d2e962e93eb1,true
21c3b4fbc5f0de214b5654c44d37611b77e4d19b,true
c2c1eaadbb89d80fdf7511220a809a4ab5b8f4d0,false
f5347efea4ce1db28b7ecc32f6659fb4a6bf657f,false
6560d5229a58a526412b9ded09ce924da336ade4,true
e71b0165b29e41923ed6c94d3129f1340df1b1ef,true
692d349d181ac2e14882a21a83f1e4282b9b2e51,true
5464e85173a167ff23313587b1b5ff68adfce1d5,true
19891a063c67d2fc5f3e41110b3a5dfe3fe2d6ab,false
ab6bc5433bd48ed8b7cb8eca79c4c35c607d8327,true
4060ce9a67276dd05afc036a8911ab0f3c4d81b0,true
21291fcfdc6124d0e9cee5dc0ad7efd55bbfbc31,true
a543d436c1a74c1d2be034a089039f08abfd4d09,true
2f5a79942e55e0094511fa5cb24ed451d6b8dbdb,true
6fa6e68e168137acc640e95c91b790d516c7b09e,false
82106f2c370be70d3cc5bbb00aa45b74bfcf56b6,true
47b98401e11318a1053a25d4498859d37e24e46b,true
567d1845ed0a562ee03e81325d3c9054b1f106a7,true
02acec880595d16855937cab089a1772409c9e93,false
5a86d0c3e11e94a1bf1a9d890d0eb086ec4827fc,true
fbccb396f1028db3da13d1ea12b294b95980a250,true
74fe92b38998f203d534c74b5954b558813f01f3,false
7a594a1023a1dc51d619805dc94e95d3c7340947,true
ddaa31165dfd98787eeb03ac1bf5cbbe2684d4f5,true
c3ee55b6b43cf3e9730e1a86f44413054eb2d457,true
f1bfbd175a30440acded71f199d7a3ba7afc3ba7,false
db85eac9978563ee83ab3f72c4db3a4e8a723db4,true
0ca3aa979a2f6f9fc7fe912e72fee547e8f0e735,true
54086768867389f65139681b1d7c5eafc7bcdb14,false
cbf3ce10b2cef0b93e72c91496d2fb6154efb7c6,false
e7cb0a7f700872a3775085933efaa626e29911d9,false
2d68ca53e75cb81f3eea6c6a9b596f6db360f28f,true
cf97b47ed7315ac32ce54e092cbe9934c83891e6,true
c87617dfe3f2eaff562965f61d9d46d041a131a2,true
7b96b605839ec6d18dcf2b61125f93375a463d8d,true
4813576ea11b1809b7c1c7b26c3bf50f22d16778,true
81bb4ec0a88a2695a833c8c37b699dcd1f4556b2,true
e97a7947089c06697a4d8274fa0e60da647c0b7a,true
defba740f8e707c069a9eaaff8d09a121000d025,true
87fc8439c60ac5bfb1c956a5a771f7c6871f8631,false
c2f60d7ad600784cac1199f496b9d115838f54b7,false
ce198545297f6b027820c66a7f2113a16d0374e9,false
dcccf41df501a3e06c59cdf5a10ea6e7ba3bdf7c,false
0c43910d764b1071962c6051bf93e7f9dea37d96,true
d5e82402b079e9bfa739bc41c56de88bd7aad3fa,true
f6f0b59ca491a5be230d026f87645b130c75a125,true
c9c2b006a3edc724a31dc2deb07959275cbbfac2,true
410a3d74414b0178bee32460093fffa9ba54e271,true
69606a69d7d016debdccac158307c458945ddd21,true
a8d98a8edc7a09ce0cca2b1da5e6c9ef0baeb5d8,true
81b59272f677034de5f60eb5592fc69d4ac8f560,false
f80fce1e3aec36e0354ae86b75a3733afb2bb880,true
d5953fad9e3f15c76225f51eed02876c742266b5,true
51b761423a5eb7fa8d4ed75a85c8a97d42f511f7,false
fee4a524913850668d589304d504a9b783e23b84,true
758793b7d981f387fe32608bc3fd333e12ba1afc,true
84aff4a0a1433d7858891ce567a39b9b1de01746,true
227c7d60723ddb2de6fb308b62e9015205307224,false
f207df6caf3fc640d9ff150f83ca35476f8b75fe,false
d7bda22e64a3f08259dfa2c8f672a0af4861cd2b,false
cc9158eb0c3e2244f66da5ad32c4b25d0a8bd12d,false
4b74194f4bc72d7807b42e61c9b0f436a0b29eac,true
1a51d6a5a9b1d88d7ddd46e773e269a096bc79e7,true
93af6c746318f3a86efdfe52d2586f4982d07f02,true
c9a7774b15c17065235d81c28afe2e0bf57bde18,false
9088388221278957ca1c5df51dd32bfd9ef042c2,true
573bd5235d26f67af530bb1f5ae09aec95b463f5,false
12db08318bfd71c38bbb381276fcdbec85df1ca0,true
7f59bdcd1b4a0df732861555ad834ecaa3b27c12,true
e689e8e5ae95bd799112de80b09ee5f5f9b9fb98,true
3f0a737ce73c99998270384df221b4c5438161d5,true
7432ad07f62b7ae301d2b6060986659f846db10d,false
18ffebff971dbcd76cf7aa438d86a33e89f8286a,true
4fd20ed15a09a3d1dca8131203d410b05ec7e354,false
7de37f3ad7b1fd5de9d417a34395c9e19bf14fb2,false
87fc67dd8a5eca2d77b2375ca42b9da3d9b49c42,false
c6557fef063db7fbf02744824849517ba641c56a,false
6355ed4cf015c48fec22ae7758dd1f045daf19ca,true
95d237ec8d9538bb6436dcd6eebaeaab41c20596,true
9d6a4c24843cbf863919def823178d3990d23e22,false
345aa8bcdf4e6acc1133622e095bd82342d46f4c,false
dba1e81868e15347c3d8fa374f449d457ed29cee,false
a7e819b76332903e7eca4f0a3600de6c7d28f087,false
f40b296bb3e38c7d43db5aefdb3d856ec9c4b9c5,true
b6f15d7bef59f922e068652dc253f1d4e68e1238,true
a1ab6ade0cca86ddff1337b7349747f99fe831d1,false
577c2f0c1561870d7a6fb0d1496ecfabe059f094,true
226546fe26f7ae8060d876bc1aa996456d7981cb,true
46044548a0a61e2d37b9b924fd896beed7790272,false
95403521e66f0571b2c5884f8c725c69c3e7a327,true
9ed4af7820c700d37e79922ee02c38bb1965d326,true
ae41021881b643aa70f473549818c04aec819b41,true
d1ad28a7ba006d8e597d6564ce52758b59aeee4b,true
07fbfc913617daa8e444deb8c88f47a0c016d38d,true
e2789815eb7fb22d9ccf934a0a22a90ee02d1d9b,true
a0ff181faceef3a1ae5bc740d2f9b004230bc0ea,false
6d9b24c5240575dc2daf41849ba83b9fe01dc9e8,false
079b508e8f5e7fbd98a1a6d93a152fca0deba0d0,false
3b598402c3ac3a73251c3c6a9c30326224dd565e,true
d197c56466027451d857230d5128afd966811477,true
a8b3fac9c04d8d8fb6cbd226a69a0033a195440c,false
029048d25cd15a724e995d8e087395f558c4fbb7,false
72975aefec723dba1c5ed4276772c6a1914459e6,true
3141ac4676e83a351878b282b7f40b24146f5a0e,false
59d13782eb696ed624a06f7057b1ed253d6b6a74,false
cc51f0d367b38daa409f3e2d937d6e833c867ec7,true
f7206433c9f66bea7496efef92dcd675c9f4001d,false
4894e9d1912f53c416bf1a3977c5bf3b5ef07c08,false
9cc308a2d3d780273ffa87de1259237ef2acd816,false
b5dc94acecd39950c1974a5829cea97762e58c42,false
ff2142aaa486a2b29a82d4faaee1da3b4c203ad0,false
c01248eddfe2ee6d1acc361778839ad4d5d31851,false
14caaead10bb7c238a45f37570bd750d7f6e269d,false
3a50eb8bd398d609e320438936450787fe515db4,true
0b5b1a616ae1462a1b3b9d8564d77a7219b1d470,true
dfac26bc52c9ae7db82867e30448344f689510d2,false
d9c0efdf37bd3dbc6ddc3df315639a187f4a5d18,true
07ec90c9a2f4d52c90729cad04c6257c4b4634f7,false
671a89ed510afa11bab60f77b0f7592f35727de5,true
f721d3771b28f95be4f80d7c1d2c639030bfc95e,true
62f7806a14d6f2f77377c500cb2dde2f36659551,false
d1499bba3f06659a28f5d4749abe26151066e923,false
fdca13c8d88b4572353e79e9d1610bcdd85f13cf,true
7c703d559d9951ca8d85c1fed7c2d554e37f6a32,true
2227fc5e6bc22c6787dcce5e963f1f73414b75da,false
38ff39ff83824c88db99611b8771e36d78de2e5e,false
0bc71f6270e7a74bf220af02f3d1e12fda15f5fd,false
7016525afc6b582323049a8f77083324985001b1,false
d0953fda464dcf18aa7c1591177991dbb02308fa,false
498ddc8a6bc0b53db59d152ecd831eb41b941c9b,true
3871aaa329b773915c21dbdb5930bbef76b30a09,true
0cbd9cd3b1695e1664cf674afb3ba25ba82dbd0c,true
0cd0be3d650166ccbbc02d6da9b38f77b3e7f19d,false
e27ff55a35228f7c28d57f4166e39684754e6c61,false
6395f89793cdb70fac1eb26c3f72c5c5baf3763d,true
adb768fdc4d3c1be25036f13e6f062c28981a2ca,false
63636eaecd057b0db96bf692e356cca1ba5168eb,true
f0933c94876b7398e5fa6d9832a4b3396f7fb693,true
dd144fdcfd125febac92e7cc5184d75eca60d6ac,true
25b727972c18cd82a7f12b8ea1dea7880eb8c450,true
eefdaa77742440a14d0ea00039f3c3370e8421b7,true
084513f6aff2a4ea5c7810e8f750ba9fdbac9d2a,false
e57d1a9f70e820fbccaf92f83769f39bf43d9a90,false
5c56a7fa47ecca81d3e9d9a93da51219feef69e2,false
d1f3fb4a0a95d9c1a20624b2d4697d53ea9e79b4,true
22bf3b4c85b1be4fad6cf0f0c22f318d558bfd8f,false
173a6b713d545b57ea20129786e073afe0800cb7,false
897745c9cd1a8069d0f66d615470a09a30d4ca03,true
b61c1a1846048e73058306755e488ee39110165a,true
af3d3cade1a9b96f2b868b2116f48885ff66e476,true
53225fd27c693e1308967ce6bf500c36bb187f7b,true
182147b3f93b06223ef5da70ef7c86ea26d683e1,false
fcd3b3d06e133c3c21b5177b331b1b92126ffec4,false
083759557c00b2a9a7f1a46625d82a312e299a04,false
851a9cb34c281f5168be2a3b5ded3089ef9cfd35,false
cc2972aa95d1d6ab95d4d612ca78e211ccbd4d1d,false
e724012bc857c2b0258d560ee6380082cf17decb,true
b7f8934e2109398e0eaa2dd27e2f3ac4f90bbe26,false
a2abbef21f2ffee6c29271a59fbf8737496cc4fe,true
d890e0fe2011bd00b9b9a830c09562474ea724b1,false
51ef45119ab8d40f8c409425e6856406184259c3,true
01aac89082512e7fd6ce97bdb4c9036f4da4c24f,false
a3e6c06bfb61468655005bf4eb5f8bef75b2888c,false
fdd6300b24166433bfb6296dcaec98dc8855dc12,false
31ed205d57697d25368091f8ed61551d2c0ef6b5,true
7fb942306b716e6b7848b039a25cdcfb5f0c7da0,true
2ba18539b8f28809e849ba130ac013fc796db8b3,true
c43b8ba0919ffeb7564e0d9505fa540324dd2a9f,false
b519d831af86528355c03f2a3d7c2c1cfd27ac52,false
b9c197a8be38787b5f50efa616bd8a77a909e6de,true
3d8f6bb30c46b5fac01b6273fc9b43661436579a,false
b2bd7079723179641e251eafaf9dd6314c2c54c1,false
0e97de6e96a28c39d68f68194c1d01d085c11e71,true
cb56a1e01c26f743ccd48ebf6049c91c476deb66,false
7a6abd1f16868d546c1b496300179b46aa9c9a94,false
8f77b365ea974b709a913e41362f4a52f69374f5,false
b4422c6767fab2e99a62904e9ce0ded9b56a5eee,false
77ae9c7f610a5a9594911d915ad557d19e31bc6a,true
cbb9196b8c08875d4f9e69798c2ee449083ecec0,false
eb679b739d283f6106b1c2df9f83da3b333a1255,true
e2b2bd46e148abec75947d673a663d2a044c8b75,false
ec7959bf35386efef00333aba7972543e084c188,false
fca0c30298743337cb10f7452888100b928a568d,true
01d2c9b715dac9424b0f3ea28dfee9f2e3c29678,true
aa884fb118062a3251b4faae84c8b1fad6ae1d02,true
8f8391fdff51ca2922ff7f2ba9270a3fcbc5d64f,true
2ac7b63502b90644429be7a67d7f0af963ce1e59,true
72d40a87c8960cc1ff7cec0842eeb4b73cf56d39,false
5ba28820924ec574137e6346adb07a56fb1a2f30,false
a50829431a760efac0ed31e7443637e10df35d00,true
fbe724fc9f752f9c4cebad22e220bda941044afe,false
c286c93542c6e9e9e0bc021aaed7c35da4874405,false
8b243f4ca768a1093ac3f87b5fb5473db3f4397b,false
52094cc98ae704913474a5fd52df45e75f1ef8da,true
ba8b71ea5d062ca162e6d806aa17ced6f0be2402,true
14d9430fa7015bc3df94300230ae3b64ae377f67,true
107709615fc580a2b15c660a8e02d49a87fade78,false
74840af65a4fb45de804c587dd7854d27634b849,true
51d730a739f12cbaf1f019dff45e50953ae5b0fb,true
35ec39866ac700f03be07c2cfc9cee86e9f4924d,true
e1c0d4602cf127305c633e8c7d81b795f452c5e4,true
2ed08792b7379b002848612aa6967773235e15a3,false
e5704b813f5d6262d3e3e4fb5d74443861c16480,false
5751ba5a5f18f96961afcb409e80d5ac2949e10e,false
79d058e66eb3757d20b4aebbca2a2fb5268d9d27,true
ca8241bd2c0d6a243b0d40985ea5677f5f61273e,true
f203a3b7becc4d08657210a5d754da64c9b22f76,true
8a02fd06a19a322e25ad248371118e318027cedb,true
6a220b31a1409853d597d9caea778c8b022d81b3,true
86a044f94db20b4289bd650ff3db074fe0e4b815,true
fe1f625d9160cca23fd4ab4e1da0c6b429b3b06f,true
455f69184157f1b5b7d69e024487c88cca59f1a3,false
39fc83d11f6b6dc96190d1bb8339f99434bf2c1a,false
70e84ce18413b0f5da698329af8550c7724dbbe1,false
3f91a016c742e114e40b89989a0059b3424896da,false
4af86351511ae85cdba0aba3b4c0d2410b6e2fcf,true
8987e6c3ca3202693c18dac2fb48db5709afdce8,false
2957e847e4226a0380969718907650c76f9b7fbd,false
6bab7640a60ac0034aba73f2a62206639d32a67a,false
7e2d15479f2f3d18e823137b4f6745acf47e7b62,false
5650e816acafae1b64fd9d949fb0c978ebb944d3,false
e8cbf6955e2ab1d4b62f59841c09c5cd8aed1d20,true
fd22fcfd8353b3b61c3490f0bbfe1f3ce4c72352,true
7c47133d54dc07e6100b9f4f2c30b90e513cb112,false
6dc4ec3de9750f409bd59ae382e2ac8c5071fce2,false
d92a95616ba0ed58979545fb1ea23df218412842,false
9fefed33ec0b01273644ca1a7821890b0e476c23,true
6e0db2c6925fa8cf31f721059b80ba1b272a5e0d,false
2c789630729fa8135169172a0a576a41177692d3,true
d04460eebab14ab99727bcd6e199c3345a94c0f8,true
943f24c6abde5e98203293e225a91f4de82536b3,false
bb361c16e9bc30a4855a166a3d318d0e00553dd9,false
dcd15d681fad0cead3c8ee9588a07341d664ff64,false
524b362b7a298cfb4529b4f49a48568ed919aa4a,true
922cdde186edf3e7eb803a30bc30407faab6ff10,true
57e47fca7b1926bd6d376d922ef9705b28b76d81,false
fcfe7cfa4c246b5bc887005fa8517cfa1ef7dd59,false
010ff5118ec82f56d6ac48ce1bbaaad80c79d456,false
cc8aa0c209e585b3803120987a45de6f7557e8e2,false
249359ca66714f4fdf660bc095787ad0bc5b442a,true
addb32328483bad559ce7eafcc6e858d637e7e87,true
c57159663b18a6cfe2cd231ea8b18625b4016e09,true
86c764c500ffee05c8d9c3602bf22cd680302a44,false
4021b1db9ffe7e9f3e3d8ac78aac0944ffa8bc00,false
90dc56fd50cd34689e1e17c7ffbf9c741968ef29,true
ecf2411851e8115958042bad4b373eca8030841d,false
b6f9dda85f98a1f1b711730a1a41d80853661d8c,false
f6240aa60adeb94c069851276102041c8d6b0fe6,false
f043a93cd4b64f7a06cf2de76c07cc255b2f4747,true
05baf0396c3edd026cd71e99fb36839349d75ea3,true
6b555755eba681712be35b3c7f56f972579f79de,false
f252555d570969721cccdf77910312174c4b5b68,false
714aef9be8337ac0147d10a8ccd560a0bf61196d,false
7b457a4c1993a9e18a8ddb302e8cce06b6388e35,false
d3a9d3f182f75593fc76e025703bc1a0ac3f8c0a,false
5eb00af27d4e930c25e1e7a99fdea239a2ae4cf1,false
4f46a1425753d8f9be6aba1b6a2be27c415cc468,false
2eb12ca1302678f88a77d1bf50a1177fcc4dc759,false
78e5deeddfd9a0e29e6eae13598293902160d955,false
a72140bb6e00415fdacf7070cb0d3466c840c0e5,false
97aee3f6cd7408c1f1614528e314b946b8389313,true
93960cf5094b904160144d65e5893036870ae376,true
4aa9c7e5b6c4da839fe549d418dfb784c3acface,true
d968a9df1ff66c04e7ab0a0399bdef723ae9ccf5,false
d658e2a4e55bc52d8689438d05dff0b45fe2d7e4,false
4f5f0fa319cc45ef8507a1c401ce8f4cbaf0af47,true
9701f70ba3e98c09e010f428e7181c45af192c38,false
4d2a3ba3154377d212394f59a712411e2548df3f,false
696f531c9d5b001718eaa8ceba62490250bed40a,false
64db7274e81f0fff36d9730e5718742b563aa2a3,false
2dfc2a47b35d4fe53875c5e15f1fb28ccbdb11b7,false
6a9d4799f36f3b0668aac9034c18d1e1cb423406,false
24f05b9e55b9660a3bd110586691a12915006d19,false
2690285cacbf14f49cc562a370d5ad3712671214,false
ad86bbe9493032bc27e35b1e092798b7d2214981,true
e7258dd96060ac1b31309892eb39f77b42c06cb6,true
fb70edc8aa8393ea49d7c2475dbf1c0906d16ec4,false
1239e507cf25db022a5106e55463f893ced42411,false
189ab910e023051a08bd2d11df5611989a86187a,false
8812fa16d56b231f0b1d0cc1f8eb602561b17d64,true
793f8f0de973f3b9e0d6633cc53e3ab6cd78b934,true
b4b346b77a9c7a7d14d6485b33b54d07d0420e84,false
964272fd53e72cb9aa167dbb32dd7be29ac83f4b,false
e4ba5f481ce7a339820b565144e8e0248bacbbc2,false
41b30e5220a235ba915c392a24c9e95ca5b74525,true
2577a2c5b70ca702e83e6bf9a50da53f38cfaceb,false
dfe386fd06f89a65d8751014469587300ee0311c,true
7bb56f51e8456b2ae159751a7570e8c3586904a1,true
14628c73e5a92f7b71849709efdb396afbaff657,false
a3d9747a018325fa4d508815e9d0fe1c253e3e83,false
06d20755ad79b2b910fb6ae4943cab4f9d73417e,false
0bc8d9ae3d7fef06286a945490e02fff06200619,true
2492dd58a829081e84f2c53efa2525d81321a138,false
ac87cf3a9a9a82f108500dd5497b5e5ece1efa44,true
0a917b347e8c471bd28d88732d1eec64fb40a2fe,true
fef2432033b36605cca6f1242a66a07286425499,false
f93be91304f7a13df314feac71d4d16ec9df3012,true
1f47e02a18b3f46e486a9f410175db02131db254,false
79d784823a003d59071afc89bd5bbacf67b66af8,false
cba4c973afe037bfd2ac93a0c8877d76f9a85f0a,false
0f9e142c59eaf266ae2f8d1d65bc2723cca1d9e5,false
a470eaafd7344f74604b716ef8d40c1681c35461,true
dfb0c5b823e65fc39604ab0e854316d18efa8641,true
143a94acfaf82d53e88219a826a83092386b421e,false
6c15b0c7dcbcf4ec0ca79bebd7953f21883aa11c,false
ea047976ad947f98259d9f2bfc5f3c3dd8b0c839,true
c80a2406cb8b91ff87ed380f9df2d780388c75d7,true
3d8d69a3b103e33af4b9e9d9e75669f151b1b9a4,false
ed6d962882bbe36ebdad29ffa788f68b334eb8e2,false
6364bc9783d262f21251ceb55c84526ccd77b248,true
491aeb7f9ea57d8fb1f24e03cf4e961d73f601ec,false
f6830812c98a23a6779af53c59e99e2a795e64a5,false
a13c5c99fa3f83e11d6413152a054257a229c52e,true
f8cdf7a660c5e99a4c7c1e149ada3fd308af97e1,false
51e5178ad0f35c63d3aa3b86bbefe5fce8343037,false
b72dff88f8119b68cc2941bcd08e33ee7e616a3b,true
c648d2cbcefca2243ece08b610bbf0bdb339bcf7,false
01f12ae4a7caec69c8c09297d121d217e40807b8,false
588b28b017e70b8194b869d701395cb3addbb59d,false
30ec96dc6796881318620849533169f4eb3a3285,false
fd30a65c241786733c9ab004611ad867cee041f1,true
37496a1d76a080acb5c11ad803bdb752429afbe4,true
e36af99d00a9a8e9aca01af02b484f412b29a833,true
b4c13c0dd4198094c7d48e2aacc2572350638b69,true
46bda7a69a04bb1ea9f3eb949b2877fa15b57123,false
04716d56f799b5583bb4b0664a85309a2e874614,true
fe12549e02a4872a837f9228548499cfadc8f35b,true
0fc4c17b5c0f1147ae6055e26ad019d43e0c17ac,false
28ff7bd3b2380525352529d11745a0ef27cdf071,true
1dd28caddf5dea8a03690b14e0a7ab9f806d54b0,true
5ea901da222d7a98d27c8bdda12d1497d1c8fbd0,false
b4627554018c4651c4ef53c0231797452aaef2ad,false
56d541682c346a6f18554e1ac917158faf80e8f8,true
4b8172bcc814f62b0a7537cb41685c266c543029,true
65f7e3b8427b6aea9f6cbaaf75c90bf880a10ad6,true
4686a70b81c19d1d56ed7b007b5796aa9e8999ca,true
061855fb0bf3b07f1ace3b5eced9c6b0ec5aac60,false
c97c286c1ff78e6de61007340aeac90c9c8f49ef,false
2d1c5a1a9343b5c3765358b75d7cbdaaa0806085,true
090f502a6842d9fce6759e76ae6193d1c77ef8eb,true
f2e8e8f331d2910b329e91805b589b393e2309cd,true
fb5979544b21cd0296b494d6e1f4dc100394eb0e,true
3871bf8be53a7032371e7d46e681ce9714083768,true
bee31e1d76acaf770550aa16e9a3995aee31b409,true
da67f2b7cbba66e15c58ae0578a0d389eecf69dc,true
1892523a38c12be31a38e6d7047880161de2b97d,true
0c8a6b0c12bd6ca0306f3b327551940a9e4825c1,true
cb060763d2a87c76f4795a217bb985a2eb5fe708,false
6b321c964c69a0fe6601d797693b6e07ec92aa5c,false
0e2d475dc34ddbfab57c64b9a758145666bb060a,false
8fb937c8c57fe7c17f3b8c8026e9e9e1f2d05984,false
114daa0bdfa9dc4ec8044fdfe6b77083f58cacd9,false
30c2743db33ab145a42745a08c0cd8097edd293f,false
405b8ca368da48b8a7eb0dfe2bde6d66f8b85bc2,false
a34412cc82b3a850424c21f66951ffcb198d3556,false
43eb863de2c748fbae43bdf7f14ec2a41787c9ea,false
d790af517349be005c984e1e2859ef1c1583a93d,false
c090c8d7be90ede1660811b18fa8602ff200719d,true
a67623dcc5c4c75c71fae5ba079fcb0d700549fe,true
330ecd7c6f6cd1299c0fcca0666bd1bc71beda9b,true
94f2158f2ee871b9ea423dd03419fcd00f5a241c,false
db270c7a9f368cfb7c94df9a037ed605c2123c52,false
d73eac2bef57608cffb82eb21198f77877275403,false
f793b6f10516a8a95a5f8ec294063a97165e1f5b,true
c26a3218f4d45b473b3b1f71624f068c7d5528ce,false
7c02811aec4208c91fbe3fdfb4231a94e1822b23,false
be8129c9f753a30a4f05a100b097a615f537ea42,false
b6c7151f15d6113b0e648c338e1019ec731bef7b,true
fa19b064de566cfe1eb569d3573476f59d6c2ab0,false
9c6007f9bf46da4560d9c6ee43359ccf05b59c7a,true
963f98f0c0fea0d7acfb87afa23521307aa5608f,false
219a8df546eff8b85e0165cd7a15e91726b3435b,false
f9019fd17661ba7a1db409bf16d6025edb6d727b,false
6fdbd18d05e782ae87be7d63b4351bb92ed05c9f,false
e544365ed6f32d21956ac75beafd56ae582d84d0,true
8db81a6896be942cbfabe7c67dd6ba993219b872,true
0f1dc193c2eab416b84be3e5ad678855dd989cbf,true
4d1f744f465d9b3c8c600a594cad622a1f7e7a2e,false
1887913ebf35562059055a6790288b300dac098b,true
14959ee388040daca7fc81fd00d21bd336b3ecf8,true
07024c2975dfd625da439d569c5256fe3cb08fe5,true
359b19af13869d491a96ee92178a3eac6e4a9179,false
f86ec1cb67e84c0cee5fc74b28e6c2dfb254686e,true
69c7acc1170a0cdbba49398c072e44e0c2e156f0,true
04feeccef348d8bef908e8620403fe1e49822cba,false
ff91696424d12b7d58131a67f856c6480a7fdb06,false
de0d588aa687835c84409f586a395cdc46f1b45c,true
759a0d3cb4f3356cab6ea8fedd39388ade118eee,true
eb6e893ee10599e4d2ad5c917d693beb705b9e6c,true
bd2ee5bf3720fa50daa90beb366cb9c6fb62cd1c,false
9c8abc033895575a1fd11c5432a44db71c6b4a66,true
8f8fa8adac0cf0b4a055cf5a68c88f41d02ed7e9,true
ff988de1edecf78cbc920b5dbd215338bbc3cc37,false
e6ada91b501d6ce6b32af08b6bb9ed0c94283e2c,true
5593600fb9c00070d307501a292ef5e6e471b5b1,false
6f026e7f127541b98c72ab57387cf74fdbc59dd6,true
bddcb17389057316289456397de2f41cbf6b65ce,true
32a70c27cdcad6797586a66717bc2e359e31ce57,false
4a5ede7fdd68fdd709f24894a0f7af1073165c20,true
c6aacc38fd99ad57de0fc896fe37aa664419bccd,true
ef08c23482397597f3acd8d50ff2946e0a0e923e,true
6f01547f34752a1c7a3f3181383f064b5d0b1f35,true
0a4890ac3a2780af6a8375fb0033d078594caf06,false
c2c12fd69d66a2cec3fd5b01bd960b39fc7d312e,false
acda33c831887d5efc16dd29aa1fc2f03c863ec7,false
27be3a683317ea089e767c00bd491352f8162795,false
336c37a9706a46bbca335cd62089a4cb009fa2f9,true
622fb176f6cfe8642d5ff18443b81b40ff181a08,true
64d8995d5276d48fc2d731c7f38a723159c7bb03,true
9af1bf622bb4c4b55aa42fe8103b762329a5467d,false
6fa1476ae891252494da080525b68788274ea407,true
56e648a472e2c6c5a00022c032ecf92aebcf3b47,true
9327090fc8d7ce212b5f93021a80cd7c907f357e,false
0b3d2e367fad1a564d7261fa89ada5d9a659340a,true
c75f2c34c539f1540eacdf0038d9991fb6188e8f,false
98c7d6a98a28609999b34b29bfe01eb46bd997ec,true
eabf0de114eed8c5e0661bd586c2a16cee17e561,true
978a41da3904ca512deec6f705d7f19426c8235e,false
e1cda294794a40acf78bc87ccf06474cf47e0376,false
2de75906ec7e4e2c22aaf62a99f44b542c6fb5e1,true
1a1c635c0984188a028c137f8d4453adba8adafd,false
22bd11cc6f22a2ee2e358a566039baf8b409b9ff,false
2b77644fd51522410c6dca7d2726d0cdbb1f3a3f,true
b3acd278c76f8702f6b76138303fd3cb8ae6b11f,false
b3d4757ec1278bee4dddd06b35578a7422fc8ad1,true
e468e8c5363583ab31e5a0a330ac92c4df43af0e,false
d719f7a310861ed424a7bfa5afef4423febd7c06,false
d2950e166d651daed8614260eba4d962bb1a1fe1,true
066b8dee04cd9abd7b8d894a76087783bdc9a51f,true
13aec723978d6c559617a6fe6fc4817f2ec9b39b,true
38f3a0c695008081e0d0ba7ade409e8f2a941e17,false
68d67ce4987921c9a74df97f0434b6b4d9d0e6ec,false
62b4f7a9c86ef694edfbc60dee960bfc671de77f,true
0a99017ee3c2ff9c9eab9e8ad0634a03de9ad5ed,false
7d427e817e400d785ad67ecef2d045b1dc46553c,false
862b67a4d4c5f4a00b57aac875d451ed9c7ecaa1,false
2a92d4f082135299dc019781764d51e09d8c8f4e,true
5fb009c5d4a42de9f78932307190916795b3d915,false
46bb295754e657f1055997a65def832c7ecd6c8e,true
db4cd7f6ab7b35206274de63cfd9382ae98d4e5a,false
bc3890b5ab04aa3837c19550add007e86684fb59,true
73381259cd6bfddfa4ffce93db5352534b0c9d8b,true
ab98a3254a3988173a3c376c32746eb9003ab632,false
450611132c87f0563c99315dc979e2cea9218da5,false
f9d67a229bf36ea20cbf62ba187d6cf3f4f1a7e3,false
771476c8501cc1f93e7dce399a519ea4fbf9d531,true
08fde2deffe533c41c88effc7aec925f4204828c,false
1d64b91f5b4c7739208dc07666c3083bed2c0b98,false
9414be13e9b1cc59c14ed6d1bdbad82982bf9b22,true
3b3693810df6e2ebb55526ea663cc6bc455a6514,false
ee005a790b9df5e98de9ee473cce2eb31243eddc,false
173be3889582a310360f3e89e962be7b570f6b1e,true
2115cc1aeeb2788612bd089c5fe8e63098b1f0f3,true
c0be9ebc398c4b1a593002f7f512c80d35862d40,false
8c9f26b1eaf8a48b946ea8b9cf680b317051d09d,false
ce5e86c3b5d27cf8a94757a58e6ffa32aca41d3a,true
b6f4212b610488782d8f5bf27aa1ae8ad59b2eeb,true
b018122cd2fdd39e758eb8c780c74d52d328f297,true
bb484e530f12601430914bce6a0e5c67cb205f0f,true
8b796d5cf3a095e5c226d449d109e2543e4ae1da,true
4b5a60ff2a7d77f55cfac43f57efc9ecd5e6eba2,false
3c3e68cbe8adc3fd6b58e5573f9acb7fb350b49f,false
ed12a560f245b5f850bda81990b28cd11705b83b,true
7d4f1a53a711f337c79d988fa027f9b6eea620e5,false
d102efddf17c58b7ed584fda2e17f451ca8cd095,false
7cad0ad6c4efd82bc1388253670f881d9c726b1f,false
085a5b08ca53f1dfe621362bda24a5c293bf0632,true
f29a27bd7dc8f53df8abeedb2fa48a8939c10a2a,true
004445721bcd135458e3e53100cbb701369726e9,false
2a2bf76bc51c884339153d98960a69991bda67bd,true
ccf6208e5b5c52eb1534fb8fba32360eef1f6d31,true
e78d2b46abea9fced043379449333942e7d4cbec,true
277a8433ebc21b1853062c82d46ed2a5f8a34d98,true
dcb48859bdf016c7a93e0d67a48a2259993a217c,true
b5de515e51604f756cab3b6cd2188574b8aecc3f,true
d49b6c4ccbdd9f288d562a2a94f934962672655e,false
806c965ffe4238b6b7727ce4308dfbfdf88dd4ba,false
4ec0fadf14afa10571b199e3b2ca32d4a5883abc,false
33621dcd1e3d1f21c4b81a3af69042df4998ade0,true
25d2c026e1b43ee69c84a48bde5406d06c27c44f,true
184fdcb9603b0fcb39e43c3214f83c004cb2287f,true
c1c2796824103d71378a16482b0a27e3b0ab9092,true
e1fc60f351a1bd8431ce3998ebafb4925e77ab03,true
7d1791c4dc82df4e2b2db6e31a71aea76a497cc2,false
ba9dc58ab1f8e9e2c4ab73ae4620a54d5a2538ca,true
925b299a8b97437396c38979cd920c2b864fb972,true
0f241fe2b22f022c6c4d8a4d9a4a4b7009bac8ef,false
00608fd3c4dee40477f5e99c94062713a89c9746,false
cd42e68db4ed7ddeb4277be119f3ec205fea301e,true
886eee4827ebd91ad5e72d0b5657bf84d407e24f,true
fd1274c4c47165a77610054e29091f7d677ef5f1,false
ca876725eaefd6c0ce6d9996cf76a4206ab9cd04,false
09cc2b1f0b1be2d0ebb8a2f8f451423501cd8047,true
5ca3562f729c7376f552e6ea3e6c37edf4d5c4e0,false
2c69b3a6a0e1db8197e19e8bce3c8cc225dfd271,false
9de14ab11c0df10fb30f71844c3f59e5dffbbc3d,false
10515ff0c0827462be4f990ea92cdee0ef10f527,true
b1b94b9a0df062f32562ceeeb6547c9101100110,true
16d59c2a1182c5dc37b9b2faf4f6b5d3ca54dc2f,true
1daac79738cbff2a06e9de12b5e5b5c4e9c53677,true
535d86abe97ae21626b6fe7721180cc56ca2fed5,true
4e5a092bfb5716d6d61f862640678b82d2a32e71,false
8f7cb0e8791367b8da1d7a68dc3aa185e648d7f7,true
aa3426791134afdb23a0f571f424c151c6e8a14f,false
258531ef2d7d0bdd919bbfaa893123046228444f,true
f17d9ce4acabef17d6e2de0ea2ad8328314c8667,true
0a0f73325eb418eec965a8aef17c88ae0e5417ec,true
270b5219de8b86982beccc3b79cdc623f2375a4a,true
ec0c34154f01d4e79a9b272cb02744de883cf295,false
d5859815575d661b33b53ee5dbd096d34151421d,true
01f636ebd27eb74034a6f4527f0414cb471bb542,true
e8dd7efcef099c6bc55c9bbdeb80adf193f9c37c,false
62e6c948505f9039463ce23b74faed6e56f1370d,true
6eb9031d216a538f71bbfc303f1866bcb1717aba,false
dd58961804cabe7d2275d8d96ca76ba95b70e5cd,false
ff0aa8230991c04e27a2611e158329a52cdc077e,false
150b9b555b78c32c62e8e08ea3b74f07f36ccd8e,true
f4f322a7218400876d95153888021f05039394ce,true
731e0d0d4733c5477ab2d6d25e301184394e36cb,true
c971463d4114c5bc69dd3d2e1706a80fb4176b7a,true
a0e37a598fcf3543942700984ad2a918b109cf5f,true
5340cde206f5e136c74b74ccd91f12b2239d9a1d,true
51a860c3715e5e8cfb56e5545af015af04533251,false
2cc143bebc3042d8545f4b16455f0f63b9aa3ca6,false
8c940e4f2bd601404e2cf7b52430dba36426dcd1,false
9e7d789384ced2e39ba8c512aee075b64a93207e,false
aaf9e06a37ea38b47c9c53e162e7da8fb30ba747,false
f12604d65ff7869f8286426bff05eca2dd94adbf,false
4380ca873a8a18caf57faf61a0e7b725d34057c4,false
18516f86d69d6d59a8a922e7416974a99ffe3bb4,true
b65d21efb99acf91e865c0cf35ba7b2d15b518b5,true
43871b2c1809d000a6fa7ba34a677c084c9f6488,false
81eb5d24dbc2f449d67b4b86e3e7fcae7f210c4d,false
564f63f05ab1a975da2601b47077558ccc5c049a,false
d7b54031bba371e894c8df034cf3cc8ecaac5b16,true
a9ad7af5cd4b8efea325e9d734eccd8fff3a9294,false
26f7e65b1282e149dbdfccff6a03345d8e8c902f,false
c7cbe32ed7aa580ee1222ebc5db92acb0800269c,true
d140aa5507f8c5578395e95909353c2839282532,false
4c11f3bb481c62b4a1c82e800aaf292cf19d96b4,false
9c3147917a8c2aee0da281f6f3a6fec2a6a6b96c,false
8f380a7b978fe479eb8494720179a86df37c8c41,false
65603bda473905d5602ddc68af4b9a9d569d8f3a,false
eed0caaa61542c6f4c323ab862f11036c2149ae1,false
abba204ffce1121d8c2d03c44024f4846aafc37a,true
407d7539ecb2af8f583390681e17c1ac4377833c,true
fc63dc58f6d228e7120f2c7bef510e71d9721ed2,true
87b6e966feb15f0c6fbcced72cb910b57d620887,true
600e04d4989e7b7f29e22df205a55b8c6b11ebb5,true
d534529c547bba6563c704556001bb7ac24f7c05,true
1a676127a2d559fbc46281bbe25f43e6df7efa2e,true
42457685e9b903c0358ce15c8d5d10fbbca970d0,true
ac03bdfd718e830df6e2c6a49bc5e60521e1a3e7,true
e7c38edf6b039d700fd15d3871bd0886709da1fd,false
a4869fa51ab0aba00f60090e4676f0429f249e18,true
d471499ce72e0c61cf816d557397ac11b0560629,false
56c694d4d197e185e30e89eb307563e5f723a753,false
f6578870fae3e88404fb3d10c3416822040a908a,true
70a59943422760bc8b987d0cf550fc1a3f88b6fd,false
930032e0abce6800fe554d9e86a935f6b2604642,true
8e690e922328dda1baf600dd211a21bfd902d128,true
9c380572719c72b48e1363711da926a1a138a782,true
5b78d6222b3534ed8caa30a9cd1094f64cd9254f,true
28425133fd7e422c07dca1c4a27a622d53ca56e2,false
1f14817bb95fd50b1e1ddd371c1147662e962b65,true
46b3bc19a04ea2308a8e748db11d0a7b56d30eeb,true
e561da16c7ed74633e845701d93a18d029375f66,true
46682b9314c91d8ca067945d48505c6e4b07377c,true
8d4e845f74ec08d2ce8b70bb34d1edf0974c7b85,false
9803973fe0a23b38070e67d31b5eabf54861ae36,false
a7711d4d834ddf54d42322cff6feda31fe85d882,true
dab35f822bc9d73d4945e86444d58c8844a5c597,true
33b7fef8910069acc4ee3376634b1c2356aece4c,false
2c2deb1aeb766036a76848eef8ed6aead12888f1,false
01fb4170d51597bda202c1a961ca413c49bd687f,false
83a7f9526007633ce289bac598aa134a9bfa75b8,true
3ac0a69d4bedc0736a9c7c5e83642899542e25bd,false
fbbfb882a8eb658e99716ab83499f60c30d4b7ce,false
5fbbdb9cbeaa86c7110878c1400e66eb3ceef656,false
21ea42d9450309d38e2b6e8760d5476ad23c1134,false
fd5885991550ed100f4468e6ba286e1a61e98e7d,false
fe3088162beb01b4033f94790952b01c147c084d,false
9738f3dde26c49a6d558fa28e0bd892e919560ea,false
61bb2181b45f8765a2a0de9dc3a9f5fde31d35f4,false
f381550121ba964aa52831a7672269b9ad8eef84,false
d2bf8953784ed4fe9d3d716ae5f8bc930a93995d,false
97db702667c63ce39bc829b23ae33ae84f9436d3,false
b0b849c4d9e92e3a705116e1144889b1fa40b7b1,true
7343ac209fe8003e54611a8ded1374cd33dd01f1,true
bced2c1e28a56f011e59e7ff5d0f23fd5e70ff9c,true
715e89a76cff550f00c98777ea6fe4bc22e89f38,true
cacf9aa15a32c17cabe9abf6459c24056fbcfaed,true
33075fd1bf2cf908bf586a29f6435690657fe983,false
f409956a01e7e8ceaf91460f2c24600c3ae82314,false
2654979359b88b058b0e36ef03124fc195bf94c6,false
b1222254a509b31280bbb604cc78d56ef340ec35,false
6d548fd0730d0c803c345d68296f6893d9fe3144,false
33220e74e504f249cbf71714c25c02038fa709f4,true
7ef8321891f8312a2cfd59aa8f117491d41f220d,true
851c1bd33ded1350c56ed06e9bbe08f41c0d90e4,true
94688eb27183e4ab3b5b86525666ccf327552afe,true
9ab272a75ce05f85df78e01dd3009d0f28130f5b,true
232c5a8e24ec14ab7459230d904d06e6ba693115,false
6dbbf3d3a875f8eaab21de0b85c7e93b45fc17a7,true
4c943dfdbd11a083d57aa3eef2df46c1f2ea1562,true
ea2c3405827c26389ce10f77c4af7db96721de50,false
2390790fa1fb59d0eca2699e803d81653781e0ed,false
87bc56fe8d29d45efd902425be01842ef38e7092,true
23bbbe00cab1b2a3b61d5a7ff55e2e6329c549e4,false
6ec5855104204a731e1cde6c27f9df728a11a2ae,false
0e7a4b5728e0a3b2cc43ff49d8d8b4b1efea0e65,false
b59f9a262ef7c74ea7de44cec7ad02ae8ed2408a,true
c444f688629ce7cb4c7b9a039d82bf2904c628ff,true
8ac6eb64d00ad458650e61791d546b6cad995fef,true
5b0be2eb34ff89866950344c3c663963ba4b020e,false
7e8fb6aeb6e87c41d7269a707e1ba96f0f62eed2,false
919353e841ebd32a1ebe0a5574a34e59b86935a3,false
b86561d33fcaedaaa38fb38b81a92db4982f13e6,false
f884efc1bc6f1dd3bafc2492a8305f5133b7adf0,false
251838f5a225b12469ca247a3585ac70ab036bf8,true
4f90e9238ec79d8573af281ab56fc076d373b48a,true
1ab538599974774bb7fb6ace12baee4c8e4cdcb6,true
87268b23a13b9dbd9084fa186f52869aa595e51e,false
2df239f8393f2099bc4bd5e9bead10ddc4ca06e3,false
3ba39442d03f786dc46325a6a6a34d9d751ed5e7,false
7ebff140caeac78e2d522f668712a498e7732d19,false
48e5b984f997c9ef387f48350a0abe014eb775e8,true
36113533bf89afea66a9743c8239ab63bc0bebd7,true
b64162cc7720707efc391853a0576931ad2dc842,true
d0c407e9b512fdb0b19acfc9b528d2fb590267ff,true
69b1a0032687618bc6178540ee681401da6de50d,false
739b3dbcf23db3cbe251549f87c417b622869598,false
53a6fec626e30bd75196a03b568e7cb23e82bdd1,false
3bc7ff0f1f054ded1d6db693ab0694f95c3e0596,true
00da0ee99ae0698abe60bf0430ba0a2aba02074f,false
4c2545889231372ed417e18709223e5888718257,false
9df4079223934c805848aa402191c8c2765621e8,true
f937fcb88ad51c668b3839b7d6e8aedaecc719e4,true
33b05ba7bb42d66f9428dcd80b9a71e4e2930709,true
f39088633c49e17e8857c8b85e820587398450f6,true
08d644a80649ddcdc984e49363022f1b19ada9e9,true
9af9a91a322c1ec0353ca61d2c3769d785825f65,false
44e6436bc699264770d88a5022d50c0aadac0d32,false
6d3cb1912a4def9705697017e3b1f631463d80e9,true
1f1271898039a4e9945e72fc1059f1dc9779d493,false
d00f6d3576e48a41f588454be4c341a32c3952d5,false
533e3722d2b548cc95944b0ee21ab6d327de63fb,true
78264f38a64413f737e07a6c2df8b8d9f16f6b5e,true
50cdf0faf379cdc15e1efafef018d43b96f8d7ef,false
f25a70970fdadf93beca36350a37967ebdb4c80b,false
19733f37a4f3af06a733f54539afc94bb789a1eb,false
6eb2f42a6f45990625a302d23175b7f9b89af46d,false
12bffa6ecf130cd22e714123bb85dc04463347ad,true
0b128feaf16d238f6821d44226063684cbd3eb9f,false
6ab07c6fac5bb3c34f7f018e73b0b5f7dfd5c737,false
8d95431b6899c0c4eb7f9c30b8443915f291dd36,true
ecec4304964a203c3cb50da293bff820298a1117,false
6d9b86c93f855e658e478b1502063af599b1ccd4,true
bbc16da9b0dc9ca2240593673e17e4b0e973cbc8,true
c56e74b50c7471ebe9071af0c09bb4a88f87e470,true
37add15ed2ac846ea0fb93e5f0ece5f989b81705,true
28c2ed0faff2cdc743c943d24bbbc538adfe2ffc,true
0336c794afc60871b04b3a915a75b51a18b5d0be,false
06ff7fe0cfb446cfc4a558692d2cd367e115041e,false
58a9a52ef779932f529074eb2c4771cf53d4fcd0,true
8e7dc4d0473b1ebb530c6e9856afbf851e3b34e2,true
debb6fbcb85076429f63204c8ed805c258172e4f,false
a011300442f6c78d74037d0cbacab4cd6ab739d1,true
acedea9748f732ce76dc422c5d98fadcee934eb3,true
45009ada3d70007a38c2b01760ee3990156cf0f3,false
7e9cbd06d80d0409097d027fa76e004e8df0d3a2,true
f849cec32d69ee1c5b4b0455244c4db7d93a21b3,false
fae22e27ed75cc5f6cf7c3919d62c38bd672540d,false
17ad8a8270c4e2293de90db3f4b1303599cf7d50,false
dac29f77c4ebe304b9d91e942b4b6f1e1d9878ca,true
36a19969dc79a95b931152d7780cd81ce7a94407,true
c9ce6c3451ce515fdf7fc9d43896ec507e4e0919,false
c3ae20de1096f2b847a06e0698ba0043f3149739,false
6e77d34ca3002a142e1506c43930876b179a9929,true
2bf54fb93e73952556b277b91b82ed9ad415402f,true
d8b7d1128beda2c0335c9f8794f4d982b456d0d0,true
b8cecc8db799aa7b002b7e1cb467b5d566d272b2,false
a34b2e502a39cef8e9811498c7d22ef740c11736,false
4690b6fcddad068a8483037c0ea47d8c5632a982,true
8765d3db619a74d58626151f37ebf179fad926a9,false
ee573f679ab82a26e4d6ee3a1fab27674cc13642,true
88562f291192077c21b2c4a0328f904d09cdbd2f,false
3529a65fe3fd8e569b1884cfe6677c41ef22470a,false
eb88d1be51216bbe291ecaf48f22a3faf77c1e8e,false
3ff7dbe0852760bc67a5bff16d72fce3eaeb6a79,false
b58c436e8dad7d60d6ca19d77b691b07a9ef833c,true
188868ccde7359e25d6f54fd305fb77a949fe6c3,false
98c40da5baa2318392537aa36b60ae3da1fafbce,false
f68b79fe91b3e9735a3da57cd2ef5f80a17f243b,true
01d09881bb3028c2023ec7a5a83cf9016bb89b40,false
9702622d9e9f8a2576fd21e9730283e5815562e1,false
8ce78338aed3fc5766643c6a22a936d2b177357d,true
432262c875593f48c808546b051c38f69181e051,false
9441b2c67bb7fa2d30d615771f73b524db34bcd4,false
32832710374da028dfe4b7b90e52f56c5a3ce31c,false
8a1c791427e2de57af3228a09a8f211d65d08285,true
2dd01c470ad3807cada22a62d9b3362345946398,false
dc520ec816e6ef38fd464ae9de307c2e2f9e534d,false
3fabf349d394339e70ab5a75222cb80bded2bae2,false
6f5b1f21bbfa7d170f007417333336ba9af35b8c,false
6912cbcb6c36b2ef2a4daf9956acbbb9f1f10b9e,false
7335fcea5f79f8e4474463b5e82c1e23ca4af6ae,false
83fbd37f24c5aa8b0931b62d6da9cfb838970d62,false
66912d73ac981e71e819588f89f28fd0ec74049a,false
6d3269b0f6127bbea45d4e97ddb0777af92413bf,false
1686af0e74628879eb8a3c9ddb3315c4b83aaad2,true
2d1835d04d4dda3172915dfd57e32965f1681c2f,false
7edc3b49b8f2afe658ae13ae2bad1390607b76d7,true
8c25574364b79101c1547cfc95b1f45027d70287,false
eff3bdcbad6e9c8e94dfcc283015bcf6eb9cdb6d,false
f8ac26e1b721eea3cc9e55f673a594b12f1ec5e0,true
b5ef3cf4b7942ed45f90208a56a6c90bae3b5c3f,true
82f37df07d7d75b598ce8e240d09a1f255816609,false
25985660b1d6e1a771cf6da2d192f7553a251a16,true
624c5999a848488f582ee60fd95b101c86c1bac2,false
ff04ab3c8afd44f793c0784c52c37d780cc94871,false
84a2dd50c5e39c911878fd9e93392e4b06ab8a58,false
a811aebf7c8eaed195d1132628320bf45e8a24f6,false
56794a235223aefc7e8bf9a89c40e502ad801827,false
1c9d18b95b5ecd12d33e8773f2284c77a43c0206,true
460fc21757cbdd238ca8dd073de75edeaf75a7e0,false
eca58026212c86f5cebba989f04fe135c32d6977,false
42eef4216dd9f60b993b3186dbd213a3452f8060,true
372be15c0024ae8c733c4c4d73f1374974c042d5,true
ced23f4ac5ca69e6cbe3d750457f16c4d6f92bba,false
3a4d31d1cf1f7a18f7d25bbe05f8ae446719f7ff,false
1e70173980ad5686a99e33b61f56984bda9b7789,false
8020992e1eb5990535b12a015dd3897821eb4240,false
6fee084a38c20432b1ed5392a88265bea05d501b,false
63ee5fc159fb6d5555513b748615a93b7743106b,false
f5d8e9e4ab526d04f4df93317ce272103a2ae81e,false
44299951a0ceca45078788f4edd1d176a23b2b5e,false
c98323de7ade0682b5ed39c283b6a62dd599e3c8,false
b2c435fb330e732a0d4c7139515ca364dc0319c1,false
d2c4e2186d3f57e52f9b63014773a397bf2bb794,true
9ef11e5975af8b53da5801d39f65608f2f9ac5a4,false
e8eaf1eb194361a14121ab06ab507ef57ac381a7,false
9c2224c1cdd54d081fe29e8285777cd85e83f313,true
f02e8b0d1c8bc41005d80503e94f154dcc0897a4,false
e7d9a9ea62b31c0c5c35cac10ed959b88338b8e8,false
2a37a7fbaf5c68ace54374d098dbd31827359e08,true
45c065daed7e1d845b0bab8a2ef811c1e7266c50,true
c8ad215fdaccba9c3ace6e6fe352d97979efcbdc,true
44a680e530f9fc5d3dd3e0f87741e960ced665b5,false
6529a779ffa9b96a631a3cbe174a38562af74a0f,true
4c24a3d2f84dcd0098c915efd34e396ddf18398a,true
25a738009f4a96bd2c58362dedcee8e41c15aad7,false
ac798a6fccc6386078e7e922541fa017342d581a,false
30febef25fb6f70edf95b30a905d7922621210f2,false
b3268c26b28f54f7b086aef3fec9842ce69cca91,true
5bc0e3df03bda487f81d9cd013786a0d7840567f,false
ca1a9dcfcb9571ceee177fafb87f35ae24868436,true
392c2c53d05984b2d5ff795460faad516c7faf60,false
c055b44b85e693933f8411558e979922cc3fbb07,false
8f0f287844300183e77e21fad9018d0506407d27,false
1404dd718748b870d9a3b47b106ffb6f38e0ba87,true
4eed8387db110175f1b4deddccc40b0597e1e6a2,false
227ba024e2ac043be212c22a719fae92a7b2b445,false
2c493bafb995cdcbe29eba329cd38ba1dc9b42c7,true
2325f603c96bc9583251370133fc7a8172a2c541,true
78ff2898bdb10e1176228dc93b924d6f40238095,false
23b75e4dc0e52ee304f3c3715372b1e4822248a4,false
de6cb42efd70d8d9f5d789fadfa9d4030c12a8a0,false
7910961dc45ce4ee7dd1145815ad1cba1e04a70c,false
11a06dffc61268414a5ce138db4171dca6a29622,false
9c25dd54b2947bb9fadb19f9b147196bf9f10045,true
be79ca0affa32a3bf295557aed37414c2cd10f76,true
fdb3b95b147f6f8a68c795c5e52853938be15fa4,false
8616d93241eef839cf0162cbc37fed922f4112b8,false
e02de4d3f339ece15238361be8ada96d465e30b4,true
67862511f9227d3b800cf90605a47bd3ff91889d,false
8d59f747ab304751632bccd931c4bcc83b76fc56,true
d197d348646d265bc7cd4580778613adb4cdc212,false
6b6b5a25f8a7f54ded37d3a24dd777e3a9fa0eec,false
259b422f97fd62d73d1217ac7755ae004e2584ca,false
795e339493dd76d146d62fd4fd2526e831c650bd,false
bb2a8409433c464b408eb69754eaf859828dd8d1,true
41880a1348f31b569301a04b57cd834078822dd3,false
58110865295355807c349ee53cdbf0b560a80bd2,false
32d72fed1b88c4d029c7074caa11d6b0c495e197,true
939dcc6d965a8e3cab60db3c9f1129c75234ae2c,false
b3988e5e762b6be20c702429d9e3a69a5dcb4f91,true
91e58b0b799e47661e54771d11ca5ccaaaa049e1,false
dbbf2dbb992725eedee07c818c2ee0b2e4c10b8d,true
f77b533ceadf5ead53b5260f1563b46b2da3ac39,false
44ca745dafd650378270ef404aa214765ea042ae,false
841da6c160c4a88f0324410821cb1e668d585bf6,false
8c6f799546c25e681ac8f07faa7d3d0c6e04739c,false
356fde02453b42b913e277f5b79842ceb07e4081,false
ded36d3e1abfdef4aa96250fbb57616bbb0fc309,false
0dfb62acca921e22bdcde2b4376f8962d4083a88,false
186cb065a9c17f00928990ee65cb829e3a037b47,false
2a607d951773dbe92d987b66cf63c5f8f691620b,false
ee6c7b2fec928d66b3ffe1bca716881fd05adf1d,false
e0ed8da45c657406c38e801fadba11401bb81a66,false
d46feca470c5042afa502ce9192917bed9fcf246,false
452a71a4901410b0ed7259b2ce95d447787613ed,false
62670144db68b8d4e23f14b4a1661b306c0c07ea,false
fa1640f8357ed02b19bd7f545e22c679a1134cd6,false
0fa6a2047b095f5ecc82817b2613299bb2b1b1c3,false
1421712c7fcb100341a4b5deeb4afa9250a0c5a0,false
a7870a31e162b389cc21615faa67b3f48dfe95e1,false
e6a35ffaa3c270782e7ccde838525f80f9887d46,false
cccf14b98f947e103b79fb844d2ba5523960e6ee,true
50135199bb7070c4a14a6ec54f29b3e2191e062a,false
1d7d80dca8634a2e75281b9d747a076b954ddfe3,false
57f62dc5268846fb59aa63bbc7cd8b13e5529bd6,false
ccd988bbab917bffab77a86ac4e5ca05689b23e5,false
050d9e53efb98e08c38fbbfaa45c8d6e4c30d370,false
db09b5f6c38b616631cfb1ddd512a276865bc6e6,false
d7495125c4a4aabdf4cd48158b7ba6a1c81b7aa3,true
fdd63ae40d5a3d0bfc41b4bcb5474b9228b05005,true
cb5901660376eaf741687b0ea60465e1859872ab,true
dcea470514f26ae8b9e51e4ce4a4da6e4166c440,true
fa4e870d9e9f5d8b35ccd89afc5e87855c39dcff,true
d77b5ed8e82ebbe9065efdc8f80411c96a743044,false
b7c8046fe6e4def4e7b1e8eba6961ec98f59acc8,false
4a1946965c5fc8ea61b8ae79e0ec4fe33e5f70d8,false
43b604d5e19d8af20ca9318d86d0017ab12c6574,false
c6b5d658bd536548d1b88c93006dec3abdaa32d1,false
8e9bbff87b5100a95155ea7e799687e17a770258,false
37513be3468514eb021524aa921d1ac7fa88eab9,false
9655a7bf4bd922d8471bf9b9e558d8467259ecea,true
ea8016cddcbd49b44302f64801eb19e3dfe317ad,false
5de0fe822d4e4df4292f74247166f3f9be618dfa,false
d033919361da40d7678ff38470d62e905c5ba39d,false
e68e3c1576dd5d4dfd1f6e442cdc9c8daf8d1a33,false
639d9ad9e923679331cbeba31d9c340cda5424c6,false
c1cc0e53ea52bc948984cb55442f97d0ffb5431a,false
ecacb25e7623ec0696bdd96e843929618d7bca2b,false
67c9918da843c64d78e5a0e4d92f0e53319ce237,true
8182b2b8e0b3e9416709c48fc660ec972788073c,true
b6b316142b6834013f8fe737da71ab298d2d8919,false
29389a8660fba56f3c019d87f2baedabbcf0a944,false
55d2d367e5667c584dd2c0c5513c5dbc4294b44c,false
4ce0f85f01576b6adc3158691845d37944a0d1e7,false
a320f591b92e6406cdc96e8090444f6a911a9308,true
a3296726a4fc58b85daee7b689dc7312954fac06,true
e6adb9c4bb374fbe2fda32088307f7dde8dfe63a,false
de3f8e71e580c92124f2844519bc60ab8669680e,false
83dc53593d83b80e40b8a874184772cc554f1324,false
fdf4ae81c01c37857f9f915106f1a75586e17304,false
86cd021e214806581937071df1ed1fb685e543d9,false
5c282b451ac5148c18e4d095266d40acb1b39e04,true
d539dcc352286f9a3ba8abf649e8bacfe247c2c2,false
562bad882de9370c1dcf5bb919bde9dc4d5856e7,false
af5208436bc087d7ae395f48ae3b14a799345a13,false
8d40b0d431e1055f5b433b2740f28f5c59f658b9,false
fc48948283cffa8e95753d6e3ecdbbfca390e060,true
a8ed4ca005de4f52ac69d44d324a2050b96965cc,true
38d993b588245fb107ffb8f2151295ecc2446abb,false
077134b9500f910921834da84d7344a00bb7c55a,false
dcd569365e52a038207ed7424d6dd0e07543a37c,true
a5ecab96b690bcb97810eb19a8dd793e24b587dc,true
b720998dbe74e7a4c87f381fa780a881259f68c7,true
9f2101711739dec9a4630b83115038b22b903ae1,false
fba0036d7a644ab921a617351ec1ae2e105b0078,false
10966afc12c96d473544a9d1546d5cbbb3724ce4,false
5ea05de78b496d4e79a7e26641db8d3c3d2cc2b0,false
5a181a3eac793629d4b3c32db51a3dcba5ab111a,true
383338c6bfd6d5870361d6304ac78a7f6e1b214e,false
91cb43f54b532cca415dd0a0e8ba06bd04a13dc6,false
03bcde6244b2676858c8525cb4cfdc2429ba51dc,false
c5d32b63234d47c46d4ba29fa6aca9f319a7ce22,false
b429c97b6e687713deefc3ea985228863ef8c90e,true
3e8de974ca93a97a2d78fe846522b4b50ab1256f,false
5484081de374fc9f4b720671aae43e23235b0f57,false
e333c957b112abba5d11c0a059644c9843b9cc32,false
8c8098c5d495706d1b35f715d1e7419baac3f927,false
0f7969342432ec1655610c68182cadf46c019172,false
bec890dc2e6c65f015fe312c869baa0987be7e16,false
55a4a178dc3e3bcf936668b90697085598c6dc58,true
c2efbe45e2731ee8183cd576d15061657911b102,true
17df99659fdc13e50c1fd85cb462b5d958fb8429,true
419b8aa2b823da6005a0cf69dfe1a5bb5874181f,false
6104431231265662d1bc4a01b44fbefd4db099be,false
b7b6bdf13e9de9ceb6b8cdd819390a9d36d09a7d,false
69c82dc34894e69f8c34605550fabe1017d97672,false
061dec9fee2a575bab5b293c3d1f7419a21dec34,true
5552ac361485e71a6d3b2177cb6d64bece5fcb19,true
ba64f6bf6c9fcc873a2fbac486812734501e8a30,true
6db24d11dd4553202d41de5aff74cac3564c2f47,false
6777b298a169c58c38b2b507a779f51710c219ef,false
4ff797e1565f4d83b36112bac28c373bcbf972fe,true
cd66c26f1727452d3f90eba6294d092f620a962f,true
d0c1df806145c6ab5312e6d9161404ef5a886330,true
8b47dc85d6063076c3ee515386703b0e6712fb36,true
d1d4005dad643b45c7ad941ea25f3feec09a6581,false
df5b830d4f47fd9a0594d39b71621ce4d993efab,true
1f558f62a16294ec26ec627495d2515bcf2260ca,true
0d0fbaf61f4a7984dde5904fd16ddbb32f9482f5,true
5f8ce7856e86ceba0c37371f74f501769481eb8d,true
16a7c7d7c3bb7bee0f0a017c162dd00e74087a00,true
ae17b137d9a857e925149f706498edcd1b63ba5b,false
736e5fd6028336448c9e34e3d13f317b4856bfb6,false
4a5fa3cc9116a49b55db7f9296fe24dd0d29d72c,true
0bbd7efcdec1f06699e7287054b4b7d77790d6d5,true
621d1c5a1c88152e3ec85291d7c98797b0fabfde,false
fc9b261a8b100bd2dd52171bb0b6f46bcc03ea26,false
c2e02221b1f3968729fa7174047eae740a522f00,false
9d1e7f6b5a3a342b8040c311aa21fe165d28eff0,true
532f2ff5786dcf6fcbaad2f478919992455647b0,false
1d9f8b6a1a3d4aea5d36cc0f2a6fe372fa1a8b59,true
a0a0a8338b7d4b2b988ef4f95a35d9946457f086,false
5acff2ea01cf02c3d32e9929f71c67b087e8e598,false
51cbab8b5466fee232e593a9e56a3685c71c7c80,false
435ca9a3b533f7147a1ed5d8fc94fccae01c4556,true
444975e6f67fb6675469cc590d2c6b29ae230d81,true
c5bd7ab06530be5ce06ee141e4d6994ee6f8056e,true
8b1287c3702c1ef7ec456beadac1448ca62b597f,true
639848db2be37ce1ed778e89fca2578ac0083ee6,false
cf36af08a87747c5a49853c690cb796464edf61d,false
8c09ba7b11c5f6e448f5a98def048bafdd149eb6,true
38d9594f6ffe4c45c63b3a80fcfaaffd978da04a,true
cbbb22751314bae896f181c962843ac77d9fa84f,true
67ed0973190a721f17bfba4984f465b7f44afe54,false
47722d0e9c61f1574f142c3e641f49d65432ee01,true
63d32f0ce55614d61127ff643d35a16436602b5f,false
f8b331dba1b60a431786565d35597a683e767231,false
1e3d698d538b4889246f9e1b452c2af778747644,true
86289bb8deb17ad04c97ffcb2f0f1d21e86e815d,true
3855c494ce8f2ca3abdfb880ca0d839352f54f2d,true
f9d15fd3fcd624255fb8524e30b37918dbe0b921,false
5f44c37ebb9f35984ad385eae1719ff2c9953227,true
501b12b9d2d8594ed3348c494b070f41bae27db6,true
d3128cc2e4d5f2fa1830acb04f9565742bcb0672,true
3f7bbda37ca15753dcc3f07e01bda708d56986d4,true
cf9cd81b1c2662ebb2dc2b038e904a4b16138c15,true
c226d1685bfaa34065d1dcb4640885fb0587861c,true
99240864fd7aa8346bbed415bd8a0bcb549efeae,false
219a534b7278a5285ee48aa67cff4a197b1e3a0d,true
8d879b57efaf467f412e1cdd36d4c26ebb2198b2,true
16898d2b17e935b19523be067703f4184669f8f5,false
577c2952959ad4fe9427e2f33863166044c52576,false
fdda42240b89e5001d1e1392def852994be151a2,false
37c1a02e7b415de25d06af3b9fee41ccf7f19373,true
fcf0fde992f51dcc6a7e5d9938f7f4d9d14e7a9d,false
12de003191dca78154be3e3969f45ab81394dbdc,false
223f844c7dbad0645b6f946217bd3ba68dda2264,true
9df93b726839752c24c29018c7b676bc69ad7585,true
93cca54c27ef740007e9650cf13d1bfe8cd934cf,true
aecfc9145739a4251f26d295039a29c121c006ba,false
f5c2921d36e23885e79029c349df8fe9e16c866f,true
0a3cc22640ff0d22af8320b58685eab2ff2ad545,true
6c3e3bbb7f873dddd9aa54f134b329f9488938ef,false
1aed5b8c32ff7e28b613ee9062640fa915b4b2dd,true
120ecc2063e9977ef1df14d0a4f233500f5c0ad9,true
6108e7d525a11a5ee01a832dd277a677621cf0f0,true
1b0ca824e76f5d7f77970f8df073c56733ccbf07,false
ed785c0b7966e6951ceb1f1baa575a582d048311,false
b87ed7265c3a641b3bda26977b80360e6538dc7d,false
7121a2d865e4ba33c67ed7ce9f5a172494018308,true
37b8d5a184f202e695b4998e7658117b0069a52d,false
4dcd1839bde30619342389383fb182688f04c1ff,false
aae23779d25643542086f12a863aaefd0d4ada23,true
c1405a5a464c4cb8f77ba0194316de40356ebd9a,false
760459f0ece297a26a69d9d3e1f400d782179305,true
66473647347d15b7603c4ebee85eb45d9ac65635,true
272be71d8876df657cbe7e020c715578002e05af,false
f953ec59001faec1ba5bd362bb29c7f44b8533fc,true
5984a25c2b6db0c2cc1d3e0ad503bf8e903c334a,false
b1dc468d26f00b0265be1c7f441621f7c5327e7d,true
15e0e96441f547c05e8f88d5a1ed0aa68fa11f3f,true
1663c84c8e64f67f661e2641b049db5d228e6ff9,false
22ecd796bbc339f3261286d12d04c9f0927613ca,false
faa6c4474eb347f4f6a7ab700a31a1814b955e2d,false
7d4a6487ad3e933183c1a8c5ff3775f8e691770c,true
95a066dff705733e91216dd916dc80b4b89c409d,false
718bc3ca0785a02a8bac5981a8f8cdfd81701175,true
a53e8e56b1f2c8f03644c515e56c1224220e7d23,true
6d06266ab7b8cea437f0940e1bf973ce34a137cd,false
43c885c5afa22ebe2a17a3fc38ea39cbc27c936b,true
64b9960c41802b67936105298f3fe55854cb05e5,false
e49430bfcefa8281f95e6e24e5acb2a92df03826,false
ab4660d267d253010a09552efe526c0b57628e42,false
625d773b2bc2bc8d216622dbd92696d94ec38617,false
1ebe6d468f67fa1953c8eac5875b898f07ee1397,false
b86aeaa689128b880f1e9f26e6e9f4bb97f1f171,false
c1bd5329791b7ac8c9ea4930b5bedaccf0a3e7e5,false
d15ff47890cdff8b1d5565b9a0e494c6a38f64d0,false
5db3f6f4e8fb6562a621610c806ab4f0cf80b307,false
75dcdfaa77c99c8412093af89ae58b76a274e79a,false
1d51374761f39d16ffe5e3608d7d2b2b54245d1c,false
db37fadc21bd4e80624c712e062771cf738a9b05,false
bbd34f8b7009599d0525f33373d1be6ce81885e4,false
01f46af7f063b301d2b633237cfff0b0a2d10a19,false
a713b2aa848f131c33f4f43a019402fe03809d58,true
4071a6cd39c060927cd1a4685c56177f0650eaa4,false
28bc7b1e2eadf4c104319d54794d4291ebea2b45,false
a13ec308a6a4622da02ea9ccca00b68d0da8bb3a,false
38eebd4f6d4176d6ce77f5d7c237a27b15f96e44,false
2ed294ea54f6c49a8204ccd56ec45bdedd6aeb08,false
bb0c2bf6a34ce83f835e85cf3736f5c647c48f10,false
f3f8b89444cd246299a288047943acdf2bb2ef4e,false
65abd83cac2329de610112174eb5e51085f9cb02,false
c099fcfdf9532b60c94b52c3179ed8c5d7fb324e,true
5a6ebe50e5c2f9c6c666783a95eac307f87e7d31,true
d317859af85d1956a0cd11d90b5d0c25bc66c4ba,true
26c4f5694b953f00a15e6731d53aa4a4b7b1f763,true
a94d389fdc7bdf8747831b8e679bf59a78dba0ee,true
a31e7632e21f6d67f5105d044c558ab227acd54d,false
337f3486744d2c0559f1e9cd06a97542721a2b27,false
8e67908863cba3bdb3658d016f55310ae31fcacb,true
ef85da1f5cda4b1c102ebc9fc30b5b0aeb88a862,true
919419b7e4fed28fa973c3f9c8c3285e0c9396e9,true
04ae337cbe2c277f3ed02a6e260e6a9a79827595,true
bd34f475c40e2cba928569f71b6ca37704777ff8,true
5ee926d5755862687f07d9ed6e5a33ab107902ef,true
d13fdd51dfc9bad050863db5d96cc472decac65a,true
c0a06478aacda35b9a335f1b9a2d6d4024b01818,false
3fb325cedf211e1302f5c63daad813f517fdd726,true
21b370a7fb9e97ddb572f8cf806f7fdf7ad129bb,false
351f57ab6793a3d048050d26a71e9c1ee2012251,true
c23b9f1e5464a905ac99b8cea3de97c766adb277,false
353ae151904f90fa7bee30f1c0dc2cfffb1b7164,false
e5b9b13fb93e887207d81869c3bbcafc90c63d7b,false
474bc369b8c82c2decc68982be5d1ce67c2c4a0e,true
a5a5172a0186762f5845671aa996004e0865b133,false
8443b258e80ecf1304caa178d1323a224374f0d4,false
b551ea940581859ec1058c5109d0bb28e0729501,true
2740375c6fa77676f008327c6efb447666de6ad6,true
28bdd91262da6cca0ea34d9ea576902810dc8ebc,true
b383fcb8756a28ed223fa9715c27798d92888c3f,true
c2ceb945510ea3409847ab61348e9ed2701382c5,true
7efcae3f604118d37670ae0f363d6342dac3ecd5,false
17db06bcff29a0aabed7a260fb1e755684607c6a,true
7e6e54bc57936668544fbb15326ac83c97be2f0f,false
5a1f26db604c92a3b75ce0be2eaa16c23e417963,false
2ed7556fd5df2b9751851a4bf217e486a4e6a437,false
e3fc0987ed2a04c523e9302d2375c793a7db90a7,false
65b2aa4aaf04b6474cfc9f70f4aa81fffd1645d7,true
fa991b4b1436adf8f12a124326f7ddd883ef632a,true
e7f81f3e005ac32e39511951c80cadb9c2c8963c,true
c4bf34be8dcb8c664bcba80cc1864b91e3fef15d,false
f6e9a34f31ec424d0e75fc170f20fe541cbf2a3b,true
111c21650b352430f21b5c8cf71cb9759417ed21,true
fb3650e7cee1b5d63716aade054a8bdae7120f90,true
fdb934552ccf9706110e719ac59070fcba5e9f98,false
d4927db9068761d05f2f3469d3ff7b223c0688c1,false
a54c3b93c3056ebef16ffedefe690e2cbf7675c5,true
2f6a9f57ab5cfcaa227bb88dc491264f5c8e09e0,true
e8cbce6a6d245e3944227080cac2fd7ac37d65e7,true
3c252b4590c97b8a4acb4b536df3f89068e4372d,false
0fb07f6d2432c0757d4c4afe64bb5822e0616ae8,false
b44357aedc0fd0a3e489df02d69369137dc55a7e,false
aab9af93a3193472cd5827937c9f0253352b87a7,false
947749d979de53be14f70bbddfcffcc878d92066,true
b72db8e4270812a231abaacb65c7731eee477d45,false
74f14398499d8ebf775a4847611552afa8b476de,true
477187c2b9d6fae51a363df141cb1bef906af102,true
3c1584440f4e3d9c6527d86092b1842e7f90ba6e,false
25f49af1dae75c6c5788f87f6fb5c13a5b6b73ca,false
6d1d8b720f57c4b81b362df646781fb8d5f8fb0c,false
8194993357a72283eb2e4a77483b6c96cdc5e300,true
26082e78ce14ba7ecb83392462b4e43e573b92a4,false
eca2ef24f72a135039cd54f03b86e082dce6bd05,true
cd1bfdeba7c8cebe89bc1cdc27eae5d105896ca9,false
92d4591f7f0662a9b28071c35159a62f6ec6f74c,false
6a5975e6db0002cf62c65811d1033de6161c7e2d,true
6674957fef3ee0c7084e8f7b6493de6cff9ed75b,true
f3b0a4b2e9b1c3109181e8d9e34b8c9e3d81dace,true
66eef9a53a9586a8f4da3235732c6b9253ff4e32,false
9f6da8f16af9fa466bdb53e150bc77e0b666a73e,true
547dee7aedb0e019fc7223cb6eb74fde368d11c4,true
705eddafef91291962b97b045e76179952b238f2,false
763335eb44ccd6844244cf0514a684529abf5db6,true
3fd2ec4d29c19e81654265d9f0163c6744cc8453,true
e6c128a75b9226a6476640c2cb992a09c3c77a9b,true
85e4824ab933e08abbf70839aab37b0799a19374,true
9d2edfc381dd758e939a25087d120a82b5ef56c2,true
6f7f3144e24ea240087e0ff2ea713fa9eace2f85,true
1ecb55dc0a018b70cb043cbdc688873a46f43704,true
3833917fe98b0b17f906d6e0adfce12453ffd37e,true
309ac3dd030ca4f0aa7a561ac1af423d8d344ce9,true
5843b2f7c255360ef5c6d412c2fc8a9a4630b55a,true
c6a3f07e297d2fddf57772e250aa5d4370e1e60a,true
70a5aadabade9d845f9b770ee001962a2cff5a9b,true
760b69ef684939e28c02b00e1c4c0fb0c803835e,true
8482bae8b093d9de38a2514476e0aaf4c681f0f6,true
bd1ce9106e72092b035f080ab66e30c60d0b0b79,false
f298c590a02d56082217ef46781ed228760f7944,true
0c2fdce8ea55785f8fb32a3615cb2058c1851bde,true
f359bbe2d5bc2ee0362ab408a02411b97d3e4c16,true
e51fd0cb43c95865f04e8ea940e7c6769f5ffa7f,false
a61f430f5d933abd918e73e8a0040bd4edf35ff1,false
b492bf0d0c95f6e7f09ad1538f97275976f15559,false
5918dddadeb78c2568a70e28990bf3548883486b,false
eb0be338d42f53638aaeb3977195c2fd7d79d87d,true
1821f92deed515cffd9642a83e08d025d5fc2ba9,true
4dc98f7a6f59ff3848256e62d67ef22ccdac0de0,true
f1f829e14530ca2e337123a4c30df6e6f2cc2801,true
33bb2f9d1e964719b5ce45543df98f2a55bc6a34,false
bdc3642b398234d9a411ecc173c42616eeed9fd3,true
c0aed6e8ae57e16448a4938e96bfba2fc7991e79,true
2bc7e934dfe2e8ee27f760b7ad3c69deea56d9b8,false
b0aa01bd61d0294081da419d7ce49492eb4c9128,true
255455506b68bb6f338bef2e33953be75cdd6e39,true
1325a34323c4902f1fda957646aa1f7bc782184b,false
c8fd719552828f4037939aaa9961071feacc4d0b,false
6792c777dd62f98a90059c3ed3f3f93bfcfa4296,false
2000265989a88755808d7d0c34cf923d4176f88c,false
8dc8f02aab3c0365988625943861dc45226d4ba8,true
edabeee4b47cbb418d471893b957d02dd18648e6,true
bcb174bbd50e522aef151dadaee1a942725f1b94,false
6e03283a09217b7ca2557d1d814c4ee40b7dfeb1,false
3f4ff69efc89d0cd59b59144b82c55120437a8cb,false
5688bef3c5944b526f5db5b10f5bd2da15f3f631,false
d2563f8ebb11f0f0d1c2ea67e2f19fdfd42624c5,true
55ba08ea5d0a098ad85496d7747aa57b43166cca,true
f0a86932d04fb7786055116d224a8c7a36924f79,true
a9da9468b5fff4af2933d6fd98a69a76e53a83e4,true
5add04a52c18764b6e6b8462d3482ac3f96d9886,false
776557b9e400799f6003d387259959aa7f363d59,false
19769274a41b8a3336134ce0d816f4e291ab9223,true
2c54736701f244527c5f9cf4cd66bc7891fb63fe,true
788e5fc2580c43595fd3fb2f89553ce9b95c2f0a,false
feea72d61f89915f82881906b3c2a26568818d10,false
099390e75ed95ac496eef4ab5d0e1d24cbb6459f,false
8a3d073fe0813b7f337b5289775ad32f506b1efc,false
fa3d35c3c85afe24de8385574bcea85ef7a8d22d,false
cc204f28b1427d7cbf5334351b78a18f3f1a737f,false
cbac33766c401399399f651548b4c3e51c9bbc28,true
85985438026c756e44f7e83bc065142fd346efa7,false
9ea89161637e214f3d4c7667a05539435692d00b,false
209c48a70d83dca87934b5e418add0e408069931,false
b1029c54664d9db7641e1e11167e28291c4fa2bc,false
a7831b67683b066eba7554ba3b9cef59f8cddb36,false
a2c1aa2e12ce508d8acc0bcb3715d04d1cd179f5,false
13cd9e48eba3190e2ef078876aef7ae1e7979ea5,false
69e29887bf68f7503d8dc0d191acd678768e0b0e,false
4c7eeb9bb6e478d6c744df2b800c4ba0eca02fe8,false
9a363290e2ed3688a05b96583d3d7d979acbe0a0,false
0c7c2bab74f05e0f167d4358b1515fc2e36ae614,false
e8facd70722ff4621d4b4aac37436e285298aa71,false
a72d3b5ae8d83f9d6d16805627cc01c6f5a51dd3,false
8dc6cb6ddcdf0ffe98e0c7a9a0018e1df450680a,true
b508cab01203b2943cc77e2d760323d6c1c87f84,false
2a6110eea758fb2dad55de9f3a5f98751b3ad9d3,false
2158e738305f8d95572a15905ee30ea1249aa886,false
c592b11868f60ddb7363ffdaa4dc7f8ee12de952,false
a2adc501539582a421b3bf675cd9dfa435d4ebe4,true
a02781f2c82abbb3faf64bb0b4f46679494ef14b,true
d319d79a9a138ef5a2cc7935224bc02691eed2fb,true
bf4f8daf43db65f3f9a1e7d4bb4dff6411e0c421,true
b4a636322622bceb3d75450c91897019182b1a17,true
bc1085216cd19fb318f199acbf5c03806853e572,true
5a5e1a4e6c7f05d93f4b2ae214fc49860fdeda12,true
1a7919b881f09144ae09add9cd15b48611d95624,false
f9943d778da6bb312807d6144980ba6a82421ba7,false
4e6ab216d711c35116510ba87561632b460a3e20,true
a9968bccb0001a125c682cfe46076eff4ecffc9d,true
258f0a52ee809adde9f246779f05779cdf45a78f,false
f0a8f34b4651fdfae33eb49aa40cad0b4fda9254,false
9570565fb52734c454b533dd83a5a5468e192490,true
aa2d813b57f4869bede944038c99a18e4832f332,false
657cfe735a8f5aa19aa82c11e5c8ea5fcadb6e06,true
1cbc2bb99e8ebf7115a7ab32aa2c74d36cecd9b0,true
ec9e81346c5ac984cf86d0ac2bbfbcfeee5f4609,true
2ca70071b493c09a998d8bea8b657f8a0a86a483,true
5ea0f123db7a598111065de9cf7b484f2239a61b,true
8f640484342701bc3ae07338370ba4a906c72dac,false
47ef073c6ebba76275577670bc6dc2b198218765,true
65358aa65c659e23ae3301bc60f55ad25be81e9d,false
9f5bcde1dc3cbdacb8e674b2612f5740855a6b14,true
47ce8102ccaa3eaf6278b87df2ad36a865a38e0f,false
4cabfd14740017f033c3509f59f967bb6c0aa231,false
53a442da9be1ce60d1443e1b3d23b44e547eeb6d,true
0ba91a660781085fca0c5c2e0d91a87ef2ae7abb,true
8ad5d210bc13ca5a92e42eb866fa356705f193e1,false
425fa7102539eca3469bdee8ee597547b8471171,false
668b8fce79343693be9dbfbebf2aaa66418aefb9,false
3b0695ed7b6d4982d00a3c7c10806da900cbc85c,true
7762142830f79f69506b9b7b6c6f47c4ad91208e,false
09924e01889c033c9cdb5f5fd404d3e6748d521f,false
29707bf71c393f94fea8a97792cd26c6ce46572a,false
bb0a363749e156859c230fb6aa01bc37fe56900f,false
6a63535f08e71267b60db5907769e0590c8f8d97,false
8529a4351015f725dcd906ca6f191c067b967375,true
5887a27def0fbe5dc955ae13bfb69e0345d71091,true
6827b4fb72f9fbeb64b41a06ae967be4214c1593,false
18b1de36aafdac82e06e79db30eaa7c3210c77b3,false
8999f6eebef3db405a0f744ddfbdf6be2737d842,false
7d3a4ad4c8cc156de2cc60403c3b78bab082c9d8,true
bd62752dbe77c7045007f092ed58d195f6720741,false
9e8cff5b77d3b4e8a78af8ea46e30db85572ac14,false
581e3036f6a85898ced4c7fee5738e2bace4a17a,false
497cf76226ad805874f625a7eb9dd1788fdbb4c5,false
91285f4f4f1d4b60281d39b8a1e2811bd3b3f0f0,false
6143eb953d0dba7c76de299081bb98d8af6ed21e,false
4ad29182cf4ade92bc803786b813e922adc13f1b,true
f0dc3589f665a76610e4b209da90a378ab9bb0ae,false
a6880d1931f4c77e49503cb0f690068ce80e1419,false
c1e46cce1658bf3434fcf28d64d7f91ab7817510,true
a635255fbd565f9223061134fd6ae28c69d263c7,false
2b671624a7ec8d7439231c26b585bc35ad989975,true
a0b816190cac65e8de1574d5416002fa9d4a58f5,false
bce4ac02cf074cfadea807b0fc81d1b35e40fac8,false
b0c5e11251c077e1a87a93f8ebfe49898b4db46a,false
eba31d561afbb031de1ec6c3c01ce0e4543060d2,false
31e3c0c30b0c053ad26926852b4ccf616e51ce63,true
d119855d08306a3c8964fdf64ef7acb947e11771,true
d6223e50f8656f8f62794450c29a12a9bf806aff,false
e99126eb12bd070111d2e7404b7a053b97082c12,false
8b354db9ecc07775de388e8d993b68f9481c60f2,true
3a181ff78b3e0dac192ce5d41ba4885317031453,true
0c1f817a4499fac89a478e401e761feaa02dcaba,false
026388387e5e7b352d76937c08f10a886c20705c,false
db129023e481877e7067af5c06727cac5276673c,true
c482f64232f0d16fbe8688b6c9e5ee0c7f097563,true
b81e790bb86ed535c1a7078193949aa6ebddb68f,false
234f2e8893c4de279f7ebc545b01e249d05335f3,false
df79a8d6117a5778bf28b6f468b0f42c0b026dc8,false
bbfad4091158b2b32677ff1e8b66130e5f96fa8a,false
f39c77a020b5dc7484945ecd8bc718b0d61ced21,false
a391e1b23c3c15d4db7ec3a1ff08b373888beb2a,false
b55831a6cbbd428b38ab17178bf51ed87f2f4b96,false
792132640113e55a1188bf7b40b4e58489f36415,true
a89b38e5549ed469f10450bf2355aed0aac93a73,false
ba5304856df184d1803f1864cc525fa4311ecb3a,false
996cfeb08f163d2af8a65ddb1fd367630b696b2f,false
6882b54cfda45cd1b550ab8b13ee0506157bf1db,false
0e16004f123be3a571ff8428c3056e65899211e6,false
5e80fa9414346318d52fa1b723a6dfd0833649b1,false
1389cd0392b2af1ac3f57f435832a0e49c20847e,false
ec13b727b1edfab0b0b5ba2eec6cd00b703fe325,false
1e951c4d27b47495c7fd6bce9c025ec8a0caad83,false
ab6c58bc318cbab2360a4008e0caad005b783d88,false
92a3319504eae80c1a50ece992c92715ae96c8f2,false
2af8c708ba50da1845c1d5c19f115309c767fb9a,true
25e85ed332feac7061f5427fa5d0b20052aae31b,false
a467d85b8605f6f2a7b7d3481f53222b79a6482c,false
01fde3cca724d947f28aab3c63e766663ff93bb2,false
c1a6e4506f6010813c5388f92e3908ae0915b598,true
f869c0be1c95f4a32a58160f32dac04ddf2e0a20,true
a6584edb01addfb92a7b6d2e79dc34caae112d25,false
941c06cf489829d9dccd0c2d823e98a138cb7a47,false
157b2215279244dd8cfb3b022b72f714e902e0eb,true
67c0407d4a1b5d4542a080d051f5ce383b609702,true
138e0695660cf2e72082231791da7adb58373904,false
9a008c9d99fee865b663919c92707a58de961555,false
98966c8eb98718ce8a22c5711145b18e04fb26df,false
5ca6be6a227283c8faf4dd946ee569bd9a57ac2a,false
e9155d4221dd1d7a9c38cc5e8baa5b7e6d5ece79,false
712c60d9864e4fb996803e6a0818bb07c52a1807,false
0f8b67164b60066bf3d7141e5796b7867dfdb16f,false
63b1438dce0f8d56c5f0fe7ce9d2e71bcf7ac6b4,false
bfeaa84c7e5ad3ea6e3c8ad0e448529e74229108,false
4379913c8ce7086187ec9744c652a5faaa28b83b,false
1a4cab191d3a8907231227bc36694d61910f70eb,false
b443f0fc64586df54dcb351d85a14f8db9686159,false
6f9be50549975618f12d1bae351f4a508401a52a,true
a1fd949f8e1a6e1f7229e27d078bc0c15fad3a67,false
cac20be51d6853aeb4ba1c030497ce2032b52b72,false
cb36addf37858794659947b94f42e06dd77c0db0,false
4528d290abd014658dcd2eb49462444ebc4ea1c2,false
8db946db7d1a01e6d9847dd4d7b6fac62391038f,false
c8cf5e671ed8776f7a24ddb738b8f65739682617,true
340242c4d24ea601e71712242e1b4e0e0dec0a38,true
4fcc313bfcc8417b41603037fc084ea2cde81a3e,true
7ff1479a2d90e015f357aa151fda1ec12c816cbd,false
79f3f1347b1f085ecf0c6820192ccf1b5fb63b2d,false
8eccb596190fdcb959d55ff414c8ae9f23de7a14,false
890ab04ba74453e8d6c6e83c905dabb4d4fdd9c1,true
654550829a1a9f86d2260df40883621a4399e36c,true
2d1fd92df4408bafad62984b9b49a058772d9e7f,true
b951623136d3a8fa7dc6f85be04d7034ac5725e2,false
047d9254635c63dc0420b21f7aedcbe399799977,false
aaa7396765dd909505be75e8ac39a029289c0918,false
d6f88bb604b97eb80ef7d00752c5315127c33baa,false
d77221bfb21ebb06d5c15d078ab768d957d3f222,true
ef9ee6362d261d54990e723202259f9d61022018,false
ac60fe318978a2666b8edd3aa66f0eadcf29e12f,false
09c48dfd94c2c9e59e4b954b6e818a265df91e9a,true
9a5c93d3d09d4105a3b9021e0fd3450444c083d7,true
f31a2062d2a1dd05380f6e5f3d28941b3c0b35ab,true
60f41df900cf999ec8820083bd6b35ee7369f94a,true
178a2f98bc48f280ef80dbe442b76a8fda5a7d98,false
e0d08d5aeffe09dbaa6d87b4f3051ef99db2a1ee,true
794c30ae4d14b1faedd924cad49a4ff5b4c808f5,true
ab82d1643abd38a5a7c4afa6630f5a9bc1817a76,true
bfd4db2c8d7b2d85be4f2e96e4808e5f4c8e940b,false
728cd9e4210e94a7f6409ba5b786bac42a4823f0,false
e1ddbf2a5c34657f7642cedcfeafbaaab52f4590,true
e131143ee351753ae5df0629fee951acc57e8b79,false
a21e571791091807516faa09a876834d7a4a48e6,true
1d5675829949e5bb20fe73469a85f8fc08ee164c,true
b9d9d8a48fc96f45215f862fdfb4df36517072c5,false
fbd5cd8a03158f8865ccea9822374aed531d7c78,false
f1bea0e1253044b2401a6e02180f31cdd76c8951,true
9dc3428e6d15d9193299b76f09d1ae6421e9e2ec,true
88580dfb2e24ba1da93e2b5ad91baf3998df07f0,true
273735f19b826787ea1a0912f40e69756cbb1e48,false
3853e79d92f3b886d4f8c98d1ea9819664f1c4f8,true
eda5032211e3e366cab0df813b5fdf1fd5244bcb,false
45c533cc29d0538ebe8e62cbf7bb878a28808a40,true
d9544a1622f8a2ac0464415ba0c2562d4685cb11,true
00392af0303aee0340abb489e02596f98293c558,false
f1bf76b5b4427d5c749ecd7384212eebe9e2ec8a,false
e556c334489b687c943cfb74938f401e98f3c86f,false
d967444c77243a6cf6b096a3573f8bdce635681b,true
35f2ca3489dfaefd27d702bafc1366f1e029cea8,false
fd85e6e4a2a1216de806db4f679a6697b7fef5ac,false
2558e5f0dbd1accc58ffbaf79bd97e334544e2a1,false
3b5e6585c2f3b4455a945878ca7fb363deb7a9af,false
4dc855f66db547939fc77b7cde859adf1b391b96,true
86df7170ca28311de0a7cd954b5af2f8a823964d,true
6c1b429c1fe0fe576f6871a8c4cac765c953670e,false
49102d0384c0c61c8ab6fc774f01c9040a142c91,false
cbc53ec3e226b251454a677b48b80e8474316807,true
59759bb12721cc6ad6b5d565718c08f5d4560156,true
10b72b6ac0032f2511af4d2e25e673aaae660cbb,false
b36b536d2c181a22cb839fa06ad9002fbeaf1acd,false
1d5b42236f0434454380972dac0f37efd4d380bd,false
ae98f7e7567709aff2e04f0fb01440dfabbac5ec,true
de9a521a158b9c93f48c593fc7c55739247a9c13,false
9315b37f5adcd7cecd007fe3eff138433b29da3b,true
e45a20e92b2972553c0229603362a1e015e1d61c,false
ef4b60b6f0416be52c980629897e3127a61bdae5,true
c32bbe1fc1323be7b543acb12e9a544cb5420eb2,true
9e3374b3e55283818d05c5c70681211e91110176,false
0a21f6e90c4c8ff0e23106366d1821b813e6521d,false
939aa45f31336d6f16a621bc801d479e39543e50,false
9bde46004175fdd3aa6557b9fdad82eae62f7085,true
1b60532a2bb981a892e6b3c854ff73e0e3bc86fc,false
a4d8cefc336223c0f6cc3b284860ecbb62e1fd34,false
50d47ca0369db79b085ce7fa8edebdfd77516e17,false
186f44de374669c338e1ae121dc57d0f37fa406d,false
a2c917fd44b36be4d7669555c41a2dd9e0281d33,false
435198d2fb3fea69d034957ce8595a7284d5301d,false
1a0ef36ae9f69561b240c5191040b1411e9e2777,false
a9daa49e3a6e27a89940cb7c38264e234cc3b7c9,true
f1e21aab613e9ae8b95d8f555b95968fca0ba4be,false
85dbabbe3e0349fa0a04d051eb4afded86937f1e,false
bedf02df2fc4ac17bb0f072254535bb487fa74ab,true
c0ceeb5467a89745fdf990bc1640c53a184461c4,true
6e365ded015e3012c478c58be9ae639258256455,true
f2d43082e8613f0d762297384b9225ada6439124,false
b210ba2ed333fe432e91522b79e09eb825945541,true
26a07f78f98d8d770d078333d2ec9b8cc5a67b57,true
67126b00ed45350ccfec2e76ddb907f568fe4938,true
0e3fdab00331700556b36ee8790c8ad797f1c507,false
41e6ae77667b2c43f435aa85e4d918b76b350848,false
af7414482cad1ccc8d748c2425e5bc42da675200,true
c055ad72db9fb693251d222fb5f6942b8ac98b2e,true
008bec50d06902f505634dd81e96f08605095f88,false
a4ccb2dd6240fc6461c0b573e00fda23b6195a1a,true
cce5088bfa67a748ceee9e593bb9ee288919e0b9,false
62915ffa181b27eca8acff582cd3fd730aa97193,true
4066bfa8c2b4b58db2fd288c3c981b4ca2b70785,false
4c9279965234ee954313b619ce37baf0b3abfb14,true
f1ed153b3aede1f0e917ec5103a59a340309523f,false
9c964f1d859ad377a5f69faba4a373f5f00d1bc3,false
7da223c8f4457cc9cf2867eadcffda7b5835de73,false
044de6e9ba0c3e7d58320c5ededf83950175b436,false
63c7bf4687113875743b826178fd1365ef025f66,true
2eddd05ff8bded1a147509596bd6bc6daf363e2d,true
3c8bfce67518b587acddf0128fadb7a4fe816cd1,false
756829e7a20d2e97dd44b2aace8f337744659d2f,false
62b77dbcf73036ec98b5c77f1c885e90357235b8,true
d2322571b6d05f50a85115016f7fba762ba65d7e,false
a5b9ccbec22359fac2b4718e8398c6a4a0d8f35f,true
605ddc005f055f744f9c3c14edce8aed5e71317b,false
34f849b1e5aba9c5732ef9749837ba1bb54e77d8,false
8d8cf89e3a82e26a1ccf3b3000f8741b0cad101c,false
282b63f3254acb68da64167211f59657e421830f,false
1c04e654e45213c70cc34685f24af7ebdf5042ab,false
446f87e53dbe59fd0aba30241ddc3b90da5a24c6,true
f9760ea074b553f9c1930f1ddf95eb8c333132a8,true
6a7316e6be6936d01f7d2ff57d2a9860006f739f,false
c86c65b914a37b559a0fbd855bca429b2ef4e3e8,false
024f3f39f43fa2c6f63d2da9c54e56b97dec1a37,true
15701a8c729ba954228195a1128f614113ecfc4f,false
8a19fcd2f6d0b3e5a8f7aeb3be523c655dff2017,true
dc6a7ec212459e26b04e675c8177e0a6049352ed,false
538d2e8e45a5a10ffeeaf57f03ecd6f215b7a48a,true
1e265ec85543e71d113e68885b3234b2937373fb,true
36bd064c34872a9dbd25bb88e327dd33ef9c760b,true
86378a4a20b3c5577ab9c92d63212c96e202a441,true
e4f85e8af5a6ab4c2966c1aac9edc989fb29e257,true
c1cb199965b0f2828780876cc0dc29808cead9d8,false
0075a52ad95ef91a9002eaa01721db3b839c19b5,false
e9b179109006729daab941d19f27eaa3c3813263,false
1ffef54c2d757a3fe3cc3b448c3220f09e61efb3,false
4d719cf7298cd9d42bfcb1eaf46b66662d3f978a,true
12f2da379fcad665990039d0bea07e94646948df,true
ff57078aee5444f2b7853bda051e331c1d0e644c,false
8e1340e428a6c79fd54bbbcf09e79e60392f25b6,true
08d67b7c158975ef33677d74c07e29289336fae9,true
3e819321e5d59f43fd43a7ed130d66255b181c31,false
6e086c4846e9ed7cdc41402a8546a95e3dbd89c3,false
46a642ca07b24ac21353434e9d5794153b523aeb,true
b1b782e972adc6c48646975bf464d09d7cc46757,true
5cde27421dd0d4bfe2db0eb50319e8bc908139d8,true
b635d2a2ac90614a225657020c945c214346fa92,true
2c1b609a06bbff44aafefd0412fa0f770188929f,false
6f6094f7107b37bdb26ec4d3b68d7bf34a218955,true
43afabae368987f67edb853f4e4208abd63f87f7,true
be56019afbc9b33b41867d7b8d5f5d121e980c93,true
ee68c109507f042d869bdff5029b1170337230a4,true
1af34957d64985b3bcf04555c27eb972f6702f90,false
f5b0797e719a28a38a5ce013578fa5f1e5ef9d4d,false
b01a909be007ebcf6f6344428b673469e79207c4,false
de58e7affdf9bcf7cbf232eb3b68fcdc46bbf701,true
1bc95567294534df690e510320faadffe5387080,false
921891c12dd66a3f3c0bd8ecc2b5005b1f9c51ec,true
d6dbe7585b005fe820883ff2cb6bfa7b5f5f9403,true
8f364867dffa08b8312bab26b35026d6cef4857b,true
d61f0e8aadebeaacb2e248b12a2bb527cc521514,false
971fd71f4df5b15edd6d10e341b517d50d3a4202,true
4e207e02dd929a5e0bebfd706c2b77f8b3a90bdb,true
8f125ae86a197d773e2853bee02ce3a5bd9ba7a7,false
8215974b8942495ec67b805831ab5bbd51e0ccc3,true
52a0147d50cdf768ed0b05fff7c35b7f360cc7d7,true
d4d4daa4086d14dcf7cf3f2e7daa02894ab93cd1,true
0b7a69eec88dd46ecbb17ea357ce92ab8a6434b9,true
c2cb0ec0173b643e2d16d7540d59bd55ec177b30,true
2fbc725e010293f8981bde7069b42072c6310a93,false
daafa8c590d3f480f11af6e7f1fa3a13f4bfa4f6,true
d752638511f0a02a6b0c41b6121a4b40e6bcd225,true
97114bb5c5d2f21fff1846811aa16f9dbf76d6ac,true
73c71adf0b71dd672741ac534e8716fe56467e71,false
ecc17163d1abfe326c085c7d2c0d6b741b333efc,false
b321de4e5885094dea1e34f5ce5278e07bda905d,false
fd5b1ca75e40123ef8292fc24658a2ec6ae480d2,false
008786d1021f08fee63f1ddf715a16d2980feb67,false
82769ac6bab26cec6cd711023da572a87649d174,true
3ed7dd0bb20d876db9ef8fa690521fe4bd16d2e2,false
a307e34357f0f7cfe4863d45ac47a6c838efb948,false
95bac50505cd4a75b8eca7c2bb01536e74d1f6d1,false
61e8c7e704b629e092bcf6c0e7ef8c1fed811e38,true
345d7611882766b9b0829e3dbbb7c307b2abb3fc,false
63ed22ab2c284c2b4dad94d821bed5880e2f8ff1,false
ee6e9d90b2685a1c67a837de6d6513152e04d975,true
ac81605a2e1ab404480854219c652c5f03190440,false
da69f98c9a2f83310f5e65dca9eab5a72078a99c,false
4d9c24606191bdd011f832d42a249e7917e57b31,true
a95a9f38bb0be11e288d6d17dfb7e8182c4f9456,true
dabecdcd872f6be278bc6962c6accd8d6c809874,false
966dc5cf433b3ac8aa7e4bb536e53171945d15bd,false
f6e669251f7c4198eef995ff1ca43d127be27f78,false
287a3871f5cf5b4b9df882d2e11833c480f93490,true
21492369c8dac2873a1e0a17a77e152d99e58e7b,false
a97ed21211a4247e8254582c66144f832c46f481,false
1a0d42116983290cbc59e78a76578883ba3b698a,true
bc99b204dc75dd68aeb10264e292d4d8a58d6d4a,true
423aed226a530a74070c068a9ea76fe59fabe527,true
3c156e8434744738d7dc6ca7941378119d19f1a8,false
3cf8518912fb064f582a5fa3b7ef020b2155e1b6,false
675fd4ec97425c9ba3d94504421ac9af80b65d80,true
b87d499dfe98cc246807b94bf385fab09f911e6f,true
691704213424bfdcb4fcade6430da9d7a24d2b3c,false
8e5eeb6fc320c2ab633b6f2dc93cb1507a784f1d,false
23ea7baa0f39a57bf7dda38f8cb84beb01fc8eb0,false
d6a66f1b55196ac551463b9c9c845441c46a25b3,false
b607e220747dbfbf302aa6e4a5e2f92403b038f4,true
274dc3dd288ab2c0755002d259b1ea30ccbc9109,false
027cd4c11b70e2b671ca5025c32a1fb6de83d0ab,false
ae44c4e4abb2f81fabc9df4b78ee2b87a18fcb41,false
9ea9a54bdec9b25c8f915ba0aeb53bb16551538b,false
c3024943f32f7dbd703e6415c52ec0e7a0bc0ed9,true
8e20a1ee4c2e6fc2c3faddc58cb86d8cff67d17e,false
40ba4798e27beb67d15e26958f05f31f35a5513b,true
de0492d0540f0d657c49e60d5d85b14ab987257f,false
35e0e08fac868a8957dfdf93870233f7da587327,true
7ba02a68ff9611d858c2ae3b2d5fe4c7bb2782bb,true
bc39cbaf5eb5f99f8ab1d7425ee5b59c8514eafb,true
3760a488e16134b9c3c60b9d7051f4f0b6668899,true
08e852b55e95860cbdf73e5c8d5deb2a0d9e4122,false
a8ce18a3c8cdd8e56f7756f03769994bfd8c1a90,true
8689f1043d9fdd08a2719a8f8de6aaad0d65f048,true
a00c302e7e58e8e6ada541679f1ef5e2a56fe74b,false
cc078eebec0fbcdb67875d68616348ce98ffb800,false
8efd143fc7ac68e4f95c7159a72c85258067c0e9,false
2aa48b810da17c2635e988d8f5f410b0e7047506,false
567c94b7801450cf29627926d85979f950d5a80e,false
190593d2024aa9deed24beeceaa591dd329b04b8,true
a87ad0eb9984fd9f548612ca66d5dd246eb74531,false
6a353deebf0df96ee3be8f6b6537b0b30e3bbfda,false
4a4c9bf616fff50aded947ae643dbc7d89f105b7,false
9606f94130f8a69ad9fa6512684de08666cc7fc8,false
8859c3569cf705f0615e9fbcd3926decf7e2384f,false
3be0a520d417117d348c7e2b31e136136bbb201a,false
4ec1efd26cf1dc5b6c769f17abcdbbfc3993ae7b,false
4f900f25da6d1caf7ffa2ee4b361b6c4b4dc5cb0,true
74010fec579319120dd1eb58c92cd587273f5905,true
844622e74ec15bca99882c276f2d2b92e6dc2152,true
89461dbbde8b7f307441d0e2d80365538f657eb0,false
a856331a7214595e48ae60f0ff43a41ed17e26d4,false
c062002af1dd582557a0cf516d1c0012d47d3f39,true
962dc363e9b2c41163bcc2ecca8d211e356890c1,true
caa3c5f031b198750e5a59187de4f2d1bfd4978c,true
9ce05db9e272e34424643950755c47e4ccd10b57,true
1e07f8306109f9cd55cee0b3dcc778c87540136d,true
6eb7d68b74234e2367063f63d4b2cf7addd9ad25,true
3ba63ec6402f05071c819119871bcf1b3d4365a9,false
4c28f2c024176d4fc270e4f9628386a5eed97cb3,true
50a5037b81807bce908af276988ed218aefd4d4d,true
2184f0ca40ec71a3f02550ad9d578255db3e4bcb,true
154f55c61e9e03d4d244e26bc2d52f0d90cf0b93,true
27142c3badb494fe15f5fc7ce5df720b67a0e956,true
02e2a7b2d0f5eee052fdb1c11ca657150d17a949,true
b44f19c52fcfe9661c6b83bcf8b3a1ca5e84d71a,false
4aa651dc8d3594cf45cb55058e49dcd3df8b3354,false
4ff8e2e5b2fc1f7791f0c267fe7b1efaf3c5e60f,true
39fb73f2c14f2f8f592c644587b7092a1d7563fc,true
9780c0c63b102e13de6d1cb4efef833281b22a42,true
8376121cd7a29c61abd5383653964e0337898b06,false
5c1d5aeee93edd2db564e4f171727ee5dde34392,true
6080feedfb33982b8f4f884f6ce2f5a4a2679d2e,true
e2191c39799170d992860272fa8fefdb785dbcd6,false
02da742d6b402235146dc82035eed5ea04da721f,true
3c80731941f6700c186af1c497eab4e100a6d9d4,true
7713faf24ca18eb28fe531081b3b2c0a5c9710d9,true
19a3cc3ac7db94a9c2e79ca6d4800e8b8cdcc8a1,true
e9c69d44c90ec7c698ee75647ce1717b5c8cec4a,true
733c829d74b7d7c1659f54ffb4798d721dc2ebd2,true
d11af2be0fa453e17d5f533c6d78a2d51e489b3c,true
b618512dc3d557c6c53942a757550108efb4a504,true
8ce83450e01aedec1e7a5f249040a8b1040b8ad3,true
39f28e0c2ff99bd2b7a98106ddd07aecf83db2f6,false
aea588ad983ee827da511c4b726a2999a1ac1063,true
d7d56f28f7ca9d6f13a579cc2d2bf9f495a64c89,true
5eb94f03edf5b323d69a6253c337f614ec4c617c,true
f9f375c468a87c9361386428ce5b8a9351b8a710,true
27f4cde909290944c30523bfac5f7e8877f76a84,true
047ef2562e1db9e71afea38b56577ab8b289c1d0,false
0cbc8a3ff85191eb62b4d9dd7c8f321464118270,true
bac675f964492070bbc7cf3d75e2901adbfcb362,true
9d0ff928e856cefd78ca510ab5320eab15cd3586,true
40badac31c79aaf10e6e12de35c8b0f7d8207f7e,false
d317ba4ae795f9764e587bbb08aa0cbfd7de630c,true
8d27926b6eb87ec1334dc92901b04de665d11bf2,false
94517327e838807a58aaa14bb58442ff086059e2,true
a9534385ae64502bdd80fd80d2635c2af23f73c4,false
dacf1d7c7e4e63fecc355243af296b3dec227699,false
898e492e4978ff1e95ecf146cb68a83cff07c685,true
b19c64517dc209979ee5a05a803f1863eeaa016f,false
34820c169a748232d5abc6c5b1e101ff9b827bbf,true
6a986c820cc42e5ea7eaf6bce0062c3764f28a6f,false
af589d662b316add9ac5d8ca793c03f9e45ba017,false
c5e4fe30b5d69f17751f8437028bb54f7213d598,false
7d97dbd03d6a0b5a004018be61f8c8a6d95ece34,true
8ec2b144050c141de9168d2518f8e7b277d3160f,true
a246a3dda876bbdea39ede7d0f62ad6013deda4c,true
61079cd8a21702911fd2de1320c48684299a1021,false
b8a43f69d9057012dc429b5fc7f22157e1466c15,true
6c8858e672bc458773f912776d0fe6d2bb7d2638,true
fa4b539459fd200b199481c54b4a1d3a56fe614c,true
69894814f5abcef0cf0c398bd8ae4403eda6eef2,false
5fbe3e8dafb7b4ab465d54ac89a96303155b9256,false
d9179d31a1d48ddd9f026a9b47ce388232406fb0,true
988151126d0f8160bc7b7b27b69cd4055908a523,true
5c9fdb52a01024813b6e5e0287f4ae3d04fcecae,false
eb7be4aa7a171719247908ee1dff22793fa90a25,true
77f1bc54d523ca6ada62a38d59c17ab22ccd1f30,true
a6066a33499907580f30b3f2873cf8b5a665435b,true
89f7944a131d088a1ab5eab96a7a971505b346d0,true
17d90b94c504f35214623e1382c1a85b79d0bae9,false
1e6c9c6acc3ee27b54c90ba426cb8f5888c243f5,true
b1965b506c7e21caaf5d101d719ee6fa05462005,false
af55aeae1878ec3ebea835ed572f1ab854164589,false
046bff809d18c12109ffc31206fa191504ac4f69,false
cb1d7647e67466b4e2b243c85106026bff3b80e1,true
312f30e2be05577c70db8da05464a49f54b0ec7c,true
764f1852e9ae80a69afbae2af7bc2445ccfb6cbc,true
ba053fa9500f91e52a8f84c43e212e0abe74757b,true
7f474ccbdc25a4dbf13d46050d62cdf7be548184,true
98c56fffd8fd3edab3f91dde5eef9379720b3a7c,true
aabe31f40d10ff4e56dd7d7c7376bd4b8b9097a6,true
ebac783bfb377df63f21372def6cc9f94ef576f1,true
08851fdb5cf688761e46eb398f66929e5fdc2067,false
f13a3ff059fa4224ce6bf1f75e7ab01a9acbfe0c,false
3156c4860c5c0981ee5c3820e8e22cb2b67b646f,false
94a579964f77b4f7e4d08741c3e049fc9aeaadba,false
fc068496fe4c094eb1c1a11de2b6ecd30b14b82c,true
ae64a8fc6598bc1b54f221c5e46323a0278bfdb9,true
2468d8cb5140d1212c32b120c8ed4cf750e71f1f,true
1f751637ef06d207199a89b0b1e5cfca1756c473,true
639b8af5db8969ccaa1c416c3fa44c35e6437de2,false
2c0e8f9b458f67ddd13c4cf74e86a06a9a128f2a,false
a2cac7a355c51d099c67bbb5c57174deb11136c8,true
86581acb270f5e9b7144f7cd19db276bd964aa84,true
c61973ae2251b85332f978683364f7de39a490b9,true
2b9d55faffa0220d6f73a18cf36a3b0234833db6,false
c96710346eaca2043cd7efa6dfb80019f3e06fec,false
27b2dcbfe0aaffe9d6ad9c53630aeba334cf7894,true
eeeffa1f347e5227b4215ed16b4369703c1e46a6,false
ebe58003924d28b83d38f6b43eed198e457d50c4,true
f2e59ff90e2ac5a032fe00a2a5c3c8346341c70a,true
cdc74ae0d908dff91a892d1d838b67feb7cf5434,true
6f74c7e3c0aab24024fb2c83189423850848cc05,false
698e132bbe48151f420dea3100bef3eaec42511f,true
45c3fba8c60db9344fab009218a74602774d5e4d,false
1937d9f957e2eb6a5cbf17a0fb259651d85c0d16,true
3a5f8881766c27c09245c6db794e0251b45a8dc4,false
ac582021ef6f12f3056294498c8a2124a5f3be97,false
c13d04fe5adf1caf39962bbf257df6332aafc00e,false
c1898950614924da7d287a8137462ae535d25be9,true
78fd6d1ee88a6639619aa0c7d99e1fdd9a6f44df,false
da0c531afabee43a9a32aa11336dd2e16f232847,true
3014737f1d6fa5948f2cf82ceed07438b1c54bfd,true
f9075bc85effb2b6766cbf81bdc57373a4c4ed8a,false
4bc0928a3ac1dc7a5d2a795a9f2723430f7b7048,true
19a488b43d467d32a23b4faea849374955b34459,true
87222dbaa6e25223def43c2a26e965ca4841467d,true
ef5cef5ca7d7e7138011cab7032a17871bcd2d04,true
6382c750c1ee4fab83357fa7bdcb95985ef36504,true
4ba6f7269f192d41c462df816cfe358d6022d2d0,true
c76cc726042363ec33921041771e51a472f66dd2,true
6c5c6dbb6aeed1d902cc804313b6d9d5ff8685b5,true
312eb675efeb0d053e58f16f33481a3bd35d1709,false
490b76c02ac844e41ff97ffe2dcb2d9549d29d05,false
4824fbca730da1f354da96de14a865e9d84ece59,false
cb6ed95b0a60ab51a3a0eca89a7027afd80c83b7,true
4c180cacf713b15b4868f2cc0c8d1039ca195518,true
2a58fb7dd433902e9885a8e03437906b2c935d78,false
aefd496e754a844314623a9daf4a12e4ad8b6539,false
23506f585983981f1b944f8e7b0157344a092625,false
999133b365f1033e5e20f2cb02548b6404533628,false
6a313ddcfb8b119445e32666ff1403a1781ebaed,true
28dd463478325d794c575a1b668c28c4efc75f3f,false
80261c903765d3746433e84090d1373124989fda,false
1169cf47d6a26ef85783b46f5435b48c8af8ff6d,false
77b23e0b63eea591258193699203c175a594180f,false
89aad03fdb78a4da0c0c55ea7f480d500c8a02ed,false
53e3559cd41ba9d6830fa24d670185ec25e1ec79,false
94fc867afd73c90e37046fe519c360e7f0b600fa,false
37eee4fba1f319c03fa706e3b6457e409c518e67,false
7111019b790d902a7a70f6c2783b012237e8b72a,false
2c8f5ce09276614b25f213e72cab44322e8bb354,true
5a94fbd375fcb85cfe5ed90965bcddf53e4a3d1a,true
0c1c77a02fd20a7855afd3925dd6f396057f564e,false
d3911469bc0af682f0dd59253a03523420c54a72,false
2bb70d27a59b6678f52ca81d3363d24d86c6af35,false
fe38ed915a03a496765f3ebcf14df312e406b85b,false
402c4e015511e2ad8fc26f3771f1500a1ad0e60f,false
f0f1dcecc829654fff7860a92325a15a38020236,true
062e5e21ecd4e2c36f3730a2c4d2e673dcae7ff7,false
a9b120ca8937b06e1e4b08b9b928ab44a69586ff,true
d5070a722a8c1b020deb4ff89f895caf998a0594,true
2d25ff37656d15455c2ada5232124d5d1598b150,false
1f6d9a47d3600032180778e9cb9e9195db56fa9d,true
57c9855d685b39b436c63f0242e3b66f166a5493,true
356f8a11481e0b9ac341a9ac9dba7616faab6b04,true
122e06ebab883cf060f9c2313c95e346c837ef9a,false
0be4753029f52a9127be5524278bc0074381b320,true
4b0d3f7ad754a7cfda0a74d9276f6527a01de07f,true
d65896df89816501c32f0eb74cf5a30993d252bb,true
02e4e41e6e4ef9e637d5d5b941f5f49e94b33d6f,true
a3d5a435092679ef8037fd8c0cce641c621f33ed,true
1cab4516b366959c29060da2415d7722ebf97757,true
b777c31bdfc6e008d96f730b83c8b735f7f7461e,false
d35216cc52a7ca82cf3d3e6b78d21bcafdb8bc98,false
7a5403742e2d7bf3c2020f3b35a54eeb90f1c44d,false
8a652b778af0b8004c08441a8ce8789539695199,false
5874ed581f63a16eb1e8f9d2d45515cc50c2afbf,false
e7792e8a52ca76cc3d37119e8d1a67643630a26c,true
c70abea3ec32b4da33426f1a09055339a7d01b50,false
b0bded5ef6c0fe0fe732c6abc76608c9794b6d32,true
51389ed209e077db672d0ab989ea1bb7554b03f1,false
975f108de614b8725166de4a39b6f37552a95593,true
e953512ebc44bd7ba2c10044c5e5d6e46579919a,true
9f9800809ac517d987f1c3a6421c90d54b3aca81,true
6effa3d89be8cf05d04c4a240b1d2e65e1ea7788,true
57403a67e4caf636d1f2e1c48d565715cf12cb86,true
d8b8da62784cb35abc4b08bf8aa44d39bda964f8,false
02d43c56d590d13cc0c3d0652f412a4b613f9d21,true
d5bc2e26f361a4d574b2cc3d4365d522130600c3,true
256aafbe5657e27dee2d5c0d88a272c0c907297f,false
1e7818fa2ae9925473b4cbf0831fb2e48cd1334c,false
61c27101c04d2772568cd20b8c3ae4894d275d2d,false
fd0a0d846c10fb6d4e6d4c692c04f8a0c55ed436,false
8c1c8d3dc87e9844549b8da935de0b6f26bdb93f,false
4805eb15ae729933fa6b47e8342c161ef67c1dbc,true
16211e984b1963d9d5493f00ac1601a7bd1d132a,true
b594dc3caa6be3bc0e1d448fae741ba0b24ac10e,true
8549ca4f62dee7d23f22e659f98ff70b07cde851,false
15e6c84af5b4c730af1901121108933279dbf585,false
6ed4a966586bdd7430df02a0588163aad0afce20,true
aafa6e6ba60701d8ef47d83f8814ebb4119d1329,true
e2e3c706503b04f55a8bdc8bb8caef895ae1fb70,false
f93e5ea4be92ca49142e34041493b40334540ba7,true
715d5656392dad3d48abf792f5c74154f4f551cd,false
c66e2209e582dae3e98f1cbf341f37742247c4ad,true
3f7656079a3b5729e00b8d6f050797705d037b90,true
b5f0170f9de67addffbd0d8a932a6bf0042dae82,true
d7ab7e18eb42c96bc29460c86f4a4578cfee36fe,true
7a4e2ee1d7210e9cf02f269c5de60eb41c1ed2d9,true
f9593f29f41249e52349a97c111a2b7d729e9886,false
33fa8280641bd6ea7d6c9244b0f9ffebac331411,true
02a46bec6f39cc6f41585b1a9d6747c68c84921a,true
f675cae551d42599536b7ff1532a953d53df3e9e,true
62ca5a82a240034b3fb513ca8c36435a4113db72,true
d360017933fc0b2985e37eafd455a4d8e15878d7,false
55ae182b6514fa953a998a9bcc47b4b7c16fa339,false
7eb334160c045bf5880ce4d1f7ad01ca42052110,true
b10bc94a1615f8049c21f2246adee71bb8a4ea47,false
ba9df3b369e7d6007c6acfc6327b028df3a266c6,false
2332f14876faf02c890a2035641fb2c668766cd8,false
75205b63732c946cc88f4d5d3bc635bd2836149a,true
849fd8828ccb9e811a318a64d8aef59cb72692db,true
fef1ea39cb4b41607ce79a83a8e89f5492370f5b,true
203161985f44e48599fc34d878dfdf63d152ebe5,true
9febfc30eb6bb3c7f8ce8f648062dbffac038eb0,false
262a6c4f9a95bcf60ab1f8a666a485e88e93267b,false
7de73cb33c194c32d4c8ac71d8de78e9cb1b0f65,true
ca634116618e579e002e254e140dfc9b44c98ef3,true
a1469075a42dba682439c8d32ce25d25e04549c0,false
8d46ff4dc038618579efcf755acb149dec7dc8ba,false
dd156c1d7ae961dd66d0d844f17ceb081d542acb,false
60916c886278ecd3d2e52316c304c73e26b066c6,true
1a682aa8b5ef10f47ae1c92335f4de1f4b39f1d8,false
b4ecd083f18019a470443afc70175f18c64978ac,false
44a3e564e821c1c042fb91f81379d2b4c3d066c3,true
73426d81c1245687c483f7ce4530dcb684a8f731,true
a4ab53b0171972a8f40a96531119bcb3847501f6,true
481e5a025371e9acdbf64abae77022e730a9ddef,true
2f439eb74b84c1d06189d4fc0bb068ca65168f3b,false
1da86ec13421a090690370580fc2759120358aa5,false
1d0b8657e8c1344e5e75eb9ff731db133f1adba1,false
343d3681390abcbd641638b9dc96ba1f26017126,true
fd7e6318858ce092598e344b812ff441bc9f63dc,true
1389d58ac191af2bdb04fe64e233cc3c9612e6d1,true
bc6b0a6026d321487b39283c2921f2dba6825d88,true
b85ae7bc5e7317cd377cda08c3b3551885a140ae,true
3c4f71c1fb69e7fa04e0e3f73dce20d1e2e7680d,true
06e18361e1b4ecdff76a12ab292a72c90facd4a4,false
8ca42286688e0eebb2a4efb68e4273e8df9299d6,false
6a7a13106ce76988f50974533d8cb5875fbf5973,false
28eae66ba4f864f7410465baac40ef1ce95a4aa3,false
94d9d94591c13a8c065eb34167b70545e0d83be9,false
546208ea57ffb66220db8e79aae030caabd0b85a,true
664a74b9ac8562aeee460733c3a50559b8b1de16,true
7f73cb95c560efede5c13f5d7ac928c4aab5f936,false
27b35ed5d7038aafe8b766d9b87efdcbea9c09e8,true
362e0e5bbdefbbcdf485a6b977d9e6e124746c58,true
41625ba47ff8506480876427d50fe46cec54397f,true
5a90af167b4aeb5b01f9e1f9701d2de260b42527,true
957956c7d8341da2ac35c461b64b4be892f6352b,false
cea91b569683ef2a57fd34b815b7ddc2ef5f0b6e,false
6245e3498234744ca5d162fc32f23f28b1f34219,true
01a1e8cdf381f2cb19e3d19100d5c5550d7d2ec9,true
dd53c9a33ca09f6e6383173891f190cfef2ed5f7,false
32d3da99c8cb39eefeadd66925966e87cc4cfa3b,true
6854ebf5f40136d53dc9cb62aafdd3831e0bb71b,true
4f23a98fbc0c8def428c2e8f37544c3c3864e7a4,true
6875029205bd787dd42ea85ff5e8f5d72b13d285,false
f7cbc6e10f4806839ff44ae95a8d7e98216c43e4,true
429cf9a00432a1497bd251a10254bf59b86a06f8,false
4589300179358c774d7dac03df423e42288c1e61,true
e79e3c06bd1b2ab805d099444a02ddca2cc92de0,false
90da1046c654a7e8adb83d26c9eb8e14fc7c3766,false
46399bf18aa15e399c38930e06c07d209a766030,false
f05f9b6b03c2dd556418c0b96056fa5204165fc6,true
01f6e201ee5bf5743801687a161ff6ecf18d661e,true
6e0b1ea2e7f428390fc8322c8820bd168d75a2e6,false
5dab57cf7e7e5e58f90b72db28d5733dced76837,false
259619e4c3930889d9fb9cdc7d9a68a61bbec4a9,false
d84804ef9b202576cbd782951eb3661724db614f,true
7fe6a953d0201e901491f816165df254751ebec7,false
7428310c6a755cd079970eea981cc29b001bde93,true
fb90947d9a01d3c59847ec9fe878cd4716a6e0bb,false
014babb87589718a59a955401d44d091f0364be0,true
656ef18cfdf4e7a6a6ba4666caed839f359f554c,true
9483de23a268c917805f951dec2726d40af9ae71,false
b51c36c1857813e5b28c0f9b0bf9031cb45a151c,true
720ba430acee0a1a7e31c43e0be360db6333eb0e,false
4e3aa09c05ebda8375c36b7c0aed0312fc787520,true
2cb8cc250a06e04d4e237eb33b60a2a07ec8d9e6,false
924619f48567bc2fae2e73a85e693a6432b01546,true
6910ee9a8a90ea2ae43b98cc68d0ffe1a04fd0d2,true
cbbe34a4075b15796a29c14da68a666903ee58e9,true
e63ef0f0752b6d05102348bee89092426df198c1,false
f0053271cbe404d703d8477b53699f5669785e34,false
18dfb6ab29b8052d7b01e1636041e8419e197bec,false
fd9c9a013fad14ba43d2a0aa52679dedd62537c5,true
a3f6137e8e28096070d73b0d5564437634ea1aee,true
b9b4d425c596a471fc2064474fedbc8234392734,true
cc0a5c52bbf3f97f90eadffd6def9b10e228dc3a,true
3452780a16b865f57dd5a308bcc5b305fa8936c3,true
08ad74bc681d61dd270628d01440569472fbf853,false
f226cf12044ded23609868103a8be2c12d716084,true
65fd842c60da624b9eae48096e8a210f6674feff,false
314452c1677e6b92aa7da7eda387e3bdeaf18fe1,true
dad41b9d7be90a183953483680e8b64089620f52,false
597ab5c337fb2aaa5c1e3579b2f44115de6acd7a,true
2c8d70b7fec471cc635d2d1ffa258a957d0f3c1a,false
4ee6dac8e819914bc23a9c5d20edc09c80c75d1a,false
c815ee1b2ca8216d2b94d303b1331e809f468f16,true
0ae5acdea7561d881003055135591f9d9baefd6f,false
9150e7837b1249479d0223fde8f797cac0163b1e,true
1fc3d832fcfe6be196412b1f1a1e069a66e4d128,false
8d5331a6323ecee0fedc1112e61c3c585d4e2088,false
ee47e0b539ed62b75bc72506b8947c35a917d09a,false
622cf2c440e49a1e243a849d6346e143e4c36b41,false
6aac641c91558c78f6f2d6c0d025ac5435c6a8c9,false
74ce77d83dcbddcdb4242160f980406c606826cf,false
7de5d9c5d630c42d7cb93cd2ec608da216665716,false
6dd60757cc0dc65205d034cbfd5db7a85801e80e,false
3aeafe03746ff777131a9f9c5347a6e19867e9c2,true
d7d87adcfffa754b5c5c4e99267d88fde691d099,false
bfcad689cd8d2226790efd71e67762b4858a5799,false
283c84f6da04643c2029f5230a677a9a85f8365f,false
f7facc4b189398db39d9faed747fa85aaada0c1d,true
a0cfbf3b2edbce6c38676eab9a42a9a74ad289c2,true
2b75ae093566ffc38de588d3e378bfc67979bba2,false
ced8dd426d5eebbc6f82ea416529abec3b5dbb26,false
04e6e38289a106a47adbea32d97b854a06673f40,true
2d142da1432893b34c9fba51a18388546abc1d09,false
0e7563c1d4591b24ffd6bcbed11fc0e61141d271,false
33e7bec636db678f0fb0cf188b74a2196b0c728a,false
3528f660d4f9fcd2b40dff72333cdf377eea5584,true
8997e0febacf7e85db9ab9574dd77a8777573b32,true
7931e3a6607430e1ebac73847516a21a545aac74,true
b957bd7ccbeda35d40d5ac1c4b48ef4c9fb4e20c,true
578a8718ed7089a3fa13d0eae1883fa570fb3a00,true
85e8271c5cca0d4de338fb9a601dda8ae4f25d7c,false
561030c2ea5114525e5dcd1a563f531c8d7c59b8,false
636dbf3f051a0972a4944361a21619724233cb89,false
8911df3088f3ed28e17889abf91dd44be97829b0,false
c760c081ed5ae91222f3ffcd16247a7333d45d0c,false
acea608b5a03e8f8f89f27ba711e9dbdae59fe3e,true
573aeebffb6436947138771070b6202631285e2b,false
0858efeda497fa50e54527effeb0ba8997347c47,true
59b89b1a3927343ab7eb8d35fe3b1886e2d07bc9,true
187c709cfd8b3cd3ac3d539dc072121271785bc8,false
fbe1d447fed77782647a11dcc28ba33e7a7e9a13,false
336c76142d4c6fe28906228dfc2496cfb52dcce4,false
8f20d697789e472c742e0700aa5d2bd486a0c6d3,false
09bc8379b3081b369cd645ed09c31128601542b4,false
2b0e586da6aa761211df4ebdf1f271accd1e2009,false
06f87aeb58c4d9f6869e73153d4bb8f75c1e373b,true
3915f50d3f34be51a29d096a4e5491b4bf865f4b,false
2509129dc38cab440fe0eae0813c08d00ca573f4,false
34cf9241e6ccf13302f8a654403244dd7f1ab50c,false
9a5a5a76fd2400f90b84f38d6517833817003a5f,true
352285b5dbb64245dfb3679cf9c9c73e39318af0,false
6f4eb4c47b2c28b8bf4a7acdee73676310a4a81e,true
d50bf612b77996b85c405d330923a615a0ae9a8a,true
14c499c73211539928e25b149a8d51c19ad77793,false
9a7ae79d2a71b19d50e25a841f8bf8216cbe1e25,false
a0c1321a77c672b0e212fda4ee01e455fe6af853,true
b68a90fa2051462fd8b14d5029f6776b19b483ed,true
c3b373952ba3b9ef6beaf9e27e1a2c44abfd208e,true
2e610fc6c60324bea1952d2f2b63bf1be8966e65,true
0ff9893cd43bace07b119af983f3c4ac74b98194,true
fca598e7f264d6dc9784fef2550edf4403d43d9f,false
b5a821698079079e93b3c533d16f050020eb40de,true
74a61bc89b31eee59a4d11c125e3e12e95620574,true
8499490d078459a43e75871987319ababb07f072,false
ad04321e0d08e94db63d5d67e3f4ad9a3b5388db,false
83351c285457ea84a7f0c5236b5f21cb063d7790,true
6a1981a1ef283ff1637ea67ea769ea1bca76038c,false
255cb602d888ec66f3f9e45842d08ade08f33301,true
bc90f8b2de73177274fc05a105d582f9cef79f81,true
5f919f779476e912e99f7f10bd15fcb4378a000a,true
7e824976f05b075df258e4cff8a646e4ca7e3b03,true
1ed98e402da799f096f1ddde3c64a75ee2dc56c1,false
4c2ef2ed2ef63cc69cbd7de64243bd8b7e9a3e34,true
1f7bd59b7ddac78706be0a6166859817a2dd395b,false
812ecec671bddc8a631b5bc8028c00e23e9362ce,true
b2c60c044ec9a85aaa715fcb0f81f85bdc74f33b,true
0dc68cdfc27a0112b071bade9737965855ff7834,false
e797aad06a48dff5fa807e191ccafc4567fe03e0,false
75e5c0e9a8468d0de4f1fc3fe5209069009b52d7,false
d3ab173b8a8e18638294c33a278f437dafbce9c9,true
699b030b4ccffc47737bdb1d1d3f894cfce61383,true
0d7bc3e54564f44bd042557ff7076ba09bb9aa02,false
cc11042fec01138504ae05663b6b9c42dcf5f81a,true
74446c7d0438eaf8e349d47699da44b32ea49e4b,true
b2f5f9dded234251725658ee2544ccdcf1aa3fa7,true
0fa1026c890b327d0a71fd67a545d8dfe168860c,true
e4bc174b67e73a644366dc410ee2e7898a10fa54,true
5e6e06acad42a4304a9c2016a96003dac1b159c8,true
19128fe034053c699efdd497ef8237352891d6df,true
0f520e8df1b11e9c5da26b1a81a310e38448b386,true
1f1eff7f37856904104ae0c3e8a80cbbf7ecf4f1,false
04b4698187b9d697d3cc4588c891c62dd108a690,true
0638ceca29b5fa428f5dd6e677cbfaf343bf4ab2,false
f78f796cf38354e38e76e4aea36d84abae9198b9,false
ed9b1320fc45e9f914aaac02a58898824ce0e146,true
9071c6b39fb96467f7c8d7543a9b993bb4e3e838,false
7379a1ca2cb1183e38a37f1d411fb871965d7eb2,true
cb09da7c7e9ddf9fa1c111cefab04aa17afcec76,true
584b79f3963932940ef879a626f78092e60b3e2d,true
7090b0be3103d077986b6c3f8f5cdc38a1f7e431,true
a1ba0b6c5e702178094ab7df0b69d6f4384b8b92,true
36d32603f7bb4297e1d14fd2539f6cabb3c26b2b,true
6c455603e5e8fde0eb58c42cb28ac8c2a9af4c70,true
59c6d137060d64038f305f936a0d6da19484a8f7,false
dcaf2f1d8a6f32773fd8d083325ceded76a7ed8c,false
7a08d0db7aa36b4e221ecd4885e4fc7953d464a3,true
b32a7653eca553ebf82e11420c79729a64407c35,true
b1145d4f05d4aa1f415c483515cb4688577302e5,true
66d02cb27ea8ec9048294e0b273f5001c9f8616d,true
5330a4a8d2a864ac05b35dfb8297ecd48c02349b,true
d82381726a4ed96c22331d5cd10e21f41b6c1551,true
21adfd63257ebbd991aa2df5cb3b29eae2942cb1,false
4f6e6d73401b6d91eff5bb07c2c5f511ec4a0ebd,true
e8b5299a51f166216020cc4ea819bc4aa47d4881,false
9c806f6e37e0dcbc56602861d6f1670215166a12,true
f09102266fe5d9d889d5ce698a0405ddbcd13aec,false
7326a14ca158a507936d3ac0449826c778e41d80,false
6d38daad6d8f0ff3014ebc35a36283c9ed15e61c,true
8f93985fd05a1c67b8f8091dfc40a9306231e317,true
c8b21f8dc61053277113f322b5eec353eeee2c00,true
4135c6f3ad1b78af8f8932aa83b24aeb8bba08b7,true
3e9e03e2d48565e7bbe4b9a8776ccc48f7df9671,false
010b1d81da50c41fb0446846ca09dcc95f43ff9b,false
e1d17b1b2da8dbab395559f5487cc713acfa3d0b,true
9bd1f4db38340d418cee5fb842b27e4c2a1bf34c,false
62c3ab9dd5ea990ccc53190756a4ce701a0475e3,true
bd47afb3a5b8fb14aa1449a44a08a5282e7b2e0d,true
a89e66a10217c65046e8e19cec6713f43427f0bc,true
5716345f52f2fece29258de9d65b0d4db5f98713,false
3d76ddfdf0cb948b4bf124adf69b571d95a74145,true
8ce1109fbac48a39e7d53914e82d2f8c8dd17335,true
dfd69bf2e672b52860cb4ad969479c123435e02e,false
81f423a2b0c38c0f8279f0806bd17312c4a1188b,false
5e7f14929a1ab4eef9f9c3984722603f25fa5691,false
05d16b257ebe3de1364fef6460947cccc512da3a,false
327bb72a1b480233ea5b6eaf6085f976dcddad27,false
e858db978ae8a6238b7495fc470318978f2a1c51,false
2c0127842321312b6e7e932ffa2cc280e88f7cd1,false
86a055b2e1872ba2188e3efca113e0da497fcc9d,false
02ccc612b52ab2872bceafd1f34ad03c1423c1f8,false
eb54dfb7672451f66f32166a0cf5643aef2d6586,false
a908375cbcfc3e4870da6b0f033c114f0c3fc8b1,false
24bf22274a62fa2b11318d82bad1d215a4725986,false
c248e73d19e5f75d73903992aee4caedda0f1438,false
d4d5d549560c5f9b38512843b96c82af2721ad73,false
23aa191052aa8547480db22bd674c867b1807a54,false
33d04f81db75f1b3b0bc433e9193bfc52c32c0f5,false
68ec9d3790c539c7facf52c5354c5a9ad1804f5c,false
9066fd5fc490f6188a2d5fca592a0b3ef653dd5d,false
b8cfc37144702786558812bd0fb2697ba11cf6f6,false
d18ba354e3fa6304f8b7aa7546f5584b0fad38e5,false
0d00e2475c8d38c1b0e93dee4fc426d9030f5170,false
5d4b06e993b74e364f5cbb5011841f0f27ca5648,false
97780e730d9bece7672141a88285e41b3484c44c,true
dcedfc6a22eae51fc7dedeb50ada0706e4508f55,false
09e10003752c110d122689b123f45af932493983,true
2b9b43f5930c767af53cc9f6214f75fa4ce91381,true
47234b69b53dfbae8b8d81463d40d54a200c6405,false
fc508e5e5bfe9af2d702cbd8dddba0221bfd3cb7,false
1ad05397cabca46dea27535eef4424c5e7e3b589,false
92942411f331599a795692c8da59484617ee38a6,false
c234ea4d1d06e2ba8d4a982514daae46cac8015d,false
e5a6e87f207bffe305234e6ec94561b99539dd18,false
b6ff1309b02d4a49e0585b364f5ed0dccf264280,false
245801454d4e7e19d89de407d0b8e6f9f6ee5be7,false
c68ccd32ef14ebf6e86d569e4bea282fdbed003b,true
1a46fbdea596e2132d261d02b1943ee0d9b14567,true
9ae2eedb489962027c802412969cebf95358faf8,true
c52097652f9a8e2a408b33f88c8e17a771da5ac7,true
485397720d4709676dd8370a28626cb387de07fd,false
fe5853341ff442faa855d7c9e27290f916f9f5f6,false
f7453e33363cd2dd39194154411c4eae7ef5fad2,false
6f4ecf6af194a882c2c3a6e237b05df132a269ce,false
a28b0f646ee6579488084658a6883b6a2e9f4b25,false
70cbb2a2977a83171e2948972b5e750f84433335,false
97781f8b89c72b666955ae8bd2241056789b757a,false
e88b507c037a03d03232dcc728491d7c010a0294,false
5eea216168f264d70eb560c6616ebbf3c6abd193,false
6a33d6abf5183832f2ff8b4307ab1259410d8b76,true
80de369d23f9667a7bc09ad3c3eb482e5a0aa898,false
a36627334af9ef45a2aff133a99f37e9b8315621,false
32db1be5a0a643666233b4b526d8d6f128c12ad5,false
880669011da99b4acc4706e0cca0131e26c1f376,false
90c1ec7d5a479ee99ff2831fd3a446b75a3f5499,false
c30996c984ee3fd034347207493402378f8aea47,false
497154c8d7dbf402dd57f16b2115bb879a7a852c,false
5d189720b00588cdbbad6c563ca808a2e4d0c712,true
61c6c27ce39f040fa2d4c21340d76cc018900a78,false
2086ede1763db3f33bc82911a5c654769d118ab2,false
eb1a957ac8611a78fdf6641bcdb46667c9fda385,false
d437d82abe6c39c21513196fe396c39f021f210f,false
298a366d37df0941566c384720350f34d1371e91,false
214985f7d58476d614c658ad4193f0d366a5edc9,false
46c49a10c2016369134fab3b3ffc7a466b171408,true
29b554fbb50f5344fbdbb5d5933b78de2481165f,false
760e5f35181e66521ca6a1512317726466c424f8,false
c44239b6b77665e2ca0344cb56ddda7c9e8cee76,true
bd8d6c8e94893dcd917938e88f343d4c6231dea5,false
b5d2b37b87f3ab5f972469f1ab30e23271724507,false
5e8ded0ba544d3003b6ea427af854f4ab714ec4a,false
697b33a90c8ca3a89824ef9b9c952df6bb647ddd,false
9766616b46a2288598e4f049971a02ae75453fb1,false
148fbc54e659e72e53648d2304879061de652fd6,false
bc43b3598486c78e52e023f1caef38b065928de6,true
1ce9e5a07dad985939342edb95b2a39982fd639f,true
15283df08ac2855ac93e6a2f4a53e70e19c7d3b7,true
471d9b742fb5d4c14df270e4cef6527e9d3bcfdf,true
1a0b58354482724f25defc61df8de7f46124feb2,false
47e6cef94a53d61370607ebe2026b6527d819819,false
19a1a2b7ff60e5e12aabb09b8abdfba9217edde8,false
d5f448e83ae3c0e6d1cb615697fdda372a967555,true
5f8dd61b485c113c3016a85c761c6c9ab1acd6d1,false
83b19165f48952880f9883dd412b5894a9fef2db,false
b4be32d59721fbb396484a3998b0ea75b7dbae44,false
bc07a9c3739e1830028ee3abce137ed2cb8a728a,false
04d4dbf298adbb30a6f7269cb747195ea2aa9495,false
50c91122616ae5ecf511cde3857ba61da7f6e54e,true
f28dd6973d8a4178ec198b917c7be6d240736f47,true
78e76d53414fb2a0048dfdeb25229b4f8d0f8fca,true
65dfc055c59bb3255a6044f63bef4cce54be4137,true
843ead0edcbf0767e47fe5b347a24a48bc0c6798,false
2942033dc411ea72d1a4990154950445936d5c53,false
bb7d2ccf60f95a745230720b8bc55a89248fb5d5,false
a1d20d295ed803834a930e375eb97413f3bce7f3,false
a5f577c3680f32aea620d7a1acc6ef757a811871,true
e1ee013d2f187419c58f06d494c8cf887f2d10b6,false
f98df81bd1938c6f00352fc012e1907fcfd26878,true
b2a85e3346b464cb49c241721227f1c99bb94d1b,true
9200b2e5f3c9485f7848aceb2cba2ebd11a2a4c9,false
f0a5fb1253575250ea4b43a2cc549fd2d8f5d43c,false
fd6da0c9ab73dfca72e89eb6eae1c91e350e3fa5,false
f2e74a1aa55fce3a707dc4227b3aa5274d5ee5cd,false
2128ec9034acec6769dfb60964b6980bb2ccfdb5,false
2777e88c99ac3d8157fc8883db4dd1e8f0c5cf7a,false
f725831295cc0a09b3e83b941e7aec06df424629,true
243e2bcdcda50d9b572112605d55d4cf0ae7469f,false
16e577f8a72b258c0c7fc8ed2dbc8a5bed7e2d39,false
95038cf019b7dfe0c8399d2ec142b8f371b9e4bb,true
cc25df2e3aeaf932bfd76a28bc1f55f8b4a0be96,false
def9afc93cf3697330dce87c6282fad4027abef0,true
5f19dbe7bd20ff59cce9ecc5cb81353f2556af05,false
50cc4d2c6bac653138a5b2cb3396994cb1a0072d,true
bf7210de9c58c868f9f6c45d11d0ca864c042f12,false
6143ac0adc15443a4d3c51f2718ebb2d987879d5,true
d524afff1f7224faef2c50cb692a273c6beab978,true
7d1b67ec3fa4c0f7f3dc8f434e15199c503a6086,false
aa5cc1c97cf3e7a3a8ee84d322d5f34707b8fa5b,false
c42825a5678f6401fd6e7bce2b74741f759fec79,false
ca6a2758c89e72e49141b052cf2518de3ec0ed75,false
94cb6db96a49aadedd37d19e6602756d489c91bb,false
ecb9b27788f174bb31f96778c4bbf213b477406d,false
57b6f45c0cdfe204e0a80848cf3cda535c347f91,false
0d2db8d4e69e9b70fc38913d26fdb604ec4af8f9,false
4ac1a044e27d25cb2a1980ef83645a0d1bf41953,false
d75a1fb502ecee808f1a3acf89a0999a70128466,false
3c5d28f7e773be55747e2c410b589c63e44cd480,false
3a180cabbeee2e01b1f5ad66096879eb23cc5f5b,false
a7aeb5b7a23198d0934346b17bdffe4477bde458,false
4704ec3f3ddbef0401f74b9686699d18778f29ea,false
482f544969ad02c5cc602248a7aa80b4ff2d3888,false
64a9f89cc5e7341d9d7e9d38c1ab3ee2e86fea34,true
78c72cbacf799f0fe756198e1acd9b28ebba7dda,true
3de7de8b21b4e7916a9829890b8d5a2372e76b0a,true
92287ca3c79c9db2b5d5fd906adb16a07370f3f2,false
69769a9e68ac68616ee789cdb1fefc50f83a5040,true
84e4131fdd93420e88cabdceac4a7b493ffc88bc,true
59869d25166f3c21efd17af724c359a99499582d,true
84ac415d836f01c60d420f9d3fb8594b237307f8,true
bad5655e180423998413c6b167d0a4489da231b6,false
cc777eac887fc829c1f0020d02df7db19c4bcd43,true
2fd50d695efdfb21c425e0c0c60911fbd8e27f16,true
031a3f0aca735b24e0d46c9c5d41cdbab3104023,false
27df2e8b39b29daa50e06a7043a4cd2464de9c28,false
7225f639c38c606207c3b1b71bc5464dc35357f7,true
7ba83663f17b28bb111bdf7a818d068ac3c7eb81,true
a9670de0e36bf81d608ffcdb65223917153a9268,true
6bccdb44106d2f460a916fb95577482ffe498723,false
232bdde8d53685720ed48a94c6b2b0f4c7626a36,true
8edb34b667beb1e612c5e105de1686ec9ed291af,true
a9269cbd2079925287d44ed1ec2aee5c4362404e,false
7d2f06cc637cabf79a745f6e74511291972a2e4f,false
f73dfcb96cae85237df532e9a8a12dabae39b5c9,true
9c805b8bc4a3ed176ac402de92585526c7b0e347,true
bbbb041b052cdf4d39af1a131c8396775d18d017,false
0d74d1085dec57422b5cfa3ea526c4938ed7daf1,true
94728f3ddfd9fb44013df55cf8e3e997962f5dc2,false
fac9ec40a95a343b55d0f9e89a7815d1bc5044cf,true
0bd8bed7d0340fc73a315c060888a9af82196116,false
365ce094ea926ae1c09efc3270a097d90277c966,true
c2847827a11ad3ad37a83da365710d2081f1643a,true
8222f6bbae3c39c3666eb904317beb075368ad4b,true
68fed9f100c6105f2965910fd90e134f8eff2c8c,true
7e3edf16f04f194b1dc50731b546427e56fbac57,false
4500160d6a2ea0944b4d46336daffd074bd5d316,true
2020718d7b0943405eb0dcb80a65abb410cb26a7,true
1dc2c5ad0c836c62035b326fa112aa6feb12b16d,true
b88f33b57751579390d3c493ac93dab733564860,true
05e96cbf9905c40b3bff0da8ec4c52bcacb95a48,false
113b558e28fdb26bda67cfb3747e64e4614aa733,true
f5912780c493e4fda2478afc3aab82942cb49355,false
650329813c138ad7d6c06926e1cf8ddebbafc8ff,true
7b2df8c6d3c87cac71d80b940c58c0dc09b8b0ab,false
5cd1eee295dcba522e406b7ca9a17256694c5448,false
899616ba4968e9b667027558c94489780ed4e0b7,false
d55062910fd578f51c6b1998d32ae54582054b4f,true
a560dd56a430e82f032e1cf596acd6cf0f797d61,false
d895b850d46c1fe10721037a6558eda6c00c112a,false
fb8a547ab8b73acc5a052719b0fe8b4a97a27249,true
2991fb8cecf9e6959ddd535e740986e1ee6ae103,true
877bc5b95c957a45afdc6c855b86d5df9af3f46d,true
b21553929b987a74f2112bb135f141a796b99e01,true
e70b964ba1fe9fe50141d6c4ee37c19b77bfd671,true
023e602889722b9f55fda265219211bc08914901,false
5bb34ed5c8d1119447d6ee463ccd6d2186b4e56d,false
48e5e75c9d418e023e49012d11a75c61ddeca291,false
0850bec6f75a9e14873aeb49f47a885fce50d6c9,false
6237f57197d96159e9197fd9b5339b2380d8f086,true
5066272ba69d209df822a792b2ed75684a455e97,true
73e70ac224ba87ed70b6d4642e0a4f0cfcc741a5,false
0ff523a38b86925dc647fe74bb000d0cecec3839,false
211f871a4cc8a9eaada78e599944fe27c4b112ef,true
cb67d1caebb11c45a153b65b27dc9d797bbf120a,false
11612c20a9c2d0dc5afdeb0a374b48d278e99ce7,false
a4624ca67f0a36351d8f9117a5fa47e122462ea7,true
26bcc20c88ca22514eb6179f4d52c3da8b2b70c4,true
5ff7abcb95015dc754ee64d723782e90ecab2b34,true
736368af0caa568c0017b07b97b1f140b6ebeafe,true
6901dc06a453c4c57f7fffb7b3e3b74e103d59ef,true
20d3190dd42125bcf1132a3dae25c45b9a3708f6,false
fa7941de7d22250a3a7b8d4ad65de2ef5a6bfe9b,false
a3c6a30453e5608fd925be87695f13196fa2203d,false
b34bf3ac88a7d17c3a16aa1f89ece19021fa39cc,false
1179be1b2cd4287d2bde9ffa82bfa689ca1c04b9,true
6ba14fe57a48f2a214b08b471d046c3d8eb2f025,true
f96e1259270fa710d016cdacd9588dd0af11a425,true
c6bc1c3ff1b9a4a39b72775f4254e84c0ece0548,false
e02cbe47e402465dd3f4febd7fed76fe7271f146,false
eb3b22860fb65ecd73acf67c37c674947e3e9cf8,false
6364494770a1e266edefa51a0d7e5702857a963f,true
62c4cf95ba565ea627bbf830101e77901ebb9755,true
47f91c56dcdee4f8ee1e3097e70fcc9c0c1dc2de,true
5ae13f8559d75e1349de8b818b44e4ab5f6364cb,true
0f63d9f2509ae6f66ccde74a13c7157112c2233d,false
f1ccb74cb4af5ae6ffe0cf5c39c62c19ada0d17b,false
351dddefe3ee49e268ffb1026e144d2b93124ea5,false
f2e744208ce4d08eea1b1bf1649cfc5cbdd11ce0,false
f680483814ba4b32cbc27a94cf740c3cc37710c0,false
10ea8f0cfcb9ae96d1ca29787d1863609f29afb0,true
51db72965d6e57d71e14fcf883f41c3dfc97e391,false
8a1321c248e4c57276aebb7dbf6b014c9cb571b3,false
746488887e3f5f33eb66cf0878b2032712cff063,false
4e7fe1c6fbc871a9b744a46d7b7f5ab71e8ef2da,true
307e9e36260d325fd6d3d01811d694d1c1acfe53,false
9f31ba41c3aed1e462f74b8f7ac81644bbe81f9a,false
0af1586d9a3240ac4b54d68455cde57e03695f27,false
611184020d2dba5bae0303a88b3fc1bc8f4c0204,false
92c7b70d9f53020f3f72f3b44825cfce80bbd9e8,false
76e41f80a8ecc14e610a3c04a680a8c6d0127d60,true
757a012cbd8c0ad1d58b2c209e4dc316286023be,false
8868360d344bd0dbb2101a824ec78a3c80601cad,true
5fb3173a1eb82970d2174e875be0765edf07a2d6,false
bfe7efce1aabfbdf8fb56efcf5173c8cf7d26941,false
9c8ad809cea4db22dce6cf5299214bc17ced77aa,false
f7e3fc6ac7476063590a5291447ea36e7899c0ae,false
90f11c1e470322b97d8fc5b3e1fb0039271e97e4,false
116edd5e9a8b6332a61bfe3220e274db2dc9fcec,false
be1194099f3a908606595f6def80b26c9c962d43,true
27ed61f305452c6c1c087eb99e6e8672c97cd8c9,false
2ddbe658b4e323cce7e88de4d99bd31e6d20fe9f,false
608e584aaa207bce89b2e02f6d275938282bc9db,false
7dae8f75089b19cf5529c0a9aed3d786d5754466,false
629ae2dcec6e32af0c18e7c61cdb5244862de0fd,false
93a454ad5e38c991b3c588f6183a3688f4f02861,false
c6713b4be5a912de494efd86d53192285bdee586,true
4b5c70aca3171731594b6b12eff8b462f7fcfe9c,false
c8726d76b065f408ad30f094324ed7791abec619,true
f49f546e674b1c6231e9d6ee1354df0a61284c2a,false
a79affa81ffe86ef8e2df7152a98b6e00a8ff64b,true
ecdbd8c0d545ee92c0e21474b0ff7b69beed9521,false
9073bdbdc5f11e1498d74655234fc872071f8554,false
0e1bb97accd58b2248b17a217bc1a48a426e9911,false
54f990565030d063f00fe877f6833ae0a6002ce6,true
d2d3bd6b4e143981c41fd4dff0a755528da46273,false
4e5125e6c0180da9ccc19203e6752f5a83172916,false
e2bcbdab3616d2cdfe742830ff59627619c75f2f,false
a64f9617c8f5162d8e4c0d81c974b982079b2a22,true
14f187679366b66fa0ba8783eb7459b3c1c65235,true
31fdf3b163abf809478a100dfb9f8a56e3882c11,true
c84cfd243de18d053bfbada7896de673ef1f4f00,false
8001af16116c96edb2df5ecc4f034926b305b2b0,true
f1024ee8b8c9e70fd29cfa5d83ac9569168e2404,false
a8c3100faa8b5f31e0ab0913319e1df4d8b96bca,true
4375c6a97e50b7852b25d89bc9058c8d75ed7676,true
c471ad52cfce8a96beb85b518e1157e6af42becc,false
884189772c6e8fcadb32db4b3426e8b2f6c9839d,true
4ac7be7a40240af9d7d6a5e7fb0d086fc72d23b1,false
adf1eb77cb913f68fadd7e58aa61bd97d17cc34d,true
7143c9e9fae01c2c5fe1b60d2f97942f6420a86a,true
2e9a7f419926b546630e0247b628f89fdc99ab70,true
765f10d0424157447a7312de92ab86cc4f7200b0,true
860da95a32713eea30d398b42df1470844443f7b,false
8f4277ded6a82bb396dedfef2f6faaf5817075aa,true
70181d25288dbc4fdd3fdf27e9b2fe6415f67a8d,false
68e476f26937a2714656272080b00943c93b266a,true
8d2d2977ba69a4b84022b1199e1d9e83e7f80029,false
a1a45001f0fb860fe1f2a914c30c83e7ef8b1261,false
55a3f945a9c7e0d833077809decd80f847d18b34,true
a9049f67902ad98d4fafbb721a73c29c806af6c8,true
7c405d7881009743d9f6e1379a1469541c5cdf3f,false
cf505128386a9124f49835644de69e3af937c615,false
d57c5b75d829e0a47668eca9cb81382dda778821,true
2a5443f8854ca5b1f8fa447bf0e4be0024f39bed,true
36d3e63b09099ed55cad4319c404a1d771fa5ceb,true
e99b4a79cb046d267c961d44addc6014eed49c6b,true
642fc7e37ee5ede540623ca39dea92fb92490abe,false
e2dd0fb03cba059b355fb1c9f33e4fa2c33b6603,false
2b7abad021d8b804bc0c58ff90fe47cf1002ebb5,false
170a2d7370390bea8ded6a62a523c781736bd2e8,false
dcb51e10e97b1f51a48ef68a47a278470a88ecd0,true
7dc1a315a20a9e9fa937bee3578c1541e44623a7,false
224fbcca02a30b875e01f845a87b471cc57e9725,true
e4b7839b7bc60ac47c51beb6720e0fd1c7c430b1,true
4c8c9284324eafa851d06576f7431f0bd09ca905,true
5277911dc5edc460daa0a79af9c2e2478f6e76ab,false
4b45dc27331258136a60428daf308326b0a87ff4,true
33db7913acf6b7858a92a0545ba9279935fe1926,true
5a4f6842c5752721de973b9692361ea5d482eb22,true
32bd3c5a028e0f74023da2cc285007be5c0b1984,true
5348b0ca5efd68f11b59f6bd793df46b91cc02b2,true
7c0cbde205a9254d766427a6b4b341838b00eaa6,false
6ff109bc463ca0fa38d6d2d1e9eded794379c064,false
4c48cc73db72f647acac693132e8d5f80fab0d74,false
b9a753a4ea6cfe860944f26ab818f8d76fafd990,false
b1617df28b5ce034b7724924c49a062061e9aee0,false
9b197326dbba76adf99d6992406229e2caf78180,true
8a44e29134cfa78ec09759994cd4b3e24ae2ad84,true
a8ed43f1d037ff5a577f4c36d9876e874964b898,true
a7bbd61993d0b845b9622c9c3aa0d76d52295ab5,true
734dcb08ef2c04e7ce525f4889fa22770bc82ac0,false
b6d3f893a353419b657206204188cef838a9f700,true
4741bdda3ea01c6f7bc498880b54b57bc04cc390,true
309ba21d25b16ef094287ae8ee4b31d04ffdf42f,true
2f425920ab801b833bc8828a053d8adc1e427aa3,false
1287da9418ea1c1ec93e4cdfd72c0b707728f20c,true
97e3debd30af220f091cc7890a87a94581efd3e2,true
bc429788dbdcf9dd3ed46cded9f23332e5c9a227,true
efbcc3401e49814ad2d91e368701e7a475554a34,true
8c1dcdf253222a94144ac4855c2d8cc7603a80b1,false
301a2b20aadf019b75dce4adc355fe7750cd0bcb,true
a847a64ae95579bf0f44c969cfea87acb7842a02,false
7e1d4bd28b1f0621a30e48ef4843a9d169d45984,false
b9b143f6435bf4d20bd1b4ecc6dde1168701689e,true
f6642b3f23feb91cffd569f14e55dd3a20824309,true
f6360e2e40c4b0c77d16caf8eeb8a82a335d2a05,true
10f3183ebb2f92c21a014171f1d1820b9df8ecda,true
61573c4652fa0414aa987de1282db42b1938c271,false
89b122cfb3c78b5f44f6db52fc4a53af6d4ac494,true
72accadde37fc53edb1291712efaba2136ff8704,false
dcb1508a20768fe9ada2beba8df927f4beaef6ff,true
13eabbd23e08b09d1cbb613f1102b347edd144ed,false
504d1b847dcbbf49a09eaa93fbea26b00918501d,true
ee2b77885983bda2dde9bf5a2674f115a67c4c3f,false
fe3d6d89b639fb2272f691ba54c4c4a444f89e6e,true
7b700d79ccad032f3c1a55178ea5b34b32ab8b03,false
024bf49af50e919f5e62c0cc5045659e5f87df2d,false
8a641640940a127d9779188f6cbc432de18fb28f,false
b836ccc8d3bd2319bd53eabf793d9e9a1b45525b,false
5621be659e70a763ec11b7c9d55d57ce7a9a6cda,true
4a31053c622bc7feb816d00f397bf90fad15dcd5,false
dfc20431b23e05535f8bf7c1e2e2469421d8fd0f,true
6dcdeb66ec8ebf35197fbe94642db2ff31dafe2d,true
5c3a8d6210398311bf8b4298da29fbf54ee04b30,true
5db109c8327222b9c90b3bf5e5015fa439c84eac,true
0fc3608171cbe8fa852178ab6ea55bd1295fe22e,true
e62de2d696cb67ea479973988fbff3f79b0c361b,false
0f322e6866b7f2ca4b73e35f718f5dd119bbb9cc,false
fb3912400f623a739c2db854a254ddb1468b7132,false
a26d88054080cef5fba4a5c37c988cbf306820a0,false
ea9ee2cb6c1ca120145aa1deff3e3b82440fb302,false
1e88d197e21ebc6ad6a77e8bb213c19460e5766f,true
6f7653aaf7f4e6e13867862973cc697a69d9aa5a,false
4d453817951ad17f57875c7420e23d8826e80b31,false
af6f12ec40dfc1e3536d0e6dac3689dd1d442675,false
e8e86778d6e2b47171703010fdacbf93c157e775,false
d4d5030025e589e552adf7a67c58c428d51d19c1,false
0b57ae3f1c909766c6ee36342eaeef5c975debda,false
5db993172a6a74d5f0e6d24ef96f2156600d0837,false
e732c047df1d6ae5fda07bf8494d4992d1c06c96,false
700ae675ab02a7fb2fe6d88114869650574c7812,false
e776af06b839ed39d7b752344ffc257eb53add13,false
b704376d02f25278fdb781bd52660f59610bb89b,false
96260a07c39045f0f0ff539b7a138b195bd70393,false
024a461874db2bc834560f53e197b1998ad4955c,false
a77652259fd912ab01d39b36f29480a54221ab8d,false
7f394e140325590c50b5fa6510a620d1c0d7dbaa,false
1572134fe578e89ac46ded6710e5c45861443e83,false
399259fd92d4b1b7e8e92772bf9f4565fd5a58c0,false
f621b5eaa3c133a633a349d96d089dc6aac45f34,false
b021c231440d49aebef87cd2a5f01b9f95f795ab,false
3e831c7efa41da4073cf895358eb9e52070bd1ce,false
0e9abee0489f2fb0a87dc125128cf4cf470160ec,true
a08488e8d48540003018b4da9cd0ee6cc5e9fc14,false
13ca409e32e49e1535188e027cf9e3ecfc6ca95d,true
586b7c9b3cdb0962e86e4705d9f4c59a35ce95ea,true
ddcac0812e5bd97aafc978a5145726ce3a10db5f,false
76f8c64f3d7dc2044b9652559cd62cd7a1510ab6,true
f1ab047a4d0013cb18c97cc9e0fcffc4658bb092,false
5e9bfb63cf9304bafbde035ccd0bc490dfb58c6f,true
f5c0032738c9094ec7c57bdc4a386af99ef61090,false
af53a1dd8eb3d156e759d20706c5837f2deaef66,false
f1333e3a9f8e25b2e0768df7b431aadd61e2faa0,false
5d035a74474626f44a3aa7e49ef836da47e59553,true
80fc69a928aa48a242287f27d56c2e8574d33116,true
95767796ffe3da113dfc859ed3a42a931f5c4ea6,false
9d275cb799be149221ef9025726fd0cbf8485670,false
fad3e373d546311ef82b4f778fc70c92da826d79,false
e2f53c8f0c74bafbbecd860dd195c81bbb5d88bc,true
d6ccb8d2af263c92604394537111b1bb77ad7374,false
c91c1e2b24e40f28ed163c1c298fbc2b6972a63a,false
828c9602eee47421f5402d6d6620a21c5b27c094,true
68fc70ad6e1416de187f4c2f282f163fa2e256a0,false
760312e5842c5fe958a4eafac1d4c51e72535438,false
3f163bd0a44fecc4c58e43f4aa77484392cfa3eb,false
7fd80bd01f581e44c1be29de8e2a0b380d1af9b9,false
8df0c6651dca72ae232b8a4e6a35646ab0c8b99a,false
b34c9879476caf9a8b441fa28dc82878d6f06d78,true
a726458969a725079ab544f639a466067402f340,true
04999f50573271cc9269758915049ca9cc0b0538,false
4a61eeff7d8a8aeb92c7591a19cd1b626573523d,false
da9110a97b207350b1f09eb9d6ed7e42209a5e60,false
01f290b14db9d6b49620067fee54efad1ce9f210,false
0e56f61d9f96cb814747dac738de7acf7b6e35a1,false
e0fb9ad32eb42037e4812ea8998d8a9ccb7bc356,false
3abb7d44e251e90572583d096d71b03b24941239,false
a7ebfdbdf9801cadbe5bf55b272169dae8f93077,false
176301c454104d46df56da5719315be6668bf7ad,false
222d6911bf765c63fc7f115acbaae7817e91b04f,true
78e9be87e37f9598167cb7fcdffe1c2227e05540,false
b35fdfa4c3348db27cbfa06a6c2fc22c9dff687d,false
6c7c7c4b6ce28fa897cbd1f0803ce3bbce01939c,true
dd9f2ba96a464ada6356684acaf1c0821cd64594,false
ae26454abdaa8e2724e23c7eb3ec966ce02d0b19,true
bd419accfe209eacebf62e800e62b229fdf50205,true
fa61919f8de3cd8a616ef46808365422a0d0b159,false
e6c1904d1e197e24c54781724de13dd8cda4612f,true
0c6bdad7c26040810650f260fc702770a1c7227a,false
d470f73fabe7ccfeee15998c13819afaf6a4b3b3,true
09f07c5393b2b3acab59622e893d2a22f7194839,true
739eade9ee7e2fe6195ad7bd1e342105d11e13a1,false
143f58f863e0c749acde46de8a6fa7ca9251e645,true
7d2e4207c9dfeb5fc88a8b37b29d188db36cd9c0,true
50b5458255a7f1bce0fffb0fe7a8c60028dd0bcf,false
130e135cf4ede6e188705a973a5b8615fc3d985d,true
42a4ce5a04bd43f01cda57fd250d00800cc52bfb,true
508e944c6774ce1a04e26c50c5ad4be53930eab3,false
0b70d4a64bfda1e56fd384d60c2ebdb8ef5d5074,false
fba0db71911c0d543d364e0a54259ed55e0b52d2,true
4763487775c77f8bbf9210c4b9d7a02e296ede6a,false
4865d89916bded8bff7a85db1a2fad216b346c49,false
9edbfb3d2d1ab9a923f6fd40ae292813a0009dc6,false
6c3d9b182d511d8b5060047fe68ad89bfa878f80,false
54f7b4feafca46a4e3f107b8bf888470615980e2,false
eed56f3edcb7b5f9c4e16d1b2ccf6ddbbb12bc95,false
306048aac05147ab402048fec5aa6518c3c812b3,true
df7f851a525d3f1b06e4e94f0c05c4ec8746abee,false
d1cded37f0c629395b9ab8699602544fa1fe7994,true
3c42f6cbd8e58663beab110c5e8fbccbaefdaa91,true
4eeba6c605109ad42773a1caa40e9dfa126f694b,true
c8d975d009e6cd84cd82b7cf639ea72749cbb195,false
9a3b5752c6593ad56b3c6c36e7f17641de4d37f4,true
7d533c6123cfd8a4240488d63a53587a6e31e887,false
287b7fd901220ab49ef17f5c6af3b5680f358e01,true
b50fe02da4372f7c8a4dc59a735f599c7019a3de,false
330b8eb6bcdaeaef03978dc107d9e3e1d1acc3c3,false
be5cb5ffadb37eca2cf7fd201fe0b397d580c9cb,true
19c51e86352d7f6ef6f0dd1c525ce14c118585e5,false
254ae2ae36d2e834ff1c9f74dfcdf3e5f9642a2f,false
cea0ac37f492e48b7d049c8a906bee556afa4c73,true
3dedc7afe2f312404fff15da63f7fe5945049506,false
b6592e9bbda9bd70d0d8717497c5c3b526d19f11,false
437c4421cba93385c7a0cd2aa461f0c74ecd2f53,false
67ee6f5f27b882ed903c2fbc031b14ee92295e81,false
0aa12399d7cf7c480df6084043b96d2f07bc34f6,false
88c3ba594736f3d5ac6ed3771d1c95b9f2f656ee,false
f74b3cb824c5b542486aa1e9d13e2846c931abf5,false
71006f19161d78f29ba5350b62736db0cc633198,false
ee6ccf350b150aa07181ad0c3cd5ad27cbf7dd1b,false
35c62c8776316cf694ac8af7a20ff5e6c5b84c37,false
614e1a87ba2ec1c04cdcd51bfa7489a1a4c072a4,false
3165d6cdb5e10aa9d5163ee4cf7436bb65fb3ae6,false
a5fcc185ebf65f116d21fce4a3b2f166626aaba6,false
467bef683cd20c96cc038146c33c4ec9fb73fe07,false
3270ace4e9dab86e451383f9df2f4259c998386f,false
cc1f377e7c9847fd5b643036f067bf74f4855a89,true
ea1566f2c0dc2b91a57618c9b6a3ad3e6277b7db,false
1db87812e803a47f0f6ad2cd2dbc17ff4cdbdb57,false
fd5ec4cf415da7f7c1dcbf1e1d82136fe8f86399,false
5205422a78cea4173ff3341c1da4b3434045b377,false
f6228b4393320a42074419b4192c425ee5fc7309,true
92e4a93eb05c94c5ed28285750f868aac3b017be,false
4c8958eaffb8877f9e8dedec52684f93c4da90f8,false
0f1fa633af402eadb05298fcb7261de5a513f0a4,false
1aa3a516d35a1ea1059535d9cd5ff06dbf277c91,false
7175da2cbbba3b52d6d44c3eea0afcd784a7bc6c,false
a4128ad8ff378fe7915d04c0fdd694fb9704135a,false
ee63a986e87954b3b70e8ae08c90c7166464bbfd,false
e392f3fd20a01d71f25bcbe15a39a49ab2ccd084,false
87a2b77bf8c826b3af3afa950800fc13357a672b,false
f23362a06850a5d2a6d7c6891f90a8d862d0bb55,false
c5d224a93c0e8cf0fccf6cf030ae3bf7bcb7968f,false
51bf50a33cecd5ac5972a9af7438eaf6cab1cddf,false
4a123a3cbfc01314b2d2d3ad90cb609f055bd70c,false
445bc0a571875c7d63bef07823116a13bc5eebe6,false
c1f9f030a06b9ffcc4825554edb1189f3b523ef7,true
6636e4eaf633ce9586fe304ce0b5009f6d2d2e43,true
256cbb1558ad46fb0b15b27716168b976ab1a523,false
08589b9c97de4f712e29ed57d1511e6ec551b075,false
6f31a477004db335964ed30c92231a77b8ee7b29,false
672d18244248211df0ae62f2daa239e087035193,true
857bcd87abf04f420941e53eead93eafd951f5fa,true
e983571989f9faf1fedb8191c9584b64ba0cbea2,true
8a4e956c5c4a94c2b604edf1b0a5b78966ea1da6,false
bb5960597ed4dc8a248e50fbba4e85d673f31a6d,true
5040bfb1180491fcf35ee59a57a825da19c8fd7c,false
968dc50513a1cfeaa2622fc8d892a1f3f7f31e97,true
4b6264639462a12262493d3e5d969aa8c55e2df3,false
a57ca36b3d8525256312f20fb1b1d22deacad2c7,true
60be636a46bedeae9cb9a1f486e45d16e9b8ca4f,false
10dafea32bb4dc07a4081c51a8ff35bbb89eaef1,false
397294b8298c2936db30170563926f0c9690c220,false
0023806a12563ff93922276737416c9f75b40be6,false
f9f08f243219611a93f21831d4e3b60029eeb2f1,false
ccac13a1b5bb56e85e4de5070b901733b52d8611,true
6e48f17f90e17b382daaa3554b3dc46e9cd2f30d,true
c95726331e8e2fba55ba6c8259ad9972fa0aa8cc,false
c6eb9f14ec3ed3d48d6fde1128a0e722da568b31,false
c2303c7b726bdec0f09b26a493580b2a36c9694f,false
29d5841ad6481e1082b0ec6d02011df05441cfd3,true
1bf4b6aad3146144f98a5037df543ac6bb98cbf0,false
7d0babb8e675665440126a8e47ec27258e50d214,false
a0e6aa364fb0777dca0d07b0f21d615a9af92e8b,true
e9624dd5c3b5f29dd6934bf06fc63398f179fdad,true
a2df2c550df6178c7e6e96ad82b90b6dfdb91920,true
4977c8461214c776e16d82de7f7a48b530cdd9c4,true
6dbdaaa163a291b184b9024876c8a527d9a258f9,true
9596af330014315ac06196169f8d303cbfcf1056,false
713b3fdc7d25c27cc49667977fa45c6401012a18,true
d6fe8d84a67d4c54538e924ce18d8e88a90b1eb6,true
1a20b884aa947ec896aacd900d903ffcbf120ecd,false
9529dec90ed5f3a88499caa84d707de8b89f106d,true
33ff907d428380c96cd7d1c910182ec8748b044c,true
038d5426b9edc8c74fef92e46896f303a891b3c6,true
218ad9b128cefbf5c2e23812d33c9b59d09c2efc,true
afb15b47bf24e04f587b408c347136ce5a41197c,true
3ed8028191baa3054b5c4375e914473812511714,true
faa4489374631f64a5fc38d549d1970c7866951f,false
a619dbe9dd049b9f9855ea64a77053b49384e84d,false
06e1ab68bf9c5be2969552c7db2391cbda081541,false
3c0c0dfacf202d114cdb663e26253b13d194f1ac,false
2bc595199a478058ce0f7f724bb4f209889e3bdd,true
02ee9d604fd927fa043a0c3c5fcbc019a2a6daf6,true
dbad6fb4ebdb011b41787edf9d922346a7f84cae,false
185e99b7ddef601330b01c6e8effddadd044d60c,false
ddf5f288d05b26db3032aeb86afc1805160d1a8c,false
a71c25e78461bae81193a488889831ecbc860363,false
47fa7f8735f08ef54e57834f84ec98abd26bda71,false
89ceeee638de5f65ff2a9395947323f249f87f2f,false
c425177c9f6015a097376b478b57718bb9a49792,false
5020715d438c6369d10b484f553d85dd7e0c6330,false
78c0af5b2c59c6fbe9076c01b9b430ad229b3c97,false
29132ad4fb1f6608cd367fec41f8f7b391b39368,false
a6a94b75201d345c8055cc32094c7b8400b7a281,false
e3da093ed35e7f4f3ce32ae3f43cbddeecb1f52a,false
919d1b700d1b1c78115a3afa234a3505a4e06226,false
e6f3974309c3fcf0b25bcd47b609b8f9a6fff2cb,true
61c02258cfddc7bc209eb103216586ed30bc91ff,true
6779e5218478b0a546108822de0e245117fbc23c,true
e08067fa7733d4ded3fd1a7454940d2845780f08,false
e40a2200a4ad12b8840fc0a9b6e41eaa94bec0de,true
4f8b59a33470fd6cc4d2012529d02e79cc5d598c,true
a7e0cef1a8ccad367d0cb7c78f81f24ebe534861,false
5fb382a8f26bdb88e432df30bf5b4ae7a7d35c7a,false
8b148e9528200dcd540e5166d762d0a3063c4f08,true
bb2dd2ada69075c405a92cc5f4b856d5d53fa584,true
2a88cb84927c2e450ed73d20539c0fb02bc96a9a,true
b397d2f073a2fc6a48efbabc51e814605718a102,true
4a4e2cc0d4f4d01b90a46be06a1e1337350693b0,true
d54df6dbc48add30f678ee2b81aa0609964eab52,false
f1d8bb85e9c3bc50619784a65fecba572bfd5a63,true
4506f36e69b2ad582778e7e5a4d412cd264e88dd,true
f3fc913f1b1a5e00d379a937e9e307a87ecd9b37,false
552d50ae0a7d2f677a36cf3adb8d6498b151a6f5,false
03a10c25abf65e7b3597a87acc4b8fd8bc512bcd,false
4ea353e48d2fb7c6f6da5ee10fda97c6c88a53f9,false
bbe32f00e325c6e1a22a959db44610104250eb9c,false
6eab77ae684964fe988b54aea9c1958c85e08c61,false
9278c901df0c1fb4d6b69c1978b44ff5b7a925ed,false
69ce32a32091fdf9926a0bca4f9cd74048c639eb,true
d5a9f8ac7cc1acbc48ae96ec8c3693e636dcde1f,true
4775392c207ced90d399fdae6d0498cd50fa4b1d,true
a93086530ac18b9a646f20dec5076e67c79ff4d2,false
670152174df352f0e373bddc2f804e58e82d0bfb,false
4ed5a6c3647bdee25ac29de62a463f5ade2620a7,false
a1e963a8c3dc5c28df8f0e2729e3d7b48fbff8a6,false
e80af30acd49b45933d4fcd529f76e81815ebb24,true
0804439ea96bc1823883fac94ef0949687e9ee25,false
452af1766dba6b272ecbf850a9352e18e5a91b22,false
cc977d703b339b8428d4fb39a8f9e1786da4eac9,false
4da6a7f0343ff54d624931a661b2a1528a371ed3,false
765580cdcc3bfe8e2afb184d20e9b774bf2346e3,false
aec6dc9da50254c442bd4c0cc76f89f4fdebafbb,false
3dd073a0c75030e0f131128a5c87a510da8b7be2,false
81380d3436d79d82c1ec4f63299049d4332fc851,true
788163fcc93ead924585fefdafb92ab2c40fadee,true
7782ab674dfbd3347bf8d278bf6155200feae82a,false
e614d5efeb350727dfae2ffe3aa014c09656e05f,false
3e7b405de8c272a4ac05c6231abfb9856c7ae6f6,false
fdd59856148a3a355eef0bd697b94d7f1c10c9cc,false
77be6fb9b97a784c03698f7fa5f4d4fcbd9e7d0c,false
7b90b7a533b9dd8683b86ea479d9ac5e07fa4297,false
aa672141eaca2aceb773f918105bb9c6ca33c6cd,false
0928b78ba029b3a016177536886de55fcef734a2,false
254f98ebb1c1459c1cd4f21810dd1baa99f245c2,true
7e2fa05c41b1f235eda6cb8728a48b6e7c8ab5aa,true
4acc71df1e60902617a64ef4996e4951f4218a9d,false
14efda32344dd4237b5fefd4178180d5e84379d2,false
292fc5dfbefcd6c331311055c050a6c2ab25ea7d,false
bd65f71b916b5375300d69e64d36559ff7c1bb89,false
8aeb54a0a20ba3b8ab76775025bbf87477db7580,true
f4b6c622a1d233d0d83e1228d30544acbda8d7f9,true
6dc74da94c961b2f070ee5a5fccad447a2095881,true
c6f9b9e616f6221cb6ce20d6d46c53d782007c10,false
9030a7a51e75de747323c213f9680c6183aa4599,false
f1a814066412e3ae14174179eea848452496bb34,true
2b9c5bd2500895bdebbc4402a13a2cb2e41121e5,true
c0bf408b216d2511900a0e48b4185d50fb6017e2,false
b1ce29de4ecdd85bd20b6d725d69c20697fa2511,false
ba33bf99b9d9e9a0219cdb5f49499cff2ed55a4f,false
b4dc33d9fa1b3f51f575d70e39cefffe51f0fc22,false
b094d6c6b406ee00e9b25d660efb831f923c18eb,true
97165d6a410250b050aadd3e3c2adcde9571b7c9,true
7fdacd0162442069f8782f883447cc6a2609d527,false
e61539e406ed278406fa29d45aeea1b36599c25e,true
fb051fb18a7455f837fbbc6c113e7a91301ef1df,true
1ae4c1961712fbd2d7502a6294bd4ea578bb910d,false
81ec7a310492558bc195cc2b17ff6c40ee4debba,true
dab760b7fa5e61553cdb11a009564dc6cbe037fb,true
9ad6b3d4df04ec240fb80ad8843132c32aab676e,false
c39d5892257eb5f5febe8659bdb75c3ee95e2ae2,false
ac0d20c4900feab7725746e6b47961a57133e0e0,true
88ee66eca0bd873c185c4a1287e011f83ba2d3a2,true
67c6ed0752f61c3ea6b8f9fe63421c8cedc11068,true
ce4dffa54ff3fb50d6499d272a52eaa502a900a4,false
dadfc612bb8ced9abbf3e8b6246fb05fd077434d,false
ce9d6c9c9c0e5e037ab519dd1b1a3c4e4d25bd13,true
aecaacbc220f86ce15a215b12b32272c84a2031c,true
814cd4382d472e557227ba0ef24fef016678b0aa,false
2ed1cc9bd63a59c16ef7e9cf62443c1e3d38f70b,false
f9553bbba3aecb951e38678e698d15f51b3a9af4,false
d8ffd2a1f3745e87ec218924405bd83bd5df187a,false
e639a4510e0a3926d48ef68c3985ff9b1b6a529f,true
194874420f429afc2bd7626528544eb2378338a3,false
028c154574be3cf281f748fbac76c9bc328ad499,true
69903c7a21c1c955ffda8ea74d2657fb3b28988f,false
5b06e813e66182f415a20359a4f1c7581961064b,false
e047dcc8ce809453cf8e71c2185363e1f26c3a1e,true
a363a1a6257cafe7e52b0b2bf96ff8b1ec854906,true
6906710cb1d51beff653d49d428a03112b50dcf8,false
11714a08bd762727f769f1723060f45da033f5c9,true
103ff4dc4a5a8a4cae31dedd0a4bcb7886fdfa6a,false
5ef7b69cf0fafc180dd1f5856dbe42203531460e,true
438d7fcfb5122c9b5ed4c8df7d34d979c1643c61,false
44cc6c0d230400981996e886576e96de7c323461,false
8d39c3ddfd5f1582216e190970a6565e19289b09,true
7294654adb1beff524f668a201665dbfc213c135,true
40da7d353d98b250ec1652eccaa4cb5a1bfe1bda,false
af352f684c0ab08445d8716901aa182b7a6e888a,false
739ee41695386677a0bee8c58653edbd9b4bca8b,true
603596b443b1e1a5018ced1d3410c59767984c49,true
dd7774d9f27037245a24d58c9ab9764071ac3186,true
7fb360eb7babe49d8232704cb03d24fd7a7afca4,false
22f75d0bac0b323c66222ac69ae8be351cc19bbc,false
f2bd6bdf54a5aa5881510f7f40f251cc4ec963c0,false
063d963f9216dcc751ed5d561c9948c26afdee03,true
b84aa97813d6496dbd088aec373c615f2775bcaa,true
e78f934ee7bf4eef55141fa1d1585b3f31b28f0f,true
6a6ce071e3252497482e2e5bf9e5bc86f9437108,false
e2355a71af4c00c0dd5fc0fc6b5805834426eb88,true
9bf277e838a81068a2e732505b44b6107da75786,false
d326b57ddb4f2861eec0082b1d118c732ce724cc,false
35525c6c502bf849759373fde8e12ef13418b01a,false
43d9889f968fd05645db3ffdaac68b4a31bbad06,false
817af2347faaef60f44ec77b1f5232b376c4453f,false
c34d0cc032cb0690f49aa24931348df7491326f0,false
bcdfaed1ece2b6aa37a7644cbef2e0ec83ad4036,false
77b4ebf2d0a2915e1c92cedac3792dc53a6171bc,true
a7c948983e712598506ac9fafe58b1e033cc3d80,true
6ae0076df923fca93b4d84c88e4aeef638015a86,true
947993f9c2e496c47466f6cca91273978c3a02e8,true
9262dc06b47496d4892e36572497ad9c7fc07cc9,true
989dfb9e9e855903fe048813c83d5dcb38fad9eb,true
a5a9a1edaf8d9efb744dccf92e9942d44b01f866,false
849ac3561acb47aa6ca8bc38353922571eb3da5a,false
329415d13e544c908208cb43a1bec59c02068edd,true
572243895e1cd8ff2307ee73f889d3d0af4d9116,false
a6b195c4d14a0f54e57b6e8936c4ad1930135f6a,false
bc59eeb912109521d753c3d6796fd5174885ba91,false
ff3b506e1421d58648b92a6f171bf81bdd1261ee,true
9676ff5c32932ff5fab0aed6c239544dec2e36df,true
7e91bac89b6e44fc333a5c6873d8082257f9701c,true
e2c883502a69181572a3ff80c7aaac6d1938f83e,true
06366977d6636a25cb8e840ef7f0d310479ab5d9,false
12d7b53458854f96da4646679af09308d5007e8f,true
bdc919365698a1f803039b75e8c2498d3c4bdfc2,true
5ca09f94d0f2ff2c7085465cc74846f7abd9470a,true
188931898f09d4188b39b2371943afaed15df238,false
910a09c6d1325ab5a927b8538263e5ea3f239dca,true
d59928009541dddaafba0e153441e2518479c486,true
4af8b7d078846a4bae9b3c77b557adbf88e47d05,false
852e4ce13e9b2ecfc2d40a253b4e2a5ffc9d58a0,false
61eda10e88b18b923ae4dbc871ebeaae395d126f,false
29a730599f809de2b1eaf87c3469f2607712a793,false
74999f344714e0319bf26787adb1ab1ff940f7ce,true
d13d7c541480740a994009cb75fd72141ea5c222,false
afd9d6c0beab6b4742665f5c4a98a67fc577d29a,false
5f9360de1a17c0ae17c0865c927cb484c0c82f26,false
c400a5f8d8fe0f925a7e26b1ab5006c69d21f393,false
509eb66278843523a744c272c0342e294d858fac,false
372bb61201a41b9d4fc86a2568729b809e9e8f1f,true
915fdaad0bfa2f2c1f81841e47f05a40fb607c21,false
9527bc7ee3245f88557ece1037062afdcab7f950,true
51be08c1e558988d68931d290da8f7db734aa7b3,false
0b6cc0284f00717ddfa7f70608b3b9ddeabba0b6,false
a2fbaa67d19316c98ab8fbda95cfee4e99d0d218,true
3c6c7987f7e93fb08e0274cabea83aca506f9ed7,true
80a4f42f2b3886010ebd39bab16d931f19e50e8f,false
ef1ecf86b6e1b58ba3960071aed778eec0facbc5,true
c39f5fda10d5af7a2901c9b08128cf5f11e8a384,true
5ff8fe8a0a43e705e46fa5712fd848a184a53624,true
290639c2889ff4be4e3ea1e573d50a1fa4f260ba,false
e3787b7ba56e2d3f24feff32fab352f612769725,true
622d0da7d1f82dcd8adc93aa97f071ed5b1e873a,true
15f5c5812673f1be4825a8e08db3743ed491d9c3,true
5a3d718027182ba676627dfcf60690cdcfdadf2d,false
3c2e8583ee99db6b8d6d455035855207032d83c6,false
e5515c38ec822f6c164d93ddba5e5ad010ceb79d,true
468e5761af2af539764c5e7ac3e1510e0f156623,true
64cdc41f279f47ddb39e739e5e89c130a195a67c,true
b62e3a5b2cce90825b7998da4e36a3359ace632b,false
ff5f1ab82d1916465ceaf3f5368204d0d292ae27,false
0eee4d0ea9bd2da0a6a311e64da30a615eadf84a,false
8b1a54f72bf11279fde02d42d3d93db5cf5150a1,false
deef097bba1bf88ba562bd6c166090ef5fd94475,true
92f74e368b6382d66c9685d8cd5e4c39049e593a,false
4ca5e21bfffe9c39525457b2a51daf49125ba698,false
69e173b2bb479811722e6c29f68b4a1ee93e2b7d,false
da06e3eac236127d81d6ecfbe5f1b2acffedbbd9,true
c98d5ca01e066eee543d498866a5e5935d7a0e4c,true
d3604b2fbf283af634b912158b32dc4970649147,false
cd3d0c45fa4cab2035f8c4c8275f39611d7d74d2,false
e5a073973a0018d3c56ed03532a6bcf206974fb8,false
c38cbd9d30267f41ecc9b8f75e200ad824636057,false
1a70e943a966b5cf973c6c618344d3d10d2b869b,true
c6f148a2f853068bb7a86ddc0e2a29595e5b50aa,true
0cbfa964939209ae903180714b032fc9ca8a5fe9,true
b462b097efaa21f8ce8d118dd338c09856bfce30,false
cf646c32024d882c21832adf992ed34cd87f14c8,true
6b601aee29ac5c483275b2e729d769316812ea08,true
6ceccefcc63d03ee43f038aa76d0ea9cf8833840,false
c06d2db0db9ca57f1b6e6d19a8bda1b957781c14,false
cf3d191db5ecdcdb066bc83c8ddf7df7703208c5,false
2b2d4800f91d2f0cee559ee05efcaf6eaa163fbd,true
b3e9fe954dab2b359105859ea779f82ac2595ae0,false
b8fb8608c605648682708ce5111217e4c8cbf104,true
3014876b3efffc82bb366176071a1eab0932a10c,false
327bfb5db529689d1f50e37bac6ca780d34741b8,true
a7b70136a5f7934c78840f34c10071367a400f9c,false
8e85406233056f46363570467ebad97d96d1b8e5,false
56036f495926c9bd9cf4add85bf46473034bdcd8,false
54562e3cd19df3ed9acfdb82c0f4f3d70d2e8584,false
9a7d8f27a26fb8076b29da9c4bf47a97d53c8be7,false
9a5ce58e4f34f63674952032f2ed5b7bbac55a9c,false
631a059a48544aaa90704e97d2511289f26a6330,false
12e289a896d9094230bacc16c6dae017b666a427,true
511b57678ecfc4230189831ca0ca84e500d42d32,true
00d3d8c8cf5bfc5ae9df9d63d7b32265db20d79a,false
e108552e55a86281e2808d8a7c1ffff6343db9ac,true
bbaf223a8e3fe5063e13993c1cb5f24a7bb25131,false
09f690bfd19ee2bc6cb5eac58ecaa254c7c60299,false
27081af1bafd0b22d2abd180e81aeb16374c787a,false
ac40278b4b11df7584518e87bbb90790f176ef28,true
e379c4af18127b1e1f5ad68815e47939f515a767,false
3cd3c97b7faa96c0d3d15703a38271e956c1226f,true
85ae76c88161d2182600a9ebf68a63e1e47b4965,false
075d1c5467751980aa450b38277cdd77898dff81,true
2a4423a5ef9c90f09608b2faecef30332f4b0765,false
d3a02398b1b9add5baa74dbb9bd2a5d8a51f51ad,false
13113283acf7e807cbfdc5231235a27f66f016b7,false
ff856dc8bbb547306b63d0ede4f87a72cc59a143,false
0cda986f436e178a57e5421b367a48d033dc7e22,false
ac0a5ee68d2ae305305d9180d8e20bfc737c5e29,false
7f123eb388dad7a620714b9ae1448c251ea7a1ff,false
841351692e36e1eaaa6f294c15d51b1743f89a73,true
269b408f896cdee09f697f4abdba5a9ff8c33cb4,true
3b483f846f93145faff2f3a8b249a7146bd884b7,true
90af5c1f2955d1b237c2092e29d6ff4c2fb6d6aa,false
b8afbb243c1ccbce4388991d92e6e5910d548dea,false
8aa375e175f53e6932af9cab660aebabf1aad580,true
587b83417e1e95d8dfe9e36d201799c302ce57e5,true
c39866642b3e0a0d1ad9e5936798b5dd867245a8,true
fdb7cc76242484dc401bb3c077342b8bad92d0c2,true
67a7dc18ad87fbded61f4202acb10c139d6d19f5,false
bbb6d65d8a50e6de3b2496ba53a306b342614e01,false
56dafc511253093aa8eabb008d21e3fd7158cdb0,false
e0dedc4da49e416ec849217854fd282b1d6dfa3d,true
660ebfc412c97b7ddd6f0ca08342f163b833f2b7,false
e568bc68e63a9b5793decee60f70c3fd4e55bcbd,false
93e5ffb94ecf7f74e69339354623bf2b0a7a40fb,false
03b55173fcc6e64ef965df3ab844cd69e17841fb,false
a5396004962f3c026b5aaa0532b69cbe2b5379eb,false
0143ef8f1e55cf95253665404981c8934003fe22,false
92302d6ae7f23163bca37fc1dda3e5a0d35d5150,false
e2bb9438aee83ac5e8abbd1d62d6cc1cc421fe38,false
a5941c17d8343f5438d8c570fbd3fef659111d56,false
4f5162a9afd6614b8cd7edded1baaa6e4795ca4c,false
6c538b1bfd6e53b4c68e1315663c53242c00df95,false
3f1d0c59d99d13251a3b12634c1d1d1e45591b82,false
ae29dc4eab69d83b0c79b9ea11f84b2cc528b6c2,false
35fe8e7f6504ad85a0d35b2bd85b6cee7778155b,false
d8e587fbd7dca5127d0fe1354face6c9b1b74598,true
d5786e45f17e3bc8a4dbc771ed4c50a1cb0eeea0,false
804c1a374412d843cdb7fb5083882b4ce7fc192f,true
3eed88373b75515f16474b04ed9cc8b3274a7823,false
5861cb861c5ee4880b887762e9c08ae4662ed590,false
11e862479a7c6c788607a422c2c86e45c1554577,false
2b3c3502fdcc00d5139f98ca3448789428b6567c,false
0c6e22e7cc04e65d2d52b5044e2ff8eafe90e3b1,false
4ef20c86eed58a2ae6d39362006e18517df0093b,true
06fb378e90af2ebc8a5d50c2a075d361a9c8f241,false
9c39a3df4d08b4205bcb2c21d800bfa60d443aee,true
9b22bc9333fdf0b6062d6969f2b42107b6ed9288,false
5e70a6d622b8766478df1c22512edf1fe99848fb,false
40569d6d8ca3364fd2c57b16f91d5ccd679b5fb6,false
f0deaf62e1b098621826eaea1a52a5cb642ffdbe,true
8b38e47d5669a65bcceeaa715ea8553d930383df,true
bad6273f16e10fb931f647ce193059f145927ccb,true
26fb271620e79e8fa2f52cd7bee3b3214dd8f09e,false
0280bb5dcb5aec1e17cb8654c99fd96367c7affb,true
60257d252aa37ae9e00d317d17b053d037b4263f,false
a5c5f30f02dff54e7813d33ba4aa7d930015043a,false
e4c5795f01412e441f83436a74b271dd66d828e3,false
fa05166aa87a663fe7afb9b756d2c8215a99ad1f,false
8db6693f28510818f4faf7c2d65fcd482edf8eec,true
7860d187d437233f74fb920b1eb599bef9bef9a7,true
2391758cd92f3d19aa07dd95546a5a614c43199f,true
5ca127954fd2fd1a959874a5fd1e6f23522cc778,false
6e524b832973ac9f8e8584b48aa68cde44c7a70b,false
96f001b22d756d094660fdf2a927bb93787d9d73,false
2cfe1fc4b2da4dabaac6a1fd5270cc8293ff2e10,false
7692b0223e72c0f932290a4a956ee87127df55f4,false
b1a7ddcb518835d6c58b9e841e54f46129a79681,false
5628292b5c7738c70c31d460e42427751a8bdb9d,false
bbd93aa8ca2743528439e53dac31a1e44ba087b4,false
97ea762e886016ed92df8d50f7c76dacae9dd1e2,false
e038f19994120ae10f400e01ee345d8813001504,true
8c43e969e363cb68342435131207a9c2f448b20c,true
26237d8606e394387003aaf7367ab5d2b9c60fe3,true
cf7754bc9c01704990a946de034ab44db74cee1f,false
da23c6d63e507b075c7adb134288f0fe4f11674f,false
3a2395ecfcfa998bcde29acdbf6bb6eeac5700d8,false
0c2c6ae32a800635bd481cf051ea1d0dd22d6a6c,false
02e3e236d34217eaf71342ec440fe5bacaa73840,true
0b03e512352d894ae1acc79122bdede73bdcea6a,true
45bd25da00b7a64dd2bbe8e1052637f1706fa061,false
4e028563bc301a2ea7ea92232bb77632f47aa102,false
7f9e2d5eaf7f492a2a8432db8d7f646eb6632c24,false
b96697b8150f69012dc5e02bc78498f3d6b8f6b3,false
8484460f1d747ef8565ea30f564f3c3356cd750f,true
46c455be202bcc8c98d8b81581c4ecc5673f6433,true
1be27c431af4ead24dad79482b4cbcba40a878de,true
d7479ada9c1540aa738ebf571eef1d59d06e3529,false
55ca2f5348c2b569e00e7ba1df7615be8a4dd2e6,false
ce4d147c6e397da3b8486f5abf22fa4b217011c4,false
103f51a46eaaa5a1663b09d6a7de4c5b4bc6a156,true
48b67090f67e9cfcb2422a966fbd69fc7692c7be,false
19d517ff1eed69f864ad4764865d7ac9a3648860,false
f45a8c422224bbffc488c3d217cc789fd590af25,false
0d4b4dff1a56bfbb9bd13579b962915a073e5e15,false
73bd7ded1d526226b5478df69c08e8062a6c5df4,true
44023031911180ef3defa317f7d8a9e18c406951,true
95eb8dad9ebde23c5fcdb052c0ec6aa8704e86d7,true
10059116ef4451b34e4c41e69ad367403f6b42b3,true
f2deb190e5dccd64a390a679fb4209b64f1a9638,false
8d27aa6bd9c27e9ffadc702df16219d9d072c9de,false
00b2e4d0c05fdaf9b6d7c342c0d8fadf835e86c5,false
a49bd520b0e503000b1461b0aa49116e2ab67d19,false
40eafe484afe3ce443516cd6e1362299cd613935,true
9aa9ff6ccc6ea775aaaa4611a37a7d64524a5feb,true
4182863765410fec7b76fc0a36e371a4186fa195,false
2f7b5a50961ac729ae0f259484bc1bb523734edc,true
ec8e160dd7f867943ae3a9fc24600b775460953b,true
e64f6168bdf9ed5c9d9c6082242619f3f4d00dc2,true
a34775cd52f7b299166199c45aa7391354f68413,false
f518304ea5b1d8b4f39b5ed5d008b26a859156af,false
ca2a322caeadd0bf6e73114b6c71cd589162d4be,false
b468e77f6840af60f4093771e4ae6893449a9014,false
b3d8505281776af9d6ccc9b78eb87a537f3148ec,false
f82a6cdb8946a358a23aa44554703b0cafbb4a0d,false
c6d8b2a80d800353f2eb600021f7630c311475d8,true
a4f992efb4ac599092f5215565e18942f06d5105,false
309e3eb2a6c42503d786a3bd74c4ae580d698243,false
f900be8ed90ce7dd47e2b83015001cc94783e6e6,true
9f21656bb2dc784e1babd9b80ce0b39db8c8bb54,false
f26e8b85a54a7fc17a0ec4ab85391ed9f9d63b4c,false
e415350defb7df958eb4396e1131500b71177743,false
d439dbef300662b0ddcf63d17ce8298906316cf9,false
c2f0eee3d67017d0c082361c6ae1dd636cb4e2c0,false
94447efa5c147705ed9573d04188f6ea3dfdad3e,false
0ea45cda5e23c4da41a0c39506e81b548a0e08a5,false
dbc800df40a7beb5ea3c53d611c92b24f056c242,false
0c5ce5f130b06faa0ebd1f14175b6a1dc84c9972,true
26caae2241dbf56f8810d0301509e4e62048faa0,true
19f95122eb41299dc4aec7e82e45a3293e9ac416,false
a97c54ee5e6b0bbc26c51947f7f99fb75cdfd09b,false
9fcb60ea110d05a58d277a8df1a74819df8a1a2d,true
4c2e50edfc146f4ab7e1d72fc353606182034ce3,true
04e7e6f86429e82f018c1f16393e329617f3d363,false
f951a153000413437fd7b18cb5038a5acccb7709,true
a562c0eb0700ad8c6c706a81f1eb38fd525d0a93,true
bb445a22ec3201a2f9944269473fc98b5fbe9ec4,true
b45901c91a70025c93fd1fa23ea3f96bc91d49b3,false
d7259e594475894392b468a982a633e34a71602e,false
b555c5e9f1d18c3f1aa760c92a63202020c69ef7,true
8818e474d051115b06cf06dae2db3588d8311626,false
9c6314ef54016178bf5f7af82b6f935aeae8fad6,true
ffcb08add3c0b65593facb70d1e8b7dce5798676,false
7bdb1d5cca2e81163d37ab4193601afdd5142b0d,true
dc1899b924c2880832e3c6655b706ac66048ecab,false
b7eb6ab4ca13c07490240689611a4d50e016a7ec,false
0c7e49ef89e93a56b0b6f33e10a6b07db5cef87b,false
1e76c8ae5db7f7d96c8786d6d9a4a236abadabbd,false
3528075f2e03a02e3ac060ce3eac4b0309313c89,true
b12d43aa893e450c0d5317bc4a1081a3a904e201,false
ed2f262d68007f6d392e3dea250202bf14671060,false
d4f6007f28246e7877dde49536672c3eb8ac617f,false
0e74d813adf11fcf8609e0256b654b1e99415c41,true
766217a2a376cd7760317e066930edad29b1f699,false
257dcc923649fbd8e06d29df00b120e50edde622,false
04c7e7ca9cb5ec7206001542ecc0702d34186d45,false
920b84e0c62af592a00484c323cad0d9eae6cd81,false
7251a13924c3e0be584c4baefa06b4665bd36233,false
bd977365d94a498e80aec2b2a97d8e95b9a1098c,false
29afaa98bc553564c553ab42b221a124bd9a26b4,true
bab1be79507d40f72a69742ee92bd26c5ae601b2,false
79a4fe3ed2c29889f66b90838a1873157c2957b2,false
0aad1e30d9eca671e2d400d81a06f93ae3abedeb,false
568231e2d6a9fcbc38ea9d7593fc10cf7c7ebe3b,false
10e65b1a220580d5bcbab8725a66c9f1ae1cadae,false
93cad0d7808751dc3a2fc0f89edb5dd67894b90c,true
5c655881af2674ab54d41b026f0bb5efda3ca391,false
0187a6bdf3ddf620ba4a9bb4fa58f33f1cfe17e4,false
c35f2bed364bca2a5fd1a76cec3c4c2c0dcc5ae3,true
3c057a2734ad9f10cf1bfa1177f763b59b151f18,false
b4f2228b0e8a39865a24e27ff4427f94477fb988,true
50ed4002d9bcffbe1ae9a1393d6056dac08ab953,false
964af13353fbee5fe6fd3be7f58cf45a35ff7319,true
6102c093a01c624f3eb18faee53f44a4d85161be,false
acb369f7e8bf8030aca10f6be1bbb1ed0cd68d35,true
1c660b47fa306d6f13eab457bedd4dfe4b47003b,false
05f18a194dab5e94467c511ea7a3bdd408609074,false
9c7d1af3c89845cb001b304574fe565858d014f6,true
d4540aaf0c9dcedfddf18c2a8790c417bb115324,true
a2b0b634742211f033bf21e453412a0796e2c2f2,false
99242595f688ebbd1ecdb9163af89da7992b477e,false
4a3e590a42bdc2d2f3c616071f47214cebb7abab,false
0780d6e607604dd84464689afc669d9d8536e960,false
712a6a744e3dcac0a03102f71a77830a46303981,false
4f701c8364c21996ab200cb238a197ebaed8d126,false
aae60a941547a07f74b76bdde4583f4028078104,false
843e0ff8f151ec89bee3c9138af2b3236a352590,false
0c818e099230428164b744e2a883013dc24f5469,false
67ca2244fbb1a57582c1d44168901fd0d0cadc0c,false
ef1b3f7c7c0fde4b7d72a2faa839bf6c4f1aeea1,false
4e25474ac22f25fcd64d6f41569aeba7acd98a02,false
9469397f5379b3a2374a08c7ecce99e8e17bca7b,true
7b5e2146ae562e29081b2ef08a20cb78000ebd87,true
15273d1363ca5822c52078565e3f55e821b474e5,false
726c842e6d22f2d5a41c007ec0157647ce85b950,false
8d495f4a0076d0ee9fc29c408905d125ae088184,true
d0da463d182c95725e4faaf9394b787f9919f848,false
e60aed25aa522f95963e3459e2cc52aa48f6d944,false
26c382e5733e4b5a882ba64d3584ef4bedfce928,true
f26af9ec3b4a71847db86d2fc862a2604af324dc,true
6d4e6c755fae406d2648dd148b796f8d93af0a0b,true
1190a4aee26316360e4c29033c4fa3a63368c9aa,false
e23aac8db0555ccd64c10d5b0b91c82fefebe22a,true
576db621022c46753836460f169e31ab0ba373d5,true
4196be974f706f6bdf53a4c855278b8d7e30dced,false
40e2fb0a705beaf34afa5254844a698041f25237,false
5a7cb5ca06199508eea296ef3b500baec5e36073,true
2724fdcdbdb663155003b3892c3956c8b63c1d77,false
7c9e9590abc8503629e2efcd94fb64e0d1d9ec1e,true
ba1ab28816d4a41a0bff1c99a6031014015c7002,true
536d351e48e947e382676ce530aee46c30e59c1c,true
86fcb956996d17c7cdbe9fea84d8187c150ba43f,true
9a6c3e8dd0a058013cafe5df626a73a3370a6b90,false
7dcca69b7d2b887bc785ed5d553c3a0e4ac0412f,true
b691c4bc42cba639c9bb52bc56571cc5a38dfd7c,true
2a4c55065313476d9b1dd6e6453b6676e3d4c301,true
7b55f4d20c8d2d6dd09abc9db9d95a944329c314,true
39f0baf1d87db09ae60a856610ae1650566b945f,true
45327ba7fc38f9982dd286c073429515d7f4943d,false
dea3a05bfdad65b078896b996b356f0cdd6ae690,false
0ea5a4942ff248a8c8347bad8628447ff5b18bc3,true
ae41c10646fe2cafd8174386f02d4ceba43b9630,true
95c011789a1c0c32a47be94bde69f306232f5e12,true
671a20a5baad09c200977ea1e40b23e3881827b0,true
deb37aebc90b0ecda5734115caf3f7197ac52b5f,true
b1c589e6834ac587c34d8d5e9daf4f01f79992fd,true
8851a981deb8515ce5a9a742778715ce60e95363,true
e71978093cba005ae314447abdbdea8c70a74ed7,true
240ed343690a3a323e4efa84e6fe6885ec339171,true
b15d5d6eca9dac52766c80b658e64713a22f8bec,true
e3105522dd6ded17afce4a7b321a01a7b3b5f8ba,false
2a68a26d12f61322d0c4b99bad0acc2e8514dac6,true
ee46cb777620f0c2a2e77a1518586a0b34dd720f,true
fc3b315f15d57d87630b9969a71b60dd1a7519ba,true
494a2b79402743eb31da589bd285d8d3e864cbbc,false
27b999181145bf1106bf81c9cb2c6ff69842318b,true
ae4ce9e150ada5735a4b1a3001d116231f7af41a,false
a66c9e0b61ca29f2bc9ccc40015e29833c29207f,false
af1074bc851e22d4c5c40aa280f54428ef0375c2,true
0d8612ba4bb567fc3fd17f270d6a28e4748145ac,false
0c62361bd9966331bc382cc2f028679cb7be1fe1,true
d1b1f46d48c5dea6aafaf2a2009d195a206ae63d,true
6c8654cb571291c978e12fb1a3c5ffb282a7f19b,true
e4b64a59095074786e1b98b42fa230d6375c5d89,true
2637568642f722ada90cc284f06755ac9dcbfa78,false
4b3bed557f18c0f6b6101e90499dc5f2d380705d,true
90660432b6d6c94ee69e063f0555f1039ac472c4,true
a51a176fbe644c124a5a1e8029797bad2c6c12e3,false
eba7d057fb6acef285e31c5f5652b902a949d3d5,false
66f9ff0d8eea97dec3c46771bfd05ea872f74d67,true
22d6989d547c7c51d74619df2cd046fe3077cb49,true
33bdf713fcb2c1f6d3c91c7964bf1bec065913f1,false
b92bbcc2765fc4292a93f00b3550bde0db1ecc81,false
ea3dfa44fa4cd3e2197fbab583f956c2a3eaf8a1,true
ac6086e180bab071c7ff71b72120d3e2273d7071,false
781bbfd4d3dd9a3a82883822ac4519d555146bd5,false
66d810579a3f310d9c6ecf48a360db9b3ffe9da0,false
1db8dac3b57d99665a9ada7c72f36b5abecf30b9,true
40779f0842a094dad59a161f816e7e0c63123990,false
bbcab8099ef416cf2fb522333c76e65610e9c720,true
77508b5d5d0643018307a2a89663fbe6ed4e84e1,true
d15a9a38408e9ee669a1475298205ad6adde669c,true
5f62915ac88cf29d8ceb3d6be8f938d5716b0a46,true
e761bf1cc491483627e705756ddf6396ffc1c4b1,false
ef3c5b3cebb1b058f79cd50c6f6e801c452c466f,false
4a4496c85ce25a5bcce19d661ee8517264b7bcc7,true
983d950719ec1fabe03be4d0158c736d84b87ba0,false
5e362755041c969e93af6d717ef16ed2e93d399b,false
eaa94c08a7b2c973476d99a81ae5c85f62a1b55b,false
0c329ac18ad0a1d58436f2a6733651c37d390925,true
f2038e27ced3abeccf41326e7319418656827d9a,true
019a5ce1f8598735c28d04b9222465fa6621079c,false
be29a28fed81c80c8ca626691ad20b7f5785f6ff,true
f701716ea20ec8818b835aa7a661295b40696e63,true
ce3661853ec235872d19b22490505c3e9772f544,false
5b4bca2d62c47abad9609bfcb2261a03960f3433,false
da50c2f7e2660da7efb2f931499ed479468d9152,true
1119fba6c9d641130b98231b8393b33f1e9c8948,true
23ffb49b4a8418c17219662da0774952eb18a2ef,true
749eca7bcbda579d405081b25da9c38cf6c96ed8,true
4134ebe2df92a0dfe4e3573814d4ff47e26a0886,true
a95c258a46ce79735572145f82de1ec0b9f9500c,true
114f51d39fc344bdcf91a569dedfd72442a5138c,true
00a3fc7d58504d42fb2f9a264bbb9e48455292b7,false
d79b2c48449a7b1fa1c93738e0bf6a03f0f74dd8,true
2b656142b4d01a5dce9ffcde1cd72ef4a1ec1441,false
51194122aa0918d324ded3efe78ffcfba5fb70af,true
bb286f21405f581d54c70c5f7bd1d55352086d5a,false
1320f1b9fbe5699dd30300f55737d26731035e5a,false
7b97feccc4f14563048d36fb8d8a1cea34dd19f5,false
d6eb0e7e9ffbe7ec95d757d0c2369308b7b1fe9c,false
54de5166471bd6949de6ce49125c214a65078485,false
c6af8df3f31cb940d88a53eb9cda09a14963a07b,false
9530c2572cb7f8d02f4f01cc1e9116bd2b9dbe35,false
92d4ae37a9dbeb348f6794339f68ba97640ff257,false
fcb08770a51e77a756a0d48e928cff3f86a07c15,true
db5d62571c5dcfbb8f265d22f5b86211cf23f92c,false
b458b2b8603f3b90ee35d79c80383d308333ea7b,true
5d5565f2affa539cdf89f18277d3cbae9f2047f4,true
e7638234d2c226fde54ecf51779f3a396183014d,true
027720dd735379b7cd4479699c1f299e42a72338,false
03bfeb9b9accbd312352597269f0b55ba100aef6,true
84caa01ed0f999cd71086fab7c1553b22e5c58e0,true
5166b47734b8616542abc44dd7fff8089db24869,true
06fcb18f25b4afed8a1b3752941a5d26a2d67bc8,false
cd101413a2828fc790257eddb8da7d0149b4002c,true
5611a9970e1942135a413f6244473f8ea5094fbe,true
b613052558bd317fca28b8758a519c32f7264fa9,true
9ffafc45f7a2bf838733d2317d50c6455ef8b5dc,false
06fe999adc00c7c0d000efc3d61a59b6201bf84f,true
7695bdc0e7a5a0884a1fb5e70e562e6d55f8a949,false
34841c7f7a576a7eb2d8d7022fafc00eedb3d342,true
9653268c05d16d053579f0171fa8fb70ec423f34,true
7c43efaf10f6abc8819026f7ea7ec08e34fc4211,false
709a024e8c8d4282552fcbe2ab01db59a45707b6,false
32c9902bb83123d383e20517b959f16c4b7a6d91,true
1f779fedf88f42b684b33fd1830d938fb75a2485,false
1fa35eca019b32e86fe4e3aef4b87e58d45221f3,true
8774c697cc847102594b2d36a90be73cb941407f,false
d69f94ac215fe36794ad963b9885934b98a85c28,true
d1bc3afb8ccd96de7ca8b9893b6598b14ecbeb8b,true
b500566970e32c0ed81245cbf20a9a3a29df722e,true
abcd4c2f9863fa9f667c68cf9b3090423a8001bd,false
307b4cfa3d02d983c1055a1fcf2d7a1e2ef3ab27,true
1ac464eaae1c1c9d996b0da5e9f2fb13b25bc36f,true
79c1df32cdb008c99d7cd834751929fab34b49c5,true
33f622c8ad832aecd3f95b4399dcac1e4b99e987,true
1f567bcafe3e96cecf0dec0682117186cdb0c6b9,true
6b1580735e2a2cb8195c64e5bd6bfe82a0db9c74,true
a27799d3480ea36d2cdf7e399a563cd6c0a13755,true
e9912eb1d3d12abe2ae369579fcc3d8a87f2a283,false
3ed52c6ce725b4befaa26d535d3e71fe9f4d00dd,true
ecf6b505ab4655e6c4c3e334aabad7bcb2e5df71,true
49de488b7cf2c59f6199ef6b5c5f3e7d92317658,false
47a92fed00b23463711fef6fac3f1fb99b751928,false
0b460da3ee683d78ea242d6687898bc339e35ac7,false
14b3ad2409b99ae70cd3c0ace35974c73617f17d,false
c852d2ad27e0c63bebe0f3867f2e65d59570a024,false
4867422d6e0fad4516421366f12fc99229ea0bf2,false
3eb679eec1d0718a78a7b5e2037168182318332b,false
2c521aa9fb8c5d6223936f729b6a96edd4d56306,false
db8af074bfc14f09405d0e8d6a386d482b5338d5,true
10d795405a6b3b151a7c0ebf5b354aef562fc22f,false
fe9bd887e0fe05ee030db500fea67b77639c8790,true
487dd9a651de7dedb0b518de6d299a9ff283ab2f,false
6cabb84da5ba38bdc19661e2aa0be6fa4ab6beac,false
057431051274bdb41aaa810db744e287930981b7,false
66963de81db50b76d3ef7f2b1a8dc80ac1c18600,false
c07afa7ce4f5dd3b4603d448e12069bc2e51b7f1,false
74f38c2f372ad5a2d53b282cf17f53aa97a76d41,false
4d6bc710bd2c17069e5902bafa9d71271d1d0fb5,true
de1a38502c7747042452eec79885d3206e8bf939,false
3d5ddc95935c009525e22469f7532cc9633b7e23,false
8354ba5a286dd616e28c69274aae9e409d848a68,false
905f3287a4fc2dbd3d376e0a9cdb37106ea4338b,false
6e9d27aa12e903a7ebaffaf366e12cfe7622bd9f,true
5e10d7da26a6c0c66be2adcaeaa64d099e30f713,false
a5533dd26c596185fa6b1be510a973ee4fc3f0c7,true
0844583ccd5d4427e01dcca15df7eacbe1a4b2bd,true
c70c29c1cda284f217ebadc90224027227c23d67,true
0be2d5d341a4365caf6fa6fb7eae3c56d67ec1b5,false
f101b294715a321f43e5f76a930479ecf762f4eb,false
b72a431a585832c81277b5e3287865dc09642f38,false
761b9faf59f0349dd0fcfc05d5c52da8832037c9,false
a6930155656a9705bf7048bad761e2b1fcf95cfe,false
6ed3f2c57413842454205da0f5051e0acf2651a4,true
e35bd700e0a224bd33c7e89ff41e24b786b3d703,false
145aff0cbeac477c86223dd7ae1eb32649df538a,false
910c7280b92520c6c8d3ffb084b5ddc0753db3d7,false
97cd4c948e9ad68c37b76bf3f7c0b2e17e311442,false
4f06bbf3f686a96cbf449bac69a1fe175087ad94,false
d22af50b660320da53ce662c3c781cf37516a1a5,false
a31f650216cbe9dd2501f26dbf2439d2f0934824,false
7143726365b6921b405cf0ce6e067aefe10224e5,false
d0667de09b490da27f357759f89accbac42dbbff,false
6f6f183a05c8c04a29c15451f4c850ca6e786dd0,false
734c187e39ef6052052342bfe86c7714c693aef1,false
072bfdf39363afb06bdaa8e616631233c41e86de,false
49251554662110f072693e5ebfd9a08d9bd6620a,false
3e9f44409ab99e540d777a10287540a27d7c0219,false
515a72396ad7f9f1770084ea9d0ba72f8ae6ea1d,false
50499ba6c08082b0cab57d385def2d90cd38a2fd,true
d59c6f034183dbc3a5584b477a4e161a5e61882e,true
31e5e9472d53bc03bce0983dce4d9cd087c3394f,true
fe6b645a63154ad50ddb192da8610fd7628b06ce,false
c70ce41587bc9cfb230fb6a77bf69818abf7d5ba,true
abfff4b75f1757d0e0f7b2d96decb9e6b3fea0da,false
9f986b58c8b784d947a7a6cc66dd23bcd46210f3,true
7a26d5786327bf878a1baabc600ff0e7bc5d68af,false
6284df31b013be59315fce42950d17ba14d57dbc,false
69a47278d07417694817ea20833fb577b4eb50ce,false
9c9a7f0b2f5d45b2515df021fcb8c00e28f7f3eb,false
4d988229b5299e04010c3cd5e171ade5577a9e2f,false
b900298184649202c321b8999b1fed02272a87e3,false
0edffee8c65f22446d7bd9806cd1a2c41c034a3f,true
233fbc10cdbf015745036964e76c1e6ba54f0e81,false
24c30b3b8a661ed1887c6c4bf0d062b82e311fa3,false
439979181a5d683b5216dc5dac260cebbe79c01f,false
b39e87343bfc233f79e7aac9523561275dae2662,false
9e59c95ab5ce263e90393fc3288fc871b512fdd9,false
847254cb34de8dcff6e28485a64b2ac051d4da99,true
0ad01f37cbd2ea7557f9075c6163e947344a852e,true
e5569fc5a246f9578b1ee3ef69df2242593d22a0,false
3127775d9ded1da4ba40ea8fdbe2c6887a42730e,true
4c03614167736fd3d8d7e37f411d76a1fefb6757,true
2c3fbfd2c27ae4be03fd7d1e3990a8f5e3589fcc,false
73abfdc4703a27439b27fb44f5770cf5ffde0281,true
6140ff1b7d0682560a10df1029ce651912286188,true
e1da88e4b068155c731d4fc1882c585f50736cc4,false
2e5b95a356d34128f9c901896c0be5f019d61de7,true
3cdb5093d6ff5f59d64078fd7080e50697458547,true
8bba020dd5b6cb80bdb4f4c95197640179fd5aad,true
d6e001a8333c1f144eed196f796f78e89afdbdb6,false
8b4de2207a762c0afa77d0a61c1f4829ff36881b,false
f09a4a7d450974d8088ce0775c7113e9d13d770f,false
56901cead10e96bd8d9353820b0207a565b20322,false
bc0398624dd9c1a9b186c658dea6a76f39baee39,true
c9d86b3186d9c84fbf75d1c3a2195ac581163199,false
d32c60d81e24864f95559a0b4a74306586cc1d37,false
8e384a718b642d4650c00da32f120ce6605a650a,false
b6e8bc425f0e53477d586ae0845708dd672585fc,false
8aca1eb90e8c3ae8456ba1830ce2bcc057dfd6b9,true
f34dc1f3faf61c7df01e800745163452ca991dde,false
e3d16d962c54d7d7849b10294b0da0b7ceb9536c,true
7de7957a64f90ba63698335bcfcb196b85e2b5d8,false
aceb073cec7aae53502521a6e1b79ab5b6de64d9,false
f683b85bb9dfc02038965eeb637c43747fb1ab98,false
a5d61da8948c1aff3b163e632a2b566ddd41f0b6,false
a7af4b500c63f35e1e5602f42312edc9e8bf521e,false
722deca790e5c4aa8a95e0aaceb32046e6f78d7d,false
0905128f09155bb6fec74516a312a5efbfb4e0b3,false
d7042eaed3b07bcd41591ac7177e731ad8f70ccc,false
d4d7b0c50a89b4a37bb3b336cefd9ff7aea5d11a,false
245284980e02f2b317e2209913260be9c8aec2f0,false
c84af5457ef8f8937fbaf8a155777d9d3d97d377,true
88c0a3e79804514b3d15ef389f596bf49d2625ef,false
6ca0a141654e720d8beff4c9ab87d5a47898e0d6,true
89a0bd316cd35dfa893b00321d1454e174199c39,true
80519408221b64a632d97516c941c872987ad707,true
228e435296ed42b9892d847d1fd765696b6d902f,true
7929bb35dafeddf2a011d178cc2580b24f7aad3d,false
8017429296473c74302ade54f86462d0d411d2a9,false
5670184a5fe57560876ca2334a28b52da1440684,false
66908c3520fc2ce87e66577eed7ba84795fd3893,false
40380095090e4eb7a7eb1c8d3a2e90a4567eb429,false
38bc25f793a32b157ac736303cdaf7abb3d19ace,true
caf1cb00052e12912a5559d3fcc26f64df5828eb,false
e4051528648e31772737b42971a5dd26540f9797,true
e98002fc241423d3ed3e0514580b739551e1a4df,true
44800132e4b57faed5fb4d94095cd4e29b610abd,true
ba4699d9f9c00d7174574769cfe7a15dbbe160eb,true
60b3630500f10828f0537ab04521187952034ba6,true
b9b70d28512a2fc3f18023c721686b4d29039276,true
389debd135fa2f896504e01ea45c70985c248592,false
d2c138a6fe175f499990fdaf8dd4852124f063a9,true
8c83f4def75da4fc39405d250bf4ed0811971235,true
0b05ab82931f70af4fa9ceca9c4c4da75f29324b,false
29a4c33c028b5b586383f07561ef5102d666e9c5,false
762b7e4048515721b09965db58b0c179e5b43398,true
657af6a9ae9a3d86b3126202300891f4164a17e6,true
3cd843f30e9d7722d3b1e30425c5445b61e41d2f,false
686e825b0626f6558d64ef8a903e36d1791d5722,true
cb935907d8bbc4460351cf6e7b7125f3922818eb,true
d88615631cdd36ae5b336baaf999a6361bba8c1f,true
1c68c4f23d4895919878dbef8e660d240a99cf2f,false
320f8431fee2d0843f11764c38d6c7c9acdfa4a2,true
2a7697713c45e1f8cb8111cebe8ab2603ed93ccc,true
cbf271a45e84801f8a55860384c9a1b3d8ede169,false
e89694fbf003f1d410415fb5696e8682a50a1ecb,false
1dde3825c5889065e3ef54d5d1aaec307c3b51c3,false
c54cf398d4bcb07fef4882a8d142960c1dad0db6,true
0fc762e0ce9452a8d763bbacca42724fdc74c703,false
f40631cb0d34d3c608083d00d7930a93fc8cef83,true
dea62a89605620349cc98937d43af30cb9b68146,true
c27e2487a791396bd3b5f6d5a1601c097803ddaa,true
c0b663eabd683507baaae70636c753511c5f52ab,false
4dd8bb56c43c0d3f246cfa78e3ea9655ca77a323,false
9dbfd2c433a47292982391211804a0be0115c8a1,false
5c6f6e7de8ffcbe6a99c736053cb6669f6e8a3e3,true
724a1c55218d81fea4465a4380bec8408263f05b,true
82e271045ff3d336de74b88be7f8cdf90edcb5d8,false
af91773a0db541a7854d571f191a2c79bd90f324,true
12607f465e3afc52a5d6f3c8aa9835bc7813265d,false
030cd00210a0f6142b353367f777bb576babe8c4,false
c3a719727e7bbe5ebd30654f9e187713cfad0393,true
6f8e8a3bc5fe32d86f67ff8d69bc4cf203e40ec3,false
1ecbc229c00e90221e9c8dba308393d7ddf59430,false
ae7d0cf14ee4946fb96d9bd36f1b96d2f5ad6a1d,false
44b746091fe5d7f7b2268200c7865b5527be6239,true
43b2f49229f1f66f824a88daec18b501dbd5215b,true
5c1c8709a706b0fc5c01b617f7a242ee33e8e243,false
db713726472adcd138fc55bddfab2e69b0efcb7a,false
b2745cb5c6b3c27ba3aebb51bbb35ecc4f88b1f9,false
703a46abe74f8a132b568b758c6a2c8490dfcf3f,false
e0b10e1f5747aa54947fe2475902ba59799bce16,false
d88f07cbd6f661cbb3802cd528fe2445f74d2194,true
593de513f86f63d5226b67d7d733cb5244a465ce,false
17e755f4d6d987d7384182bc55ad618f600d2b29,false
998194a63cf6d594024b74633326530667f24e5a,false
0067aa1157487166635cc06708533123acc49458,true
b5e1a9fa1b26a80afdfa051129f1d77f7846e2b5,false
1fac03c5368a21c96bfda9f288ac7033a85ff8ef,false
685dd22f34cd57ea79a27594c12a36bb1856ca7a,true
ab13cb75ac7ae2b42cba8d5473011820aceceebb,true
90dfa7ae80497c7c2b5f44e8604817e7eb9cb6dd,false
5c339be3bf9b33e79407137143ea1e717cb1ddf4,false
af03f0adb54b05d863b0d07bff3fc3754662af0f,false
295172de1b65d6e4dea6733b6ed5e43cf0ec2991,false
b4f7c1756a7880a1f5dafd18f362a3c3e5b56ae0,true
ef5eaa557123b6d28f39f54f61452476f34b55f7,true
974dc9aef879122ec2604dd0f825bc8828460ee3,true
a1cd15a0e97c33c3a96f04dc7710f5db8ddea6f9,true
8c1c127704e4e1352bcbd7b1111adaed99708c05,false
0294b23b13e685fe543bacfce545c37dab6ca26e,true
8cebda7243b670f52c8cc2408079e907fd500662,true
4b2bc5baa1e063de2f90fcb97261c127104750f2,true
57b692104d6406276f3423ece388bf8eb130d6a8,false
67cc7ae404304b9f86e8594f4c91103d4cb581b5,false
2afd14d186755e2f19a33ec9416df10c512c459e,false
8f0f283c1ccf1809a69d56ddf68333006c2dd7ac,false
7779a9e75d92509967ed6542eaf97b8de4b84f56,true
2efa032c6a0899dc8084839de9e9e1f8f7547482,true
48169e6c57d3154f0bca66b3e11fd268a6c2ad3e,true
cc98874756ba396681dceed970c76501c01e49f2,true
2eb75222a66ada565840be97882fb5f6c5e3a4f3,false
e7c0aee7eafac42921a43d885a599516b32d11e3,false
b125ecd2cc1833b5b13b18b575a5b96ee2cfc018,false
63954c61b0dd0ce54f48a2871e7ef68eb4420a03,true
12e0ae91ab62caaa56e92e7b99b1481d72302784,false
303a82cf970ca078f0bbe9ca79f1184b69af3feb,true
eefb9243cd59e20504d42e5313821821776c126a,true
2823d9e5edf97ea81143d99d4524dcc769416f74,false
079b0539daae5fc73de18d4a5cf6931e016368b2,false
6b6821baaa0a7499eab380741b862b33c6413ce0,true
98a3bce0f5cb4d94620d182c841d8c2c06cb282f,false
86e5e6607451fc1a35228caa423a80b5d02d2c21,true
2a15a97635e1c8db9e63a33eded4baef61838993,true
90c16eb2f449c1a687c71b8bbf1af68de6253dc1,false
e9f402dc2d727dae80c61164c4c7238f50f2416f,false
87022d7c1e017b2edf2b0b0fdec8fb6b5ee570ef,false
e086a105daad8379355b5ac91aed2807ae9a7f46,true
43c424e3d9460944fa65fac8b0b4e3c9321252d3,true
37439dd0e117ed054c74119f415ea16b61736fff,true
9d1ef0eb895d57cb2582a4052e05f74df562df85,true
4af1391156bebd57a787d14d8672891e1cfde002,false
28b93306f6d66b5e7748e80c228b28c950ea1abb,false
f09ccf6bd0009abdd187a3e9a01f0c669eab9aec,true
8d36b08b86861c6b7c10f90c9b7e6af37943dc7a,false
d2e99ea826860c8301f1f800d9c5a6899a5edca1,true
4f8e19c4a6295c4be5b3eb598e5220fac0f8f9bd,false
70cbb11fd5a576d72558f4b5c1446c0ea88852e7,true
409de85ca669715c0327e553c83eec8ffcddd3c5,true
a7952f4938bedd3e8422a2590035b3bddbe0c455,false
83c51718fc1714dc3e98acea7fea823c1f9d6833,false
4589c1caa28dfae89f6f7c304c1969fe2e89dff2,false
6e0366704283494fae4d9226d128344dd37350cb,false
b5587315af6febcad7fc067fb7d94a8e36b7a4db,true
8ea2d08be7cf301194ad39c4dff373799bd01cae,true
ef4f87e821d35dfde18bfc67bbc7a47052ee71ff,false
34b7661bb9a91196ef9523005686277d1824a242,true
45fad02a992a4e0f6e6eae32a7a177b82da74878,false
0600072aabc6267c58631637ac8efb9585cb1971,true
1fe347c28b9a502fc86d64cb59e0de92b465799e,false
d74c4a3a35c2087d082216247d178da875d803b6,true
b739d527fef32e9f90a774f7352b7ce4c75e088e,false
98008794e8d5ad9f64a7d2388160b756246289cd,false
7117ea3fb347dfa50f508aed7fa8b3c69616aae1,false
8942add1440aa2f6a9b2b63e1d5e9c3177a8651f,false
2c899041a59970e03aed5ec701f41408d11df657,false
e4fd79e4accf47d6085412f456126e5cbe96fdd7,false
57e9557d8d3f50a307f670bcde564ed7995eaa24,false
d50526366310895956d3c233bd904fc93648d6bb,false
6996948954ce1e62cd525d3c0ea6bf33dd7da25e,false
3d070c4e912d8b0217369223371f6a1cfcd7923c,true
c886713e5e575076aeeae986f3d20b6e0098271b,true
bb0587cef5a1d063576fb6c4526404427b8bdd1a,true
e246acfd228e899626b4647ca310e785effb6e4c,false
ed7b4f0f14578c01d4d30443d06f73795a54fdc9,true
846996b3d9cf0b479ebb079a37481a799082726c,false
3699011d5c4c14ac6c77954271c7d8223b4897c9,true
bdbc6c8fb009382ace78ffa19744c4b920d459e3,true
aa3dcd264481f9be3532e24df29290acd918ad82,false
fe8e29e29e97c2c8ad6864f9f3f68508683d69ea,false
80b7940633625a0ab04a521e63b5dd86ec31787a,true
fc67d6bea4add4b66e227ca50dd5534925d43cc5,true
0fef6249105584d12d2fd1a2116b32fd7dbe0f86,true
1dde39a3ffe5d86c73562c80534e81aa7d051e5d,true
511a45b6ba6fe2b83bfe3013f533841395f42b3c,false
14a2dbbfff0df5e5c8dc42482e761d9f99f05292,false
8564bf8aca016d23c017c13bebf6688332205b36,false
499ecd7a1e8e3c0f0615be2dc5900fea3397bd82,false
bd82b7c47d7aa06bfb431ca48d97cec0f282c531,false
7f1e186cf994ca6f1930103416d0987289b453b6,false
ee06c4a41a1ac1418a899c2672b405b24904caaa,false
98edc8a988aef42cfd7bda2db2c5315caf462396,true
62e7bb71c0cb4ff8b9737389e320bd1871d9b15b,true
614c898f4ebdfa6fd7ef46cafec9c2df9c718fff,true
a28a055573617342cae001e733c53ab0d5c6ad81,true
24d1a195da2cb81c5c4b8ea48f9aaf5a84bc9863,true
9cce00cb43a8389202dd4394f94bfd18d68ff8ce,true
1f652b3b7bee8078e245e80e80749af60381b434,true
816211fa46452a3f11e0b544230a7d63435779f5,true
962d402f93acb1ec8d56797d89721d846f751c2e,true
f25751db06a557e0c16a5165044f69166a017226,true
69a795e41f45601f16922374ba411aa88fb2d78a,false
a3cbee8c1fb3832d9b23d9a1162eae3813b62a32,true
62f6775b2075a6bcf2aab46f84da917a5003549c,true
cd7e22341929e245d4b34134293bce204e3a8a5b,false
ddf02838bcf03d588cf33f65a9651d95b2b1b583,false
5eef7671745bddaf0cd57fb82c234b85b4577b70,false
42f724636f5b67d9fa486db8b668cca5c55c668b,false
c54eb480894ee3376a0df5185655c6a516704001,true
205c552c6ecca8be2b895baaed2ca5f91e55341d,false
849ad4617ce1bb69a47be554bbb31005c2399f21,false
99ae37201dcc52412820173dadab7e908a6ae6ba,true
0a4cbca106517ed8ca9855fcf87f0c2e26f1dbd0,false
49d9441bedcf6bd9331e0e62c2b2657bdb6df0c5,true
5a4bbf801df1c310eaec51bf51d972f9628e166e,true
adc641505372b3c862530906dfbcdac9f573fccb,true
b07b8ba7ead3eb15ec59a97433b728fac7da5e03,true
558df43b7a444ac1bf5cd6124115694e99ef782c,false
e03e6e21214fbc7c956b819c8bd33915a2167319,false
3ab1919987640f655f8b369bdd91718227dd1cbc,true
dc5760e729ae6b4e47914bb8353acb31665c824f,false
d8bb0b935572d8319461f9d5ff63103191b86564,true
5eb8a23141084641ef13e94e3345c607b94d3afb,false
41a905b21bb776dc09b934736ac47439c774e2be,true
47a57f15632415dd7739e8b900f7d0b196c3ec76,false
6b553ce3d409de388762a1b90399d492bfa8de9a,true
2ee362c4d4826cd103503c26d2750566141732e4,true
673afae50b5c55e4d796043491a0ab31a6515a70,false
089458ecc2e1424e2c766c2ced13f28691e98ef5,false
3cbf9dbee3dde804b455653383383c944f0dd766,false
6df7e287c5a18a304467a3e6f7d30c97ab4ac3b2,true
3975ac4c8209d78abc9afe4169119967d145dddb,true
82cad53fa96074252f8183d1c946ee366e6135c7,false
dbff7e9ef54be8e4052c979fd60f144b5e16ed33,true
a685f81f82815af81eab6081236cfdc9af04fded,true
d035b3e15663cf54c0aecbfd8fbcd39a096ef5b0,false
18810b1045766ce0cd974c8e119cd211a19f0f03,false
da9d8f0b75511587d952c6cfff8187f34114a0a4,false
0b232f7f366fb0a25c25099c63e16c09f8454ee1,false
6f1bce8037079c645ef66c5a5411add6d8170416,false
44e5a8e91ddb2bced043c5950af1b601cbb83fd4,false
27dd2ea351c00fa07ecfa39e6cd12740279d3519,true
d94ad26a4cdf5e2fe2ee56f88bd441cd908ec909,true
c1ebc886a406cd2396676f481e5d9347b84beafe,true
4221de6fdf63fb9e21744396d699d51d88a8fa85,false
0b0f775660c63036089d58f87fcfbf4c9b34646e,true
eb213822455b44aba89e1604b2eafba2c5193d2b,false
ad58abdfd3f6cf63079934d36dc8d3ad40f9a827,true
a1fee5bddbce11dbc46f621f956ba34137edb6cf,true
090e128c3a8231e314d3b64b2997668b3fbfa164,false
884536c7a6dd0090bd4930b11a5057efc1638e6f,true
3b6f7c2f0820f4f70251db5b1c8d1e26273ad218,true
154696735e258051d2118a7150cf913bd62b5021,true
72c5a6197b66a24fc473e8b05048fdce3fc49646,false
866b68324473373dc88bd452e4f0236d6f519328,true
99e6e867632c07ecb9e1ad5cdf47473ab4dbb440,false
997cc63daf1f99fa3d47603529963d90ebf22b94,false
144bb1b483331be1c6c64cc05d7eb8ce1c281006,false
3eda7983ef723579cf2d4b5b3d4574c7c9c8fba9,true
67a27df7f4e3927c6360476f790ac72360d9457a,false
0d542b29c339542d8b1c15b10377274fc7cb64a1,false
5b17a137dcddae0fccd99ecdaa71c04788330b22,false
70b580b2ee7df820e033fabcb1c4627904149c27,false
1365b9ea5b4ad5e7bcd9f5f0df78c8e24beb2937,false
7ba0eb7c06db78030d74bd9d20728561e90fa541,false
da0995d0193f4ed8790ea72aad9e3cef7ed1579b,true
c373fad6649b99edbd960c9b3c02f78efd3927d5,false
d2932748b310c332670c3d74500c20952d06cf09,true
66952afa517d11351a5eb2200c76f518184cb8a2,false
d689f246d0a6a52b3b518af8a1aa93ac072f22a4,true
be8214b46aca74b3e20d317c2018a81041975f85,true
979af22bda580e6914e814a9bfa00d64a956f990,false
fd0b398f5047d6707f7e96fd8bc501aad262033e,false
91b5f6369e290975a43e473c4c811983fceeb7f3,false
57b7d8433207bfcbf48b9eeed6ee7ae9e2bac419,false
51443e77ddc3e84079b600511dc7ddd317d0a751,false
0cee85f81da0c5bd1411bc5b4248a669c66031cd,true
4df889f608d674bee8dc73a507ad38f80f0326ea,false
4302dd5670504faab5465c2b4a7e3fd7d567ff71,false
450969a72b0350d42fc69a1d517e047d2a5b641c,false
b481b45083219b31b80332485f4211852d9b3e3a,false
f91828786f85e363986259b85b4483ca2dc4be8d,true
cb3703790e0a5c8db0fcc31a981548fc3e9a2b2f,false
498e034395b03b77df66b22bf726d2f051efc824,true
9a9063bb1e44b162ca634e57beb207c2dd47c12c,false
dbee4520f4883b103e9b99d0f2432fd833531fe9,false
bf9a6665d58ea773b856edbda5e9b3535fa8a5f8,true
6dbb3ad25ea3d4a5e03a0c9fd0b4dc6b4447dcba,false
c0c24e04863e4457a9b2c4dd35830d2c151819df,true
2404b20504e39fcf7a92fc5348a522653ab98ec6,true
bf4df1e6d86e2021ca1a59c892071107bb1798f4,false
8c001846738d91b5d9344c0128a58d97bfea82b5,false
c1a85b6d78fe14751eaa1275e1d38a0300417688,false
c6ef580c02954388a34e955675cf221c8aee538d,false
d117602f3f77804e2584a050caacfd604a04de1d,false
619e9f0fbe7e15c37601d103e7ee6b60bf322243,false
df0f7f340c9e672e9ceb24aed2138a41f05b305e,false
b8c5417ee1af9c4a5249f4e004908734b1c36f77,false
192703a7ec699d0ee7fc15f0886c8a0479d301f4,false
1fa6682cab275f94e2e8312c75cce357b01f2df0,false
5e06e88a038179b54f167144ebd1441a49aa25c3,false
7c63118bc299208b1222df56454700a91c2e7a75,true
a3cec579d3e0dcc8b14fafce44e9a4f0e517f5b6,false
501526e666541282b244ff91ec8e4b93f82bc768,false
3c47f0c27f6a4f9ddd4eca28ff6607d90a748a68,true
dcf1b66aeb82d98b61861626de61963ded9d109e,false
3970c45e2cf13db77bf65732ed8e069f5a221406,false
7076dcc6df0d657844e66a5b391f7ef8b29de63e,false
d7d6a02b301aa6c6889639ac91176d23d1ba9bdf,false
7b602c7310838c9276201ec80cda49ec94c30776,false
8607f4dc563ba0ddbb9f61f61369c4412539930b,false
a1a9c1bc2ca580e160a35fdab022f153e361f5ee,false
581ed8e81b1f94775eadbbb5ecd3376355c0f3e9,false
b8101835a4d5a57da9317919306684e396b11455,false
47dfc6de90cc7f51d315798e288e060dd912d981,false
ada0fc7aa06a2fb7bcee7a90ba147bd2182ed00b,false
ae5bd313f9d6b07c946bee9cc92b6f995d4a0832,false
e45e5981874637b75dc36d12dc98c8aa8bad9e38,true
da878045f72fab9ccb6a0878c62a636fdeb6300e,false
5a99cfc6dc519f128a4f9d798ab635a0eed58543,false
1331516c86e6a7f64c1539e67515b22bb281d8a6,false
ac2abae3ca05200b3f802c55298be1dc91858abd,true
e463884dab3a79788041ece7e612bc9254e7b421,false
ba8e9ccff996a3b538372f2fb46a0aafee8dc851,false
91d94648a4995a9a358da1c995ad3f3c80d93078,false
aa08d37a4975a5dfbe9ed12b68e382b0dbf05059,false
aaa809a173321c9a7c0437863491cd35b16e6b03,false
b82158ce22cb82552765025e2033b92d05c5b582,false
6ecf3f9b6622bbf2d7df6477359b26cc1ab87076,true
a6847b8835101fc417dc94dc33362385c0f5a571,false
c5ef404a9116a87b7d6f3d7ad9d84e8b4154a0dc,false
7a7137e6d21f89b23b19ab688cadc4bd7795a347,true
783723d490bb3ea80d6e5e560888bc6f0c31eb83,false
095d361ea8b19ac4e738749741617fbad3dab505,true
9e54e22241b41cfeda7cd2fb3e3d60a1ab7e9205,true
4a8ca3e7bddf88f272f8a49cad85887208818c32,true
cfcdf26a488dda70d66dc287b17d3422ef5a10c8,false
e09e4c93d8ca8bae5ac1ba3941c9a118a7b95dc3,true
75f5f8eecd078622ef5584b39e6871020e35e2d1,false
f768a8c6fe8642cdc97ec37c1329baadab9836c3,false
782b93302d696d0304f7409d482a05664948467a,true
7fa7342ace9c596b53a2a87afbca20628953d169,false
a133a865085cdb14872cd210e949eebfa2edbd0e,false
143a6658da967c7e5f4ccd4baec9540325f056d9,true
1cfc357968d3333dc02ac2f5090b97c9d10de3a2,false
4c3b4c2f6b806ccf3af1eec117568218c2be535d,false
6a97c44809ebec1f3c5dfc08cef988f1ecb13c94,false
eb76b5c92d65549f8691fd7ce14190eaabaa23b8,false
1f83867481c67493e17a6a804c3872669b68b86d,false
e9bdb7ca52c12aef8196c84d760ba21975effb2a,false
212cc1fe370674e62ebce888ad3d08fe6e8eae51,false
09a03bc57998f45f519d724a70ad78fb4d2a890d,false
6e20bffa6019318f142a3cc18048667cfb192890,false
82a8cc43a69a54071514ad70fa78db3b33be231c,false
068b685a7e85b95e253e240e951d1972849c6114,true
bd727eb7de439dc6625ab9016eee886fbff69e2a,false
54aee3c72f53c929cea59373fdd12a838aac93d8,false
1b30adb6e5eaf1ef4d9d4d3645fbefad39324379,false
b813b0893199c92d4e1f7011c91903cb2514eb3c,false
baaeca88d1d4e0a3a57d5bedcf9ccbf5a4e03ad9,true
188e3b595441569bda5d9a16e031e7e147b462c7,false
2acbcae6ffa7e61397d4a62d585b8c75325ce897,false
718f5383fde91f43a1a9a0a5adf76ecb056478ac,false
beac856e02b61ef3e9af2ca73cca43b9e608e82d,false
3737bd466b4d5c7d8b8ae648085b7eb9915ca913,true
f9e5a5eb233de3478a9dc862a2eb7c67ba5640df,true
dbe89da014617792c33e036439ad1eb7b6a55b10,true
c9880249ca312f2ab6e48bb61d7fbc80c5c3e62a,true
b2e7701ae165f221c020edad6ca4f0971b77e171,true
8c5efab64d2880ebc5aa9452d5a4e5970c8a838e,false
d402800a7429cae80f3846b310e742259d9fa0e8,false
6c08f5e38b9e90905edd205af463d3839ac1d81d,false
897443097b1234eaca4e00416f5709e77c761f3a,true
c8073d405537fb7be3366163e3ad2e571972e855,false
7015bb697c0b50578056e91be6862055fd789adb,false
b4c651af18db35666260fa7f1020c76a29f96a13,false
b6d8327ce0ea573770b5a9d158dfb5c048eee092,false
0b81300f7e3ec9414f28d2cc5ef7d1eeba672332,false
f7585bf0933f47d6fbc37b91774954e390ecbfe6,false
7bb745c6064b1dac4e7aaa4764f8741b4d022039,false
c49f83d1ceac7af59ca6d1ca43e5b5c4e66cab06,false
98caa11e260e13024d2eddb60e11a1cb209972f7,true
f6a7400db070633059394c4658e84f00aca67144,true
b5308e90e39b74c8f7cf3fd4f35db840a289bf47,true
254ac7937a4ddeb055f887136cd7e77c2a00dc67,true
a4b0a1a1f9c46abd526488178336ec242b4feaee,false
0db1e20e149b019d433028d25a73dc72a5fa9fce,false
d4d87aca7a2e258627d84b31c91a71b048d163cd,false
19270b89364ae9323e4110f48df61da1fd138b1f,false
9d806ef440efc0f3e7575b232b27fff97a496d1c,true
a6e6b35ec59a7df1250ef58f5dd0b1220e87f173,true
36d53ac5b7c427e350d54e73e65d2e30c221599a,true
d0cc06fa88657fcb444fbff2c9b88f874299048c,false
3c83b3da9209194dd79a4cd12c4f4c29e554af35,false
9b9d7864bab054631798e7dd6571f31b8f8b48d3,false
0c03c0aff311c5074e496a3070ecaa18a5f6246b,false
61b3ff57e23216653a2e1ea684219ccb440b5fb1,false
46cb432f6edb85b4c345c72f5ca72406183cc143,true
fd9851876b085849b3bbd220f179cea25780fb6e,false
d0bd85fa5981b74568f0061e331c7785c81cf00e,true
d151235a133fab836b6abd2efc5d1031c7d8627d,false
3a79c83088a621a079565198e8207c4921ffbac8,false
6fe4fa2ae42585b7cd060e437f43c2f85310c96a,false
4e2c32e4e0178bfd59983a65ae9978f659cc7832,true
ff39d5c984a29271eb094a1b17a4f3c8d870b577,true
779b25fbd7ab88c3e9cbeb56d6a11429fcdeaebb,false
27e7e04a1245abbad2a086e2fdd85545f39b2803,false
a84047e1e749693811be3f368f917bdb154a5f5d,false
371fa7c894d7847161cd48f5ac153a63d0c41f73,true
1cbc2e25304ace237031facf3619c0441c32fb19,false
311e3ccb6a9597f260c35cf936c1ad704c0805f3,false
66ba561fa895dc461d4cda99453598f437b743c5,false
eb861ce073b2c3e04a5a3817910852bc79eab5d7,false
57d5e4f200b474c8102bed6e34c1158aad0cf2c0,true
54f38a4817bba4fff888ef28e709cef15b65d1ad,false
a81161a709a17968958f6a59595b689f038e5c59,true
1706370646d80c215ee5aeab4cfe9fec48f1643d,false
8490fb660bb6a6ad4593fd0181b6c396f88c0164,false
3c7d30cbe9f69d76e90c49bfe4e57397faa41792,false
ca4e580ea5cc8b82e866ffeb02cefc4f6a7e0fef,false
a08ccd4284a24db9a309c3d9f5c282f619aeb177,false
0c8a4456d7c29ae5cca719ea2b48c52a6aa58b8d,true
1b70c68165af83bb258baeb5bac7bcafd9b24881,false
52290f83b95742dd35750bf35317afeebe387d11,true
21f1b669bbb34e12406e0146d09c7be630a87ef9,false
1f14a4068049d4c21c21d66c8a25670527ef799a,true
3c9e39c327b1f8ef5f0635be28590a700d592ef8,false
75017826ea5e6a108e546c3f13600c41280ae882,false
ef7ba3b57c04313ebea7fe1dec2e26766e753fcd,false
a5388e8103e965c14790f3327916ee43841b49d7,false
c9b1375bd242804bef74ee38474b5166ede70839,false
d2811bd945d4c7755040499d4aa152684b63d153,false
b3e5f6b950c074414babb9fd5e537a4764c4d566,false
010308f7af610377266ece40bbe9ca586dfce3b7,false
81efcc1c95cd188b74163cd142480b685a19df34,true
d9751f0ca5947ac5f0f30d2a6299ef5fb8845ddd,true
39c79e30990f90b901b47405fba2dd9dc74123fa,false
7e51460f541423319a6bb00b790e9f97801ec54d,true
02398da987840a1b73d15ffa60befc61301ee29b,false
34ab819f404f5d3637dd3488339223269977db81,true
1c52ea9512c960cdff2ec595160e384b77e668e1,false
461cc42deafb35b0fc8d1ecdd663542291ab9310,false
2f643b11c11002b05144595e74281f67fe5d1ede,true
e1b0c973b5f03daab926a37a678b87061e60727a,false
e99382bc939f34ae335482112dde41deccca56c0,false
815883074d6d8d8ab87ab9848583607a89572b07,true
940730e9fde8f6a26624cee6c9d8847ba4d2a95f,false
3da0d85019265c0e8c2c517091c29aa60280fb4e,true
b64e518ec144ccdf350f51d21a01b065ffbe4de2,false
494d4335ff14f39e981b4e18dc993771b35a86bc,false
1e7d1f5d6cdaff367f619076c13832dd66b904e7,true
3b6e9d007cb012260274d2a025fb058cda11ce59,false
ce92078b53674731f680e2219532edd5b2ef82e8,false
2b32e6637fdfb4fa970b140b2c31ca221b016dcd,false
6549956ce7bbc58ab0e9c589774fb02a3a074968,false
6bf7b281ded2d9d33af1ee9cf69f2b9fabfbda77,false
d3359cbc30270d4baa926c9d04a48afd5f7325ee,false
fbcf0933210547311bd13ba9cb16797ef2a25e30,false
4ee7ff9360e3fa68fdd2c3d35f98019280001524,false
584400271e86d764ac1f6784c0b5ffaa50302a7d,false
1c6a6bb154e52cea405ea57b2aed0809d09900d3,false
a06ba04900a8b24a691a7917dc2333ef8e1656fa,false
bb0b319dd33e30e3f092ed63df6b4d3eff142893,true
2b0e00716164ed85ddf2500380db24c5354f0207,true
b6f39203378fc2569976fc2825469a622adf8fd0,false
cd7e8d98c306c92a85f5b9161966aefee765e463,true
2a01fb33043f47cc582fefff591959ff997c0ff3,false
e1f248f749f76eedff02e0bb809b882d3d9af69a,false
2b5717e431bb51a98753134992d4e0b36f7d540c,false
76a1d573a2517b6dbad712d9a73906b53cdc47f7,false
3a64a7ce13d2245ac68b5cef6b517bda4c0eef3b,false
299f0d06b8efc4b6b641cdf8ca278b0ec9b6b9b1,false
972c7b0600af66fb2d2b2a57e3ee7f529ed3ac38,false
22f88520de4c4617a915de38769a6afcc8264d25,true
4a83192ba95b3d7fb2454eeaedf34ee145572c26,true
65a6b6ce374167a53f19e50f68517a46887cbac9,true
9c1f37fe515a20322e3d3012c0b1ef9ef912abce,false
9f0e97a3a71dfd3c04fa0dff22dd4e6936648d52,false
2b6d480952c501e01ba707b499e693bcde20333c,false
2d8b2ff3b92f8c68f1dd7348d0df2a244112172b,true
8ce99ab0bf9af45931ce0c1ea04680570d11c3c3,false
98b12c4a1a19b095fbd2e832c6cb602a81b22a87,false
5e9ba2bbd1d0ee7e409aef61ee195a562b8226f6,false
a6fb28a757667947aa9f423f8e54b995a90f8d67,false
72cd190a2eaa6b13b8d95426f30cc61233b928f7,false
6af04281139f9200a2c0d40a7ea4155a80468e12,true
d54505947697088c05bad24a79cf084ec8d18891,false
a43e48eceeb53067bdff32aee1a1c67fc48e1a4c,true
16d34118868cb761648505affc81265d63d0e570,true
f9a44167d85fb65d48bb5acc5337e7ab23e5f9f2,false
dff6ddfe192ed168dcda39b0afbf737e10383283,false
f229f72a2400765c692a364dd4bf297249c7ba94,false
b7d4cc9b3af8101bb71bbd5de2d78e971ce0dcb1,false
5b3c778bd673c90f3baa0fd1c75d79aecccb1dfc,true
9a4dab4dc1e51d9878e5367dc752b171121e27b7,true
b07bb8377505511f6c0ab8aa24f63ed3a5fc7a31,false
4fcf2916bfa97a570c7b4fb89ce2f8a5cf12f10f,false
219ac0fb19772c80e715b1957f4e0c58b6940e73,true
2bf7e49c575b7d87c2f40a8f6b535b425cf7c024,true
1f4cded4d96073b4e6080e2584c7904cc74db92f,true
68e6dfc3c7eec9d11cadece5bfa0e6b995860857,true
46413fc86cfafd7ac90f86bc53d37b148dd5b2a8,false
593829ba37826b355a04690ae3dcddcb80ce855b,false
1b8ef8fdae34278ff396ee79b7b03f702bebb1e3,false
c1b9a2afd553e0b7502775008cb1919ad043d557,true
56c0d398d74165f0d5b8e674f7c81cf02d916a38,true
ba65533b6b2cdffa598bcf9f80424560a0242f01,true
fa291ec67be8f26de085f11f0c6853becfbd7002,false
c809552af7373cc3250fbd1c240b83048b124a40,false
64d8b8c871aa4370712c66e653aea81cb120b7ae,true
2fd62be1942d5f84d9252790715995bd36c0ca88,true
7163fc044393055add4bc2259f539a0f7b37c527,true
c4e0c6db2fcd3baeeb69cbd67fac0a9119045f4c,false
b1986b9d47e347f963605c69f45ab2f74494ea92,false
d7aecf7ece9391afefe203a44f079d4439d36414,false
67d13e9ee60965352f9640e24c26a04f615f7c50,false
52b4e73a278e9bd40e1ff03b562de50e16abb4f0,false
0cfb13f0d0402260eae64b5b31846fc57c867c64,false
699d7e52fe788a64475e66342d27d39f2a090ab9,true
cc5c79613d14ea18d6c319094ad0bef0e528bf15,false
2a849bc775c6afcd6cf958319ac36e2006d2036c,true
b81541fe80fc8fc21ef6c29c25525c7a057b5589,true
5c0bb992658ad5a60a6cbd341cced3ec70b13ce5,true
e5e758ab28300d405b18540ebdc3d91a23f4f2bc,true
1b61fe742323390070f4d2bfa12ee294e2e37d1e,true
7d4db03606c88596d50f7deddd172228d2563078,true
64f7d07b3d2024031fcd7440c8d4af6e307ba017,false
f38b32de30223f6e91464087028d78162ad15847,false
114de503c7d557b50bee8409b31af521a194f8e3,false
00e8fc2bc5364c0b0223e6b5fe7ce45a221cf426,true
7aac66e225abf95bf505527e1e48aecbed6a33d9,true
e6ac9bdb2b9a247de44369b787e3dae91e6edaed,false
ce2e84c1f0d6ffe8ad83a207f7d7981a5f9d9729,false
bbde11a252667ad4d070a33f085a5c4fa84d15da,false
462c0a6be1fd5c75961403d68dc8fb49a1ab2867,false
c7f61aad1a53b20e329a5d17d4af44b91d522dec,true
eacae982816f3c7eb2d9d38e89267b05fc25bd3c,false
612c8b90a0f602723eb47e680a14b334a65a2e19,true
9877bae3323b1aa2a80fe9ebfcc756b147aecf48,true
864a089e07a5f5e50c14131d15814fbc366752e4,false
4970daca943320985b24e124c0c8b3eb37969061,true
04af3f0826686c639c1f7cbb97ee2dddd599b904,false
0f60cfec47e82112796850246852f897379be09d,false
57537a7e15283b1c63c8b96dbb0c5637a869121b,true
ad70615d2a4f3472090de1dd6f6a7fefd8076ba5,false
9c1523b31d14d446a298004634f15f7a537b2c33,true
909a7774ce8c9f25104f2de5eebcc39bda7fae56,true
cc9ea30abb5743052b5e7241b8c004de7a5501bd,false
2e97e4592917e1d1e1fa437d5051fec2c0c8981c,true
c9496e5594fca11ebef473834644384b9b0e36b8,false
9f5fad996ed2f5d3fb2e0ef84bcd25c7ebed750e,false
bf5c51d56280fd72f425dff66d339d8f7f94772a,true
d86e4f0fff4e8209754c4ac651ce3ac1880bd679,false
4ecb3d398b010c3356b9aca79b6b5e6a4d874fbe,false
daeb002e8a6b48b9fa60b5ad29b11a0651e21c43,false
208a82a2666db11d0d568172f86cfd2db6c34012,false
d9f8100d7bee2e0d3d7714c85a0e0742ee1f69c1,false
bb2281ec276dde9fcd4eaae2c410622ab61388e4,false
d760652e2bad7a93243cd5c4e960096bde30484e,false
1600c7a17b292f8f77ad239c61ad69b0f55c00ac,false
1cc80a97ec3996fc2efac73d68818d1c624e871a,false
3fdc8d0b6963ab3964fc99b6a594a24b04d5000b,false
f663a6e977d125c2717586c3757d9e9df661f61f,false
2fbf5cacf32fa76f76aaac7efcfad6dbd81b93c8,true
4701599777c83dfd62d3ea40b017e8593d483857,true
8ad77c572592d66ed188446c573c3b894bfec942,false
adfb91c3af6c8a41e3c08bf00ccb665f664f674a,false
c1c7baa3e597dd6d29b331ada4ed60889fc28879,true
296fd17805ce567cdcc53971f5abe73967c13d48,false
1aed9ae4754f694e3791cc687f68aa597fc9d4d3,true
a7703ea8e06fce5cbbb79ec017bc2bfcfe6d21b4,true
c8b59297d713389a29f3b2632bddd446a85793ad,false
fac97041c6f87bfde8b5c8ecbbf16b50a9909578,false
8d86b107a6da53f2a01d968e8ca450babb436f14,false
a215c775f9a533f979ca3975deaecb1a5e0dc106,false
be247703a60efd3484425219e497ad9fe2b05776,true
13168a2f70e23a50519bdc93feac491cadd8037b,false
dfd6a8a17a0c8885797be2d6c0e786fd27927d14,true
d8a3a2f969cf4d8742267d53a703d6246d08e30a,true
ba40cd5c165fa5b1e5769caf15a9ec93e0fb61dd,false
42c3cf44fa7794873258ab5e049d257567aaefde,true
15e7e81136e616b23c83edec1876d30eb5647c0e,true
7af82d8d18377d57e74cadf9f14ae79e1d1f9e5e,true
e8ebbc693f8707d3098e7a7d78b7c2b28d60625e,false
54026f86304a59c9c12b2a5d0d10220c400111d2,false
5585b31b57693c9444693c78f47171fd62c59297,false
85913f2d22678115faac8899809d46618889fc28,false
8e8fc50fb613d57de9f6b3dfdb5c9227053b5fa9,true
5448afe16b08615a8c45b165f52094f3c6201445,false
f21451274e5f8df44a15dad295210aa234e82f0a,false
803c5e04b42864bc45f00460760a6e99552b19be,true
920a9f54db89bae2f07e85754c324f5ad04cd676,true
3c8d11e553ae27fc27c4fab48a5bb0e744a6d82f,true
1dff469d7e09565f05f687a3c03dd279a8de9bd5,true
fd8c842cd5c8237c51b5007118c8d4970fa3d8ef,false
f24ac69cd1f313eee916c905f46b151b21ee81dd,true
fbccc7bcde575571a8ae31ed389cd325f4b588d2,true
baf3fffc423a60cd96b0f4fa6e83fb64da23e88d,false
aa717abccc2c4d28279fdb62e354036c01a6f862,true
1913a36a496427da98f21a61ff88c5c4f2bb115c,true
2d516fbdc64d05c4ad5141592b1be2bc69f29a63,false
81767333b5d6a07255f030fd9fb65c58880c223e,true
54a07942472c5de8f7e05e157efb7f333f7aa232,true
1ea6e7138d5ccf1dbfdbdc393b7f49481aa80114,true
f648924ddddbd66f637a9180769218121e1cd615,false
66d30f7ccf9c22d2be4fcc41de5e71ef84d85d38,true
f7496eea4ecd7a5fcfcc014e57be0d796c88e975,false
1f99a7850a7a337635921be63a21100edd53a44f,true
da6a6fa50ecdd710127ecfe2f1e6ec8d524b4687,true
74474a856ed86ecfbc92a5827877028eae4f3a3c,true
3c0f3c6b4324b8b7a0b9edb6bfdefff7893627f5,true
0e80c572ea7bdd9506e20df52e15b0d3ca09c75b,true
7d9a1d0456fef3fa8dc9947325dc1c66a4267c46,true
90b71dd24391575ef3a3ee2de91732cc6ef92869,false
e2171752cd585cf13e7539c1df2d998e1893251b,false
f76cc33b27f25dd63336c3151fe8876cec3fdff9,true
188b6af62d71f218bbfd034df44348fcdb19150f,true
954c47ec6142ea2fa0fadca22cd642cee9680054,true
54cf0305c869f3b94b63643b5e460319cf06d5c2,false
3f021f7cf9ea0aa3fcdc2c7055b657bf72523762,false
2e72df39a6e2fa12340d2acde54c6f00b3cff400,false
a34d82154fc221bb909fa2fb768f5567e9be7384,false
e807f7b4aa62f3093112d68c5b61e6fefd449401,false
6a0acc2115bb75eaa1e5d49c1cb033f4d4aac79d,false
5a21501347299299ac63b63229174d1ac29c6fbc,false
b48dcc2bfc354a2a1332ca0651a65fe0dfe0630d,false
4aa724a1c9cad0a8f196b386f851cffd660952f2,false
a3043e7f0ae7a527a55f475a5413c9941bf15b53,true
c6a40a6b8186c9813118ee1989c469abc5159fb5,false
e4c104c4afad323ef13d183782a5ab93c45ae7b2,true
1fd175aa895c2a908cb7d49e620104d1d0a89cd5,true
83de497d9cd60d4023b5bca06201c3c7e2130613,false
740e13c7943b09ae2492ef50d0986e7a94007588,true
cc8f2760c608807452210a43e5b8d05404621dbe,true
e1f28a3862a936812b1d31c73abe9b6f654a2845,true
b73e2bb175dcd50b1435ded4e195bca64c10dfc7,false
631121a162d37aeaed49778b5d9c82fd5e68defe,false
e573cfeb5095b874c3dcd573dc404caca3b1d36d,false
c2826a26dbf7afcdde85155208c5b768c1d7f283,true
eb4ef751e3ad4fd1b8cefcd65eee915507d792b3,true
6239dd1bf1cf50aa923a2f67774f74010ea23f15,false
7ec6dc0f6254145aab43ea3f08b4bafe0ab5a33d,false
c9990d8796c41553a2a7991595ab52881c4e863e,false
e26650eef1961f7e5a082a0f43c17eec0faceb3f,false
494fb04e223a199a0f40f5203731f9c09ba9da6a,false
6e8d1f0f7061a652f25da8f4fbf5cd4c666fb250,false
ebca5861a14f56b46a0bfee8a40c3495d0c69d1c,true
85308fbb7c4e7a87445e79221502e1cec97b62ff,false
9cff86cd95fd7d47383fea06157a0a2663b0c386,true
9e0e8ac64e0591eb4dac6f01d16b2aca12efe19e,true
7091a78c960926e3678fe0dc3021987645819996,false
a5b7208d520e4809dde8fac78ffa9654b82fe977,false
55f1018c417315a372c59846f378b53c51ababdf,false
421152f66c0b6b912906a313e81d32424c873eb2,false
4c572581cc1d883ce35fba464462ee1911da37fa,false
96db772ebecef5d3d5e129d97b3905ff47520f40,false
41646a93650c038167ac5f20fb15a4ae8d357341,true
505db885a3cc29e925aa9e42f52cc5e4f0b5f194,false
2883815e408713e8fb8200d84294a2b8789943e7,false
11091b631e46f08f0ff362785a37a5295b05f9ff,true
80b214bc7b4c693a39b24d328473694e3b54492d,false
c525aa2a29d0d7db2d8b13d72fdd595977670311,true
cee3c90c53b423ac28aa1ec3175596eb3e9fec7d,false
37cd16aa52411d07a8c6cecbedfad29fb63e79ad,false
25adc962ef117d879d9ca5713a8f64af2af4834a,true
f2bb8d0b941fc6c3b9c2c43f1df73ebd2f3048ca,true
b7cf1b1837caf9691753413b9e42103d312d4347,false
815f16099ac56006a7e78e762c5c4f1cf758aaae,false
9756afe6670ad80bb7f376fc87fc73f7a3082cf4,false
e158ef03e328bcf56e7c5d8426ccfb7522f204f0,false
cb69989cf10ac2f48fb24095d75dc98f833614b6,false
4e23e283afc82a2c3bd484608d908e6b5fd055ba,false
fb18a7ec9257c1f083a24fe4478203166b0e595c,false
95348af9861e192c7efdf8334fb57458470345f2,false
a2cf4324f88e434de94e8904835dfb53fff6916b,false
92e3c75a04198d5378c67f9aa43647c0b53b7021,false
fe711b408d3523f680c4e356221369581057e6ce,false
b70e14847e64916eca4cec3d86274629049fde95,true
0e82ed0a2b8b648b26d2ab5a40e2acccda1d2142,true
3744440aa185265e31d3dbfc80dbf646fcff8442,false
673bf64fd8fce877fdc0fe1898c569aa06ad779d,false
9dfa830ee7dcc2978dc6a34bcd801a1577cc4eab,false
96133d5719013acd843bd601f78ba0d706de1d20,false
d28ed57b11a0f78eb226df721e1f328e016b6ba3,false
08145c3ce3c347e8e90f47329ac7db9775ff164f,false
443d39df762926eff2c600a9cfd0f1e620dd7cb8,false
68303d7f1db96374cbf7a62932e4885b85f7d89e,false
333d47af764554c89d87271dcd789df6e5545c79,false
56b28d1cfe2ae47ccb17b042830dcb95de6dcde8,false
b1f6f3fa49d1a7ceb7c3b737855a5bb5285b5521,false
1376516f931a3ca6ad0ef3caa3591418ab8a09c0,false
c31d218de84897d1bc8b90d3c853716af3f965c2,true
e819eae2d4d367eee52f9588e81216d4914505fb,false
4dec850b19bd8f7d6393ce24e82763b13bf5048c,false
70fdbc6b9936f587bdcc1481eb0e67468e29a0c6,true
7c4edd7341a40fb56c6cdd8ffef1ffec15307c02,false
0e6b5c387e0b772258456ff552bdaa6345558600,false
d8d5d0ba243e8ce988cae200837505edf6798a33,false
5926491206ffe3916919213e7e9a6a1b69b1a4b2,false
d7f324c4f04586b3e1a32284a9dc0923fd8c5103,true
b097c3ae07571f990b7f8ee4d179d418c828b174,false
ad2e3665f488df600bbcfadd22a18dcd42424537,false
a4439d90f4dd7d1033f3dca6e92c3b7064b6f47f,false
2b7a05447c2f5ae31841d0a50acd59a8c3f25f63,false
4b107ede86a5d25347dd65431a2ad49d4f4dcb94,false
fb7c1613eba13c6a8711132dcdb7bf8fc50d6654,true
2267b6d67a41d204ecf4fc0c428ba1eb5381d5d8,false
8943f68a4a9ee7f3876968ee8aa03aae70ccf855,true
b36b66ec4c71f95d8532a986fa82fc4ba532cd82,false
f57e94aaa0d55d8174b49410296e0f4cab9d2165,false
3888d099b8552db2c8b4b8c488fd7bdad59d8dea,false
d727db74e3ebb9e4707dd17350bd5fdcfdc4ba1d,false
675b8a97deb87f47b02c2d6b55b824e589b47b36,false
e4ebd58e7fea6e631d969b3f4aa2d15e261144b7,false
899edff820cf8c294df7b8c0e5c910b8eaa6cd29,false
5b7faaf85cbc840177816194990383817191817d,false
f8263e925826cab02650a0b84ec237ba6ec75f32,false
f3ab18f754eaed8b21de4fe53b3777e839b129b0,true
5a1fec73948c59f8ad41e566e882e0199a6c6fe5,true
70f3e2020877dd10960eb6eb37be0db1d43f7279,false
0b0ec22f8ca473096c98d8d831d86c4f9b86d44c,false
24d582c3b5ebad262bb80fb96d308d1bb0d6578f,true
eee57ae43701a0495f3614a85582a517e55fad88,false
54e65990891df65de94e22946b805cfd1d177820,false
620f7deeb1be737dca403e2ae3c84d7a8ebe5752,false
d53dcdd9966ba8c5365fbf22a85a18915c6c2931,true
b59de1fc592b6e9f9a4ca9f6f86b369a9dc09cbf,false
9a365c23db3abf8409d7c09a8973e514ab11437d,false
992b4fba5a6d42783a481cbf3381a33b1d0622f0,false
fb9b5b5ee759c70d7b57c95f710eb3a2ef1c381d,true
1f3c240862376c541a69f26657b1c6828b9858c8,false
574c3f77b90d9e55af59f1711533305d1bc944cd,false
f33ed90e87cc3e00b608ffe413ec3ac543f62d8b,false
dbad33a7f9ccc7eeb91ad6fed66810e5cb450bc0,false
400d72a6778bc0e32ee0c081b8bf65ae49f6405a,false
e5b0d41c82a7af8d379250214913ce1301f87bcc,true
9c49847876c6c0e8371af963e9781d867a04041c,false
45d02e88dbf729727d917f24de7e50e0c4835936,false
1605f16da5517d5087d7fe15bdedc4354c400dfd,false
9f6ee980d64d210d0bbf19eba8f0221544594bdb,false
a43abe89cbc5b5a6911d3bd2942b8d2a96122c36,false
38ab0b9cabca17fb242ba5d4683e112bd202ac68,false
9f4a32866c2e03cd8ff895364f6a6d0a4ca15f6e,false
ebe2c839dd8059aecba381703db34c038a3990a1,true
4da344b6314c231cf452277d7a3a7a89b35d6781,true
13bdcd1dce90f2ec0828991dbd1421dbb816928b,false
71b1eda24a4673183ce2c6ae8b967dcb707f08bc,false
e13b75c05c99bc4cb16694e449bde94aaefbe57f,true
27b217c6c3d7622ff2455f6ef4829778f1ee2730,false
c82f6b1ad91a7ddad6feb1bf12b096a6de8738f9,false
357be146852462130dd94effae9321170f39dd37,false
61c0b95adf1acbfa90caebfb89efd6d4e3b06c73,true
95830aefcf72ab237738d916e8298e034f344c91,false
6dc343762ea9f1c911bbd693903a26a0c063c969,true
f25d4a73d7685b628db48f3811ec2980de3b142e,false
1891a5648aad319ad8e7cd17aec13e78ec3b3b72,false
9f9628013ad7e27a94c25aebba0710f591b3d728,false
25299f49fb01556cdf1befe5785f2da3d631f91b,false
06b68001ce0c3cce27f593e025e07cc6ba05f138,false
32dc4a64a2fccfd08fbb8122abddb667f3b836e0,false
aa763f5e7c764c5f579aa0d0142b858dffd76850,false
535de4ae8d86f68ac734d6a392c55f672fa0a61f,false
0609664b9dfe07dea5c53a06106a9abf9a4d638a,false
59746776e8a51cb52f1364794409e83cc77ec55d,false
d249f83a5e4036c3eedb6592d9a4b7e7ad62eeb9,false
7ab01c203c5e5762a301560cc7e07acecee74c45,false
2f1876381b370bff65fed6f35db1e4f24a17d881,true
b7a97f38568ef2e44dd757a5e99135811f65e2f2,true
65bf03fd1534709f0409805929fc34041c2683f9,false
8c8a2977ca3ceb365f5d5dd3afcda5990c81b197,true
3ce233fffd2f1b56ddf57659d6dd46cefa6cb308,false
724c0fdbfe45fefab00308c81d147780a1a13828,false
87de8bd7f8c08c359e7278811db55f9a95c0d1cc,true
312a4b51a28247c5dd863ce375158910eb5650f8,false
1942955bea5b662738e7511a90704d16852ed272,true
7cc4eea6c624d010a366bc14fdf47f34abd7dbe0,false
11ec3f9e46334ea8f86df026af8453308c5d5280,false
c9e9b24fdb3c5a010cb0350dbc20a611d36f30f9,false
4e14248e6a74bfe2fc5e77b4f6647f65820b0f7f,false
fa3fbb7a4aa2a0af8f33482f43aab49d62422eac,true
89de09e1b109112f63a804161e896ecb2facf439,false
c39d1f3fc70a9d265876bd36d50ac23b9a750d48,false
f5d0bdffb3d74ab7e89c865e251a5072112e86fd,true
b76a1e93e813b4c95466d65218aca9bb28fb698e,false
8c8c2d910fa5313f94f2b7f7d1c04598eb2b61a5,false
dda93eff94327afb86bd1b77631b19b1398749f3,false
74d3bf16ff8a135cd1916c3a581e4de875211c94,false
a18668e8865ae512d2e3fdf2397c95acd64b0275,false
98303bb1e9a65c56740a6e59da463c2c832a0c45,false
61b96b6e8095d80eab1707f38d6f4be9ec8d5023,false
306f7f89aff350fd83b816f2a81d6a911c06733f,true
6513742455b898f264df5cb4e3355623eeb9ebaa,false
45c0274c3aeb92f58cd31b45b417a0b3ac962ecb,false
bcb49f062fc476128f34aed1f6f04808a35147d7,false
45b02f809c784e7389a7f8b901067926d3d8b620,false
0587f386eb67aa030f74601a13dd328050fe30fd,false
ef8938a081e0e49e652097b6dc9fa96d29f4ce2e,false
2015e422b51f5a791908cddac57ab70a67cb6223,false
14b64019cb02e4290ba70666c0e627079d21328e,false
8fd8d14ca98e277eea6bb7020285c155e183dcdc,false
01cafbbefc4999d995b1a35ed1a2a3840b1350c2,false
41832da320aaed490efdc290c44a7003e1b71c96,false
01d803316a3b0303b207ff50068e67752f157510,false
678785ba32eea32e61a67b075be90ef3a2f197c3,true
d82fca414f7584caf421e43bbc973676d37f8fe8,true
5b71981bc75234281d9606dfa0b9e373f6c756cf,false
43b9413b7e4dbb019f3e42eac54681d121f70e73,false
f3e6918dcec0f1c0f0d6e4303f3cf6e1049a03e4,false
db46b8ee15ad1cab34375afb12f00e1e0bd66583,true
7e1d35c04d1f6559b7dc584e8d91adfc5ea0adac,false
f28739af35ffac2f8a08e37ba74387946b3f0b48,false
bb0e83943c1449b3c5c0207feabaef35545ccff6,false
ce9ce834452337419becbdc1f895b70a34ea2c5c,true
c5ade3e394129a77b0bc36c56accfc6a8472df2c,false
5e57dc637c67e29ca6e298221c3b53fc52a9fd47,false
22ea986465e11d51890d7775b746c41794f4a141,false
5f27e3001bd6aa6eb904a031555bd5358952f530,false
e55c1098dedb4aef91a8ca916c4b5f6134c88de4,false
225839628dbd75dc9d309e96840a28e60a3172de,false
69c2e9143f40e54955bb220416c9a5b75f9f9cb5,true
d92575a0c363f34254a2b00b6dd44c99a5b65913,false
314feb19b80065b9be8281b70b045489e9b4c418,true
246444bd149b9b9affca47e1d5dedec970c98321,true
1bf3fd7ad6ce0c7b1a7c204eb2f326cf8b824163,true
2c6cb5cd228abbce56e05f437e3132be4e92f19e,true
609c7b5ae81f664920ccfe09d0b8d59cab098791,true
d744d90b5565ac676fcccf3d5fdd35b7f057b3f4,true
b28c8833ba841e3b1df5345ab0a8ea370e3756e0,false
ba32f9ad6f5ccc119aef2665067f8d04ddf6a89a,false
1f0b0459bd27cbaeb57c55d6bd7552a14ee5409c,false
dbcdf393841ec34ab894d2551cdb5a5d8922e9b4,false
ee7e9e6d2f851488726c9b7db44e4c1bfcee3df9,false
9c2b8346a5d28d5d727273c5c90873e40201f20f,false
e6fa8c566509284fefc5507360e5179635758bc1,false
87d904bb25c232845160fa7fac98be5ad82eebef,true
ade0fa29ef31ff63a7d0f0acaf08c5dab63a17a3,false
a4b950a8de8cf74a7e57a4f66fba2e12fd63d1c8,true
700a442d15ad226b6c762a6adc35507dab45ffcd,false
42a48979538c0fb268cd569ed24d9736db201fc1,false
ef3fa6e650dbe7273d2721dd85d92296072a374d,false
b854d31f31eb59741811b41ba9b4b18b47a05128,false
3450a64873b0b4c157c9a24d02255881447ab25c,false
e09b8b1b24979cd5e704da75fbfb85dbe831e00f,false
1bac1c26602238c3a91d9d85bd1482eb63dd749d,true
60e1af91c964eab9352c5892244071411944c3f6,false
29c8b24abe88a1789b904ab68d20c78fcff5a679,false
6afc4f55a304b33a7723853fe6f008cecaf254fc,false
4fa0b675059302b0f4766d26045b5e93e33ab32b,false
15c407a628c04a4424fae479f85259e78d7cc892,true
7fb702d28beedbdb1121f532a10adee1a2dd1367,true
38602d6ab8abeb5e2054765df8680921324d048e,false
0462f27f06a876a627d19692d8cfa8aadcee9d21,false
4ee59e0cc3fd8cd0850ac767c14cbbee065ce304,false
dbdae485480eaee9fbb973eaf9a7d39722def825,false
457ecbd57a43c52a5fc1847515214db8ec943fdb,false
4fa68b899a09f5e72120fb8829bbdfc4d89f1473,false
dd190dc6ed0fdb53f7d8bb8eaf306a0f45b72631,false
8f4febc65c51d2bd1af852843c107475a88ac0d6,false
b10ce329e05fabc0348417bb7979200249f2ccb1,true
7f0b6beff3476b0726d498638b488bebf1d09f04,true
d6c420ff35e4ae5abb9971d9cc9db6a1535c546c,true
ff55d9968fcc1526a8df8bbd78cf291b3a657b93,false
85bfc05eb6f0efe5416b57ae7e925f3a1000686f,false
0d59d5e22c3e3b6a164e39fe26b0246a3b02f8e7,false
d578d7448b5581888413617d2aadd5856546a9d6,false
4dda7ea764497d82ba155a4904e6ae4240a977f2,false
d4520e11e5282d4ed84732be401602aef135ee29,true
13d0e06a500e6db6f059ae9e07eb8246753bfae9,false
334028c618932aac912900b5f724e7906ef9f3cc,false
7a03fea698d27f67f32132fc296a996b99c07d32,false
1d478e3bff188ccbed8408fa8d12985ea7e02e1a,false
eeb130d28cd0fdaa277aee16b737d515c36ac742,true
e76b83ae31eb5092188f16117981690f0d4872d6,false
82fc12f75e778e1832afcd9eab8fb561269fca76,true
d294f4ca033aa48961cff82eeaec61431a1ad2dc,false
a15cf5afabb37e107d9ceaa8a18c3f10f4b44037,false
ef88d7cebbc412b73aeb83152f22b3f399b916fd,false
f155652bfb1a057a88b6387b3ee2259a2d412a4c,false
ca9e077cbbc71890c98984275742363c0cdae597,false
fbfeed13879f785ab025ec4c82ec3be41c2b9e86,true
19d60e3a282f099c5fc666a317cefb9e009bdbfe,false
049ac4efd0bb6efd55ffd3fa4c862288dca95cfe,true
f25b89f5879c9ee436272dee42a0a8951faaa519,true
e7e671db3f0e0b30007d6411b66fc188c6e3f6f8,true
771097500aa2abe1d82a2d470da75cc8ba79ce89,true
9876030b849fbf63a92767c15b92d0a946743e4c,false
54a28d51979513dda2948dfd597babfb14e9dc8f,false
34f4c9c7d16399d7a0bcc2afff9c464ed269a70c,false
6ecef291a93bfad9cbdf13d23bad7cd5f4e438f1,true
db1d687a74a0973049ab540ba5c115b0593a57d3,false
0d6e7a31b65d642cdc3c37eabf07b8776319a31f,false
99045c57555e484066bb0caa6d9a9ffbf1d52f7f,false
45714d1ed117bba791cca892e1c7ce2da44a7046,false
0c431ddd8c9c2db4f3b12f15a899f9b15403f42a,false
454e06e626bd751a146b10ae01bbe3885a1d739c,true
aefd5bd422b0f347c291f061805e0468f975d8ff,true
ca9cd6190f64ff79cf4b61c317d3124be64251f5,true
9ec732264eb2c4dc2a21ae075dbf6ff3e5449d13,false
e0ad4cdfd5a753802afbd3b43abf7d88b191c779,false
4b2ce1a69ac4fb93921548acc8243889c19ecc96,false
9feee7d4bc2425d1592b49ebd2d91f7964bc5c28,false
1eb8d734f8b7e19c7c5f716a7feb0c3f04163c7d,false
6161803d12b9467209937574538ebb2abe36e986,true
1826163c963831b62871c642a9cf8784c9310ad2,true
5daf9d6008986d82118be50c9823abd087d6a046,false
4698e4c5d201111fbdcfe95a5cc211bdcb002806,false
3d7afed2a4603de7f56fbee90c4c89400abb3a8f,false
3b0dbdbc3efa9d5626f6207dd117dc94e3699bdd,true
179cd3fe810fd5ad086c82c4d8fd5cc61c09e1e3,true
edf4ec0bb31613957e9110955b509620a5321375,false
8e5d102a7fac4a328f1d15611566b4b03fcedf8e,false
6e11763dc527ed97bd1a72ed0345f81294048da6,false
65aa9312bc621c36b39cfa947c95abcfe96f988c,true
bafee66a1833f49fc24a3096af383a1e65ef77b2,true
f039d4612d71a3b662a4da9c64f5277c179c3338,false
80cf0452e3b3c7c425f334a1ee1e361a809008d2,false
1130fbf1b75fa324ea98d8278458e63df64953eb,false
1d44655e23034efd02c0d9a80202742d9b7b0dbc,true
6c0ac46a5c1824eef44ae09d3c2d35a791e5d21e,false
bc90cc9f25f594afb11c27b3a37a56b82e3793a3,true
7f8b4e60490b6fce74759b903ada90f70556726c,true
bed7fe2c74ad8c6d5f419e737795a579dc586645,true
1c32ce7a576a33732ac92fac2d4cbe8ee6cc57d2,true
2e949b1a58c7d93f62fdebff512044d0fda3f8a9,true
f9e9301010b0f1452ffb5c7e930f02697308c2ab,false
1adfd1b247f8446241bd426923dacb428c59d539,false
3de265620d8c370f7ca9470536e3a03f4414af19,true
a20fbc2f08d5e536c959b5590ce19179e708dbc4,false
067838b4436df58a0572bea333ce0b4e321bb1ee,false
b3267338367b75b35c318b51d70026ca066e0fa7,false
8a44f23cc8c3bd7a2fcb884818fe3a8c190d6ec6,true
5748d1c903a83f0aa4f9447ba2c3835716c8ef7b,false
ced11a9283958f26a87d033c4c15cc5ac780311b,true
a05b273883a39de44a4e65c1eaea59e9d749a95e,false
3c44a9bf479eca906fbba996777583acf40d6721,true
798b13eaff2a983a699db7367f5ac624cf13a2b2,false
86ebd7592f8ec2cd63934c99f50e15dace1f90c6,false
5a0096c1c2ca124f8ceb4f8702a5bdeea8d79f11,true
246fe89571124060a02b2249cd52342b34472501,true
74409a62535822fdb24a34e12ddb59913343f23b,true
55ab63744dc6fc94cdd73b1e099817b373322e52,true
c7bbe4f9743761c446ad3296e2008b5731d5a6a1,false
eb1acae0736de5106cfef9295fc81b2d865ed909,true
a412d9bf7bd8873b9215aa8c2353367920d6582f,false
bfa09835111c8cad6ba9e3f0253329754dcb02d1,true
aad83f7a9701e084098922f16cbaba5a9a511083,false
61b4c49d88895f2c7cc9760a8d74816f7206f7f4,false
09b390f082757960d96a1b6416b70e47bf6940ee,false
1f744506dfe032383827e8a14775106e188a2d1f,false
7dcad19d3d9008f024ed6c247b67675ca56f3c7c,false
83631927159f192a9ed5b998f732ae1bcab23f41,false
fe0a7e9b25271d36a35743891e00f5722d741e2d,false
f8ceac0dbadd22dc7e587d0bc1cb0505e9fc4a93,false
0f5df4dab904c03dc0def5b535a4812693bc7983,false
1a35bb385aa30896b6cc54270a77394fa7e389cf,false
45fb68c833efdc1f43bd7aab875008feaad4a4e7,true
3c2df552bd099a46c95788c2cf76af4bdfd9472a,true
df7917acce96102928dcdbf213390660744c33f8,true
47f021c0ec945529add384c6b2d153caf027792d,false
e545f5e1428338ed3c28686ee22186898eca0a55,true
a382228f00c02beb0223c30c9d80cf56ccc20413,false
5eb6a8a82812d75aa088d67c29af43e69b83a780,true
ab0400d0839454ce89348cb734c0a7cdfeead48c,false
6d454bdd922374d0757ba4aacc60f096b4a75db4,true
56e9cad5a2c1b4bcf66f2951bd6b68790bad4c1c,false
9c80c8123c5b7ff39843d63bbc6b9742bbf8d4d2,true
34170596b63a67e8aa4227470b241d381564ff3d,true
96b97263b06ccef1ee05dd2957592f640bacb94b,true
d484b47054e316cfbfba61e3178cecc24ac1d378,true
2fcb864150c28b210b6a7ff6a9202ef10af4ca19,true
aeaa7611073b35d6ca46bb7308a31a633025ab46,false
e6c9bcd4f0554ab180ed54a076d7a5b7398a3d42,false
a86134bab3e48399aca222ea5ffc5e42be89c68d,false
27193745b71fb0f1c959ba15d41ff58e83ecb0e9,false
b4627b42ebf39cd0dacd35559e33ec58245b0b0a,false
b7f03fdfb8b04a9dbe8f40a7e7b5316b17c77801,false
58578875726aad59a6c106005bf5586491603622,false
087d3b0910013b190998a81e3d49f2b99f7f1e34,true
52a7f6d48eacc72506ba42a6216246d2b4e441e8,true
d5060d2d1b368f06248e8440e3ef575b6c5da082,false
ddfabbae00b0b4667296659bb499a752c0499e24,false
63adc40fdf22c3f4cedcd8f1b2b6dccfaca82a7d,false
09403160ce8e04f548cccc44b37738788d4b7826,false
d393a63031f28f33882f1c5b7ff6a505c62f4f02,false
034feabefcaae357f3187a7154773f088dbb948d,true
75fb3bf740b973256b9a45edcd68a3794deeb7e3,true
b1c42d81e20287583558d805014377c8fe753d05,false
54a194f8463936613affe38427434064706b9e5f,true
d76829550a679f57108fff7d897dac424570cd2f,false
c89ac502cba4621a16ae64452c850d71ecdbbed1,false
66199c9fba3a8b2ab733ce1c76211359fe89a6ca,true
9607f85432da63d1669975d6a69d7b1e741c11fc,false
cb54be01901878fc48edee370d5384a0f7fcd4ad,false
043fb0202dacffe674c7067350b2b132f90c1d69,false
adc79f0719029fe4f25e86958da549b9d7d10366,false
0481041adce145fa2a545e5a1ab4319cabf27a3a,true
c08dc80bcad08c1c77b1a4d065afed38ef576ae5,false
3011e6a9c0142036bd38851224e8e030936dc858,false
170f5b417d6dc0867adae3ab848ce0477fd4f543,false
6caf0c64c5f2c12ff6deffd6163acc796a5389e4,false
c2f6769a02af7a1db1a91eb5973736c4aeda5e18,true
2e6b83edafc2a0e64251a4ceb344ee317a2423af,false
3afe67187104015840ba178adc8197a10ed56fd1,true
89dae33cbb7d1adf9e454c911a19c00c3db71cd6,false
8a5957ce06792e30bb6ec11fcd879ec05f49e668,false
d11d4d5179eb2e6a207a3fd682995c6ebab7aa5f,false
ae4cdb733463bfca9a4d1cec668a5af7472cb279,false
84bcfd622139749a50843a7d7c92c49942f96e38,false
2b8bb917aea58bd6435b73f6bb159d5d378a6ba5,true
8b825179c62bc6eb88d9446face1de7d6b53835f,false
584420774aa604636296377807e0179fa4d4b3d1,false
9a6d9e1866c1a1f2d6a4f6446d29f63241c1a7a0,false
2106725d2e1567c86cbdc3a41b4393b629f7cd0e,false
8d6bba739f1119ecd07618cee58a1e784e2291c7,false
b3f574a50dbe27e89a6a32d9728d169b53ba9ac3,false
2bb549f15ce1d65c549961399182823d7457babe,false
ebebbd8deb17ef10484bacd7c28f30d02ac9f74f,false
a21269eeff23f73b4b52dddbc3d5bd1491b9eb18,true
bdea38beee20a7c0b7cc78039c95b9afb7b64ef6,false
f3110a4c2281782a42a9da31a51185de3d760b76,true
583e69c7e7bc9c8209a2275afcb225846495d14d,false
92ea4977571cba708ef371db14f032462a9b3580,false
e2f4a5e87cdce1a1bb92aad9abcd6248f93f9098,false
fac8a145e7f2578b725b273cda503c60648100dc,false
1ef3abced9e81b18c159c566664bfd9d014971c9,false
8cab5485f04d3173055f27a4e646df513c151310,true
be8377c9526eadafbc10a11306580451ee799452,false
cff786594fb9c421ec4151a65280f5bc90145c8d,false
a193f94ec1e690835c1cb93363c0b33848424d54,true
a6568f5db9fc6011c02f6ee6a4b28bb359e3d9ea,true
29c6960ec8553d56f9796a3e6cc54a1b04324ae0,false
deaff54d61ccd13d976388d1d28028cf2e69fe79,true
29ef2e917202d1d4ece26ab34c8d08ce3dd8cb28,false
a16e79f4c31488011ef9a45e22c58d7a7b25fff9,true
7c2867ee59df24decbc94431e38f10b76507b4e3,false
b5bbb5ebdec5295187718a43e1de06dd5d5e547a,true
49eeaa02e5e5dd9c3d92dfd7fcc2cd53e67c2bfb,true
7083fe1e6a1f8e2c3cdc167c0ca58a04b010d462,false
4238dba0f6a78c3b3caa4d6c74162c234bee7ee1,false
c9303791491aa30b09518e56fb64a7eb948a8f5f,false
ca1d6ed9154dcfa26a0a46a39940fdfda2af2a52,true
bef1cc9df1203fe05e5781dbe7b015f317a70cf5,true
0b555f6612e65d61046ea6d59023fffaba7c97c9,true
eb0e8c2373158d5dadf30341054e16cb91764d85,false
1cfbf5df506fe15bedc6c8458839fb289bb5893b,false
fe983ffd3b24be8414888b51a79027a0a1491f36,false
520054733995ac037eca3cca32c6712921b97434,false
0dec397d27cb615f8ba48150ea123362739cb797,false
bc1ac1f87d47550ce99f595ef1e7fc96f563ccb8,false
7bc8060090621ea117971fd917321d4abbae4f5c,false
0b0ff7b485b18cb122cc31042eff684d376b0bea,true
fa5a6425be3ce87c26985d4d9da4eef4c04b9236,false
2ce5ac7362e7ca3389aadb4643de685b7db00646,true
e7c4cd2397de3a5ec46ffe51e490b7b3ab720d3c,false
93cf0dcf2100f5e67a30869c4c9f6020f66eb8ea,false
b9aee527a48e8d01d8f819bc37b0f15c90d4f1d3,false
d445be108868edcdfe7bdc647f523bb914869e59,false
740df2002dd94657a1eaea4a691e6bb8f330d89c,true
49dadb5b3e35b83e36e08a6dac580fb1e4b0d3e7,false
ee6653261fcb65d6ea98721dd5961c38f8f29172,false
869bc6dccdc714627ae016ce73650cafd7fa5be3,false
585422275b31b36816e65ca5ff62d02001bc85b9,true
0bff352ea7ec01b7bec7f52fd8f453f055238fcc,false
557fc23f93d4b9c605ee4febab408fc04d7d2917,true
47496f75a2f0df25923537a6040fb4e8192053ce,false
9a77b1c6b5fb9805ef8c45dd5894312ef1dd3921,false
dffd2c2517223d0e07b3c4a564fabac1a7ce2444,false
1ec5d598faf02450e0c127e1890e94700a0c2821,false
6b8a317c11fb5deae05f78a35f8a6375164e2527,false
8ac3f3ee4a854bc3a4afe6ddf0ff5d1d364fc0bc,false
8ad704b0c8149a6ab23d96f414045543e171fa06,true
e9cfccb0de772cccd666d8dd0729d4055ab4345c,false
1b81305e74b15e50997a5f847fac87e7c0442b4b,false
071c2190a0211cb30ae1fc0d4b4b0a06bedd7ebf,true
cf6a464cceefd396af4cc7c95b7aaf7e6da0c198,false
c2fb5ab24601e6da54cd87600d310a9abd1067b8,false
0c5882ccdeac64265e04f4e74228549dd558f261,false
edc3a54d88d0423b69c6ab67e1c3ac7bded418e5,false
c883f84aa58838d45a962a89332610c262121c9f,false
ed40f8719d4e59cb41c39146975e1fd15b7eabfe,false
e70797890e32c1c07b71b387b418c94d5becc501,false
42fa725f1676bac25db2747488d0d32bdbda5cd8,true
5a265b8a0afda0c717dcdac8979fe2373802c011,false
dd23e3fb65670c6646cbdc62b8e08f7e322094c5,false
c404b7c4cbc3b90baeab42890d5a7606012fe099,false
9e72295bde3e8a47f8121d4122d535a35143e5a0,false
499ac70cc96fd37279f31bb8b700f9c6b7778391,false
883f1251263debbff303100af87e8b5e5ce872ac,false
68b07fa5dea056e5badadf56406489921b693b69,false
fd13963aeabd99c96d8337c9577fa08e8aa790ce,false
86d134125940c8a387622a2ba97cabfd5ea67ceb,false
667dd757fe76a2231ffb6574023f9a85c668afd3,false
4c96c8e8d587e88101f05bb751906bafc65dff32,false
ee491f0ea9482c4f5a0a409e05980535f37feef9,false
b31c7a728dfe68af6efbb23028782f8cbb5576c6,true
ce01b58b5f46c4d76d1d01b3f540cf6c5170bf93,true
8bd9a6c4d41328860a637341d7dec88a28634c51,true
96ad9ed57eeb70811a2535e23c73a6913d0634df,true
8a16ddda7bc1162f3ba14b75ddfd493565f9c962,false
7af0965480be650d4a9bebe796bffe4b91ac7a98,false
497e4cccb125a39a7ce688b244a347e074b1229d,false
43ba9615791ef5653de5728bc916f0519811306e,false
f843e83246bb55c8e035fb0fa3e5515516070cd2,false
7e980cfb94c1eb742bf1c9986055e70373f76392,false
6a4cfc15d5e1c51d412b9f68d3743e62f523dd2d,false
2b17b95445af42f010e271ffedb18ce49e4a41a9,false
4c0a6844156e526a9bfef65ae11f4ff3babec4a5,false
e952a989bbc985c79104cc58bdc54838542b8e6f,false
56fdeb095faf49923d7e033041bf71bc719a27e4,false
c9de2a0a7231b5f90f0eb846d7d289774c65e676,false
dbf8a01f68b518f1c2d3435550c477378b63fd75,false
12c991ab837e7927c3a30ce408f42cde420197ea,false
1ed24359bcf5872899071f92cf9034bdd9d1ed47,false
28c7c331e6bcf625ce70cedc016b03e65a5994d8,true
c148003088f37263e3a7b64bbd562b06b9387523,false
92ae4dbc09abf72c20687655cff65f62a83f657e,false
948ca50789af780ba7014a1f7b656688e528c799,false
49994ad1ce6113e4b78605172f5df92310bda53f,false
d434dc1c887cd05b0f7326ca20b2aa721b915028,true
5a63e560ce40ad4c13a5bdcb69add5233e2beff7,false
55174f2056703052729ce396b609b917f97ba37a,true
f99b390e94a13d10babc26bcdcf5a6a61e29b865,true
e944d158486de01aa50c5aa0998c8d941b9c7810,false
d3873a27812a60e19e8f9d80a523ee12d043f907,false
30bf411901e6207dc5c04186b5fb8b7d2353a18c,false
69dd42e9f03bfa20c895daf3d8c9ab0a5383c4a1,false
6e9d57c89b3914c6c957317b908ea8bf11fec748,false
69dfb4524c2efe90e12b985bb77d54297c98b7ad,false
a87167f90f210c091d92a549db6843aa4d0dad3d,false
fb81d5c501374a76f451a292f4c1fdc41fbae040,false
f3cf0d9eaeea17d3ead3bb6c9958987316b3e82f,false
caa71b0efb4e231b050e3c46f216ea8030a53e02,false
c85bcd13667455348d7ab46346aa5224df17b4be,false
6fe17085317bc560b23575d7ec66e29ab718ab61,false
b2fa7f33858a41679220577236c8b2f819e0196c,false
1c9629f3869c8d7c68732a3fa2a9efdf36179ba0,false
2e3d5eca0e147fd1d8dd209451029ba32f366c5e,false
2be7e291a5d84dbb0ffb10ce7d4f5322babb04c8,false
5f2b7605a09e1e703a554c99d0ae3d537e6d2ee7,false
3b062d594d3a03afbc719495f67f4639a9b37c38,false
b6cae7bc5b7121a1848a8769098ae6fd1a1fd80c,false
91ed5edc70bba096f9133ce1abb48161f9d6a278,false
4465965036f196893db8f4abd3a4fdc6e67aeeb1,false
2b5cff5642ba9146e5854b2317568f1d86359ab6,false
469ff9b17181f70299113a1ba71cb5e559c7c670,false
00ead6162879bcfc8fbd0aa383275e8373f7fba8,false
d2f8703c5b91a0bc9e1f715fa3168538735f5ff2,true
81605bf1eb102bc1fe08b497f42660b7a79e457a,false
bc8410d6a0967be69168675e2970156496e20f1d,false
14fad042bf28d67955d0f8b95694434ed0c117df,false
96edc656677cf8bc974334b604e89f1d02ed3439,true
e72777fccf2753f85ec991935e325f17a9444577,true
14ae9c5980690e05dba5dee4ada570c16e3bb8ba,true
98198a2b29f1516c0a876ae04f4145c29398f711,false
7d9838801c5c45eba52dd61d5a272c937073488a,false
ef36cf92dc35b3499fc0759e3160549549e7b50b,false
647509c569b3bcc8c560e27cac21e0e4ed76cd2e,false
278029e9cbfeafcfce684e4845bb3faf09fd1029,false
b2e6b8fd11f7c621943a81b1288d1a879471225c,false
254151c79343444c6f2a6f43aa4e586457f2fc61,false
99b6a764f370ebdb7af9cc29b1c45a73b7f34b11,false
a4f059334308521a6e1c514e98b2c53a0fe56725,false
8d9916919400ae6071271bc23f341bd08e80f802,false
0e0aae4047443560ea2acdd4ba3e613d9ddf8777,false
b4672b15af092d87ff493d6cf93c8430fabde776,false
4402388bb9f293f70e7bbdcad3283e49e483133f,false
8a33207f870f1aaecb385a72b59ae51a32d3a708,false
ee069e190b7e3ad3eef2dcc1c150aac081c3111c,false
86589632ed10c11b9f60986daa52a6db1cc98e02,false
3fdf92db4722d45fdb5d890c02b6c50a14bbef26,false
26f7971ace65e76cf8ebad7ea3f206585dccf9ab,false
6a3e9c363c1b9c9a3623207fabb0fff01d042881,false
66c6af17ae5302064ecd7489eaf29fa1532fab90,false
9968915989d3daafc6228cd5df31b8bfbe4dfab6,false
8e66805d457530b12e70d87da03076190de2970f,false
a2763d35135b047fdc8aeddf5b63c240a2a79667,false
10c452a1403362ab2e4d5d08938c8347ba53c8ef,false
3f5244566860943ad1edda436cce235f628706a6,false
8fd32410ca1fa2044eb308dbcd32df2f5f436028,false
886e5414acc4f8b64a33cad88b58401661d0c39b,true
ffe0df458cf45b5b8602274140933e277ad309af,false
9f6ce0786cac69a729841508b5330054ca6c0fc0,true
23096bd2da31124da6c1be2b39dbcae877d780fe,false
a61b327701e1463ae76c6806a812ad7b011f87ef,false
cee6596bcb4f8f7130f636753a2f5e5aaceeb2b5,true
b0e55c6e824ef7dc2e4f386356be9634558f9bbd,true
861f550eebf323856c1a3e5548be33c1bee366c5,false
d44f86e03be0f3aba5f53bb2b3cfae56eca76548,true
01f316b93aa6774fff059a6dda552ae3591add25,false
fcc05da1ade88a54478ac8afb4c8578f2b826c50,false
24da1928ab4543c13b0dd8cebb7797680d8a24da,true
043529d20c9e64a7d1a3b7e09dabf8c76452cdee,true
da28c5598dc1fa8251faac8680079fe7802e13e3,true
71aefd7c96107006991b543e5c932e5b4304cafe,true
1543fff2f6e9074ce63bb440a7ae1f5d9287c946,false
8d588f93dd29153ef3ccdc57d745e542d4b03368,false
45be052ceddbd7fa47e1a6f477fa50dd587481d9,true
30f95eaee4a46d4c9c9ef5a60387917130c57967,true
b7c731724fc5f328571163e560e0279148e97714,false
e2b2e65b9eb4341d598711ab372d997f40920a10,true
3c6c4351ff151cc51cf346143286aa356edfe64f,true
7bd142689ecdcd0f53f4b16db2e99c8bacaa2761,true
730c380153120c00ca6977c16a2410235d402150,false
523da3e40f8da39f3e320856fc31753121f24258,true
5fd5dd91e52ab750d68abb17378a06a690b8c3fa,false
45ff928b4690246a84d98130adb7db7e30c6e8b0,false
bf2e2a04b152cfe894933206e8cd0b3da150499f,true
d6cc623db9aa93b5b715e6fddf996575b09109a6,true
d13c3350e6ce7fa88932ddb79acdf78e95b7ca8b,true
15cf6242459468827adafd6d760bd7b492dcc651,true
6d65abee7ba457b4651d4151d1515990f4a97519,true
c8669e5acd2a2dabc5529d2f7b8300159b950f52,false
bec4585ea542a6c07cc89fca95a67d717a566198,true
c99c5afac2ed310e33bd228e95ca2ed520404cb0,true
943035ee49b7b7b48ce1104694f0559640f813e4,true
495ea906937885ae11e8bc0dcb92419037b86693,true
e67199530c1d6c854c66ff381035203d72d6c512,true
510f6e2390883fd5ff9ad237056e147e16065097,false
67c798641701b94b865c50d4da4fc13423a809d5,true
747c370b8bca654fa338a231de2120d692fd74b8,true
4486fd747641838456a29d34040cd52cf455277d,false
a3d0367a72bb7eb95defd53bbb3dffd4da9496a0,true
12160b28b498aea16a014abc6afcb20582a8b384,true
eb079a8bfb1c7a01135ded387fb280cdfbeebb57,true
e186cf05fa60fcf6dc35060215dbd5820a58615f,false
6760282782f3a672698eee584f6db8dafdd980b8,false
2b6c8d18e1359ce2dd8b3279cd2636130950c505,false
40fa0ceb9608da1ea5b78373aa14ed82f727ceee,false
97ff997b35c14112ab78c4e6ddc2065712eb5df5,false
647a13d119d5bad989e3bf15309e81262cfeafb1,true
a7366c94f01b150aa3d10eaf0a9eec4fd92656ea,false
6ae9b863439fcea5179109aaff2d4b74725c5d4d,true
cab05366b5885ba0bc8fbf1591bf75b88732d2f3,true
ed7b40d50e4759dabe3d36b40782f3cc846cf921,false
7f77483bb4a46c86a4a3104c5dee52c216cb8952,true
8d3e59c290937b4d14db39707f9ee61d9dedddfb,false
605546ea3afd68f416c4af3dae99b731049794cd,true
88d9c5ae4113dd004d7b614a99379ffd1a05c795,true
75a5a56f9a4b0a6e5e1031a5ef1513aed6ce39d5,false
1b56aea551e84e463e5fbd5ed18faed2becf7d20,false
5f71a493dcd388d397cfcfa348db6c39cf866648,true
463567eb4aa6e0349189a779acf5065e29cb2975,false
0a75b9514308531e0df54902f3534de2954c51bb,false
5eba75bf393e442e24f5428afcd69cc2131db4a1,false
49d2f26a70f50c8f9cbd93a994602f0ca4e2ce49,true
82d265e08755ce36c656076a119f0c076f722f28,true
8b8061c1cbb5dade18d5a6c2581d33017bb1c8e1,true
e8d6abbfe9ea245e29fc11acbb2e69ceafd6ad1c,false
eb70a0cad3108c3e7807f4ef2fae2e84e89376fe,false
3c4ee96f7ed441579ab39484003d44388ab42dfe,true
d69b4a0682c1f2d09230c2083bc31ed5f1a9d9cb,true
d1d57a3ca6cf899976fe26c48e4ab7e9a58fa10e,true
f372d4040ffd82c785b3190d7b867ff54b9ca35b,true
f5a10914b47f66407243d41b2eb389e4c9325c81,true
ef7b2265b21f306122173dded9b40bbaf24521b3,true
1f2e16a5992528493582a3689c46fcae93643349,true
0443571d99373a9d7fa9d1726adacfcb489de26e,true
38b181cc48bbb76b3667a8c49fbd6569529795be,false
9782432f3b45d6452b44356e7c5368895588c133,false
7c3821768249b76192cd52c9c8e60100e3a1a1f7,false
37c776f53cd3fd61f89f1e3c2a5a8ec7eaf88042,false
6327bce7851d713b2bc0a55b0309b9e42d5e237d,true
1a71266baf02fb3f82c39c2eaa79c827515e1fa7,true
170e12420a4797eb4bb33039cc59d82cecfab53b,false
32ea3c13d0cdca8e08ffc19db3017e11c4ff2de0,false
eca4e8cc6d6d8d5de615cf63f9bc072bbbe74e6f,false
f6d9b3d4b9a7c036668facc26c6adecedd2d0606,true
9cf5979d960d60f649c69a56b1e9ddf0610e8407,true
46bbe510ebe38841c223851557ff6fdadf76a719,false
db6d81c023830f9676a3b50652d903c0903c3fd6,false
346835797853ccb9e586f3c8bcf7f6997f10137b,true
334cb5754920bfb6cbdeec7e13e839b7d2ea4bb2,false
fe5aee7486c9b7e73d339e878b87d680f288065f,false
03d863221bab61a28d8c707e15dbad15ef25024a,true
02abe976869cf0ebd1f0a6a8ad64711c2a44fb73,false
0594ab797c32b96585dc19eda7296794996aece4,false
54a24e1d1253f32b3edb3786fcfd50a86847777a,true
9630ea9d2df343e8b3e0eb38550fd86b4d0c68ac,false
79e686ef214d1dea854ea78b1f3f2deaf73e9c83,true
6a6dcbfda57649ac04b4a4bb34cd3ead1089cb87,true
931e75b7645158058ef34534ad86839e9298192d,false
1bd97d6002686ae3b1458fcc28703f322fda3cc6,false
2087112fc6f0d2171c98bf269397d43b488dec99,false
31fa1aac8b141ce36d6477d4107209e543269e86,false
272c74afa193ab09b3c288224e459c11de23a7b1,false
f7ee0e498eaa3e20e8a5079dd32a5ad89c77c6ee,true
1ba7cbe72d0580c5d2a6d9ab236451312a848efd,false
2a29bdfc8fcaedd42bc24f7f1e40f8f282b33db3,false
e64e2ec5281717bf7b6874a34efa3f43d3a02c36,true
f707c81b1bd1ba25b88badbd77de4046f3223be2,false
0d4319a354000da4229b1a7ddf69194bc445efb1,false
6f43c770cabcac3d6cd6c43ccd7bc0d85cd4208f,true
c667e5ef90303bc8171f5a10df916d04342cf41c,true
cdc06eb518270065c1658238f11d4f07137676a7,true
7ebdf469113f6996ea506b8e7250010086bdb961,true
0779e051bd4f4ae3f9c396e66f0a3b522aff57fc,true
8a381e6b8c0632b79f684a43190850ec1ed2d246,true
f98dd6b7b33f9762c389b0cb35f9d4023273fb54,false
6c178c339df4c827ccb6b790a988e7408be795d7,true
dfcd2b0573450a5350a5a4391923111fefceeb05,true
46a0ef83496c84f5e7c36bd5ddf755c235ec9a5e,true
2f49cd7039cbda2ec95446c7c202a24a47100221,false
9aad1727bbf3a9fb269601f0e9bca1717efe76be,false
5aa8ac844ac687ddb45294df2f1f6371d8b66de0,false
31d182b96be435c83f4fd57d0de3bae964cfc064,false
714a06e8335c7a6842fa96df6a063d2b6ceef5cd,true
13742e7928e4c146b6b75e97e724ec71d48c332a,false
62613af8c274990d52199b6acb60726cd9cd1916,false
1e462e058bd36a9cb0c19d4a9dd5e296381a0c4c,true
da9bd82cc99714d9877c6f77e81b2b7358b880e6,true
1d5e88b1dcfca7ff764ce0e9741b1e432b320617,true
869e2ef794c4cabc62e3e931f3ef73493d2e21ab,false
b89784d3c1750372551dd77c25868293f67ee3d0,false
9b76e9a22060fe379db8f75d994dd05282e23f8a,false
f4aeaeec0e9831e11d6c7ccb9c09e94c72358683,false
a4835983ff42069b0cde7da988f8fe68caacb116,false
9e892702ca0d2f4d960d4ce20c432121b2da3986,false
3f77a1c480c98f82477d82c33a34ac703bee2fe2,false
3783e7d00f031f5f2926420a9be6c883cb2b835e,false
4652fbc82ce4663e3b40d9a3c15429a11e36b700,false
b2e588b281769a5028f7064bc0ebdc13cc18c3a9,false
c255021ff1dd0f45af92762c93b0ed2b8a112436,false
1e6e78f283f36aac68b23e347fda3362f5dd28a2,false
a328dd521967c164d5d319a73a0f7e2cbc569949,false
9bc24c15248264c132639dd4c8dcea9567e4bc9c,false
be169f88da8715a49a0ac6bbcce0a58d5299dc7a,false
070f711dd9283feb6d47d06990a6f5fc0c7d0c8f,false
ebc4baf50a61a31204ec3fa8c3ab0f6eb4057b57,false
0db95c7ca2462cbb2949289c4e75360509be233a,false
2d5349b00ba24c3011a69ad85e61daebd23691cb,false
34a8baadaa0a7deef5f4142fc3d0af0b831fe905,false
eefbfdedca01f266235f9c20ad414f5b90f9f88c,false
b5efc532bd6588376fd61371ab42e5ea44d7991c,false
352c9d4d326c6c720d4ac4f64d9ce50f6017b6f0,false
dc73d7a47ebb5f01bee0965ef7810cb6be367b6a,false
c6ed58c8b0d0c36d83467782a8f9c951385dbf30,true
09e04c954d084d5d106a3bf651b91ff1105bed8c,false
0a2e2b60498540ac0fb19268aebdae61a178a26f,false
648a05c1ffe33a039e0b259a418b5a50604a30c4,false
aa87f70696c2e9982d8deef95be76d8a8c140df9,false
77b46019defece7b49e2289424bf7c6cbe2668fb,false
827ec89b082a7a2ed48ed56731c24ad31852a9d9,false
d9b15e4ba3c5f815546e92c0c97cd1adfcec7d9d,true
76bbcaa10f18d720f55cddcc9b983d0e995782c2,false
2b5d91c51e72acc9105fc908c8829598ba7c8329,true
077c07efda3e89f0038ee5027457a08930baa4b9,false
7ccc1de5fb33cf1a1064a0a72d81f3e0e2383395,false
0a18aee6699903748b81fadeffc92b88aee0d444,false
0a2cd33015e84ce330299f59cdba5330b6039a03,false
e3546ea6601de599bfdc76686c2786362986b9b6,true
f6a837990acdb2e52471723c177f0f8bea489650,false
cdd11f79abdd5d13138ee2bba6ffae2f0bd7977d,false
d859065c1c15282b5ae9e202fd8ad030c3b9d50d,false
c239b4595c36da8371c91ae8b64f288e873187df,false
afd5f96ac81c0cc17918da755c85b32ce4fabded,false
30375931010236e6a474396360444de8ad441cf2,true
12c4f92550959cc39c90a0635b0666ae62e2e134,false
7df623f8d9344dca08882055a8366abd24ec957f,false
2afe47deba4f67de48d032bfbabbac08d4df25b0,false
8100219d624cf3b3bca792259281471217bd7eee,false
7b63388cf0c3235797d74468c7c0d92560864e99,true
5e1f02ff35516eedd5ad541f5ba83613d26a21f5,true
09b8ead94c8f198063bccac44ff85a2a562aff5e,false
4f277ed781bfb41298899656078984f65238012d,false
e6e2f2b62c21972b5fa7c83d7392040b8857454f,false
2bfd4c08f3fb44d9aa62f08200666621c75f7fe9,false
52dbb846c9aad917ea6ec65ca9ca8bedd74919c5,false
16268836e26106a5d2355955089a90fc25c5104d,false
c4443d18acafe486c4f38ea4ce880a304ba8892f,false
2771a57eff1180b3e1ffa794f1ec990b364779db,true
7d5f16454127161499a284d38d4f95f0f3b49fdd,true
0f40a9c9a066f78320b6db0a64cadcf2dbf73034,true
7cd1a2e9cd12095eb77738a8bc282fc039a8801c,false
c4187486327cb2f4fe6f1c4a7a0248a30c4eb4f9,false
8a8b826b286cfbf2419c112ac172404611da2db9,false
fcbb1cdf3500700816dceb4655c998ed64914d11,false
6861ad1532e750b49c30542843403cce68587ebb,false
6bca025c9be317277ee3cff18c0eb3185454bd0b,false
cf7d36aeb5281b17a1f6afc2247c8d53a33a079b,false
7ab48056998b1aac7156ad7955e127d46c8a3dd0,true
8a4fb9fda51d10f9902d508c7f93327847edc150,false
91efe94cf72994141fc164ad9bf083bdafdc9212,true
dfba5426ec5acfc4642430d8dd6d862f0f3920ad,false
105e8ecc839d6e9647291dfbc5dfb1b188b3ac58,false
0ba64faa8a653ca11e6f4e36b4b16d9275fbbb27,false
1cdd40f199b5fb4dec20d62ddd01f53124826170,false
c9fea7d10bfa30c022fee9416782f4e8a54df1cf,false
8331354005f7136f31a7e545bb6962fcf83743ea,true
3d32621b5ef0bb863049d06f9af4859d3fcbcec1,true
7d9580eb4c4448d1ac54e4ecb3ce952b76840489,true
c343180660d3ee829d18ed3997e50c5f71ce85e4,false
ec21eb4e37d764934e84fac5ee09179f3d66b12b,true
1e214f1a2d19d10444072387f37ac81226a5c613,false
6157cc3bf335a70f0da28d44ffcc19ef32cbffe3,false
108ae10eac07bb64b38326ca84e88aaa4dcf8ca3,false
e3aaf16f1aa29c6d2dd516202170d683e45be062,false
6fa77dfe6f22722a27806b11b892dae2014a4e7b,false
82e7c169846f5fd65aeb5ef9758ef9cbb032184f,false
001f791fb525485866ffc4b7c6107c4f7de265e4,true
be2b91cd6a59d03b70080c7a901c2ef961ccdda3,false
ef83f6a9c89a0a5e6852d6baddf94b21337507a1,false
a206df89cf33e151bd69de5c769b8f7c4a54426f,true
c57232c0d071ba6cc0d7636782ada02c6fcc8b02,false
c2fecc2cda3c512192cc1a3715bb18fb92fb1dc5,true
943def205992206463d1288a1fab3f56d0029fc9,false
f2af8d39c36d377c1774d648c21a00f7c2fdb49c,true
f5d34c604e6ec5b185faafa4d1b12b92b251d942,false
e18a9fc68b7de4b9b4759084fa288ce414585a6c,false
ef4329fae0b3338d2137d83500a9a46392947005,false
38be0a4e1d10d121c0e7cdf47ea29d1c9ec41788,true
06a4f3dbaab190935f547bc49f1e14378bb18d29,true
ee036d2bd31b81ada7d77c3dbbe3e6daedb43115,false
fb14d3adaf8f52397b3d96236c497354739fe288,false
d83ff98985472a0eab236ecfceafe954d2fc873b,false
041162f9c4332154187af68a57dd3535967ee7ed,false
1de09b3a95ecff883ebbd1d991f2ec96e1748848,true
62253d37bb8c8e142385f863c8af4c54409c9c55,false
aa71c24487baece4e5fe04af8e1fada1ebb672e5,true
11b95ad8ce7b372d53873652e649c18a603c11ce,false
da42537d650995726232e1ff6b1428ea8330a6d9,false
fe7b257f1e7a8a6e4501acb7d48e70a3fbfc444a,false
827796bf38d32e2d23963bd2d484dc60e77cae0d,true
3dce273198f8916e7a321b9529827f789b501d42,false
9794ed12dbdc6a5b47210f9b42e598faa8718974,false
cea583eef269022ea7a4397798aa6eb5f48981f6,false
10c99e0931d0dc180c6beef5f32afdc8ce5ed66c,false
7951535facbb62377608600134842125f8346ec3,true
3b27301088fd099e401048ff16834c3aaf2c6da2,false
50373aba15f3ffd63d16f2e106e49927eaca384d,false
2d204c3ea1c4b25e03b0d3412f4d2092be733a59,false
7ed1cd7fe49fbc5f0805954035e6b3243f9ffe9c,true
545625e309dcf3be4037f2c46bcf4f18d454fbd3,false
7e583b483a3e97bb6364c2e505d0a447c8d71e77,true
77e7168bc1fbfb35d7f7b150bbdce33bd9df850c,true
e339e845fb854fe84e503b8498f277c6c132fcec,true
82a75ae3af29a05d56d9e9d86a13a24866147261,false
19d6f419af8e26620ef478378218c189427d16c8,true
82bd6fb64c976d01579a027852569486ce721df3,false
1133463333b07118c93bec046e66d042b24c380c,true
a49dfd2d0a634051d4858736a9b1f1b922e8f77d,false
3abb4d814e6745377c8bfd7c3466b3cd938470f2,false
7fe091987e55247be5cf85402bc9825d4f15a36b,false
98ba80bbb423e570559c61f6eeb18ac43e7cfe9e,false
ea7025468bda5138d6ba74c3b4b11233d66caf4d,true
34499883d8d54b5965136d5ebb399550ab98ec57,false
6f750e799e38f18edc2433b8b5ecdfba699cb70a,false
95025f60b123f3cff7003de1b252dc5bc3e0479c,false
2ae2bd1ef80a6e257d7bd7a190a33b83b003dcce,true
850a150c8312b8695f6f2643c46342f91f4c9bf4,false
9f26147ae6cafb9d0c90c8963e702d136cce1adf,false
6372c29ec3e0868dffb767916023bc07e1173bdd,false
4f8a84adfe818a1712ce25fbe1390f3c15cd3b6e,false
a2fe32a99332a3e1c07871d9fee621d3a65a64f4,false
24ca1bf5477ce264c7ed40c57dce658c83fe8979,false
4573407d7c93ab62805d368afcd9d9f023e2afdc,false
b4fbb0318b017272125cc4d34c6fdb997d66f51e,false
c6fc834d974a309c5cfbbd95afb7eeba9c6e00f0,false
2da7d1cd9233e47efc4bef7b95684360468c1e79,true
4c1dde194099cc56c54e889e770e545836ae4246,true
4ab4579a0a8f21bdaf78ab1f0714b02cf39d1d15,true
1cb7a9514ecb5934a4e2d3c6320bde13c11afb19,true
e37fcf3a41d769f1e5f84f1432d4b4885ca40c37,false
48da7d1139f868bb3d3adc349578bcdeb0ac1ab2,false
82481ea3b47e82016a79ed0be05e300138b09448,true
cb70c695f5c85be396bcb024db894795f8ec3262,false
b22f25b711d260fe88c83d320dde89a9f56db7d6,false
ce9a763c246cc24ea504a41a1af624229a385c20,false
728ce7abca9d380f534d4ab2bfe69130cf61b0be,true
9c748b09e40e72cfd33cfc388409d022383cbe61,true
f050e3a849b1ec1066eb36eefa7ed46099e0c838,true
9e5e7de2db43b8797919497a1c1a3c0347cad2ac,true
aec0040e424bcba8071d0efb1bb519298703d504,true
7d7837f3641288168472d0021bd61a7a0c22440c,true
4047c0f0373dae381118b74cf36164e9ef802f85,true
dd1f2c962688119327457c674529bd94aeb932d2,false
2bf140c910f5fd4651fcfc798610b7da950d1e51,true
7bce6c87f8bf16ca0283dabb046b13a1ac368444,false
95e55c2ac5d86dc29a7d7d7a341e21eb1e0b7217,false
f7336b5535e85023eccdfd7964fbeb573f6b83ee,true
83efa537599f3b07d640151dc465f868538ae24e,true
44cc079b49d85cdb48ac02c433966fe036327020,false
9874afdf12c886869660dd4a40b74cfe5a9d3d22,false
d0a58ed2286fe8047cc6d8994528b977d49e0234,false
54e1b1dcbcb07728f2f8cf5640905980e8d6796e,false
c635eaa22497b936f24ad94557b9b8b1f2d146dc,false
e6d6811f2793dc5b772d543497cf714e445a2bda,true
0d5c40d55fff4174d33ec45c039837dcafa934a1,true
a2fdd7f4a7f3e8685dfef4b21ffe43bbb862e994,true
677e2d4c3bb69c64061a432457812a8feca75380,false
906e091247cdfab766073c024a8d1acc4707113d,false
a572b188b8dcae133d8ef248920bf825022d0e94,false
a8d99e014c05d32bd4d0084ad3b323e71c4835ed,false
dbfb9069de39e4b80e55685bb0081230bdf980ad,false
f1dfb228789671d8f00e38cb17afb8c69babd5d2,true
7c39e09970acd849024d3395bf0dd714db3ef248,true
7a8deca84b694f88f68559c7ecad5c7d63a58657,false
091a0733b87713da18acf26ae00afe2d981b0418,false
c7b4861f2a6787bbffb018e5de4b7e75a40ed7b8,false
9550789957ed4a8c99d97d7fc63228a0c07e0a01,true
95c6758192cd513363bcf723b5347196a764b962,true
395a30541aef1dc60194bae3d2cf8bbc257801a4,false
e76936ee02a1f51e52308f2a34a00e941d2362b3,false
8596e4db6ab3ce5bbc1d8162ec0f948aa37d14f2,true
e86effb131965fe37837433f642fe157c5a04e95,false
f60db4c27e788c88a6ffbf0835e7dd32ae7795b5,false
3214312409e3d6ff320d965b2bb052d1a0d05fc8,false
55c89972efa8e854f519fc7d2385fac03e42c395,false
be2d8fa3675179e47113213661385b41e47f3308,false
1e2d9a21cb2d23b1ed81a6c2ce19c62d00b38cff,true
836966a9c9d1bd2445ab5545c883ebab6937d1e5,true
cd5b272d91228957cd584c6c399ca367b59073d9,false
cabcba5739836ed32db50f590282069e14b21182,true
28b800be376df053e55438c7192410320c29be92,false
12c786df6185fabfdc282846f6c9fd14a0d185d3,true
aebc15a66df6fb75da8dd2b86dfee14b5459a339,true
42720c8cceb95f9267352f84b4f291c623810c8d,true
4210f214d02eac081dae4a6d05427c27d45edc78,false
2f815301455cbd91327427a765270b105648e883,false
f6ae34d096194762ee801c6f6f6ba83b75b7dbf6,true
9fb516f2ffc12aa427d26c59840831e0b4ae2cf7,true
b0ce00715f964306ae494c0bf2e570c609fbb4c6,true
de01b5f6f121ce8408ba5e8583823051948fd1fd,true
edb9bfcef6131b404ec7598f4191bcf42ab0d2e6,true
a290d16b9b037b0eab1486d21554558c50e27258,false
161cdad15c9ccd0c70330293936814401fdb0e66,false
6367be302c1b784eb98f14697ebd03ae9a955173,false
83c1e9ffe38fb685404237c65d3e71c991546902,false
c2ccbe51642c9f1aa09e5aa83c80e663f266ac10,true
3c0f419f41d1e83256757acaeabe5564398fdb56,false
150a5a36aced3fa506baa5ff1c2788af80ed32db,false
d897e725b159e64900c667cfdf3f2ec9a7a0bee9,false
9b5a6d2360cc21ebba47d2633210798de97e283d,true
abf8f92613462b8321541be3e75d2220a5be184e,true
9c7a4c5c841be1d5485c28720d269e6b296a9650,false
25f0ecd4b1472cb4462c54a22754e943d695811b,true
c6399f95d009ddc0c74ccef9b9abdd562ebb7edc,false
fb59b939d20e28544c182194a026785eafadefa0,false
f9dd8a4adc0c1d014de7b3d47e46b1597a137ecb,true
cfd4cb434f5a61478b84993e76194ae37a965221,false
91cf75ccec56a443223b19c6ec14f577d8f0a0fe,false
7a0f9d3e9ef6a51205db95a3b8af192c86dc12be,true
10b493b9c3385e09d3d7f4d35f1f357604dfb058,true
df6ca888743e9b5369c27778bf90a5f7f28ad046,false
b67818202f7fb1c1c74c6f82dfa4c8ab05e296bf,false
27b481bd2cfe193e243b5715d7373533a65d7182,false
fac6218518c98999a0ef98b493d7633e8e4df2c4,true
dd215397d8c665ac615e7c4ee86c37cf9732d5d6,false
af3b5254ab86d60d44812ec0409ec23cfa7dc328,true
3d64df184a8f9dfc304a0312da0d5c1301ce5aee,false
7cae7b4bd358af4838e063d1b7830195573aa679,true
434cc30b833ee769659608b25acda9b046bc7cf4,true
97a854baa9fac1824d9dddbb83843691ec7414a8,false
a1a4aeafc79dcdab2289b45e6f8c87ed0dbb4e26,true
878a62e15fa0ba0800cbfda11892b75e4122826d,false
7f2a6a87ae21c4a562d836d969207c2177c24368,false
40c6d3d3a5ba90d2a63d60d6453bb3f0ed37d4be,false
8b767d47756ce793565a884c3e0ae894f5609a63,false
39af747aa850411e67c0f40efe8cd16017263396,false
452e0c8dae5a52ad9bb97e073caa16b40c3c1eee,false
7cbc26f36dbb6afb6747e81579ac6f9d7c3ce522,false
2048b3dcb40d153ee9e67358a5a3bbd37a2f71f7,false
b7ccceae37d63c2a81a92eca9393557b0cd4f7c3,false
1abecd574ff7536e7e50b74b4686921f44249723,true
54558d4aa45ada6f3d1f00d38aaaa1486f4fdf60,false
c16f33bb5e051dc238ab8062594635578e9060a3,false
6cbfe68501fbc775691c97c19c624145b88718a2,false
aaeeb05df81b83e0e67697ea1d0617923263ec51,false
d170545e4614eff753d7464c14ebab69e66605f9,false
f0c38a4351ffbd9008d119613099504b2b63e8fa,false
bd030460b0ad8f224cfdd5e809fb3ee1b9aba8c8,false
c36ff638c1be8c4e54e60786a058469aff8cd957,false
6190c8574ddda49ac9d5eb3afbd7484124fbe01d,false
df6f3415ac61c006899aeed01580dc3caf2c0833,false
ffa68696e2db4d2d95eb581a780af0d7d7227c8c,false
ef2fbffa087edeee6389c662cbf0d8346a7ad74e,false
08a8053e9d9be35f47d2732cf70edbd2d1d132de,true
a4ee265743847d2b126b7e6ca9256fe233039fb5,true
7b5fe0f65a3b652489b7bcbb4aae8331f908a7f6,true
24a3eee8607eb92682fb8d0bc4aac463e9a29a91,true
7591e36abd6786ae4b6a3e57e9d3d07f4be3cad2,true
5ad325360d09f89d8cb3766164e9340041aec535,true
671f70606091d87ad97c36ae13febe49cf69cf11,true
473476ae4d875fc06e90c7fadc0436427e8b55a5,true
a157cf99b0e02ce6c26087587d1f67914ce925eb,false
9e41c7919e2ab03e55431cb034179ec4d0fc570c,false
bda586273cfe19c14ef7cc12517c6f6c5b7d68d0,false
10810299db2df4e1de61c5d8065779cd88de20a0,false
5647d938c346c6fab37ac351a043336b5aa6e962,true
35c064f61326fcc57f1fa4e8ec8103128046bb2c,false
33bded3189adb9810027a79370e5d27e0697188d,true
71052352bef98535eade8308c490acbc4b2d21df,false
d757d03a6f07a52e13fe1ba962966d131bbc8a3d,false
2c12bd7b3a1345f3708b46ece46c4e682d9be613,false
8e43d39442dd17a2c9640ec5f5c28460f1c48f5d,true
f97f73a9d9cdeda8991397cbd8f01c89666e3e4e,false
c14d7ac01db55960a551e787c7954447e73a7053,false
8e458d8efb0eb81367ae13ffad68256189800e9d,false
855c5cae3bd1f8962288fca1f9a26a4227a5bf67,false
9ff1766197c8891f6d3fa9e8cac0eeee1da1482e,false
be623943f73f5988a2b045b707f141f67e294770,false
72e099efe75e9c3044d8111fc4e951593833da4c,false
8fdfc624a2faddc10f350061fc796ae89238e597,false
5f5de14d22ed8caa6d1513dbbedaebe03ba9b4bf,false
2f2f261761b52feae773bd1597258895a6f2ba70,false
899502651c82ed1f02e900ee6975850223dca858,false
92c515abd969177712730ed614066cd3d0e1a5a1,false
8de601d027158fa9c602fbad2560c17c71a2a137,true
e4cd946dc7879a5952764631fcc4f3c34afae73f,false
081e95551b4eb5a8c6beb41fd108ee503ad237eb,false
08dc218d19fa8293852838dced3eb7e456965d48,true
b236a839147ced4fd890a7bea435c1d56478c8d4,false
ae3a4191cdfaec7da10a3ccc97578b5499f05285,false
c1fbe63c87f8f6adc4c6b574a30c9a535167ad5d,false
8cbda223069c62390bfa22a266dad5d7a9b9526c,false
49dfed19867fd47adef6640340531aa84fbe23ca,true
a8e32280c81676fadd411d3b461442056845c50b,true
719d79eba694605dff67f19aa6ade6a7715bc5cc,false
6bc3c80b29aa6b1a450851907682ecee60da6c6c,true
3267bc4af6e91f43af9c2f165242eaa82bac4e1d,false
d3b5a297ef7a233004535e26c9cec5929e666620,false
23c7556621091a584afca2605fb7fbe7cfaf4269,false
40f848bcf19ab53a63ebcdcc8fa4d45e975e8895,false
ed191ea54b04a64c2bb122fb885ee3e50e3aee1a,false
498bb737b868b67c06a8affc278676200a39ada3,true
4523573647a9bbc0d00ddecefd02dea4d40b4cae,true
3216b5e53fd93fe2ba6f6f5bdea0070dc20e23b2,true
f4544db8430bf92f711abba5a413c64645d53835,false
0bc0227ddc0eb5949be19c18593d8fc4d4735672,true
1af6d94de996c73f90d2f09829725c0ea0e9db0b,false
dc2a943d9900f9f142f3027043cc230b2342a8e3,false
0865d5c4239dfb076dcab5cada3ea19ceaa6976b,false
e4818b92e3675577dc95c5fff09c38b6595d5e2b,false
9df0db2786d8310a25b7c83771217e6f6daaa213,true
f817f6d75f90e39180e9f5f10780f8dc0b0bc9b4,true
c01e61df43a1cedf867e5d2323e9ce0ea2cf6ddd,true
19eb3eba30506ba2e5009efa56a3e6112e0443aa,true
1b98dcc1af83209eb0583409a0b9bddc45212d21,false
11509f35cc6d7904ada531638fc6e6db02ae62a5,true
d1ccf7f8e41e3ae9cbb008c289b4d9bf945fc18d,false
6447261180fce2fef30fbdc7175b49fa025f6864,true
868dd9894a2b879f689170bf9144b725a2daedd1,true
e0a82d41241624d9a85d1036b80a65d86f9276ab,false
80424a72af56a7bd24b89c98fbbc028993650b7a,false
6214b75ac565d2c9436b1a988361caa54f1564e8,true
d87a6af34d2664e530b2aa6ae472b8268d6313aa,false
f31c03106dfcef1529c898c4255c30571e54836b,false
8f4dc6841991e7a9977e40c8bad5dd8bc39b641e,false
086cd8dda75a73c5e764110afd71c6d0c0310f96,true
1b5390f6a774b6098d09c7db041d8885f5683dce,false
4a43819806e41156205f1bea2bd52011f409f242,false
7352ad4c712636f87694bfdcc7906d1cc152f8e3,false
9ae51027b2f61691b26677f8777a354abecebce9,false
4c7977c3d3cdd7425b1d5f2ccc92ff10567efcad,false
5f58984b5760430f5d3745ec3a1d8ab69e2690f0,false
4f6974b0165d0b89fadb379e4c49e9c6f4beb743,true
d7c2f610b0da867bdc943a276dae6a1067cbbcee,true
f06f147312372e02aac14920a567604c548a946b,false
8e1302f8ce2a3426c57ff3a653f8734ec7ff399e,false
1727f03dec49cdde2a7a505bee9664e3096506ed,false
6c65b7e999aaea65098e7dc7117658bc19cb5985,false
ec635d407bcd928ff84d2d0a2e22cf3066ab3fd2,true
8f791908bd8cedd1ddfd69fc33c6109763169e6d,false
a2d99f60d2a4ab0c8ac6f42f6d816f59fbcc18ef,false
110427680d45bc0bba3f818b77b2f92a96ad7fb7,false
c2312411e1439e873ed86edd2b546a49ac955798,false
3fe0bd7481492f7dbce27e16f99a5b53867f585e,false
4ee7d51dc44cf5ae743a52ecaf5c921bc446b939,false
9de0794924fc96e99cf4c0d90a29d9c7830200f0,false
25139a28c94158b7acd3a81fee2d712b1d9b6def,false
5308382217600b76b60c35fa9c92ddc235165d93,false
3ef2ed946f56f2fcf49e6d50e62064a6ee1ba6b8,false
fcbe4f4d9f9fa55b66bffd11d44a8f30c8880578,true
9d437fb8e8ae8ae0e56712929534932bb3a4d134,false
10b3ff8bd29627cb6013bccf54b0daf709f53522,true
0ca7858722630d9aa6871e851fe817a75f3b612d,true
aba108cd2f7a7c6f5597abce732a8ca242d52233,true
726404ea68b0a8c078e4c654b269e7d1aadf3823,false
729a007ab3b4d9c359542e41b21c8db2eb155d62,false
da591a101c0a8a9ba0f8077143998aaebec887ed,false
3c19054e26939de6dc8d70d87904d667536a70e6,false
6d2a871763910eedb21e4cef967c4cabeceef1c9,true
d68069ae33ca988ddceb36a55e5e8c2bb299e8e5,false
342b62e2c769db0ec047c3694570beb7fc070fee,false
b675e2302dd68acd2ad7a5bf339a905ef0173a57,false
78d7679c03f13152a1bf37b3bff08945d2b4e1c5,false
73ec1e3851d1b19bfad161421665bd9008a5176f,false
7a4eee4b053a11093294573425b4328437def5f7,true
c5c9e78df908f4c1484bb4ba7349362ea67daf24,false
da7b3df73bfc2aad93947da2c81c4c9fccdbc832,false
e84fed57deb690f1e9f9cb27f02cafdcd0b93f83,false
fbaadf6c78675445ec10bb26ced28033f1f4997d,false
086ef55989f8162f3e42226d7889266f05af8cd0,false
7f065d6576e041bd9ba72ad724cbf45d5773f419,true
822c5f6df4cc1c973139f74e0490d07bb519fc55,false
be05c94424e00a3170d61f22e51de7d6d55e923c,true
f34516bbaf3d92ae5ebab6a48585545ae7f69cc1,false
37fc2bb8c3b4ff60d9505f71db4a7deeb9d30d64,false
1d288f8ad97cdd6c30a3a7ec2dab759e42d6e7ee,true
2368c6930bdda51fd9b8c6df8b2a3d6459174b95,true
0f1476ef1045f209034a0a732359f0b63286aa3f,false
f480e976684b4aa0316db60120c429cbe88513bb,true
8310e46e292e6b1e11e6476fe7638f6ede09809a,false
07a628c1c661a28a3f61265c34e4c1e3b5e2afc5,true
6de47cd003e310c86c639eb51d9acd78b5c49650,true
eaa9069e060331cc960ae3d4875b563002ca682f,false
58ba892f0f6c4b229ccc4c74c50cf618e2517037,false
fc9aac6065510083b6e6238038d8aaa7f3c32fd8,false
df15a4297fa6b4b8c1b935a2b21b02178384984f,false
869fb7d7e63206e392e989fb33669bd9a1bced24,true
9eb78bc46db677c14ed8cbb5581f05008fbcb2e6,false
809f73606cc73c813d193bf9c079e1b2631bb3ec,false
8e89450f5d75146d1fe65dc8f24cf7b66dab68ff,false
b492ede68e6b06f3457ccc440da6a82a4d5af246,false
713b33d340d7851ec5e44be739bafb1f7be2e03f,false
2d9f0da79b5fda166e19b0d4af79f638da3ff332,false
a1d841fe938b26a6f899f906a592e1e1e8590554,false
1779af8260291e6fa02064da89840f9b37e9eb3e,true
bb85ea1fe005e4e2e33c486929f70c0c8bcdd46e,false
88580f7595f0f7b09de84ddc0eb281b81da6857d,true
6348a20e4f5c94c5d048f56287768feb1538ce7b,true
37154cb61cc8d3373a796a0be31c70a26aa8f93b,false
bcec7c003442e38dd5160ff5ed394159eebeb89a,true
2f4d8303f1f56891e0f61a613be3f67edc031ba3,true
0d2350aba3c0396ca306570a642f48fdb706d8d2,false
4f2b13c756344bbb4d9977af8a085b77b5a5a3ca,false
1fac80f77025b3f36c7915c7d76a485cf17c1b76,false
1a5593c03ded39b7361ae610c6ef431ede0cffbe,false
ee676e2fb2f92ecd0e026069b9b008521c93eeb3,false
214621c1984675e83ba3f00f153db9abbeef8928,false
3734b8f2ad6f7c11219466b3deb567cb9f121a2d,false
55f96a565cf574519f8f98173516a351cc24ac19,false
42c224a5e66b226a89debb1a14f186df00e0f527,true
4674a4912bc340c6b56a16eebbff87f4173832ff,false
16ffc7e24c86df61262d07dcdb9c6b3575f2178b,true
e4619cbfa6d2ad627511d07502b75bc62d391c8f,true
6f7ffa68e71b6317f106bfe2e81965a5977b6b94,true
9e7bf1c83241aad974a5b79180e5290effa8ad94,false
561e326aff34d0c2d1430d2a41a0e0224be4b519,false
5b681b9cbfde680aea4f0c921d939069ddd257e4,false
c94dfab5740d14cbd426fa47c7b49648c30585e0,true
877ea26e3ac4343ba92ddb83c2a3d8899dbb232c,false
1070b693b75460f311be85953d0c7e9e0b35011a,false
b463d47debfb3728078ac973670b2cfbaded18d5,false
b459ad15d6c6a4aecd1f5f941a0041c521313652,false
1e308314c067dace7ddbca118c405d8f0eed609b,false
2541cec4d61cf92c345012d685346333e5f224b9,true
273899e0bcff65b7ee939e66c3bcb7127487d484,true
f684280fce5808bfba65aaf86a1c1695894fba39,true
fa28f7b03c831965ac1a11c4b7d2e85a1ac65655,true
5ab54ac900d230fb8d0311bfacfbb04953d96793,false
bd4a14fca9213e39df20c9c810ad2178582b216d,true
dd90c8797ef5a66fc03c810fb3d44211f6fe12a7,false
4a04554d99e06a6083a0371f316c13483a32542b,true
64b5654183f465e5ceb5b8fbf3cccd6727705735,true
c69fb93ba222407913cb7800585edbe18a8467fc,false
be752838ee57432f74cb0c933964ef55e995a9f3,true
003ae109666066cce1aa56c25b39b6edc162926a,true
6379c00ec06f2d3ba064b128c0b87943370aba1b,false
74dbf9088435ef5cfed74f1265f7509f7472c5cd,false
2489e789252557a0ccc24f999e26ca4599fa8eba,false
915c5f889057b2eb6707ad22d68a3eeff4b9eead,false
e264ba3b3ea6844c0ba80440a79ae3e56a4818a1,true
762161eebfe277804f9f938946be49ec8fe006f4,false
a7bb93e965ee40f221a1eaeb77a94aba955820e8,true
53c020741f33641e6b875a029838417223606d9b,false
14a203b0e1f21a0e4e2b093323e617d0caa4cd92,true
1ecf1c44125df1f98802da61f2ccfd7c14b24f74,false
c749c38c73b7f151e6f160195e573fff99155fbd,false
f1e544b7e1defc30568939d838edf55532131232,false
612935aa8473ac683a9f579527b51841bfa40dbe,false
e62094e926fba0373c094fb7cba25907ece641b2,false
8fdc816ed275330cbab1577789aa815256f99348,false
238b9b73a51b604a32391bc668cb8ec1f6096f92,false
1e595c91efc00b4f18a1cd6045cdaebc2fa570a3,false
8066d1e12537b4895ad1a662279614b8007eb540,false
f507d7515e799b940aeca136e96156d689b4d11b,true
177d6c0b285cf63ed9e3130d9432bbaf8fa68828,false
cc92abe083d9e5fadc77137d08cdff4b67f5548c,true
9f976cb15c0b43578e65ed77bede2640d2db9f14,true
dec3d5441bf405c9a71b7f48d424e00d62fb5e15,true
1630d76cda1dba192565363cbcd8f05372184ed9,true
cb43515b73a68568331c1532e23e9065e7a7ac15,false
6d0fcdf21a9911cbadaef844b344fdc383c57969,false
8fa52ddecb8c65656c80f46bce440af66f11767d,false
10bb2468a5a764bc15151708cca2e41654fd4dce,false
298a2859d5c0a4567f9cd565d087851f4fa2e46c,false
07670433d11dd8ebcca2377523e4e9d176ccdb5a,false
e84af5afdba10d6b489a88d7c40cd20761e0c0ae,true
82eb53a76b471d2e60a50482dbd964881f33ce59,true
59a3c895df828b25e603da6d9e2fd829ba43f022,true
3a24f0d40bd23aba9df2016c39ea68d89d218725,true
7b12f13d96dd528188a3c49a12214d8eddbb8809,true
0d5825ea6bbcccf7b6a23b6b43149e02ad442ba5,true
b518f5c6f4c7d0a8fcfc6f3f0ced201b0eca3016,false
43c8f9860aa9751aa0559084dff018f856c9d8c2,false
079ff4f24d6712de08a071dc1b1b4fd3b90d8d05,false
d6f5e77d8418c82a115e9898d073c9b6e029babe,false
95ca4f9a9f10af8181f422f73ac6d6e60b571c7f,true
37d3b9a293ebb51aaa483fb2009afbb2a4a8c27d,true
dff412ea9e3fd045c37cb33d367353754caf3e5d,false
bcb5f5275b64d117e9e9c77d74631d21f2f61e0e,false
fe4710104535d10c0a28a7e8ae6154bcf770c69e,true
f48da5275ec3112c07f84e38efddd3765240adc5,false
7e2584a55df25931c9953369ed2c55b8eb76ef6d,true
e862a0697e3ea44c260490c5f043c959411b3eb9,true
5bcdd0aa0076f0a6cefe121455813b33606f4bb5,true
ac5b8486a5a5fcaf5ff8790c3f91c5ad5df40fdc,true
57d2d493af0eb563c4012e3f87df8aebe715a0b5,true
15da1929b38b272e3c7606ec956d6ab89ea12966,true
d56872147052790a4afbd9e825bd8af14de101d2,false
3636378bb84b70f6493de73531a28144c50f3ec0,true
9f4910e67ccc767a9b75c104e00a1b23968b5bb6,true
d9439a16cf6015e8c9c318c4c6e7533574569a81,false
cd940bf8013c9db305eda9a3006178577dcfd859,false
6ed2d7dc04efb2b8e760056c4b25ade429ed297a,true
ef994cb6650b3a37078675a81386b288cafdbd58,true
a05ababadcb9e30b5f56cc311b9419b3a011927b,false
80dd194b65bc072b184676b7f877e9d2554ef3e4,false
75cec4b5e122ccde88ae37d4ab8c5eda851d58c5,true
20467188f57babb69ead18b70cfd91f3e8dd3505,true
96077a854bbea2befe4f9fefb1952c367594eb05,false
9cb874e25e60f4840cb6f7c45c5853d1ea4eb10e,false
e7a6b171c3da810a20f0656afd47753bc11fc563,false
967234ed12704065a3b6263d213664fb6f0777be,false
a625a7ef5e57b0020747b82d4d0e0960b02bee5f,true
e8a8d3a3e1addfafafcb0d4d34cfdea95ce319c0,true
4bb71f0fe49979f291ef1ef8fbc2d7f99a8270b9,true
b02f5f661385ce014acdb16681458e600580e643,true
4c31123dd17651c1a007cea7c3d301401c385567,true
85912aa504b7c61ddd1015de400eac9215809818,false
42f9a3b905ecdc5817a7df28875a72f6b24e7bf6,false
a0a5bfe06cdf7a0765dadc521c8c7a1fb0ec77f9,false
97f78f8fd94eaa1d687864df002122f314284e65,false
79653340f4fe73759a673da9eedc9adb287ecc1c,true
783d384074eb51fd2fad3fd150d7cb763ad10cda,true
f939cab3bf0e055aa3effb46a797da71d3cab815,true
89341d28d2eb3326054e2c97f4c880cbc51ef233,false
ed3c4a7d8bc51988b99e32cd6228c6b42bd92ab7,true
4af4881573f98cb0eab92922c6302908fd56b389,false
239bf454839d2dd0e0d9e689fa703ca307795890,false
f71c31ff5bfff75903926ab7448b1f14a8f91c2c,true
ed8530d825b88042b15b34fad3a4afb31fd07c76,false
634c7448ee842e6c320b4efc4014b83be4513be2,false
916c5cb71f2689f1e2f2171f65eb88f7e283d8c4,false
0ba4188bc161ee52e2f8335dde7a33f9d1789333,false
c21c7a9dfa2c4a04071b32455336b81f28ed2eb7,false
49ccb7b01ce8d4f893f16a0fc02242deafdfdad8,false
a71b34af9b82b18d5c6d077de98a078ca0b7614e,false
eabb2839eb0e820c09446421db6d8301a5f2a7ba,false
ee16ee5520224d7e0604596c01d2737b25bd3449,false
6e170929e6c7c68f844d460df3988c292f7f8144,true
d240504f2bc04b669a133a41d203905254b4058b,true
75092469f948217c94704f6cb298d81b75d9f9d6,false
d0cbf71363408642eb7f037cd210906df2ce714b,true
9b0d227e71ad0bc3681259117c2bd170e9135e6e,false
79d08455957c1d15ca880bf0553d981c20e5f7d5,false
e639431d3aa3ccabcb40ea34a6e02e7c009a699c,false
ca4d65652bc0084b2d94e021ce192fef849ca0a8,false
c97f81678cd4138f2bbabb07886ee321bf34338f,false
c18786ee7aaaadaa8255c7067ad43c5030f0ecbc,false
5f41f307cf746e0e3469855f20f798962e051221,false
3c706bc913e9fbad1cf43dcb8a3b99e8f4d33763,false
aaaf7ccb4f8e380cabe99d09085f5b09b8ad531a,false
7ef2e7181820e5c43a35867dcc57d079f5c7d47f,false
210b46ddf07da5aa7a24fc973a58042e98125692,false
cb17f982031abc1a30d62c1177a59ff3d29b69d1,true
fb97fd9ffcf68bc8f61ba13455e52063e6e7991e,false
69ca4beaae9433a634df3420ac391f5a21f14153,false
17999d1d0e3d31191edf6a92a5caf4ae4c879389,false
32bf4e66479ac70bfe17f775c7dc42282d6bb077,false
ede377dd311210ae0fe7f72985635507bcd6a211,false
d7c4411501914be6535d4439731e04199b6bc1ed,false
07b8df36869fb14978e1c47f43a3d998952f0b3c,true
58bba547a6b5fbfbd5ab43f64fb1545f763f72ee,true
f2c911cf5c9f6eca3437e05ceb207f034185be25,false
34c0d973195f8456d95a9cc105feaed4eaf976fd,false
2b84a64c040b0c1372230bcaa290149ec35f892c,false
b0050c572f18b9830b32887967833c1d8003710b,true
e899e4a60d1982451d7b4297fdc4b864c6458a73,false
890529c779da95f97262ad37c4a818a515f466ba,false
99a01de8aecc629a46aedcb3e6fb01c89cbe069e,false
02af98644216f5358b16b1884821d8dfbc9295b9,false
389ff53cc91c143589031b47e9ddde681bb23a91,true
6a204f128d079b70e6cb533da71b1ccc77248dda,false
d8c579ef111d40673a29f7715704c5bf0c9453d3,true
804fcb42200b575267bcd05a6901c933f4b01ff8,true
4ba0c37a30d0276b30a6f2e89c55e544a85277e0,false
d2e7657420be8b7663acc8bed5c22ebc7d0f677b,false
c8870d93c5f77c82a9a3defa310c4a11ae898e45,true
0a28ba6281e6d271d44563fb665f2aa76ede124b,false
c9f32544aca657aab289d418cf9b3cc0c0fd3e6e,false
893def7290de3a1e8b9eaa47d9b44d2ee8bf95b8,true
ada5912acdcc00833f6898c70ea4ca684020dffb,true
18463beece9f1f4c5b22c675cb343fc84af447f1,false
480042f16d2f239bc0d7034fc737192f53a90edc,true
3f410db5092aaa5705d6fcd392d47888f440e4a0,true
e4d4274f1de0497f9ed9b2bdf9f587782840da03,false
6f745f7939ae910ad0b34f80b16dc715d5944c40,false
416adca380e8b32c195726eed29f45d474bbdf92,false
b6e58a63cf32952ea9948809c213472ef2c3c285,false
4537a958f9fdd1800edd58241c007d4f26d23cfa,false
4f29606716cc4aeeb2677b19414a82bd1cecace9,false
11d46d680b19a7d928742d3230c2afe59a74c7d3,false
41ec885b292d8bda6ad07c5827a039a7cde30404,false
05e1ced1c09c122d5e68cb5efdc10cbd94211d71,false
a714b2fcabfeb178cc5c377afa33dafde6a2bf8c,false
0dde081247aaac65dfb6906e9323cabd57da4c9a,false
e0b7d2c2bed06fddfc8dc257c3900bedca6c3c91,false
abc7b7b8a21ad8adb11a37f7c1cd98bb59d33e58,false
c911cd0826604f63b91ce448bfd7ec3644057139,false
9bad48bb69e65d005e81b78b51e76af93fd436d3,false
e828d77119a59669b87525ddd7cd5cb1c3fd38e1,false
758730093cc35939fa6e60305a1dfbf9bbc03028,true
ffc01eb1a49bf6df176f646d8d30c6a39179fb12,false
3de7b6377daf9bcdd6e99d50c14bcb7586225014,false
6c370a0677db44cc748cc411d915f1e6e8f6b78d,false
884fdd8fd2dc3be488dd7a8465b59ecbe0f0af45,true
f67825c76971751319d9251c48e55c09207479e8,true
ad364193ba8b0f63c4e1dde949b8b377b8300d78,false
20cfc5e6d8e689111864c8a8bc6fc58d70f3f504,false
991b5bda78bf294034a20b859b421a76ff616758,false
a33b860198b4086e147cea4272cdbc057a87c19b,true
e5142629f3a212cd03877d5c83713fadf3f3c340,false
7554a9da2858a672fff996bd62e6d45223fab438,false
76c80423b5e9f5132259bd167085f696e2c722e1,false
1135d902a444d3c0ce9d2e700e6fb61b835d2684,false
a0d683661bc6c8ae84ec3ce5205aca26322bb641,false
9e97682d80b5f52520f269cc13e2eeeb00f87ee1,false
aebdefc9740f1493c2bec4c286174ab0a9599447,false
8456d5274a714383dbaa55436ceee8eee2da2a3c,false
c684672b18691e233edd00831935b6e0d738db20,false
2c47c031bc59a10ec901bb83bd1557327e4387ab,false
b34cfb4460d4c8e4e649f40175f9f8939f262afc,false
48d01facfea5ff50c7a778e776c4e9005cec695d,false
645096a9b9b9244743450018b5ff77156e9abf5d,false
ca564ed0c0ef9421e57185ebb61a92e59686de94,true
178b25e4f055533be7ae8035e73fece3dfc6a581,true
d1e8dd2853cfb6ed8f5fd17dfa86945cb71ec0dc,true
ed7a59a1934c895e82f602ccbf2cf3e24f76b1b7,false
fbf94526cb7c36ead3ac611a8fc8006f10211b7c,true
f5364c4b7b7c3c9e0a21f746805a92568c47c15f,false
6ff96647b447a28973bbde49eb79c326a50b7a61,false
65fa7e5a41b711b77d10eb290e1b93b9ced6dacc,false
cb819b33e6508a855297d4f69051701465014201,false
533922fd66895d1261b0c9f7b97bfac2a2bc40c1,false
1799a0278506d5fd5bf0e17f9e02b3c61cb9c062,false
2eef54b2d72bb35bb6f7718c3a691980c68f21d6,false
058ef7b10cc41a6ac8992454ea37a28f4721c1fb,true
e0277da6b404476293d2a002ff17e91fcbbaee76,false
347b72dc6d4f40b241a6cfea2d11be53e653caa9,false
28c40b451f7e5562f93b0bbdd60d8de2ab27a0a3,false
065ad1964aea6d373df751968f2de57abe0ee747,true
f9f052e0a3eafd34910c38e7c7598bd89a5cef59,false
73bc6822128ed7b6246f911276bcc4dbf491d0bf,true
e0d4edbfc3a8e7bf77e4416cc0f608942d8d585a,true
88601500b2600111fc1d9c67f4644818b9b093b6,false
2b441dbcc14c3472a24d06b5eb7196f469bc50e9,false
72ed2d62e80d67775da6f2a6b4bdfdf0e07237f0,false
a112b30d15b5e21338cceb8b0dbf53e6cb95d74a,false
4e25a2d0ca01328708cfba3f888debb554b86dac,true
fa4981d7e3e2cf48a3c641c913dc259aeecd016f,false
1354da95ef22b6ecd9170a3c953776575807e78e,false
8402ed44617f584caa868d297a6466ba98750891,true
5bdaa4451d78c0dab69157169c53ee3ab40996c7,true
02b3b24304b2669850104a8075ed540cc45f550a,false
1893a8dd6f57f5c384f46ff0c57719b60e308195,true
e4056b5b6a1fcd406d3e3b0aff8e2b184db7f2b8,true
ee9d9dc88863b249ca0fce767216f09a6a94a2d5,false
84da9c1c5ebcad92bdf7a512932da49dacc4b516,true
a1bf47f33cb8e37c97b8aee5325adc4fffba0a21,true
56378517e2131c04a5e5804fb27db5fd80b54dc3,true
5a122e8088f7db503d94c46fac507cee86aee578,true
618982b49d72803c2479a461aff1b60d97acd63b,false
5463b7b97865f939bf367ae27db18d1f02aa131a,true
4eefdb7c23063b4f79b05619160879fe61f1613a,true
d4275eb585156ed02f52d186a0cfb9eb8fa86819,true
5b64556caca315cd04647ead3b490a5dfa3dd0d0,true
e63ebd96d5eecb32c44ef6d2d315e04074cf771c,false
def1c2c2f9784decdc5d23d3a7e3839604852e41,false
111ae43b1f4daef99e59541c982eeac256c49ca8,false
60867ec6c03325a77fcd6a6006da38046aea1b7a,false
bfae5de40933cd07593087ddcded3fe21cb436c1,false
b136d6277a21a1a3dc745511d27c4df940b3338d,false
fdf475ed59e302b4f1528c79e71cbf00adcfcb40,false
05d5f9aa7f8391a9ec266971e016cf8bd722471b,false
34dd34042093037aa0e72bcfc4a2cb1a9e316f36,false
ca058f4fcc439ec1dc3c64229398f2697844d7b2,false
c287ef5b61a6fb158f319411cf3752ffb7c5c108,true
38ce3e64440c1f5b4d2414987af381845829f78d,false
72c26472b6269957b427fbc4b5251d5f3d047745,false
35033c8021dde91c3dab707604ceb3df689a7d10,false
657ca124941d2871ac0fc9d0146e1e645d4270ec,false
4c6549e6614839f60134514c87ed6722b1cf1b3a,true
4eb5b1a47e314d9d73239d294360b427bd946e57,true
ca804e697a08ccbf8f2b1e206b33a3334e3fa4da,true
0a5e493b2eb2ae9c8ad052f6c5d604058c87c6bf,false
fc1dc6f33ea101867517e66dca6cfa6dd49568e8,true
e63ae177d482abd17b7ecc14dbf486e9dd12079c,true
daa1cd76cff64321ac4b047364a29a4fdda02d48,true
47672219b124effbff4c95fe462c157d45cb3ed1,true
d9867a244f5c97b73967fdfe40e3cb855a2e2a61,false
df5bd60dd3f6514c49c6b8c7a4b75cca996af3fd,false
e79de79bb4084b24114327caa771f1d8b537b471,true
2b53ff09ba146a0564ff9581f6dc2482175d6e20,true
6d3ef59ca2421aee7c1278155ed98ee6b4a22fac,false
284160f1b8bb8ff76e65f87bea95f27a9de4983b,false
9e0bd1bc14cdc1f8d0833ad2d14f928794ac01dd,false
bd014e23a7dfb38524e30bac8e6ba7a5ddde21c6,true
dd1ae483d30c7f774b38398cbe23ac220cf83d0a,true
cc78af45dcbc45bf5a2e6cd4ecbc3e9fe25d23ea,false
0d4a58ba889424c4e6aba492a5e178e1308cca65,true
a41941ae72156c53b3bf0c128bb8de519b867586,true
f7449a401403570b71364746b733ea9e663bd773,true
6b2c4d91b61b9ddf06f217787f9d07fd0ac7ad75,true
64e89b66c339bc1fe353f71c6b8873e3dfddf398,false
357719487ce38176a9b19c03e2843bfd760b4bb3,false
af21256f4cd466b6c2196108b59931e01a6c3643,false
d7fa24fc39655475a4534405be33ce2b96523ed5,false
92b1d1648ac781a0075f00a14872065578a82f9c,false
db645ccaa78b554a4c8f7c88d6cb32af8a363fc3,false
0a61d50a3afea2418728edd6c69845a03213eb03,false
03ad9b1cfc586b4350185115e94742f78e33d1fe,true
6022cf34cfcf61505f589fd6e277de764c1144a9,true
771dfed2b08230d3c8c25f8c9e537a68733139c7,true
16dc9f26cca3fb8ffec80e38f3d7e434907b51ec,true
5e698a2fc21f59fbf65ae96c3e53912383c747ac,true
dfab51395599c4dac0341a1432684eadbe4aba5d,false
613853829fa5d79c7f760b4208c3d07e41ae243a,true
11bba863341af0ce5dff30559bedecc972e2be01,true
d608ce5718b027204c2c71b3ebcd54888d837128,true
5e9ed65eafe8ba01bab4a16b9919b350cc4fcdcb,true
3a7f17d65ba4a870db4de35868c7fa92acaa75db,false
7291264c0091afb9a68edc4f96a0a5d3a3feb662,false
d0c99cf6dc146ca1d77199a7e4c9e3c43efe911b,false
f5cc9d2132b31e7eb4fce3d0c8605640f77f7f41,true
de721749d9304e126479984ede4be710b35d5ab5,true
4bc8d28b5f6985fac2ac25e0030d35058a027fad,true
8d9dffa5bba2ae1dd7980a937253334929669101,true
85214948028e4caa2bf04b30b49176eb2bee3a53,true
421014afbbbe68b5f589ed8c05a94242f94d3381,false
8c025b7b1eb075a69a86cfb31ae5904f02ac87da,false
671f07a1e03d1a1cc2a578fb049232ca71fdcfcc,false
29d3d5e1dd3f42d0ee8cc2d1112823c284b49ec0,false
acd9d22ba85046b8d43267ef1f2788cf09fca43d,true
06616221bb3cc33d18a8437defb3d6aff258d751,true
d4fd69826df5f9c87c205583d97916cdd8b7c255,false
7023e8326f47e81d36c1c482225956a62b9fa9fe,false
3760fe1be94443c4166211b533c923a887e6ba22,false
3ede3a0bb06e8ae31e993c9cc5f5429ae491e7e2,true
556824e87eccdeacafa03738c580da1d56696dbb,false
6725bbf1eb86bc53cd34e721bd82150fc207cf59,false
a8948dd432ef974d311af99e295dc1a627d20959,false
1eabbd02085722c331e805b868894ac3022078ee,true
e12e6cf21c74d1b640beb3b35ba2eed1ae6ad1d9,true
87138c2bce46ece8c89bd465a6e00e99eee3cbe8,true
ae613c6ed2ce7a49450e145e430c100d31511c5a,true
78310004d127de8e8759876c089dfac9ac6a0a7f,false
9d5d6a32845f4e56de4a3f17a367aaa2c6e2b156,true
7efe91f3673e970f32cabc3701e99743a536da00,true
2518e596b4e5dbbdd8d623c56dd60db5f6083b09,false
ce832d6acbf8eb59a6cf6d27c7306b0e05704d89,true
c48f9c82ccc057bc15a37ed9be7d059803c390b2,true
10d59fd586440c09b9f0ab7af79c3650c81a8cfa,false
34dbbd148efba5b5a398ffbd1848e38aae829709,true
451a5b67557476badb3b7adef7fe286ca4d0cf1a,false
924645095eebb683d4901e73455118264974d304,true
8b0c45ec585392556c01c38b42e7f63c6a023291,true
2678ebc0f5094087d1babada9f5968b7103bdb3f,false
2d45091bdae585d716d2987271f796fc92d461db,false
ad3ec07f5c56d7e40f5ff1e7dca9186061da53e3,false
f78c54e2acf9807394aba6908dd24897e619617d,false
5f224660cc2352c99c12a73259d64b34a72772db,false
fb14d0b71f6b4bf654797ee92778c4086af56022,true
c9690b2a0286be262c283a3653441bcbe4f2afaa,true
9dc9ed44eeebf68079b9d747277ea3b6d81a1a66,false
d6ca3b8219174e409d3da3434025fb7dd47afa76,false
834c789aaeedc86f335716800ec1bf8818b13bb4,false
e311a338e7140795814e95bac36f877a86659c94,false
48cc91881fabe6090deaff9e4998f89134ee1fcc,true
21ad5940c528e499d08752d919f9d79870a1aed0,false
a6a8a7bbc42ab6d4dd640b72329139ba11de8cc4,false
aca7fc9b80a58d52e1d3bd48af18974d2f1464f7,false
e3ffbbd9de1f3317f222fe56add7f4cd71eadb1d,false
55b40625e1a03acd0f4a8c8321238e91e4482c48,false
82e8bb282bf520275f22cfa6001809cbbe46884e,false
180bc899f1560e348940b0e981ba115a5904da7c,true
fd27fc11ad0ef046510ef4ec4a20fb3638d243ce,true
71f1778197b3ffac9ae8bba157b67923e10ced56,false
c1d3dfe43345b16ff867020f1002bd6dcdee345f,false
ac17a301d704a7c2e54f6ed6fcdfb5d586aadbc5,false
07363d472f6b28da73d1efbbfe3fa07bea4d91c4,false
2a9e5783274435db23f903fe97350c75f4e0800a,false
cdcd094e183d865569a4ce4989fc3b2d528924e8,false
5d16cf27519a9ddd4bf5bd896b42d0bd43e019b9,false
d6315e1013aa93fd20fbc43e27a43d5d8f501811,true
8a83ca61091dc2825bf19d2b6c3ebebd1f90a556,false
4527b77cfd9a61c2a8469bb3b49ee27bfa6c90f0,true
c885fef4d252bc0e696172dba57834fa47a1d200,false
2b1481de1ca1fb377e40a7f6815415470c8a4bfd,true
b4ce2c09b921d34d1b643b9a1054896bf995c34e,true
3a0f370ed3a860a776c32e227188b4595f148b36,false
9f72c17f7a417b18f07e6419a0a36ea60dd0e323,false
d74d722a134f44c890b15ce1d393404eb78a64a9,true
0dcf9baadc584fc33d6c280cf4cf03fea06e1966,false
59f35c1b6de6ee2a847e04697fe290ebd6aee0d3,true
217853bb6600317f28b76dd7c6521a626435f2a4,true
011467683f36c2161bee717d1c05bd07fc0d51fe,true
1c0ea788bcf56ac1abcf77346cdd0f853e38ce6e,true
7c865c47395d7eae9a6d341198d9814766b15692,true
848b9004c041433200cc93227ad95dafc1f83a82,false
aafb65c052946456b5b05ea6b12b618e2eab201d,true
456f2102106a25f48e3bcfdae9ec1937f09b1967,true
7950a2c2571dd2b64608b3473bff4ab421d65cb0,true
ad7c0ec6c65e7a2c843ef2745ffe8ac27deffb45,false
a788ef7b2dabec0d752fb88641f0a24c1c67393f,false
21e7aef8317bce3a122aa72a54b5f866e68aa766,true
741a4e64ee467423e97ff031656d683c18740e0f,false
321078e4959fc27f26c3b89ca0015fa6d439115e,false
4b7c120431df1d73b826e59aaa18a4b3c47971af,false
9a3dee0428c65629c5d35fe7f5d7b36d84fdbae6,false
e6d4dde641718e9b59a7387b5726898a1e5adff4,false
264199da032445104ed1509182d4d8e6d6dcc919,true
d8ba008b28dc2778e2db9fffcdefbc272f4905aa,true
a297f15ba2a0c91dc0664dd7af461e239c7b413e,true
24df8ef595a96846b5cc54dc35e7958c7132f49f,true
16dfd3515ce060029234abaf5b2a587f64a4b6d6,false
a6dd1d327729bbb080ad8d4090062be615699b2d,false
973199c0700f30d2868c5213adae1d9404c206e6,true
4fbd31ebe2f91a35564c55cb48915adec82ede5f,true
658e23895a5194778cf7f207ee74de90226220ba,false
6ba4e5af7021c0d7efc110cca527376ca55326e7,false
50a19ec65f34a1ff0efb5f716b8b7a3543424b46,false
f0d437ad53ad0c0cab0b27d1c8299078deb03bd6,false
660c78161150f4fe6ed6c11469d9e225b7fab6ec,true
d50939980ee9c5b4fc82a2f85d70bb1fa44a707a,true
2ff2f7cd9e87b71b566574ff14ee148141232527,true
7b580a2a9320f9200d578d00536979ab01f689eb,false
341a113fe3f56b4d8cea6e5cb0c378e6e1a93174,false
69cab01178f4a2eb69deea3982c7a4e44b7915cc,false
d21b42e0a1e76dc155cef0d7031856a819171ed5,false
6b09ecff786fa3c9f7e970b90562a23e201609a9,false
d0fc71c890979aec5f679d4321fac9d8c173f32f,false
df0a2bd47e475887ab02be8ae9f7c76f77e06bbd,true
274e3daa1d2ba8a66361aa67842499676584fe8a,true
d1d73573bf7006585bf5d3e88c22a1cdf2d5d1a4,false
e96c48387b6a307fa2e1168aec695142717cb9ae,true
33c8642f88ff77cc7a075266bb3d1c6a652b38f4,false
06e3fb2d6c734a0570c1af2694b69ebe27fa2a0f,true
6b031e9fe74e06f605f44e1decd4e6677e6ea66c,true
df2b012dce4f1e9b59ec2a844ee8737c3443ce6e,false
6b81e87c3e0e3b7458c86e86d68068a9bcec7573,true
3b6255987c37ad69a263385e9535109f0ee0ef41,true
c53e62202370f139cd7f59e991e757405233650d,false
97d155dab48a48ac70891f940bfb4b5498aef5dd,false
eb89224d54c2b3dcf129bf67acdb11daa231c6f3,false
06b72165232d4264949e6543f43377fec7b35c11,false
edd900f2772d70bb8d90a7a47b41810e6b0300a6,false
a56163f313a4a471620cc143f6fbbfbae4352de6,true
425f0e16f7f83c05603e5d62285fa8b81b57fde4,true
6cb945d1ae2bbd8122252c713be1cae31dd7731c,false
416a0a3eee644c5a752808b47bb42157c488e794,true
991acf02aae24251922a31fb6cf4666726ee8fe7,false
9d2bb15935ea09709fdac55f5decf6940ef0f6d9,false
9d0e7ad4b198b56eae95572900a75f1e054f30c2,true
4655c6fd1195ce53dc78dec3b4b01959aef41707,true
32a43a813e2c085e76725ed4b1412f0634355277,false
64ee606790cc65da288a0265829e454ac5fda8e6,false
cc01d9849b99361da1166571e69036a1ad1ea872,false
855ffcdb61166bd8a5f81e2ac004cfc93ccc583e,true
84a00d87aa779a3d4dedca8d4ca429efecac5df9,true
098688eb59875add6235ddd1ed9e6c10808c09b2,true
df47db3889fbb88e6fd26ac0adc526292b9e88bf,false
778f8af2a92b34989e4a5fa08c254b424bc217f6,false
58b75a96d093c4cae9e9f4548e81ae241cf8cddb,true
aedaaa8a62f85e10c4aee4a9bcdfc86d9009b824,true
c205fb96168bd942f8ebb0a2dff1bcb1bbed1a9c,true
aa22df38a86fbe220038d26eef575c61473954f8,true
92ae5195ee7a7685524798f74948b8fcbfeb7ccd,true
9b7a8bc5f77cadd15bd04932132e25fc4c1a02c1,true
f637fa656738e77cea1e5db3390d4e59da020626,false
2c2478f593605b9c4e1c34a7e1ec71f2740a7162,false
6518be6daad51538b7124f49a889a4a762b63a07,true
bb5847a6c72369e100c3931cead3c2d71020dcb0,false
f68c780d7bf48351a75dc4423f5376195a5b00ff,false
f8bae95d32b008d405aeadc6d10b32123470f6ef,false
1a51c4fb1e1843f624833fa7395cf65bdd5c5654,false
419ffea2c2b2ca004b1466f627b40e31c787ea2e,false
6e1d47679e92123b15795a2245ade8df57cace4e,false
b203efe8f485ce36de5e87d8c0d0c7fae094de92,true
e667cadd191f5771363910ff98533123372f3a28,true
ccf3e272e08427db9e2306ef5abfe44ad7f6d2e1,true
a8bbc127735427ac4b88762da35d2a320f740a34,true
742c51420b70b7f6d35adb599539c331d8161f21,false
52234f5095eaec59e9a5541fd7c64cbe94449036,false
85e405e6cf581afc1b19c68698b2e09da401e804,true
f7b67237bf57e0558b0fe0f45b3d5aae5b95b871,false
4cc6f91af2073107d2e5e0d6647a77c9e9ccf575,true
605a749d94b25aea236f722095c0b36f7257ea6d,true
7fd22b4a09af7e0a347d2b8da004881c8596c070,false
969c6babcd9159645f4bbaf4d3dfa7cf37f77700,false
16c2cef6b6e7504e5449243855225477a74f70d4,false
bc039ffcfc419c4e64ba6fc8fe1de3592bd160e9,true
350046a78f5034000094aa52eaf46221fdd1be5b,false
3dd89db8e7e0a3f5f17541166560c3216fa5688e,true
086b332129800ae73fa070b761a6e41bd0bdb188,false
11f1f07b32609e1b14ba32dabffddbb699cae1a2,false
abe332ed0e44057e10a1420db362b6eb4180aaa2,false
6e6a80b097d0cab5622b0d48133a449c0850468f,false
fbf81a373bf16b4c4a24623c0caa9d9d3922b85f,false
ce9c389022c9affdcda2d97baa44d7216e3a4e2a,true
7712d3cce9a02a9ee7027e7444231c6a94a1525f,false
bdffeb627e65989e699fecba7b73c3715ae37c13,true
d27519ac25b8a902dbacb9c888ff1aaf5a220ea1,false
e61bffabda5c428614b3b9cdba45620ed66cc6da,false
ca85007c652d774e0a752edffb0785ab8e3205b3,false
2fe9c1e477989a0a6d0640ed18af943b03cfd71d,false
bae9acefe54c35de7415e1a5796ad06e39af485c,false
59936a92e77ef787c060f0b9ef55e15985ecfafa,false
379f8265bb7d4dc04cb0a4b12241d21d9352ae93,false
cb0b73505b26b93736daefdef0798b5ef0ff7df1,false
6761b569ab91ab283e6beef9bc821e1bd652eaf9,true
80ea321a1f50980f4643287022d41fb68b106800,true
4c7385f65a4f3cbdc244c1ebf296b6818ec73061,false
d0f81ed3c6eb4a7fec8a6c823505e0b50b4dd07a,false
851e05741190a7ee914f2866fab48ff94faa60dd,true
341891705cb0f38ea99706755e998f27853f183e,true
e838d53e60c6138bac8da2ed9f01c3c6b9c527cb,false
e8c1e08320108be920c0198626ea0bc509221ee3,false
8d121ce379bc1b77b4910276604760adb10f3bd8,true
f1c6c7f47e9bb75e2639164e55c148c66c7c436b,false
a4e6671b568bda1c34731e226fe03b5d9cfd03a6,false
8b6e2c0008b678cf34ecd97fb207a31dc6ce2006,false
b6ef7db37fe2d9f04cb56a1e305102695df5f9cd,false
38ccd9f806fec0b030e60eb774601576299b9899,true
be9d9514d8ff35cdbb78212c5f7d231c80b65c34,false
9b89c36e743aac290bc4c88c1cd3976d01361635,true
820fced2b051bc2f0943ee678180a2b549ea6c08,true
b8bcc15b86b7a77e1dec9dc11c3d92cf45402407,false
cd9933927146711cdc5c4a0701dade72d8134e71,true
f7d7956d90a341fc0a02e8c2d8a3b401228d0303,false
9fb787696cad76d76b13f7d332d93daef38211e7,false
c5ebf381168493d6811b7076639fa1f60a0e5936,true
74cd2d11aacfe4225456d426df1101068ae7bdef,false
911224ed9736736739505c5ffc2ed3b0d4197940,true
99f4fa93379add7792b86fc0afe223e1ac1ed595,true
931516e5c10d8db807cd4e18f0de6c9cf322267e,false
973cce5ef912b1f205c919ccc500a26684446578,true
1b07aee06cd5fff48b74312da73cd4cde921d639,false
9c39affbd127c10e3db2c24a7789e67ceca6f7b6,false
21d913517810a9608e3dd5533f20103b365ba8b3,false
5372006a78ea0713b90451b30ec45f6d7d35f16a,true
5edff071f39e0ef13a898469a46a667e4fce67ba,true
c994f822e77cd174da258638d9e44dfb85e001fc,false
ab338efd6307c37d76bb2ac83d7d24c0db5848c1,true
fca81ff0e9de67b44d64e74849a05478a808e66d,true
b206fb1f0cb0104d77a6ec51e8a21f9703b2cb0a,false
67afa78e319b7bff12529b25790047bd754d23a0,true
d9b63c1587a976988f98635f4388f602f1a4f55e,true
ecca59a8bd7a8e822420236d2cd370b465066a5c,true
146ac1ebaec92aeb50c71f9805ba41779e778bbd,true
9389da915adb35cadee88ea98a5774a296e1ec13,false
75cb83031417a0c460c5509535cdf231e60c8978,false
ffe31fb5accd301714ff3f0fb7a93b37c98d2ffb,true
85dbe231faea3c0cae2dc7b90237ba2616fe79d6,true
d50e37f95867d8a09e63847bf607bd838fe32087,false
ab7b863eb2d389f32ac575f098e173fc0c00ce05,false
19e72710acf717e6340abb0c98c0e363d7bc596a,false
1e9dfdbb0b6e6922a34960ae4ec9637c7b35e10e,true
9e1d8ef60f07906f09c9fd1618f7d10ba31aadd2,true
15b01655496ae327d1a227f8b7ea2d3df516bf39,false
14ed9dcee228c6f3eabdd0dafff9de76f0ae9316,false
99e8ea14efc8f2caa736e6838bbe757ef47e3095,false
b39b4587379c6d483b1e48e51c18a11dd34d29f0,false
ff311bb211ff4ca314f4f6667736e05e82298ce2,false
ce1fe80b1a1e257222532111e3a6df6f1cd009ca,false
c5a9681e5154a8e937f8df0d9a2133743afe798a,false
fcde7ae57b38e8b5468f64e6fce1344f7db24b03,true
56698763355822ad1951b15395c3995fc0b48e58,true
26fe16710cc5be9b20c1718dbd4c0f0a10ee033c,true
1fde4875bb138f15f4c0467c8cb5a94a946a67bf,false
42742c07d690734bf087c2c9636c43fcbdd41e54,false
cad41f3afbb747f3918b0ee181e5222fa8263230,true
af5d7a1719110b7f74159d888d6b07971845a6a6,true
68647b50dff58eb40f1011c2668ab9f1854e16ca,true
93ab0a5b9ee089b547db1f887d6f924fe0107046,true
e3d5c440ab3f74de417b77b0e2568abc205c08b5,false
8b81822a319104b8518ca86657ae5d273539474c,true
0e7a974fd596ca8e151b73ec2f4b6a07a8c968cd,false
39d9982476ebf65e11ae2454434f2e6a8b1de26e,true
3ab6023a6f8f39c6d4197efa9c9dd9ddafa048a8,true
438c27d3a9f11d1f91d4678a9c381a3ed3b1c2c9,false
76214b1f0a24def0b6ae3214ed412266e191346a,true
90e8357dba728864506a17f5c672f1709732dac6,true
83e48f3ea665a08a85df2168fa118e90f407a64f,false
b3f6eefbb61b09e1a31545e57f4806944d4cd8fb,true
e7db81bab4bce237fcafd3d624e56d183bbd6dae,true
16bb483bd75d665c3ff6a554419ddf8ad93bab57,true
d25dd9e060c989637bd3f9fdee68d81fb9dfcc62,true
a464c1c67a96df050efb67d69a1692886ecc134e,true
57cebc008aa6aed2d00b4f716038a3a0747513b7,false
b57c97c7177699e33baca80cd305e20b17153526,true
f4eaaa35c4441153439af80dc4f944cb46ea4189,false
c565709a315c9c32402957b9824535d5ea2eb91d,true
9b622b542b06f066607dce22d803e458055045cf,true
799caf38b75f121417a57feafa4c5a7b1bf95e4a,true
65466443204693677bb7bbe41fdaa019993f0760,false
8fd03ed980b8cecfacfd9f0d40dd5b46f16bf867,false
445f933e18bf500789c2707a3123c0a3bce35a7c,false
1aea8dc45282dc32e96608c465c30761feb1d268,false
656154bbb548e7e6f9fcc7f2c047490062ce32ec,true
e2c7e75a3c7029bdfdb129c0ff7ed68edfe36677,true
b05d334a701d74753767a7da8aad846d23177eca,true
b13949ab8502d500c9ce4111bd419cf1af7bd5dc,false
198c319cc09c485a91c93bbb2e47ba307c6afe89,false
21b4fbcbd9f5913556d5c2245fd48736dae6f449,true
177b127016c383123da22f694e4826c60682ee23,false
8e8c08baff77f3aa4c02db0b3137a53422d5f718,true
521596f26e818ea7109cc8c7edba82c2a91030c1,true
b4a52b45745ed5802ec98526a7de07efb2b57340,true
1e08b17483a16083239caabf3dc9da16dfb90d53,false
e47ad347abc55b5d196323948ede8e9b0a19d5c3,true
3361b4ecce989a94f3aec594c00945934bec85bc,false
f58c0735df08bd1449282ab0e1c60caa12e9e570,true
bf7313b19b6df9ea5a1c6105c86a1e7899c41845,false
9e89a205ee03ca588f1e2f063556469f4d6fd2ce,true
e60691622b61c7700d140ecb02905d24a8a4b647,true
82fc9bb49b4fffa3193c6070713be5535f9ce030,true
d6de726b34ae5b7a82544e71f69a3d2ceac4c996,false
d4603081cea5dfa3218c7f36c6b494461e8ea78d,true
bd4eb269d8e45b4b6fb58da66c3e29d37f306565,true
20498a2046e9057162d528aa90e474d98b04640a,false
0e3c45a0fefc987d34e899b8c00c1c07d7ba04e6,true
f5a8b4ceb8cac9d730598aac4c5f382aed652222,false
07153b86a3149c543925b75cc177cbbc5937d93c,true
41f164690640268ad2d301baf8945a5ffce5442a,true
004b960d5fffe79b94790de139845a1f5c6b11f2,false
a5a6cedfc2681c3616d20a19d1b1ebc22078ded8,false
6898ff9e0fc8a04d4d2b9ddc00b07e5e89ed7f73,false
3a3708e40182ed1749ff5fef8d9d7e6e4ab08a8a,true
836511cda8a0c29ddd87c667c14bf28c2eab6e5e,false
abef82989ca120e4a81a44e59edf068ff3890ba2,false
bead2a16a46b91c7efddba38441c2adbcdce928d,false
8b7d0443dfa9a9bd1f34d188aab489374b12194b,true
803886c860e40e2e850392a199b72b4d2733fe4b,true
34c2425bdadb56dad5e6453415ecf58de0d158a8,false
5b3a8bcf8b69c1d54e6b7782dfab1741137f8ef9,true
8ecd23782acbfad658b99f3ca46c6acaae2ebb7a,false
3029979685c8e3394d2ec93dc0e51c89e761572a,false
d4220b73a0c52b27a3ccbf1f4665323ed08389aa,true
b86b5156ee26fec8b221e372a3fd2abd177ca736,true
670089408cf5e58b02030cb2fbe9ca612411cafb,false
26e19c97ce10f30435c65fe381901e5dbbb7d21a,true
909be4456ba8f862de80c0e845a7ef67ab241fe9,true
b837c8ecfc25bf8ab4aab1187858a2d272910c53,true
186fabea6e153035db19a606217c1eb4299c4671,true
3ec5827e04e7aee1e134ff414cf416ee7e0ed368,false
fdb29dbe08e2fda5681967bf5142edf632f595d0,true
3e168c7db68f1b8fd35d50a4cd12cd17ad941296,false
ecaa06e243c8f42ba2bf93512b5d43f14fa1b354,false
1efa07b3c2a0f9ee7e842cf8a71f446a14b03fbd,true
558f9bfb83cd91250e9267062eb726e523c52950,true
fb94c385541ef9f1620bfaf3b43bde4f7cc82551,false
10e8552ddbef6daa75222d6ccc4d9e51e6f00b36,false
5f1f1826a4c57c1374b4eacf929957124631559a,true
96caf8e19c2e1ccecb3550ecc0ec4b0f5e0364a6,true
55b2b663a23b5c3ed3b8003d5483489be1ef86b9,true
025ca5529ced196ed37091198976820e63180e1d,true
883da022bc8b9f8ab92433118f11d9e9ab9476ac,true
612c7f956807e0c79a8ede5f40857633f996c5be,false
c7903d82f09c8f93a99e25b9be5527d564b633c7,false
955cbb81dd65c921de5121a14f1178c449e4636d,true
a950b80445e04dc41a3f7364b0ac0074c9b21b5a,false
1c1358727f78cb9d99f68e82e1fe7da8bd677964,true
721e1e1dcbbb41f8a19547c6e7244dc0d68ef9f9,true
ba4064011537911322510cc4494ff4ad6be5d6f7,false
794e98e8d3740dd967daac5688e097cd49da0040,false
26f8fc55ff33dd14a11136311fef604755e5748a,true
4fdc164bb69a2000388ea3e7018158077f1da258,false
aa6b297492b66086ac608e7972f84ac4b58bc01a,false
6560cf680055ab6313398efffc55f3cecf997616,false
90ef54e6ac32b83c3125845e6f5b8c1c01e64397,false
6ee97f67e6eacbed4bfcbb9c5d96e0753947eadd,false
a6f8efe6a1402c476ceb393512a34cf5c0535b94,false
e084bbca47aca2b0d2db640b3707238615c26cb1,false
71efa4e38f014cd6dcb7f9b564fd4483441fd596,true
7d8a3c243f370c655322607e3969a4c97df95ce9,false
70ba1d73e8b0bc912d59463116217db2aa5ceac7,false
53441f55b899351118e3749524a4b4da58b13254,false
924ab307d56258696b41cebf3ba2def9b4e4bd42,false
e40fc4f9da890007b3b06646971d691566cdd84e,false
4f097f30e5eea60c1e76c7876cae02578b7a9bfe,false
3ae7c681bdaa980fa52970760f2a27b9dcfc2227,false
2bfd73b11a100afdba892e228ae84741e15d4d89,true
93fc256c123f495571fa2d2ea68afa3c2b773ed4,true
38cd951e9d2ecbce016c73bf1eb689f1c3b719d4,true
e68112ce16167c7181c22ebf8a9350fc09dfd9b6,true
da801f356775376a371a78d157928966cbdf8830,false
51dc4efad2bd1c465eae3fec8a7c42c063d7ae05,false
12e87e0daad4905cca8ffbb7e472aec69136c3d0,false
928855baf65bb8ec274da6df18d59fc88d5a6c6e,false
1de28b5956063383ad6e3d4cdca7383e31e69652,true
7bb4d4646667cdae6d0d0688242fb0b0a5b887ce,false
0c153584f04094823be47d02575318f879fd52d3,false
0b2b0c57a2fa628b8c2ccb6fedb80d43a68657a5,true
cfec4fafa51937ea554eceea50069e43a324a938,false
b92a7488c0f1c9d44ff7b8bcbc24b76d57880515,false
c09b8738c4ba9f7313cc6b31fe464667ae5b90cb,false
0302bbe1dba98b527458abde5b20a26abf9eb6bb,false
b7d4750d71732f49cd7f3bbcf045d960bbfcf9f3,false
ead8061d709b1279743a6873f146c2c250d1df45,true
906b6219c22e8536de3e43c84d59c4aa00083300,false
5701f8a56f2cd2c2296e44817f9f953425be82d7,false
57279b17df199dd506da2fb0b072df4ccf64bdc9,false
4806b06c37eede373363e5b46ef320441eaad124,false
5be9d0ee2965932c30f1d650093191e376b79ffe,true
cba87ed6f7cb782f4f19390ec5010752c4a669a4,false
e5576719716722b9078886cf0785538155272edd,false
a5bb288614604304002a4a924dcd21869c121d79,true
7378a758e9a2171ec5f7cfbe18c02af209f307f4,false
b18d30db803b95daa7ce45c1bba40a29bb94c338,false
d5ecf18441b571691f7d9b6f22e4019e29962742,false
514d2bc398399f0d61cbbc577aa0bec83591c7a0,false
71f623df7e43d2f54864d17c692475dcae3ba21d,false
8080d085252df2467f7817940fb57e91aa708005,false
1c563754214b5956d40c981819d35e66da461d4f,false
e80907c516213af2f6edf7d8f1ef98c567e580c7,true
502c990a599ffbbf10061e9c7df66b39d4a1d97d,true
de0057cca3989bae3569abf780acc18c8d976831,true
ce915d8b37372b8c80e6eb812d2f608813658150,true
85dfd1b51849512b64f5785dfe85f68b6d8fac06,false
1a8689effb7e188e7a8fc2af1c1df95c5afb55b8,false
b35aeffe98f783f97c96a7d184b0eba62342487b,true
44336d8123b71d1df865d51e0f2eaf2e1bad615f,true
f12173bac6175be732dfe42dc8ffb45ccbf68652,false
92fd1639baa07af523b31272d67f00274a488cee,false
5ebd8e732dcca11efc03ac4721e1909565caf679,false
03864f87260515557c0d1f17de8ec418e2caf73e,false
8d7204dd92462ad03be65b1b95b6c7f82f282758,true
47d714b019724ff0af5a61098b23b8709080e0c4,false
b3a0ddb9f365336d3da14de8a111bd449c313056,false
daa3d5933bd5aa46b2b47f99a6461f0750f8c62e,false
a347cd2e276797e52a33a913582de3ec40e08358,true
949b6b479f1b42c81fefd7d9ab0eaf86a45fdcea,true
e7f25a864f84e89f9346c9400c96879f339958bc,true
8de2050cc0925f5b05ea21792421c9bac2212400,true
94ebf5d41617a207763816faedc652844a40d990,true
f19f851fab55320a0344ecc6a88a23c3c90bed3a,false
44878b3a529bb067939e98b0fe6b6d3686f567a7,true
0c45e8a0bd8e80c43192af6159935bbe21eb84ed,false
90543e7907b4d52d5ddfc8f17f776fb71f3ee238,false
843c763c69e71aa3f1e4d510e01a7cfeb462ee98,true
11429350c4b53a644675d114fb2b64c6f68ef13c,false
46bd2d5fbec5903237e44b847c206610a3a13f50,false
a08f7d0aa21944ed4cbb177392710f88ec3dae98,false
c6f1cc59e4923664b30c67ff1ddfa3a8cfbe3f92,false
5f10f2553097d7b773d3efae68e77662521669b1,true
f545ad375fda9770a8fd2ca708101c453f3e6f3a,true
f8d19cfc971f73ae38a2f4ab5ce593f2cb03b366,true
b234ac03f6d282648cb05586821847c5ed15b4e6,true
d246db1ff19232d211254bf9e4b6c2f14ebac00b,false
744da9f96e2bf1b211ec976f8f8938095efbdaf1,false
4bb11dc145ce19c84f9c06c46a5ed2c520a1df07,false
aaabb31bdc95b40771e4d1ebae4f42272d916caa,false
9e6e1ce3f102c2b39fec3c7a99a696ecff5f4b9d,false
54e249fe57c4b4ee13f78a8d2be5ba0853dbda83,true
1a9af5de5f0d30949ed68242361e8dc0c339213b,true
7e4590f268a991c305c642977f69b8ff55dd0df2,false
bc0db6c5efec447780c42cb431fad1d4db1dcc6a,false
bf7deaab81dc26aaf8d184e62c370cbfc1ab6554,false
76e1baadc29759dbdf6e11a8f1e386fb709c3c9a,false
edfa59af6642f57bfd45a87cc0b7e63602ea3a09,false
0cf5caa1400231038c44e978101f7c51517b5cd4,true
fd8fcff33cd81ca46943d4ee37b154e03f5f98d7,false
5bc6a5ead11618196a0cc834eb1726c6060387d6,true
a2200ed892b5a24f7ab65611477eca7fc49acedd,false
978170e8aa3cfd2f32195cfc1e110e06aceeacee,false
e14ce86cf0819d0635c29fe2e9e85a35a972a72f,false
0f1c189fab479fe03b2c0942cf057b7a2e36f118,true
d7debf557115ea7bcd3d0ba131c8577104c37020,true
419cdd144c33bd42fa7af9126914907b00907df0,false
0e623adb069fb1c33c63edf1322b1debc8ed87e8,false
29ec592f0e481080c3bb7679318c883fea15d458,true
2e359683d0064e3bc331ed25677c8fea128cbfee,false
db53ed0dece0186f5ea1adad05151206f8f259ce,true
7633b2fceefa5120762053827f74907837682991,true
5a2836db6e265d81efbc69ea784f540f8ba30a4d,true
456cd343ff6bf630e9f1571bc51d5ab26b20eeaf,false
89ba02d5324b563b284d881f9dd6fb619bd33bcc,true
de33ef396e75ac75286d4ba816bc277807c0b427,true
74408d15f44c2f993ea007011d55f9a1b62d5487,false
d1b0979fd88855a1ec0374991bdaa92034c6a18e,true
24ff68f1d9768103b6069aae968370b51a99b200,false
200190e16c7d0c4b4bf4b46e21d55c3c758c38aa,true
d7822f4d8b2782d566ded8a8d199fc91b3b8bd06,true
8212782d77fdb4398b407273fcefb694605793a1,false
9617717b1b3ad2feb417c07e35db169c041394c1,true
a423cf17920fa8902050117d97a217c980ce9fc3,false
9ee96387c3c9b80f76fa76476f4d0fa5764f4919,false
7f7ccacb8f5c6966406bef59aaf350a336f2891e,false
38791e1a7de7e6a8cf5f73cb7956490d30ad6d63,false
5b53e69bb292dcfe8ffcaa1414ed9bbb47b85db5,false
31eb328d6c88c8853568b939ead70c0120522321,true
c84586a4482e882a911e4470837846de6860e258,false
a7d895eec59646516a89bfe020b23546cd7f3c1e,true
53b4c6d6f55d7af8bbd66acc77642e327d928508,false
fee9ad615f5fd03d9edee9d01ea29eff9d43a5d2,false
3f9256b110eaf8f7b66ce2f6ef64c337ae298f0e,false
fadccc5c64fa9b9989c11725cdaa0c2740abbd0b,false
cc9aead0aac05480e919d695e2e1f3e1eb873225,true
bde007b013512c536e1e8c5b616961a6a0140347,false
b8bcf2cf0c63015d52bd754e601189917a446748,false
bf1f2a7f4639ef15279e17d372b2703cde1408fe,true
34c746f3fd5b08f2b8eb01e75f59ccd2e3f4c6f0,false
4155be3c91ed53347dd88f898fd09d0390a0cbae,false
340ebc87b394a075fa8920d00255f69b1ed6e4ab,true
fc62fed82eceef66aaf1a12b053f9c49ff4a0f54,false
0e4556215f426832bb66ab86e2eca9b448bc61e5,false
f5c7f2e557be1127862111282aca47e356c8174c,false
5cdf9005dfbb8de8f3df365dd19e4e7660f1078f,true
e5c72f5bbd7d406aa26b66ae717976d3504ca461,false
a01aa517aa6aa58815d8db1b948db89611ca9dce,true
70c1bbc97cbddfe017e595a53f53e1dcfef7fca1,false
25f14592d844a6c505615805313436f01f5d0c81,false
b8bf24ff2f9e0200c2e45f15c8dbb426beacd4fb,false
27e1fe1a53ce5e115b0b90d4a43832d00bb14895,false
893f80e6dce701b7329372d975e81e5c7d68566d,false
873220b4e2036c6a232753117a41413a6df4d083,true
8a8f71942a1034d52acef423a973eee8415f576b,false
7161e0b74fe02433efcd80ca250dcdc5a06fc6d9,false
a328eba1595e3ebd88b4eecee23618966cc57120,false
52896896aac837cb5d716383f38a6da44fd4796b,true
9768ce0f3ebc232ec78118b986350cc589681022,true
14b77e49a4a25351725b3dad145f24c2b2cb141b,false
7e39ff7a7a923af0d3eeef06ba93bea71ea9a192,true
01abbce8c9cb27eaa2b8fd9baabd1fd39a9e77d7,false
a79cc578532511532eb8d96f1a739b0f358ef041,false
88b017a97beecb2d019c32661efb07d74afa9223,true
645b3d415d2e20ae2eaece1af23ba7fa144a9762,true
1ce9ba75f5db3967f02677b6c211a94df95cc44b,true
2812090e8adc0d68a554035610e905453e424efb,false
04d970f72e421446cac0947b1f81898b16e04ac2,false
df14e6ff07c1803cff970bd9eb4e88cf528e0f7d,false
bd18f8879b44b545e814fd3222f833aa07270a8f,false
70eb4f06a03655928597e7f6c9399ce7c370faf9,false
edef6f0e98107e1e21a131a3f22f2c764d31fab8,true
bc408295887b8a0f0f861866877f3499310c663a,false
9ff1e68ea7e6cf89acd760b0377e4e837f57c0c4,false
62688fb3e9eb46c03da36c56a52e7c514827bacb,false
45235814960e541a013744b825e111e837cc5c03,false
e06dc5f8aa8f053673af0aa29c5b517addc9af65,true
8efae44a5074cab7029670da996b14eeba6310b0,false
2500523b5932b3c037a3b649dd4baa7605c37d70,false
07540a1895e90c3703f191937cd99395d0688f32,false
4d331d959d49f2a98a7b17471914239236d908ec,false
3fcdceff3af58aaa795182ce8f60015668d4965f,true
0515ca47ba1fff651d3871092688291def8a1abd,true
32c380dfca716e82f1e1c2daf405bd29a7d486d6,false
13eeb0a927112cb4ce73258f8a460f5f9199a703,true
d56bdf10278de5bf2c36745ccac842190eeb72c6,true
83153894ca0b83565d0631d3106447ef54a9b4f7,false
f95c32bf1a73a13c50836db407acce8ea6c25eb0,false
5779871282b33b1b47a134769a86112df9fc35ef,true
f9a4df947e4da913325b8523f9812b59da0cdacb,false
89694b4e1f0e4fa9b370dcfb77b6b35e0fb98b8f,true
5e5bc32ca0b7903b947cf577314798101cba751b,true
1d05e4be57a0f783d612e9a643198bfeab2d38ba,true
d611bc7c8b5ec1f7ac7bf3d959255d78f584d03b,false
bf37749bff9941ec20833ebaa8c4f77260df2b3e,true
91df8028994f2a13f609073217720268ce35e393,false
add698eab637cb1844590c8151ef1bf787598707,false
5e4293ea5f04ca6092ad6127cd17ee5c43e6247c,false
6cda4953aa1b8a1dcaa8aaa1798aba67755a1157,true
2080273e2c2ea0682afc1a7a34fee2a2246fa6af,false
15d56969726892d8f960f4b0562575446c550957,false
435dd2d09782e46095f4599e32318316a5459ab0,false
27d08789a04d0662043439cef7ab154370272692,false
cfd2db785b81221deeaaa8e3850a89e5415f33c6,false
7e81d94bdff8bf37323eec25729c65c10c8c0616,false
582504f8895753d81ddcc79fbd758b1a48a8fd31,false
62e50f08890d7a52a95f0a18bcb227baea8434d3,false
560a0b61a9a7c74b59177f8dda7d89af812a844f,false
898d143780c6887641a5b324bf1ff9c0cedb804e,false
b120a79e6bbc463623cee49ee574a063e3723f75,true
d17844220c08f1f54a0133fde8a55e16d76c179c,false
a83aaac9100f28c7a2cf1dc8894a5d177d2916d9,false
6d8a79c25c4cea891cc1cc35b82aaafe948f4161,false
f67b2c8cc955aa41e949591c9325f76b2e37885c,false
67ce2f5aa84ca7bb33cee61de3108eb2b0001ce7,false
cb218c7107d9aa90b4f3087a37e4425f998db766,false
10a2585127cef24fd9a50124937076ed7afdf71f,false
4020b7554e5ee18026c11c5e64ef2ba7d8b5afa7,false
199a75b71db51b997a8c396bb404c3c5e5d12e13,false
dd65305bf1442ab1ff941bb2896ee62935fc85c3,false
e9a9366c7255fed6a82e5b8c103274a6917650fe,false
789dcaaff6f59bd3978c30c21108c18895534013,false
8f777a88368f9872f5cc6d5f5336418529511d96,false
4c74098f4b74931fb5a5163d68560cf7cac1bc9c,true
7afa6d896999548d517f3c99ffc85c3280799fbf,false
2c5f314960b950b26d9997adac21713674542913,false
6eec2423b658ec6fdfe7bb8f2565fd0b7bd1bb72,true
ed6bd715c652c830f9eac4c9c2cd8e39e5f974a1,true
9e00a26146072855a4ba1abf7bb53dea3d2cacdb,false
df8289155d6db4a52817db79d942316bfa3c9ece,false
9286d0816670791274dce4380eaa75eff4c75a26,true
18ce78ca78bcf8239b3325c850e75de5d32353d5,false
3ec205e365e062eeaa6fad720ed40c3684fb567b,false
b1efdd4f1c5743718bc719082ad505a24458c925,false
2ed8a30003a6d69ee0fa3fd89314a40e4637b528,false
a01ceaa587221fcce5c33460d98140d401809a6d,true
1417dc8b29db261234661c82931ae5b4f14428ab,false
ab0e0669078b8ad4fd1c931bfd3a6a519c081ca5,true
06a3d5ace0c8545137d9d7fd67a72d21a8fd07e6,false
c4222b9b9d5b6a8128a977d388f4e4ee09f4efee,true
cff4c8e643032ce870dfc9e8279cd5fb16218f4e,false
0f8805c61ad64f8af27d5c5dee050460726b2f94,true
37b7520f05fa9ce47db5376224a89384438fa150,true
bc100ec508c1afd07a94f16104872c29503446f9,false
b9219e707e3ca42ce8bfa043cf2fc20f9d302a0d,false
3999154dca0b709f836827963a9d0a05ff3c4e9d,true
a64641e4a1336330520ff90096503a4a55ab9cf9,true
b2d5cd9b7aee527968d3382eff1bb7e64590fc27,true
121b7c5b2cb5f7a130720d382a3eac8c0e290a05,false
e09eecb45b28f0add5dbcf2a9b7d3e813522ff88,false
5f6882c09c45ef88c14635c0d63205e752a0de77,false
6ddafd3e019c7534336d571e185879d1863f0f29,false
de43c1f9a0b333cfb78be0dc5a1844dcae29e733,false
e1aa6950b8be7c9e76b2df623d09eb8e25d1ef97,false
df2a054cc06a51e28c328c560193efb2cab6e559,true
af0b69f307193a1140cb14056b1d6e3e2008fc65,true
0bc9249ac4efc3d8626fc05afee0ee9931f0f1c9,true
77016725790d3758c99727a64db5676a35ced29d,true
131f07ce89bdab182d6e6203dcc5afd9bcc4a4a2,false
219ee5019313bcc58ae855ae56aa88b7b3b0622a,true
a05b9d6cae3c4ae68b9bee67d99d4debdcaa634d,false
c39f725ba260b275d818714bb3fa45334c967b62,false
f66c5fe3d72aa35196d7de82a270c9a4bed181fc,false
5475c78a2681e45c7e6a2faf268abdb77204c0cd,true
d697189047e4dde27d001ae177b78a663fd9d9f0,true
a86491beda1c6e8d89735a7bc7477dddda0026f9,false
a562c060f18fcf8d00da91945bc03ada2ef6ad39,false
8f964682cfc9a55668029b90994fe4345cd91537,true
652bb5b7845d77af8ef390d99d4c974f1ec8db3e,false
a164762f16f7f5f8d02c5cec5b5eb73dfcf27873,false
284795918e217a56a255dc18d1854233dcc7fffe,false
96a04a8d6c92787774bd44844c3993a32643d748,true
f2fb5df887dadb01a071a46da8fb3e9958622306,false
a48c2a720f024dce6cd92b96c26c746442a10d87,true
777d131c705f84847747c2eaae120d3a01c39846,true
2fc142b66c4dc6abf871cfec67768646cb3cd2bb,true
c0b5d56b195d220b4b22d172e1ac3b608a164234,false
5841cbadc941eb9c1cca822132a4109da5db932b,false
614d32e72d968add913e9e0b2da9ef3b44c773d9,false
3f86ea0bfa28ae1cf2c3ee88b665b12b40e88796,true
a5083a05d9fbc19d8281009b4a3006f9625e0246,true
ad0a1c7723fd796be14047262db64e50a0c06e9b,false
7b23ce8d04850e284d6c690671a02ea3c5df7655,false
f2db13a066d8bbf5a204b6f661966bbe4af411e1,true
609f393435ae36521fbe514e52ffa6b96b2bc7f8,true
db3826d75d3dd0e2c62ff63222abd169a8b53a9d,false
04ff0093b42c511695b2ca47494365e5d8214662,true
69a8ec6b4533eafec0322b138abce76a2eb26acd,true
763d5d1eeed1d7ade79d593c598cfd8889a606cb,true
2e8bca2fc054584f7f881cf68d4d782a6b421bd9,true
a6b9ae00892db788d5f5d670bfe72414be275791,true
d2699fce816bd389b5c17cd54aa20a44f63f1473,true
d2b8f80db99d33e78315fb7943a4ba01d9b7ebfd,false
b8bc4b2dcab828b59ad06f5cae6e81619dbb913e,false
33c7f42010a0bd10d01fb0eaf3c7a6db43e64b74,true
aaa138e4cded371eced945a2a7902f308a80b457,false
379bea2a45135b5c6c1bac3523742d15ec4016a9,false
0779ae0b4fe93a68f97175f4483fc84efd35b619,true
b56fb6c8cab11946c5aab9ac981f3182bbab6455,true
0d49b920587d8a11fd4db5009a243808ab323945,true
05d4b77e904d06e6d2c1bff98231447db2ab7195,true
f31b2c1056822bdc2e77b22f558a087943f7a22d,false
4fd2f05b336c91636728bb368eb70a9fa843ddcc,true
91d2439c80d81fccdcd8fe1150dbed119182eadf,false
aa864e5f2a415ddaca85c0dcb7d2f2a97b9a2782,false
564450dd1b709fcb032c75727746496c1075ebbc,false
e1cf932d4cbf46ed6ebce9c19d02346aeacf37f3,false
da99d5b3806f3d032aa7c99352dc0bd308712e28,true
61f06f085ec22f9322b1a74c755c331f82041d69,false
b16a2553c43ecbe6d28400f654c7974acc183072,false
0c3c396fe6169dd26eda02f53365deb1fbe25ad4,false
6b5ce6977030f3f144eb4758f9a0a83bea90a44a,false
21989054050b549d13f6548a0aec66f52a7b0ad8,true
9a629bedb55831fd7099eda0057ad887ac53f2fe,false
cfc578b08d94c41ef0c7bda79130088535d4798d,true
a9568529db5c5db6c74c959dafcac368d6041968,false
0ce6d4e453f774dada38fabd974949245896388c,false
9cb1add9fdf8082b3285309f092be2e2e9679b09,true
d2e12471494d0dd3721261510cff0b5b4d391754,true
c7fae461022cd049802023f56bb518b8a81ad02a,false
ed676d0c07537728d120fbcff9ece4ca8e68f4eb,false
2148c66c992d1769fa91e6efd67a72c146b3af3e,false
bee95fb96f925b3b794573793e320a4fa21dcba1,false
ab9296ce2fe84e0ab7ce1657c46c387895fff029,false
1ae5c93eb0e0c741f3f7831bce8f3b5a906eeb02,true
7c392ec6b3cbb83cde43785afbb39f175f00db81,false
29060df46ea548a78ff37feaf49672f2b372fdf6,false
8c50a147d336c900c2103fffdb3c485f286d45ba,false
aef99de034bb7f4bd88b5a0066fcd39d70a24a54,false
6ef43b45c7ae11c1859cf969d8e11f2dc53689cc,true
2dbf3c0de77b68f6fad4df00c21305db086564b7,false
c1d35c1a2d5190960948cc14efaf07e720eb7b52,false
e0f0bc273f72d360ef5846768a328a01650ef980,true
e490d7954ccc2f68113309730a67bbdaa242055d,false
91137155f1734258aaeb27aea7c557dd95fd65de,true
d65e821e5635c140bab5667062fb25aebe24f293,false
7a81308ee3a0d5786d1b6b173310fe12c8c4cc24,true
5121e6a016986d5237ea8d4484c9b042d46177cf,false
444573ef14c1f55dcdf8ae65df4bb77650a751fb,false
26f5398ecfaaf0aebd964522216c9fafc49d8ba4,false
1b7bd98d0c6b8334fa838e7d1c875b24c58c1384,true
5234aad45df376db7922a46b41c7cab075e5961c,false
4cfd78983d5e2e91d69f8f0edfbe100f2392475e,false
137ea571491fc1bfaafbeca5a4068e96bc5cfcff,false
745d1292dc616ca4304ca1b61fd9a0c9fa4d9b4e,false
1593ffc5311c0257888cb9272ffb05f075eee717,true
3417fec970e2a6caaf5da93070bd0772e94df9d7,false
fbf4e7bbb85949f0cc7f759254baae0f9b6449c3,false
16785826eacbec5b188ae385374ae16a6a995bc1,false
0d1bc52ab3116a67eef315923687e70a6e8a057d,false
9566e37ecdca4821070a7a45836264566c9f3c37,true
1105fb3bc1fd3ea22a86a3b1da86bc056415d4c5,false
996537033657df4dd4505606efdd752114a2e097,true
4ce5a47c68bdb8696bf725c512105b08bc2d9d69,true
a657da2e25af145a8e3750ec11eea3179d0b242d,false
7a9713f332dc097cb94219ecb258c7422bc826e7,false
20de7888ff28d7a8a1606794a0603a5f37aa1b53,false
fffcb119d75411561fdbab4ff2f8580a2010ac60,false
b06523b78c79ceab23b879da7f395bcb5d20670e,false
a868d83fe61587702f7da4864999db8853549b8f,false
38938123d4863de34bd96be5a722dcc50422641e,false
5bac9576d0c5ab84b44d0c19908de7893539f991,false
a8b08fe3c892821f746ad9db52e754a5cf5f3185,true
be3041a6f69e1780d35e13380f5d1191b16263ef,true
0d5a1a04a5679853ed95fa8e097c578791add100,true
86b15ad88978b78f175a00550bf669073872c116,false
3718d2e92787fa4286056a88fc313e2d8f110631,true
d26cbc05a6e15afd63723b5f708371fd5e843ab4,true
3a32ed99700ed76703a75ed51516c289d5e82e92,false
5906f3700600265846605a8b9fcc18cbee423554,false
15c39e4d163b922adfb710d4ab766c1191ccf4dc,true
1d989716b4f7b6da00b68ea0dadf54c4f1e34a38,false
a72c911568b349462d0ae01726950160523cbc45,false
3841a41167128ab80ffe8f05bf793694f5c28400,false
8885f588d4e1ca5b80f9f596d2e24177c4e1d2bb,true
52244550143ecf350f5af6686988fb56b1fb6627,false
afc42a10430fb0f4eb2654c781cfd6c7ea8dcd48,false
f58a823fd7d1e414607f2bc671312a2acf2ed728,false
51280f1cd1fd7c19a17a7d360538c33745b2d5d1,false
9fa023ca5c273cb706c1976b89805d6faed48b9a,true
cef90bf96faa8120192544d7762a339c8560f20e,false
cbfe3daa3a92b858cc0def6d7c94ce127411142a,false
550c6b7c779d163f29287d0fa1f270b7ff3fa935,true
80269cc8c3f47c08b6d36f2a0b1298e0d088f27f,false
00920f9106e614eff9f89ff334ef0df1809fe88c,false
82312793d230c2f4669d72f8e1d34a544edebd1b,true
7585991d024fb8603c8795204e4079dd7cdb9bce,true
38c7472358b829dac4ef35dddf53e71d909b3576,false
77a67f124719104c4545d0b63c0c1176e579edd3,false
c91ca50fbdc7aa849a03bad83e51ce8141c498d5,false
4667bfd93eefce14fec8340f850859a08741ee13,false
7d69bcd5fbcd10167517dec2e8071f763600629c,false
6bbb33fe263628cbeddf438b840400117945148b,false
14630a0782941aaefbc0a36323231b99a7b4448d,false
eec22e21e94943cfcfd2cac52f3ccf685f5f4711,true
364fa1fcdf3a202e7df3209024249e461af0183f,false
2d7d0263a15413e578fea33448b8093c96089941,false
cd0fb68c44cdca02a95acb556e6ab0a0bb392c0a,false
e4c242ee27ad748eb7c1545070ba98a1d88f6afb,true
7fa3827ceb8969d31a1db12eb2ec49ab39016263,true
7e2c80cd243eb1d25c31b1802eafe88e082be174,false
455f9cefc23966584335cfe679a09e45ecf3a93d,true
4fd4716a7c8677fa01b3a7c4efd9e069d8213458,true
67c577429b9dbf698a4d0b59071ab602afe339d7,true
9789f2be5f25e15904f2cf6575aa512d40fec012,false
30bf5c3cfa5ceeed1b1787841e1b91351aa8d483,false
f1f2a3924ea05a817deac5477a3c30882bd348d6,false
f355e41034d9d0a2969dc9331f910da7a7e8d565,false
eed5c82c9713528979c3a5a781e0e887add5a573,false
22ea63a81578a3e24d4bb37d79cf025b7bea6ba2,false
943977005bfc2a3c04daca26822418310029133f,false
0965ee422528b80cd11bb690f7d94559c54c0d16,false
9a6165fbb48f1c583c967e6debb1d23250b4fd29,true
182a723b0c41ce847efe570fd29fb831a4ab542e,false
020f1ca13bcbbf5d60f1e41d022f37db734db63b,false
171aebbb2152cf89061c8618dd836341dbd83530,true
5db036701b1df4e04b7897d4f00a627fd5b3bb05,false
e234ae5142ed330df84a5eae361f864aa5cb0c10,false
bf2dced9a01e1516ee0c44dcc37d855ba1b41811,false
63a12212a6b253c03ab5e1945baecac4daeb4dc6,false
fdbba6b12e904d3b6bb5992c5b34059127f95930,true
d23bbf89565e8655c5380bea72b6344b5710b17f,true
1fcd1877db5698386112ba5382cd6b212cee1ce1,false
5f042b16210f7e8662718a17b25c05a190224370,false
17e6b0933db6ca0a69b900e4594871cfb7d01431,true
1688d6ad5ef4ed976fc044c2d28c76d1e463ca81,false
9cb3b48da78187f6fde2715e32d81d1250f4ae73,false
62a50bbac77fb5b15d47bb6acec67e27716dff0e,false
adda20fca8b82495927ba45d158b53e22a5ca7f8,true
2ec8c52c2cf5c575e69533a479f32257566d4236,true
6bfd9bef40482dd0e0766758bbdd1f29e562b99e,false
8e2dbcef77350dd8075a84fd3b30b3bc45c9388f,true
344976e2eadd16579efd04b0a563b42d96726316,false
a1e52d50c79e847281faecb823f089018944e9ac,false
90a8f7255361798ed19fd41ab6c7df2e76b6630d,true
57395de0973cb0e0638525746aaaeb8aac03b352,false
14f1a178b872755d52190da7a9c67c34f3597a18,false
c856de27051a9566aef3990fdb53159b1d6894db,true
79ffdde918f9fd9527bb4fa465fa7991f4736dea,false
a9abe271aa30b4cdf0c7f970c0c12b8d8b7848fe,false
423fa0001fb07c3d832b2366e7e3ff77745904ab,false
9bdd086c2e4c377251095f565625f2b04b3673f6,false
4d483b30c4fd75279878065b2bf72d0b1256a2b1,true
9217e564510734af3fdc69b97370642f16e4635c,false
367b49c7aedce2ae0a150e4751efbd4f1181ec31,false
8bad49735bfd8c77a210238cda09768b4eee7765,true
642e6c1d65044cef79ed481822076d5f05d6cf19,false
19ece600df81cdd99be55c27216249a8aa2c7b63,false
f1a422d53e293b510be1bb2af8b879c6b1721d15,false
51197e523ee8f565d365d81e056001e989d9cfe2,true
eddd793e2f23907996725b67ed03025ea72a5821,true
04d0bef8bc6079faf513c7e893ec321dc4e9b3d9,true
fef33690b9c5b85c608f5466aeede64a8c18b9b7,true
b3bdb7f21fd25f056de062d902fec8e286a4572f,false
3baed27b55e5f9135ec64415b4ac7ef128609d72,true
9a26c24f25e49b38713692091c289b7dafb34ac5,false
1f2340995fb730cf776b47ee4b84a45469c5e392,false
f98e2d60d99847731b6b043e5d6df92647eddd70,false
33d3c95f1453674b0abc5d7c61be39fd6c8c5b22,false
44d5102c882b80772a85adec0ca3effe7da5dc52,false
d3984e9179af023a8753216322abb6c2eeea1fe9,true
5ba8e1c6aa4d907d403177a880780b74863fe6b3,true
3fe546d7f67aeaa04c91851b40c53e6cccaf94fa,false
b33172a065817c1db7ed62005d3fa9736e388e19,true
685d39d3b2f27797e28c74ed1e24cc918fc51b7d,false
711ff81d73350c6492b5acc96cc4cddc6906f30f,false
c6e7babcafcd6809fb78f61fb32b0d6ef95362da,false
73b806450e52343d74b96914da7a12775d31a4f1,false
d200e63587ccac6d7c2d0f506b8f30a2ebe47fe5,false
61d4d356b63091bb27ea0c7be0a6daaf06b74c28,false
19cf1c68d5c5862b4f9681f3645de747779a3696,false
85800e30f490fa2a0f9888b93a83861b70d8973d,false
4a8d43b232341d455535b52c87e773ecb662f346,false
bc2a4892117eed39021c94fdc76c81846f2104be,false
60a423633ebd7246d33e8f95eb642e1dbeb2ea07,true
c8794593f0dccba45ce320c080efca27c418a56c,false
747642bf9b3d754108a07a22975f2f221cd569c3,false
9d78feeca8cea0cc82c178b5187cc3324b2af41e,false
d1ae88ece1a9968215b0a369ddcd71d7467e0fbf,false
be955ed849a2b51f10f4b534ee2ee9418cc578f0,false
7259e7994a1de3254e321b735a3f375c5d961d09,true
0af49fa8440cd17af48b6a54c5d52f6ea26267c9,false
63f2c459b838fe7d9f9a44e00a0e1d6b98317f68,true
a9a0971f6f6df5756cd5f315a9d2ea20b1427b74,true
594fd3222c63fc6392b19f034cd038b7728bdb34,false
e7d0599bdc029cb7c6d86ac95ec8dfa906e55c12,false
8f1121b25d14ad9c88b63f21f43e9afdb95acfbc,true
7f7e4ff458048c047ff0ee36304cbf7eaf4d1d4c,false
e71e4cbe7f8f7d813d890e522979a490d8f295ab,false
6f0aa116164ab33a68febb38ac60abd8e8e77b7d,true
f470ac39f9850055bae81b4d8b3bd59ecf0b674e,true
b90244585417624ed8a992c95265270f2445cc69,false
e13ed4ada2d35b760bce681b6b7887279d0e6416,false
1c6c4c37e9993d0a163590962477682d9c43ed7c,false
645e9e3009ebe403b7b8b55c6dfdef2d5cf78e97,false
f8e20ff52be2a00f9b1b7ecd5f5e97cc1eec7f0d,false
26c5e36835d9075be96a535db146f05d6982be14,false
33dd333f5dd4acb546ec6f90087746cd71837bb0,false
f265b1e3ba40dd733ed8d0bb55d879078c25c629,false
49c8f08db1f396fda44605dfdcee9a924fa48a0c,true
35dc5d75234efce06240f8d10e8c1f1b4b26b35b,false
8b3d3b6eeaf1c9e70000f8d114432df4abf8ba52,false
e4c5008a1f22b6c566fdef3fdf0fbf697f9aa3c4,false
f3511f0a38be465923c1d735072f234597af1bff,true
7fc9069cd2869181c86355211a123e23f87a06cd,true
58ee80c18bcaefd043048b207ca196f5c923fed4,false
4d17de123e8314589b9792ea7a3325f3ae77af5b,false
cc11dbcc759c5d04377bdb1a3b1c1ffe005f01ac,true
33ad3dfc7cca7bab93f67c53c8b288bafb251347,true
f919cea9a25f4b6e05a9e04397c3254c51f85780,false
352908fa44436a6421b938347ed745e23d6a441d,false
459572de84a844b16a669def2bb5cc5a6d5b8ffb,false
1a0a0068fc8c3997f73bea9d60f7365855291435,true
006bf1246a0d3de2c87923d9d0be240c733bb216,false
6607071ace83ee36cdbb931747962d7ef0f50815,true
1d3b01d9c5aed305b8280d281dc165f1b3cd0cb1,true
c24a2f4689d418bde6b582e64b10694082fff095,true
a9044b3a6b51fa846973a4798ba1d073efe8697a,false
0f45d534d667dcf5e2522428d6cb179fcc3c8a6a,false
86ac868ae86d1ff21292919d47a6dbf46075d3a8,false
c49e1155e09e7d358470d592f366eadf3598fe43,false
0d254aa5f9c7a1a3fdb2d4fd78bcbc8a197c4f8b,false
baa04768e2b5e885a64ee9cd75fa63599ff74f14,false
ad9229f49bc68b0e12c7611fbcabda91bd11380b,false
2d0711bbe78feb3cb98541d13b2a6edabe05c5d1,false
302ccc4f96f012f41b5d946971a04ef50dd2721e,false
58531484f1d8f944df8180960854d870524fd94b,false
ffb4e8a0f155701096796cefc80a085688c572bf,false
7546c8d7442baea4203dcf9227273f9f6d1e0fd9,true
dd171a7ac305c0b5df769731037a76bf645d797e,false
fc458dd083d984d1d217142b76234e7029ccf02f,false
de7301522786b873b7689e613feeba768ab91040,false
6c8ddf13c2597ff35c03e116ae4b78c1f623d56f,true
bef8ed1e4263335a05bda06ec2789c2d9acc8abf,false
efaa21fd44b208751e4f9e493061b3805d7bde63,false
f54b058f73d8068f4e0728007abc15e7368891b4,false
4cc1e875a99cc7d7ea2abe0d76506806b13ff641,false
aeb74d9f60b14d98eb9eb3762b1a48a6c8d6bb75,true
759c393edf3f0e79a184ce52c1bd5477200087b3,false
efc5394c49d9b61ba07bd83472af78f1ff3154fa,false
c1ecdc3a36ce9346772eb2f51f5317257eaab41d,false
36e114d6a53d22b3bf8811b5ccc8b4620f3375f7,false
fdda10401d86fb1589acb072b5c52bb46ee0804c,false
50fbb0b7882490a66056c11a9c2bc4d32ce2dfa8,false
891d19b5aed96de493d85d376b9629ade4abe9b9,false
c8caeaa2cf5f6621f755dd7878a911e77147ea88,false
0139cf2dedf89f54aa4b16991d91e58b71473f69,false
f2c1c6a63763ab80aafeb8045ff8f73048870401,false
bd50cc83c991934e6891354e1849f2beec4ca48f,false
83395839c881d4ed7604e825a38c7d1b6dd41119,false
a6af99e655422bacedc4d35de56a20ac80145cd8,false
c28dbd23898ddf1afeaa499b1f4fc82d96091203,false
d27f1bdb863b15aac929c81fc55fd536259ab9b2,true
d1a15a439a6771e579857a5302994ea40492580b,true
3222530685459254c76e866cc6ecfc88fd44974f,false
fd327fcab66d794888abd97647d45b2fd7862745,false
c7ddbdee1796b57ef64239ca52c86ad204f73a06,false
23f9b744c1083eb4fcba8e45da70fa10d2670dd3,true
8fabc5c55da1e58516b5a3b2631a37414d4fbb63,true
cbc0684cf4ea7a1ad837cb7ebb81f3b0605de3b5,false
f9777863a046cb6516c5846f2d592ff6aa25fb15,true
fcab3e35945c3d10db5b22838c1230c67afdaee2,true
5193839d4e14e451dd457c43eb3c5b0ffc276a3c,false
d071f6db6f8663fe86b9a372def46efc5b0bfeb8,true
de784fbaff9c43ad3d05aa77c72c8ced459b0596,false
1bc36f585d4c1e6e329b0d584c9a649f0330416a,true
71394a2cbca386ea5b4a2acc3d807be51336baca,true
89617708753627e2aecdea7393d64ccf24a0b0eb,false
da81ff3f6ba3536193be01974a56f8d40223b216,false
6b01d11c037e98842a9c3b18a6a8866813d63dab,false
9616ef3b024f613d07ca7936751061f6cd473a9e,false
19b35a118a3ed727f414ba14c23412b403eb6daa,false
3009de647647090c859b3747dacc072e1ec63ed4,false
64c504c7f56e523b3a70c065bf793acc7c397487,false
6e3d3967c4052a93abc26281fe7809f4abbc5e69,false
95c83306849c537b07c6352487df0187d89e4dd3,true
93e4a466cf38570787bb37c8cde0300bc952c4c4,false
d25f9dfca57a43b751195640181bdb604dee3e7c,false
b477ccb34d9ff989784ed570ea210ca678400230,true
cdbcdff46dca1084e5d369bb5e1e01841f4a53e2,true
035a4d8dee43019c4415be941599ce3c9fefd817,false
88536c09bca1b61f1a3e7ade8b3c0167315fe337,false
1bc1071713d4d94f1c7200fe1a90f806256b7554,false
627f7ad131b415ed7d9d39740c4615246273b805,false
c189509058e11b50887852f69023291e4aca988c,true
fe9d676c3a3c8a84ea0a4d759362c974642b55d1,true
7386a58f7b3c7a192186fa1145213c5515ba2a8c,true
cc5d8fd172cea69328eb6c961f434ab5fa06c26c,false
d47b31f29c20c64c0730bd84d191f6b424df81e4,false
f3e3c0ee5082751c586876905fd821699849d46a,false
2113ebe27fd2ac0cbceba52d0610d342330db528,false
14ba56a46e938546a7e1f2c3b90c399b7b2fd667,true
810dcad5bf51dd05ed1075ae15f0153d9a78d985,false
a522102710eb0c7adf0c5aa34ce964169be06a6c,false
db57ba861f17c017cec20140026089d8c181f14d,false
766e1c7b9cd8a741deaef8f13095bbe45feacbdc,false
bd16dcdb8dfab7f7e365d66e0f1e1ae451fcc993,false
2e0869c0e8cf5f4125a3237f22ed6f166a065fbb,false
2712e8b831e5b1097a68fc4044fabd441fb6f52b,false
5bfcf92c80bd0a88f702c5c61e644db3144da53b,true
9891b56e23c2d31fb0808fdf2dea536d821f3b3b,false
4e6efcf250b2ce6dbde81d8c5f4c46382bbf086f,true
664dd67f1b7243bae360df038ae09730f4c60972,true
422182de52dda4e78a4c5790ee9027c498e818ee,false
6b6f2441923174307edd4a271bdea9f7d560d08e,true
08ca11dfd2d83f932e5f565e1c11a8fdb49a6e6a,false
e47d8f4053a90ad799e00b3fa077e4f959eacfb3,false
9c940504036225a9c7d3f869f6d1ca0f55083e50,false
b0b632a4b575f3d996560ae5915370025d18234d,false
1b80d8422c51d02e751e11360baae404b5b27a2a,true
28ff351cfc1b33eb84c70b295e8a86bf8b70d21f,true
3e5debb4e282ea1ba3dc74ea2197b705d3bf8de0,false
00df93cc413014222e6e309c141fd6de20f77a0b,true
8b412e84f744a3dd4a10259afb94a9875fdf2750,true
d7a79717826e366be163d46dfca9bc67e410a4f5,true
4295e27d8e41283eadba7aa2e098126b22c5a7a9,true
c30d687fc87cca35ad9cc9497e6eb7069de2a86d,false
e2ecaa140f5e40cb2ab1e4535bb7d47d1e4d1b53,false
4e3798e3b05063afd9c19b44dbcb5cb78ad95363,false
ab5fb3dd359bbdc94282582aba96d8dfac128107,true
f1675118c799bf663a57e2f0eebfb9772fc7bbae,false
ad13b29e1e8388dda5021e3c10824aa5c44d2e2a,true
380bd66fdf3e4cfa35e3a2ee0d81a99456bd42d1,true
cd5174849a68454e87ed98159c6b74acb61d9b0c,false
538fd0e85f51ad87f66345bbf704f0163d7acb8e,false
d964d6e19c2207bb27ccf8945e736d18e38c044f,false
471290b335d93548114a8f31d1ca25e41dc1b38e,false
2cb31783a97c1232a5ad44ddd7fc7c416dd1fd71,true
f8c001d4d52fba3998b6ff01f36496f6c81af3c7,false
ebc16acfa5cbab00438582c0bb30aa84dd5a9d8e,false
13af9dee8d49f1c068d8bc8caaf3ec816f754a3a,false
ea94523fefb5b36def9cda1062495008e47b4795,true
3eb1d9e3c39039085c5a6298eb6be6ae12c74760,true
368a02173b95978535968b170a055fb497fadf47,false
5951364be6642087127fd0ea77b39a70017223b9,false
c2b47540bcf763ccaca1665d0857df532f5eb49b,false
c7b761a4613fb44c460b6479a2b6508f99a943f4,false
927cab9342cf638300bfb284a6363bc284d8c5ec,false
30a0be239cbb30c7ec10345bcaa31470a86646a3,false
7eb08c867077c9a1931638830522816257cb3964,false
0430d1aafb7733c7ffef0a4678bbc5ca88c2e21d,false
c636cf26e8ae94def06ac84039f9dde6e85f5e5d,true
a99892a2d73a61e494bb0bfe06129cec40f9ffc4,false
dcd15a168596fb59b04dcb5896252b3429dff115,false
4b92523affc9cf6cf76f42e138d7ee41bf316b35,false
1068b07d21a336208ee3bfa6e7f3186a9af66d53,false
5c430bb8ccd3beabc8bc21458702b636a546e746,true
07885b36f008d0566e5c46304dbc895b361deef1,false
208a1d8bb1a63f36238880c4b086adc153c6e212,false
8c4c57fc16567b50b21a2e3764514f00cab86346,false
436f783a93cbe6440ceef7ad71c06e22c53d3af8,false
f449d977e9a4e25bc93fdb94993df96fe0cb5382,false
75f388643bc5d31e94db978b3184cca3cf800bd2,false
1209e11363b68211353c2a8d20579913fba88622,true
060aea4cd634a791554065c0a9574097ec68af19,false
b0a059a676e6245c25ab0dacb5cd40a5c704e663,false
8fe0bed86a3ffaf04a435eb95ba139b0c080e11e,true
6064eac40ca2e51c69eea69fc3815fcde4253128,false
227af6cec28c6e6b8135ea9c6df6558010d8af67,false
605d45566972a8bef0d8aaa7c00a627e8724689c,false
a0393a6a1b1180853cb3c3c954f84f6c99b57230,false
5920956a9778b637f59bd8d6455317fef6c00e9d,false
96c08919e0de45982667042a8f650ccdb4d005f9,true
c85cb5f21d55784f3e9cbb7e195020338598f4f0,false
25a924b8f6a02aebf1e560f61f1640af50b53fb3,false
525117f2c35f71a4efd48fe8a91e245ac5f19872,false
55836b9a5120fd36bc1021c36a5fdb361401ed55,false
1cae455f025327f0fdca8adbd09a918d98b986bc,false
e7b6b39346529ae4262b502d6383cc6f8c27ba20,false
16ac0f7fcd3ec2db793fc077b2cc67b2dfa72c8e,false
359ccf81e9d3b62ba06be7b344fa2eb84745fc4c,false
cef74cc08677b634269f88b91760b3d5d041a981,false
786ae85d2886e5dc436d07792fdfa0d5eebdb310,true
177f16ee3b7dd1861c7dc0d8df9c73502af04a31,false
786e9cc2dcbf1e7d89089346d5929775c549bfd1,false
95ff5618eb3c6217e6d61c46dfaadb6e1d3a8fff,false
8d843c7e907241dd8dfc9ff89757a0bff8bf5d26,false
b5efb78a837b7ae02ba08412fd04e395493a1800,false
8f25d8f7397e2c4f9098d85aadb5e62992a76945,false
8177dda424e3907d2af078e4aa3dbd36f5ef75c2,false
57f600629b0436c8d830d1b7eec9663ec6069344,false
6f277f0934bccc45c25a54e61545e3b14d910cb4,true
071d5c63fe677cddb1bfa921785ee9c0571ee4ee,false
5ddcdea272ca450a04f93e6d8ce786fb4986bfd8,false
1f4da249ef8b1285585d3ba27aad2faeba7df08c,false
3e193d46363000ec2ee01890557c49c52b845326,false
35c30ef0d06b2ce222d6f4b7c4705bfc3b3d99dc,false
8c131b4fef062b858c96a13c037775cde519faa8,false
32a0676fe839baab0c166853a4101c244a3c1a11,false
e47a6cbd20d91e10988d4432e449d6ed4663f320,true
dae7c5895b530205b6b261d7a8dc385ef9d13319,false
f530e29e905d3f42561bcd60358a8ba32c54b4bc,false
18b75ba105ec2e868cb0c13dff1662e73813b678,false
74e716297d3a5d619f44567dd9f02eb3520fc860,false
8b63aef9778ef3ce6ba2f4b022c0fc34b1e14a9c,false
3407146295bdd0c60d8595f9121ba6f44e5991a0,true
bb900c876e84cdebed182b36da33eb23f29435f8,false
2dc516548adf468508419079662995742a3457aa,false
3caa76c880b6dc05b49a06d3ff10f675391eb517,true
d3407df5f1308904b377416619d05591b818b2f6,false
5e4efcea7b2902aedba32aa4b4bf6e8c9895de87,true
ef125a15e04c6e4258dff8c57e0b5c2983643940,false
9e163a59af0816d8c6e574d21e1b12eced64adb4,true
6004ff3a0110e03a3079890b6670313a5e9f9d40,false
6f59ecfcd9585d5a5712883a05efef2a8d057296,false
bbccd4175ebd9df8c3ae41086c51fd8b0a219650,false
5ec02a751ee291e11f6bb6e76ab777f3eb930cc1,false
92dcdfc65580246055ff42d7663197ecad3cbd87,false
a9a01a28b2b40e95522ccb50e8d2249330bdb806,true
421d375d052c6c66a35bdcc6a60f31b615616d37,true
bb75bf720ddc507780a9051e00afd262db854310,false
8b01d0872e3d87aadadd398fc67dbdee2f880759,false
7e715abdab9180691657ceb0e0017ca86bdef937,true
7c99c6136de930180a097f6724e1e48b44f1334d,false
9b40624f65388e4ba94b1f0645bdb456505b2d76,false
183b6192122c05d9489d771c6224ee626fe4df73,true
007ec60896077b3ef8bb59da9db5fecc3f9fc878,true
555ec2da18ee997ac9c9bef09adf7ec6f5ca6ba0,false
e12b6881d244e3ac214c67decf01c36012b7c678,true
249965c07d6c8da8dbad2e2aeb55ea6a3e59915b,false
59a12851a32e2aa8dfed84490baef0dfd41f23f1,false
1284893b7559f9f47bc2b97e11c910514d268452,false
ccab0d5d62aadc4e3f0e4a80420d83d6395df1fb,true
f2424627bcaa7b5f454ce5caf96347f75e7d2b8e,true
31812841909c750095865d82b0b87c55b4797c6f,false
af9796c48cdef3e4f83fbd382fbb69b4441267c4,false
f909baeb41bf7b21281e9621597feb0774dd0e51,false
19752d9abc811e3593f031d2e8aa42290191909d,false
cacd6d9d1d85adb919af8c12beb22643e76ce17d,false
8c91969bdfda8d282f2d1af2785523035567f7cf,false
f68db27188c6f5610399784ae5df94e5802923e2,false
883f97fb788018824c666d5bedc3d952e25a90f6,false
c51bc3e5f7a5378d3a315d48a96128d110d6a1da,false
b2a818de0268db42a685fcbdb413407f1e4f0232,false
7ac54c883ba1aa4dc3e0bdfa981f090fbc3bcb1c,false
1a60d4bbf10c52fca4f7f6d07929639cdcb4ee01,false
f0ccbf59758671da27b3d75cd7775d4d69b76dfb,false
ff045ea2ff997f4e4cf576d0dfb6c142b060f3f9,false
89e94a9ec99c460407f2f2c11fd6143cca93c213,false
399ac521ec3043355fe1a0daa2bb0f0483c28605,true
045a3a31cf5900255afd392a6e310fd99b84ac6e,false
453b33d0725e0fc0e4709f4bc32f0c74be61ef1d,false
7616607bf4083a5750ad5928934a2d4a7fbaa1de,false
bddaca980e0a87b4e6d58f6fbe1d7911ca93759b,false
90eb309b4bf2228e6012ec868fd38f6bc550ddb3,false
d79fee4fad1cc0a55e6587f5de6743d551aae696,false
1d64a1f1be3137b5ab8c29e1a92843d88f457b96,false
8d22dd6d2bf36a4f893e41f6e8485d088a27bd57,false
fc3cfaf394ac7a6887da4bfc00caa3f50baf3a64,false
03d4817df48f3857799ec0ec3439790e2c425bec,false
6f2b763dc9c65ad86450ee6aec82da56d6c95617,true
774ec10b9a292710170dbbc4196d21f6a44c22b5,false
d87e26787c30b6122baf0b68aee0068ee0380305,false
9b4f5003d023e28cea08b608f76ef953c065e255,false
bc1daa5e608edd9fb7715d3fd546639f775c5020,false
4228f684eb8e2a17664dd6e3246650f4326be42d,true
847091d8de7ec31db33fa4d3d7189eb872330eba,false
b88262a440d71cc2bea6b8620fdd46a7de7b7b97,false
877ace5eb249d048c47b271fe4b055c2e2d818e8,false
4190b192bee35fadd7aa1a16cda3730528a0fbd6,false
f71d9b28096a847fe6b14e62578154f35a150f60,false
28fb2ea79c29fc21fb0c168192793e39a4ab187d,false
5b4e5455cdc082859121c9c3b3e48bc491dad4c5,true
5282e51a49c640f347e112faa9b2305ff5ed4111,false
db772b386985a287ec9a8d9443296d21d3015935,false
0f594b4f96e383e0f8802a000fe4bfabfead093e,false
fa4e927facf10da569ec89e25de4f7aeef181592,false
17fa12cc18a60dbe283b47f40f8ead6ea96bc3c8,false
564c3f3643e85988ca2e7d6a649eb04378d24956,false
206168b299fae47761c9cefa6c3d3871bedabc75,false
65ca41b1f452e1f1e15f55c0bf09339f72e065eb,false
33c9312f4043bb01cfb6e96abde313090d214dcd,false
f7d3cdc3c51208e1db7252b34bf39919b1f61b59,false
973491332a1508f75e7a86e70997595c137e2c9f,false
6ac11ebbb77fe77f89880d2f075daf2ac0c81d4b,true
8640d436cb326bf2a59c322d59d4d0a1ff0763e3,true
0537d998171c333d7450eaf0df7a5d2b999a328a,true
710e4240ebb64406e03c4e7119c9587c6feda5d3,false
1de59b6aa5f9954602595b5081581f18815c931b,false
921a36adf6f01a3f48401e9c0372d0da61921e54,true
da22ae61807be63939ff24057ee2b609c2cc0226,false
fd57f9ef289f97629c92440c689b75ca3c39a2d5,false
0ee18f4293e79413c1c4dc4418a16f867ae570ca,false
8cde2605e49cd1db19af2adfaa642f96ae53de60,false
dd71e57421387cdce2073e30af97affe9aa6d9f2,true
b35227c77206ab1188ff3028467a8b4d6a1f635c,false
c863bb2415b515db332d51a55a14ea21470e9d1e,false
e55e66e8760fe7f79c6becf09ad7f4519e02d2e5,false
af758f883d4e132c6e24e44f301ef57cb6fdbf86,false
58ead3e6dcd337c9596894b1a8b779c26e759844,false
99ea6b27ab528bdc5a5158fab0b9c8f4208a359a,false
d183dd36ee677fe75b8eb4de48a17aee20d6fe81,false
b5306afff9edf6badd42db0349f8362265e6ee2a,false
0126e0f11e04e3201a7ae18faf6b1687d28a8e98,true
02fd36eae133ad2988e1679f0ecda1f549ad0d14,true
f3adab7540582aac1c7e4aeda29ee6aa64233768,true
1c1fa3211389fd40c931c5741e42c94807cf9ddd,true
40b6fcec3631651554c6f8a02df558995460d3df,false
7235e16f69bd5d6a0ba144c4e6d9cc27ea13ab37,false
4352cf5c186cb2f0e9bfc552a9741918ffcbd33b,false
2d6be23f55e3a7e87b18708597c0a0afac8bf2be,false
b1bb45b665c8cd9568d9c492b615b817acbb2fe0,false
7d93a47fbc642761655cbd61e78791eeb7a5c618,false
de529dfa6db043ad0155ce60a4237b285646275f,true
eb0f2a037d2e03d66f0eca857b16838745bbb2a2,false
ea71c3027ce4c9aac4ec802f6d43e26d5e85b96f,false
dfd6be53a4de60253f8c1c80aa312797bb0a9457,false
7b4b3f7c9c6424ac13dde47506df43b688f29210,false
82ea2ed2db4dbcd1f814f1865ef18478fe4088bf,true
87209e6c2c7b67087d3c7e2bda700538ca673cc8,false
1c340db65d81fe5c155a44ff74dd0b6e1c132dac,false
e71a565208ffe2d2c6becbaef7c24159be92b6d2,false
7f501fd42d8270f8f518606b0f995ffc85f4e075,false
4c920c4b017f0dd7710a784535fc85433028520a,false
dbb1e29e74b3ea7bb470e0743885af69fe68d708,false
d0479e5a34b972b9e7160de6f078f35e52f351e4,false
c6ff81fda5d397d98cba06f15f1e4b1db55b694d,false
39581512366f90db2706d44a5f25475af49ccd23,false
155392f846c2c65c1b506ba1b85f1111895dc0fa,false
37ab4783e1a81f9fd8217da0c9ae36de69d6e62b,false
e6a6ae711af0f1e7de635df9521060623c4e9f12,true
7721bc64b507a9d8ac34e12645d2d774f3bd7004,true
2cb244b497aba924567b87d0dadb0d2b260dfa3d,true
682d99fd94354d758c9f8d6f8cc5b1e3997e4489,false
d40e89ffa170de5e7337bc91c7fcad66fac14d43,false
55b58a7acb2d6b448c56e9e74694c84d0ea4aa0a,true
859cab817d4dd0de9a2f6d92fe8942fd1204097c,false
12ed81e585c4c1093281ffd2e1837f627b12d7a7,false
94ab8fcaec99c080d131f8d6a42885323937b7f7,false
1a99f645367958e4efe7a8f2b752df856f102785,false
b2261b0dc9f7d491a636626fa892e99f064899ff,false
1758c0406515180cd91f57cc9c09117537c6d103,false
155757cb1cd55c30c0c49588bf049593e386b27d,false
4806f8e79363be905ed889bd5e5739475a2d6a54,false
3c40ef98e902bc4cc0c9e5fed835717bc0b39f4a,false
08c53a9b5dbfb891625f9b8e17da633bffdc424f,true
c942ec98252c2dfba35ef00852b30e6f22e5afba,false
2d4acfd11bfc2872c443a83642ce52e840bb2ae7,true
85b726fa7b6684ca58d90178098196787fba2336,true
51204d802c2606f218f3f3129aeae5932a0307d3,false
659633d628443f827257b7148a69b25a5634f850,false
116fd5cf11ce9aa944546343cdb8784bdbfa52df,false
615d8cca3e8d6c38f64c2e0d29121f03a849a7eb,false
ebe89f1f5f0cfe2a9c5a830ec8ad676dc0058785,false
a918c73fb6938e79ccb714004540aa4252788a8e,true
5b54f131855a262b56065972f55627bc1fb4176b,true
ef920fddd8314b181ce4c714459d143dbc12c400,false
0f09431e66e867587d47cab4e89f031fcde1b320,false
d25253b5d2e2fe83132ac8296ae8abadea1d231f,true
97cd32abc473c4ff419af146783551df7dddc738,false
ef37404d2126e7afdf52655d03d2c92aad7fd73a,false
a93dfd8eb2abccb354cd0e3c451a70e1f13c393f,true
cbcd9e4126c378ced87c6627c6a0bea641b4845f,false
6276787184cca0e010e08f14e24d646ca184a1e6,true
a81821be15dd8130d1976c11d7a30488c58c3514,false
29df8bf0da085833d53bc2ffd801f2977e412074,false
c2742eadc8d735e415eb90ab9e5947bc74afbd4b,false
59d521c299c095552d2a506bc454d92292a91a7f,false
757232e1946b4c1cadc5905014b83e444bd7a909,false
c8fb71f066a4cb63c6c400a07b64d60643d43fa4,false
cad00f5ab24013ffdc97c23a3eff7e9fe23cb48b,false
0548c899907a15695ef4a0babc1dc576919bb2b1,false
dd10db6096ff5bb5f4ef1614c1ccc264bbe01b8b,false
375440fab1b3538ce6d10239b919fa5283a464d7,false
fa30bfc1a3e68e8afb57378ec4c7790dc616d7c9,false
196016b72dc533519e12ffd9c3e7d05b9bb9357b,false
2d823fee68317809d7d8bbad4cf5a2b5aacec19b,false
dceb34eef2316ee15a3442e6b853af9be06861f7,false
c4c90b1c75780b2262b80534035c593ba8dd8f0e,true
fed556917739ed2076b7e51f08ab2872224ff40a,false
2c660df89f34884d8fb27eebbaa12df68cc3f2e8,true
3cd187a9db700b43b3f785cbc4f5a90b51832509,false
5b50d3ba90ecf2540edaa0d42f2f6e5b109005ba,true
1ef3b47bd321f7178023e0998045c261e72cc837,false
1f5b39b749d49214e2383c1333cf8603a1da604e,false
8ff195efb4c5ea4ce3b4852fba91e192f3c8b643,false
af94e41c798fa0bd11626deaa8564ab7642d19e2,false
132d809466703c06a758fc86f8ae5ad7cb9f4954,true
0eadf4aac12fbe124cf715d5e268a9bf2b665957,true
d43ebee6d2b052b2b03a6a99588113c537150a30,false
d74ec7d1c9c34f8ed38f599615685b07be1c9d26,false
16c320eb51a23b71c69875642e424e70a9ca3d7d,false
4c9068b77ef45e926d343294da4ae98a6325b2d9,true
caca3292f85ac32ddb26035c1e25913481192888,true
f90ab848bdcac80a46b82e1d2e85d818d77630ef,false
c6758f9a2a8798baa99335a48a0adbf6741a2b36,false
933b7c9f3f640eba75c1461dfb0ca6cfb464c064,false
80cbdc19a46e3042745613d49a5f042dfd6cd4bb,false
9d7d4ab89cfd67c9bea95d1cc1b463ee5566bace,false
c26eaf1d2d4e9ddf1f1ec39bb03c4b07e68c4030,false
0dfac454d2cfd78671f3c51ad96c70810e9b2e32,true
ff0b7576f6ffc9813721be9847d8c7b8d7eed1c1,false
22567f97fb6b970fc09df4abf96f4b58af6f3c20,false
9f1dcac99e6c986e0fd94c9d0b7bcea29721e824,false
cd68b8e1a71dba5e9c1599b14a8cfde58b13fa34,false
a05e887ec911edc1bdde68182cf6a2dbad65915e,false
ce0619d9a16e807c86e98f48531acbd651bb5ef5,false
3279464f1b41ec0bd43dc2bc82feb3cb40560469,false
b0e2d6bb68d867436b37e01c616f172e0920e0bc,false
a07babdfc9a7998b70bdd9a917b4db2e3bcdc1cd,false
cfd816f7e1613d8491c31a5585627434a25d6bcc,false
b45028c20bb3b592527099680a55c76fa66c94f3,false
5e57e66963404eb17d545fbb78cfc6192bb2c1bf,true
91a2401c8c0b590d8729c62472c0a5bab7adbd54,false
4dd656679b7a358bdbc18d11caccbdf7efe0f1bd,false
5dcc6271c7cc4177fee6a4e0652611a54c8788ea,false
d84835ced3ab1f04ef028439b71dc924b01af68c,false
2014d1a33823f3f4730cdca445e6c16ad35aca4c,false
d649af7cd2b88425792a8f9b4fa0b1e514726c90,false
a10afe24478d5fee6e5d696a4e877511b270f4d4,true
03226b8a574f1f1dff8878e494c9e33b2cf5920f,false
8375a8c168abebb86c264f3908a956cf8f24ca38,false
388ed398b809ff1c6bc10140b1e5b14b658ae89a,false
95672c3851ca252895750bba8bfb9995d4fee56c,false
9868a7255da141369e0fac86fd66f8fe9e0b1acc,false
e447a42982b5fe6d6c860b062b9806d4a37d3d88,true
3f04fae145932760632a1e5da5011c8c92e6958e,false
65db104a540ff3568a74b5b4c4b58abea6aaab16,false
c3d4b99440cf78f39d54c8934fae4d65f85d1102,false
74b2c7dec679adecf7ceec14bb0ae28850737a29,false
6d15e724055fb261d84eaa9d618a4609f9ab2436,false
0257228c4998b110d62c4a95aa107b4245a6542b,false
75964b4e9e4df46cff28213eb57f6cde5ed080ae,false
1c25ef95e658940edea96f01b2a41058dbb65e16,false
75c52538f9ff3d0f4c5c47afc72919a13718773c,false
51b65fb00f1f4ca25100c3737d29c6e420f22707,false
a3b437260d647922e5c6a599487b1ada357d4c29,true
d8af6bc469b7f5b000da5e886e3fa4bf380398de,false
e3aa57fd2faa12af75a91e43f77d305613953139,true
2e8cefa09e303a22a8a7cb954d0c8938d5091911,false
cc7411bd8766b368f1b027937831b673471a836e,false
13571d09f8a1213ae309fc5ac328eaecab7c70c3,false
e3bb2814626910996168d74d9d0188ffb14fe407,false
b51f5bad64d73179bbdd073c398428383e1302ee,false
cb336c56c1eeecbe817ab3289c8550e520c83192,false
09a2749c1aac152df0f333e4c5d2f341355ce710,false
71020425f5b69c5c6a32e68fc3e9f466b48c9ed7,false
a182b92092ce0333eb66e32893ce1d3de70e4e8e,false
9499bb4a14b4d7b6df0c6f474067163633e3887c,false
0fecc0a1c46e476ae04717acb55925667ccde0e1,false
4950af2c2805829d3dafbc12363036365c00ee22,false
85ebd007c251b6a7e06624c94314979f5ca0b927,false
b6bfe451c42dc3958f1f9a80a1a60747e0f81062,false
4ec8b7059a110ee43f668ce88ae172451fea16f1,true
2bed46ed9077d7483ad568f8c4f5dfbec35e6144,false
7f124e28417f6ceb92c3d1d05b25f1ed9f5ffd42,false
378696ef2130d81eda831616f72f903542d44fbc,false
778ab8acb88d85c316433e3099547b269d857b4f,true
b6a2eeb3e48d7905c4b6cb4f58d91f7ad2563442,false
2e95b1f63e635616b4f27d857be821ddfa7efb60,false
7ccdd7e69de9f01a94e786a28611352172e8d424,false
34ff143fce6643a6a318fd6878b0f5677a78e471,true
e1ba456f2ff1d4ab1de0d9608cfd14451e5b4d64,true
7d65c3565b61618454a809b02ea5d09d120db565,true
1834241fe498f4a889f7bdda7751e1ba7b1af84a,false
f3ccda5cfa1154948319bf9f3857b11957863257,true
8c56fc88e37b1524182fdf0b28177dfd00e6183a,false
ad8f346fcbba3aeca429591e1a370e7dfc079616,false
d20c25bdf0dbd2870db041b2d7774e54af1589ed,false
2d9f1bd43e15e2de202235f8cfd5c59d1948549a,false
91c772df11626ac023f12000737b7898dface4a2,false
4c7aa45d7bb90b8573538e10e596cfd23645bf81,false
474e1b4f19c962025a45e436c31680bdadc1c9a0,false
4e1aa9047e467ca9f6da4149f95325158cbaa915,false
2e75c3374a7b8de8ec276c5195e1238f71dea188,false
7a30676681c4b6df776990f685625e33b24ddd01,false
f938c51397623ea3e7da5764143386fb218ac8bb,false
4dd66a884064ef08145d8467a42e344169847733,false
3530aa44659103f933fd2bf0aebc013b71e368ec,true
419454b0a952559d62117e102dfdceb8a7416d78,false
db59265c116b04e75eec7a19368b788962cc24bc,false
04612c2b5b2ad02cefce7d96e625355298273088,true
88ccf54275888072aa8e95686d3c3caa3848bc58,true
132c7200cc044b74add3e7e7801a909758323636,false
695f0561fe9f1588e566a18e502f02e3f004a77a,false
d9c09b0d2fb52458b3acbfe93590bbe7e768feb4,true
e1d13153d5ae44f27fb366b9d7946abea4c6b3d4,false
b6937a1091da056b50164cb90f3753d246386c36,true
6043d928c30679720e0b3970754a470db25a9ec6,false
0c39858df327def23a12b23c1576e4578344c974,false
dc5952d249f244c87dcd42a197da1991a5aa1711,true
2270d71670e31b008604f65e8162110171baa0e8,false
2c1856c0aa73d33f15b0e6ade7c85728338b03bd,false
f49d80cfb5265ec98888ac9f48b219ac16863cc4,true
98cb609adbf0b986d30720f8b62d744e5c39e3e1,true
4bdb3457bf4849f5fcd62b692e08c98657450e84,false
eeb2fb7ce6a8226798542b85f77d6d8795fb0fce,false
e71a10af60b07f92d918a5c103fa27331d9a3ddc,true
a65eb55c2c729d7d3510e30bea53c430ac51073f,false
7cfd24099844b8c1b0f691831f2012c53af40a6f,true
f2691ad6b309188f0909cc5e67c10698d3a0a136,false
63aac5d11ae9c04a10ffddd64b7b8b3182f6f0b2,false
06745b4298f5ad9dce5d680095cb8fea435587cd,true
7ab737ec81650ae8a497e1d05b81fdc82c1c5afc,true
b432a496c7298714cedfee4c6ff435f40e512196,true
9549997cde5df9f5773ff1313ec362f125b878bf,false
5fdc1f89197f05037197a9115dd1114b40ceeedf,true
821b16116174794481870a0cbb239b59bbd4cd13,true
6e46f2e63d5db3f5bf017e22c9449d42bfbdbb3f,true
a840833365652e6a2f37b6287af77969655ebb51,true
79e672bcbfdb99bd8b26771d9cfa859e531a908a,true
23a1ba9b7bd355860c000fa16e4f8359054e35b6,false
0799bffaa7c6b44c79bf044511c7fcdfc2e096de,false
59d7624cbb331dc82ef89e52a0a18ae6a786dc50,false
7f14d56daa4a62009312101adfc5548aaa3574f5,false
fee68c5ccedbb11974ece1025e8b56200eb986e0,false
0adca0fc6508387995616781feebf6875e0a882d,false
cc9182802aa5b83dce8d5f0f720f98353a4436d2,false
819c6912f411ad83c4ab385190eaa95663d1bd51,false
85e9de45191302f80195bdc11fd77ebcff5e26f8,false
dfd4a6a8a4482420789fa720aca4923f5c4807a8,false
751b0399af531b9d69a85060649da4d71e4bf5f4,false
b0f4cf06e9910cc4967b404df45b2edba390636c,false
a0a3b551f90d8c19a6590ef539d2aef21a1db78b,false
332e4d8bfba584e8012bfb3489bba696758022e6,false
49015d0dbb93bd2f9a2d53dc5f6ef0210248cfbc,true
cc8f8c7650886dad08e30e81fdca8b164b24986f,false
d8a9c10878fa399ee5484b648bd97a8c9dc8cd12,false
dc5a6bfc8cc01e81ab1a6b3442e4f8a3012b4233,false
7d6da7c9bdf36bf132bd5384d909651b97c770ca,false
39a941ca4bdd208ccbc4bd96d6baac70d2e2d62c,false
a77f4a30d1824d75c87079b944c67be2291feccb,false
036a8c573d1e3fdceab9d026494a3c1e6ac0c846,false
fb2e98146c2a71b966846ea780ddbba411eca057,false
f7e971a9181eb47b0d0d1fddd5dcd32c5fecb32a,false
45b68b2f8942db07e6df8feb87d9064937379e83,false
970375004be10a7ad99207b61bbc65ce01a294f4,false
3de13ac29f2ca0efe1d03675b6f13d562bd624a0,false
684430b1320e2e5f99dc7a93dda6484558b606ae,false
548c0c75acb2b27e73a2b35d5082bbc68b931362,false
320764478d7907d8f05116cdd3daa075381366d7,false
7e67c5e407d0e0769c6ce744b97eef2adc374ea1,false
5bf1d62abd7f8c18a5c1e327b94ad367a72c98e3,false
9b3404f38d2e68528422ecf82bdf80e563565844,false
94b8e1acf575111372dc93d3c3e42b98f149ed47,true
4384b535ddebe883c88c6bc35eab4b15c97036cc,false
4c59ccf048823e96cc8a8bab125a65421720e4e5,false
09444c9c0cc8aab261443342da69f9e44aa5cb2c,false
d3394e13eef56d255d0a1852a92f432c31e4f6ec,false
cff5a7b2f0bc4d5ee457556c416bee04fc3ae550,false
c6f5cbfa16d4e92687cc775fd03d934142aa16ef,false
b452da5155018a38a947568abb77e1492e1d21a7,false
aad539c5a96833ee02a391a70204712280f6142f,false
95e5c6e07cd7021b05ffcf1b9ec938ea31a367af,false
3e0f073833381876c4c10d35b78be7a6057682b9,false
14899cf2f6af8cf7ccb227ed84abf90c72598fcc,false
9ec538f7d3d570d009d4ef5959aad02ea24e902d,false
34f0eccb057de7717cbbd29a48253808d099a7bf,false
31d300eb6d0cf8e49dbb44e7361d23a9c3815c1c,false
dbeefa2b5e7a4ab59c87a1acb1e77420937f90c8,false
f5f7312ce23a5b3ee5699633de74e1496deb1a4f,false
fc135dad38ae8ffe278d7ff20d9eb2b1d186c127,true
924b1a8a0b000cc9293a7aa22ec599bf3df46cd7,false
3e6b090cd7220aa3f733ea9a3cb34412b500cb6e,false
13f073a0f979c092f3b36c6487b3ce8435df8555,false
eaf4caf2f686c2010003993cc55734efc1a6cb18,true
49b8041da50c34fe143e425622e5e308572449fc,false
7470a9c748a4393d8f0da786eba9a2cab0373a91,false
62fc3654f006efe853d94423fe71e7b37a0d8829,false
fe3657653eca42e6987aa004bbc3f755182e5fa3,false
27e73a64c9a38f98b23838f2279c227238541f09,false
578a68df741d6b2ff9b99053b05ae34aa54b7fbd,false
9e200a3c15f8161fef93b241012ecb3d0f1f1b7d,true
eb84eadefbf9507041ac4597d107f9cf23ab5f70,true
390f85a7da40e1561c668fb025ef26d50a5e8e84,false
026647a02a2830b6ea2457b6d4b122cae81422d1,false
ca85b91fc5f5d1064bfd7da06f922359b6d4d2d1,false
987fdbd852a07d39d6e8a4318c0a5de91a0248a1,false
92caf107f6ae105e9352a472e21cf7cc8d1fee36,false
dc8fae554b072b432a9c7a80a52f77167d4d0d7a,true
f00ebea9045c979ba07104fd25befa5853711fc1,true
38c9335ff0dfa501ec99b3ff7d2bf4bc3e67fc52,false
3a9adc44c41e1bdea79c4bd99e4002776e1f254d,true
775dd74aa404e745a1beac5903cc642782d15115,true
fd5a393c8790001cf03e3101d4531128d80f81ff,true
f8f0c5e1536a1fff5f0c6dcccbd5d77ec9ac6cf3,true
eef56d7fab3c18eefe1c226d8eca0e979143e5ed,false
98755ac911c90491b65ff46484728203b93ede79,false
ae0840498ba6de041f248c7e0a6347b445fa7ca3,false
fbe031c8341aa1a03b81e389629ec78f3d219038,false
c146b4ffb2c8b5cff0c567d5e31561b3a7eaf40d,false
1b378f8b5be942ea25bb3c6f38c9fb81cf80034d,false
df750cba45e6fcda758794bfc878ecadf690d1df,false
8ba4adeaf5cd9cb62602d23e3a6d144311630bd4,false
3e325f00aa328c339fa605cecdd99da447984d9a,false
b0cb83df0ddb7b055f01117c365f8f537743193d,false
b8ef56795cacdff976ba95a295f678a60f2dab57,false
8dcd176ab4016b61c821f392a37f004544ecefbc,false
39050f3784fd8efb1c5ff13a98c62f2a6a7e8f8d,true
8d497a20c7bd723e711e62d646878c333f39b01a,true
91506d67f40c38baa1897b8f0cc174146f85361e,false
0ed884ee54fcaab313eb62a2a2b072d045f57608,false
09afe40488db233cf36699f4dffa618be26d3c84,false
5df7eda553d8b0a164e2f2050c1b59b83461eedf,false
e98581771affe7d6ae47902670bacc572b0a9e75,false
2e8fc7a7f648e3ad325e55863aca098c8e108db6,false
ada4d36bb6ca0c208881a0c1d528fa3f4cb03bcc,false
92e8d29b20e01924ed449c7e5c0f1bb7b96a151b,true
ff70c66be91389ffb10151276725b21683f5fe64,true
1671181d2493ef3161a7d2c6838f10e78905b53e,false
e85df6602cc69f644943fd892fe486bc1aa4c2e1,false
f4655f59fe493804e8414531b53ae9a193ec1be9,false
8593faa52bbe2571e10bd3dec73b77e279c4a444,false
fe80750fdf01f8e906c38e3feac1a6a6db93e742,false
d99ca59a829cde97160defac828b53a8b88aca9f,false
e3a00565b51fbbe40209599873fbc2afe5e16923,false
d2fb14e1936a8b0d3ca4a25468a6364362e22e0a,false
7f1a640baeef7db72f338e8e5ebcd604097e6509,false
3a493af2ee8e4bbf2993befbf9fd50e2bfa2d000,false
1603715d7ac7f727f9d5dcc537c629e023874ab4,false
01c94e7419c45d92da9b8c012aea3d5d2c47452d,false
3b63527921acfe7c78cce6b84ab8e869ef17f230,false
ad50f2e8ccbef7ce82fe7ed343d2ae194575f687,false
79b28df3f0c7b68970e2fe6bc9eddddab436df4f,false
0d428a84171d827d908012f415e437785ef9f566,false
7d3d176e363878f43cd2189e690cc52b40360ce6,false
b07a417a4c93dad98a8ffb9c134591f721be6dbc,false
b8aa72dc4730e6c678972b0bd3a70f7345ed78bf,true
ff4fed126a68244e8e2cbb863c382daab3ca0a00,true
935c590bab4c3d34d3de15d8c88cd6af949a8ce2,false
06d5ba9879305c04d1d7e5076d67a38af2ef3a66,true
a81dff381261aa69c327637026d701f6f48d29ec,false
10ee9de3dde07ba516bf2ad72c93779f0fb08100,false
e6c63f60aba8df585366996b68757fe6494c4a3a,false
922d596b4ac992de19fb8ea8a63fec3010c8a6ec,false
e54512c98f6a448fad797d66d5e7a1f88cbc8403,true
db6425d1ed4ea19912f7624071d647c684c67cc4,false
cf7d35636ae39be22eb6799caaa30c0cf8ac91a4,false
6a09934020229233b209d32545fbcb0a0bdd1128,true
e36c67ba1fa688f046a7cbeca8a0166c9602aaf3,false
ea9b6a9a5eb69d9428a5cf9ea337541a009f4751,false
7e858cf2d9b52934e943b584b0975eeda8e27fb3,true
805dd3767c6b9419914ab013104ffbd15736e368,false
2198f071226cdb858c7895b886a582cca6a83926,false
4fa6037eb7388b769b788d5728aead8a789f846d,false
7185f023c0991ba4867cb82d355e942458921c3f,false
fe505109e562280fc0582b2e450645c320bec8b4,false
71cb2ff10d7631fbb0ab7eecfe307ba6ddbda267,false
470c0d5f2f487f5a41a22372c2ac920b93df1b8a,false
c5d548da544dfb951dd9b07bbc9b2fc8d3c88f41,false
7b4ccf0e8557a153475beeaba4487a6319372207,false
20f0afb5895ee5019e3c9a1b5107456c5485694e,false
2a7f6d3472375be4e3960918f5ac592c8667a402,false
a27e3419bd3a041c653c2a947910aa6ef9fc4c15,false
36b850767578207b6c227d0438e81ec0bd7c2e08,false
d18100139d2ed08f94c31ebac43e2b336a6ec294,false
496c088f41d1da914263e5a72beb80cccf48d9dc,false
597dc31fa183f3aa7dfdaf008d166cb9e8db674c,false
9f1d691cd11293e9433b20301fccc1b3da7c039f,false
0ee11246ee44dc773a8a91a6fb1b18864a781708,false
e9997e416c01f3c289af26d1fd24536a516192b3,false
05d3acf422015289bb7503abe2c40dea0eb48cb9,false
0e9a1d5077909e9e12af6cd26341a7f122bf9df7,false
6b58788540071dcc593183e645db40475cf9fb26,false
caf52d6d0540fc44f47f9472475b1e71d9cadb5f,false
60d3266076032e4ac4e6e75ca8d70c9504598d60,false
b1ecd006bfe55fc077015cc7ddece8825e013d9f,false
ecce9c75ee460f70b993efc93bdc8f8d69c696e2,false
f540c0b4a0d395fb7aa243e1c59364de3f923a35,false
ae4ad58306281aa53160c31ad9a073ee3880d35c,false
1933396f1ad6b2000402ad54ddaa6b55a3ebfd39,false
b15831707aac5919aaecff24c3126ae72666fc3e,false
dd5045f0d79e3c8001a0b7abab6733f89d385d1b,false
68ef33a10da1674e02fe5975ab27c613c5372f77,true
6f3b7ea05d6f805a70ecd313ffc9de61912748dc,false
441b72b01f521dd2d894e49c8d299a4b7073410b,false
f30db281e16d3b6916f15b114bae99434a5aa407,false
fb6258ed257d3b1263c7c7e340b44a5102b52b79,false
4fd4608546a5276d0e15042faa8b7ec2bde8d686,false
272463c9791dd8cb7a814e44b262f7a4a5c7f863,false
f3bf3e1e9cdf027ff6a83b9fbac95fef74a1a5bf,false
c1edd61bb19e3bd077985445353779e5ce292808,false
ffec1a4ff7435f6a3397429c587d7258d1c1deab,false
8e6a88f76a60bb864d67ea61beb461e5a29a846c,false
fd878b586ff648618c875415d228f507bea4944d,false
6b0bb561af7ecebe0cf6881373c3d00c53bf2cc4,false
121f1d84c24ef0a0e125f8f03880405e511214a6,false
cd64087a195b97ef7ca3262e7e63d8f49d2daab0,false
1b62346a4200315d508b654d88f04816da640cdc,false
c0142443088ed42b26968f548fd183d3ffd41952,false
1113eea1d94d806acc988ea5109f2684b96b2a31,false
8ad24e0348defd620d1e5f1b0ebbe4ec3beb2f45,false
0f5bf99a54101b35af6783802ad0e174ac5fa15e,false
5595b19ec459226e5fe38f8d39c71e1f72efab75,false
8706b4088137e0949adeb3fbd527167a9aea266f,false
be45ac216a8a6ed7ff3ca24bf6639359717810a8,false
bf4f0806255e1c3a2c0817f0d1965ba3707d6f69,false
f0c079c8739042aa147df884e8474cc6c056ef35,false
5af34cbde59d711f206e78233e8a21826b080cd0,false
d43eec5b6f7b407ba7ae5e83222d546234b196c1,false
3f538fe8c4491fe9faa78c388385fec5aba3eb54,false
cf55f82da620d4456aa894396d4bf52e9383f62f,false
c3223db78967165641e14f88088ad58823a1f141,false
6f2770c637a2f1a117f88bad5c7b1f0e747ba6cb,false
212756c289fccaa47aac82ad584bcf7521642f64,false
2253a11bb08205dda51d512a8e6d7c03a3ee39cd,false
92e47af339cf3fe54f0a72e530740826c491b518,false
f124a2f0362bd33e4be262abee2c3f9d01698e38,true
4969d3557460a6d96ad985de999ee68b7f8700d1,false
462483afa082de73dc23796dcb68487e6ed46f29,false
54302a972c36c4094d8ad6034d919425a9599f80,false
8f9700e30cdb7c87bd1d3f5b896256dad415c9f5,false
e144d834744a05916ad6723af7d908cefe44a57b,false
5bdd7cc0ab592f185ec840eb5a34f853475669bc,false
50e3caadad259a8ea49af736597a54069eb95c60,false
d313383de36e6d619cce98d940bf9c3efbb1e724,false
1ebaae6646e91c1693f9fa55570ca5d69c2752ff,false
88af5b2416b3acc3730299b7af45bac958ebaf25,true
d2ee5fa2383547043bed51ebf81c2313cd939db5,false
122356c426259fe0be2e78de3515986deb7e09b8,false
58ef26a77cf3d58ef5256c5c9163fff3a44f15fd,false
f7cb740c999c7309f4d533d40652426a2860fae3,false
0d30c8349e153f7e82975b9d1c62c88ceebb12c4,false
2a4df482b3d7e21573799cc156017c136f1398ad,false
dda265b7a2d95f2c1ccd512ee125631c01d65d94,false
63a9e1075ab029c5090a3d50cf52b82f052c62f6,false
8a6f0b8d2d26eec5ae16bd96a724e47b4d88fa1d,false
e28d395c85294954a50ea5ee4f6ede6e0dd3d95b,false
d610caa758aca82fa1e58801b3a36b9070f2d009,false
6ffb4eff147fa51a4a2e6523387b546f860098d5,false
f92395cef6af5020f1c3eff6672837fc4080a5c5,false
fdae0cda5fe009d577238ae8adb1c8cc8a6923dc,true
568c75287e0e28e0aed2c884b6e162e1c3e9d634,false
aa22cb2d317e61f8f7ff230a7f4dce0af72a1650,true
c4fea8e34ede94e7984ee376290bb7b7c2bde189,true
dd3af706a13b13b2192c3eabdc323e4fe4bd4dbb,false
03c600caa7b4dd477d0875ef824d81d7bb231bde,true
6ddb27a1d0ee3648a3938f07925f9de960995d3a,false
2e4ede64355d197f1b4a25a0dc58ec0959d71588,false
6e871fc3e80f02de3ccb1dd8f69692cd77c58491,true
4b1088352687b1301b62ea8ff2f22abba5bf8f49,false
e7cf7a6e5f8987222cba03a5e8d2ad4d558b60c2,true
e61c0bdc066d2aede726a882f5bf2ae9196e89c7,false
1490a241d6162c8ca8f387028a5b5fd328050b96,false
5fa5cc6fa8f81132e88638856732dff645a712fa,false
e5e92fc661a31e9856083b50b32ffaf9d97805d3,false
72b7fae86de8abc4fb711bd660588648ca16ba89,true
0a89b0d90d9e24822d5ed57aa4c90b6753836c8d,false
435395a57c6442be500aadb7e7bfa9da5921e61f,false
1f1bee22cc029e32af2c9bdb2a618c9fa09cfc45,false
0d9a942fbf847f7f5f20ba9194b1f53ff11b7c0a,false
4e7d380f587c598930a49a8e6e3273c51d132182,false
fa163e9e83946cbd479f3bbdb52c68bdbd7afaa8,false
0259f11848482068e4f8d701301c5ee0aa3fc00a,true
c01c68a4768a6f24a671985e3cc1acaddc38a976,false
683062d1d683d535fc63663d2a541b7fccaab1a3,false
9959b40fcbeeb9edbdd3398f4696904549637b35,false
499bef1e02c63df8b9c80ae24bfbf0f810e76cdb,false
1125877998bbbff7e435f8fa856f494e17ed13fc,false
33a3d106b830bd541aeef660825c7c7115fa3d64,true
b486df242129b823f1fd93d8346b9ca15d7e4135,false
0ffa055b493dcb31a07fca1bbea9f4651320b762,false
8e6bf130deeea916e8bf70ebac93768200f966c4,false
db241093d4c91d2c99f881b6067f690623d28eb0,false
b92ebfa684857d988054b3b894a03742a60c896d,false
0a6e3cb22b90d4a5a136989bb57e58dea4d3fa31,true
97f9637d2c803b02e32f3cffe953c00457e63088,true
4463a6cd56307985b0c0ddc66d3a94aa1cc46aff,true
c7ed63f62e43b59ac17849fe85fefbccbc984e05,true
8c050cee8e430c4fc524cc83c444a3751771b11f,false
b8ae716f906ebbf1990a6f209ed545700a876278,false
b2476dd3863f3bc92dd3fd7a85618488f9356e35,false
b0b41232e97162084ddf67c9fd712c1c545c30d5,false
5201c9f22e3a675981ca35dd6a48edabfa656b54,false
94dbcd38499f9683ce995cd66c388e7b0a225d1b,false
12adf9d240b24cf478eb52768b3b67ae7e5942a7,false
d99345f6e6ef356b335ef44e6533d8cf95a17536,false
df79d6707569c92d25cb2d347bab6e7ee062da58,false
df5685dd54d291c78d353dfb983c67d428b1f544,true
ed860526600f5c43482e6eb15d7e271510c63742,true
6976cfaf64365bc026438194248ebd4700db3583,true
b11a6c0a6552bd7152e6b25bc0c3b6fe7b912635,false
59494aa4fc7bdcbff981040d7c30fda561e9c3af,true
7b23229cd7b2fece15ce03a1032041074db6c2bb,false
a731195ec06070c34a03d7bfd15b51bfd1fd5283,true
a28ef7857351ad705f0947d515e95c8b6e8bcd54,false
1d97e1ec56c03051e9c82392cf34bf09bcfc2f66,false
42e3fcc319b639637559276fa037d25599302be5,false
42ba761663d1e2ec1df351ba96e586837f5509c6,false
a493b117de77e98dc8c85440b8cccdc972025bab,false
7a85b2ccc2be3e909c00f59d319c1703613b17a6,true
e77df4b0885d3b5d26ccd33ccc0aa9358586223d,false
5ae3439cab84d35757cb0116a36409448afa4086,false
8a7213fb90a7c2f333c09968f22b0959e28aaed2,false
fd706efcc9fa6e638aa3f72c3ffad83165114edf,false
b8df0add74d99b0039574ee5639afd8efec17051,false
7e6aa3fe5bba935f9f58be3d35f50480a36cf347,false
ec24686b6d435bf416450932d19ad7fd0317074b,false
e53bfb1f5bfcdc059e0872a05c654560f19bd26a,true
5e36a10cfcb63a762e6c1593064b8548f2ebf4f5,false
75464bcc54ffabd9f266d457b523090d786e372c,false
6e2769a42027b6dba47344e7fa21c654eee0387c,false
8c3b75eadd672d726b593da2534bc7324ffcffaf,false
8513bf3589fcf4f45261b8ced230b34eead49148,false
b2d896b7f75fa833c5a40bb50604423f463d452a,false
067866913338cb434e9368470f768fa1bf2ed425,false
ad073ed3f1a50bc54e570ed82e2549a18d8b59df,false
3a7f1998cf34fb5c54803683ef3fa4be936ab5c6,false
5617bda5e4bb0e0e664cd0649c3163c90a5470fb,false
28e1dde96160e1bbbb60babe50b9be9e78887648,false
7a0da0439d2ef8ded30b78ebce776c9a503dd547,false
851d2141f0396f67d96819d94a4a7a156c8ccb5d,false
935bda5aaf2c2a0a0e0faa0f3c9f88ef2acd81c0,true
84858f9c338c8623cf111a6a5a7b9c1cbab7d3d1,false
6a0dfb4c51443b996735b5c95d0b83b4523d742d,false
eab8d2faebdbbe56c4244db42115c65b30eb3145,false
380fe5e58ace108729431d8e347ec09f913ff0b8,false
8120812176770c7d296f56185a4df40581454e9d,true
c533d05d55f28631a1606323b613b91f5a1097e4,true
489bba7e9675a0ce4908c229e28efcd5b0bacbca,false
2e7d2e6b56e4407ce8637b1f1cebf6c94c4c749c,true
de6e9eae35ff654ad1be04114f98b7f279b3ffcd,false
c1e824bb2026b5a7ef58698e0bd914ad0d8d0c5a,true
30247bf8acddfc1a8b89127aeb1caf66dad8ecf8,false
ffbc9ebde570c854f9eae993b12c6eb6a0206629,false
a930e846603b90e6404cc8e41f7029b743b090d7,false
3e2d0d9722c33a5d0ad3503b5fd793fe501c085b,true
9244aa246291f115b23ab314dba4f8e45d919616,false
28f54622d257bdc8a594ad3f463e2516209aaf3b,false
aba12734966a28d7b2a71abc3a99d43ca5dc49f7,false
f23518900fcad2bd1e8bd6c69ae87282a2c2b941,false
498ebca383476056bb9916a07501a3c7eff47806,false
05eae1ee06e85c509eafa0d2ebdeb2ae602ab589,false
4c7d63e115c486d331728fa0396ab2665e29d578,false
1997734e907f66ccc4fa7f29499d49dfea3fbbfd,false
a2d5723e1b6bf88267d8db91696da676ac995fc0,false
e56c465c78ec234cbd5b39e5da6b24c70b407cef,true
7a2481aa40b36addd5c4cc10464c8637e0ae7e87,false
3e96dadbb9329a4b6acd98e0eabf1ff7ebe09129,false
80382b413f30bd86f51e6811f8beb7ebddcca3f9,false
0be247edf03cff909bf52c45fad3947f8c7a2989,false
65edfab1a87379e91608dc1bcde4474586eb337e,false
dcb22c2837aa404f962f53a04e8e48473b9178fc,false
03672e58dbabc9baa60553eb4d4bb3e5aa523686,false
15436ee01223aef9e1a756283204cc9a9cf7a84a,false
b61cf1d96b3e7ef8da2e506f0393d91e422dbcfd,true
4d9b3a851bc877af780577fa4f096976399c121b,false
efafb7e2c7ec861b77ffe887139e09ac9a7e1ea3,false
fab40348ac8b29474081db323c5fd61a9b6422e4,false
45cc7f3c389fe4bc51505b898d02fbb076e58928,false
ba0afe2be6d07f1791f4a592c697eb549b931d1b,false
84a99bef163815136fca38b027e7b28d73a9035b,false
27551d13c7e846c37beb6d33427e1118b9bd347f,false
703c3f5583fedcb1efdbea652ba95c0c0d98b272,false
b7d653bc8e32ab0d325f4d89b482066f9c904a3d,true
a1d5c78901332474c7c1120a1d6fcedd1941d44d,false
f600a80625b497bb00aeebe40eeb4a776f15823a,false
a4586ea190289b43f4ed9d1e5bdf29324bda5588,true
12b32a9c577e8102eae1242d9bac2104b5cbf244,false
53cda2fec39d3a012525051b96af1155c9c7f07b,false
1cf8213ddf6fefa2cf8bd877ea0fbe45f78428c0,false
f849845222a1236328141fdde49ccb2a1e24c65b,true
4f46832028bc86417a8d71c8f053f71542c153f5,false
5beb53f68349d191433725fc28426cc83af1cff0,false
cc47623ee22bc697e67dd7697e21a27087b57983,false
2cf35ecfe61ac1df4e9f1003cf862c023ce24366,true
854a5af441c11a2ba91cad2d45915f114a126fdd,true
46a8b87779f9725430d9ce044404a2a8723c0091,false
d3110090af0380ea612f77504b08f3ddd22d27d8,false
343b30273359239e30550d401b063c8e5e5e746c,true
c917784259f19ed00c164f3a3cc7919faaf6c296,true
99321d4dddc7c2d17846cf87ec2eabd978d0fc2e,false
7a2cc5d1907a3d1c23f26b606720ea21312de535,false
f1e3d41558884625da6d220f3931265796dede2e,true
c7ec01ea86f16e1890a162c699ae5f11f3542e34,true
c817a59078ce9c26933e121cca7ce6f326e0ccfd,false
dabb1b38eaf020bb0f97ea331a3f6c5e5aefe565,true
08f575104a3d072ed99fdd912764adaaf5799126,false
41db00b7796be8a4a8c22d0bd04d080800baba80,false
61e249b7ee351d99baf0aad5bc0303b47b29f290,false
eb236225a46f4681365ab650fc29a7a8ae40ff8f,false
27288b2b5b17226d346a1ab551b8012bb3c618b6,false
014b79160dbb191a7695f09499f350c82fb484a9,false
e77538b9996ee3cb8b4164eddf34a368c6077762,false
bf506346ff2c91a60986226f0f26f5c2e7866548,false
cee7c1437cc402597ea9120c8631e7594164783a,false
e8778b43b41f312da055747ba3a06acbde9fdfae,false
713ce018b1b2422c5a36652fad2e6c15e4e7f04e,false
b3e4c5548755b15efe8102bc881bc3fa92f5c1eb,false
7e8cf82be04083a749484b0f45d1924efa0a96d3,false
c4cab942cdbd9ec5316ae4c79973b40398bde58d,false
c6e04d3f77fc0880c091f0f1eb38dbdf8f7599ac,false
1d0941092bbedbfbfcd102f01fbe312ff2257257,true
c11f00c9e261ab1236b7241b85708807cdc38294,false
8f948fcb36eceefd73f7b48ac8661d603e756b8f,true
2b5c61464a1f5bb4287dc86047ab5d7c7cdb7a09,false
81eb12f840a5beb581d8dfe3d8be4418242ac138,false
a0b6f184ff51311c8ce99168f56cf512e64a0c16,false
ffeac823b0f7306059610585e73a1ad8552990fb,false
e5122c148adaf6f895d4a88373ec373caf6dc637,false
d762ec7fd7e762d0885566db330986381997dfeb,false
b45bfb313ecb7bcdce5acfe0c2e88d77a7b5269d,false
7ef2285a5dadfa932f56687aaac80f0925431aa2,true
057efc46638dc24e2ed6cf5d5bddf2ae7f05d740,true
5d5d03a8fc7415cd0f8f1a874be29c64ea938cfe,false
4d64b3ef43e0b5eb34b9f5b900a7436432b79664,true
c2e08d904aad41fd5dedea96d7657233f8dc2ff8,false
0178a9353afbe4a71f9800036f889bf3073bfa72,false
b81f95b3e932681da99a62ef253da582632decc7,false
e452e6967894c493e3dba238047e3c73b22fc79b,false
e692b382ee1809863d3660cf596f37aa4fe37af8,false
b12e3e1e8ce4a40a10b59861027ddd6dce0cd28a,false
56ce06851ed31a2bc69bbacca6bcb27ee5dc997e,false
ff9fd2b6ed7913015b4659454b64a7218ab3e853,true
f5c8d65524882931ce1678b6e2e03ac71a6fd091,false
5fee19e4902dbaee3eb5896a1ac8cb042e6d1dc2,false
da72c7f3e8bfb24ff622838a492cc56a91a66186,false
b8616ce1f00ccd59585978d0a1829bdefa6bc428,false
08bb962db6051f15710ab6e4bfb6d8dca0a8abaa,false
25ed849115f56d49d14884b2990c7983fac1d833,false
dc4da5a38a48ed720e3a8abb940328a045ede84c,false
02d6d740ee76d7f1ded48da1d58240e263da5aa7,false
c6438d916498d3054124eee77ca589ca7a053728,false
3ccf63dfa981d29d65b9e57f7b73fa1071c56819,true
62979ac7fa6172f2eb7230b2360c87edcb312c0a,false
f44b238483c2573851a0486a3381c441aff28b0e,false
9316ada85778343925f78af8a5e123e750c57e8d,true
ef9c39a281118ed53a151f1e7207fe7c13875a5a,false
15857fa80132b34246c62480198d3684b2a129d3,false
05883ddcb4ffe04ea232012cf814549684e3e5cb,false
9b4b66a03b0a82b0d787209860c1b65250da74af,false
d523e7b30fcbc705a890ff7b0f8acbaf2ffa9da8,false
33b6eb6b4a50da63af53291783d86936725873c5,true
e7d5b67069343efeed172f91b30082b6e9a996f5,false
3b7a9b51421cf64c7561aac8fea560630462d292,true
9a0d95dd4a5d08977564f4ca5930b5570bccdc8d,true
0db7ceaf4e4d0cbbfe1481069fa7af78203f1836,false
9334f9ac4b1147c8e3728e2591509fe1bdf03c0e,true
1026f2fc4e18bd8880ad896ac180aa777d47f2c6,false
8a9e55eabb56554aefea93831c8d231449b5d501,true
aac974f7d99795a0a0eb8cb7818260be99f75bbd,false
febf4782c5acfe6ee394b8b3c5573ee3f42ff009,true
679507e296f963b64dc80c541480e73677ca6561,false
ada93d3e5fefe0788fe93f2b28a9a4103920d081,false
cb5b0ec095fa9c195b7e1d42eb68ff19f777b0e2,false
e1dc679fbd93d13e945bbbbc29467ad6781feb21,false
b0229b70ed4d823a36c4ecaf5eb2cbfc344ac538,true
7dada08bc8358093b5e09b58cbfc4573513e1798,false
ec5eb6921ad7ed06ec2d1b6976b550afdb54570c,false
19ea8b7ed79db5437135cda641dd1908b9b7f939,false
33aded892d50aed5607ffec6a30d51549ae32386,true
638d4556eb9f14b36f3aff06cb7566d48e3ec1eb,false
01ffcf50611440654461f402bb1dd3008477f531,true
3bc986c22e78806d076a6830a590c2b6f9d23d26,true
6f37585b0f192c49df9c3ccba5c1704a5d62bf8a,false
9fde91945623e9c9ed9c4e4a39a2839d66819353,false
b744056353e7d54dba04b35b7855f253685df288,false
3171fc3fd4c427273526616f17f5724eb6bfee52,true
2c0dcf62f0676116ee51753cf60e8f38cd105d99,false
045e3eed3bc148aff34d335657c91f3f65ad1e28,false
4d9a539ba14c47f8da44e4bc47cd050e9620e892,false
629c4e815cfdccc915866a7054c60ee57ae2a0d8,false
ad89a1e5480476468e678e0ff1a0cf4dad854437,true
6d7f963b18a7571025baf6cba2983956d89bf4bf,false
47f2e7708221ec9ccf26014b927cedc31c23e16f,false
7a9f31092048b14cd5daff01cf883494e150e3cc,false
b7cc29fbc238db13e96643ded38f9715360bb826,false
a0d6fe0ccc9164c09c5b2d527ea0eb19d781f5ec,false
b2f65ea9084e8e39520dd8bebcaa93a2b87ee1bf,false
5f9ea4f68aec7765e08600fa3d83dfa18ac2c91c,false
23a2e4d841dbc7ababbea5cca4b8d9cdc640208f,false
ed6515ee647e9cdc1b9a583b5c7216cc205ce6e4,false
54360b7a78009e065b0f5ac6f3ab2c563aadedc9,false
d9517cb34b2a22d9394121ce242e025097fa9bdb,false
f7f86d1d37d7c0c3e1503e871b27da249ad802c1,true
ba1d324ba47e04aa343ee49afcb9db660a76cc15,false
ce9a3f27b26b7bbde23b747a0aa7ad0c470b55d2,false
df7f839d10f746e4ae97612aa8c77364868f716b,false
25c31a1fc0d4abe57faba49952732caa862f9339,false
83f52b64d84f616eb14c6de6489f3412afa778e0,false
ea66e068b5d29ef6a06014a6e457e3b4508925e8,false
aa13079427a179248881ea40d86e52e5b3ee67e7,false
80b4bc4f033a57250d69ab2541ca02a0972edcd7,false
cf291d48d0e5a2b0170e3dd2b0a413c92bb00361,false
1187af233db0c9591d51b956a497a74a192598a6,false
837d4295955d3a57170a819aa0d1780911693fe3,false
3ca2ab0a8859818a26543b5d5cd50104bc45a9ba,false
8137f1290f1dfe526eca8388472464589102f426,false
3971d411a4abf7db468d70ee90b72e42d434dfde,false
30e7d2e92ceef3821e1f97d009382820c47f8a51,false
3e8fc891e1d7e99caf160f8b37d6c1e5de3895c8,false
b8e8d7b59cf77971ec4a908bb014894ebea4a71b,false
7e1e484624f880dc2382b20e37503147dc878593,false
1196e88f6b4aac797e452550cd07bc0ac16dd119,false
679677d560276061994e396b641a9239d3dd781e,false
81083c1d65abe31c8c5ec8fe866ebee96980a84d,true
62dd11004a08ea3ab6620100494e9d07ef9e5f34,true
c405301400ce35b558995ca360271d865441bdbc,false
b4a5f29b1a77de9e1fd21936ce073af27ccfb157,true
b0a95ae20be20cdf104fd35dd65f94c5d6369ec3,false
f3e9a312f7429f65e1e9ea3f399ff7630d0d08d8,true
a373993f5fd26cec102fe67dce28a4359bd366a0,false
6963810c21497ddd03f14a02241ec807fdc5441b,false
d5a30b98485696d2234fef700bc2eaacdaacd599,true
17fdf326eff3180a0958de486394f8e079b5d164,true
235fa745dd570fa5b264a4f45c4345a33ef577aa,false
41b894a86c2ac5cdb6fc7be24afdf22e08aee753,false
e0007a1ce82881c97735abccd24c137ba32dc86f,true
771b127cedee9dc58390fd64e211671c2a458830,false
65adf381d99a379be38b4d9ea6f4e136cc9f2683,false
38a8656e5adee4f0b5e32e45a9c545d18d5bb110,false
71316732ae89fd5206e4751e2eda26c770b247ac,false
9ae033d933180687aa417bbc27c15bca9f599953,false
52117e67f0b7de345dbcd86f02f08c7b8dbb78f1,false
a32b7c929f5b5b87ae7aef1a26d3302d6a15322e,false
38ebba91d4b83c716904f2955998b08edbe5a136,false
2b4d984a2c6e848dc45f4ea3a5e915709c2a16d9,false
55b9188a02ee2d4efc373867d07e830678e93e4a,false
a322e325eea5d1644656d915a87971bdaeb48670,false
b09ea5dba4030ea2685ba3e72f05a6c9361839ff,false
792de56315e8b83b2076c35e684a5f932cf9f2e9,false
5d23e0fa4b3831e10ffa789a93e07e41beb34296,true
16056e80642d4dc9708672243c05b3917b764ecd,true
d6f3389dcd17a567462c3f19be53a494992cb1b1,false
8d5478808c2e28c0f4462e69cf617832cb37517b,false
c4c39fe2d36f1576013ba33f4cb19c603bd0c393,true
a2a639d39f5c6d6b78672bf4267751010e4613ec,false
f470fc9c119c7c40b93033b8b6476673d9081470,false
f84a1547f137e61b7a3630b729fa1642f8459cda,false
9d1ed526ca223d2fcf2a630b4334a897548411bc,false
1626e91c551f49dc964023c4ed0339f3685053a5,false
dc8d064ce1306c0c39cf5a698f3eef8325e51848,false
5c29d5f966b59f4fed9cc0f4d319d0e907b55fcf,false
ccb76f870db16c1eae81bd85b6932f139e18b452,false
5fa169a893c4fd97788bd925c5b288ca98345aa6,false
c7d863fd8b69315d6786be400f3c18db0680b6a3,false
9684f33b5d48147d13ba0669a26d6018a15ae6f2,false
1ed1d018687d5dcfdda3c423b036d4822ffd694d,false
38a7402d9cc8c98aaba04267d2dbabfa2b1c5653,false
e10a5967b8c196d706f3d708b1e7803bfef5afa2,false
41a375dc75c68ea0ec68aa0b3df3b1f80ec375ec,false
2adcb65b3bde76329fd77f88b43929afdf2eb707,false
cee5e90dacf7c6883d49836466f35d86e0a540e7,false
a40b95af356f4bea7583062dbff623ccfaf8ef50,false
ae9290b9b17561c858e394357750653804b89b06,false
02552e059ba37c673e9ba01c99e50eec3a3641cb,true
f1a6f72aed81d15ad2c9dc63759775731e7474f7,false
eb2597355105f93a1b7f3cf8fa4525ee7d841ed6,true
6f707363a791960ae8c2b16e3cdfab43eb112fd6,false
6d59b0a141f43c7c2cc8f0c7d6341550ad68393a,false
0072515f5bad073515f892bbdab40099ec9c0d3b,true
07d8305f4eae224f1e8a2777c7837f5f6ee6ce11,false
39c75aa4ce9dd30cf22f7feff31e19a2f8f6250e,false
6b09a069207e2854c5f7e3c2175716521f68d5e4,false
a294351a9f19364400e3c34fc9ab345bec677ef8,false
8858578249f24ae2dd0679a4725231c7c1edb7a2,false
44d6f423dfcda15f79148272053f66b06e244760,false
b3ab49d227b758e93d2d5e7733a5d4c7e637cd46,false
ebb925eae87ac505b3c3243c72a3150ceb2e6f84,true
70e8595cc1a5df067ec76a442dae10973a00cc7f,false
6572f88a592dba2290666b8662687b5447518e0b,false
7d59f520f65cf8c8f5f3ad4b040ca4a99bc4b4b2,false
35c6554087a521ad6896f5c62d213572c5aed85d,true
3a371167c4d55d40d0e36dc212c934733da49b62,false
32391d1fe66943455a9637c58681adaf5be46fb1,false
708a1d59d67d3f8f479dde6d9f2d6d6eeb8199a3,false
8ed35a87d4bdb54ce0165e4bb1c9c044a03a337c,false
8bfd133bd715edd8d400035f0823b985d8cb5ab3,false
b843dbf6689f8aa1c168ea61c2bc327193d49e73,false
20ac58b36e53fc9e5bcd7f7111ba3b66b8e04798,false
b26d6d429c0e6597ed495c67bc6bda8b58719438,false
c7becf2b0ca7c523cce92cbcab689a6d26617d69,false
157dd02e9aaee0631e8cfc0ee4a5e0e37968aaa4,true
87dc8dec2f5c5ecf754dd0fe744f1b4e33785546,false
d7c024f15311e85a8572d5532fb4a8e51982f92d,true
1e93f990c6a684027294418cc729b5d4d2520fd7,false
6feccb15bc1a8c782a58d810d586190e0d031eb4,false
7548ce4bb338d561a54928de60a60c52f053d966,false
5f935ae7f99c9cfac59a3f4af55bbd0da26a7238,false
11fa29c9a6e86962b9414dca448b87f929228653,true
fc9791018f8ae9cda5078ee148fb76365c827494,true
d6368531a9d177c556649185de64fee7bdfeb64d,true
f68fc044d8ddd3b46806324192c05e4052b6df2e,true
a16b81529f917451953043dcef060d5b2541566d,true
c20ed2fa9145516f41a8ad9650a04488539db747,true
6aeac91aa91276d5a3a9721291290d4136edf3e3,true
8a22c58792bec3183360d3673cd69966a344c56b,true
a9d8798a81eef1f69502f27031476e6fb0815d35,true
81e121f6977a6b9521f3475a2141d79ce8b4eeaa,true
c9e847ece0ec3bf5038b2f66ee7df7d5188304ca,true
f6d40224153ea9561afbf7f5fc2e2e330029d0e8,true
05c59ee53d099418b36d8c47707069fcc8a781d8,true
8646e644d236b85291d2cfa428c18dccab7ea159,true
b9aad6089ce43d892f15432627017ca2e2f8ba55,true
7a917871d92717ec1b8def8e4dbe2abfe1bcd9f5,false
84a04ab7e67bac0981ae64c63fc653e8487ba451,false
3f6a2a020f7a7235cfba18e1969a2edbdadb0462,false
8526b566008507addd39f8cf9a2db3187be598a3,false
196da0afa6f829369407884b7a78e6bba110f32b,false
e27d6631aebc2edd0d0910f4f65b6ceefa60c1ac,false
33ee21b4d18dd9b07af14c93816968857aef3376,false
941ab82469fb2bb9797b7ee4824fcb90a212ea94,false
0ee06c17b43184a8d1c5b9b3e106dbd85722115e,true
a6d600e0463d45760922291c123961fa96855019,false
41a7b8d151cb6408b5eb885f48a86342c81c187b,false
af9b07dd1f34e3c5384a07029d642e4e60fd5671,false
1c43778580b606bbdd2d17ac958e852e800cf219,false
0467562f7433f078399728f7d4c53dc0f0f317a3,false
be43e5d448cf76a5368825e91673bc9085c06631,false
dc47db39567fab4456ec21621ac622446b60acac,false
568bf3e23bbcfe2a63988143a7cc734a3b73cf7b,false
257a5dadce79e2dfdcd7d3e95269838b3f5ac2b2,false
3de698e0445d53ab78e17cc6f0a6413fa5f944e5,false
ac49a91ff180a92976b3b78503aca88a0c6bf9e3,false
2131d5af10092b006915c28e0bae7b9dac8fefea,false
6680e6f0ddc3682fd79a1b2558c81202778ba3a8,false
b663e613d468470b0280f771c0f7ed5f6a6f30e8,false
54c20766f144da474e718b5f62fb385ed51f5d13,true
fdebce601f328b46418d4c68100b772014c7723c,false
04ce1ff803894462dbd3ef9b1dbb40991fd35615,false
2883c63c04fa411f46bdf432dff992feed9c3528,false
bf36b48391737e1d37a4e0aca0f0b1f7832fc103,false
e8cdb065300dcee343a40d46345d92616d6525a3,false
512bd5f5c5b20c084f20e369369365cd68963c58,true
6dd2c3f7fe4654b85ada31ca98b0509a3a41a8ea,false
21549a6f8fd923699ab2373e53c60afd5834dbaf,false
66d8a9f40ce6c03e02cf9ba316aaf896ff04e308,false
168a498113822412ad1e97dfb2e7cd8e558035b1,true
bd95c1bf8962083b479721a2b6fa7b009e68b1fd,false
0f05d756e18ceeee138e505de253bcfd36093167,false
22ec7f5251fb86b2f7cb317efeca683731121f39,false
90de99c8963be2121204c5748135e76d977f0db8,false
e3aa4c9449c82ea707e41fa9f6708cc70ea29c7e,false
73725004ad85fbc0fda46d8976b4c41ffc5fae5c,false
35c6bbe132cbeda6a1cca6d87c1fdfb4bebbccd8,false
4e58349285b8df10cea8b74b457b0be5fa05f45c,false
df28daa59feef2ba5794f5806de802afdaaf052d,false
58e5c221bfc493e40d499f58c93a17cc14d061ac,false
6e935c2edc9675e15d35517500704fec01a71d59,true
d42fbafc88c49e3677aba5b15d3a506c223a618a,false
2c87374a21099c4bea7a895fbfe4e4a2dcc6a18a,false
37f984c5d86878f90837fb738e5ec226b8268369,false
53936617d9f8a73f24974a3a549bc50aac30abc3,false
0ce5a2ffac09263c8a41e6796cb4886b0b7e5387,false
075e4d06a354e9979b98083ab2f07e0c00375965,false
1a3e3e89c9dbce8b9142c638dc77b19607008b99,false
cc401afe56eae7ed2297beb4e383fded9beb3113,true
2b5087ce0bf6e759929642d105e44cd54885a455,false
250349e965c58335e71b03461ca114e4e0124a22,true
42d585c8c6c1260df54900584c59c7f01ab47ece,false
58c8a7e1a1d033192548db0e90599e6186f207f2,false
3efe80718c250997669591eef197580148b2f47c,true
111fc40f48c31ff5be08d21b9eb65214ff438c88,true
a6c2e1a8e1371c5ff19912674513bbc8785f8729,false
fd483a03da5bf4c67ba4c1872bdf1d7913b979c9,false
1b9c348d1d825079220bdc4debc30639a84b4b2b,false
4021b473b84fcef459c367bf950e4a34af2ec21b,false
9f0f5a10fc5b218ad1a9a5def97744d8ee75a7d1,true
c27f641866161676d97f5dc73bb14ba0a759054a,false
320856dd351a5889e8344f11c1b41921ce0db0b2,false
e70aeffd6bf5e80156c11d8b5854cc4401963dfc,false
1504c048edf4b3ec5e598a9bd6e012713898972d,false
d3bca2ae64031920d4690b854f45ad3597f6711b,false
36199fab0abc9ab23d30a7ddfc401c7249a8b84f,false
b5e5940e91f35e682395ce23dca37201f01766cd,false
1ca15698cf34484b505448d7ba9c3a0d8244c42c,false
cf46dda89155f53d2a14b300122479d3f3b6fb3d,true
77c2cb81411d9810bb236a8a4677d2c3880be234,false
cfc76d00e0272964dd2d2ca3f578477320c04afa,false
31a6790a02f76bb168f81cc0d201537dbc358357,false
fd10234f845386210e0d9da7b8b29fb68c20f2a6,true
56c82b5a86633c14b71f18e34a505b1cb9c81ad4,false
7433233fbcf44fe8b82e63a10f8733767e5b3042,false
22d49edf97b26bbf0aef0b9a55a47dc3642ea661,false
8bf6962ca39fcb5c67c88e1e59165955225f613b,true
23f504024a2ddcbd72b49d795b9198f3d686238d,false
3429a5e7aaafbad00a933ffcd91d77345d0446bd,false
5b1284cf17521bcd762484f3bc6b8c232835a30d,false
c3b9eb8e235a6e3dc784661b64ec1b32d259c38d,false
bf10fa2c4bb325538bc1b4c38feac896640b2fd4,false
e440465071ff54c53317824dc33a2c0ad33ee85a,false
714513390feb75b940cadb58ff9bb1a2f6246be5,false
0e1d3b7743c740d7e2535ff8d740b9c7dcf00494,false
65516c134599893cbfe118a65980bc5008f54269,false
d60755236727ba69734922858db966f316bf5936,true
ab54fac76e8722de411b879724455d10579d28b1,false
f0e41c8bf2cb1a96583f862ce66b5e690dd5eb60,false
fa5474f01cef0417a3385820e212c9dec09deb53,false
c05dd012e0d46b97a6083b3d11bc332905339d61,false
ccae7caae26b7791e02e2d526ee89b1c780aebdf,false
53dbfa01a5ae44a2b77d7369d44d878053f6cf47,false
fddd561cdf68816c62a28e2f61bed8d269c5250d,false
ed446b6d66eb506e85b20d8be9d87572261a533d,false
af4a7e9e1be78bb66e14248ab121c94a494f7d8d,false
1ab48a64f842dfb7a761c1f2d0ca1b5d33172f0f,false
56560bb46f1916e9f60d1cdd2ebfed802a4d1655,false
a726fd34ff812963bda9e2f35ea9dc05a357948d,false
480fff1c579af9243d7a24d02ff111596ea027bc,true
e4e1bb43f2b17f84b39c6361e938bd9ae7e6e086,false
ed384f8a4b6f7c6fb3ac8724e5425a84f36d406b,false
1c00fefd63ceff66a96d66f578a30a5677864877,false
db617439cfa411f0e8cbd5ef26950dab8d5f58c4,true
c030491f21ba8f270fccbac6956d2bed0655a4ee,true
8cabb5984726ac5a8fa707be2d178d9c76a2c24d,false
047b1b3e0807c18004027fbfcd44a97be1012309,false
e63fa44404b3a1f16859ebd087bb95669ddb4a9e,false
43514f2b37d8937c375a747abda64a33ffba4a7e,false
6e4c842e6df4b797affc08b98ad0d2b12b3e739d,false
e74ed9cfae4e87c78e130a23e3d38927a47d31e4,false
f1601abd39837180f3ec228e267a447d82cac0e0,false
4d597e6d6ad4d81eb90b9d55c59e4edb878aab9e,false
721efbf8edb2e0bc9e2ed0be77f237337c788dfb,false
0fbcb544de036034399b04a993ca99a214f9156b,false
f8ab3ac6b1a37a0a3689a93a067f2940c828457e,false
fb9ac60e730a61fa6cbcac206a246e530df65e0a,false
45b974b94378b64a95832f7f058b9f3933056304,false
7fa8e4a26d3507ef5b18b84b91f33f2c1ae171e0,false
cac3c053daf09bf187df59691fc8eff3168327c4,true
fb9784e6810b3d47444af881ba0ce8503ac25b37,false
70fc28a0b65038c372d10cc45d97be02d81fee13,false
077c0713b0e7388491a456da05dafa33ccadc243,false
1661b445f32ed8cf52971c0b26d615ccad6b33e3,false
e601f20c04f5571ca251228bc33a4260aaf3d4cf,false
d401b32ea93930c31bfb3980e10ed18fe014335f,false
d12be71505874b8d74e0243100c8fedad3f698f4,false
0f836b093fee369f546653ede7d061cfb41c0bab,false
9321f287e8675227917bbb9ffdff3e24d8986e58,false
e52cc6c2dca7fb067f359476e7b90e8e4e8b7f42,false
ce711069c81e30ac61b3a0c234b2b9a64bd8e3bf,false
9253281cb0b83c8904a895427603e612326c9b01,false
fe7c590145edab0f74a395ac26b3ee36fa5ac174,false
49f17862d789ecaf98b712fd509f1a157d4fdb58,false
5c0c7d05365d26c55a3f6ae8989b1ca305437c0e,false
93e985865b9416ff89ac296a1e410a18239042fb,false
57c9e9186930bf1198976135140bad38e0b4de81,true
06804a4bd425941257a3d6bfee0f79464ceb2503,false
c6a7f229ab8bb270276d03b67e12187ed16f9e1d,false
bd08b85fa021def26e1555bbce615e82db3c3e76,true
293e802a25e31461aed3213a6e437ad723d0f5c8,false
b350eec5ce7350eed34947e304f2cfec75f1827b,true
62bb51bbb663e4f16fee4938f2d56c9c3c1d89ea,false
a1b0ac2cf7034e29511cc2092e1f44e9b1137e9a,false
e592225cc0f760e394944b06addb65ef7be287c4,false
cef4cbe49a764f99dfd268c1108b6e018cf088a2,false
bd5c4cabf0649dd9eeef0dce629e932d946af549,false
f3da5f1af34a97ba0f6cb430fd6fbf72f3b5aa22,false
ca01b9773336c3ec749f33c14d51e28174c2f60a,false
747469f293e383cab25863838afee44ba26fb079,true
7d07ad69b54937a8f28e0ff9cfb63096ad691fcd,true
036bb0db3189eb1923839ab8e671aaadd9319f48,false
77fda35b312c6da5c6ce1530829804f7512bae7c,true
ebf8175421f5e2cf9a609004f71b0c30f356b28e,false
ae7f11a54f34fc3e8d68661d953724f04852729d,false
2ce052a444ca5f7a3b9482cd40ba6ef490476b8f,false
83d2e9cfd43883085d7b1d6b7e1e6dcadd463b3b,false
ee0d7576a2426cc258daab69288574444976c4b9,false
d22ef556f7d198acbf7cd19eebf2f5ca479c9993,false
5f63927bf471c537890ab8a410a1b028a768efb2,true
f1a197a6e9ba1bd23b959db256456928a1a3f5ec,false
ff22e207f7ed259e2e8d043446e7f982e784e56e,false
7a1ad0efa07e363e42a9b4ef2ca9afa21de7b764,false
4b62e14cbc5c01939d4fa4ee1a4e1336e068c924,false
65d86f20d96f039fe6be46c5eea879aff5d6e721,false
6c451cc645f23294895eced19bbf21848f620e88,false
9832dc4d64b387ec741cc9b1927fae4119153d01,false
c97aa5ec6cc25b40d3d607a8ebed0f3cb09d3e75,false
3bf028e4e3b495d390b3869878b4a746df651cf5,false
fef49695ebf5450e78e29bec2007274f2cebdd33,false
2f59c4f8a7cea7b209966fc1520b49dfff848147,false
3edbf80bd94c3cf7618be4a0f5b0736c0c353713,false
19766e7dd0c3deed8da9280d3815dfa53310a150,false
4842db207ca9e15ba417a5ccb67f7e5140b6ef2b,false
3ba28b7d220540aa3e73c37aaf43a9dfee38e1fd,true
9c1bdad9048c3ef353fb2502c493a715ddcfa13b,false
da6b35cc86c8d938a9c47fa70548f0e72de28fb8,true
b82c7eb4e77a72e7430dfc5558a9d5c2fca4da3d,false
d5710ade11bd4bcccbaa757e718e22f8273ffc49,true
9586a04ba4659bb940887f1f0b9beaa2434b0836,false
c6b67d83be1dbf2b9a9707c0e089dba450327f4a,false
9bc3b085832b48a2649f89d48d24075751e382b1,false
4c9cde6f46cd91bd1b352441b5f9c2e7462a3cfc,false
c9abe2161dd06e880bb655e000ea12e89b5b0602,true
940d7b0e4e2ef01cba8e9a26d8017c0696f77d61,false
457de70f6333272fc1c975b39ccfa3d9edc3525b,true
3bbcbfe8bee49c3534434abf1407ef6c54bc31ed,false
e3bccaf7f84aadea18a0815ce72139a21a277768,false
e61be5527cdc72e83425f16ad7909e17178cdac6,false
005994e26c8345f42eb03b22bfddc3e98b8f9a0f,false
84793cad4d2a540b3cf268d8848b9592e0726b0c,false
a539ccb597d0fb66d57786679a75fa3bbc588dd4,false
ba6205dab1f857fe87cf5985f03c1b5e88797064,false
753a02d1552e5dc2fbbdba626f8e229979fd969e,false
31a5c58c58d7a4e830ff6818c3c4917b02f699c1,false
6bf99952b677f8344ac8ed3cd8733f3181645844,false
eb3172ba3ac299d9bae133020013dc98514ed8af,false
f49e8646f1b1ce5cef0ee743a460435702df5021,false
990cdd3f0a87a84bda328b3ddce04362ec94cbd4,false
aaf18c8fb578d022ad19647c7249afb44b5e92c8,false
1f14ea8659bac6709fd4939490e462ed118cd44e,false
44fad5ac946a88da5cfd94cb614e79a17ddb61f6,false
c0a8ec3308ed2d2ea8d21d02bc55530ff7eac22f,false
d93243f137ef3d2bdaa9c4da8bf55b4e05479539,false
22b9df1b9daca3e0aeb4d15904757227d1006f38,false
6d705d5c3af4083ecf608ebdc639ab85b788c1e3,false
27aa1e2c54d958b39af762bc0566f1b9a85e4ef9,true
dc4d17178b6c643924f1d10bd211e95b73121968,false
d07fd0e04f0a2c4cfffbbb4dfec595212e495eb5,false
52bd9f9bd6712c4a222b6bca7351629d0e8e07b4,false
f64260da79aef3b460ca59c993a996620b89f326,false
77d581a19fa8f51448063d43bf3c0548f6dc3160,false
83a5587641097f0e88b5c6699aed67384987a680,false
a433328627eee648bf628dcc317c5d269f9a3bb8,false
cd38cd69950d8748a0c610e223b07391f9d27ab3,false
07fdd58113b5f45e20257d4601f5ce108a4c90ee,false
d231f4aaf90c9fcee6069ced7e5cf836a0f4183c,true
7e6f8c449ddaee2d942bfccfdc39ad1aaaaa4d28,false
4a50ef251a105c56fcd68c3acdbbcf57fdf94345,true
597c77238b1ed90bc3823d4e18c17f4b01c91b6f,true
2988a46844933d1841f849a0bc8d236441af041d,false
585d63b8c7344a743125a7e0c916d59475aeda49,true
f2d9c2ca7f83e21a5761c42025d0c41cb789675d,false
a4859d22495718590d61d583b85e93c490ab4005,false
1a27b3f9af6883206220e793b7ef71af6613dbab,false
136b7f2866424bfbd2e3bacb5ff4421f85ddead4,false
09309c76cab9ce93af20258794c0b6cbc56acaa7,false
438d97846515f7cc974580f6b3def788d3d9bc13,false
115251651d57338942b7a54c21fc337d7da83c89,false
cace16fd1ad13b7c5c256f0d7c804c0568db9905,true
35e8de04b93111d2185a3335fb6119125c50f799,true
9a57e4c995012fea7dce8e5329ba1f44a66a1d0d,false
0b78a9e19486622edb71f3914c15b4e73cdf9722,false
2b89ba1ad6faf11ea7b87e936d0a64217cc9b418,false
9b837b517d9829e774b69706736d593bdef66022,true
da8cb8ed9c5a4b5aed043b4e6bee4a11c5210044,false
4cba2d1cd57f80ed550e509343248f779826a900,false
bdc5c580de8d051932df04ed46a621d95ac06c2e,true
c7b9e470322142529ccb4bd8f07d1e19019d46c8,false
30c13704bf7644b728616ec660f28dde31cfa1ba,false
3ce784a501dee627986f14bbcbbce3b5755540a2,false
7aba4e24389ac6b293028ac2a5109b2dc5d80aed,true
bfa21cf0ab7d5aedd5f06d625ebf24876f7b8e11,false
f720d3ddd7552cdabdb936aca04b003b7b509a18,false
ea28f6ab1fc5b1425b3ebf11dfca3e5c109949b4,false
4d406c2eceb612311021ace0231e1a0ea701a6eb,false
6d6407a1b4edc531107697d9fa403ea5b942d656,false
053204eb5c5bc0a9f7f834b17546413e76a20b82,false
9340606dbea17265a1d70d23b616a8e172ca6898,true
d4f22041029e891c293bd778a04fa966e7bc04a0,false
12d92b2a8a99cfa9e77947cf05c6ce475fbceea4,false
4688afad2497be137137b1d83292e2a251c9c394,true
7430bbb1a7a29ea54c27c673f66f69e1808da245,false
cd3230f4616fe5ee3da1ba6e7cd831e02e066693,false
527937760caf320777feae53eaa1c988c1032865,false
cbba6125fd6fc834a3047e432e23c27140fcbcf1,false
8560ecfbfe428f9bc0b3b54691fcf0f416e68fa5,false
2e91516051ddaa92307abed301ff08bae713eb47,false
da6bb6687dc2dc7223d75ed229d0c7531d4a4c5a,false
842f87c057c0e175d71d114544ff42eedbcd00f4,false
7890b102fbad337f4f2aea05abf17dd8d3124475,true
f0e3b7326852bb91876030caca508ac2902a4777,true
0bdb84facce5e1da8ba39f6ccf58e953372d45c8,false
42e4722b01aa9979d1ff0c1738b64205011c1baa,false
bb22d3af135577b23d048e05254228f899690cac,false
5e080be8f41bd33fd8508f7820d0808fc0a37916,false
68fa0c03747cf77307616b0fc644757a81e39578,false
097ba50a2ee6ce8ead60f6575401ac6929445c86,false
ad53ee1e50114be7468da4f6c73780ac8dcc85bd,false
da1c480170040722b024ab8c467cfa36987d3080,false
4d5d1dac05c0a84e6ecaba5a3985878cfcdf61a4,false
fb2ee8011a6466f458267cf0f28af102f04f36fa,false
0e25c9c81ddbda7f332080076b8f28629480b02d,false
15234c3ac7d2f4ae07a70ca5122b0ca2b8a80dba,false
dfad3634c242bdb1cb6ab29d1a7f26e2bd769147,false
457dd2f67cc42e0ff514dfa302ad77f8cd3e598b,false
607c5031e6cbdfbbb74800bd54fd2be6267ba021,false
dd529e68cba91392c9ea6e54ef8c1c4926b00eb3,false
97a02a0669e4581297d11fbccaf44249de3cb6e4,false
3889f7ce2d2906ca7d46f341de95ebe865212808,false
c7f8916408332ba015d868fbaee98cdab4607267,false
0e1c08f5163af79308d60bae95c3cdbbe7e91e7e,false
ad14d7151161e53d9a6660f7923441eb0d4793b8,false
a6a6dfda7c33872e82a8b98fc15daaa5efdd14c4,true
fd8d3171a92ec6d5c68926e92f2ae706b7fab534,false
810982621ef2c8dbae0e9fac77cbb86eba483122,false
1756cbc8fcfebfb3d0644b6cdfaaddd4ea0065d4,false
d74e6eaad4e361f8636aa57ab382cabbd97d91c7,true
db7d8f3229c566b8252fb74870833064140dd35a,true
e8fde90e89e9326aa7146b08b05db8cc45870e6f,true
c90261ba3ee990bce8f6f136b370781245c845eb,true
70b3a148d4d60865087b38e5fb55bd600d729aa9,true
3a6457a844ae811d5c1f7371c25c3adc894a8339,false
ea3839e51c85b5b84d8ec5ef007c667978f3a165,true
97f2dbb214aa614cd0bf171456f61a98f75dfacb,false
9c4450b382a16664cc189f1169c154ccb91615ad,false
cd16b085b2d01119a2977f22771d7d60a41b3cf8,false
40b8e27c08cbbe7ab86ecd876a3d7069760151e7,false
303406bf24814ebce274f49048f8625d52211589,false
845db7c302684fada9e9065333c8439efe0e0708,false
a63e066e2d1db6f926a38cf0aca07b6d547dec3a,false
a01fb2f8347b431e1a760de8d4f5f1bf0bdd2b2d,false
28af65eac1ff2aa96e2b5fcc8f0e7552a9752ab3,false
b7596f846a45015b1b7f167a3eaa37d075630ffa,false
87c52181fb8d348e1936c3b3f0c2d676f0be462d,false
120e8a7bb1fc368e3d75eecec5c08679985e70c0,false
167fc48203b373e0311adf95f69ca9bc857609e7,true
f392937512dbbbfacf3e5fc27defc854c022c42c,false
d887a0529a5f833566836f63b3f3f0df0e89e055,true
0dd09a936e7c7e82ac7304c90fdd3f8a6b96ad1f,true
1e379a6a87f9258dbe3a8f913d8bc2437f5d093f,false
6e174764ca7414d0bbd0c4994660547309604f96,false
38ca19f7dc6c2db5723e428865800abc62b45f44,false
a838cc41965de3d972bed90b79815061d476127b,false
0ec41cabcaa9c478421312cc1603dad655b58257,false
98ae940641490d52eb924190e819142894828e17,false
c69ba7774d44345149e333d5fa351dd8a28ded92,false
781e0eebaca90a5b83ed9eea3a4c2b7dc6ff282b,false
fd2f4fbc8f5be1ff93d197e974ffd3482788e837,false
3d60fea55492b2e2239c21f6bec865f87a8852ed,false
c118c62039e704fb28ca11be9940ea2ebdb1ba99,false
637deb883c93272befe8f0d3c1026f1b3379cb48,false
041df92ef3032edc14a8552aa7a2927f2e743d7c,true
ae9b2b8d8323e239df03517204c8bec1f5380887,false
eb81b11f7ab30dd94585cee72bc9bbcd4f7c932f,true
3ab51756959e5c5110e47a3b854b2ca28ffd8b94,false
26cb1d075cfd60bee033d06424b9b27170aeef5e,false
6e4c4d14a197945d3145cb2fcd33bcac6a558943,false
3bbab0c5582c3fac3647d69054ee6bdc30955b3b,false
1355157cf175c162242cf0bc4d0d133fa3b5c823,false
59b5bde181bafc0cd180600ea6cbb897a106c6e4,true
c8c13d402cfe96704ce1cd5b1b3d3c590d57d74f,true
5a303423761ffffed0bc81403933244e3ba7bd31,false
e223399e3b13dd08722063c4c25ce1ede9fa9f18,false
fdf86a31c705caa90d39c0de217ba1221b8b43e5,true
d2f298491264886164315f9001d95b5082bf1fab,false
641b13b52662a8743444be3586c87af2e450f5b4,false
7180778e96deb436992705c615d6e0fa5243ceee,true
69bdbfc364303ca3122579e4ddd5cc198ee0b3cc,false
e6dae10aa6a362cc0b4604984540383ae7250eff,false
ef12cf8704c0e2cf129622ed2c114cb609bbce8f,false
723dd97f333b32142ff8e2e074c356464312f13f,false
46878617ccc1ca8140de8616061a9dc9787fe54f,false
9cb0a6d2fbc50676128961c6ffc967fcc687e293,false
758de9277cb04bd65cba3fac76f0ba045d2e77cb,false
4ac11dd04d858dd1bfdc95051a5027285dff1244,true
bf16040dbc5ecc47325e80b8431562bce46cde7c,false
af51b04adbce7f6bac067016f3e164e6940c288a,false
24fa62c6e1eb1fce36c5ac50193e465ff6c07e99,false
52d45c7d5b846507e99d80843884d9468fa63f29,false
02e2acede28fc064868738112bbbcd4d762063b0,false
cafb9f69eb676d8bbc7642530f0f9343aa50bbe5,false
2459c6e1fa87ce8ee010d49f6432ccbd283d2c33,false
6b3dbcc24d48980eedcb30283290c742568066cf,false
c6a90aeed1024fab184e9038182458ab560d5005,false
f341dd98b55a9a414df79ed1d5a4c30f2096cbda,false
84fec12c99b468b6082460e11142cd88a0f66a2a,false
4d057c25ee135b132640ab43327fef4659e4aab2,false
32ac44a5f2778b60a3f35017e516a4e93d303b92,false
240b3192ecd026c54bbe58a5c5de1ea6094dd8c0,false
504b0f06a83beeeb1f3e4c997f2e323f0ce7783d,false
a369f79bddde765daf8ffa0553b7d87164267a4b,false
ff3cec53a2285bbc64a5a5cc483b5c6e78abe17c,false
10adaea627ee0b5aaa3adf9e7f2354cd15369a00,false
b3e312b113dcb002b721c419f78490fe87153dd6,false
33691f6ad8d5ec5e80d21970aa2ea0cb18bb5c43,false
d338b8a89cd8f0e7d0cd8118f70364edac6f2dd6,false
7f06cdeb74ff735e0077c8bbfeacb64d764cbb95,false
d1a86006ada3468b74f1970e7ec090067165d262,true
e28f62f988b03e7e33e2e935bd360810db5af9a9,false
de31d59197e366ac63cb8bd443ae8d732daf3f25,false
a5f3a39eb9d17367397e0926ded2d3856b0b7fff,false
2e9c68183781ee75d4777d5c8fcfe38db15bc888,false
2070005cece16d358ccf9d79eaa4f286cfe1e2bd,false
f3c4cedb47cf2cfc007b55161f1954fd01d55551,false
5df39b31b27fff750f5527173bb510cf5ce3a910,false
47f2c206f31d5e821c6f456739b6c3ce2b43502e,false
81d6cb3d15752268b9a6162955d80a3b503f082c,false
ab5368896a54b2f9d226acc64337c5a3ec13c4e9,false
7ac58baf3355f68b44ed87b5282bc13cfd602375,true
4c4f7af8547cd15e1f639e2bf6302976cbe5031c,true
248f20ffbdd8771549103211299cb24a6d1a89a3,false
165ddd93fcfd74e363a30e498536b0d5aaa30d16,true
fa10a40b86d58b54fba2789bf9794c5795053f62,false
f6c3174a21eed8d33dc20b3696bbebf3e4f002cc,false
9c1741c87c249b91a7b1a66152babaa1dd4599ec,true
bbec50d313f5f874f7fa2e811c2452c9ce2909dc,false
a0e11ce1a2c9daf73138408431234489a1ae1a62,false
a19ac68ac2fc059b389a799e19a1de06e5e1186b,false
1c3da0446e87fe09bd4766936ff7310d5f9f5823,false
5ae1e2d5d67206d28958d07729ed1d52ecb7343d,false
57f6d9c5ea7972f67841774303f9cd6f16ec1479,false
77c9a8997cc8763c6862a81162b022166a812a10,false
6505f33f0f6f3da154254d6376f505eebefb1498,false
66df9293b6c96d2c7f553a562b4c2f0b67728e39,false
16f8cde25e358cee86ac73634cf06e362b4d2c16,false
05016aa44391b5c8f725313867ca0b432a3a75d7,false
5d6c8853b87422acaeeebb646ec919dbbff16c29,false
83317a891ebd82af4f5a30053d3851cc3cbfc2b3,false
a87ae86bde4eeed4e0c88569ca59885b20fcd84f,false
8ee6592afacd39e4c7fde8431df5f4affcca38e3,false
e1bc8fcbdcfe20e88b2e3237afd8192417d90627,false
62d95c71e18796b05e1eb244a28e1aea03f7bd82,false
e13ba7aeb89823e4ab2108a022fdce8a5b2ebba2,false
6802d449df14c98c5e75b7ed0ddf7ffcf7b8c43b,false
bb12036804ab61eba6363149e2fbe9de1b12e9b2,false
2c62a9530470b3c344a9f08880157c9fc8b4aea4,false
2c76eb9307de0c6b791eb8b03f4f9b2c14883063,false
3d274b3dd4b422ffd1c398b807a8f8247eb018f7,false
48152cb7d8bbd2a2cedb253e57d53ccf6d5e9e77,false
919c5041ba40c373f1f7595697940626ea96e84b,false
17b1546f8186064750ab5c991b2d29217b709b38,false
776c5262fb0a4ece90d6abc464cbb053231ec796,false
f11fe1f3a00bd07105e66a30a4c61c2b49047a79,false
1b8d960f72ccc273431f9cc8df774c56c4e829c9,false
fd5e281244248fd81eb23c5c2a2b79cde2e13ee0,false
a1a9eaf5879c77a3aa029ac318a826cceadb59ff,false
a31b3d49011b602b86c8e7c3aff1c959d5dde19c,true
2e36a968a5fbd1d2e980fc7025897e75fdab3909,false
1d101037112ae48d73fff31821387ed5c0fc8608,false
715a6ddd8b2efde01342e446184b4a26c0419b74,false
445abf98c5fde712928f0d82da8a45c98973bbc2,false
3ae17e08b675ca8db15d2ab4bbc3e372624cada7,false
fecee4af5d0f9578f7a341062ae0948e7e87fa21,false
39b26af90434ae4b40057d8d42b0f1dd43c1d866,false
a04853bf65a953c7b4a361f6e51db525b82e586d,false
4a4cd159ad4d2fb806222b99edc2f262468a8839,false
36a94203977cf8eda15592a57b26761398b3c47b,false
a1d1ecdee10c7fdee5c71a8a18a0186ec892481d,false
9fcd82166c1342193fd0ea178e6eef6fae8b6b17,false
4e0d631a12a3d6e75b39823966b336686f7ac4be,false
74187b2b0b8b29fa8bc26e78a522df5b23a23cde,false
55c764e3c9bd2e7e7631476fd3a90225a8a9f343,false
5417ee984302e5f7751be760f57b0e6c3a6c6c34,false
8799a9994d3f8aa61bf237406224e3fccf24db1a,false
0066d3ed171bd65d0987c385b421f81a545e681b,false
8bf649887ea8af09600f96a82c4ae0a5bd87ee6a,false
3c7cf4df522db1569fa1fa1090b29dfc3ceaa6d0,false
767422f95c028ef11e968c4b6a2e329e02c896f1,false
57266c68d2bf0d77494bc341f2222b5602de538d,false
d31bae58ab5e6e4222baa6cf13f06c9f2f2b7577,false
5995312d385545b30a7fa69a26d48c5926eeecd0,false
3916c926a96468b433c0d3cbe4d348e1801868fc,false
6db8ea3314f4739429b66648a12fc3eab96a4f3f,false
2a064b0c50766c78df9829ee88979164c66a77c2,true
aa120c8ffe1ba557fd4ff7961e21906184f925dd,true
24856fe5eac78e4ff4a3cf3d1b9652237e9ed0ef,true
8c0d655d35abca163c2bdd03c55ff4fe05ca4696,false
1293c3bb3bd72ad4e8c5780314a9455a6c710d40,false
6070761f2c2e45f0a92949bbfa662d3f2209df61,false
6c3f0bcd810ccff295099529de63510c78be0032,false
2d5d4d02d8dd6ea6067d5b80e5556beec558c318,false
0e520a364c2a8f88f91d36933440ede7542d1b13,false
a97fc8f49d98547d97dd47c01ebb541caf2640b7,false
98277fbe2dce8982db41a70105a8868171d5a165,false
e10cfe03e718fd3a7095fecf009eb5d4b3b112d9,false
349ee405dd3d009077174024e476adb634722641,false
fc5a78cf18e95e4e3bceeccd6890676a7f8b5748,false
4b397a20b613947dc4da860ffebc6ae7a6446fe6,false
a942b0081fa6157a24238ed61823b9aa42ff2ede,false
1a241ec0a8e176ed9312654dfd862e8802e397a2,true
ee4c7cd7606e7affc71ab3c380386c8879c8f266,false
8ccc52148143085ce91bdaa8544dae479ee8f035,false
ec71e8ceeabb6ffccf951ef472a21eaa4b62b1b3,false
5313c3949e898af1d18dedf91d6bc90a21b0e7b1,false
987933cf53db3e7629985826ebc6b7ccda4896bf,true
60645e3b15a245fa144567f2236805e9a7cd08bf,false
dc74c67b47cfa7e17c3b53079655ec4a93d5ff51,false
443cc536805145356c94afdcac65ee70cd90838e,false
aacecd846c6051d30eae520ea3134579701b2d4c,false
a8af3d2eaeadc5782515962d89efc7ac58141c61,false
0bf62cd9820bd5ec3a3badbb006bc15d8638b12c,false
0ebf9ae64ec88482094447de2a1b6d9c3c4e7251,false
01ddc2d838b43563921715509992419f3f3181bb,false
c7bf0b94f36473f75ae0b35a9fc67cec00d0f436,false
1b82594b3710a09a8b462a5f22501f6e2255dc84,false
170a871385a858366125dfd9d745dbbebe1d98b2,false
dd43d4fc85cfa4ce65a5b171ac09e097c7723b56,false
90fb6ff47014ac61a624cd5c60b2e6621b305067,false
a3a9628da771382ba2821b0b61228eb9c9946b6e,false
b4b7ffe7deec29e7081ba627813a86f826ee94be,true
de39e61efda1564f07a5b9b0933a9002b8348876,false
7fe5c62911d2f156d781017a030b9d81d2dbe7dd,false
c329a0b01667323a8d20488884cd030d8eec8f4d,false
33ad07188e546f4e5f2757ebd6f2c52648fbcea5,false
e43deae05353349ceec7dac3990ee6710f0eb8d6,false
63df56c1650a787ea9e9bb2e03ce9594d08b5565,false
cc3ce62c96ebd1db918bd8edaa07cffb6e6f6781,false
e0d9d460c7373cd45612bb15220286975a89ee26,false
b7a7471313266fd30d5c391f287a6131f2f259d7,false
5d2ed88c1187fc2c8c8d9bac657a38365e76f6e1,false
62ae61b35b2edd32ac648bbc8ea60d6631e7e11f,false
0d3011836bd77b00b594bb2a15d4a2c21013cd74,false
d07c5147c379cd2c319d7c9da240fa4377413e69,false
e352cea43f75542be73284f6f4556d893ba416dc,false
43f3477f1846869f7626354096cce67c2986d5c7,false
2dbea48d8b145ed85e088981a57a6039dd4f500d,false
b2d398ac3cec0f5627b0aade427de318b00f7a5e,false
0dad4635cce80cdc9a16764b8470b56ee421d058,false
d6aa63c86863210963c7c65e1b1bd0f27596a0cd,false
ecd234abe2a080317061b7100d57ec6db3c2fbcb,false
4db53c06417fc1c72955a1477c4f9cf658e45f91,false
f656cefe5b6a791311750be358b8a3343e4e22fd,false
c6b7c34da9ac0052400d2885f0799517fb056cf5,false
1e1c1847bedd4ae9c46091e5dad7c4723126a435,false
7ef522b7dc29e8a15c6f378e356cfc0f8683b439,false
d1c1ac4ceab2f1ee4634335e5c1da455d877d7da,false
07d0a0c18464bdad536981306dfd599ccc704040,true
89d5d8af99f1a140d04f8948a074586cd342afae,true
4c24b774a5a3a4cbb35c673c6c50242701a2ddd6,false
b43dc5e3fe18665feb00196c57a8a6362e02c929,false
c6300dd9dc1f666ebc6c84867032bd4b38d96641,false
faafb9c33a6d45a5d2de6a0246a4b6236e586c06,false
cfb6f5ae5df1582b0a5c5a3c0de4c22569691034,false
c30b8ac6934ceaec506584b5f382be9170f761b7,false
f90ce60558482cb34f9cacf81e93d0a5e754e85f,false
0e1bf08f8f84b3a4763665b5408bdf3cec3f3fb0,false
ece8b9f67217876cf91c8d01fd221922714ef3c8,false
df5636205c22595a402353026884634f52926366,false
22d9d29f85b8aa5fc3d88e5df0e99ed25f52760e,false
bfbcf87790b03a42fa0b78cff2c65561208ba6a6,false
f92221f5aa2b6c6ef24b8d0dbd69503b3cae4d78,false
d725cab516697743d91ec9322fe7bf944d69a9cc,false
ddf5ef56fd5931a21508d2f96a4ef7abf9fafbed,false
f866ac836600ac2290fe3b56685c59a0817733f0,false
62fc023445804d1a93e6e2a3085d2832f0c2e686,false
a3836aeecd1bebfccd7eb9d397d33e1c247b5553,false
12c1f0f0eb6ce58396326717650dd2aac4707bd9,false
415996e09ddac46f3e9e44fc60b4a622883d9a9c,false
4a1fe808c5abd78a8dfe332e75aadd15ead99a72,false
436bebf217229ce9b60b52a50851852425427008,false
d2b7e27731ac02f82494a3b698416084d0a68046,false
6b34052c4d6e348e7386890437ab4b39d875ab7f,false
80ae0810dd47edbd3feef1e5d7c781304b06cd35,false
552d0086df633778c12d1d177910a0488e515433,false
f1790545f4b69eafd0cb21172bb598a28140a230,false
db101f974f02a52383b4a8358f74aee4fa33e837,false
fa2001e68b98b9424dd44f1f8a8507859dd3e2ff,false
f1aa77869acb4a7f9df02f6f9725601bc285bd63,false
8299eaa514c9d24d3436afb466de341f46634921,false
94f9806c9a85ae86334480c32d484ea0e819fb21,false
e73d0df604cf2932e5f1269a49262bc5827985c3,false
dcb36d3f2dd151597b9cd2a6bff2bf0997b751bd,true
a9db8e97f40f2ae514722225133ab80fff367bb5,true
2bd49d911d06b00f71a5919e16d2e6815c656edc,false
17a78b743bb5fa2b09b57f7ef619c693141c4ba0,false
bc144921763e215ddf5a44588631513fa82449a1,false
f8f4ad7f7217885dc08e48838f04426da0b96cd5,false
4523a2c848fe05b8eb598fd889312efdf94a7e5c,false
75a9458918b8bcff7f15ebc7c9c7416da647295a,false
63c222328ae2091939f59e833946631f9b3abd71,false
71086244399a59d5a010188626425a6652da32cf,false
e8a47c3833f76f1ba49eb9e4402c3199960a11de,false
aabb546bd8305c4eda52f0808f4a140eec516204,false
e8279575fd5dc45b11796af4507e48f94c6bc52a,true
59d2ff5d7b29bdb7947297f47a2b7657ab777dc7,false
5c841856f0be3ad3f1b011d35a05a27418f6e918,false
c5d21f502db88c9715bc229c551dae37b723468c,false
22bf62a36de15fc46abfac1ff54ab3feb7173d9f,true
5928b2500cae60b5402486bdab8275be614d4469,false
27b4da7cf6dcb265f757671f4cd3efab67f92041,false
1d3fd2d3a86750a256ca99528dd414fa7ba39ed4,false
2edfbf7dec3b739d88e6611ba13a43176d11c663,false
f60ed032e6cd969d477895321012937a1adb928a,false
f4b4c99848f4fdfd113b1e32ba20eeead51adf9f,false
df1bdf7b4bd6d0ca74e5fc1343fe3a9324b90b38,false
d1fbae8397da00614a641e473ea9f580924fe1fa,true
d575a296e04af7d0e1c2da77021ed6455abd0d78,true
aed2777d1fb30ccf9d949aebc625e34bf16388ad,false
851743d4c21fa5b5d2491ff45b50ec40a26d5ba5,false
68477c3e8367323dd14f89eede9e46da69d958b8,false
80e3701eba32836a245bd895788c2b8773d6eb77,false
8983be48591f6486932af6ba18c7640e31bad7b1,false
507a3d72847e0a8f7ae68c7250bd2d83b83be16f,false
0c93faaac2cdc389fce94763ca2b9801c7b20abc,false
8782bb2002db609c101dd47a5bf423787820e943,false
12185bd44aa3478c1e773b512b001434805f05dc,false
d47257ac5a988434b151122877c3c6441c98b4df,false
f670c433ed0b5167b3d794ff147c8f7a8c32a1d6,false
0a08321d7e370bcecf573184ba1050888ed941fd,false
044487a5a6e4457cd2ec9795a4a123ba6b9d0eea,false
544d70e1cc9fa927b2f3e5dc69ff3e5b48473252,false
3ceefcb531e2136ae7970336cf35702fb79ff4fc,false
f5048fecb445ed1b054b7a9269f48f07408f589c,false
70efe52859abd60293ac987893a562e1f771215b,false
002dbaaf80b4fb721b0bae3de524777711fd4757,false
c181ed70ab83c1dd215ffe74b59d567c705ef540,false
514fe37a5652d7bd76331a0ad58a28190e031f84,false
3bd3dbd423abd05441fafb4ed3fa2376ff2f81be,true
2c67b531b643b4d5fd75924428267c067d7a329a,false
3f3e6d1e63450cea19db8d45eeb1600510779c31,false
48a933be744688e932ff6d9b6801d0d452bf3b81,false
40650bb0510690e3bdf34e3a138bcf940763dc9b,true
abee390648555a95c9ac0cfe37c4afdbf5430d31,false
e709c0f1caf936429a00022b4c6331cfbdbfef1a,false
bed01aa694b81cf84fe7d5a935380f9dbcf68f10,false
2114e74ed7d924af0882ffa9ffa01660df527902,true
609b648b7cbc764578895fcd9f3f71d79f4d9404,false
049e4ce2998e6a67204423f740ee123b00141b6e,false
0879d0b33f632f89c94a0a3ca79ec8e8c5534f2b,false
513274dfa27b53799f7a92a55ba972ae1d9ec024,false
deb67c23a3b5ee2903e7496968da6a4452503a6b,false
856f09e9e7e056db0e406a0d9de3290cd959de49,false
1c5409910a230cae8a1b88ba64b3b3d966be219e,false
cfed903b766475c1710d7ae208853f0ba5f1d9cd,false
15708faccf217fa63a2fe1c774f0df4ec342eccb,true
95b53313e74132c4645bb296dfb3f536f123e8d8,false
5e551b76a25025455af84934625e1d1aa1f15dc9,false
c91db89ef4ada8c48c912b01024f9f4f6622895b,false
abaf2a4e194601f0bfafe40f956329d02bbc4fd6,false
10c3708f531395d2c2f0e265f3b1eb560f8eb73e,false
1a51ae9bcab89cf77e600522895e62147956f068,false
f20db0265fa5bc0a649a1d0e2d8d9f7d1b98310d,false
9ef5cd8ec7d8c4a4db71424d27d13496dd1ffba7,false
e419739107a99bfda4bfb19c89f1da16c298bf5c,false
303128fa1710e9a5924ee8b98c85c9f06b3bc50f,false
bc4bc9061ad987a228a1645e9cf1f6784d336357,false
7eb1b42156e06225670c1c61cf351f805d5bbd13,false
1362c9c4c9826b72f5ea1153a0b8d9d0776d2ae0,false
b89f7f060d22f9238d6872d4263d0f287056dfed,false
cfb0c9e3cf4c362af9a6bc5c21da684efaaab057,true
ad0953a00b014a8805e03a79144197b8b57ce079,false
3f174b3953fe0886ae004f936edc773c09e27780,false
54e92f10a4a000724041b7ead86fe2c4e3b4ac57,false
a12fe3e3ef2f3f5151a9c428cd3f4dcf69be2aec,true
4716ae38fa2f3a446837ece343cd9d05967fff48,false
2d7174a5ab86dd64afbced5e80524c9e60575c14,false
8da08ffe1570654ed012607d26f9c7f7fbdf2dac,false
93fa18bdff012512e41b22dfa97c72ea1d6e9f68,false
467ea298e4979e30158da898acc0b8a956aea4e9,false
9cd2d5d2da0cd89ad4ef9b6878c7e56c0d64de3d,false
a0cc641f555d7f88832151bb2a5fad92f08eeaa0,false
4c8ad373f2089495a3a301bc394621e8f705e1c8,false
cf4da9e6714349ef65ddc7a2871431a3baf9cad0,false
a75214807ac61d09305b6f19628c721c5afa9cb6,false
4f15538c40e68b89917731651647f3635d741278,false
cf1ba8e0a9b04e7a684701c9d546bdb3e928f1a0,false
9e37efc592e192ec64cf39342231f2e7d5948a08,false
25f2f07dd61574a1cd23401c4c5e902c715e13b1,false
35ee9791bb17b63f2d5490da3508eb4148200769,false
99ce69fbc9899e5e3a14848c306c876ec1b2eaf5,false
5f59fed6f620fe4ca9625be2adb7b4889f143939,false
9af1516431ac2b83acef990dcad5906cc934c121,false
885b5d1cb4c00781e2253db4e4b21d4069d1a6c2,false
1abded4fce11629c9b48ab1594c2444927cd7757,false
703b71fb3a00c7a761bd7e487cae07cecd79459b,false
cc66dafc2aeb3f9da6e5971f82eae8a2d0fa4dbe,false
8b40d64f448d6262af34eca56fbe636fdc6686b2,false
875b4670162582c9728256e43b4d668c50ca0ae8,false
dd1c5d428adb1c35a1f9cd48e09592859ddc7192,false
2af5a9476bb3678079ded380fa3b6af60eeabbc4,false
55c4036a0860c44800347048ff957bd4eb9accc8,false
aeaa8538ce427875ceefff171cc2771289ce32ea,false
5a81a05e60908789f35dc6d68c07569653bd92e3,false
4ace30cadd195bf96a7e97a37719ccdbba5390a4,false
12f683892e5737f1e3598452d73487d9cdea3ec8,false
fd08ba6ee59a0214f4399b39e80934c31db2c792,false
4bbf0228f217ba988e9226509d6f71472f3f6faf,false
1a4d9a8d18675d3fba46e68e7c011687d4f7f6ee,false
7c33d745ef25850b457a1952c067430b73da3966,false
a24277820266b9e7fe5a634adeccb30f188c9ed8,false
830842a4deb494ed5446172dd7bdefbdf3276650,false
c8fc6fcc5cd458e5f019169bc7cb919f028235b3,false
bda7a07b54b02cb8f7dc023d322c95e49352b626,false
ef040417d503b57375dc99121fe6593b1225ecb2,false
b5a9e7ebafb96c07a2e66a9f6aa047b318162237,false
6a99ec80bd7b64a53393b9ad9620f922728a3cc2,false
f9e7e5862a545c22a15d2a2ce1003559a8d83605,false
5eb9d6600fa7bd5eee607f47adac4bdcc0691d70,false
232e514f046584a13f0389139d92f27fb0df07e7,false
2806327b02bda8c3b829cc41d336e877420edeab,false
686aa4aabcf3fd985c185e501ae683d73fae0c7c,false
51bba4dd5560f630b33fa152be9f1c39fd2d62d2,false
be2e66bc9faabf16d51cb5ae2690c8bc6505088c,false
2776f8e59afa2ec1bf29586d30a5f6f8643c9498,false
d0e36282eb3d502c04c6bba8f1216baa35c235e9,false
6f372241b1d0fa38dc6c80cc04f78b1e3140f4c4,false
b4108dbaaa33888916a2617b077ff77c2b111e81,false
2d9c2f3359f92735e376d6edc3f8f0318a90d75c,false
095347baefdc458fb534ba0dbae96388d705a4e7,false
c165f67a50e7e429ba4e5afacc28a26cdb114958,false
92470d23fec98568b1b394ab82222f89e8cfc9a2,false
c4abc445afc12cf18ace23ee31657cbeb619921b,false
bdf8fdca8ced3ba095f18a0a55bb31c442d57ca3,false
6c308b77576358f0b098db70d27f36979e1edc3b,false
f79f2c0794fe233279ea235ca07ee2cfc8053750,false
a9eb2a077ba48da8724dc38f91cd5a18a198ee7d,false
88321b3b816f683f0b7250b8a8c4c764a2defe70,false
ebb788a4433116b7619f129ffa3bdb20c6985d96,false
888a4265e1271957316b097da7ac4d864384081f,false
ed814a9110fd48b6cedb6f2cea416dd28ff56d59,false
9873b9df9937d6aaaedc7d278bd7856bb85e0c93,false
bfd4a2010e8e33693672689313063384901eb02d,false
b8735a2a0d2f09d785a08edeb463a943d2d5a902,false
18db53256b592e710c2daecedbbc1866c06d361c,false
7a73837437835278269c0673ba45ba957dfecf97,false
ef7dc396f74f0a4143be9e5372c8264c13ea2bc8,false
391b8b0839b183c3f74006a02630172c837ca7da,false
ca418fb88ad1516560e0aacb3019e48d658438cf,false
f8e429d66626e19cd54765e114f8c5b459102c55,false
8922ac3016a0cf7c3da1c31204c7dc1b6f7d0231,false
33a6740e0f4971e6e8798307b1d45b217882c60f,false
16b11c9861099378295936dcaf7cb3a99ddd261d,false
3b964bee4676987668b115da5fa3569276f43d34,false
df99b743e40160ee2a6cbc7f088dfd6c99776acc,false
3fff9f810ec271dd676f8174040a969dab0664dc,false
8318ce2a40aafbe16adcb75b55ad6d56503e869a,false
6c186df3449af6fd5064909ecac70303e91422aa,false
0d07208adb9632f9507ae03cebd2078649e7bcb8,false
fb7f4231fbfa2aa041ddf979fdccdeac12bcecc9,false
a25f5c3ac312fd676f33a8c34b57bf1b0b35d2b8,false
32b48d1848d43ab3222046ea0d056ca964538af3,false
c94c698a875cbba416e4f6d36d9f13202a31edbe,false
aacc9e19628048c9a21391e3e683cc8e422647ed,false
ec378025ecb6d79146fa6c9fbb575d7b30355232,false
0ca46c3c685fdedd6eb60f97a3ca927af59b72cd,false
c2a2ca800982a593b889017b2a008c1a9f991505,false
3bf3f8a766cc6e720e12ddf03c12c60570492502,false
2bfdd0af83c1b2b7e5d010a3128a8c9eb6fa64ab,false
9ed914e4b428caaabecaf54e4199c20c6c00f497,false
561f9eafcdc84efa782a087e2f43fca67ff529d8,false
bbc4e07f2bb52f3b1e01ea0a12654092683d525b,false
6e4051c9b4912986605a698893307f8187d2dcc0,false
5440fd4e2d644334e9cd70e972790d922fd01b66,false
d07b5d369d493f5ec22479c5593b7086eab884fb,false
49b8e243b4935d5beafde662a26746540c198d9e,false
0af952e6d3dbfdc06930f62303c5015801210dd0,false
af0678bf84275579f61a967ed34b2a53a160a014,false
3dcb0dd4a3151c286d8699269e02b22ffe7a42ee,false
f16147b8a4658600108badc17fa0403a1b089e31,false
b297e0504c8a41cb336ab3739851c9edb9131e63,false
e2267e368a3a683f5cc8c4c333a9534c918ab4da,false
acde0b33cf75d3607e90ed71b29b123537d565e8,false
0bd1dd70b1a98fec504715e80dd3f2f3414e93da,false
357830a1bd8a9ea9f7c7a93e19f51a7cdf14f121,false
4c41c807c8b66af0454d5eb4ec655a8cb15ecd38,false
ad90b69a38b821d263ad5a103626bb198db6a288,false
b7fd2c94d4f6722c3e47a29c4d40c1ba4798d503,false
b519d48e1576c80c49ee36ccefd1a93126f63970,false
3e69d0d2f6b5affed1e5183649fd4b9a70e2b269,false
f332868f38ece3a6b9cd58ce62cdefae9580f901,false
53dc6b6d80c456c8b2613a92ad451f89bf78b21d,true
53c36ef645c5a6385ea9a135eb3eef5a45d4fbba,false
5b1f77fa8dc4a875a73c54798f5f1d0d803424a3,false
7208dfaf4e01b04ed62c1655aaec11e76be1b7aa,false
8beb9ce0b1dea1176b06ad7300f2663ff6db4eff,false
0737c526727fb5bfdb48079e4186a956c5c0f9bf,false
3c1996e1ff1361037d2a8dcc41205e9ffb82ddf2,false
7ab85da7bbba52328168b980a616e37a82ee6f11,false
66972dd6c7b1e63106505b3cd67d0a034b4c817f,false
b935ea7f2601c52dbc1bedf765e73d47371c2954,false
9c62e8b398289bf1b08c07f25cdac1a594b7546e,false
1201365ac6bc5c3314bb94191960d1b0a0633a63,false
57c489d3e422235499406bfe5ba2a755cd437e02,false
814024bf4d175788635cb11c031aa9b9c3379f12,false
fd4fe31f6ef7410f8800b0b90b96eca0ee4844d5,false
a4e631633637c3a936d8fb5b79bb811eef662fb4,false
8f12b033bb8d5370b9ed267e62fe16222f97c191,false
478f8e5f5a22db8e8d6ed1e8b513a5c334c2819b,false
6f079d27268b7c35e4ee4bd3cbd31e2bf73d1e27,false
01dc58b97afd4a80777167ed60a44b83f443b045,false
5ddb2bb08f197a056333b493b76ade0011a7943b,false
20217940358486c36fbe4005843a11d15db8a7a9,false
a3f99660b2c3b8364edec6630a10c87598215330,false
0582356d5ab0bc359b91dc242a92ecfc767463ed,false
1cc1b7150db4cee82e31521491b3d95c9ab7b3b6,false
3a83f10f69128e8811e53502d5c769b3813673da,false
627f44a54c553ff7ab8b7e046c648b9d8f2156e1,false
2fd98dd6a58920640f6365c81352426f141a93a5,false
8a6bac386b149316a842033041bf110036fca71e,false
2c1653a819303348c93b475e355fcd0a6ed396df,false
d52b39e8c8407a6b8e9c554df917bbb30407bb3f,false
fa054eb03a275aff771933960c4090a338ee876b,false
ab23314f81e32ea1502ffc1aca278aa778d1d9d9,false
07e7f70b18ab144bdccfef027c3064a436208f00,false
8c63420a6eb26467a75b8e18e42cb8397052f934,false
9cc56cc6f2148a477d25b34a1a80bfe73858bf6e,false
aecd6506c2fdbf6071c0f192365e597c9c686dba,false
9bb51e4cc61a945bfb3c645e52fa0cc0135b4bbd,false
ba89e4cbf1739057e67fe1ef3614ec097147b862,false
ec54909b8132e7ea201a768a57434d9e05900aba,false
c03f7ecebeeba4b2d8f29c6f46b7ae7243f19e36,false
4b771197b49279aba29b38d8f98174db511a9495,false
b0c919901036e48d8d82fa8a604aa962616b5afa,false
f550d7b3ee09cffb733e8f51f5b81fdbd567a692,false
bf62833d1900ade8d299b05a02268ec8b3e6aaf4,false
45c1d7cf7366ff97e4032034499b35ff9bacea8a,false
2692a29785fab6bec6b6ccfaef4a5abec1de3dc1,false
a72b8ecfe2b501d811fc77ca918965bce233a8b8,false
965893686744e71e6503e6d434459120223e281b,false
b1cbf41591f0ebb2fc89ab07db8a8218fa06ed47,true
453f418e1d4a7d6778235e1ab05c30f21891647b,true
77256a698756c1d96680920a4c9390b89900e56a,true
5a71dcef608a1f5098bed3f69456d1cf04c0a7c7,true
bb979606f8ed98d1641b5e76d62fe222c74fadb8,false
35d0284030878b0b2a9ffa35d8e13b17a954b1e1,false
add8e999601b60296a397099d4f4125e54b1a506,false
04099dae0d79423fbcd8e0750eac2b7c6d379278,false
60a2e63e9c40fc480c90b3800d80b7c03b0602b9,false
9eae0f7ba86fdae4be7bfe007b0779517632f118,false
03533f11a366690cfdb054672f68073bf81ee6e2,false
4ddfedd324234629e6cd3cafe2f31c7805a0ee54,false
11e9f2356be34010c2a70235e8bf2894c8b6f79d,false
66c806f3082b8443c8dd5e108e5697b2082252fd,false
de625e7bb5ebc85618aa9908442fda170974794e,true
1d9eb47f09654da0ed7c205fa2cf8e664b97c08b,false
f264415a2da3abd51f7ccf3c07c9d94f26f50883,false
cff29e6b9dcf0c8ecf456df284ccc9e775d2a8db,false
5ba80301a491b414cd3297eda0d811e0fa7ed9b9,false
69b907ead3134f0d42deef6c1b686b9af03ec428,false
14ba16710edb8623e6c9a77b3a8d5e1d1bc6463a,false
f91fe7cd139a5f744aa400efeb38bce58c9e421d,false
8b336668deb9a9cb6325f981d7b21efa28e68d63,false
392063733c664ef504c8c46006633df98955a463,false
1fddbfab1ab06fbd80b6f6235411985b41bdfdac,false
1e7f338b8dfbb934c17cbadf2222692bcf3d1f92,false
396ea4272fb0080606e32592b8fcf19e0bd6717c,false
19582c5fc50a7946b8e642d26740daae8ba32197,false
94c77216fe864e8f2a2d16313d2be187512cd22a,false
53c7573777f834657aa9f4ceed38b924dea42c5a,false
8c969d66559b02dbb98ce995887ba635985b4926,false
e2225d08ac49a00b3789bf47d07299dfa3d8230e,false
89afb2ecc3e8440e43663a8adbdccfe00ec9233f,false
6d32d4fb1cbf511dd1fabaa9e27584a1c1507f83,false
8ffef1f0f80f1b6500ca27003eddf9a37af39563,false
ea552868d362d9435397bb73ccdefccf6d8eb181,false
188951bafc61e4e1caa95f34c203a98f398b445b,false
cb29271c9d6433cf10af713cf45c83c2f2732a70,false
f3d0d620545982813d1f4b7308d445e43c727dae,false
a7941db61a7405ab9524b9b749731a5ad1825ca4,false
850923a5273e11487e5a0b2b505bfdef637d7d2d,false
4b4c36b60baeaec9b7a945bc0c976f959ec5e4e0,true
d393f753fa5132aefb2707bc498a07d0638c06f9,false
bb14aff409a35ec205150c5f517da725d6d64578,false
b33a1ee06555dabae61e83d34854800d76ff0ec2,false
6aca5d37f5d64358a205e9ced442a26cd47577b2,false
a61555a7cd126803700a47e8c6fbacc9c595f9df,false
761b2ceb2ee5120b306d4b90919425530ba3c7ca,false
8967771dcef0c75fec7eb69e639ed1565599599d,true
8b04c1a7e1e2c0e847a026b6ec47c3be012a35f2,false
733e01e354cc7c97f648f42f877c2f9738657c97,false
1aebfce891be181449b3cff1ee9842cd7bf93b5f,false
4bf8c605caa64e1735d27f011d2fdd74a4c0707f,false
831530075bc09f88edf6c5a6a86c40500e25ac84,false
e0588cfd178186134dd5bd532ab236fd415da4e6,false
2b989e7ee87c22356f12f2c2f2be971f9b993b63,false
c16836f3ff087928b533fa443a97dfd1a1735535,false
ba799e09f64a0fc09c56107ce53127d9f9220704,false
1ee1db48a4bf5e6f9fa2ea3a2ab5b7ae200888ca,false
2f6c4ee3521550f6efdc331c15ff96572964befd,false
d202f59595fb2a376a5c488d5591cf0f442fe6a4,false
1c9e696b5ef3b4557d39ab82d67f97271c0c4d01,false
2472679172d368524d3f98c5aa3c9402ea4d7039,false
e33bd32d7e693d1fede74d621a36db02119514dc,false
94f6237631c59447f3d4d3f1fec3071d13727974,false
afd686a06288b2a9547ec3d318cf8d282ab792d1,false
b7d355b285c30799da3ad704427439df5ec2caa3,false
841faf85aba5967de4f4de9ae6729536300dc7bf,false
906f6d642b35bd86317b0e3dbac5dc1a66dbf9f2,false
a90f8b5f6fabf1eb326214d8201acc059cfd006d,false
234c68ed92ea011914b8eef378bff9f9b24f33c1,true
d5e0f4976aa3e0f4f768c782f525f2dd5a4a9fa9,false
0f17d84b6ad9b25fa72a8ecc7897b79c899ce48b,false
817ba32b410628e3240b31c69584c0984ed0bb69,true
5dbd33a34bb578230e41aa8b9409fedda9ae16c9,false
68ad6db9e1cb0d66fe120939b220e20446e136a5,false
fb2545f6d9bb3d1dd56446673c51d15a4ed1543d,false
d8cc6737ce6fc9e4e37c0385d60ee8e7c4d8c9e7,false
f9b6e09c3c4618e1db59a773dc36d1f4c497cbc2,false
4ba1b584accc385a009fd6941ae433d0dec9707f,false
476e461af9a8020c5dcaf83d339939420eafc00d,false
2d152e22f3cd4d1682ce4aa0a3f0c741ff884879,false
2b8d1dc4e968e279f51f2c72f1b45adce8965ba9,false
d5ad6cbd173066a2d754c9ac3359dc787d0b0cda,false
7e0fa26dccef09f90c37b895e69fb394ad5cdddc,false
bb885c1e2e6c425c7e4a26bdf40ca331babe1df8,false
1b16627fdd86bee137058c11ce9c9ecba43625f4,false
030120b91124390e8fbf6ca1a80c0f4227fe17b9,false
cf85dc1c86b3df415610a30c981fa7ed2ffef6a1,false
6ca1d7015e19d0280c93cfb36232eb78b855fb17,false
a90c944637afa9414cfe305b7091e9390ca9d21c,false
8975fd34c756695e79f493da8195dd22abbcfa56,false
56f4452560f31cc76e8c6c9791df5d89f558c94f,true
d7325660ebe7b354b638a63c03316d5eb69e15f9,true
6f662de9430fb79f97c7c9b568a3488705580cab,false
f1b273a56edabbe4c8aaff72de4758bc1e699ab0,false
f417c376cbfc201300aff46a846c2373612d6b8c,false
dee9f0fe3c69d12a889a46ed808637794b039865,false
e28b81bd0e08fa21e1194ad43acd1bf83a7a5862,false
a6ad93fd4026234c789e035440586bfff4e500d7,false
89f244385a66313b449450721593401c47c70a7c,false
acc25e93be45f41583131e8ea37ce7cf248d2937,false
825c69f74ca5aa28af27efeeb55502b118fe718b,false
d3ba8111cc69696a1420a0c22eb6d51c01bcb9d6,false
558580b0960376bce40bdf206a663ca5347431db,false
363549d94910e55e4c7d24638566b1e7f5d2c3ef,false
f1b47a1a595c2f0970923b5a04e907324714643a,false
bb230028d4e06865642cf71b5be7fcf9a3a47e4f,false
b327cae6d2b4181fb426a91f9fb7196029a88b71,false
453e6797192d0d198858cdac26f34a49ba3a12a4,false
f289d490cc241e2a065cce02f7c6bba8a7ba88d6,false
16280c3bbb91968b0fbf8adfd14e67ebccc9975b,false
865012ea4b03e7053db8df22023f999c0ffae4d4,false
703280c92608fe26d1a162237da18699eb86a001,false
9fd42b025bf81534e51251ba59e7768171aac1b3,false
76b3805c0035ecee577044ab99a259b626a92092,false
a29e09880c684c7062de7c95169bd3bea36bacf7,false
9ef44bf88f86c1b6e5ae5a6ee96bbafe48fda597,false
4dec5f33257b13a78fc7872cc8dee68df3b0e07e,false
c6a0f0847b54239d6ee1411dd8ee9cc19a63efc5,false
192cf17d1861e024766229c9a7b1ba2db9a97b57,false
3e74205d363f88f4af69479fd1ef6d96d8be0087,false
49be75d81307d259b2ec5f01493c284253660fe3,true
a052e34e6490b5f8f763f6069180638ece403653,true
bb4e7486e33f89c2c377f39be9876d4d854f4a20,false
0b0fb95097f014b9a3c317b276dd9a5a324ae3f7,false
c0b03f64e31b8ab74d5652a03acee917358054c6,false
6ba55ab8d36ccbb4bed255da9e39ee289b815452,false
5fa3aed0618a3ed01b06eddf115012ed24185a98,false
b1adfa20784797c3e9a07f10df53bf8f447bc6f0,false
d2ba78d0f5e987b2792bda32add73786f2ff0413,false
63f2e544c7a964877f9627c4eee299b9e2a0b023,false
500ba4c2c6a2ee386d54e8e7f25d11bf2d9d8047,false
8bd4555ca94a8db87835885d22753a787d8fd4a1,false
99a85789ed29f87d4ed04d15bb640de325f4750f,false
5f8b80cf230f74c3406541b1a207bf4f5b9ed2b1,false
a7c0601453f788e0d2f94f9d1a6ddf9e91892d62,false
afc92aa5e120a3f783eb2d4f4a536c053a2d4be8,false
e18c60e48cb43bd6b9473984a733635d4ad92c77,false
a394f9c8d351420df94089820a02de245d2aeb91,false
1b7612a29c3d22c1944624319b59cde7e0a0eff9,false
296576b291fd3208b81b22d50984d2ad99682bee,false
773fe3966922d38b1ddb3ca634c4f3ac4505beb5,false
5bed96a1ac1a349950c2ac3c5d3e1612f0e1c51b,false
d9b9468ebd49ad10e0a958317447dc0cfe37921f,false
f5478b408150ac9088c8d1fa8e750d53776eefdf,false
bc818ed316700de05c9f6321ee49371a031fe720,false
17284617e390d57dd7a8f0f122147540f6c63143,false
2bda38d8339aee5e4f0867843b2d35f42296ebed,false
f185ed86ab074356fa26de945d343eb928e8a197,false
fadf6d115c8ef7fe7586a64bcfb01f19861cd513,false
c4be7f2d1bfab28d171e7ead3a95632a924505cf,false
77ad2e4843eaebf933d4d8ebc100b42538131cf5,false
4eee650d1efb62626d10acc2d5b9f6a998b799ae,false
ca6458f635ab4120ca8231a29b9478ba3070cf29,false
6e35a00a9bc74873af05c5360d29a3c64e3c52a5,false
3adc978330c1f247e94b7b5cddec9f9a91fd92b1,false
2ae13289ea895416ae9d3040ccc1fbcfb389de04,false
adc0702a1f21ac261616e3eb78843276e4cd7bde,false
05b28359e8eccc94f808c0e068993eb383dac268,false
c5d0146e6e07dda5b534cde27652dff6a7ad18d2,false
23627e195ee17586bc96d901efeb2981862005ba,false
343e816ec9820a090c0c1bec56e5131513270bd3,false
21cbb6485f84bab60855c04fec741e81bce62b2d,false
b5d2453341bec5094bb580eb03f89ef58934be5b,false
d54699b1c9d8a4f9fec408950d7c9fd030b3de3e,false
c8ce73659e087f2e5a4b0f79aa1caca6cf4d7126,false
dca51499672a81dcbac374275616ddece43d19f3,false
8268539ce9c486fd171467993f1cd46cc28ecd4f,false
42978e308ec8948902f5bc6a3a0abe5241571722,false
8e89831f3447378c71393a5c20d91ad27504b1d1,true
1c3c16940b58228f712f297dc9f99834790ceb4e,false
029433de9feabb996d0544f75341f87513c4879f,true
50e03e54f29339c490893a8ff6de49eaaef55746,false
f0bea75dcf5bd95080ef3b259b8f425283362948,false
d47753c329f10dfd28db7dcd94020c7dd73bf22a,false
61f32bd61c5b79853311029a6dfe00e54f86279c,false
f582f1004ef68cb0877e8b2f4cf2b28d095355d8,true
95971b5c2cc6cfe7b0fc459a3a170470b554b420,false
4526f764f444a6217fb614835452cb8a3956f12d,false
b8e48a620ae217625e81bef045bc15fe717290ef,false
c386b71e9f4600128ebf7985fe989346b6807123,false
0ad6bc0d10d7fcecb672ba3c700e129de8f30a85,false
8d43d543e01050680cccad6a67fafe6495203de6,false
d2f6f3ff7335cc3317edb64fd65862c2408589ef,false
36ccbc195f85665575f17ba2074ac2d6b3467639,false
bd084d46eece7b8f1d00b825bbedd624b37b3dd9,false
86e04f5ff543792446a12edd4bae78c61b7721e3,false
d1356fbcdc70eff265108627df18b0888ecfd7d2,false
0bbd298f0e49d71209d9087869e340ec37edd48d,false
cbd261e4ec3c22dd6cfd896fe17532828296283b,false
f31630a46c0e8b4cf448dba830c36fba1b89aa7e,false
30d6266717d38365955a20d280b8253cd310646b,false
ef8e0438b0704a5fb8c6cd323081f63c7f04a3ba,false
abde0eb3e1bc4800582e4d9ee18e88c0f3890a4f,false
248174ebb146618946c7c42089d7c926b1c334bc,false
c88430b988ab5b0dfcdf2371aa0596e59ea53af5,false
3c5ada42da393671bb5da4625ae2878a1042d4bd,false
84eb966862e8268569db71a6f87b3941ca85c6fa,false
163cb3ad9d6f1d2c28ded832bd85385da3bc6685,false
afe8f3d3af88e3d6480cab2243f1ce19b4a3f0a7,false
19b406bea5b340cee4009cd9f2c358f23b3840da,false
9ee49aa9caa8670b7d6af6fad7d65f7ea387c5fb,false
2815608394cba2ec5529c7a5ec861e7c34113dd2,true
83dc1b40d2a6c6dbdc022bff6a369adf8e99ee61,false
a74bbe6ad8d381c7b28f46cdd2c5ff52c6bc247e,false
793dcc532e6b66cd8adb3fb70aa6fe5c03b774c6,true
461ab8b4e04581d500f4381f7314604c2393ad1f,false
2efba8abff8ca145853de6f55254916eb1b7324f,false
a4c710a6459ab2613e2cbf605601e8e6269812a8,false
557a7021e9ab6ee4b883793830a8701f49f4614c,false
b25e01799b26228757a6bc1c321c59fed688281a,false
6d5e55cefe6ab366bd2004db68a8527147b19592,false
a9877c47081dd1a5af0d8397535e9eb6a3cf6619,true
caf78f765569256664eec47b3fd9d28e67e17730,false
abda584773f6b85366b41bd2ab756b59b5c1f2ee,false
ca520e4e5a5c26577f729ad8eb80b9f0c77d3514,false
f80540a32962c2bfb6ac65ecc8b159c30618ae35,false
6fa31986b85a75b02c1590692cfcb526fe5f0cb2,false
fbc0f10f826128f6344e19852c84b62de6b4416f,false
e31443c0b0bfcc06de51f4e28411a20e86d93803,false
6789bd46fd4642132c97d9364398f228795fdd15,false
2c68eedb7a3034e274e19e2ec245895c571e91ed,false
279aafc87e828fff7b1ee7b2a02b88f365c4e4bb,false
995a38add3728eb2fc2b02b0b41a881627850daa,false
70bd5ca57c46e6e6d2e51a52c39b2e6aa5a86ef8,false
a583f67f6ac7f09af836c7a72c3bc1671a2f2b53,false
916a073b257a5ba0bf41c4f6f803151130a57ad2,false
64ed7c588d064826790e69913b8429faf7146331,false
f170fd303cff70f5365c3ba8d26fe83b2f7cc8f0,false
6328ca8cd6092dd4ebda0f56f4b8d6ac7b1f1d3c,false
d9fd05c39b441c34d899774e958c37539f9a5cb7,false
2669412780aa233bef154456e59928d1ddccacad,false
abfa654873f5c4149df77e4fcf052b97a1c54fe9,false
e67f0f816222bc3cf8a38bf4f4d5e8583c6c0111,false
f79ad7d9007f193d65b8c76179261d802bbdc6e2,false
60ba1040e254641af15b3fd0f14c0db256c22792,false
372338078b3d5c908fcc5ed39a10683e9ea10dff,false
8f89032ebbbf73e5dc52743699533d49f2953711,false
fd0563ec3e40f0012f38c2f57a58a87614e4ccae,false
22d32638d8d91c60e31b7cf4d1718300a1a8b526,false
2ae64f57a4de5c23d43718724704814870b7b7f4,false
4536baacaaeacc2592440a77f2adc1f496fd1d8c,false
5810f68866515992a0b3b80eacfce6c61cac7317,false
13ac93b635073ff88a547924bdd0903e27fcb839,false
91eebf3abb2f678a4ab9d25a88d2087f63100ab2,false
81972df6f8b55eda5f9211bf3889e4505fd9e455,false
10ae7b80a9c9de8788396c65eeacdcbfd7482f2b,false
96400330fc8fd3fb3e41f67fa1eb61be2725d74e,false
eaaeead868c460cf056af972d8357c61c959e26b,false
59d4c5b758e08c8fd892525f1b2991289bb6f0d8,false
a1c46e90ca59dc3e15dde1be7df95fb3c1da11a4,false
17386690f6c3bd19fd4ec798ec24136163ddc2cd,false
cdb5cbc2da7a1c56e447689d5f54d49139a04793,false
5299f5045270bd67cc6cfaee9c7ae19a00177524,false
2291f9fda2ce5419851cb38c21a7194af7fa479f,false
b2d950e34ac36fe96c3989f6f165f14c950ec706,false
6ef2fad3a26fa9ce9d108db1c15844cb1e00e472,false
76f5bef4bdfe0fb0ce37e0b2dfc0e3dd0767d3e8,false
82f483097a8227c5137b847967da8d74ae913ca5,false
991ed0f78a42e2bffe640778ceb18067a7846c2a,false
f2d622494dedd3b354cfe13860e3c540d133a481,false
a338866dbee1e070f927599b1d8b91d35de8a17f,false
6ef3b0bcfc4828971caf83b72d2f4634b84296ae,false
0515fafc40ab33785cc0aade1db20b48c2105692,false
b643db0483fea02e54dc3c91679fc7d9a1109b07,false
f4f9f77d772d624a86f654089373f7e66cac920a,false
7376b272ea32dbde449d051df844624f8b8f0f36,false
b5069714f5162710c0a1f2c70ed55b5ab66f906b,false
5abbaef6762f361d3e8c517cdee3283e367e4b48,false
2cefd2d701079e441c57d3ed8c1d1786c851d39e,false
d97c69093d829d1030fc59eced5a47111e458c41,false
eef746c9615079e992eefe66bc01aff0ea36ae19,false
74619458242a0e1601838a0a92f16297965713ce,false
61788d292241a106219ede3b902c6ef9ae324e0b,false
6f9d2a6bcc15818c78153b88d6c5fe41c0e90586,false
f07cb73a5bab60c330b7207a8d41b930d2451571,false
9493b24168bf2db28bd2e49fde2042492d0f366a,false
56a531ae42d5a68b9ba4e7420281feb89b24ed6c,false
248bc1598a3adff4b0af4976317d24853f4a05d1,false
fda286de830ebdf20b6bd4212692275876f96ddd,false
1325d31312d296e0a4435076dbfb36348fe944be,false
3fdc70d99fd7203a5d633c36a78ca487a068df66,false
c24247502ea3b98b8d65e7b0d7eda6e36595fe68,false
d27c355caf15b563ccde2cdb6a3538ab8fc51d19,false
29997e82e9cde4f5338e1bc329adf9efdda4da9f,false
8b133551b5c2835f5f1710b1573b6eb25492a2c7,false
e31f5f03479dd435b21a2b4aff45199099e8efa8,false
3b260e42cb71b105d1da12656860c35d3fd0e7a2,false
47f79a1644b0c3d9c8b9b82b4eefbce7d2fea76f,false
5f5816788ce8716335ea888d1fef55c30bf7b863,false
ed12be6c529b2bc4f4bbc32396d7df9af524551b,false
2392868f9bad244f6c6ad52eb7a44ff38c9359bf,false
8bd0cd78085abf7dca417b112767b6f3a8adf80d,false
6f860371dd02c1e709a0dfc3177239efaaa490e5,false
a13f9a16f8669afcb503b2f9e79929f3a5f479e5,false
4474e487754543e234a8a662e49a85ab80c76864,false
8ffb47ea540e6075eacab4826ae143759505bbd3,false
474773abaebac26cf21828acf3ad5c4fd5137149,false
a37c92719448510ac6670fce63171ea253b408ba,false
67ea343390290b3a6dbb7a04b032c77c9d8a36a5,false
97382af8b7139f2d2357afb09853907fef604688,false
28e18890e3a38ce82bc3dbec6c3f11bb33a60225,false
549332412b2e3801a9f651fbcc542976d6155cb0,false
a854b4429f9af1412863b0c1890f5f2513e23ce9,false
a084a1df8c1f1ef0a5eb887e40527dc715173445,false
4cdc5e0f34c45ae2992ba36b4d5bf9abea3efa5e,false
c332d7776af63e346ad22e740011826ee7795471,false
a7e84c94db4a1faa1a79db7e78059a104af3a2be,false
417617cedb85e7d0f87ebefa9b1a9fcfe224998b,false
6e4f5d3bddc81b429e9baef910518de7198e1d94,false
20f0cb7ddd1d7678efca0b3a39ee74876fee85c3,false
760bb0f844bce791c4442847a2be02f8a4b51ca8,false
c8c1a8542105afb514361171f259c056b4c23ad9,false
c690c48b0bb8e7cd2413cf6a76a02b31acafcb99,false
8a0a6fbc216d3cd442ec28a839770348491e3f86,false
297661551c35f9766594c79373d3252ebf27ab18,false
6d4cbd18eadb1827dce5c67d4c849cbda8e32268,false
249b6112fbce693369e1c496e7873dda08fa3cf8,false
2b914451f5a060b37c86c15e773c512c442f9d93,false
fe82dfa9c756bb55a79e9a71e4c8446241090cc3,false
745f9e0de32a93593987cfca55b085f8d837f199,false
6a3eb4ba6d0e94bb65e614ee95a5c1b3121d16e1,false
bb5a492c5663fb9888d4661f9b008a4dafebe11c,false
cf96efa64908d3b8d5bc5313dfcaa318d539bb19,false
7def4c57baf995d3a49054155846252c02310640,true
3f2c043bcf52eb5e48662bf96566954e97f63381,false
56181ba74c8f37d3f390962ec0a525322be8eb67,false
5499d0fff9d63df379db4767c39b54675762a598,false
d7c91445898ca9953dcdbee42102bb74f1981102,false
cccbc98b05aea5b6d315dbf19b6cfe7826214f9a,false
e3007a0434e9c61f11cf61f91bee28930c2062da,false
64ca3ad022d910df5d2ea12f2fad8ca645c42880,false
94960718fa5d97a8354e3c4a77d06a0934e11ed7,false
3af343a1b97df3321d0e736206180ac58c14a375,false
7da7129b9fb78b17e3197cac3d688727a50d5086,false
6c238bc5eda1013ae302e2ef377aaa62b8bb019d,false
2acd48d5b784973d72132d8edc25e738900e5dcb,false
69635705f236d6951bd4d98aac4deee81b9294f8,false
86a4ac31f6bac9f62463f048d6a5e7c7967e43c9,false
6958ca83108fc8f921f081381d6322db99bd29f4,false
2684feb6e09ca2918a476b4c8184ac2548482cda,false
122f1118ef797253d586708601500783491ba5dd,false
2b6b2d77d0bf88ab7dd4e8ca36e2f313e5c9daf2,false
1fafdd9c7be8ed6c99a008d97c7b94778f3e3287,false
7f31210afc07775d3f41a2acf09493d68074429f,false
a55a5025ef3dde100d378b915a0308c917beac76,false
9c380823b290fc9e4be5e2ba53ef3b8086a571a5,false
addeed39e56fc526c85fae0f5e21fa14f720cc34,false
d9e3dcbbaccd00c4d171453687ae012c5693f4c6,false
4f4cdcd04ca60effcfcd329bad05767503ebf980,false
59b8eeaa2dd64cac588f4b6844b9e949c44d62cc,false
4b09e8c7e2813c45393c769401702648ca412e0d,false
5bda58ee3c3b9e5144f2036266901b75d294dfb4,false
d06074ec99a195118a225a5bfa999566db38280b,false
fbdc0f07ca5b1719510bb62db3e1bb55e34b3456,false
0bddeb3c1aaa171ed784ff6763f78ff6ef40afb1,false
5cc678b7b82dc70c9476dfbbb8f16e2771f961a4,false
295eb3af6cc156d5ec9b61f321564689e4a0f21b,false
c94de77cafde13a92d0bd22ed326eabcb0e33c3d,false
bb1621513236e85573f8977a54777c69bda9f12d,false
e35221a86afd24ee21b7b9d02db298a90ace1bc0,false
e8538ae88b2b0057cf6b630f6f537767ab5c6b36,false
004dd60941651e113fd5f5f2e4294396eeb72f2b,false
2085f401352ca82b5683d1f27cb74583599fe170,false
4a1fe1e5dfa4d3bd5135acb8d4ec9960578543b6,false
88dec3f69857bf9ed88dc15a07d112cf8a531719,false
2dcf39644a977dae14f543967d34ff523d131e3f,true
d7e19b5441da67fd1f100bb2a2bbba680150905b,false
d282873c00851e8af2647373bf6f84ee699180f4,false
8a8c492890a2077b4b18bea0c01710ff01aa63c9,false
b9f26bfb0758385b1c3fb9b19ffcd20672ca8064,false
b3a6122704d2b244504df40b3ff8ee3fd60e2598,false
9aaec1b2443ba13b8724b694beb1329e3abb198e,false
ac75ce248e29b36ef8fd9e94e38869de3043907f,false
f3ca7f3d6314043fee9dbc726f200cc9ecaa2475,false
66aa7cba441f4b04367258a5f40e501105702cd3,false
32f22df7e3e06245cd190df50de75840f06bba7b,false
e0c0a34018e77d30dccd6bc43cbdcee93e3402e9,false
31ed397a784cde660e37393bf54a8316bb8f68c4,false
e9280b06ac0f5a7454d29adcdc6851dc0d5c9cb5,false
0fd4d62eba58357f377749153b9bfc9910fb4764,false
52bcb2690cba188cab2500fe25331b3f427c220d,false
ead886302066db81af2cd534c924a182d74387ec,false
ddac63acb9eb42d479fae5355f0e9738ea81e000,false
78e9896650cfa3823869861b7159708562e14d34,true
95c7e08e8740f9b2384d89efd1a72020d1e65619,true
96138c816bb82e59a30b926e0f10e02f9c3e92c8,false
691dac74bf2a5b2b4f6671586ba36e0b8836818e,false
1ca294abb557e69da4fe5e0e0425b6243f574ad6,false
f20ae647a5f14f3c164d83fff4848d4dad2d2d06,false
0dfc12efa34b8f714b51ad651a76ed701a690bf1,false
0a751b2ebaea87266e5779655e0123ab8cbd042b,false
e68fde7f85cbd3ab0c2a8e17498f7b3670b5ae3d,false
10152b67fa983a8f5e696cffa36b53947cab6824,false
3c2df28d816ec2a639f6ce537ecbf60e0bd9f69e,false
d6359ce368feaca5952dd4af8f30663c447e5e1c,false
92d599a0050c936c07b70d0ddf33ae17cdd070e3,false
a5f1dce2d97d5242f8313d3c9d7592afc6aeba63,false
4b8d7c9e58adeef709a8aa69814b9a31eca56045,false
9bf16c2116d4b597fde4511f8a646b3fb8c6d305,false
7c5aff4d9e726e56d891433c47097e420fa20147,false
cf7becc0864a3fb9200ac86516cf61305d7d6f96,false
64caa3703b744d409dffeadb9cf775e21959b16a,false
59cd968f18eb535a48e6c46c2e6b6ea3f9179190,false
8ef541f34c8449328a890e844916e318a889c9bf,false
7927ba4fad44674e29b7b8eb5308b20395228d62,false
4d9b8e50928bffbdff0c7556cba3bafdf8444054,false
c3e290e4450582726451889a87e0ddbbbdeaf186,false
c92a137e8412f4e979b1f949396cc0d529efe617,false
6c34aa98ebd342ad17ee288eb9743ef465cf6ce9,false
915aedb31a40a900616fe2cd532dcc1cc5458095,false
8f822687ee74c8ec085132f5e2b4dab111a6654a,false
a76f8ef5e80a2c6a95a32353c31aa763b7e4d7a7,false
b453242f28a0c2ab755b79a2196b32e90d868241,false
22fc26dfe5aa0a5d571eebff1c7bbebd3fa4dedd,false
7ae303d99419e458b2edf3b0d9e06a4bad8ff873,false
93c60fb8560225b4ed6c1929020f398883c1df66,false
73c53f90aa70e3187702e6be142d2f6d344293b6,false
44971d484d481df8d1efb6abecc0716e038f3544,false
ac49b6f2349a4220152d6215ede4f0a159f345d4,false
4e8a057447e3b951ca7806ad99aacf335cdc1f3e,false
b3d07b2ed6970d5fed739a7c016054f4b9508534,false
0f61b31422a442163d2a972f27ce6f85fc0f92a0,false
755eb719d52f20f55515480c0a7ee9ccd5e6177f,false
3fe7687f46a3053bd6ba3f799b359acd300e08c8,false
24583bd1e942dfefc5646798ac9fb3819a96428e,false
4b39b83a035711ff8918382184dfd4eacc150bfa,false
b9d2ba6fac9d643fd007e1b391b3a3931c39c22f,false
44cdca9ce922303641b76351c57f8c50d73cc4f4,false
f27e47f371d0c4f742d6b5d1532d5b1036c917cf,false
f8661a257c1e23102a53a3bdbb4f64e38b68fc1a,false
222a91e4a1dde72be1661bb415749cca043f608a,false
2085323fb290232327a765e64960ed6d15573279,false
130c94a3ee1f6174f33ec8adaba0fd56d98a1047,false
31e03e4aab5e06879d5e74190357b169afb65e6d,false
3ddbae3d6368cb4aa7ef99e976877ec1e34f10e9,false
12fbca8357a96f8ff5bec0e8720a43a42c00fce7,false
1210c44c6c4dc57998e918e288b7c80e66840b3e,false
e74d01de2189a3e436e1ff66e7fe7967a35c5024,false
f469d7d56e1b8616382cb2a8b1aed5e623ccf1fc,false
505e35f2f39d670740b1c356fdeeaf8aa3d06209,false
fe19bcf079ef951a5a4dc7b0c0905235c0b26c5c,false
a85894074bda61c17385c68fc62fd75782f5b2f9,false
4fd2e9f98434ab261cf65ab91f5ae575904eb257,false
0ea3ba5b1dc3ac1b411a501a768cbad0d2ae3b48,false
6b32af44b1dce3753ae26aec3b8ad5160285eb40,false
7e743e10d34b525eb5a40a821cce0c8a0bbae48d,false
0dfd36b44bb65e363178909f449833c09c54f74c,false
9f7887c8d2ef5fc6dce58f9b5103faae8dbe40fe,false
64b62f4dbd5fea1d88b2d0df201f0e6f929c1ab6,false
3e56c52206c90bc6bb4b42562fa17531d2cd95c7,false
7498c51e9b78eddec14925f789c2bec63e345131,false
cf76559e5ad8e44c03610b43882c42c851d8e952,false
6f334b7c2262b6e5e585b31b3ebd923e24527fe5,false
214b92fe9e34a6f5d45d568313600d6a71f6d27f,false
7472547b571fe2e598be1a727cad4a35287f1a9d,false
923dc888ce0c90c238ebb967d69c3e6148ce1e60,false
de9e72f1370a68310328c9cd7521a6bc7aac2ce8,false
0589121acd3eb7ea86e48ee6340727074ca4e0da,false
90dd3f70152baacb97e9277e5d96d272e310deb9,false
c3e067ed2a5b2c5120456fb432c4580b246daf8a,false
d2bc1fbb19bf647b09ea4be2b57121482992d027,false
f23c4f35d080b17ddb8bb85f550949757289eaa9,false
772515bbb6ee500ca730f88082ee4e25cae2db59,false
3b4a8b0d5e66c7e78f3b580ae4e9133d9c2cd158,false
5fe2d4108e72fb280247e127b5fee612c154d797,false
9286594e440ac1763040837ea1b5f96f05b1fdd5,false
0030c36655306213ff7b057ffe63b98f1b67079f,false
5439773e7f4160c78056afd59dd661732dd060ce,false
76bcb070d854519086ba4c5008df7fd54d993825,false
d295bdf3216b970ae7558e4b705606ecc87a0789,false
d7f54605e74c705966a3e2fe64949dec7a9647d3,false
421809f5fad291feb593cfd30feb0698dc3af811,false
c8a6e2cde031b635a81364775785f16558603a4a,false
f93af3e5b334088ea905d5af0527f7691b3b2727,false
248dd19f24210eb907b8739692e099726fe7aa2e,false
9602ab4e768fa5fa134f51da23102882d40e5465,false
32cf35c52dad53341866dacf599dc6dcd2876890,false
182e17222b1d6ea2134f75a33bd1b28f2ea9a924,false
07abd6efffb8cb0f2b0c9ae2e23a8542db0e7ef3,false
d4b45095603e774b7bcee7da9b9252e76bcb7d20,false
35043018ed8c26d4bddb8bb6b187ffbb6e03966c,false
ebd888328a15122d32c546facb5b4165c8d528ce,false
634dff4e560d1a4dd9ac2037b322b5f3c4ed2350,false
0315b8773458d56d6f5da96a41adc5741311f2c1,false
04974bcd7731d6ac720209c571dc05227a90491d,false
380bdf5ae57bf285020bae12de04166c81e270b0,false
7bdfa2ad418b14fdc9cbca7b15d6f7b6a8ee31c6,false
7f58c62f374fb493ef3d6a39be96ad7f8717b599,false
c6f8e3aab8d4f107d7836f21a2fc76823756ad73,false
22194b4cd6d4a05ab321045402cae18f15e6d56c,true
17044a32183735de43760ef279dbecc37e760920,false
ece6552e26b67e83de48c6dbd99c58c0148d7714,false
467d30e483d1900a8445c19110da049029c974d1,false
e75614b693cc7d968b5afac1a6aa95f5ff77c6cd,false
44ba4c749211978019ad12ca163f4c1876410ace,true
fddc90b9415e2272d2ae1cfcf0e4a908e34060f7,false
d11fa9987e2771f6fa071897f487b823ee977485,false
15820934a2f2e1c0075f04bfd332dda33eb0844e,false
586e30bb9befd265fc404ad3496b6fabb26eb781,false
d667fc7c2402305fe749f409a43a362473adfd0f,false
3993795b56c686a3408f51694cddf08f4a0ef52a,false
71d1fa5db74826a51d8dfbb07c960f4fadd5b088,false
9a6b25c0b1c819599e6d386da86d01e197010a43,true
8a0d0c11329ff361a23115f619ae1965979e0a3f,false
8f6f07bca0b95a0ec2425f490ad4aaf912778ebe,false
c0071d9333dda6a7add90c913ad976aab1f68bb5,false
f51af0db3a8a7605b65a01d42f6e52c95efc1d5d,false
5edc31e8790e94465b48cfa25c880340684989c8,false
0fe17516e047c3387f0255c66d1258aa5b8b6d25,false
d2a20c9827f92ced492186bb69685d7464578032,false
9cb981b2ccf4cfe85bc9e4c386a337ba9203eb9f,false
a187cdb9eedd3442e4d0e156747b83481a39b26f,false
a30dca13c2a7dff80f8290f4e73bdbb1617e8b7c,false
f4056b81dd432887d73f7a99f253bc69f0b059c1,true
9c5af9dac1bc7d3173e176e71323f43754f2b1c0,true
bb894d701ec5dbcceba678b8846596044fb1a810,false
d6949d80b832e54d7623bd95b15ed1fd5b78636b,false
59373c3bd1d29e604245dd50be9b4b5c2abe5bfb,false
7a24bc6e54ba8f7c1093647f8fd81279d01d6dd1,false
755cd68c51ec519b04d7a491c64bfff0982d59e9,false
4992e9185f385d3011eae5e030543eb3876a55c9,false
1f49dde1e42a06d115889f959dfd424db7b5bd81,false
4ba33fbfd97620b934ae594703aca4a433f3475c,false
defe3d5dc00396b1ca21d3c7aa812002588fe262,false
80b6c3dc1b0f2552310e95d995cc0b0f2ce9def0,false
08f9b3b0bb9ebb55c671653a79d403efe018e0b0,false
8aa83b2c8eeb93138375164d0fbe1972b27cb333,false
7b438c6f8cf4be36bcc76162543d818fa2765abb,false
7bff527b73c298d5bfd1949e3207fc8d7ad2208d,false
d76ced17f7270ecdece57085948a51516d23b0eb,false
a4c5ad8e6782c17748f891d0310b7248c6488c18,false
a62ad9409b6f9c2b1a8ef321691d5c620ccb3f19,false
4956067dcdc1b8b37e199d2e14616ca1e9645ee7,false
66635efc64c455eaac1f18784eb974baad900d01,false
ae50a0ce70432273e909981ece821275b1010840,false
ea30355eeffa5195bef9f383c0157bdf337f74e9,false
dad2c3e52185708db9f0a86eb0632e795286843b,false
b0764984b676d59fcd02cd3b7a9e5c28fbd2916d,false
c54d18a4aeaddf3cd46fdfea3d7211c04ec7b8ce,false
2166437eaa14f4ed25d4978ffc139da6462be6c5,false
a80ecf8db63f9c10bfd85468b36b0ee88c6b689a,false
24df7499db5b36a4d300a4123fa17950a14cbd7d,false
0ad655f09c325277e68e0b671e5df54a4de0e2db,false
b36a787589d2d824ea00237ca5d6002febacd6fc,false
57749fe79b5ba555f115d5e4d709cf96e3ec9ded,false
6e3424d4bfdb5c886389fdcdeb83f630c1b7e259,false
30864f61eb5bbf55a08d8912e3dcf9522e260f5d,false
0e75c1b2fa20fc1c80e7c370342a486cc5c7ade3,false
3ed20668a961e4cfbcfce0419820e58d014bca9a,false
19bad114f5af3271a13bc10c88b66d0b13af598c,false
54e176757f7366150846833eb7bfe7d989174f92,false
b6de7ad98e8326b7e658a83070d2427884b434ec,false
6cadb50140ac35b673c0fad6e4cb78ab6c5cc0f1,false
0e847c1c1889603df6fa2bb99bb99db0a6a7d046,false
d8eff87b9e102aa18c8556d21f31a5d3179b6159,false
fcf6f513405e3e2af46b8d6ac29eed02f3e1408a,false
ca95c426a7176f95f085f2f08c29f5cc338d9dcb,false
2dbb8d1e1a18d50ad7656887d53d189980f055af,false
74366dc3bffcdc009dbdae8eeebd8b4693fe0b74,false
d476a3f36b80ee68d1458bbf1f623eca4f1fa106,false
c4ceb569e0846f3a8f8c77b00f17e675bfb238d1,false
c0ce43bf76fcfec31ab28064baa40754430bb4b0,false
02197324d8bdd4a9431c186b7910f57a4b51f9a5,false
79b34279ded9bf68365e353a48da03d7ce1f752c,false
22c7f7b578d0db03944a7e13e7c0aba09cb0d713,false
0c0117cbd3744911d487c5177f82411c3f7e91c5,false
84219045d0efe0124a4bfc1a11ebf5d8625d28b8,false
93da86bbe9b8e5b6da578fe3b9f91d1e73ba1fd0,false
d08ab7e41502b210161c9ea487666f8d44002033,true
f15711b8f93d25b309e7c6d0972e734253193feb,false
58f608844ee705b1fd3271abd748b3a539dff10a,false
6de4b1c28e7f8ca9b1fb3130fa286347b1a91caa,false
9301fbafa04c5eb4d031af8b2712960fa3ac5df6,false
b5a2ab8514210645aba308611a54eefb065c0aa6,false
109eaf18febb1aecbc25557bfbfea1c3a2836166,false
c56e4c8c8d904ba322ab864dad70aee7fbba6aff,false
31330af170c26371cce6db12f1cca1032f2c0aea,false
0e40d92ff4b767f489752a9d5ca8c43623c4d4a7,false
ff8c5628748270d718d135c1960dfcba52bf09f0,false
bb279eb2a11b1b1851e847525b2abd75aad59fbb,false
eac3732a273bc57117591abdc91b3a17d75c35ed,false
0923821e8c7ded2b35e9da64a34bb882ff2a9850,false
cb6da51f6ccb3ac55bf892451489e14dffd0ebe3,false
631f5d917eab09760b7e71854dc23c45b28a78e3,false
d3cc8d72910d11eaff49592a42a9ce21156120d8,false
ac9a3d3ee9a281d648bfad3afc1880a0f7c351b8,false
8f5c80a99d388c4774e6577eb798eadcc6cdf0a6,false
c9f55e065ed88df4b7e4df80453b100a7977ca6d,false
af7dafb225949e94f11a1a6cd32c276a6950e20e,false
afaffbca046cc2a6b277a702f472d115a6bfcd1e,false
8b30c7c1408387a57c12357be30d2aef6cbe991f,false
f1da3a762eb06d0d4218aaad0ab7fcf8c5d406c6,false
21ab6957c207916192980de69f9e7c7798aee462,false
387c04f78dc70958a5a1a1aacc057f0ac49b0842,false
695de15da1854a1de65f9247520377474f8b1fac,false
f45f91692c5e53804aa7f2647d8f60ce563ba473,false
b8d58660e9f544f561ee65acb4ce588a00a0b7cb,false
cbc6a48ba8fcf952d75bd9a7c43bb1906e903cc7,false
21f768cc3cce73e215cdc75caba84b47eac6eebc,false
0a550066fff255f27b2162b094a1d008911910f0,false
170343af470a6b6232f0c292446487668ea1fb28,false
e0906a3e3f1fec2db69dff3a7bd1795cd79a02cb,false
48f6d1ec8c033e3512906722a244c95ec6fb3b4c,false
3ba34c38d5d5c7d1a4b2823d1c22c6529e32a770,false
3bfb06391632a614abc1cbc380b75f60c3c7ff7b,false
c19e1d7a4c37d78ca516f330023168fa8bbf8996,false
15d937c4fe25671c1cfec49f70154baba3a2e1b1,false
be9099eb6b1b0211154843c9495a05c8e8d21178,false
47b86e7dec96484e7e965e405eceb8f2cbeb5e96,false
b48d2421f4ffcc71d8c1916d06279e790e3a2766,false
0022f3987b3112bcc0ba8a24f08198c07493deb4,false
803e89065e2dd67058ed8a1bbd03ca3eba4fca47,false
1d9f06f90e7e740cf4b96bbd911e22480ef012d4,false
2840ed805b6aaf64f831f3eb1dd2ac7fbf01b57d,false
bfe636af25a96ef1805af66a09b96ab8cafcb9bb,false
783189bb16cde860968eecc1a32a66fb223f7f95,false
bd5de61cd80b2e80406396bb4e8dce48ee2006f3,false
5970dd6d6d734e064c7efcc981796e271a6defe0,false
07df0a0adb930cf23f8913e5fad0b4a3495679e0,false
f8a2e2c0c0e798a5d113d1a11a8e12630b85835a,false
ab778b308eff4b87ef7be558963163e8eaa16003,false
4d3b311f32d1072fd887f4c12bb68b4754ca201d,false
bf94c906fa1f8985a397eee4240233dbf6c4befa,false
2cc5a8a80dada29117d329e938dbeef2d68c1826,false
78fda03588a07712f22f60d4532896de1f87e677,false
cab927ca18cd5a789d0cbc6e79f4c0b2aa718c08,false
9c8338a6609faa1f0f677809b7dd47c412e2647f,false
14e87dafbbb0575cbf982e7478b8b2e266e7780c,false
05a3bc9ffcd6403f2a11a4074cb2d23dfabd66a9,false
0da86f605a843b1ca12e9709d8783732afce8a19,false
b8d317316d1946d2dde903a9190753c7b37c8c76,false
894a8435719bbb1a281ee68654c4594f75554453,false
3e87522f23a432b20464f7e7d8238d89f7caa78c,false
ea7cda0c0e3e8178536355741855a3d4e7306d1b,false
396ea50d6f10f608700082dffe2b3451743fd6a3,false
52f67261ed6d7657cc98f8cb991267d1430a36e9,false
9c76d74ebe61de105dcb469849f13521675ea1ce,false
bf668a3d8c9c2ed24a88ab65e5d3c71b1658c234,false
9d138ba4408613f32b14ed8f4c1743f5b633f1d3,false
9f189cca551748d25e629eb3dcab9d42b85f338a,false
f8a2c0976a3638177e3adfc65259d748a1f61c7f,false
c3e98066701895eeaab9c5f97d80b5555ffa2ec4,false
662be3d6dce0011c26687ed9a05a8beac8b98669,false
b7fa8b8fb0bfeee0a99e5281a892b357b8b0e562,false
e3538d16bfd52b60f36818d54e3286e763759ae3,false
d0e95243940d6fd7cffaadc4da7d0af8bb1a55ee,false
80c3d5cbf262cdb411e35990a9b118f0bc284945,false
7e60da20748423c0e29b5665beb8c5775397bca8,false
7af2f116250523fc1eb9ef888874230c23fbfb3b,false
4709e44fdac7f659d32646a4f08e78788b059a1b,false
d32895568d6f30e8e0af591bce8f01e9420d4c13,false
833a216f56e2815a293bcf9eb5577811e79d7e6b,false
167d3fe739ca73c9da5f1b7488efdd71acd54f13,false
b75ee1c21f936d5d2ed67d5f8e1502cabc51ed82,false
08c5cd3ca093d6f8236621b1f4d7e388c45dfcf4,false
8d5387ce9b6315a0fcc34b71e80df1f1df511040,false
c95032b61640e512d5651c26fb15bafbe73c843b,false
aa4113808557474f1e465ada1f58b30dc43c6655,false
ea27880622abb8d1d41d3341d0a8c4d0268ff2b8,false
6906725c1a0bfb03272bc180a152b1f15b9cbfbe,false
6ef9606225175ab8a3e9d8bd7cafee25d5c152b7,false
fea4b9d58593eb8db765a112cbbebf5b7c88c5a1,false
b72c38a67418a6faf07ba10315e4562712371d2e,false
4b559b69a843877f5dfd625a59d7f7c011341541,false
7c974913fa4dc5b9480fd7d1b3fc2aef006089db,false
bc8ed1d999d80ecdd50be0fb3a39791bd8716285,false
1778bc60fd7ecdf10e4ed7b606511c3f3c8ebc99,false
8eae46cb72b01033ddb88c349d873ba013f4366e,false
a805a5a7f9bf598619fbca271cc52922e4786cf3,true
9c1bd95846afb510d3adca32eba9a2d90d69f276,false
2fd1eb7b348f3a3925b60f0c33dafeb6feae4b9a,false
3bbe101338309d506a9f7bd3f0ac9b55c82285aa,false
94a9ae130e611007205f7b64cbb6dad84f315250,false
381a07047d5bded3505ea65c49d7e7d21d48037c,false
9ca74f25140f1b4a8afe19e1b440216605c79480,false
dd643f9cb551da97bd07657b92a9bddbbdc3d0e8,false
4c55069ef78ba316d3365d8a386f373e1ea32706,false
6916f4a877bb9d2630461949950ea339e5d820e4,false
229fd078142ff44b1cd91f1c4723c12a37966f97,false
a01ef3292cd69132ba1311eab8648bdc6cb41120,false
961553204a85fcf6667274c1324bcefb6b8b28e1,false
5c20643d899ff73bbd45baac0d0679e31bbf4c27,false
76cd4f428bdc604c655530891dbe53793d011862,false
2dc9decbdf114403426fc2810a72d7323af8a70c,false
b4fe37e8c57622df5b4cb24e1b67618776246942,false
89ad954ce72faa3ab6892e0a75a8d35e5e0e2f3f,false
1b12835cc5fc1b0611bae2f7fce3c8de120dd057,false
df3ed4c355e5d138c79682af6858890df18307af,false
74f306ce9933122fe0258b71ed14b64affea39dc,false
c4aa75bf14b1940a418aadd8fce6e30e4a3097fb,true
f2da093302db57df30aacd953f1fe483b129116f,false
1067e6c0de9a6360e402c0950d976f5f2feb49ba,false
980a1dac6718795d08064f1a0625657a7bcc7125,false
d84eaa79338514e8e1e5be6623934a37a767de0a,false
b594b449c97f0bb4698ee4e4d6031cc685c27552,false
ba6cb967ac117ebf98121a538b3221e5f2c5d1aa,false
b6dac2ce1bbeb8d55bcdad36515c77582a977139,false
d22e124474f6da832d1f903d254a258fe3dd10e9,false
501b62189ec1462fa81debfda320aba412dccf63,false
5710692b2abe856a5a323fe8dd9f9db2dbea06ba,false
668958c5097ea011b634f55f394c096b74d5d6d3,false
09cd03b63887d2aebdf9086f012dd9b5c9e2fd18,false
626f8223c9e1f19b06768bcb00304dd113d8deb2,false
36c1f0876ff6309d2e8686cd4f720f56249e026f,false
ee971a194fcea1ded8d12c2dc8ac26150a0c6ca0,true
64c5beac5cb1f7bd5570bfbaab0adbda1a84de5d,false
679c2f97173c7867a167dd68e21307f85633e854,false
2d2018819e33f93b6425cb3baba6acfd99b1ad55,false
5f73036091a62cdeb09c6bea462d2dd35a6bc554,true
e179528d0504221d76684cb22f1da98380c2c33e,true
cc595cedf25b7dc5fc20c4fd7ccbdf0101e93d7d,false
b8600700ae229f1a7cf4cebb21db4bad3770e92b,true
01b6558b1be79bd14fe47d6c6cfdd1c543981209,false
80c4668d7baeeee85369cb3b671f5b5876e372bd,false
6cb11d3b1134ea0296820249f468c7c1ab7f6c43,false
fd95fa7974ace42a3e0aec24c733c6ffcc3793c5,false
e5983446637a85c066d8d1c39bfb727cb2e562a8,false
d2f412dcd26daa40100682d822b5b9c3c33269c9,false
63b208f48d45313a487b56efe2c92ea446647537,false
b870133af372fb5a2554aeb24bdbfb06a867af56,false
791d97aef4089cf23a39a4fe9720b5261c72d613,false
454826c4493a1cc6fa069d4122052173552a309a,true
73415aa18f69f0d1e3ae8b1afa6caeac5a8b3527,false
3b77848657685fcae75d4cec351bfe1b72dfb613,false
0e2d2930f744cafc76f90aff297c471d9bbb1d13,false
a8a29ad7953b76564afa7b1e99fff045ccb88bc1,false
e1dfedc957ec6d7409e79181e84c930da5d2820d,false
0674634489c69ede456d543d8820adb612e3d309,false
6da785cfa73b19281373e114502ea57d8e8e90f4,false
4011e3c8cc7399f6abfbf6ebc28f60ba3c214652,false
1132e94cbc9aeb47858efe64aac9db19d2cc930f,false
3dd0303479f3fb985b82af9b9c53016c7e9e34a6,false
25234a41e7b925bc85dbe4b0c1db95e2c6aae894,false
6f6f3846a522f440ad66dc4aeff5cabc7a850e94,false
fbd050cfddfe280ecd96d776e617110fbb708e43,false
88ad15678b2607670c883ec3ef5309d9ef7f6ccb,false
dd4e4c77bf1717e2987478efdc6150f093de3371,false
5e19631e4ed9df5324418c2f56ccb260bdcbefe3,false
e4320fa61ce4fdf9025aa24454636ceb5de0ba14,false
33cbaca3046afed08df229a9593061446eb5f16c,false
a5db5660a254854bc8294b8917721577cb5a2841,false
ffb58feb5d4486adba311a33117f630d5fc5e260,true
ac3cea1f266f9826f1914d334dd7d620126580ca,false
29573471a55d57746b44a1f0f6c9ad79366204c1,false
3bbda37930be3f8befe0c3b4f261ac6db4696e2e,false
fbd61b412660cd19df6d21594fd656097c3bfd00,false
d8de77a5dcea7fcb5c262946aa02b884ca5ef147,false
41591b51eec1a02f01daf7069db21f4f9258531f,false
bb190350f461dba9f87f35375a6b574a41d42f08,false
78dd1a8ea888a5817048c702bc1aa54d0fba5a86,false
6ff2397f450a4ae927870981f06dbfa88b2e64ff,false
dbeca31c32973dc284a159a1a0c70dfec705169f,false
ac30320ca005a32c550059931f1caac08b1d47a0,false
e3c0da8bdd5e8f7b6965788d7d4895ece7669428,false
add2865efead0e33b6c9df7c7dae936082691931,false
1ae0df20f3609658f3458f0096e69b5630348c79,false
fcb5e2f9a80a9678458f658c3a04ac6d93396c35,false
736c879a735d31aae7ab7afb498beb5bce1e70d5,false
d98cd205a8883ecb047a1548e860f6e75f9be0b3,false
7a2760fbbfedc2ee6c787121e9b54ea255ad7622,false
dc36262278e67421d90a7e0605da3768fdd0bf57,false
a0406b07a36956c485124d5da76e219c8ada0c75,false
9aaab53b71f1020a704cd5221b2d41947904320f,true
63aff6f0f7c92604f7cad7cde32d4abe9bbd992d,false
796743be99072ca38dc8fe3b7a515e059f0fe45f,false
0a90a8a6987d11ecce512c7b48a767d6b5ddff5a,false
1f2b24fac2ea36fe0d84a53c375c21d3789e195d,false
789c4a0880105055d92c900e48273b732dcc6ee2,false
cd012efbd00d62ceefce3c04fb7005f841cd9b84,false
6ac26ee0821a8639e7a5d6a392fadcfb8dd277ed,false
739c6bc61d7ebae5334a6a5b7970ba5b1b22ec30,false
043f9b19985d41b9f4089b9b3657080c95199753,false
ab9b94de410b54cf7950a576bc02006e7a8995e1,false
8f67a80b38213e9682d61b67806ea1a7347bbfd7,false
e1f6e39e10fde2f8cd68fb1d22f5d51ee94a6ac8,false
c909f838cb9a79884cdef757d4c45959bd6dc9f0,false
bd06ec661a36dcf2c6d8cdafa4e554fb22e6f656,false
a14b0fb18b02eb7b0bcd7aee96c70d264ea1e106,false
d8cf478a18fa44ef536b6dc0fd0a9784c5f64c04,false
e3d0dd1828acbf6f7c8fc0f61d7078d7cd00cffb,false
ee393a7a8aa03ea2494e7b68aead2c573f60de34,false
584b9aff16bcd2ab48e73c019cd147beeec31357,false
db8890b54adb89139957329d8e2b9c9629ce4e5c,false
74e38821ef7ea257da027a00117c8484603702fb,false
b59e1d990bfe4bcf0de841cec19d960d82ea69a4,false
edb4679b9315d7664398945b68dc908ef46c764d,false
3e1442c1b1581fff3231dcaae0a280108521a3e9,false
cb71324fff80cca5b5d001f0c9a9d4009f5e6f03,false
01a0b3054ccecdd10898123cdfdd60ff40634bf7,false
e0ec91c38aa1f8c1ff37dd2eb8d98635611d386f,false
07dccc4bb361c6a36eb69a027d1c4e8f5a18856f,true
1ce0e655d13f956932a6b7a6041f4acca52c2a7a,false
415e19c725fadf2339b8d92dff4bf65c20cb87a4,false
b4a70edb1f30bdd6b48ad6b62ae3236837399019,false
4e6c90938f524324dd8a63d69afc1ea020782de5,false
fedba086d51c13a68c5dc204d18c01fb8442707a,false
8aaf2d20119c5b3e4813e15ff43d3099dc2ad0f5,false
3156f987e2fb66d28b0b01277b4f778c050368ed,false
3bcba51542959a7daa27ee1211273c70bf3d5525,false
cfac3826f5a423d8ec21579f6ea45b3ed3fd4726,false
3649666675316093d2d9f6dc86665f9701e3d8bf,false
618f71ab836ce503e833707048746a28aacacdc6,false
d45517b2c45125b96ba1125a9ddc1070348a2937,false
076f80dd37fb321330146069d3b8a87303c8e0b0,false
cc9b3fd2fd916cbfede629aa1dcb18e58a34c38c,false
82d16a9f358d3a834b7a792cee477d68f01f356d,false
5da389ea7f4b81dec00651c9cd183e56f1bc2996,false
205d931e6bce28f369a6fedb3d3c5395fb1e5973,false
37e89c11062073c9c60b0781ef80fa54bbb33004,false
1cc202681e3a8d33901713013e013d66fc5a9bd6,false
b9e1788dcf3bc6be0b12d2aaa5522d1adf3203df,false
57fa623d4678acda6834579da001726f6e177c67,false
953081fba3c46cc4025059df781fa44217bfeb4a,false
97c9fa415b28e63dcfa4f59c32ae5098f24b1bf1,false
d464982b4e193521c30f416f0de51e43b1dd847f,false
d3d58225e3733c8a8baa1f9487dd30287d4fef7c,false
4399fde7b4b741906428e1a0d60b286b5e604e08,false
13e5f1beb9223caf1d7fe6ee14155beecc41e64e,false
d63de88bdb01642ea52f00e6851ec98b4d54885b,false
686cf2143b728332562cf24ca0b032ebb9d430f4,false
dd8e1d08fd765af488305532be86f37d59e4c370,false
b83c21c8c0867e55ed492ff999f18022f6a7ae93,false
83b2eaab95a2ae820735f5d6399e852d24e6746e,false
92cf61fe861b2defdf42baa3f8b23469db126841,false
8c7e55e16aa03d50c8eaf8e40ef1916c3aec0213,false
c37fbdc7f7e5a9e587ff87944e612020597925dc,false
96ba5ab7b766752a0ab62e8239b2ddbd57584e6c,false
b41ad9aee70e20562e3088ece7a81d8be21198f3,false
df9c55a13269300033e3070f8b0eb3da600dde39,false
64e5abc96a8d709693733f31385230c15cd3786f,false
be5262efa65baad325c0c2257393f599abe13725,true
fab8511043a2031239bb136558ded9a50133d705,true
bf9df0eb2d1c561156f34abacd52326574fddb80,true
d74419595c13839b34bcc5b2279c5cccfa1fea80,true
fd979b283c29d6fe05673100d88bef8823839880,false
f3d53ac52c291164c9ba2ec450c12d91f2fa91e3,true
c71d914a6279cba9deff35c1797fd1abf60d4bbd,false
e50ec5fec2380a565b06d83d98162996f2f80a7c,false
d52d783e048f35fb19dc928015647a7c0f4dbb44,false
f245096b02125cc52f3c5fa90cc8348d2dcd69d3,false
6c65a2d1279b659b28186eb94fd81325ca48e092,false
d66ee66d43dd64622da770308cb0e4087f759036,false
7ba474e2d72b10442a333edda0791f8f751ed054,false
07770b434842d24fd1af3b402d0b54756e87af25,false
e63f61ca1b1d719354f6b4305a445b30f4be62d7,false
17d48df5fec1a976bf836ab7000b4a259c5dfd9b,true
2e7e8a31e00eec0cedaf4c198d89b949351e5483,false
36de39bde95dcbf3cd4364fe09dfc931264a1389,false
a9d18c0233ffedb72dd01ae5a6c24eded88aa13b,false
1028c983549a016a67eabba1cdce5288933859de,false
429eff3071b298db707c4862978eb6a002e12a12,false
c71d2a6a27cd0e865422e7152d3fd26e3502e090,false
c74a34ac856c8fdf2fe06c98d66e42ffbf53b9f7,false
84add06061be5b73e6e76a28d3803ef02a1ca9a3,false
399983d425c42c578343cb495e34ae893c189d90,false
2b81b0379b43ad44fbf8dcb37c30a28cae3e3c8c,false
641cfddf573f30ebc39e53b398cb12d712f0f3df,false
9b933ab0e894778e518d9500e3566456de7a757e,false
e9d19507f435fdd5a4f2c95de1a678a1b42204c7,false
aaff8b297ab8735affb4174ec41d381706d00b4d,false
306fac9f84231b9aa052976629465d8952800bb1,false
069a089313330339f08f972b134e198b0abad5c8,false
21913496cb14571b0bbefdc65d473194896a8e97,false
0680588df8a7d6d93030f9cd39994ef8a4c84244,false
1560d89a8cbeef219d0b7d893c56efea450fe71f,false
477f40b3f7cf7531f4c3335cf3d406a3c1e8b936,false
58e4e233afe7a55723ddf7e77d3565d026e16e20,false
ae885e8959823f38bfa1685ee081a76017e7f07b,false
82e4c7398c75dd285096d4ea8f0297427a8eacf7,false
564fea00280805778cfe5883a8a01164ef58fa97,false
d3a4053b527f77b4e772fef945f5dd1572194dfc,false
5efbb48d3b181d7f36a57d1dc2edbf671be354fa,false
1518b93ceb8319d961f162ff0ada73e508fbf9d7,false
bb8a58874f96a7e4c2005e4b19207f79b5f282ad,false
73983c20b5fbfd1db24720fe752e7bcc33580acd,false
ce9ab78ba608bf1c9b1bd6f1e62a80f4e862b3f8,false
583939a46c8e4406b75de9ed812b229806ccba8a,false
f75094c787ff7ef5156be62ae52ad779072e66b1,false
36166b2f61c4e1c97538ad2bc64ff7ade45b4476,false
8cc615a504f2ab7ca0639a859969360bfcf575b6,false
fac1acf1ab2a94fbab78c5751e0d892aee1ddc68,false
b1f4d3b5df7f9f22a54eb610f819d5f040cb0035,false
cc174752fe5534f2e83d30dc504874c80b7d3c25,false
fde548a454aef85af997a0d8694122b0fc178165,false
5266f9743e677c88e506767d25cc05c1ed3864ba,false
8eaefd986834605900021719422a01557d67a5af,false
bf8e80f4260bd957ac8ee4d2268e8a7f464ebadb,false
5e484f6884fbf40965c3413a61a940671961f6be,false
414d6c87b2ca27185c643b49846a6d83c38360e6,false
c537150d1ba6ee776f50fc6f45c26c817ccdfcd3,false
