hash,isBugfix_mistral-small3.2:24b
33850c0ebd23ae615e6823993d441f46d80b1ff0,false
b15ad394279fc3b7f998fa56857f334a7c0156f6,false
4ec7d2a0d8eac4f915dc0d38a886cd57045bb0c4,false
44b42e0fbd93d86e0f4e929bda8e5fb63e81035d,false
3b36bef2e6165bb4dad73d17f23ee1879e99f497,false
4aa76212d1be9b17a57249549c2a73fb10b6cda8,false
625eba4bb403296a8bbc1e72cc9cf4a5126f6c02,false
4edec48b74dbb9d571e927b69b24c30ec0624975,false
727c701686c18c4a27ca523eb0c5862d497be24e,false
a9d4ea81da28ee9c894bf9d45adc4cfa9d52fddc,false
7d6b8e9ab3e738d69e39ad53a7c0f6a552d5284a,false
3d719f35f5c1ee4ce3dc01fb2167ef49c0180cf6,false
9dfab582d065521e9350327801ed2c5ced1c8fa1,false
8e9bd5f009bb8756a2a7d76a4b792323eeee49d6,false
4e1b3e1134eb478563bc434d794085d0a412cb84,false
05f36c7f7e2df36ee28f90d99632162579b1287c,false
1fff3e598126a084348ec2c112fdd3bc6b9a1ee0,false
574e81f9c8bbdc41958e1e7a7613633b091101f8,false
df929c6c77ea5490a969275e45075c29711a498c,false
8171da88a49eba769d313a51591ee8575be59762,false
85ca089dde8814c4a42ad4574cddce25d60e5e25,false
4e7aa9e7f7a86ee0ea4b6801694c13151518cb52,false
4671429a509094f36e2294055340197091d39979,false
d78b04a3fca8d8887382606897d4a97e55062fda,false
6a3a046f55755f0691568431e68a8bfea8d89df0,false
0b8e01b4450d0ba8cb65751d866568fddc155fa4,false
03168a5d53457fdb8676a4ac9fca0f76a23c6852,false
f2dc38cda61f76c64b97ab9f730accc986a4b188,false
ef524f2cfd65377b3b9ce896e7a710472b13c0f6,false
03148dba6b26a2694da1d466584f50189c52e7b3,false
2f5a4f8dbc832b0daebcd66ea8b3969589191fa7,false
51c9829a9cdfa2bf301431f686d7a404cc7c5083,false
36071ca1f42a26ef327e9d14e4909a8c92cd4fae,false
a01e8b49ca66608f0bd46134ff02deeb5724c799,false
de03143f6ecf9a36dd32f16f07309c64d4de03b0,false
4affedec356ad8c9e6a107578f03fc7f5c615064,false
959b5df00431c436474c5abca304e631c0de7721,false
a42728568e18bedf588be2357b56021ab85b9fad,false
8009bd986940378bba1399dbfce90d03e441467b,false
08f1f0dc32004fae01cf96d1eed84e6461e698e5,false
ca520fb7e4c29afccc637e61c11429a0f3e8d5ad,false
2d9bb692728fd76b19e467499caa4f5fcb07aede,false
c33675f0251071ea47ce166b81ce8c637842f091,false
fc94599285aa1aec50b3c9426697249e55edda0a,false
1d8432ebfd1637eacab79a15e9b7963bf061371c,false
c4f5c2fb9afc1679c085500830bd53fab93ad885,false
1246f4088a4fdc00a79f8029ff5d77bfe4fc9b14,false
6dd92ae4b32c336564231e10db12458a8b9261ca,false
40e0024d7b87150ed694829a5335bd2435962225,false
7b5015010bc8c2a2d56c7c50b37e5b9facdad102,false
fb2d2e446bdd806ea3de7b869c7371e2dae57a23,false
26f86b1d4954dd7512684130ee803b42eca8d72e,false
b608785801ce819037cb6cca04c70fd398519c08,false
61d07b8be9beae54d1c367adfc845dcf30a1512a,false
f54c4fd04f326d94684c7fcbf12df5cecae653c4,false
6418551efb1d24320c261b1e24c186d5394e6dcf,false
7c9303b7502403c372171e1e045433b57259a56b,false
6d556acb3fcaa6eeff4bda8cf704ad5f0cf5b5ac,false
5348eff4457a528cd605bbbd5e0152c282819962,false
855e7e9327c0095f39b34bd56b08aa63c87f9dfd,false
f769e15fecf6e06c190133d85a3de6b703e4d1a1,false
aae5de730113e843864c120cc0453efc0a90b49f,false
0bb8b4f9a1c61fcf473e5ca7a10cc3ed4f30766f,false
8605cc310d260c3b08160881b09da26c2cc95f8d,false
9fbf9a062c11904b5022a5aa7941449e31340c32,false
791cdb28f593d4d7649d88407fcd193834512219,false
5310fc38227b1907cb541f4a30ea8dfef46c2e19,true
b9cae3564ad31876d977c24a09d760e77ca992f3,false
74862dcbca052ea0a994da3f507c00e9cc18821c,false
0b9c2b5eb1b604cd76d9252e8e9628df731ea572,false
fe6c279df12294e590e87705b0ba8728a3ed54c4,false
325dfa2469f86e03187b6d9e6aee4745b702c496,false
b4cd70d054a1514adaed893663cfa22b73114d1e,false
42dd94b7565052120423dbd86a5ab0f96938f8cc,false
bcf347fe8db124242da30b97c7e570f28c273d26,false
88ea383394b47278779031b47de23fbd5ba89dbe,false
fdf4d79bdc3a5872e99b4e9c9bc0e29cfd195cb4,false
764b4e4f7dbe48366d7f01d8bd0c56f4e76b79ee,false
123a1ad019a842a07a84aace66fd7a33f6f68cb9,false
42a46ed09b745c0560de354c0cb236295000f296,false
63593d281b7358a86a808cc0bf5e47107316403d,false
ab5492418694b5cc14601a953084d61f47785ea4,false
190059c8f01c6f75243824e765d08a7cce386eda,false
bf52a17902cdbc300ee91ec1b2e8d2b7890ba35c,false
13090389365184fc2291e2cc69fb9b2af5426585,false
94cf620914615b991063f00314ea1c8da9790c99,false
100776147a063dcf53f74678b045ac0f5d6386d4,false
3491465d55f093a498f2f496cd33bebba137518c,false
0770f5c6375e3e45fa3ac918217df5d885176173,false
73a47a0db1a181bb305684115d3dacded0c5a58b,true
ce18d4575dd8468878668d777d83448eeae4fd0d,false
976e792336fa6c4696f534ac1d537d2a86a75e72,false
56675b3bade603a458d01443bda8070ca0489005,false
166f5ed254d829b2d87fca241e1a22b0a64fff1c,false
84899948be190a5e180fdccb25e6d7a8498fee7c,false
a50a87c4ca7f44821e9561ae6b69300b8809c46c,false
c64a4e0befc0718500c544f5c847d6632b8fb598,false
6e2be6a0b3aba4ab49cf3ed1a10ac13c6b771aba,false
a99e408bd109783561d408ef34c286cdd9b51845,false
f878919753a909e45b2d5448aa175f4f9129ff24,false
3d320176813e87b8dccbbbc807133dfe6ce0bcde,false
07e515b071e32e1b22e9992cedabeb082a8cde6c,false
3088a9371e065808fd0091741f62bc242bcab1f9,false
ade490514dd6d83adc7610f69f9c4cd68df47110,true
36f105c2932af842de5d18899783f33078415c7f,false
5acc491c94262912baa30a4cffc780a46b7faf56,false
95750b3287bfa21fbb706f10a3a9fbcef01c089e,false
06ec917ddedc618944670b39ccd5f4cb862882b2,true
50a331307114a641d1d9447453f8fddc52fe680f,false
4ff9493e5765f3d2c2fd2dd1882791a75ad6fc68,false
a7ff9dbddd5f861463051601177442e98aae84bf,false
9f0b2429d638e54cb534b555c393d0770dfc1a8f,false
1404a85bc554f96bff5463e6eadb14662b945f2e,false
715f64d2afef0e5b9800f0e0fb0eb9c892e1573a,false
3a1e51865786474c44a04c0d422515047dd27223,false
268302fc68c35abd555a8c2d2755f14c96e1401d,false
9f6bc93e4de36fc209eb1203845e9505df1ca379,true
3c821a0fa45082bcec73dfb08662fb1de5263c48,false
75057bb4112d16acc7ed5dafce6a8168b343fd78,false
eae44e465b4bdd9440dbfa6e0c5bc45fd2c60ed8,false
af3b73f70d5fce72181530d384519ae31d77c772,false
3053fcdb0d6189ad1deca6fcfa16443dad4baf8c,false
f6b9efc1e9b94382b877c0d1ebe87956b78d012f,false
260b4dfe61cd35373eb4993453b500e1db71a753,false
5876a8fd96efa01958904ca0796eb4018222bf25,false
00f87f679cdd63b642675d86d073882fb8b19430,true
9cf2ea2abc5243d50c87612714904c6cb033f7cc,true
f014ce29a7cd5a3ccfabd61e7d66e017ed958e25,false
9d340ad7477774a19a7bdffc83d6cb8cb3e05edc,false
c0d3b6c3710025abb482b30d2f2b6e39a6934fa9,false
3eacc1d06816b2544e0242665fe909b24b027b21,false
7cf5a9bf6e34fc57f82e560f01c408fbe603e9d4,false
dbe0df756bf587b242f2406bef9e7e8ef26f0813,true
b6e73305392c9de052e51cca6fae8fee12ae231e,true
7e8019565f79e157fcc13cf285247070d69ef889,false
d73be4b709ab881ae15b9bd1064b16820f98a51b,false
3261357ba7f59e2eabeb96127b6253d1466b4db0,false
1cb75df8f1f9e7a768254fe2c9e2997f21152665,false
ebb07a06567d72acf47b3ee5553053216f978305,false
be15340e0f65e8785aff3033f0b2732ae31c6b81,false
dc3f13df54ba91649ecec2bdee6c24ca31a400a8,false
88f671aaaef334caf3231095b119cac094ff5ffb,false
a862ead5f22f9d4592c1c85bda285a4ded59b631,true
444e6425312a16589130ff36f2830b6f97fbbd4f,false
e0148a00c0f468784052926f80e8112be7686470,false
5c52fe980eda6065edcc39e6dd346636b1c40768,false
2f181e19496a1fe693d9b20260fe961bb406c53b,false
67f4b0f31538832f06b9351d15e30c85f449ac7e,false
c0a9f5d0c4f09dbe8b744609552cbbfa9f14fbc0,false
ef34638f5d24c07a5582cbb60755fd4dfbec9a79,false
5144d3b65a564c148e6ea12969303f58d137449b,false
0da39c76e3c67293aef2234b43aff8728d9002eb,false
0c54d0a0e5dfec25cd60329e09622d42905d0969,false
c21caa5047f966aa5f6a3d0e5e4611abd44ae861,false
a9bb965b6dcd931cefdc7dd05fa4c672b5dff69c,false
58fa088abc0f0e511d934e822f917b796d418bb3,false
85d43079d137c3f15e3ed7a9545ba2db92718194,false
5c9ef2c44dce5afc99a0b3b539ebaafe9b8ce3c5,false
4395e9493cc33d49b53889f9f726458f05f1a475,false
36e24299e35cd0c6a593d9eea3130a7737a15eea,false
3ac4ec670c881668aaedb2c3937bae5e10984988,false
d22428bc8e8c3cf5e6006497cb8164decde31924,false
606b006e2391d12fec5313ce606d82463d7aad07,false
f419937d2c5f2db16a8157a0a061b92c38876649,false
41de12984495198423cbce73ac059ccee0fbfd30,false
4559e4f0f14272fb4fb31f3bf79bf592a9f781df,false
13933eeaf8b6c7685aaf1c769efe97763d64ea0d,false
2ba88eefb54f76fc974181babac07ffc7c1f7e73,true
36717b02731ad7d86ba8effbe27e70405e48cd9b,false
31493850de3d7765d09419aa49b98089f79da3c2,false
f1603d33f266ab24eda604f76632fa604b91e3f9,true
a9284afde97c30d136e8ec675794c7cdcf4ca277,false
8d49440d8b881b2df2c10085a58d3a4e4085147e,false
a7266ffb90d109f94da96e9eea5f5bb4ff8ddc71,false
eeb0e949518720ff5302bcf336fc72dea44737d0,false
7e1db5978c3c7aedcb43d7e2036edc85b0a22a6b,false
75461c1467bbb2d83ee787bb13f4a338a4b8ad3e,false
36f659b82b9079ec8492c1b52a0c0b058ebdf2eb,false
d0eefb01d16bd058172363a9847b5d98ccd1abc9,false
9248a7baca5bc616a60f9b63b525e872fbfddef2,true
ce53d10236279e4798365d991ab4ff838cb16d36,false
dffb3d091c0e42b7254fe88218811c24c0054f7e,false
67fc46526234653b0a519e9f1e8a05a2c40c80f8,false
f345af8d9d33e6164747c865c29a72186a470c22,false
9da5795d79196e13d802915509180118809042a7,false
720bede150d835be0ffedf4d480482552c90908d,false
bc0c0559e384dc88441775a3907487f4a2b515b4,false
a921aef6c47cecbacef5173f03c07c52e6bc8fea,true
a76aabc7f07c06bd155aace787ed811961aacaa7,false
f6da77e894a939b838e02fb744fa3031abfc96ec,false
7f837901cb9b3ba7d68ea0a983d86dfc508a9c6d,false
745638e774063de206aae930df71789de13e7c73,false
b93ec1465be95a8303cbed99589273f562928103,false
da8f88a22eab8195e48fa4ef63c6a3195c860eb0,false
de909b3bdfcebe6bb56e0910ab9f36ad741b68f2,false
34e3d64892f2281aa1b6f6357c345b0a357ee51a,false
4156bd412f2c27359844fbacdae1eb4983c94b8b,false
2d87e9bc37ef1ce8f9068fac92783a4fe3d3d382,false
5bb2b55a2880b3c91dbcd6580f3d25ee23c6655c,false
f80e1d3b5ab8e718cc67c814cbfd9aee9c95f45f,false
9fa4f94ad885ea98bad8708da6e3e9d15130bb4d,false
b0ab127015186e1a2918221ffad8d79ca346faf5,false
e0fa5aec3a13d9c3e8e27b53526fcee56ac0298d,false
07581b2404924fe1833f596cfa09caf69868ad5b,false
f4269b1fe7fe4c17a99bc7ca0dddafd17bed14e9,false
e409bc792d4419ed588afbc60c53b61923c415a7,false
93a8ca02822d07cd9f13495f53d27ab22e9adf3a,false
a5a41d40aaa9f6ed70b487133ddaf48ceb3d054f,true
693e4449f87950c764a928690f4437fd6b1b4d7d,false
35ed617fe41b184288892f733ce07d94391b76b1,false
931dcc4c80331d372d70d7a0a5c8e6d49223e2bf,false
b18560fcaa1739c81ff273951ebc6fa3c96fda2b,false
c6e6792cd52022add8455fc792b2ca73c62d3d65,false
8c26bec55c13804a01c11931263c9e9e4dab4afb,false
e7f67e13339073007a84271cce91200bfdb81006,false
ea5e654e9e19aab5089f9a71e679bcca11581e86,false
267f5f5c82a1ec9966bfb4e1e0c3f7cc4c80ed12,false
54c3df60cd533ea80d347f6715ee84f6a560b5d5,false
7bb0e33a687b3498c401a8dbcf7864d543a1817a,false
68278fd78e15e3ef6a591f3f2b6cc700d1e4d6dd,false
e84140aba2786655bbddcedb363d16de1e285441,false
b26aeba972686b9cb9a9b111e1bc8997e1f259c8,false
4d16486132c349cdc7d473ef3c238dfa3f9d5385,false
c4cac0abc1a04710a25dcfc8d7f1b2de173546a8,false
395ff8120ccf055614d03db7d2360ab1182c7c10,false
e52f073e3e76a88e24a8a63eb5491dfc6e537a40,false
854e0e26d16408760072308c44b9160a9fb39abd,false
a5421c29acb6bfbd095dbeb4c8180a61bd1d4dab,false
cbcd15c3b55cfb05f1b27aa2343f909876f8d3d4,false
aa654128cf72e5a16a480eb59fc1ad551d39f5d9,false
664c64e0aafeb828911e97d31077c913ae2dd79a,false
cc8332e9d99c08b77614e5acd7bd0e6d08dc29b6,false
9d98ad5e079b88fd9da87e47d55a11e465ab6bb0,false
ef0dc1800f7558abbefe070f361b97b9161b2452,false
133920c83bf78db17631b637b8b2ffabcb26f3d4,false
7829e6ec98f9c84159dcb2aa9fb210b88d97dd33,false
6c095deda51efb34cd18bd23411ebd6f2a0cdfe0,false
9d19b77acf413de77b39ed1c6d972fb1e5fef1c3,false
58285b61fffa1113701686c6bcdbf54ef529e440,false
1264c458ae808d306aa03c51f70103e52dca107b,false
74d458b40c0bdb140e7feab9af407642eb3dcea1,false
8d356d7cda963e2fa6437c5a5fef035e13cc80c5,false
e432d833b5f7b4c27e2dca5d5125bbf78a46327d,false
35fd6eb22c4dec893770dd5720a51608a06fb8cd,false
672eaf7abf1452750688eeb4e294aca22cd3272a,false
99c6287ce2319224f3a188f75641a9443466ab85,false
78fc9949aa7055f2e14825cec3c28bc35c42700f,false
182ee31503ea8a9eefd0d7063bd7fbdde991e13b,false
02b916d509422a4703df5110110686288666d3d5,false
dfecc86dd315586bec8f5f0838195d03ba7165d3,false
ce6e4cbd73d57cb8c1bba85c46490f71061f865f,false
d29a9765a5b7014d3a52272f80ee90f4d98cf799,false
4ca1d0a2ed7639d3f1d2e466a777f7e6b0e8aa0a,false
6913dc173303de9534c32d716c22b7f371ab6303,false
6cb0855e2dd181df5353fc1be9b437c7bc92eb2f,true
9959ddd3da09f619d467891b194389851cf50367,false
dba42ae968a1cfa6cc6a3ead99ded554a710f041,false
8e4bcaf57630b5449999594063ffe8dc104e316a,false
63caf6e15882292832485372cd86b8265a007f92,false
a224fecfd57a77c3f7279102dcc0b332a6858065,false
7a4b6088395387abe4127c9650f9cbaac11a0ec4,false
50bca8c2d34b4b31ffcc98f6ced44b18de3c78b0,false
a6617f44c0416c6877d930b312e1f64df08eca0e,false
707b30749daf407c07b5b265bd892564576ad80a,false
ee69fb58906818f50a2afe71e4ecde7af96b791a,false
216472b43dbb2c2501ab7f8b3e5ae861a082db3f,false
33e7f2b990e3889d6aa9cffef4a4c9d7d0923698,true
b4d576bce249322605094525491ccba091704a35,false
937360877bd425543e06decd68a62e086b78bf6b,false
bc00fd1e83f23f57dd6a765b6a4bab2394584ae6,false
9983e847425621b5e474ae9da6822f1af0b0cc1f,true
1ffa295d933c7e0cd1ee14c1592c40f72b9f22bb,false
7dae84f0027945bac29b45b63fdc0f795a5a813a,false
f904ef27d3d1f4e03972c34858787294c74c164f,false
12c2cb5e12895a0d16b37b7a9e9a96d69a34c36e,false
cc7876f97fbc787ac7702453bdc62541f8ea47f6,false
e67903d134039b2452b2a3806e10451491ce768d,false
e7a9df784c9edee7742052aadacc2389bf21230c,false
2fb09d07f29aaacac3afd6b64c997e761a292864,false
88a031ab24b0e7e2a5190f9e48f80f2b21aba1a0,false
e3de5e6ca39e024874cb465c9047b65373d73b64,false
51a5add86d0fa9889b69d51d45d06a2ac4c5df9f,false
06ed3e1e8888b73794876d39a53382eb45a54fe2,false
f5fb4576577cbedcedba9eb16d9fdace18c9292c,false
ca0aa9533f7c3a925f1115581872793bdf34bb34,false
235d693bfc5633aae310ab3dc35e86c8892a0b2b,false
5a5a4a85bf1cfe783e7009d463aa16368dd5c92f,false
d02d01adaa5754ad694b3fee7e32aaa19a502054,false
1762ea5a2bee7539381c701c4d1534c4af9c2e37,false
54d22f1c5537c957ed555c20e6cd8198346289e5,false
9ecb9edc0644e9c40a0089d680783df5dbffb3d7,false
3e2a2114fd952b489515b63ca0cfa9899455583a,false
223d44dca8e28c95ffb841118b93b1d36bf9b092,false
41f5ad9b1539410507455db6df1424d1a7215b05,false
540eca16f8a5963a74298f3630523fd9ad49187a,false
33a035bb0ec07a4ca92f1397e7caeb7714c57bd6,false
52f38bbf8bee2f7b5aa4fe708dc304cb590d3a0b,false
20c2e53893c202a4555bd7390672ee948fa6b1e0,false
ea72e272a677365a60f1c412f91ebfac58ba13bb,false
f66c252e47c63d7961b8d2c00acdf5aed11eb851,false
387be22f26b8065d29e311723bb8a50a74248534,false
e429b69d162b8ec89bbad663ba75599e338bb34f,false
03c4bb4abc3bd8120ba3e5ea493447be2ad57711,false
7083b35e6af836eeeca661f5a1ba9896bc60ebb3,false
d44b12774879cba83bf33c8ed7733157ab84d778,false
fe35105bec80bbb7cbba1b1d6414612fe85873cd,false
7698c3fd14692aeb947d22d0822df061e4312b03,false
1592c53a664c82d9badac81fa0104af226cce5a7,false
528ae04be024ea27881f4c45e23590c011a8ea66,false
b3f342e1816e86be3c367c42a6dd7a9c2bd6dcc9,false
7503fc81752d4917fc4a9da808ee6bc37f474ff1,false
c68cf834330f94e3018d660a6fc967c16e374762,false
cf29877075a21d5fc4c08780f09bfa9865ad1586,false
14fde0779851866ee00a12b4353f1091d3999428,false
f3dd3da59e269cdf50839d9b0e86fa2849516483,false
f5e533076fb6f0102bcba9ddb24f905045fa6504,false
4a0c0446da3fc278a5cdc2587191f6df66489d02,false
67f3f1bac5cfadfa5398e18dd232d279576cf85c,false
824c10c6e4d9c2235d41a2276a0158b1456c3b06,false
b5db6bf529706da651389ef51b0fce87a89a47e8,false
87c2c794421f8a39aa98a35f518613cfd38852d5,false
5ede53066fc26d993dd229fe0c54209e700f4c09,false
505c530c9a4c8f1b6b063bcb481a4fdcf3897709,false
ee5eafa7951bf636bdf345cb072f89947e265867,false
24754114fc023c92385a1f9bfef141d93a9c8f9b,false
4ed7a923f53c71339251dd1ccd681f424b061bd1,false
55040d3efa2d608eb4daa1ed7086e0bd36cfd252,false
f195d9244756b9809bd2b00601b437f3e278b0b9,false
7ea1b801cc1f7d09ee18e8d70957c9d34b870700,false
bcd746e8cf0fc5f405c5f32b80517a4390de6fd9,false
9373a71c263a63eca3c466cbc5b175ed5d4999d5,false
881aa3ab2dad11edcddd0d5996fea9bdc3132224,false
f5d2d324b5a1cc9d7ab14ab40488d8b7f4b8c616,false
e75322206d2fd1c483494fea7bfba367cdcdd9b2,false
d0357b44b02324b85af42052487eab13d0b75f81,false
bc662a546ed9028d93482f79314e64beae19a1d6,false
3ab318a7ddca819e13d6d161b008b62b6583453e,false
b2c7efd0fabcc0514e27d03ed30f5f8af1de1065,false
a154c87cfca3e21316552b2ec558029f9c96122a,false
ee16a68bbd7caf4c8e79c5d6859f72ad38539bbf,false
d0dc89ea802130e8a3a16b4fba73fa10815c09fb,false
c4f64c1c475badaeef009ad46846e32a8e5c9b66,false
1a69c7d4bf4d87d00b5fb2551ea39ee7c932768b,false
7599046d042d1bb3f2db6cdcd6458338802901c4,false
10fff189813fcc18b0ef49b2028426b21f6325a8,false
81148db5b649c2db9b3ea1156d684ecdf6ab9938,false
8798b4b7112fb984bd244c8581ab03ef4a7ba766,false
dd59d7241d0ebc713d51ab939f53ebd0df8b2dac,false
4f8ee8f12946b224e5003405be99aa4e454bdeee,false
88d9315d1955ea4ee99f53e21593a0d1d9047ed0,false
d0c6ad7d287e543fcc941aa2b42557e06b9dc142,false
532347d6adf1da64259f1af91860d5fa27bac9f1,false
fedc06c2950a4c9930082a014d0f8da6ee0193be,false
15012af70017962c2a22bc3fe670b9cc50782366,false
31d359694aeb4ef8770e7d2ba14ae479c23006a2,false
a38dcd5e2bed1bcf2c1fc319fa9c3bc35e360fe0,false
a3c9494f67a0e89d44f459dac9eb9d0bc9b9025b,false
665fa2a32b5ff2b1c1887a48ed69329110a555f7,false
d67a36cbdb20bfd9cd9931bceb8e6e3c27e9263f,false
f694456ff623941020da16839b7edd95248ed26e,false
b551f15b22c1d7d7749901e8d186246fb12038e8,false
f4d8f85a7440f1f533d769c92b27df61e305ce91,false
2b00ec4017ee6b930bb805c294a459f112e4bc80,false
362cf493c42deaa417aa42a402852679ac349a4d,false
9e1111c2fbc2c7670eb489df0262a90417b96019,true
bca1acf1f38b0bb6d461fbbc486d6c95eafe0b30,false
80eb6cfffc3f3fe6e448aa0e26ba1566d4c42917,false
51a89bf35ec6231d55f5caa8e12484e801f593fe,false
f1cde5bbfcb7f0466ad35511ffe2e31ea57756d6,false
8945a97a42d6475b1ee9fcb2689dc65dfce9828f,true
09e7b5eb2f3a3da0b09ffe4cd3cad8b028530874,false
b7109865a352e6bbee55247731136a46e1bab04d,false
ac13deff401069c3854acca10c926119c6e1cbe0,false
c34b03e9a677e467ea420d4286d4350ed429a4b8,false
df3f8940c30447f28f2ddf2a5f764cf543755f0d,false
e5d82020384ae527c36424b52612bbe625db9268,false
77e2fbf249031a7adb7e745f15ad5645027b5994,false
56796f0f439a5c0e00d7b3d73a662a2a8e11e7c1,false
da514b398429653dbd368c6da48c9863d3c2632f,true
60e143ecb63df6d820dacb1ac6416e0c73714524,false
77743a5f15ddbc7d826abd4f189217bef88991b6,false
b7c0e564d4c8ddd82550f2c2958672558c1c657b,false
34fcd19306dca6359d351bb987b686ca12bb2ab6,false
5dd4e9f318e3bb27967d86f42be64fa839967145,false
4c937be2524de0fddc2d2f7f39b09677497260aa,false
3f7ab1797730b8d07497744878d109baa9b235a5,false
98ea6579c80fc7754eef433e3d6a0f232b8be75a,false
596ae0ced530adef7021c134b3b89e74154d7eb6,false
0a93c552cc3318396e44c6ab1282190898ce0012,true
b004324dbbf79177d204507e45b0ec5eb74c7d5a,false
16e4d5a6553ff9c89a61c44ddec7da21126b631a,false
f1a6fbe250ccf5407b45a398d05bf63bc99c3105,false
0198313a22a98361947fceb8544c355be676f784,false
f3b6d94bf732a913aaf2005ad2656ee31ef8f6c6,false
d12d73263f5d1664a65a42f71f19158b7e07ef2c,true
a5325686804d5cda46ef2ead7a368ffcceb99690,false
5e1b1030e8edecb0c9652f2a406933c049ea2397,false
6e52355eb303e1b47f7b83ddbb94ff432e2df139,false
ed16ae2183ad44a7ba89aedd331a180455ed0836,true
aa3d8398fd1a38b449b64fea4979f358f3c711e3,false
85ff63c32e7237280bff3293481a371fb3da180c,true
f8f8463f3a0e260604b066de56b0a8c7d3a86db4,false
b1790cca55956c0cda132ac2fa6a2fb53fd2d009,false
f5b8c082847baa8a902cef22c43a5d50d7a55bdc,true
4aeb44567ab46951a534fa2836b392ed21b1532b,false
54ebd88f451cf58b7d07781692fafc465c94305f,false
bc8e021b34a696660410ee60e61664ab969e5cf3,false
e84ca8ed94d36e57f7ab8a547096ce7f61c06f5c,false
793a56bc8b3a42601f0d3e9b6a1f0f73a9c31c33,false
1202996c634b23f82421753cb7c46a5ccdf7aca2,true
c83b5555f05ebcff450908684bbf793ca561bea2,false
b4b2f42f48684fbb4c2d56f4f83d01b2be421a39,false
82b143f9720ea5837289af32785ce5ef951943d9,false
dbb3620792eda43d5f778c7f9019609f62ad2bb9,false
70dc2b66a0d02a23546ad8d48b7fca1c21997ae6,false
e20534dbf513417cd500ca6c4d473da3c155710b,false
6fc1492357a94ab553fe7ef16a7a2235d05f5a1d,false
90b8df3e4ce762ac4de4a6fabd8fb34532bedd5e,false
a59dfe4a77ecfd8740cf55a719c88eedee07fb5c,false
e0712b47c6e5bc98f2afd8b0a82cc5005dc58722,false
c360f005c354f406735f4119d057a75b24e7baf1,false
91e9632a379ebdd778c229a6da86d11140fa7f17,false
a3a72e2d8d8df53164689fd84a5db2c6cd04f28a,false
e5008386b1a7e0ef3ebb5a4082bf2176d7169ab9,false
b6cae028f7a2c77108e5ef91e34c285a9ae7ad81,false
405d4492e41b50f204d7e7d55aa0ac8f11edda1a,false
3ebc97a7809a15ae5f362d1330552db1efdec525,false
97d2a198e216b29be5533dfba81525481bc9c1e5,false
5d011c356dfc659a4c2ef66e8c847d489aef4e9c,false
2b103134cf165ba453d5492e1a73b57b1e5bef1e,false
05519a85da1b26d73bc9215aa7f5cd357404f397,false
2a0e71f08140fe5c8d32ffed350ba403101f27cc,false
fd06bcfbf03efd496697083666953748ef3fe7a3,false
4a2d2ba3b8259165a97dc80890547f97d7e35ff5,false
0d9b6347d6c77762fb888c067e91e428d65b8601,false
27d28dcef4cee8765dcd7a567689d35a41ddcd75,false
2912ff6f6e85983c372e1bc481337f3fdf6c7b9d,false
cd4833222eccf7e70380a42b69d5e766a84a6b63,false
9991cfa96b8babe1c59bb4b3548df76e01af07f6,false
8837678a088ad4ec710d78de3c30f87be2d13de6,false
e269c8eb727bdf72a0ca22e42b895dd37f3670c8,false
cb660cd1f1a30f67d8ea2b305d635ce573d239c6,false
559d2810d7b6f2938cac402636cc689016f28520,false
c0abdc4fa5bd63d38974a0c8f28d4b3ba6ca5eb3,false
3b0eb0f3ca45786135cacfc380bfdb51e7744e46,false
c5b1755317c7bdfc20f4395a9a29a83b5b9cfd43,false
05108673685c709c9929ab0e76451b74d51fb79b,false
80268a408b981254bbf2bd318aaade9a21a281ef,false
b49afa21ade898061d279ea20ba964d7e583c419,false
7680d52f42a562eda2e3f75b34118abb08d93414,false
dcf5dff414f2f4b9b24047510d3fa7ac643e971f,false
3adc9de5ec39e65f64bcd684613c64b29131a64e,false
66c13955895c7afb849513d9d0ff0f7f8361c511,false
f4bfae622b5515ebde795fb71e3cc128cc0d5ead,false
cb79b58053c34dc222c84584da506650ec64ee6f,false
b2fb2245f1a115c65cba42c6c34f0eae30da4c6c,false
63114529ed51213832c9ada0b6216ec9e8e22052,false
a993a314fe7be148747cf804167d45f2ea8bf18e,false
a7d83a9f8008a58813e4495dd8b00d14214a51ad,false
3a80ecc66057d97e3a0ceb40e99ea7bde035381b,false
fee5bdafe84bfcec492c2643544373c71f1e82a8,false
498db01310289cdb9cf771b4432648096628cb21,false
312dfb43735dfaf063f58f8115c61331990302f6,false
9de61ea980edbd8fc3e2c459d3276b8f23d1428c,false
4c5c644fbf8e94096eb1a61d76855a98687cdb89,false
2401d86008bb68f5f0368fbfe8d5797a8ef75903,false
c6f55b5dbd1c5f08e56aa13b61b9b9912b5b4f21,false
385e67422ba1d590cf65e81dc7a85c916ada62e8,false
e3f440d80ffedcc2adb0f058e06a3ee6c56710d9,false
54c126e7872b30dc9e5e28303eceea9e827e0231,false
d455135338d84dfac2a2b98f52cde1d43dd87681,false
63a37b75aca15085e685d99f8b7a2e79c83e1f57,false
140fc45ebd052ea07492c068e45d755d4b42c65c,false
8bd8b014a8393d4b94e6fd192b64e3a2d2f65fce,false
4ab21cd7489e6a7b4e64beda7d8e44fd93557964,false
c468ad0bfe8608d28e65a0a2c8ba1093dbd7167c,false
6aeb6a09aff3115466eb39253ec236ec98348d9e,false
4cd5201cdd03e14edbceb24620717bbe82300524,false
89ed7e616e8b1bd16285703e44ecb40c953671cb,false
27ce5cc0a139d06ed83bd60ace20ad38cdf4ec8f,false
3da165f2f56fe7f1b71242157fd4d02d3e37128f,false
2594602076e223f237a5cf4d0f8742ebc3ad3ab1,false
c18f032a822fa6db560c440d7faa7c615826aa30,false
28f7c1956bc60a81be9a9e5935d72d25b444f3f3,false
5cadd9d34da46b909f91a5379d41b90f258d5998,false
16b101edb6c10a984b0f2960feeeca5a458845a1,false
3e297e89d895262e4cf18bfa860f83fbe4b86a61,false
0906f7d58930e047f7ec67290997b552e587e219,false
750c3a07d8a82bde3cf8d60c7ef29e26ef149a1c,false
3561a398b1a9ad4cfe7f056fe10811930f54b502,false
43ae651c3091a9c1252726310abe5c9116ee2e53,false
dbf55de7e8bfcf7cde967aa72ea006b764d484ac,true
8a14a875d26dc0923c4c52ed1e56eb112d81e723,false
8e7d29176a191bddf819fab9ef629491a769d797,false
738c66eff30d1a5f5672c22a32a02c29d9c38a2b,false
952967fcab0ffccc6b67485e8eed994a69d38d03,false
ed1b34c7249cc79c3287e5becbdfeca6d2155014,false
801918603cb075f96ff6c08a6fc6fb165f1eecda,false
778e44e39eb42ff6cbee376ce40d1a52a25cb0ce,false
138faab1213bd4010d8cfeb505b0e5f9aafd1345,false
d09aa3765087bf6e8b8323008e4c1f160db2cd3f,false
f52f4fd31b9858f8b42be3fbb2818440e58978b4,false
ff2786d8afd6eba92ad75a22c2ad9275bd970f57,false
549af6229039e7fed7bcb2079737e45c27af998e,false
c9002569c9abfa715e491aa636555e51ddf85d50,false
d17b6d738a0e9f8a3dcf4996a65de6e3347acae6,false
faa1c71e455a99e9b098aa9bb4667c07a1bab6aa,true
fda14678c07d036ef3a1984a4e346e793cc5a63c,true
a354c393aed6d87ad62369cca046f0aff70254c1,false
c41a1cd8dca1110ca22da93fb80111b29c7e5740,false
38107c752cf959ad69cf4f35886946bc947f2bd3,false
a3a843999b8f98a96fb44f573515d44648d72bab,true
9a21c34bb63c2343b7c8c6bcfc51fc72030909ed,false
6b5ba145213d49078dc03f3f62fb3ad5aa139e68,false
a3f78af87019bfd89063cf5bc0c19f27325f36c1,false
36a421bb3a235f696131bc8a546492fc04a411f0,true
0566abc28da9c997a9f7ac7b38066075a7a81cd8,false
780bcf365c40bbcca14a980d87d642e162f3fd41,false
d903f55e835dd143afb6e0079376525718ffb5a9,false
6fca662c841797a2006999c699a6738b20af1d4e,false
2a73bbc436041875f81aeffd5b8f13c6da8fcf19,false
6e3dd9b3ce3ddb6ae1689654ce6dc2e71742c8a7,true
c62422c3181f2f8332893b06ee83581d63bceac8,false
eb67242e1cb08566a1cd2489933479368a48b4a5,false
1e4e578d73b78e2e11696b2e2d0763fd00367521,false
216478f715b330e7d9298c6a11d3e5c0a1e790f8,false
6875a057ec97fb17927b951cd1e5baeef2cf81d8,false
085faf2a776020c9422bf57b5e37b05705d6b95f,false
325b96099a7221d54b57429d505aaae4d9f67400,false
1f6321a1cbf0e2a40f0b2852ebf763e1160ec7ac,false
405c2992f8de441789a1ed82045ab77cefbbedfc,false
1d2a308c202f401446fa1f092fe0af904ac0230d,false
5ecf01dd4eece07d6d724caebc44a0c568b58d7c,false
88883aa6db3b27f132000a4cf2a99c1fbbe941c9,true
a327452540bbcffe73207f8164504115b6c9e856,false
d4c44a7d8c1554dfafc240f6a1714bc58fdc05f5,false
60177639f4ec207b43e94cd59c5bad1a7a67938b,false
693b3b7621f7bf1a1aa5eaae90fc48179c0d3088,false
ce4f81f1c235dad3667885398794112690fa0462,false
d8f521e1ff200918e2bdeb526e535252763e653a,false
94a7312d5ac5e2f949c4e27ecf2a273cec3d8c0c,false
4f1b086218437870c0d36b4b9b36c5376cad9206,false
1c24b62727704016813a44d7c677ead0b6638c91,false
09a06abb774062e72d106fa2a732dcad8fd96c56,false
67f483bf647549d6f3a6a3b5f73a2bf913a0b25c,false
858806da69f9f46eb4abaf67bf78d864ea104760,false
ed517c7215fc17a46f85c2c0324d519572b67f6b,false
2ac1b7d4388209d8e1309ed5b43ebe8d023eaa53,false
8569dfee6136bfda4a5fa2297aed3d82700bb1a5,false
164067920ba7832e587a24725384789ab92bd55f,false
4b65c7ed5a31d56e194817231eb88e1083ba285d,false
fb88d9d0253bffdd67665d2e1b761bd3d9986804,false
ed70b42798a31bce951917ff22b996c810e2c3a9,true
b92120b190e92288468d8617bc0e270dbf32ea71,true
11c66be80e3e249c5f14dd9a23f49a073cd03903,false
4c76607553e92f6e1b03930e053cc7078fc32f8d,true
9ae4eba9861bfa959bac6adfaf5842ef7d937eb6,true
384ad219cbde8ecbea79d41815d9ab2d70e3123c,false
7afd49c6488461a82505654a88861cdb16356b74,false
4a45345fc44f60275b91c47031dd44abce02f596,false
24c1713ff5f08ee1a2fa0adf9774328b719d3870,false
402f12bb6d578b767dfd637400f9194736458795,false
07688d7b9302fd47cfd0ea053171ad6561c3f9b9,false
99be2ec022e2ceb1c21527c8278a7179630430d5,false
b0ca7e5af15ef2218b9726aba1d8948a409dedb9,false
8a73097fe528430eb77ac26c81ba85229a8af553,false
785e94bf1e914c00a74b92e3549f86826d947f5b,false
4228d7281fd995beda447ee016b304b6c3764f3f,false
94f90bc4eb88224d6639cbe94c4e88d8299644e2,false
0bf777ed81d5296fb722931d35e5db4333e3de39,true
6562f2e152222e473d07e24f43f1cfe091675854,false
1643e5c39157e4f43d20b965c9967eeec8e90700,false
8ed051d5b5f136397e26dc20845869366afc2cae,false
b49de851d943c24a565488a51b8f11fbfd5ad796,false
00c5b7a937b63378394fc6fc576aa6c27106d6d6,false
3deae1bd48bf7dfad863afae4d368993fc9bafe1,false
b3fc9eb36b8021ad966be57532a5fa5ae4231e13,false
da00160db61050da73213ecede1fffaf42f2fdf6,false
4141afa22b6a52279098ef39413f97773c1b75bf,false
6bdde49348f6c4634a42b76c3c66fad163a2e3e6,false
4046d3bd30729324ff4548a42dfcc2d4f821bb5d,false
15ae22494df135b0e332aefb9abc43fb42a87d4c,false
5764f3abd2e8e211545f9cb362e95e30a76a87d3,true
f58c98904f83aeff934b66d87b4e42a06ceb840d,false
5cc40f4728d5b5356cf49b7dfaa2b130e0b0aedf,false
fa9817778c83eb35b9c2c4332ccb7e5190d1ffa2,false
04e70bd5c7bd80696eabaea11afd9080d874f859,false
45b97d14e3ab7a8b7e6010bb6490a87b00c2ae2b,false
34a494713c085926d023f8e8f9cf6f0c40bab660,false
235369fd613b72c1767b2b20d9f94dee1d6090d5,false
fbd488678f93c13527a9fba252bd89b53abec5e9,false
60de3f295b0dc90635998772e7651b09aa75fab1,false
c1c20ac108bab9daea0c4741e19a68a2186db6e3,false
67581795c4b1d5d27aaadf71f82bb6862887ba74,false
1a7f579ece2528e73d9959d6fe4c8d7172fc3959,false
43cf3f307fc872b37de8b8fe986d4af17f767d63,false
97efffad9a9858c0d966723d543e1186629631d4,false
dd75cc9e28fc2bed7783cbc65182b9fc3d9c94b0,false
fd0862c77d70aa239e9b687818abf0e8ef8dd743,false
4c8c503326f8b26787945082007a294dff4c255b,false
0da56d7f5cfb6a637129444bfe0d6bf2584363ac,false
5910ef8a439196075f16e8d19d72c8bcb704a62f,false
1446614915b9ab4f75cbdfd79a80b71492b00276,false
a06cd0a64418f2aafafb0a574c64c2ea5f3e9239,false
a2225bf57e7c20f5c63c3c2b79db397f3724c1dc,false
709ecefee1859cf16cc8bdfa642e39fbc6b4421e,false
0e4cd2e6512c66ba004df0f35f3a21e8cfcdf77c,true
7ed3196e8d1861acd027c409c47e51cce812ba63,false
0ecc686372f577ccbcbcb818e1386ceb7bd9391d,false
1dd83964f0c1fb3c4772cf24880f5aeb3f282f66,false
3c7b5a68f1ede9c870ae76f44e2dde6102843e54,false
d8fcd4260e9194a03267ddb913a8b5d7cf0948d2,false
e774e3a69eeb9a811a22e73ff87267e8bf4f9027,false
a4ea3159a27d775b53774cea2d47c733a460fb93,false
017117778ec477205eaba6acab951951808a60a5,false
9d84a3458b3f3dd5d30d7d6125b7e43bbe169fdd,false
c6e4d743a93d8999a8d95044b6d89132e25cb7d9,false
15c937b316b16b12df2375c706bcc93e3d37d33e,false
e3d577cc2a87cee4e45f9939df1d6d5d99f4d943,false
74514fc83795d5ca705f67333993b5c7f9d01316,false
19dfe5f6310188c25e5e3efcd4581b08bd9f98ff,false
8b974eb35523fde507055a27f70484133bb21b79,false
57920a5808c03d7d035f592a13a71ba627fe85da,true
41952d2b259efdd89634aef7f47afc4cef6e7190,true
ea77d5e12d5148e8f42e449deac64f363c5db484,false
d90765b0265eec81130172efe3250cd1e3c900bd,false
2a81c8a822e166299fed27a403a59a004f689d37,false
9c00f8b78772b29288a480df4def4242262cc6e4,false
7242abcfb22c5b7321dc658766e8b6f5486ff1c3,false
f2f806285de4505709c1f5a7811ad5c86dbe7580,false
34e6933832f16a2031691b7397e42d9d157bd054,false
e3f2dd8f080115d626437bbee3631f7cf5560ca5,false
e71a5ff8de93801c30ed6daecac4b8502aa86813,false
ba6bf23e0d08ca0b9163b4e5c37b3d2fd274b1b2,false
a9fc040c39109f86f3ea98440215b4a54f291f53,false
115d31ddbfac0773794f115eada88a75d651a0f2,false
b51ecd7f212588b3d7363db90a4ab8318ec2fa80,false
086ecdb91829d43a9b948c6d97524d8de18e2fa4,true
673fa18e6d3cb03bf1db1ba3b0322f7211412ecf,false
7a08331ac062ee1e2ae3c7547f77c2d342ddb3df,false
f7e71b518f30923f494750e476f30d91c415723e,false
5da1fc22153032923b1560a34a0f346d6517a12d,false
4d6cd1a3901495f66513934bb7e1a6ac58116400,false
db28217574c119b65f4a5c9dcc7922656d60f22b,true
8017febac4d8cfec57378a6d5514ab19957f8cdc,true
9beee51b0b1c190a90bdfae946a66ca0dddf0631,false
c7ff139481f96316d740a34f01cfd0f25e449848,false
0baa4800d6bce0560b74a6febc2b17ff6d418aaf,false
aaa24fc05ab173d1d0b08379e6e9c7b38ad9bfc9,false
f5ec9952decda8731a1f40ba788ba06d12c0229b,false
1f31ec4bea20e67f1870a0857c869eafa109c4d4,false
cb604e39bb3cc06a2c45a72dc6100d2aef191e76,false
6dae36f94db40d242fee73d10467a25cfa90b580,false
5e91b0c352d6493b2669c6da413fd0ed65cb6b7c,false
479e242afc0665306745ea1845ba47ceaaede770,false
6d072f00adb12569380becd17f277b5456ad07c0,false
670d2bcf7aaf6be3701aa58fb2ad39d3bb80e071,false
cbfacd8962587d864e89d876e772fb4c1234f94d,false
a05f47059b3cd3ae70ee7e904ec902c8ea82476c,false
10104e98cf89b1e57f8359b0209307fefaee2ea1,false
17d1ade6b956a1dc508f096f951fc52800b2a20e,false
aa863efd9294dcd8afef6e5fa590ae2f88cbb0a2,true
9770054dee42df5e5a1f4dcf5c46e444ac86cb76,false
6094c8536bb9ac90abbca5c970bdc1bd645395ba,false
99bb902cc351c32c4646d6baeaa3de3bc9086718,false
60bd6209472bf47ddfc31e01b9150739219f6278,false
207a7908e87e994f5ee53f9eb2cb83c9faedd9d9,false
c9cd6084c28a319985420cce401c810cf5236176,false
b4ffa4d9ac9cd652e94a97fa633f021d2f934582,false
bfd67764fb48311e6a7ddcc85244726d70af677b,false
311c244f2e9fdfa0a39cbf1b8372cb6a5fe6fb90,false
20bf8edcf4efed9405c6148ee070c22c32fbb7ea,false
3b313b1da96e55cb6178f71e847b28e83970fe7b,false
0313c8b24a40d016e6b64495ce72ed912ce0fc24,false
2647bec408b676e5639d3d20ce4c1f9a53188463,false
3d6e3e48ad2445c80761c930ddfbe0ce24be3eb3,false
5127b8bd26a58cb9ac8214a89cee16eb14349e59,false
207006f4c3ad0dc74a1a9c84b4d1dfad50e58407,false
87234fb2f8c896bd2df336bdce5ffb3e85112cdc,false
65f9bc7b226ed8e65fc48bb26f6f68c2e2844720,false
59a92ebd71121afc55f4a2f3bd305ca0a2222169,false
abe1378caec759cc8c6fc0afeaad248677c4420f,false
62d91d67f3b96ce7412d747ab3dd60a3aecc8276,false
dbfa04ece6f07a8cde3dac672b3d3d63b941070f,false
e17e74d3a74b5d32a622587b2b9da9840bf3a7e0,false
37fab7888744b23f62f678614656b686bb046379,false
0fcbe0a47895a1d1106b50420fe696e04520b621,false
5ca333e9b7c25b037420831071f60f177a2d9567,false
dbb9a2ed46ddf75ea3101e88deaf61b8788ebc76,false
86175054d63df56c4f3c79108d363ef5e127e440,false
d62e277dfec0f374d72b01ca5d73985ac342d3f2,false
7e55b5084ddbaeeadd8358b216f36e7706c79199,false
d38c61f42a0d0a9827322ac33c6a2ca4eaf240c1,false
04f2bbcb15bd7b3accd8e0820b83df1b2207aa24,false
3add9c5fc24d0e6c3165c9b416d37ff9296f7c3a,false
e6b9f509ba3c47f748d5c6da5f6de5500248dbfd,false
c40937e7bf1df492c99705733f6550f3f09baf91,false
63a3cea69b04a397c7fa0dbed4f1eeb3a12f8bde,false
239d9ccf5773c84a4f3faf7e415bb298892c2063,false
46ecc57b7c29cd017fd841aef37c5d767cc538e0,false
26e748cdd36a2fee1bf29f4f22c2b83f43fda69d,false
0e98a080976f39e20aa6f18e8a335aa23d9334f7,false
2d946b96a1d904faad6cba6b59c666338fb5c733,false
8e928a2fcbac6edca918e9d4efccc4fedb418292,false
e5161a773e2d562aed2df96a0c80b34004022cef,false
1a9e082a76df4b7433c0dda5d22e05b1e7c2c263,false
c34a87033f19174029083fe928c9a65acbeb24d5,false
593b003b5ca40e4a4a7d2a4319afaad91eac5c62,false
df19ee95bda35825521ddaf210cbe17659d8f6bf,false
ab6bac111c9fa551ae0b6386a2cd6a13b45c26c7,false
3d146548c7e687b1938c66df12082a1ab037c75d,false
bffe97bb50c8d0b32d66abd59751fef51155a290,false
8232aaebaf9829a7b520448be0bd0b587717fc39,false
874079bffed0f02235f55e4a512822194ac2449a,false
85efa3f89571d66071b86110bf7b615e38234aa8,false
12761bd02ce8480c228008792861c8ce357d396a,false
c5340b1ec471ee8535916eeb042fb2710df64276,false
1c47d8a5f6f98e1dc40773f2b41dac688b440e9c,false
ea7a1720779ab4680304d2bc9dffcb6f5c7f2798,true
1e7577578f08f1685d98bdac5ce1c43973647aee,false
4e47ea9105aacc495683c5aa12f91f5f382baee6,false
ccd5ced70e48515e222b84dccc8f21d32c864dcd,true
1c8097b35a08ef83d0996df0e51932ee3954e047,false
7e6c70a133c833ef08f83a7e5cc926bf6e5581f1,false
3cecdb3966cbe3a40089fbb27d1445052d289aaf,false
dcf21989dc71f4ab93ceaf0627e40c516462bd8c,false
775caf726db10c6c736a454b17fcc0f1f1474193,false
b36d7b3288442173bcc999ebb4310674869a526d,false
81433cec2987036b3c04d7f5211b128355235837,false
b62d76ae06b36d5e80b8a92a1da6fc9927868ef6,false
d3b0edbcf9d98dfefd7afb96ab7a83143dc572db,false
22d468e190c4cdd3af8ea0546157f22b53197855,false
97c54fd484221cb53e91de9b35f7c132970aa045,false
fb1482d3bb1b95803d25247479eb8ca8317a3219,false
b64fa73467424b8e6c4efa565d4d5bc2ae414ab7,false
62e7f5cea62c5fc735c1993c3c11a29825b71966,false
0ff7fe2a378d89308e3e6b2740ac1469157fa088,false
ee001e192d9178ff43c0511dc4292299b0a534d3,false
5afeac0c19b6c9ca6456dff368724492822ea165,false
d0821edca5a075383a98d88d2916b5991897421b,false
284025fd60fe7e0eba2b1ac9e74f59306e6de60d,false
eb6549d95a8e9c28f9e4b89c28e370124e7452b9,false
e2fed6c3a771514a0f6ed2d10e239ef901305713,false
57d9a2a1187b306c6997a3dcbac25837a54862f2,false
5aabc4070096b6e9dca56b62b8afb514d641f5cd,true
510823c1592abe4c57e051e9d21bd134ab7f07a7,false
7d4c7847085dfe19893ff2a7d4c0d1bd0fbb7981,false
c26a6dd50c847d083cf444616eb5a8c99fb8b43b,false
a101cfc35be437ad0e4f56da0d92f14c27abda67,true
21d4a054e399a42ac448814116580a5c62991fce,false
7e1ebae3a2879b989cae4d27bb8dd1dc8a1313ee,false
c6dbcd572b4d207701c44caea71097d198089a16,false
8ba6673670ec58e9cf32c6525d1903bc8f9b66d9,false
0fb2e4c84859d9d31fe2170df3f9d51e36a3f3c0,false
15372661af2974577d5c1d15fdaf88452661c2a9,false
bd473c158788bd2c1153fc8fe45831aaa648824a,true
343d8a94e7ecd1c937685592482de71dcc7b6888,false
515e946b020584db7f236eb8ad139f9f32de305f,false
f55d614427d6c8a3047b22d3a4ae6c1f63e35fc6,false
805276a8aaa84ba56041d102c283929e782c3c89,false
1c05f47c3b7c6674aadfe5636078ffa1aa81d7a1,false
de3b6ab5ee6f14d8e280b7aa0f9193b265b3d6dc,false
d63fb818c14ea6acb36942cd66f5ed00dfa3682b,false
1a61b12dbf8909ec7dd2f630b285338a8547e912,false
0fccfe711fda524f216f82263bb83787a75035fd,false
10c99e95e98844ba191e4767550b0dc19fa6d34c,false
5cbfbd229d4cc524e33b1e922b5297264227ed74,false
7290981cef49058b9c53f8a4465cf85537c0d22d,false
10f8dc18b8d43c2776c9381f681263778674bf0d,false
f29ec355e99e052f98df46875aeb8e319b8e1beb,false
20371b8657840995cb1b55921cdfb1644a5956ee,false
deb513c7fe5a285e2bdeff99424e243d7b4f7829,false
2a4d3ef1168e0ea1733898527229961c9ddafced,false
585bf02ee0d23d020f8a24db645c308d912b62e0,true
d90b1f1705b7bda17743406b4eac5511bdbb702a,true
ebb65b81e1279060bd75d211e5e32aecf0fa3932,false
99c2defb431642f36d6869ff84922dced06c158a,false
c8663e8dab230325037f8988880945340c331486,false
441c8a5b93aca67f61d584950f351e144f48b10d,false
e140bad3f8cceb464d190c0abb4e02895f5c5f3d,false
c246074c9302c93fca204fe1fbe9f9899bf1c4cc,false
76c8bb5f6c347c2e76af10b4940f03996fd8ea4c,false
fd679638ea991fbdd5d7318bc9451f0bd5532224,false
1a249e338927efe58228bc70bfa3cf754526ff8a,false
ac2915d43870117806d9ebff56712d8c2995ecb9,false
eaba852c71d7960b31c678ebfb77df1263fccee8,false
7dcf6cbc3141d100e229b4a781f67ab1286af055,false
2d78a331c142dda455bc20e9b4fb0c267f8b037d,false
9d899cd63e539b92262bbc6f101e7b5408bb31fc,false
f8b9f4d41cda4ae5b66662c8cde9684e34dcfdfa,false
3b31df81aeccb889810b4b49ce6e608e67ebeeea,false
76796c326d9abc243034847c41aa61f80ba3d653,false
6ca321c97989705b354ecb4fa06aed3ca4360542,false
8d2daea327c2d0654004c2be9cb2eae074bbb80a,false
2866ccda1fe19a42adc735d75abaf304f8aed27b,false
c9a2ad2b8d079c0ecca701f4c0b15390437c4843,true
13cddba84f90d28899d1f0f7c2c9bcc901cee64c,false
85c496ad037e2bba3aa5f02470ee536c87aacc23,false
343e678900a9970857f37b53b5d2f069327cd828,false
290925e13348385cd3508d9ae52ea328ee9990d9,false
e8e2e934096f36edd8e96d554d06c0e330d94913,false
d5cfcfeba7313d80d7ac29adb8c54960cb594079,false
34c4709d0674607afb32d3ef48738cd0c8003769,false
907c24e6ffc436971d437b0b9122b840db9466d7,false
c240a1f78101c57591bd23f26a367d214d533eac,false
4d2c8181b4283e3e4d322739f49137e5553f8315,false
79aa4ac14d8d1d4a9fb93595d94c7d806f3dd5b3,false
029eebe2f57ed460c3e72d41422f3ffd01f0d4c1,false
a7b85c9f15cccc0f4bd9560ecf7c11af8d3b7b53,false
b34b08654362175417e6ef621e588a6775afea1a,false
153d727d1f8396b5486dccb48c033e109cba93d6,false
eba2f70c6b95d9d61b5854feea64f0ba1fb620d2,false
c726e5fee0ce7ec3a0a0aab00cbd18b26c31be9d,false
fafcc02f261e90a006efd5cc4dfa876531af9594,false
a070b4fe86303d12c3e64d032b0ff7d99df24904,false
5304a15adc2ff1f19b889a40d039008404b25a61,false
c40a7344f2b1519aedf50f301d3d146ba74058f9,false
7155f11a723695352323d484610b9a1c6798eb69,true
a0fd8fca48f720bfe3fec94e5657a8678939232a,false
afe5d3cbd44056893aa8c11f4bf17496cee92022,false
a69b437af705dc8fa4e1b38b86ddad77d6dedb54,false
5f367e879db5e887f68d2c026fe25a0c62cc3c33,false
a950f936875fcf7acd64e66273485f770b09c626,false
2e022cb2727cfa99355261f2c18d1e0fc56e82ee,false
5e336f9025e32478967189674b199bc967fbe751,false
17a836d49c8d496d50b726132e58749cf2741dd6,false
23c1dd8db2a8dc028516a57b6dca47733bb82173,false
3400b78db23fbd305cb11368946be1bf280e2696,true
f3db68c8cee4f48fbc078e1f5a73bb025b425f91,false
ac99cd33a827f0694d718dae5f2699430263ed7e,false
5ca17c86c088eb79a84b97e913e3122d917d042f,false
5500986971b28f270a27db633acf19984eee609e,true
02a131746074203dc8d747308f4d2c7ece8aa743,false
ae00f6d149c353e1ecb683ccbf01be221324a646,false
13005d76b98979eeacb169765df3cc2a00b0bb4d,false
5b1653200047c7c257c924b66cf77f85247921a7,false
505cd663cd75b5593a1c9db0eded5298bd67139a,true
acac64e36a046cebae07bee7f3e8106b4a80288a,true
ce701319756abef4d09c585828a630b8fdef89fc,true
68473291344629dff3955fdc07776f2fca7b9b69,true
92c7bdd2dd943b173476a6d2f26e0831579e2d3d,false
63876614b6734e6404f17c9d3d22b71b3f43d158,false
153ecbc9202f249c4037602115ed2c2b5785550d,false
187cb80dcc1b087f1a7b7d4d67afbd531ad01cd2,false
9af75546f0b00c92574018498f5979322d10cc4c,false
05204250553b41bb40f788d37d27091b61fc1d59,false
175d43b2f9c7825b0df4c1049ab571cb1877a807,false
e328eba97cc87a34e846693b62d17bdedaf27134,true
74f4af59f631ef154ffe6f34d8e525a05f97d4a6,false
fb1a6730cfbf63b6d6ccda93381f0823d8b6c85a,true
b3aaf6d5ca4fa53cc78456b2df01ab4d11cec84a,false
c3844d11026f84400d5a088dd5c24c6a4a04dcd1,false
1d6f86bc87253c1dc1cf0c156f421214c38c3202,false
eb9a14e1581fd379f25986bb206fe0d8fdc6b1a3,false
45d963d6daa4315388530d58c777b838d5465c65,false
77492f8afad5b8a3cc8bca297bf40c73b9e18ff4,false
713ced603e246b34fd88a417ae0be4d71505be70,false
b209cd96f5865500c7002e127217fdf9ef9d2225,false
1bca65d72e7a5da97cbb5f5e4f410c608f2df99f,false
68ec5a30687a89a56406d8abd603b51a6645856e,false
04e87a93def1593dd886931e0f9e1d4f37f8d243,false
c844d02f1c7558e959891de75494cffd22dc323f,false
a5da2c98f3ed2f9fe254e3b61799b06fa230a175,false
f0c089ff6b4f4b0be7aba8d1e71802210a57570b,false
001a5128d87e2cb934d14244d901d47e01980873,false
f051939d8ba1c5ec585fd4db1f83237a66020c0a,true
311ac0f533bf5a308200a51b861a9728b9223276,true
1ea3d4ea5300d9f456622da0cc55394250fa9b4c,false
03a71e022919a0e1bff6606400e9d5ae234b8244,true
e853a0f73959ad12cdabc2d74324cdc9329ae794,false
8dbd71ef8e16ce64cfcf7c526d584ea2771a28d1,false
485a6c332b1cd10495f6f3aafe2690e07f01b422,false
d3ca55177a9f39de526143c59edc049d28f4424c,true
e28e146997ba15383ac8a7829fc59372b61bbce9,false
314f9201ab133ca7b78f219937371223e14ee32a,false
9070c5c325d25ce09724ef5c5b11477bcc417b73,false
8340d3c9f5cb38f23dd16d7d28aa643a121c4236,false
ef0f626f0a916fdced42e05aa2f58dede6c660fd,false
a43f73c75c169de86dde372d6ecc42019773271f,false
85ed1bf05834f484ce7dfdc37e11b89eec8cee65,false
4cb6eea8f1e1edc707874f72cbca43a0f698ec7d,false
12d74be7d7f62400663911d94783320bdfba86d4,false
2b830af2efb4523fa2e2e9b9dfcc33212effe2e6,false
3069e2d7f73f80ebc342029616a5cbc5381cfdf1,false
fc2caa4b9c75a6ee8569495008efd1f37c27a8cb,false
d5cd4f8d59a4a8e5860c8813b3f5d3f3631e9183,false
fbd6776e68a12aa7bf7d646ca03d568cedc616f3,true
0851d956b39634d2cd1618e8c075149d85fb599f,false
29b7efa36bd12234a4086cafbe9b8a4099991d08,false
f30b1174b85ae44b4d215045ef3361f2c3b3a367,false
5a496885544989ca702e2c9996372a8ebf2cf00d,false
a082a5e0ba81af15653fe56501c8d2530d3621dc,false
5235c3e37e17b3271e3cac4646eaf97fd1cc071a,false
c8ec453d860ae4754331170108ef03322f29889b,true
d49221bf2eeabbfa4a5be4e537b35bae1eb6d272,true
b256e9f36c6d170e7209a577efcac2503c8e48e3,false
67101c8b9331d289b3ae5428127814d0c19d643c,false
367b254c787c59b208899f1dfee78904c1784c73,false
e509d25d32965a8afd7ca98d67ee6f5a6af11cc8,false
c0f42a0978d804237d7bd540f81dcdbc1643ea7f,false
2e4c39199d3c8cdcf459675cba6e04bd30f98120,false
dc05722b363b4e77357fb943b2d1ee8abea94cb4,false
718ef4d699d1de79117f92ff16feed98c3a1aa11,false
08bf538fb4d173fffcda1397e8485b069c03e718,false
bb1567dae48fed50f9742b9136c8bd1b82b7bd55,false
87f50fdc6f01160d75fcc87569f0754b800fc59f,true
23bf2633f67d00418bd31c0c6918c3a99f06dead,false
4dc1796b1c09961098edc0aaac90a28be2b7fc9d,true
ccf464189b116ea4ee458c2ccb24d64f9272e25b,false
5f7f3b17dfe2fbeecf82d5745c497b3ea94bf50a,true
a9e09ec50e24c379348bc22606e39e88e47e4a8a,false
e942a0974f945bd4551482ecf7e29d87d162d0c1,false
780297e2bb6939ea9ed6a40846f3dc3fb7dcddc9,false
ee8417dac8364f02524edffddff92329f15b95af,false
37f9cb9ca69176dec36faff4b2138226b479f65f,false
f92a275d549c01deb6da3d7ffd588de212d723b4,false
7331ae3df58bdf322122010e598b7e7bb793daea,false
b40af3ccd99ba5f392776073fbef9b6b3946e603,false
88617311dba62992bf5736b35e3da9359ac5fedf,false
7b899c85103996d861360a7ce42ab9a21bae3f48,false
b1311bd8cd34318599f066bf57727af43be09142,false
f6edb31c34e771f7c68a5c84614b0fe315658769,false
4e12eb4c74e844216f8c3dba160c329df0f483cb,false
7d7d810aea5472101ce04956889dfdb77173a912,false
f6798885e6cc97bccd1e0fd861b54b01fcdb9605,false
17a46a4d239a640049081b5cdcc1ff20ef63e38a,false
f8caa54d31605f8997698d5c6c295ff4cff9ecdb,true
32c7e43dda6600828ae9b11111d722ab92fb0594,true
e68b34eb6c4636f7006a9d4c1172d5d09d6b2dc7,false
bd6ce4d48ca138d45561ebff777522e84489cb63,false
8f85a3b0d161876de378b35ccac42237a18a5342,false
7044b4beccec4380bc7e573559a08f4a8820afec,false
c72ca16234e4dbea448ea43d002eb500c09f4932,false
80bd6949a6b4b36b73b56b3804748acc240fa86e,false
f80bfcaa28da98972002fb906c2559babe75801e,false
d4d6cc8401b94ab7c92b70ca5e5b21d22636dd5d,false
e8020e2c5cd6dca816991845bd439e4524594f83,false
9df2aefd7f0c3c5d0fc47087da2f51b72cad38fc,true
8840973a337757ba5b7dab0df00a82d8489d3a06,false
1e6c5f0975d2ddef4430294c555b1deebb18f93b,false
0719ad5f4fa7d52d38706b3ee60ef91dcfbaa98d,false
e94416704d70d64b21afb44569039f2b50db966f,false
933d203828164ef4eabcce29667207deb2409569,false
9c82840f5256e8aca82c26ab4025712e5c928977,false
899f8cdf51570376298472c2118001f226e1a20e,false
90884a78fbba4068fa93f87626baccd148cd4a57,false
7997bae5bb048e4623647c57faae447b28da907f,false
2b8ea40cd63b7db86d73085d27b9a113688d7053,false
81b4271fa67f160dfde210ed011c219f4b065594,false
54875e93173f96d44a73431a4929059c55aed797,false
457371519545711214a82e2dc6ca8907e3263151,false
9a70e62b8d545c8de7e3728e544cebe289a39254,true
ee9b4016323ba0f7a773a5e014bc23bcf1a322cd,false
9691b7f0bf70553e61a88c8c7b6ffcac776b8d26,true
0c75be1172000ad4d0b60920ef5a6fb78880a7d2,false
d4d75701bc1ea02a0e9b7e3e0d1aee777bd59116,false
56afafae67ff0db8b9994a4c59d978b56327e886,true
b8ef7360eb80b2018c21384f1f32693ab22595d0,false
436d24ee665a39d48bd0b915f63bc5fd22997e25,false
d2eefe25e7fec31a5f4254f6a65934bd00ab0392,false
c6316132b173f96a6f5a90ff3b62f706f8a62560,true
32cdb7298fc61bee8f210ab69d67d03df50ffba4,false
df1dd57045b38ea7dcca44622744ab24e53e399e,false
142c9c391be4ad182fb17d4190a19feea7b79246,false
83b1da8df8ead2d419382af2ab3c3a4fa9db3b8b,false
6d0b3264c2263e06eb0d5c854fd5782f04a34b24,false
6dccf775468ea0a849d3c1c3965e3a1db6a36a3f,false
8da8a21b69cc06e58b1b28fa0ecec63b5cf3d9b4,false
363d9ed10dfa35816e4b635f9cc761925c8ef2ac,false
396c4bdcc0f30241e009516e430bc1742ad344bf,false
f01b654ac4c0a4789369440557267b75df55fd59,false
95c4dcb4d50e69b927855cd6a446579d2fe45b4e,false
04b90f5ad47d04bace76c18f634d54b0da4b91ce,false
585ff1db3db8569f16536aea75f64e1dd927041c,false
d5e10e4685f54dde5ffc27c4f55a19fb23f7a536,false
3765cc2e9e6ea2d227f898d5b176aa50680e491c,false
e2cb8d2ef195df8ffc76587d136182b431b96983,true
766522cb587850f643f3bb6cb011735ae6a98510,false
0dd9dc37b6618b8091c2a0f849f5f3143dc6eafc,true
d04c9a61e3f5e0a6ff5965fa9d3b1608e4aa3de2,true
b51fbdc8e00ea777dcfdfa39ae789206ecfdb0a7,false
1759d8e4d80df3c3dc709c9bace2eb07d5685596,false
a9f68dd4c7fa976a9274a33f5ac86ffdb8f88987,false
b115b38dbec3598735c57e1f48610cd82b161af1,false
6dec92dde9f385c9b86475f109b3de96f2d41913,false
ebd74688070617a4cb6dd39df616f4691a98666d,false
230e136f32746c5dbd4e06dbad3e329807440c71,false
174f32250ec54950badbaf3878d9d6acc8328ddd,false
583c5f7935292cdbb11fc406c8afc1171eb7187e,false
61a95196ac28771466ada43a1c01effda42040a5,false
4ab97047dee359af1afce6fe5431ffa7c5ed5795,false
d16c6abf533264a19b58596010bd2dfb4d94f1d1,false
fa069f94dec3aeec4a81a00e7bbd8d95e400bf5f,false
11c9bf29437ce847089703876cdec8cea68ca594,false
eb6a244a89286608f97c8967a2929cd623eabd5a,false
46651659c29a3ff8fa470e32d3e35f9cc2c7fbc0,false
8532bd51a709263907a4604660b8dabf51e39ab2,false
46e7bc70833e803657726aaff7c63ca4f4865c79,false
e4d9ccd6ec889a8b52b28953c0bb6d490db7df63,false
5a7c02b541bba64f4905d1d1be76a9725e4f5358,false
94692607e6247a919f952375d922e930751cadcf,false
f52e7a9dc944f425c2f2a77706bc2af98b23295c,false
11c7b1df2359f6d01f24d055b92aed0c9e961e88,false
51e4a58a85bc1500d1400ba7d633d570f6296745,true
e345a3afb5bf6ebf20e566f0846a58d6f55971eb,true
7f4c12b33565c4d0802c4385bb2bbaa6c5735196,false
9dd61eea6b49bfe1cc4639f5bc4c1371df938d95,false
d628df6ab6c57b34acfb412e135d0d095636c539,true
8ae6ced82db441d0696ebfbf2e33e720be1008fd,false
75050d4bc5ee656c7b33d998107829b6ff138f6d,false
b8866aeb22afb8f4e303892a9e90c9e4124ba801,false
9c8f138a42aa43ee8177ed84df5946f8ef6d0c58,false
4fe80c05c6f3fc24f145f34e2bc6ce7fbe9f21ad,false
c90858a95d5fbe474ba075c3221de0b6f38c9ef2,false
a9726c43aca2cf7daed3b3690b060494911e72c5,false
a59cbd4f5256a356fcb7858bf0a5a0ad535e8e6d,false
d18868bd17f612d5598b8e8cc29800ae84c37620,false
7ccca13bbdfcbab126722c050dc4ea3d8fa56dc3,false
065afe53a6f72e42428c4373ed10d082868f25d6,false
b6625ec19329031ddb26dec63c6bd0477a00bf22,false
f64098c784f93db9a60d7576cd4fefab8000dc97,false
d16491145dc553bc30aa9c71fb3647fda8d23534,false
d50a0b495566fa39ab30c79848dee3bdb3457201,false
c824ffcf38dbda7d8191099ef4ae688d165d395e,false
26a9c2079d77aba93dde6f95472f3d89d2d9783d,false
a3b30b7e3b026e821716be63d586e078eaa6ee7f,false
fde6e364a497cd44d049df17c93d1fd05ec09f90,false
970de5e8b67b6c5bbaac082e888f8ebc6e16cfb7,false
d620ea7ea2be35b4757f27fdca49be91d8dfd165,false
83189f20bf9c3c026e7ecd9565b4373c4fea8d10,false
1f20a11284e3e9bcfc08939c48e3ab590da7c7a4,true
ce4d589d5b7bbda46b9c34211dcd3e1c90ee83c9,false
820d099e82aa8ee01e1e82b85e2c6636d63be98a,false
96f7beba46c52cfa4d9231d066271564f995e3c0,false
ed40eacf423b9a182f3ca75287ddba9a5eb77801,false
b9907b496911d0d8676225151a36c28fe4f4b72f,false
676b3a4c13986f5743b8e6f3fa4d7c6cc2a401a4,false
81010bf7afb786d3a19ddc2469f9bfdcc9e0d194,false
c93ea5551c6928745414f186ef465e2699a6833b,false
19d32cb17285e2614d8aecbf4b0f63cfdac629cf,false
234ac198cb9d3955d19d3ebe74cbbd91a2d4bb92,false
49b77fbc7aa826efbf0b58d6973ef02c50e8fc66,false
cb24646948a8c00c5b39f0d76bf75e153ac502b1,false
2e5de9829774ca10682b298544bf3ce2bf61bab7,true
56177bcbd16f9e73252d7af7c78d25dc60ed946d,false
b786eac5574e478d51314333fb6309456bff7b76,false
76c1a1f7227ca13f3c5952b248af93b75e9a95c9,false
2792dcf23e848472767a075e7c30e28890fd539d,false
fbbe14791f2d417bfa57618eecaa503b69f459ac,false
c5ebf9a97d0443bff59ff6a37aee8afd870ceabb,false
476f8d57a27d96ce5d099541bd9368de540bea0e,false
92dbe3153a9e0c007ecd1987ccd5f3d796c901af,false
36f3184396f72b106911f497ce43c3415cb4f551,false
5cb50a46eeb29dddacf21d0348050e02ff96c3b5,false
4aebc267bc67c5d8a1687c0e5a7ecc949d6e7d20,false
7ba5196ba6230feede5afc24d7eff4fd15742397,false
d33f9990c80bd25fd36e19ea4d010fe0a1a56c42,false
8ef2ca99b991f66f0b61975e883325fcf5c13046,false
5a1bef4429f289eac52f8ccf57a1a8409898d489,false
dfd3ef6d5460d666226d1831de48cdaff72c1bb6,false
69e7a0a2a0391ed1bdd102deffbd98137790f959,false
84b96ac9d398afd5a620c48cfe9e969b95e6577a,false
96d7f207878bcd561c4085312eb9e235b9dc4d2d,false
3de8de1985f46297243eab340abd6c45c82bb9c4,false
4a75198f36625b472215a4ef6192c41f950fa202,false
60f7e3a7b463db68f3cc22085b6c5eaac985e7f7,false
73a859533525febe42c0645ec25eeaa049123973,false
deb03da3ffc4a0fc107098c672d292e1de9b8031,false
5e848176e5b4db2958614e94024bd742830446eb,false
e070ede050fdb2ce155e13e29f5588c9831fa6b5,false
04bb720d3813c8cfe3ae46d2fb85dbc9a03a9b70,false
20a3281209a5e99271c911f9c1143b1e6f0fb0b5,false
fc7fe628466857fd8b83c1b2b8501df2d15ae4a9,false
0b3369355dadb39ac1ce9580d95004233031a287,false
fdad6713eba3f7aaae6ca4f6f50bb8b72452c6d9,false
b9f4e0bd9c6e200ae930c2d9c07c582be118b051,false
85ad4ffb605eee37cae9ffa1f82c5b6bb95c7820,false
62621ccd133ffcbe2c88d18841c0669d03739ac0,false
76773e1d0a8cabbe048bb76f9306185e9d83a85c,true
8d7ca29a3554d20324ed9c75d9c095dfa8a8c439,false
8445f0d939dc3c4a2e722dc6dd4938d02bc2e094,true
7ed3cba6588fbd585b10e58e15e352e90874732d,false
9711fd402010b2e14a98879f0457174c3ca15a24,true
6b9e6a5a52f22bdf6b86b76de1fc7c8e1a635a8f,false
605d0ee34421fbc1dd714790ff016834c9b3f0cb,false
075b6b11c8b1690d946b8839e6dc4eb8a8cb7e3c,true
2befab24c50a8f1a3417a7ce22e65608ba3905e1,false
06b224676d2f6c38fbf1f486f636e81a85016d45,false
2d237f3c533baa768b29d808f1850382542bbd2f,false
8216e036e96594a4932d1f6a3569fcf39fe3c2bd,false
561775cbf677f72d6d8d505af79c114bc750b6b7,false
cb3d0b931d51fc420e5273dcf6e25d2be60de364,false
09370c3f1c808e9251292bc228b6bef4b1223e93,false
12544c3a8dbe4296b6f5cc8c2d602034d5924cd3,false
27194a01d8f7e4fd913811859ec4051ff99c52f4,false
68f93634de2e25afda209b710002e4c9159fd38e,false
71b351173b1440d6ca2dc36284d080fda2a22006,false
74a72e86addd80a060f1abf9fe51bfc3f5d5be8b,false
d8c2ec4cd863112af4c55e1044c8d3024d58f21a,false
c78070d8623fb6f40bf4ef20a1109083ca79ef7a,false
a77938837c6466edfde7f1708ef56587189a5e2b,false
756a5565ea395c5113e8e9cf21b39060548aa5ba,false
d4eb1af3734f76a9dea0cb5cfbe5eb02fa511ab8,false
8d1546f8e64e093847ad3d5579ad5f9b7c3d0e45,false
8f568cfc19f5b5f2aa59b06d4e2b5b8d31423605,false
4e9b7867c989a1d1b0c03ddb2ea62d689b6abab1,false
1d1db80e062bb576cd542a7a3ca990360c5b57ba,false
3bf1750b5dfde8890eab52850bf2e6c0a3de65cf,false
c1a2e3cf1479382c1d1e5c46cd2d1ca669df5889,false
f7bb2b5f19146cbaed375f29520f57c3c385762f,true
f4a31db9f6a9b8bdfeb023f247eb6e8a42af3162,false
146088d58066f16ef4bc8172f8120402517c34d3,false
d94efc6db63516b7f72e58c34ae33700f3d9c4fb,false
a5d1cf415e142c2926845601257d3d6c05cb3ded,false
96010161576be4eee372e87f4e311fc307a801ad,false
d626787a3461edcebd38025269f74a5428f64edb,false
eac350d1e6d53b47b0fd5b111125ee1a208eaf93,false
73cb15ed2cb208381b31e7f868adfb4117cc803d,false
fe9f5a47687cccaaaf13f160d747ce8b4c03bad9,false
ee6ed491d3a783076c278e4b4390baf14e6f3321,false
bb99158c870a2d761f1349af02ef1decf0d10c7b,false
c2661dd4bcb41e5a4c47709a8be7704870aba0de,false
079c5ef7ff7bbcab9c18b5c9b25980f83db032e2,false
36da8e41de17ae89fc2d2650d72b1f687af43ca1,false
b29834dac37a13f82019aa1c7e9d06622cf5790e,true
e08028de5521caf41fc11de8daec2795f1f51088,false
6b4a86df3bb5406e6a26df22d47454ed3af2b024,false
35383ee83c568ce642ffef6733d8b91ebd206185,false
38187bcd9f42d630d05ffcecd810fbc7220d7847,false
85e2857ed4a203eb7955cc7bf8b425a51019eb2f,false
437a1bf5c453487f3ab7db46d43dce26f57913a5,false
e76db15e26b76bdaed4649474f6509e383142e9c,false
c2698416a835dfb5d0e52e8c291ea43eaa3d1757,false
7e4b705b3c7124bc5bdd4051705488d8bb31eb5b,false
976c9576bd7b41f955862448c9914774dc47d1cf,false
9a1d616706d251b19571d908282deadedd89869b,false
9ab41edbd727d69d6936b866ea606c9b7e7bac8f,false
71a97662663babca96365e01bc2017f9f178c95b,false
0eb75b317bd62ece31875158fb31262ce7d05e69,true
8740fff90781b3fd0fd9ec51a0b6a15a45f96489,false
df772df24f22f7f0681a8d5b211dad764ce9c8a6,false
f43003967e2139ee6d89e7dcf267ba8d52200ac6,false
91efb90fb3d580bad438c353bdfe4d604051a3a4,false
f267f9302a532f0f4a0b29b700841060ee058c64,false
f46f7155b27a741081fc13fa7fb1db53e54f5683,false
b16c988f1e7de5f0ec9dae11817b9109de59355d,false
492ef06bff569d6037fa43e561b203fe444b60d5,false
f07199009c463ed5eaab7b2cacd785d46f87699d,false
9c48387072128c32dde06dc9a6e812195f18012d,false
a1305973bfef18a341224ad4f748c35d77a64cdb,false
47288231fe8f9c6b2c413d50160c32c3884d5785,false
307d1bc4e51fc35282f2d504b9df3359604b8f8a,false
f8f2e2dff481e55fa9ae7cc3f70f36d61bcf56d7,false
0207e90155abe937568727e4e9eca949b8247cd5,false
ab110d8fe573c92f0f607a05cf31549399b98c1a,false
3249eeb438daec34dc4ac69e1ab9968fabd4b5a8,false
cf1641e5beec1ec11f418fa6e775fc44b9410180,false
34bbd3100bbfb9a406a417a9fe4e8944aa87c629,false
9bed20c07c40a163077b936f740a4e96a6213688,false
cb54c462b809e36d12af571fa36affb4af3f7e96,false
32f845ea75ce57429aa383463be6654b2af06983,false
52f9cefbcd6df23f75bf93804a9e84c038536fe8,false
d26af4fd6dd71793cf6373c1c18c82349494e0aa,false
bcd00e5070caf6f5ff7639d3758f5595bc5507a1,false
9d09632dbfc0c08ab1a5290fbf282aad7d13e2f8,false
989aabbe32d2460f673cf075b8ac7cf7781b85ac,false
acb61ae57b6fe9a82aaa9804c0e4bba8c2441746,false
1a19ddc55c5484f14dde728cbd20f81333a2c3f9,false
a2eb5efcd8be834ca7e30e6392fa3a2067ad3a55,false
2a6c80a37d8a13516499be791100312576cf34d0,false
ffbab00cd1c9ef89ab795b14b187334766556be7,false
fd62cd82cb270847491370cd43f270af6acc1400,false
0d2ffc094b45e717439c679255f4aecd018e24d0,false
b885edf81013f05161525db1eaf4e64fc6f5c2c4,false
33bae1a8dcadbf56fb19ad814fa516b6468bb2cb,false
10c34e6652fac704c9c77a47d4853896f3030e34,false
a3cb2a33829ee517530d30cd920e5d652b358086,false
34380b9c1d24750b500c1d9687a1f0ea91931f76,false
fb011878857693659c6ec6f095fe3849803915e1,false
0333c824bfa93fafabfb10b80f84d85abecda6bc,false
2ae2338ebfcf721f7baa86af2114575fd45ebe2d,false
d90f0afe39724040d0be92df054e2b1438886134,false
36194697ae8371f42d3041c1f89b6f2e77c34826,false
bb31188ec3882e9a6c6035b7a65ca257d424e31a,false
8c8c524ddb791c2f7eed47b6d2e4317faf06a659,true
028229d0ff531db172f8cda52210de8903dbc14b,false
ccc6816459312d2af813d984c5d8f530e57cecdf,false
148c50abf983eb8bbd8ecb565c9f98912048af46,false
2262ce4915aec0dfffa8e71244ebe10f72d11111,false
b31f2d9a640c154e41de6d9631e95cf105e96e1f,false
ff5ee034b8c71a79d3f29c7b7a1ad27f6a8893e3,false
7c79ce6e418f07a49be8c25a4c5a40e5347be257,false
26da6a5365e1fd229932f167a299128f30fae154,false
e78e2a1641e5b7ad538d93154ee59445f4d4eaf7,false
12dcba8849d153c7e13e99b6bcf57922e1a97240,false
2053d04db0f303430f5f6c5bc6e97b8bec46c399,false
dbfd406a21191c26c2987ffd11f7c49b8733cd82,false
086348e2f2874fb701048d5e1390cfe674de1f70,false
444698d42b6cd2bb356d3ac6a7fa9f2be7e0df55,false
447afc3525b009ed369943e13437d98e07898bdc,false
2c8cbeb0c0b577f8588aa832c4bb763b8e5b3b82,false
9f055104ad1a8bfa29c8cccf830dea196b5a9344,false
99aaacb1a99891aa2eb57f6fe9b8a0c3f87cb454,false
5c2aa7a9210acb4b16b86d5cda5264a2f5d11aa2,false
4b21e2d38ccf66f236c5f1c8a10bd9d7904f2599,true
5bbf8bdcd9619fa15a3380f99fe6d66d08b1f783,false
35312be63c633cbad76a790f47b1b50a94f07eb4,false
9034461e5bc3a3e75c64b603c89a28acc7bd2144,false
9cce327040a2851f90be90d27ad73f4c6cfc787d,false
6809ffccf2b8b94633717f839b42ae8e3fbca1c3,false
b04827283ea36cc456367f1ac4e0700b90b71283,false
7b1c8fd15b619aee9eb6bc53dd50bd2d7e9bea3d,false
24e01318d31c6a541a44636d3a97310ff814d0c1,false
a9e753f7064e38e40819b49a51491e681dd0f42c,false
9be47f5932cd3ae3363ab9fafdcb00d991ebff6b,false
1f3e667b5d9ffb60c218c250df27144793a5acdb,false
1f82d02b33dad8ac7a4aa49e690767027690fe1a,false
7bc6eead47061d1135e420ec1a54eeaf702ed470,false
274d1a82f8242229b8060afafdce53a7dbd0a435,false
ddeeca74c2e18b4334d390c59d3d3b58c7af0672,false
0ba758d448ca18d98bf05dfa2ad48b59eedbb942,false
8071f11328ab2b767608c5c63d0bad72d9408120,true
558750494f6f99b1272218c35d86e6452484e77c,false
43c6a1ede87da5c20d8b5c7db995cf2d22eb40b2,false
2e816f554a3a5b9db19c87b892726387bdf3e1d7,false
d5218997d927be869dd55ef04542e1bbc1e69653,false
19def9606ac50bd308ea283e283cbcf62498d6c7,false
bea5858411b9138e3bf797b87ac6b0f5491c1897,false
ee3e251f9eb557721517faa6d06a6addd48ebc24,false
d4415dd6653adb25b89b6276dd140141266ba46b,false
56f5224ef7cdc48a05b4ce6dcc37043feab0c0bb,false
e32de730f9458e781c3bd6fd501dec627f256471,false
d8e5a37d8a5e9dda1154c6c7c614bb7a4c42afdd,false
07878722a86a72a9600ad5bc3dc577d693d91a0a,false
1beb0f2e7f8c60df41cd7b198c1ed1748a0fea3d,false
0553bbdefe55709a1fc36dce445f552f398a428e,false
7003fe61352bab3a1dc62d18dffb00ef749b050d,false
690b0c34ff3a9160aad16c613f29b1a8e25ca232,false
c7cdb2f83e9842a2ed9715d550392eea2be806cb,false
ea2a0629c9fc3874319e98b3842365ffd889f43d,false
c3f651dccbba801fa07426cef1e6604b579b8fe7,false
b9df128ba86ec5bc5513bf38b5484f74866ff447,false
40ccc0a99aa9c1f975bcc7f69d452afd46fc8b90,false
9d9f240df8da4b433c914e76b6ea2c7e82f3e320,false
3800c7396b20d90ff3a84a3f26c9f12e7365a085,false
0f3bc38a18909cae8903f3229a2866aa64a52b2a,false
b0fdae4e1f45274e0b399523cca9b55627d9afde,true
20a542fc8ac6dadbcbac92e84fb554e00ccc897a,false
50dc2403526c5c5c67577767b05eb81e8fab0877,false
ed1619adadc56641b8ab1ba2c03d45023960aaf2,false
e3b3e05052ea36456cb557b8799b7b0ed00865bd,false
9a0f6519aaa14aa8f6d0a076e269e8ca8b1668aa,false
4df3bf2058954624f9376fd16774a769299dc40a,false
ee28dcf2cff53aae0c88db34ff872e0b042c6bf5,false
b87919348104774e9c959fc00976966e38161129,false
1740d7c51afb4f051bf30f5326d6eab7933e917e,false
43f41201e919aed68301e69a8a4f708a646b98c5,false
704d94d7b92f9ebf1594b110f59f852739d9da30,false
3f82d1b68ea6f5bf2970c2df8ff5cf991439a9bf,false
c3d38a21c664440fb8284aaaf8fbcce4a1c0849f,false
a4977cfe2b57218579ca224af7cfea0864e6665b,false
fe85970665ea3a38f9c6a8ef4756ff3a913850b6,false
77c2c3b183cf54f4cd678ccb4545246ea33fc52b,false
11c746189dd8b49740a833d0e8428a85b6174799,false
ad304701025057475c19b7d79c9612f70488add4,false
1dde7b8be795d7261e3960a14275ac19f90b7cd6,false
80b2689335442fcfb11772a4e68017784523d91d,false
8d330a368a7f0aa6ba8508cb2b4b64f6415a0c7b,true
69e419e020ea731a5bf4d4e95a6227761f01bcc7,true
48f7cdd01699fdc4048b18d827fccfbf9f266c9f,false
e8d50a7abafff3306c5076f10d82b66224c0ebd4,false
e93447f25e5f0cf0c10c32daa10b02e23ba2bc1a,false
9ecbd20286aebcd2040cf7463d5288726787c1f3,false
7fc0ddb57c0fed629924863c7672707346219dbd,false
22af78a96f98222c2292d71dd1914f5be56362a0,false
ee76129812419d473eb62434051e81d5855255b6,false
7233a3e0a223e8d426ff937f5c03d88636b0ade4,true
3b9fe7c48606dc865950fa683f70eb1946c643cf,false
639817b6212465264d9c24faf4e43cefa2e7ae50,false
e1a576122be4675c3c648c0a4eccc075b3e15a29,false
261c4a6aee88361e0de5d86061d873bbad2cb3a9,false
4f1cb4212376acbbe7ab14fb8caa8a5025b4659e,true
62c0c67d88b619d4da7f1d98a4c50e8e6928280b,false
b2fc9febdda6ce4c90f1aca351c01e8b71fde11b,false
f034d8d3451f590fca1badeac5da0230bed9b148,false
c9a7fdf1b02ee79676d39bb614007bf922931a9c,false
39329bfc0788e1475038f9c65cb350daa45b39de,false
c5f938bc55455e90a83b7c1b458a440f2e2ab129,false
b2cf9e7212296a3cdf4898ccc653bd1e25668e57,false
18413ed1bf08261acf6d40f8ba65a98ae586bb29,false
5b462dd38224648e7a3e533449784a9e236f957d,false
7f8709147435bea69fa15ae0de9a2326ab5dfc41,false
de5038f2fb25189e6d2ba8bc479d3d940a8ea43b,false
aecb760c6adb1ee9a32b6cca5b47920cb9bf9e1b,false
c01d36aabd45fdc5e6d7eae118337349b625fe3c,false
3bec75d230507335eaf9066605d3893e185b9e11,true
01ac057d36156bdcb722df1b06da3c1968bc205d,false
c4f2075f4c4c27856fe0af77250fb75c61c0d86b,true
b5bb49d080475e4fb90f6a47dacab60b53470e9d,false
3c1d7758d54a5ad2c9fa1ea0933ed10b6cfeb696,false
f8b6033a3b86691470a36db57eba17d996c7d5e8,true
b6f37c40f8d426f4af340b722d28ccea7f4caf2a,false
6e4015d62427a220206d58742ae3e54439ecd97a,false
e2b3f07d7c94793414693a310d54c667e0a8da7d,false
661ee54bc2bc1ea0763ac9c226f8e14bb0beb5b1,true
f701f699477800497636fd5b28132744ec68928d,false
3afcbf160eff2a5ab6ac35a82e0719f972df8972,true
301e244df3dc747a73e2564a046976af5d0164eb,false
b146d8277ab90cf6d43ea54113383076e4fd0318,false
05c6502cbde016f0475233faa0c6364634cccac9,false
5e88c8184d19851c4ccc9a74595819bbe374e839,false
f34c0281252bf1838e2ec24fe8b064b232a098ef,false
3e9f4e254b5757d80218c0d8077bd44465365489,false
c2e5799879ed22a4657b75df6da66d6074ae7cc7,false
f6a5a7a0cc91ccd06e89ac0820dd6d7bdf2c2ef1,false
7ee40e9348fba36d57727d7aa58d802b191c0197,false
a15c6c569ab40f0da2d18b1bd338bd03ddb024eb,false
275f830c8346c29af424b1ed2f2ffabee2408ec8,true
f06c80a21508d827a6db1223ad4de253fde013a3,false
5583fe8acfd763f7f0b74cce00ef5f5f658caaa0,false
8339cb35082fc93d3a9c98616aed7fe0c1c642dc,false
af76dd0fd44301a6434d193626f8bf309eee8b26,false
1e39871d681bd41451cf8694cd67fffe017fa522,true
2b885ce4dc3f6b2ea2707a39a8198a84d7ad3991,true
3c54f30c2b761e3decd56aa7ab8e5d00493238a1,false
82b29c09ac898042d589d852f1ef6f107fec9f71,false
caefb67ccd0f8c1f5961c7e71f9658af98f9f009,false
692a5c25887c652c9f5ccefadb48c6d8365ea02a,false
2b30900e2c007cf39b3d73a8ad53afe2f29a3a2c,true
30a51f2573423fce764b7f250e97e4b39471a480,false
b6dac3812f84359e6e9fb3d23e6ea55d6f87561c,false
4515b838eaf18c46fa37c250975c407b8b9a4f19,false
2fabc65505d697d5c22f3f3a164222cf6a7cf3b2,true
fedc96c0b9a1c48d11819f03fc82065336af89a4,false
be1ed3327126edcb485be85a8f2de58f23b6ab64,false
160aa8078166f7b32015c6b3ad63a91c4500badc,false
a319516518bb39cb840529f41df713a6b4a6a563,false
813149677d2627a9ca462dbb2fae985369b54384,false
823bebf13a35f22d867bc3fdb0ef2cae20aa4cd4,false
be0b5196bf5b11130ca1688c1aab2750afba8433,false
c549e583c4cab9b657cf91544375031a64c79733,false
61d43c7f1269d9dafb40d4483cf88c7e32e95edc,false
1949c4a9abc174bf29620f6dd8ceab9ed3ace2eb,false
2af0ffaef63dbd6031d889d28e4d60794becb7b6,false
cc82feb084092bf8212d0fb3a58386841f2294f6,false
7ec45c2d02205fbe3e03c6d20b8b158fcaf9f073,false
dfdbc00eafb3e7578b81f82a59630f2e79691cee,false
e101655820d4b91159be48dd57b391f0117c6d1f,false
ab3d9d12c6f16712895735903cfbb136f22aeeec,false
e3e4f4c2b88ecc32babc714fcc345a978aeee2f0,false
ff2e8449ffbb37cb8ebf4d7575c0e9102c78e772,false
7a3d74f19f98b69e3047d0ed0085b5a1c9f806fc,false
b4fc4412e8bbdb359d1f5b9dd22a95326e73b896,false
b5069d07a24a3c3a54fb056aa6f4076a0e7088c7,false
f1537a9d7a1e5ab53e38166a2a8fd7bad9278c18,true
61d3bbf1d237cd8f03e37af88ad4a6b59f27d4e1,false
fb6dee3639b5fad1800472cb5258d2603408e732,false
6fa449de00ae89bb1d1ae5e6f793b60d32c1ba76,false
b975dd4667ddbdf3733e6620d2329596db9dbfad,false
94a9b9665b6a0a5b1aac46c4212da519205a22ad,false
1e14783abddd99c450e7865f135bf126efe5fad1,false
777c0c56b5768582eb57607846a945f94c37e154,false
17fc38c397aeea01165275f6811e34989f2ff00d,false
3fdcefbcda47c1ad7fd3432d0643d127cd2918d4,true
05f162329d425a3037c10cebfcdf941ce2802ca7,false
3b393f89f66733f7824a50b33b93eae9999812ad,false
6ab569b0e3791cf04db7c333bbf5b78d33255dad,false
6bd0080575a3413e349a20a658cc720809782238,true
bfeee756967ba1f6a74a6f2f4c3c617b4c0c4245,true
a754d28302b64dc9d86a5454b15d174b0115fa21,true
c999c179a25998bfd52db359b243a07fdb8584c1,false
a92588f161221dc1428eb3bc701ca79eb2a3ca11,false
cc8a85d7539bf7f1a6a0affd55f338e46af0d1c1,false
8ee01ad5ed7296bb1030f3412c866b6fb39a92ad,false
1be13297c1518d01fb09bd65f7bfb6ca7449c424,false
b2aae044ca9c9875c594d57a3bd92bd80d8d56ff,false
cc5d6134c76d92134bc555706ca2d02af11e1d35,false
8a968a9378b4db323af71683ccd09b810afc2bbb,false
aa83d9132fde44d4fda5b34bea1f0872780746aa,false
b9118ca0ccc5eb420570907a0ddcbc7cbd059b0f,false
8a6cba9e63567556468676b556fba43da6cba3f2,false
9d8674d5b64db6ceab2bf331776a8900b8a9a636,false
ac9d8b09a5f8d3d4580cd432ab05eab2cf2529c7,false
0a29c295cd1a5bf87b269a150e9889c4590ea70e,false
5997890c6996a5eaebc14fff5642ae55acf30cd4,false
0faed95385d731babac7d46a28e90ee25e702abd,false
4366bb392a5d41373d0a87c98a75eed59ceffd60,false
78ae0ec7f8d436df789d98c64e3579a196f52ada,false
1723990aee6ef4587d851081c36b824418549266,false
0a5d62f9ee44ccf6fed1584ef68b0c4c7d728b11,false
02150c0f2bf62fb980467e53f4f608d11f332f07,false
84958e57290f6d65203b9e6529efc3dfe9024caf,false
6309987dca72ebe62539ce7b851a072f4e4e9173,false
b9355a7d5f79cfa06324a72cbaef4b9ec7a299d3,false
f74f446961f9fd8ecb2edffca53b82016cc41343,true
8ca7fc47d0c9036f12ca628aabccb44a8dc3858d,false
d1bf82b0f4b180ac7523a7b7e63e7246039d4e71,false
1358fd9f3e0d1cdfa2a948a1176b276188ea959e,false
a9b22af9bc77fb89047faa45090dc39631c2d0d5,false
9abe26c14c7f9138a6b3c7b2d39c9d733749bb7e,false
34433cfd982809af41950629f6c4b846b440fb2f,false
1441e02256a169ded5e1bdeaa304b279de98d53a,false
097353695e3178a38403b204ae4889c8a32bf997,false
30d9efb24a951515fa422a21b84a04f5d333167b,false
833198c91be327d23210115b15b5f6ce26bda91d,false
6a8acc115e312e1e23e70b66d493b4cdc00d1133,false
ef62e8440e050bb8791505f66cf48f1b756571b1,false
2ba37d2b85ac2c6cacb62055162e2e7b5e9cc55e,false
38eed272f955ccbe5eba29aa5b88357cf09e5aa4,false
18673ba370e6744049aa2622b5973506d80659e0,false
c349c91affd1d2123f50ab7a3d8c571da489338e,false
335e0af73114a74cbe040be7a618720ec4e3b884,false
7265bb7fa0dd5f489e325deb1c14f17fac77e590,false
574a97cd701df65ef1b4aff3f3e0549d69ce5419,false
1c2dddb35549d0ec24c606f29d7055f7b44ad9a3,false
b89af66346538764bf506571ac8a7bfaf5d31083,false
521398d5e79b4a2b910815a2870d39d8182a6cc2,false
6caaa8a527134dc9aff6d5c442969e96f9c00f21,false
b52b7b1f9322e7ab3e69a387dbfe9fe14de4c401,false
b8b769ad41edeb2320774d88502dd998df272397,false
40fad2ece80e8bf6784e137028645fa66a3cd9c2,false
c87735ff1bc30ed8c9e80d385ddb69ad5f4f4a12,false
bbdfc839029889af7477b6dbbe8dc4c230ba6f73,false
26a9e907343389bf5c752615e0c99e5ec8a8833e,false
05923f7f2f9681c8d90def3a64ea71652c15935c,false
1b753cb1b1764de5bf3afe1f96032362208febc6,false
cfbfff2d2692a94bdb29133c2e7bb6b792cb337d,false
0f8c47c988fbecc30785959065a53e00861c8558,false
dcd052366b43df7bfe730c2e991ff37c617ba52b,false
522cd0009367d1f775b0e978681426773f51ce14,false
323a840c5ab39e1df889d93ad0da28c5bd553c57,false
aba1d3a5074953702f1ddc9fe623d2a724dd6570,false
287905e67c2f22df3c3055a0cca025931726cd02,false
8494574fdfa748a299e39339327327d09dbaf16a,false
c618db92d6059ab1262ea2450b0f81a94cdad901,false
506db0eab2bf9e514177d8b46e2708f10601cf36,false
ceb7c7f7717c13cdb9c6d2eccb135a9edc71eef7,false
81c9b3570b70c092a2428fe9f21fb897ea5486b1,false
aecc41deb8d5cb8a1505be52648c78432e9238ae,false
a503520ac51d16558ce91f7d7fc9d30a910d928c,false
e1d356fb713f3272db2a23f9f898c34c5dc79dc0,false
da5edad23a13336d218ee08f9b8843f611aded07,false
ee013e01b0f0007e4908458fbb8e60944c40a6b7,false
884aad8ecebe309d3b17502ecaa64008d2b461e4,false
3f51a09db4673c45f19cf1dcdbe04212ac7de890,false
05f66ad73543db207791ea5d6a2de2e8eaaf1640,false
97815b999e831205b90018e81569b55ef8fd0043,false
5b89355b1c9771431fb8a011094591ad43461b0a,false
239780be289efd365c07be2f60bab9223388399e,false
8e9f0bdedca3edd5ba2e8902f05406acff8b8b44,false
4d73ef1a194a4280d437db5cbc9ceb8850e99e1f,true
9f8a2075c79fec1b5481f5a5a95bb23b40bf68f2,false
62e7275bdf2bce19eb9fcfd31780e9314f96f092,false
8f73c552a96cc54e6abefcfc0c4e9d4cdd7dc040,false
3f80b0fd6c054d924c41a3c91152ec1984d8c28c,true
4bea6bbe6d2200dfdbcca3dfc2fe561488c82a8e,false
3d36d6efb9371be92f6f22c844ed6a17c87f4a88,true
d395d3684a6b9243ffd9091ea9b28275d90aeb91,false
135c53a5f2f990512d2be348dc16ef719233a314,true
a0801719f8f24a0e3192eca203bbd341c4e557ec,false
43b6d0a6d062ace75cc2b0f7200b770eac23edcd,true
79ec3d81c1c0e4db7eb800e69f2c7aab3d8d02b3,true
eb023bcfad7741248705f6715055ffe46928b7fe,false
4c27f7a8c4bbe6621681178be716e6270067a3ad,false
16df96c552fc9b842c6245960b811481d499ab91,false
85ba8c96e9371368cff772e4e270cf685d015e03,false
22816b1d3d6db4dbcecf8c07c8e54a0ad2a8d28b,false
df5890ad715e35b58b7a00d202cb7145fee8418d,false
250247d96c84b3bb3e45af5b8c1411aca2b35287,false
12c08c03fb9e58d83094021a559329a7985e93c6,false
8bb972e5ae647650457bc4e94ff51cb5e34951dd,false
ffbcad1e46ff88981e9f787f29234de49d31a54f,false
da10fb41b73c9b304d4d10f5ad44f12b3adc6a96,false
af5576a6c50ec849a824c1ace15f187d378db771,true
3c5d7bab26cf63b677b23ad9f4620e3bb6bfc706,false
83f76585725fd380b61f35576bb1c307fe2a1a5e,true
96b8ffbb29eaba834a30352554e42cf2406c7e06,false
1fe20d32087cb3e0ae1139b7fca1545db64b8cff,false
f9e9e774646ff7cbd2df6386c7055760936a9fcd,true
4baeac07d97b73c1c7ca14c9d5ca7ff35d583165,false
13cc69911c6b5c742489ffe6e8c6458dec32e230,false
f4f4c3555fe2056fb69cc17587076705d07cdf0e,false
77753e9b73a8ed8f908e2877455f629ea6e7a6a4,false
bb2e20f53fd66981190658a58e206a3f8aa4f3e3,false
0f5d8c258ce2822caa0b183632d691d5c1652eb0,false
ac04bc78361d5562f8289e8efe16a2e9a97b0d01,false
915d7180fcd0defd23384e30b630e2cb31a39222,false
404265110ab52ffd2a5d4991f115913aacba94a3,true
775c76ac5c4365deb31061d0a8ef942d0585f81d,false
ffd9296507db6bfad1339b75c0ccdc7fa030cb67,true
47572c5b4006c54f0991587d5c07d599d0ad3325,true
eb622fb34f0b2433b21b6b5454273a597b77a6d4,true
8aaf3025864acbb803b652495d282bc5aa7a8128,false
51042f4c9f2c68a63ad5b8ee3000a52518a4b87b,false
bbfef4c406506d89c662038c11c6c67bc97b67e3,true
abc1505196ba3bc9517ec142ced7c1204c3ac21b,true
7f35fc293559e5c809de78909872896236100189,false
9ae8487330e0dc3a8d169d89cadf85fb11ded1ea,false
90e3906d02780c47e813649b1e282bfd279d7cb1,false
f1918093ac70d589a4d67af0d77140734c06c13d,true
e07dcb5562c336975e31ce014aa33d2ab1f5ac98,false
b8aa9fed9a6837d29c472c642539dcf3496479ab,false
29e63e01abade576727af2ea76e133167fb2cd69,false
da747738e8f4a3baa34ea4c074ec81f6874b5235,false
6bd5dfad0c24d1a1077e7b1e00ffd6d64ba07a31,false
e9fa24cfa367754c4435224cb9840f0a84a5faec,false
1c8c21abd529249db567b701400cf764555941b5,false
3d9055b3b73b1d09f933bfd070f704e9e8bdff2a,false
77d293cf49e586f03fbea96d0bae237bc7ed230f,false
c629f69e698fd815969e91e5c8c59323c61a256c,true
0190b770a1e3339c2cd96e6a44f44083aeeebb54,false
6dfe9332606a497a1931f9cad4a150f2866e3cda,false
1b40b3b573f5d98cf9fbc453305cd535c0b2578d,true
56d3b74488346a03b74fb4a9fd633cc5f79191d8,false
ef72b78042d7feffc864e7f2da3f62835fc63ee8,false
fd99abea57cfa3e72aee2116c58f962ec155a29c,true
0676bb8ab54a575616cd65d3c2ef1cc31fb82a84,false
1f6be7ff63048cdf8dfc979b39d068bca7d5584b,false
93073489a0321225090bb21548521c2047219937,false
05479eb95424ca6bd2b88b9895858b19ea58af7d,false
62dbe0e1ca8b0fc4a0d5384948db6112cfaf91d2,false
94c6ae51d70156bc23a400635d60ae3b99df3e73,false
681cb8f366d8253360805ba58321871bfe3fc959,false
e17024e85a30eefa2f491f980c954224f7544867,false
5f648a8eb801e4ee6038a87cec11b416e0763a61,false
23d8d66256dcf2eddd3531858ff1580e95ce2d44,false
efd6e468aefbf977704aa9aff52e84686c00958b,false
c889fbc231af08a0cd28a9694b60ffde9e1ff650,false
e2d4aa12070e5a039a43f39272db3928951794e4,false
29bda590b240d39eaec1e8812467fe7321b6b967,false
2c9c269284aa0738d917af8f60e4552a3100d898,false
0ac95821135c84b7375f3eab3088f180a9aefca8,false
f9846b905528fe9f6eecca86faf47d3a775f1b3b,false
fc2225b46361515d2b1a7ef75a41f16e68f20577,false
f9f8180f15005eca9db4af23f0abe48c56458efc,false
335cbe01ce2deb8c0ded026e9f1d0b9eb0bbd633,false
6565bd848e68097fd827040af6c9e712f759d07b,false
964174931d29370c286d13ccc44689ae0fb4dff5,false
c7a683d2fdb9ee7bd66347ce1cd5a7b7cadc9756,false
27405956242fa399e0844130f09482b5033e3dcc,false
43625defefc63b7320555dc7179aae3b0aa7104f,false
8149509f3dbfd8ce12588162a6f2109de89c21a7,false
bc5e212e09c71cf58c8a6bab3a0985fbec28cb39,false
d9ebac10bbc04fe48b76d1b5c7b27407ac8ebf38,false
3061ab5b7ebbf7faee416e6279a3238cdfbb1669,false
3b9574fec988fca790ffe78b64ef30b22dd3386a,false
ac187bded7339dbf88baa2c6c7d8adddef657cac,false
ec5291e46dde7f697fca810ebf137e4e320b0b25,false
41171d11ae37c4dfae79f17e1477b7bf8bdc034a,false
0780fc404d8caab2a03e4ab0537d169477b4390d,false
5886925ff34db3d9e913a4bc44891876a7fe65d5,false
06872b5c72fd2391d48aa1d9b6fdb9cefed4e82e,false
d34dde72e969919e720ffc66f73577bf6cd37ac7,false
2713ea98cb0fc22952ba6ddf88209da1a2efa270,false
89731d86b6d2d6c3295f79ca3a504fc6c2762634,false
c502dfbbfbee49c15ce4a57f7d417b71a73a10b6,true
63d9ede451cdb7c92ad7451ad4f85c3be1bf306c,true
58ad83f37c8f643d6b573ebbedf03a1fc3677c51,false
c9337c044c9ba3bb7f92a14a0bc469c303865a62,true
44e39ab0713566bd91363f19ed09921df5db0196,false
72bbeaf056ed7ee1adbadc4eeb2dfdddb705fa8c,true
e562acf029faf2052ee57c13e7144ef3522198ca,false
298334fffc8288b5a9a45ef4150e3c4292e45318,false
d94b1bec24f47e5997787f5ee762d8b2566d81b4,false
977e7660accc6b31bdd002b74f0a29b2846c84ba,false
dfdcac22927f8027f393e66d78345106cdbbfae5,false
582a5c7b89467b91662c9183c1b6d6b9d789e173,false
dda373823be9bfc69002ca4a01c2397ef5719141,true
71ec3295098042df92e1a300464e83011024a8c1,true
b461c6eec2754401caaee4a9b94306c323582ef5,false
88b74b376e3781ac0204c5a22dcd08279a21722e,false
ec5b182f15d711aa92fe16480011fbe0fb9d3a63,false
a225a304b822da292ed83f4c0ce28234a5d5ec5e,false
2132040a5f552f4d9de3c46e4fe7f90433db95b4,false
f88cc2d2f9d14d97e33ddd2bbaa4b1885db06e1c,true
c02c23ee303b9bea99eaf9c512721c28e83cea36,true
a364140bef85f9919fd3831d23ec6983cdf80be5,false
02b2df580aeaebe2e95af2b2c793fad6fc9c1152,false
e2fdf28e97695e9bcc4ea962bfcfefee70510e33,false
9fe209b497ca6f51ffbb0bfc9d0131240067d807,false
4028e2395c3b559ca65db13fb1407c79ca79a4c7,false
d56d96c8c253a86b5abe20d92584a50017470a06,false
c8961c6dc99ab876279aacb7d48e963363e633e2,false
13b828379385d04d191fd7b8ae99b4353f9cfca4,false
6c8955b5beaf7254c68b4305229b15315c5ca6b7,false
f606a6d6a156fe87bb1c9a5f81675d00a225aa65,false
06139e7b085e14e3b1801ee1c470d874bb8b0377,false
f632ba25e0406d2f0e374eb2e4637599a18bff77,false
ab1be65c88b01f3318e42afd089006d24e083274,false
5ace060e5e68e5b8e176075b205caf25fec0c505,false
e59e00576d68641ad88143598f3d97aa1d12ec1a,false
6a621440efb541067e6004f418fc7e6eb8c81f67,false
73b4a52ca525dc2a671c6966ee3c403d848ba768,false
c541f7e3eebaaa494c1af3a82b35d0cebdf542b7,false
afa33e37ecf1214dbf7d619181791af70e600ef5,false
fd9bf8f37609f220f4829050eed94df208543c56,false
1982c208ceebfd317e30ba16a40402850e97e1c9,false
b6116c1de3f3556f6ae18d87348355d2545ce314,false
da49f7398d80cdd34e7f0bce28ea119a19d8c81d,false
1a66a7e11005b93cb7b288ab5505290b5afa751a,false
d1d835c02302884b2db1cab099b3ea6a84f41d32,false
559ae196e72118b65eb0069fa108bb7768a8bfcf,false
3e4dbf93d9ef2b64d32b291aa6f7620bdbc6576a,false
af5a0853bfe36d547af93b904729a43fcf8cc55d,true
2e17ad7fd42d8575f308af9c17496d38ceb72b5e,false
159ae3dc26248fa0c65f1990b11363c2cc009f54,false
08931401e8fefa31af2432d27b2346a96ffe8e2c,false
5e8dd8b2872584483e7fb7506337a7d940ea8cc0,false
a2bc61b5ab19e899735f8945f68123b4cea570d5,false
9e5ab21c8e503a3e5a29b4ca77fd63663ec6e44a,false
1b08d527c70b1934b2ec381a8d3d40dc2a4fdac8,false
b290bf4079bc325d6b13f9043afb17c4aee48df0,false
63a126c66a047507f634348688dfcf760b14d5ae,false
8246ce6a15d31a6d36d673a4f39be548fd5a3262,false
f3c5bff9901c4513927d4d4a50c0f4b286f25659,false
94f436013792249a9bb7206c2868d4c6c21fd887,true
2d8a21c7321a9ead8e27208b49a18f4b8b27e2c1,true
f5d38dc4fcdf1d8edb3e42c67b6e0e1127cd00c7,false
3d67736e090f55fcdc476452ac89a79fdd14cc23,true
17e5fb365d7bde8fc795311bb37fe6358e258dc5,false
be73233a553456b0b2e75322ac7c5a341ed9942e,false
3e90de2e10cfde5803fab87768430cffff7c78a0,false
9cff681f97849029d9ca0047fc999d899ae2fd53,false
29f3a1ac237f75ca9f330a3c285a5a4d12b0dadb,false
42cf782ee36a7cebb4b499a15e344017fede2c38,false
05161d35844ba7cc1f46c08a51de632b5f3c5269,false
51d7c8de7dbd0e7c799750c9ec9866168e3f70db,false
8f1dada542d9e9cc9af0eada3e99eb7ceda2e873,false
5207c69064898f513c0b08110514f3fd39e5a4a5,false
36d70d8789954e9e3e5512d1df2215119279a7c4,false
12d6ec413083606761264753f6216111ca38db8c,true
b03181363bd78ab0934af3badd9b4845e454fbb3,false
ff59db16bc9b0d278615c479a6160e9fa4f6b5dc,false
079ae20f24e23ba4ab32faeca88705b247fd3eb2,false
cff35237efea11c4bbc8c2fc75e24cbea30b26ce,false
b7337080e48990393cf960890504710bc7cbc136,false
6ebe45b0ad6251fb8f38d9495f4f9354d508c2be,false
5d205016040e9a5a5c6c511bb6b48877450e7032,false
bb882454a0c7b161a2ac29126a74b25dc8e12940,false
2a512ab9078ff4842f14c361c2529246bbbc669e,false
8089eb576915e71e3238147631bb4a261b3366f6,false
231f45b432189500e760a63b41664f5f406793be,false
475b0c1cd94716efc1bb42ed0a2fd52dd7cf71c1,false
3e485009a8ca606c742c88c92cfd178547b708cd,false
5ecca4c0dae52c7645f9dbda6cbfc32ec76a3498,false
f161a71c190da7320d4a6be177c14928961fdf09,false
280d8659601a5e3b8dab77231d9f9fc16f5cd1ce,true
fc85bf42ae8fcd6cc76c734d0871bb78ad2a8f06,false
e31a2a80ec4254e8ac8127558bc29cfd23d05511,false
b7f21831fa71fa74f1b37ee23f2b7744f886a61f,false
1df0f2dc1cc227ba005d402dacfd6ee44b97e637,false
a7f5d60789bbc360147b85af04e4412865122ccf,false
46b5754d97d11327efac22618ad5994851656937,false
cab514e9f17e68d66c61739325808dc5ed494e90,false
4212e67d29ae00acb8f46f72212de161777a0d23,false
544118bef94e647258a997ac3b1ae04625164ed7,false
a3a2f521f14ba90689efc661afe7a0375409c83e,true
b63a9926dd1e771b9a138b6624ca47cf8c1343e2,true
5689ef36398c8f5a85bfe2335875560f6614f3b8,false
9cecf0d81c58e5d0727d83e4ee11352997546354,false
c021e58775eaf8e2dc7a91c903dc1c95dc18e829,false
d14f57d9b8b68056ccd0e92a3fe0138ddcc0f246,false
05dbf52fa586ccd86a7d774e918faa5e9ae414a5,false
ecb31c680451cbcbf3b933e620d3bf4ee42a8042,false
d4f863428906be57dedb17409753294161b00293,false
0d648fa4685ee18dfc4a4fe056d366d76e67ab58,false
afd3c4532b8625729bed9ed37a3eddd0b7b3b5a9,false
67c165bcbb4028bd8335342f230692100fcd9776,false
6a37c1716dcd0431878dad230f9111c268d2ad98,false
5addabfbddbb0f620d81adc7bcafbf8bd5f12a3e,false
70f8b39c52527573e65e7066024a187867564c01,false
dbc40961913381ecf1513fa2467aefeef6d4d41b,false
52098e1e4fc4d9c962e9ecb09dfbbcc6ac80a4d7,false
d517f35d60a14fcea2e503f578e65b68eafa6577,false
85aa4ec8c15937121d1eb1e73f0b5d029d2f1ee1,false
cf0953619e2fa3a79e93b6195ca3b39f25552c3d,false
b2971ec68c99efb6d8b8e5fac08209a2d27f3089,false
f0f654537490011c9aa5bd6db91450d126e53cdf,false
b81b040110d18d6aa3633c1132420bf29be00c6b,false
b0bb6c7f3d2e80731428fcc50ab1edd45b58959d,false
de3dbd3125263f93a1b900f65091f6f0163544b2,false
cb61696b47e48a84d42391e58c1bc2f926d4018f,false
de7e2bcf7abf7fa8d80d95d3fb25a9cebe1ed676,false
90a50f8b51bdd71d9f2b1fd82352628cfd681898,false
21aa620b6bd65e8368f86a37e55de8e56fccf917,false
ea656a89099ee848c42c871a8407242d853c0a09,false
6ec83e18dca497a8fbfca6caca5999984bd32f2e,true
52e1c383faf44b88407f3b9a36293c8ab98b78a3,false
e78961c812f0a81792bb9e1eae26fd96a10069c0,false
17a3056be4bceaf0c1f4c309b66c5d6e8d50def0,false
3d6de4dd7980d5a9bd8f031d01830486c4d1607c,false
3dab2f3d419c9b0c506b9029191bd0ebd1a7768e,false
f791ede3462c700bcb8d6a4689ad65afdf51bc3c,false
11003d0c29de90c48a8d0792ec5c9e69766be155,false
ccc2de19971c6c88202e9068431e562230f84b62,false
f5a02b94952e38d35e476acf2bc8b6e0ba2f89fd,false
e5bba9deb5c9ab9c66bea5c17e96741777fe46ab,false
e7c587789ae22a626196cea26340253dd9b70bf1,true
53528ad2c35e67f2ec337e37d55ea807b882f6f4,true
58b4fc209a87fd15f2f09c870489734bd0df1ecb,false
4d9916e1a6e26e33ce2360f1d7ee41d95b79d995,false
c9bf9070370fb1cfeefab8a34f40351d6bd1bc26,false
6de9484c97a9965ba2373015d28ab79280b85abe,true
f07e4cb0c3bdb547ba7bf3490ec58c7c19c9795c,true
6075797f13f58fb89d3d07f50885e41c8a211ec1,false
1f638d63ffcd0a52db6ac9be2d9c4d9fc99864da,false
05caa5a50d04c1dd806ed9e5c911d95bcbe9eaf3,false
ae45aed8d6802fbea8f3693d82b6e89c4e51429d,false
46c24da0162208ddc82ea755347967e4162b97c3,false
a8f6f7413fceac67c28bb294f985ec0f5ea53b29,false
b0f8d0f01b110dc9577f00db6cc2bdef3fcb3462,false
1bddb30e4a61f247621673aabfe49e00a306bc39,false
2506c0b9a96d48f14624acfa552fc88e38a542ae,true
e67d9a04b2f5ccd16ed6bd62b1d5ca1526bbf0ab,true
e2264d06075b71e2051a9f162f11a6f90a24569e,false
e95cef66a3bd2d8ca751e36d111cf8f84dfc5586,false
9074bc46af69f168e059dc977f90bbeb6d250077,false
a8a98bc6b61bfc3842667bc97f977fd250bf7403,false
6f44ca705f277580105d8e55a7a3994802ac7e7d,true
d094d5b6fc86a26680a8c496f719c4d711fcd766,false
23d9b33e927d984c655b8bf446906d4a883b94cd,true
76e2f9cd0396c71eedf7e3b1dabf60f36585722e,true
8cb79fd026038fc63c8525a0aa0602a0f2a7e409,false
001100bc0b3a700540024c410a985c7f9e09f565,false
964c4a37c071aa312770c4ef51c025516d28a646,true
9298d89aedbb73df76bcc9171528cf53daed917a,true
ba36d57729c413ba41aa0b9504f3300c43bcd483,false
c938771258f7f9e99f66813a4018156fed72b059,false
75f2af7a6afdf620d7afdccee876b06f8c39373b,false
141a5533c97306525551dc215510735e5b50ae0b,false
a9503580d2548e4104d21062392501d410fd896d,true
47a41b645f627b9b68c70c193cb322f56bb4c12c,false
fb622380d07372cc8c24b117bae53f45acfd1878,false
5b0545bf8079c1ae08031cc6d2e82dfab421f772,false
135d090c0f7727784fac0adf6aab7edff79d71f1,false
82f99f42a829b0cc71df92d54e613ce888d805bb,false
ddb5f9dc490879236cf20a7fa1cb75d7f787a0f0,false
98754b0e4f55fb6a340de90d6b5529caa7029215,false
a8e88bebd1dff6b982d721c781d87888ef756e4a,false
95a1ce4d6e7b81272a4c993cc86d1e57f6f80760,false
97411295e3b46080f8976f14e73a6493ca17a2db,false
19baae3d3445344679b68436322de08b5babf9a1,false
66e51d5be79ccbdb04dff677887bbe9b465e68e2,false
3f8e29b12cd2b909d4dbbc3964339fd3f56c3203,false
d43bfb261a0cb562fdfec6d94768c80d95844578,false
7a353a7d1b5f7f23bc96bd8d4c17c80695e141dd,false
fed6fd32d80458219c7d167d529c0a2681858587,false
ffff509cf07b4791201915f98116aec51eb4a651,false
dfae2679a6be1d3e61eaa9f83e85e0daf655187c,false
ff3ef8511ed7c507ade5ebdebced7177665a3414,false
2c2c240d6dc72a6850583a06e84c8780d83260e9,false
0674ee875dba29b866e7cb8254dc6d3dd2d96aad,false
ba80e1e33bd93fd895d1b88853f47fb30cd0b670,true
06857c9ba58fb3b93daa3604538ccd3fd2f1d07e,false
caa0c0042087bb993ecc43e862360b9de7226830,false
a71b65cb151c2a455a481d073b571e1f4b0134bc,false
718c3a3ce7d9d6b6b93e3151ffb367474ff179a6,false
69db1e9b1f5238f568f8b2e9c7d57b774a82643d,false
44c025f552075175fc8335f327c0e825e05527dc,false
cb25c42316690860fd928d9ec6fc997eea3f062b,false
f3f7b640b979a3d9f298c25ee42c72e7bb44b479,false
2eef63a3208ebc5ee69a7feebb57090de3982110,false
6974d52815da9a1a00b49191b161e3bd12051bac,false
db12a8f5e4285cda4e7440b6a4c015632cb2b345,false
8cd66bf178cc72f5718f4113db9426723fe37ef5,false
95fa9f21ec43046c113992e89a2741505e666597,false
36e86be06d4d10e714d5b3269cc00a33d5a819d3,false
a7b5cec62994303fa7430ffb25de1a676317c80f,false
872094c55612976bdd3de9094f7f8d13a38fee48,false
02eb9c99fdaa0c3cb3179ca5a1538e87ba6f13f1,false
58681ec11e94f526f0bf4fa49b14ae43d66b86d4,false
4c0253f9fdd4812b979532f1e24b7f0ebbd1626d,false
7f5b6c692df34cedf28a01e46305ec5c22697a5a,false
7e4d51c91c114880db7034b7d9dea3c39489e4f5,false
bddcc1e763b913fae993c409ab4e15ad4e56af19,false
21f3ad267183f1e8347812c3b00e806cac562347,false
9c434ebc679087ece3d7464e39878e29dabf1951,false
9427e16567943cb5dc2a6b034db97f34e39bfe9f,false
3fd40e83e5df4dbde8531a76c42d26bf76674e95,false
6347e75deea2eda444c60080fda3885c1fb7705d,false
2aa26fff04a98f2435e8e3015e92ef6108d3b485,false
d4fec1454488687b574c545761c2869d3bb97ca6,false
db1be12aea8193487e7f3097d03ea81780525069,false
b2b531a36bab939f76df51b7ae88f87e60eea8f6,false
132c2c4c795ebdccc6f347867092b30b5f5086bb,false
54688b26a9562c9a9c31541dbf32e0d8ee7a5926,true
470014a2cab1e7d416ac94445f8aa766eda72c93,false
f79ce525866a0cb70a52c706ee56532a05707f22,false
5fd81f702c148b1adc565987c50746fcdc29a2f3,false
696bffc9e9902ed9086c7c1f967714385371cb05,false
9554844e2ac3e50872aab6f7b54c277ff582cd13,false
a293b99b219c13ea94b33a2470a545e07c73b804,false
d4b3d16c142e2189c6faf8f784a195e7f827c596,false
fbda3f94baa6d7dba8f773309121284c6e6c5a6d,false
15d8af52dbb091f198664bedc5dfc3d5d9ffdea0,false
00679eab93049728bba6ece883c01afbab0449ed,false
01e831f08279d69f29984abf74c0eeaa12579915,false
5c3b161c9e7c4cacfe789a8237b262a7549d37fa,false
671c67aac96ae2cdf9c554ba4e52c167862be6fe,true
5935ee495c3e51d26fa2b33de09d532b310cd263,false
42c28c3758fc1612a5a1e89a36092580344c4578,false
7503bde2235c28853d4c4e53087090d8c42041aa,false
6018b1276e3ec092d4444e0b029e4647d7fe26da,false
e46bca4051e51f3812d4a0b25f60f7b7959668c2,false
8a46eec4f89ccd93d1fab231a5cbccbae0352e57,false
1b06c8a41119f8c93078e85f6474cb85d7e30b43,false
e21afed0bba82668c6e4f5f433d0ccfcf54b3577,false
52fa195d459a70f8ef73e954b20a9512b2f5001b,false
16308bf6754facf0fec8b8e8644a0a4940cc0ff1,false
20edb3189c82c5f5fddc1792930bcf5391fb6f42,false
b5e78425be985eeec4c91ea8277368a9fae9411a,false
954eeb8d1784029cb09da04eef6470036ce5dc64,false
34871a286efac32b206d9175ec546df7f47dcb48,false
e89c867d62f351bad4ca4bb6bc096695e529d45d,false
52def324b882dc99e0254abcefd1ba608b29a1b8,false
51228ad0d17eac9217cf0780bb2490a1b3a24a16,false
13293b499faccb30e63a2477cfd780d2297a6fa2,false
e991bef57482152639e7b797ab98f2710ab9c4c7,false
033b0931aaf32f1f34045270d89fc64b29835329,false
43d6b8a5fc5f4efd9dd1ce8c73a0c15979defd22,false
3185f445c908a3926f17deb574cb9b1f0b049fe8,false
b12d9762e7fdb4877ea0cb750628149609e3ecb4,false
ea73571a5464d254979d827f849a2d69b655adcc,false
c73d740e571c5912045adb5e2dbd3b9b3ff15a9d,false
b9938d0182abac79289963b2df507756bf86a50b,false
2b58e6120ceadf363d12cc12889bfc79c18d5066,false
0ac492a0acda40208e6c613644fe9e779dc3d937,false
3bdb90f06b9d3167320180d4a5055dcd949bf72f,false
7bb3271f1a5556b62efb0ccecf2b1c6bc293ce8b,false
e9d1fc47bf42bb13fce8799ad7727206610a7eb4,false
67e4d3ee63dc561eba9b4245b026f24f3cdfc70d,false
984142072bc268008265eee9af4f8891e3c77737,false
ff034e42cfb665dc9123c95e51ad3d1455322bd5,false
bacdd076bd544ca82d05111e3a427e98e4d4c996,false
a3a5075a942a321ccf67c7511822e62dc1d5858f,false
ed9e458850a548ceb6027bf25a657f26595656ff,false
9213e77957654235626a5a3253319504a9bbd32f,false
a3ad5405a68f312f077e8d6271e694f6925c0864,false
3be7d918ce4be51ae7590add5a8e819fbc989117,false
9ab59871007c12fad03f43ac08f889e4c080e64d,false
44b0aeb048c1019e3cdd42fd2bdf9c2c8ffb7429,false
e059bf311c6a75150275b434c53544f7528749bc,false
d2d8e66130f8aabf8e0e4b80a42352f8ef93c347,false
b9013ede2213e463c1b6d49b3651c796debc1ea4,false
4532e89efe9ef1161d4cdbd12687dac0c19c49b7,false
ed7b4ccac1b646aa725007db7fd3ec2d359beaf4,false
81576c236a4dde33aeed13c84abed0ad2e796c2f,false
3569fc24415f8bac7b269ec041bd1f6bc23038ce,false
e3a81497f9b6415b077b4eb1796c29ec1aff26fe,false
2639a23b8875abb6c1dd2889728920cce5d09632,false
5693b9d73056775f6f4d20d745478603b7b96793,false
1b77a3fb11a0819114804e4f88233b2dc215b653,false
a700cb2a76c0f6037f6ddaa6a519fcba179efd41,false
fa6eded6f572dd4bc23b030f025156cdd1e63305,true
8fd1825551b28ee967246ce9638fcad763bf616d,false
32d32249d51f37ec53779372ad23616efbf4d74b,false
224367fe98a056ffda7452eddd8f7c33fa2214c1,false
4a6f932610b3e3b7858017ab1cc4c20bd99ee008,false
fcec4b140c49ab87ca761e70c4ab98f5417a2744,false
7321a480ea60ee212b06cd6698e1e3ab62b5e7f5,false
937ad10275af3e190dcb63df926812a57d1e3e7e,false
2b8a281c1c73aa31ea81fc4e77c26d741bda87a6,false
332fa79881a6ea86f33be611690d5e86898250fa,false
bd51d2b88c4bbb4529c20314cd177ae94514e2b6,false
807067001f58272429fd67396ba2c2c5b2e85861,false
367a168d867d9b1b36485c98d9c6e5ade1d85686,false
1f5927eee2288b4aaf508af5dc1f148aa2140d91,false
61c51636797f3b320345cd90289fa8cabacc4482,false
da1c1f0d7f8e2df19eb320b176021511b7d05b76,false
02b02543b34596e576c2e3d78c56bf85600f0c5a,false
305ccd5df962eb7d2c9e3d95cfd8eeb280f949e5,false
bd888eaa61cb32b33dbf1e4cb327eff530bb9955,false
39bfb544179140cf58f33fadd78a7ef3be659187,false
1eede1de1fd8844430a4df90756e92883ed7103d,false
16a7dd06aade99d478eb183e89ede87d4b55a3f7,true
fb5d6744889e834f759922e7c95b9f315384b264,false
76456dc3b29ee816fac2bf937d973cb978336ed1,false
6b9370a8545475c40f84a02e3d49467fb6a83d2e,false
4541910381e5c3836e4c00b480653f058b149f6f,false
7cfe833a50524e629542a82c8cd35b84cb1f9e9c,false
3fc10bd240121fc9047e6384d549d4aadc5df2b9,false
bf3708609a3a0a2bd03f60e9075ce9e2720156fb,false
a8fd417b31f27ffc1704de33dde10ac25c4ea11c,false
c44a6111bc78ace1849748af424ac0ddabbe5f47,false
777e23f81e5c496cd89d5789bdd18624e319a7ea,false
b0f594efc9c6ae692b9b4732d40006b1d3c69d23,false
8efbae917b9265fe12b07187c3923d7003600346,false
9fb52d5e02b4936df89ce6803f22a53045156ada,false
171253a0ebd1262c6e8a03fb682ad93fb523aad8,false
35282a881eeb11be0e3b4e39ce3e1b6671eb2055,false
6f990f67ed76b13f080c37d037ab1d448eadf7cc,false
0ce47a365f4618f19b5b5c59c33f70c4f69157c0,false
2d992e7f135f6e3aa521ad210fc0febd5b93d30f,false
eb0c8a6beea766812fb94712c27ed6e1e99d6249,false
f5b15c2a35933167c516da0c13290375c58c5509,false
add59a91cf45b567397db134d3e4ed4ce3ecd6da,false
cc98ba9092f66468aa9a82c4d9af05c13a397e52,false
577581665ce745898c29ca502e0a3aba1f16677e,false
92191fb9d9f9d68811be81977faf108d9f1313f4,false
3e9f074d05c732c65cad104235807ed662a7df16,false
de5bb759e3b5f686769c0803541a555475b3ef5f,false
7777b06809a4fd948e86f5ce8681c8f401ff37ee,false
931be87475634c79deae584b7fa8d2bd6d6c55c0,false
02e7bec21cec2f32d954e178a1a88f8dd6aaa81a,false
c8ce5326b4d30f29aaadbb3b81bdcb1cec6b43e8,false
22219f51e5a15836657bc5553fe90dac2054caef,false
8d3ee017c58ded9e994a7d97c58bcc5d6a2a6e68,false
221aaa56c9cfc968d51f6e4b1efdefe2276870ef,false
e429e47a967e6846fa6ef723364dd25cc9aea37b,false
efdf2e12125f52f02a68e20b6df1814635d2c005,false
29768ce45e6e46fd830d11f17250250fd8c5c5fb,false
02f0c755a36c382f210d6654b84316745ad2af00,false
a61347b902961d36d932bab56794fc39fab0d210,false
aa40b1731e09e839502994b3b0c22d3f2361d045,false
486c1089b0ce968b74e81649cdceb0e158157036,true
c048aed65abdbf51955367b95242a53f0219853b,false
a51a167937e1985314027ea8ee3e68431e16a2a8,false
f6618c76381c38f7e692500c4e3e0dc7fe56e02d,false
3c48bf893590fe87445a735584591201c3085e35,false
1d55b8983efdc840b83ae6ccc4e496165010c8d1,false
b49074eb6b19d8f5fdb3301a6e50f11845dd530d,false
60260eb0f0954ceddad559161445848214a50ec5,false
f6d25bbc4f95112e9f5f85096d12a61ed43b38b8,false
71b525e1fa1c74359120634e980256a9489003c0,false
01450efc25277e8832d1a00916af009db8a07dcf,false
66ef55ce0a9a1caa66a4d955d831f7eb8a207993,false
932f7d7cbb5a4e04fd0922c3272a6e32d408abe8,false
20645d9b86d6a0e4969d71d2d36300659861de35,false
d1821b3a076043c350af77e69f8280d0c6695145,false
afb613ca434b2832dee8318f7b0ddf0b10c54610,false
2f601248941c7a90ed62f2bd5adbb04c402e2d4e,false
9123fa3b8ff7f5fe159344b7dc11e9a4d727e2be,true
9bf36151d956d9560f68f3789ee438233d530a86,false
662b1053a437cd4ce5ce6ad71f6a8f8a8039d5d6,false
7d57c29f7afa7712d4af195bef3cbb5dd083123d,false
0ce3db88cf39410c0b17e812a2d699b3550a3c67,false
84ad89ffa4390d3327b4d35983dbb4d84293b8e2,false
817b72d484d353800d907b3580c899314bf7f3c6,false
5edc8037020b3a804be0f3c47deee342024fe351,false
7c16054d81ce9af44a4875650b506c9ec2403588,false
7183aefd6271fb9d9398b8d721dea15a699ed501,false
9641f07d9159cd4289a3b89fbf5cf0bfc0102050,false
a94e767acb499bc7c86844d502fd799e3360c534,false
c2ed8d61c343653664d3657dd407668115acee61,false
7db5232572b23bb42e19c81548366b544bd13ea4,false
462bc6c2e5972cd4a91a12a93478b8c7c0739a5f,false
b81f72070ec0dc2bede09eedea3d0b0360887720,false
96d7cc933ae19133ac3cab535b0ea83c6dfecce4,false
05ad436201f8c835ac2a5a317e5cb5fe5e0f3e21,false
0f8f6b5130419159709a976d66b133e4e298e17c,false
3bd9cdce94f0afe840f3ac1ef00bd9681b415aaf,false
670d2a4d5082ec3fb80b7bf392765315e472d65e,false
077d06df5498d51c98983562cff876aff4ab862b,false
3550b26071e0f392ad67ece2ea5057a292bdc528,false
961db8ad7290f1bd91058b11a5de31e27bf28563,false
8fa5e32d9a1fdf042632bd8fcd0b44dd8031b639,false
b93ab41ed12c3dd0c37fb7a85f1aa93966b46d77,false
ec863cef5bb3811803337738c93c65541848a403,false
8d97d7143079dd862564a1e119ad44817ba176d6,false
df711eac90223db990eae05a60ee1f6b403443e1,false
a497b10d4fe345c524ad7df24a2c44b066a10abe,false
ba82bac3d80400b5520cac7d0a8915414325bcf6,false
b1c0951ad690a83e49bfd005853a7b09cdb44cb0,false
dd6b2574c9d40c4777da71d576f6e5eea1712404,false
5da2c00419d09ce2d3488263036ffd14563fb05a,false
9eb59b0bef176aa227edc8970d4b2ac420af9293,false
ed49fe3db1babe0273e295067db9716a69bfbf88,false
f17ad953dd2e563f91cc9ed2bca19ea23464b5dc,true
bafc13981002dee4610234c7c97ac176766181c1,false
84f57b6bda5469a7ed1f18ad1c7b167225326796,false
bb0084f5bef9b871a82f0451ed71131ffb7a43b3,true
750ab16364e12387a58061e5895b20fdcdcef003,false
c09a4317e4cfa64bf59e712405aded84157756a1,false
7e8f1053bb07f4f73914b5784a87de6dcaea6bcb,false
e77bc2d86c215ae0d86981630450988407728c5d,false
d0cf5ef394264faf87729c06517c79b9a4b6f8dd,false
af41dbe0c479769402c46c0b99b841e781a8fa87,false
af4cb0ff2bb77c0c2f03227b17cc6ef67f28e63b,false
6cd54a48358bd68e21331ec476fe0b21278025d0,false
03339501ab53794b363df9838978d15631821afe,false
9e02a424b2692178dc5a9b8b494b3a1f0bf3bb96,false
588cfa9c91c841f4bb3f5a9c91d1c1331f5b8ad3,false
861aa0db1fdbc52602b8d502153a0a0b8490f124,false
4ea4ea7f93c97043887a280f2cceaad06d615621,false
b88a837674421f492f879c0a0122b0bb921d038e,false
a00ccdce9429188d349cad5a2f5d6f21b2a84c39,false
77d887526d9776b15acbb43f31d00148debf0db9,false
f8a778deaeb9fd63d3aaa004fce27d07751a9d59,false
71dae377330109455ed26d1eb912e243125e3007,false
a4931ff3a74d9fcd8766bee69a01b62a75a5e131,false
be42d5665e89c7fd57352c0e6b97355d6b3500f3,false
4fca38c078142744922a8c763bc1468e680a830d,false
56db3ddf4e77a9c2184bf9580a67bcb2dd8ca4d7,false
0a7cc2b113a6785006699b5b2bedcc50d0aa4a1a,false
192da325f8b171e7512bea13edd4ddd3330a6ca8,false
3d3b809347c98ec827687ed3fd6f9f935261536f,false
750fa594d8d29715143891ce3eee74672288d14a,false
013d8ad3d9fa1697c4dc5648376c98dbd537eb28,false
773ad9b92d447102b92492f64d7ba0e708746f83,false
bb94a612fddc66f8af8553b5ca5197b3a529b6e3,false
73ca86587dbf6c0ab3919ea0512c9677a42458f5,false
ef19d663c0ef8051cfcedb6ec3067cb7553bcd82,false
80283d6c590a5e54ee877813f33fb7bf3e02123d,false
3f67fe94f1e46908e53283a54f4bf74c524efd94,false
f95acc64d642c8c9b414025ffc673f000c3ba808,false
4f5d3eab067f8821b2a69bfaa9be5ab1b04669b7,false
0632d53f3debb653359d6da0d061a6eb760a2dff,false
56a7e8361d978c9ae2981167f3b4d959f2cf21e2,false
bbd9c2f10011be9f9e2b1857bc863d923459154f,false
056bd0e6d41203ff8fa431bd588c60e4bb8b9b34,false
7550f43545303882b9fd2bbf8cb8f288a7a61f2c,false
67bee6153396954d7c17d3a90dfd132bba157c36,false
2401e21efd226d3be05b77b8506d6443d574de8a,false
c6795eb626096ce8a14c594b27b61f3917b5e810,false
3b3c5b8bf3e353b138605b5fdf1693e3f4ab9200,false
e401a83fc5e57c6ac12175edcf3ef9157f094d7e,false
11fa387748314193e87c863c181f32c19dc3139a,false
a25ee7e060ba449f36daa1ba903ddd116b6422e3,false
55db14ec684c57638e1d61f694d8f5359b157655,false
37fb0516f47fcc01cba74a552f89b844805bbdaa,false
60fcc05c4705ccafa80fb997dd4e908e56894030,false
a18dedc5d3f6e6035d5e460ec4b203331368ab21,false
b9237121ec94558a95fcb117d84f40c853930a74,false
93c190a8fd81355dd4ac4f567821ff28ad021d5b,false
d76ca43a583cddec91e8cdd32a8210e6bfb1bd05,false
97dc6877931d7c72f0740f4634d6a3be9658d036,false
7169f44d8801709ebf7a5819d05cfd1201d5429b,false
d425279650b392faf679db3245b8ac7f8c84cf54,false
61097c47a35ad8883c77fc49b93c1314f7819464,false
4d4a639ba46cf72454497bc100b3e811e66af4b2,false
709289037ae149444b18a59975cf9dc6e93cd05a,false
fa610a24ec326bbca01d6453548a1129178273ae,false
46918d3cebceb611e21bec3b13412f3d18b6509f,false
6b3fbb323ad9b442e11f1c8f668e8f494ae94670,false
986b92203a53c735527e53cbe4f6f6f64aa9e9f8,false
050a659c2fceb5327d65c3b08dc8a8279418433e,false
bd232e5c82cca0c4445b3fed1a460c0bb0a66082,false
a8c36fb3d8f6bb2a9e175bc38cd2de9e0ee8f52a,false
5e8d503098747e0297f17978c23f5fd64106124b,false
193b94b0eacb29378f294d1e31f59a35b68f076a,false
7b3e52b06f98c1c665c5dfb8fa8d6e6a8fde4c8e,false
fe2d75e1f41efb49472d625ec7c366e7c242a2c2,false
f05aeea6dd525d735b5e008aa176b1b839b08cca,false
063a8da4f8b9237f425ade907ce97339eff52f56,false
5c6d789e7b2ff17f43f82b7ca7c9a6410ee7c358,false
f80ea4fe5d3f194c567d3fd279e1e84050a12b10,false
f88765d504ce2fa9bc3926c76910b11510522892,false
47d7f20d9b291778992920e0a4e3d9ac85b139c4,false
e41bf1e18104bfc2e482aa9f066c3ee7793666b4,false
4840fc0edc6609d51342d4c5e21b7843109e3c16,false
ec3d5800f2c8d6803c426babb0b6df0fa36f866f,false
ebab6718f7dbafaa2e893f2347e6fdc6acad8504,false
d1423b3e16c17519d2d8841ea2547244cc6aa944,false
3767e7ba4f333e5347a6e7b06e6261b8a579c3e5,false
0f3f476dcfd2974aa73a3c741e0f6d94d662885e,false
92854cb3861f33bff7949be94b5d70ed9262b26d,false
3159c861664eed1a3f82b4b4313ba15b7436a18c,false
6b9fd4a968dc314ec03c6e5c08c5939667f1634c,false
d4f6734741929f7532c03b00e732bf7db42f7c01,false
84efebd6be3809388160e8654d0fccc9ce0b2395,false
76f3d6b45e76b9979375ef2519cc6164b07c54c1,false
6a6acfbb091229ccc28215e92868fa45ec4c2d79,false
a1b273658da6b8ec1d8106d30dfc05e1c9542406,false
2cfdf7a8397d6308bfc6b89760b70c0fbc593440,false
54def6265767f1ab134c75b18bd7c7a67a176a1d,false
bcba7eb397f47b1bc10f768278a54c7cb8bc019b,false
70a33ed49bdc47cdb8e3af923ae315d63f406f0c,false
28e30322fa14418219910a364395aaa7dfbd364c,false
2ab91446f608755affba035650c1dd74b825a018,false
6dbb015b43cbf0e1670c168b2746a3c16b6fc5a9,false
8284217593d5ea3d4bdeaed1e146fa94578b7999,false
3fa4fd0908fcd2300b568171a285726d19a976e1,false
a8f570cc6225e22d0411cf20b0102a92f319e4e3,false
936e787ccaaff34fcda995081ad63f376cdc84af,false
02694d609f7ae43e023872a2f20b835590e10c0a,false
ad011bc32d7b9160354efafcd43e20f7042a6a13,false
06d9a5e738f55ad168caa39a651477567230a78b,false
17eee81da085e979029180895da2d1887182264d,false
0bb4de1e3ba0c971faba3e2f6815bc9895448940,false
663802e9768d7862ae30aabf7b68f6e381fd59a3,false
d4b9b9854c7afb32c4c2ee27c4d98def1c8e22ca,false
d338dc8a1369d56cc998c9688ae9e818ba9a5df5,false
d6f5eb8def82d86d9377924cffa9d23ae2dec6cf,false
5562acfdfc8bb00852a56addc735eacde88b4367,false
1501b79293b9441509d1911ad3da5b0e1871b1dd,false
eb05001f8a1a6c3acd630b082b81f7fb5f6b9bf4,false
974e14484369a977690ae6c29b2e6898525c71e3,false
7e157ee589f765f44f6101e88f07fa7f1d165830,false
6fcc2ae3f4536e4d2651c1a00abe2306212a5bfd,false
5c7557917b86d3f2a88816fee00d3b84ee65cad6,false
e9160473093ce7b2a4e867de414a90a9094943fc,false
9db775e2dd1b07b381932a98a75d049fc1ba8a5a,false
13bd8586e997bccc7d106006aaf82eca0c4c6d6d,false
5d9cdc65b5c58bff52290a6219cce7abe80b56f6,false
eea93424142ede248d9febee6be11b37faf9fbb1,false
091852ef88d3c5255858d44b93b5f3f5aea16c22,false
b24438b2c9df81db294d3c15681f7faf9a135970,false
d9402fc0c03353b6d2659297682e578d695476ce,false
cc8f47cf62bace1346cd2115b8bcd9fdb0ffd86d,false
924763afd14b05ece440c9563f87e70e5f969b48,false
83336e0622195d8e1d0b9578d08a585813c755ae,false
aaa3a0454593ad4dc4c4e4c5e2f19618e181c750,false
eb6df3ddf110be5bcf74771ff15e63d9972729be,false
a5d24ac0d96a4e464d37c86267b4813c2f236ee8,false
fbe3e818186e4bb1021f3389d1ea79d6d8483891,false
3bf9c2e097129d9f398f84aa4bc6384b2b3c1219,false
86525d9b374efd00a97a9c3e9586425a356a6bcc,false
f166894f764895b3ab0c780214d23220257c563e,false
eca53063862fd487dbce6e36fc42fae80f1494c3,false
4d8cba917e600bbec9aef823f861cebe29959c5f,false
41b5d77e29e6158f7a67e9f9872efb323f1be18f,false
337a9d6172292a29229680251477f3cabe0c0281,false
475d7076f0815142117443f9ed37de4df40fc438,false
23fc2e56a8f169efbc31adfcedf82d8724ba9604,false
a8498b6859cbd3a54895ce7a76c6c5ebe76e2aa2,false
bd4921194e922ef1564b1abfb210953dd0ff286b,false
82d7c49d005f419b2f7b5e70fd34a42fb18a1a7e,false
b7dfa6c363aec171bdca04ce0f49ac5f2a0ac35c,false
454ffa2d884271277409060485ff19412b6979bd,false
413ae6137e9de669056a645d14e9c8916e4c94d4,false
eae48d97b085626c1860a900a27ff63c439e0edb,false
7126a22334c881101b5c5f8bdc00d008cb7229aa,false
98b155c65da62077dc5f277a3ec15d3af78333af,true
47b5c09ba628ec8de37a7f6b2293ee5da9d1df02,false
a6c6cc18f5eab148cb15a65fe6543fb5f1272765,false
b292013cd90b55ea321d00603e91555bbc10b64d,false
45e901fbf828addfcd0984edfa495d99d7155d9d,true
3f46f4f77afa44c9c17089224d9608d25512d417,false
d931216adebf441dc7431f1a073baed8b4a1b20a,false
aa4700c276999a002bd6ddf8c7d35993429ec2d7,true
0e44cca8e32f17e78f73a127ebe8d8c627c3fe13,true
fd8e6b26f9ff59bc8bccd6bd251bee5838551ba8,false
29ba05f5be60594f913f1f9bb74976528873fcb8,false
df256f04c26aa2a8ee7a1bd239332a956270f5b5,false
bd2c8b631fcdfc63adcefe0d6cc41fb6c9c21976,false
b9eb8051675da63750d2e89284e560b06f7c1820,false
4fde65eb7a9cb2495c2ffd0eb86a3c3cbba98628,false
33534bb4a9937e6faba5ecec4586519f453369b6,false
8c054f04b87dc7d713495d91fdb4d52bdef0e643,false
5b9826615267fd75a954db40c1decc2a9dc40a99,false
d2a380451b721e7a8de11ff9f5d7f4d33e0762e9,false
50fef79b20a86ed13ba81225a13fa589d6a14e73,false
a6ea6335a56fe43123ba1709d52b943972ce4787,false
e3bb34ec24f13dc934bc4a8e8ac1ce4c10eb3254,false
b68dc78d09fa9477189b451998bcfdd66eb0d536,false
6517a1a37cc97e351c7347076c451bc4aff6c239,false
dfeabb7089e989040d0169df4c7df6892e45422d,false
65465ffece9152526ea1887e0da2b3a4ab4ff892,false
e3ba459abb026c536e60a3ba2dec3e30b53003f6,false
1ba6c2248d0a2d7a191c6b3b9a9a92c10c688236,false
3bbe869dd7afbf089f32eed7f2ae17e8978c8035,false
77141c1eca6086ed6ab102f872f6f2bc04e7f5fd,false
871077c81c02ffa3a5e4ebb9786fe43dcc433c2d,false
0d86a89420c1d692e659a5c9b0fc0cd5d65ee91a,false
61263e08f9c763a6c2b3fec6428c972dea2f7cad,false
51b011fac7ffd9b8a348695000ec642539a3d0e8,false
495704e1add905ab81c934487b04aad8d0abc1c0,false
d60e13436dbe144b603eed686adcdbfb0788ac9c,false
4dc3c16c3d52250c2a3dae9b7a86cbaaa6559945,false
c60b5b91e282ce4984fef7cede1a058e66c420df,false
d734baf176aa0a68c0b483741c286d8374138580,false
a45fce84960e3b97fe3ecc2f11de1ba613b8c5c4,false
eccee36964832577aad8d8a3108b7f39958ba8b0,false
6a2524634dec3a7bc71a8b7076ab937d77253c6a,false
fe6bcffdad73fc8f683dadf1a86229fdfd3a571c,false
6e6a3e8cfb5c8c6b6bcddeb0a045a8441a35ad0a,false
5fa76f6800fb81a621b63c42725c5502e2520302,false
ddf0dfa8952852fb5365a794c4fe998a8ff6ba8f,false
eb2a4521ff838ceb291f6f30f41ea70e3f552032,false
85b20f8d491ae02278e720c961024e837cc64b0e,false
1158e229589f39a140829bbd02e2f721ea9b5d26,false
9d64ff420fdde3c6eaa6d573d41da3b2f587422c,false
6d2c076a3bfafc39eed12a5bca41067c60184c77,false
f0b4b99930595f164c42f53ad9968071ad99c220,false
29f7c10a5dea499f64188e29a4e08161dbf14eff,false
6521c36c681500d94ff3b624b6c633be98844adc,false
ffe0c548919843cd277fd4664ddffa8625821a04,false
4082fe65f3ea553ef954b1cab0202259809e27e0,false
0b2556f3ec7b3d4be0b7dab9cea8458e07ab18d4,false
8488a3afa97e12297bdb22586e17b4c0ddf54175,false
61d5e6a4d4058accec957901be4d1efe2f3f71fa,false
c90c4e5e8c796e5dbfa32b30adf68c8582f6162a,false
4a9e34a57476c92a4147f9ecafc357a681f1a19a,false
96d81c297adddf034c8eef6b2c76cbd9181d6d22,false
0cf5881312a2256607cebe36938405a6fe5a820e,false
37217e85b80c389208cd3396c2cdc4b89bd46bcf,true
b759aa2b955cccf7050ece74b84c32089443e47e,false
1479cf80f635164b06767454fdd9e5d37853b307,false
9cbe83ef0d03a07a491bd26ecbe508a348ed48a1,false
4cb311b9455375f6497e7ecb6c931e09b1917d60,false
77ed4661011483cfdb546eb49e89cc8d5cc67be9,false
cd6ec4094730156f27c69b327916e19f6c1c4b2f,false
5f64971731cfb0b8fbac5783e6ac4615aae2c16d,false
6fa1889afb62fb01e8413584aa7abc293245fcfc,false
1dcad60051d5f8ce833b7ab6a37529c6c4a96d96,false
818c42cfeac4c60ba9aea2d45954ba0db9d7d06a,false
81e8bbbb7f5f7e43f37da5b76071aa52b2c0e5c7,false
f6c45afb6ffa9fc1bd3d3637f7d38e423798dce9,true
3740ae492fa4a953abb86fefd025fe12f33fea92,false
5d3e7b737c834595735cbeb81077739dd950f396,true
82b7983b2a0262645dd4dcb72c441b7affa816be,false
9a61e7d57133fd3419907162eb395bc51e667b80,false
0a492a09a8d357324e70981fbc1a8a634f9ca1fd,false
e527c173f51d9fff61429ae2b659ad0400b3d79b,false
19df249c8907d79d58b8c9dc5fa5cea6e40ad2e7,true
39e66ca6d782630c67eae4e7e70e60799386ec8b,false
294961e6fce2c34784f304ca587850d62569b64e,false
d6a1307f9debe7f878961866d42c380ade6b04da,false
290c371eb1d0a140203cffce6f270b3cca6783dc,true
1cd9e91810fcfc3b3ca4e8c157593af28de427d6,true
44da905cb7e0d81267d75ccfcb7ffa2669f02aeb,false
7b080355f561333e4eea01f656f0e4b32dcc688c,false
5164be092a7e9ece7e5e23089458f568be7b9eea,false
0748e2daac32ad3c897dddcb1a5363c0b3d9be05,false
c282ab1ce2c93226ed8f1d44b565beb93391312f,false
94a3968d69c30c54ea60939a5a84c5bac33601bb,false
7d63b89a8ee8ccb23abd1a84c5d5d95455021023,false
7ae1c5a8b928f29477796c24bf62e737cd577bcc,false
9c1cf1bc08facb9588739466162db0a562e8fafa,false
fba2535005686d7471e53762394465d8311748ab,false
8c4842cf1fc82bc68ff65a2bdd506b46fb4c0fcf,false
ce471ca17c21d2250318538f3d5b237af481dc9e,false
12cd14a0757168e9ef53649e4c331c08a23b37a4,false
805692108ae973281d793250ca883cc1412ab08d,false
5f8c850895dc879379d5fe0df9e1713f4e00694c,false
ec5811d0a15dc5ca2c5f231ac6aa79f9a107776e,false
c0593efbb279403804cfb43778eec5ed413d3bb2,false
6bbbb72843d48b37bd6c22bbaa12edc20c03b76a,false
1aa8a54b175ef10a72d3c3d3f4ed112ddc6e2ea6,false
d53d5c732bf794b965d15458f8e578fe51864a26,false
1fbeb337c467a2be0f999606373fd1ba0e200908,false
ec0d208bc14c49c611ae05d391b1edb35af854c7,false
ecaaa50234692c758092e2953649a584cb479cdf,false
ecb8f81760db351957bd413181a86b375ec347b6,false
f0de0a60575363fbc8c484d204a55e02cb3559a8,true
33bad011c38cf97901e035c061e1676974360e5f,true
967907ee81cbc671cd8982bdc02a9d3335fdde11,false
e57199e0c4e18da2a87b15ed6d6e35668ae1b763,false
eae37b575d2106ae80edea823d50c0e4ebfebec3,false
20f62e828b2ed100f7aa907b60880c8938593740,false
78cd4161f0a264df89046b6324446b27011b0930,true
86e8267eb90bdd2adafde00dc761e96807e80fb2,false
1577e1386e737eca69dbb6cfe6b8bf979f7b2944,false
c4139e0e5de5ffa8f103956bdcc1ca7cf9e500fd,false
6c5ef2bc5c7c304c8d4a2ddbb8666167ae73d4c4,false
883f82f2617f893d024b3fcee8fd9bbe0b0d9341,false
c259f2bb2b8a9f19af385febaec92a314bbf7969,false
5dd9335aac116a3d597f1342d7dba62b823a285b,false
557a053e3b2b43ec2a54298c952ce67fd0d27936,false
76c518dae7b41f6fc08b559e5a3ac1b628844005,false
b099999c6cb5c3563dc4fbe45f3101116aab0d3f,false
6c56e4231f718313e8c5ed6a45b6ca8f4f0334d4,false
b0757372453f4377a93cb7c4a09b754157a3bec7,false
ca547f0ec375a8a3e8c623cfa6b747d68e75a239,false
c9ef500c5c2bbc7cfcb51e8b599e00248d290fd4,false
b57a076fa30f0d82c2db07c781b8be9abda6ca25,false
23de58682c730a67820e77605386a16303d57447,false
539569e5f2074427a99d31a6142cbee596b5905f,false
f0f458e0c5c4610cc210ef80a89b2b0870baa1b6,false
8570633214e4749972963ef622b4c86fa8b379fc,false
dac45f6c5d2dc69a59561dc70579cc16a980bd21,false
f0d3b71a94994d52d64d315bc8ef7371db14d76f,false
1df2788a8f29a1238cbdebd7fa59b0d6218995b5,true
5575faad92f69993e3823cd94044a2dd7796c82d,false
08ac3aa4e3739e20d385c4c2973893945f228470,false
5e12748d0efb5fc3d1f6a68d7bf05fd8980a2fd4,false
b31252db55cfac4605ad917d34eaa55fff248a38,false
9d3c4bbb8c180cc3f42edacc41f74ca327af9805,false
d4ad47af624ef8382182fa3627b5e10e8ee2c703,true
4437eb7ceb7f139df8d14fae904c22e86557d053,false
290372faf118d3f925dd674dc593a91f1c1ea58a,false
06f2be3ae48e6a49f9e4528fc187dab0af0ac9a3,false
aed464b92bbd9bddba2684304c141b9d65b7d01e,false
7d506f2408520ecb21025f93d9ece00431004501,false
0bac2ade9154b4c1a267990238e2ab84931a0cb4,false
aaebe9fe252454a319de1f0e583d0e5a8635e399,false
5ebdd5dd7455ca4a4c8ba1aff727f40e77a11c08,false
1b7fad37167095f4c1981ed7987254ff5c6de6c0,false
e99fec26ab1e8b11d93a84ed0b74c3406b01494d,false
16471795117bb2d200888e49af5b621377bc1436,false
73d89cccec4bac27457a9effb7b4e6b7ca0deb5b,false
d3987808521a7d4b0331e6b154499d99d1fc5ec7,false
73c833568d33c3a270434b590cfe7355a757ee3a,false
2de525c720bea58c088decedd89bab5914e39a7e,false
61f12d6a8d113ec1c20bfa518efc78dd5b4d564a,false
a1c55a698cbc4e93c5190479f3e3f03c53d79c71,false
f0926d7b18ff4ea0ab331b0eb4ed22b2cb68771f,false
8a960916445b78b2e9069f89bc046eccc235f2be,false
3fe68c221a41e8b86107281d869eac435e2a4154,false
887d382da146de0522b1b125db1c3cbe393cc57e,false
17d7353d39100b5eca00f769e2564ca95457d053,false
1e15e17a666a082d4f5534588d964ac5ab99c254,false
be45a608e38a16766eb568a05b39becee2cd572b,false
6e77cd709e16f7d1d654f67a5fc82e54bceae432,false
0d19fa0a061d91f0a6fec5cc60af4a4c1b46aa9b,false
348bf52188b9f7bef1096d8fe70edf2e62ea04a8,true
5ebf1e824da1a35c8f45a8c39591a6ddd3f70b36,false
2446ca63a8d840a35ea4eac02672b24a6fcf406f,false
d00f5cc9fe108684d7125fb6369bc12ccf0095c1,false
1e857bfa7111c6f74c79d9a93c3ff7da5d719c92,false
7a999cd4b8b1b8ad13f8519ba3fd22e34016165c,false
d40288496c18d86d16f8aad144e8cf57c46dd3bf,false
5c68b24f645131993c2f474ee2e91b8845edb974,false
66b4ea91b4f59c40b36ee2c5a5ccd1218387a891,false
d13a1b363e1065de98f44fe0446b570ce078007e,false
b471df6c885abc08f59abcf21b9b77c902cc894b,false
011b129b6bc615c7a24de626dd63b6a311fa6ce6,false
a4b335a64a6a34de36a2fcd93dc8118bd58dd733,false
3e07b9c287b7c1432b547188cacc00543c2bdd40,false
beec47a7cc56860435d142e68324a11ffd915cac,false
bc4c1777e9aaee1c404ab06dc92893da21f2cea7,false
c65b32ba1d71c95d165f173f8681bfc0f6e1eca2,false
cc6bf7c18ac14397e5ee35493b3788536a85e3cd,false
554c5b965a8b9d702897e5da926312cac22fa86e,false
30973310ec2aaa12bce5c1293c802ab0c662b83a,false
9ddd3e9084b9909fccdb42c55f637dc8b671beb7,false
284081c452e96b31ae43df2e30a162acec72728c,false
cb9f64508148453dcfa4deaeb4ea95518f58cee0,false
a9066a37563f40ec6757e99c458f5883bb000bd1,false
87222087b333c4f9ccc665e787fdf304cabeba73,false
bbaf20de7c34d533f9b83f20b536342a8c735fb1,false
6af9690ae9800f5a6074c70498cba4b26335ec72,false
595fb7e1fac3eea207816a700565f6a549e160d3,false
5dfe918e4fafd63fc77664a3a1cda501bb0929f9,false
e4f635f8d7bade2dbd8b7e3e8be6df41e058c797,false
99c99c4c16b1327288fd76c44bc8635a1de452bc,false
37474871dc66ddd94f970740f773d9ffb6c0f4e2,false
db09c6798eb4304aa3e6e937517bf94acd449c8f,false
a1360196447c8dad1b20fc611bd96210c0bfca28,false
8ba986e45e5b8f73f3f18da9d145b06722e5ceca,false
92a293046b80b4d6cf4430fb72b76b8a8f92b149,false
05c2e7c276ba14c8e8abce4dbb86e0d35c5268ba,false
671c1ee0022ebc561a86e7c18ba97b2b81c24ead,false
5da31f8af36012a4f76c3bd0d536ae107e0519b5,true
93fe1d54bd44b190aa0f58990bc397bf22324452,false
97c0b26cc0dc9f8dcbeba83131c59b90440b6134,false
765f851a7c880fc654eada6aefb4ce7aa5b14525,true
6a6a6d87c2aea5db42ca00c3d6bdd9c36fe80ddf,true
81ae94a5fd47fab00ce72e0298ef52a2e8274dc5,true
b528b2ffe30e72a4dc19a54ba080d33278b8b6ba,false
128bc76af0f6c16ba71b41851be800ccdf354752,false
ac12e362c4b7fd765b0f6ee6d1699d027ee9bffb,false
c8f19f0afc8d49a68ec969097e6127d17706b6dc,false
b3767ae59f8d916333ebc2cc04d962fa33f76580,false
7f3867491570746a4c14bdaa5bd59ec1b64cbfea,false
8b9cb6caa71c2db1a9c2ebd66f77ffe8b6306623,false
b644e2747f82fe662f03a4973490acaaf6476d60,false
808bf6d204d426c26461e5c16b8983eb0345b037,false
04a3eeee3b02a16ba94882790839dfe2d526ad84,true
5505827a4bd759a24696258983ec14c768358af8,false
a23ce4697155ae236c139c96c6d9dd65207a0cb6,false
866118302ef910f2b216e23783c9013d282e7807,false
ee7f4b2babb7a831d515bd9cb1160d86dad6a97b,false
6cd191db4fd2a1f2593e0d120001073781ba698f,false
1ac4156016a578fdf439ac69bc39b9c6687ea9f9,false
6e91498e64f3081c9d37f8f6e5fd3e3086de9741,false
51c35295af94f8f401a4942aab674f161222a984,true
15f267e1ee401d317793ac71482d269588d22ff1,false
6102d210a3559577bdc0d90eaed87f58beb41e94,false
d526932a09557be4aff6d27261cabb7c5c5ebb8d,false
b8dc6c12b76cd96d38127328296fa79956fcbf18,false
99bc0dfd3bc866a67e6d56a62f0edbf773dcb5b6,false
3f6e8c6ad586caf6a60bc73ebd52838a73074ef1,false
84a12afd4dff0c58aceb34c7fc93e3eedbe5005f,false
233886dda2f69e381cd6c49a16de2d816824b90d,false
fa32222b09cb85c0a1bd4c864689ea5d3319a354,false
41622c8d681a170f39df2ab8dff170d3b8d2d139,false
b51e368cc7db30d849bba0e210a40af90f81eb62,false
5420bce3832fe07ef69187e5a5e3335b32f05713,false
2fe8e81596ccc94c79eaabcce8d59b4a0a94850b,false
4a8f3eacbb94f4db2d85b96dc64df6ee476452db,false
5c73a8b4adbaae76ba9998997fd3fc6e6d44a37d,false
7f678aaf5a066ff71289743a64e5cd685b660428,false
8789c94d8273a22d4dce114e06a2f6ee1f9b980c,false
1d49343bb19933f5f8057a548cb69657d8cbd699,false
915d34444b2a1be982940e6f3c91576adc8aa57f,false
2faf245876822702e99d036d23cd3792ab5e0b84,false
7d6e1185729eea3dfc93783b5ff7937c22b388d1,false
751fe451df7d0e03754a02a52e4b59152b37891a,false
daa3f272da477470d23481d409d54f989136ac32,false
51b62fb044ef59f0024ad890ff29765381ae1e29,false
bd4020d9de90eff06ea5febba987d2564eed0ccb,false
4a576b06e8455d117910a8d10d006d136124f11f,false
96f7b07caf15a23a67e9e9dfd086d38e400b2db5,false
a68a25cb1f23dbeb471a7bc26478126116597463,false
b3b5a98fd09f4c02828765a5968825ab4f11556a,false
b0105f41cc078b0f505787eebdb382014c685687,false
db468a46188c14df12d0e87259834ebea86ec2ea,false
25aab43f8e27e80e8f05498849c17e041791785b,false
ec07d7086ababb5d347f785cbbb25b2001260304,false
c388e9c24e835f9f4f91b6194d6b0997c8535a53,false
d7b20e0ad7b99e05a327485ce9c150bf2f993b0e,false
910ad019160730e8cb7ca58cec214a9c5ca296a4,false
fcd573e120eaf4b97d05a3bfa225133741c04428,false
dc07e26a8f99c43c840e5c50357f55320022003f,false
b55bc0baa291fb3ac2f62f5852c2469f1dda9bdc,false
9f4cbb9af4ab26f0fed6358a9219466f3c1c82e3,false
7368a164c7506046a4a0b0ce2113c2aaa7800087,false
c1c205bcd39ee417ed028c967819a45d08d604fc,false
23cf923c7c2e4a3808e6c71b6faa34d1749d4cb6,false
f17e6061fcffdc290f615d3fdc9d949e9e719574,false
102a33ca528f34bae0cbbfc60cb63d5e2dab7cf2,false
daceb3e3a028b4b408c4bbdbdef0047f1de3a7c9,false
952a6c8989137bb0c44adaf37df0227b8e426a75,true
826d7475cdab43b85d79f99e8eae5dabb01baf7b,false
edb65cc0f056bdfb201531066976e1cb8a90ad1f,false
431db2874b242316051963d9bc4d5653b3647acc,false
f267191cd81d67de3633b2d5bd4d9bfe4f44e0dd,false
0edf0a0e3a8b0f3e8309822044631fe7864d3066,false
7b1ebfbc4d517c2b9de2e4e4ddabffaead1190df,false
7df543d5dc48c9a653403b1be2c8e83ba0f6c7f7,false
992d9be96ef0f0d746bd4a77b9081bff3b44524b,false
b4240e6bbdfdb7745ce03532618b0fecc311cfeb,false
08f843fa75f2059a6d3fcf9784dc49d49cb52927,false
e7367c9bbf7187d1e3650093fd4aaf96d879a331,false
a4df0fbb397e13bd7c6475dbde5f44727474c3c7,true
22270d0f7d4c794f6959d92fdb1b1e6ffd48fc46,false
6d0bbd627c8ff7b6339c894342d00eae11deb7ec,false
07fdd1930b947b2cc074706ecdfea908ffdb05b9,false
d5308bb80c47a645dfcc06588bf173b5c3a3887f,false
6c0496a1f38e69c700a2ca834d3d64f60361d3bc,false
f63cd722976e1514cf0c0eb4b79180e3c9bc43a1,false
52daeffdc9ef07019acaf64ce505aa54ba98a037,false
2094e8f28e41b525bae89fffaf4073e7f6c017a6,false
e7d548595e8f2f03fb58c827bef8abae2f84aa59,false
39cb3504e155290958735b2ffafb69ff23b23c4f,false
4dc2ef19eaa4ced5cb2f4a2a1673e65459c355d2,false
d45445ed00f5d1839f19f66207ca276ebdc034c6,false
67e2127a5d9de5c17af122cb5fcacfc05e980a4c,false
1a7fd980f8579bd7d7d53c812a77c1dc64be52ba,false
adeedddbb53083add5f9e66041b072ad716a2aab,false
bdadd979944627b271eb41dc958ed1eb1c185b0c,false
4542bac4d43efbd2422a52714f96c0dedd08e2b4,false
bc9619bebac93d3a44777ef3ebfd7b12b3399cc3,false
c9b29f4072b66be4c751af060d64ea749c6991c1,false
fc0e1a8d8adc10ee602a5621c3a1382eb36702f2,false
89086c5f7e89b63a6cc92681039bd9745e54c60e,false
55e37d4f0937cc143706cdb9052039b7b8cf477c,false
3d7857344a7e61e6f6aa1acdfdbe44d3830883ee,false
ce06240851d18ab725d348bce1793aad67349131,false
da0ebb9b7822017ca125c865bb9f321ed4d78801,false
e0a8fd3162ebc1fb1c2edadf91325f0b586d7425,false
9a80fe691dfd46664a39edf983332b99a71766d1,false
cc536c8a7b6f61fedb2d0cb1abdd643d8e987afe,true
d3d8a4694a9c1601e213d6b5f27fab34615609b7,false
9f1be8e795ace494018689c87d8a5e5601313e4d,true
7f26d45b16d3fa3593360ea9dc0243cc0dbcb6bd,false
bd667109c650c83cc3d5c50de509567ca8472fd3,true
567fff9d0d20650743abd8fe17d3dc9d98fa19dc,false
0030f637c5efe5ebfba35b95f1ce592641d0f969,false
6bf42f9a845b7e54a39846f5410c9e3f6c80ba18,false
1a877fbaa027456cb7eba04f35d7f0a11c075f71,false
594d1c5eb274fd02cb31059becde848d9d38ed33,false
8c595f1ebaaaa0de7d0f5ffb51c47e3f003a6a65,false
90181dd8b50ce5faf021a50de3ed829fc1af03af,false
740c42217cb349ab4f03ecba37973ec0c9bed421,false
0690ce18c276e5c0fd364663d14df6898d5e5ff4,false
2bf477cfeafd87c69b88e1ec58b5eb67abf756e2,false
be2abd29267fdd337212b2d1a5856da635966005,false
317d60307d7310f0987951164c2c70098b8b5749,false
1cc9ccfc671220ff69d6967de0fb71b18a68ad38,false
de25e98f917ae441d186e8a722a0f40a6c7458f2,false
28b36f642ddac117c88c30f4800bc2ec44eddcf9,false
e45e17c490add1377cb169bd66e80979d72d5875,false
e8bd2c92029455abfcbbd3e10b161f9da0d269be,false
9f4c569c83f3f00f43a8ea975821c405ab0057f0,false
8011e1de28c82e5ab5c9727d10bcba997e8254ce,false
88500f5cc709e2e931e6547ed9b58033a50215a8,true
c810fae9e835ad446e7e9d61c12bbf2f6b597109,false
883cb7cedcc23efbb7e73f8884df8f406e452541,false
6aee9f6d77e0696bd570d6095445d73c48539f8a,true
96ec24f6e0ff77a24d0151afe20ec7c97118019f,false
bdbca923ef26424f605b4c744131512a5edb0f1e,false
c5900a1adf8e868eca745225f3cf32218cdbbb23,false
92f63a1c1d483c1a1636efb20cadb1c2932b33ff,false
523e27118359425048541d92892f20ee048c0b76,false
a7d829c61854bc609a343eec114d2a129761fe9f,false
1df426aaaacf5dcd774d9c80857c212388d1a038,false
f9ea3fe026a684bb47a0f4794431dab30d0f601e,false
21d595bee73e65a28201709bd1a8b97c42aff5d2,false
9594876c1f6377a3f8b911d31e8c941295baa281,false
87787b130b28b97848e57b2c838e92186755cd21,false
8482ce6b8ca9f1110b86bff4c3f998655fdecf8a,true
b13e83a2f228625b66c04003a1df7f8e7fb4176d,true
c73cf0f82ef011ac4dbaf00ce4e8318fb9fb53dc,false
8d7e7aab31f0e3cf4d009376b6d210ae1a27785b,true
3e651e795a76032eef18349a5cddaf770c0e2046,false
42b7ab3f499d3ccecfb86220cf3107ba6231cd8f,false
e83d608d7d34c7fe8b98d468eb5d2c579ca3b7bf,false
0e06302c79c50a4b2dd43b2bcd6f909f8994ce5e,false
1eccb62965967264acfd1a504fcc3fca0646a8be,false
13e6a01ac86f9b8c0cad692d5e5e8d600674fb6d,false
b23cd61e04b01e83defcdb9dafe8b6bcafdffc40,false
f91aea2aa0c83964cebdd71350318932baffe700,false
70de011d5102bea6b97010643cf36698f94f97fb,false
ba07f5bd81f66a40333cc619d0a8a7b3c17ec49f,false
9c469698904e41a9e006ff7b96e48557a4f3c418,false
a72583652329da810fc2a04e8541a0e2efd47ee1,false
83ae787f97c38bb73c9d627326710a997dbac2a8,false
e4c712ffd2682f963906e1d0d27e67b7f83d95ce,false
fd1a355899691215bda059f410256e6fff470955,false
6bee3e4995066466a35ac080844d4962a728d084,false
6b28ceba83c3b76eea2e5a89327318af67404298,false
19b134002cdd6be9f3543a7b6d18b4c05fa44fe9,false
41f3d67dffe0263d46e7829819393c1abcf3d0f1,false
8458cc5cd10bac1dabea3dae86424bce46926a49,false
14e4207397adeb09a14831bd01c21508c9ef4840,false
434c19933eb445907d73b9bb9e4973d546f5ee52,false
d9a98dd536b4cac42fc9012c6184251a5ae2ad7a,false
390cd5e4eec8340d74e8b72b2d51a5a3eeef3842,false
5cf261a2876cd311c7abe17c14da733a48a4343d,false
d80fabd9f633fc0ef2955a127cc980ac9b0cc8fd,false
7e8d7d43c8852f1567a93838ae7983bf519ddcb1,false
2644d69486038c03901dc860329375cc40fb64a1,false
4102be4060ad468c46add85747a22cf597fedf95,false
af515cc7ea561292b07195c6a93662b7ca189e21,false
cbdd2aa141fc7c0f82b3667bbc55d50843d6627c,false
63b5dab0fc889f490b9fee803ae67efa3df28a09,false
808d2cf75e7127618340149c5b0f1a9b608b617e,false
db299c02a1e066469a542bd3fca64e7c237a6591,false
a228a3b2cfbc53d428f6cecade8b5b0fec576f03,false
024fbe5a6076d0f3f793cd4a66d0b50decdb2a1a,false
447f591d2b5507bbd25ea9f1aa0a33522b444822,false
41e08f4ccd0f41896200cbf5c5f5d6f3df3df713,false
00c200eeaa6af7c5c25c37471ab0313ae26651b4,false
d88c08e56f7398206596129036b8f101be11cba0,false
33212309a22d3aeed725e3138d48593dc0a5b47f,false
047efac537abad9e3880f545d8b767f6e6be3786,false
62aaee02f754c74e0a051097c869cdabb0f0a09d,false
fa327fd4fadcca746b466dfd8dbd166a50d8efad,false
d393597c507ea62df534ba2ffb8a4e77cf3f1548,false
293eb583f62e930c84dc1612fadf60185c0a9174,false
6c359e0f532d18a71895f035dd1326ca5d2d67f8,false
3d72099dcd8dfdf127c23e7104c19bd70ea18f82,false
ae97ca855361dc47b45f85371d557419c0e764dc,false
f034d2e271403c7b3b8a1c2728b2320ed157a037,false
fe5f714026b68b1416c3d3985bce5063901c320f,false
b080bb19a17bee98ec44700c2e134cbdc5e6204f,false
2bde2065e646a67665cb4eaac3219e78524e29ad,true
225c311f1b8c15808031a8e5ec941da5c5c36275,true
e048aa4e19d689104733783a19560a6a485a473c,false
bbd6c8c791ffa0f9f30f31d17e47e8fe8e587526,false
f16e477b2a7329d249b5793a0dc4986503a48371,false
954b7ef7bbc261ac455feb122b56e897653de826,false
19dcdf4e70e3c57ef647c16c63f6633241c0c946,false
9c236d3b84332aef0c834266a0e3d2171fe5a7bd,false
03ea11fe76a593c146c347f49d8285efb36bb886,false
06a170ea9b73ffe4f2e64453c70ed6b44619ecc8,false
9f9e1fde8fc91b64a0cf99bf0debaae5806a2644,false
64a37bb9b758630c0f2c649d82e10e849c095d48,false
7c271401b284e6fcc2040fffe317342e2a17a902,false
14a5a9e5547895f9e77dfd2dccd7fdb63fe2b8da,false
aa9a994946acf45187cb12506b47433306aa3473,false
169a4e0c44dcf8414d7cc27d405e9afdcd29a53c,false
baa2689658e340fc5a2a093bb061f3b9af6d85b6,false
3384813151e18ea7903a31f22bff1ea65dcb6bee,false
f6b5b571dce6d8ed1632622f1cdea3acd2fd1a57,false
5aa70b5a56f10b6077885c45697ee29e98bd345e,false
6a3a209f41c4dc561ca2d96765cdcf0edda97425,false
5eaed3711685f263d4a34af25b5976f04e6885f2,false
d1d82ca8ce7262ad9d27245ce44f86571287810e,true
724f04d30597a6d0144958e86f20e816b0d9b1f1,false
b990d8076430357effacc0b6023a4dc6b7060239,false
4f83f705e7a5f35381841148caf04b2829873faf,false
501b8590dd8b262c93d52c92ab4b743af1f5d317,false
4305ebdf6692956a7e21a7195b90505d92f559d8,true
5cadd4a348b4d42e22ddb2bfad93f74a4f34cc59,false
6e46d0cd3969f6c13ff61c95c81a975192232fed,true
433c5614946bb872b1fa4b70d6c671088066fd35,true
0514ba2de1751de1b0c9a223c96f6a7145714e6a,false
5c12721730d18e2eddfe083cf1f6398af8915643,false
c80ea941d06b0899b8ecdce6179e5b5259e1c5ac,false
24289e97af233f11d9c145f80604b2ee416254a1,false
1a67e284d043818743ae9ef5a46b6b64a9db56f7,false
c0087204e5b83ad4e3983d07b66d17acdde0b9de,false
b8aca21a392c367522eedb93f248f68005c84908,false
9f2b3d815ec39279bfb838221580a36378a0de20,false
146cba53e7be1d433ecae9999ae662b48921e520,false
1ffd07ff5a0cd87020d7c527a4c83050f6ae9c14,false
663d786f6888bbd308528284b6a26d433ef314ee,false
d8c39f4b3753c0ebc93177661c43bfe35d7c019c,false
cd1a9b7d545a9566b6d8ab861572f2e80c67916e,false
0e4607000d1e4a33a06c98578ec06226a43cdc56,false
b8e826c16bbbada9128b70357c218ef79425499d,false
1b764cff93696a75c6248b6f956426cbefa097bc,false
1928f28a6863a8bac27705950ce1327d661f4d2d,false
67e391921c50f02190be8407d4a02efe8d2d28f6,false
516ce59f95a3b5d2fffbcde8abfdf1951e748361,false
0c459762ea15960886fd0c2960382212c280eee3,false
b7a0cc61c54dbfebf8c3b21634ec9e37596b1e9a,false
f19d3bd67e0d8213013cf06f47d951c8735515c8,false
17d4cb3828b9520be6c4e64e6b7548a561aa6e7a,false
633b13e9b5a3a6946badb465179b2ccab75150cd,false
1e5746bb2b0ca82d2bd77edf1f153fdcca70503f,false
495d834b99e18421cee617b090fd3c6c3c91ddbb,false
fe53da45c56fbc01ee38f9fab762b7fb0bfbc4e4,true
80b9453bdd9a5e9af9c4d46615b93f4df618e94b,true
55f9af72e35449718d405cc140c4705c12239ff2,false
c54d67adee6f99113f525b376da4af27c3001321,true
9359e9f911fd7246a2114d506c8d806090602f63,false
e6d7a43ccd8e13ba5e4e3f7c1e95e90de6500b52,false
0f1cf50f97a617114078be3dbae3152339ff13ad,true
62b0b6652aab03fcf7c411de4d2cbd242ed05ec9,false
5c4fa7e91cca82f769c11b098114aa6d3322599b,false
136a833a8d65f2b89c277d9b909fef5f8a4628de,true
5044f3d6101e5915963a497779b6ad1166a7a388,false
55bd39c7f05e0845121028e143339f1092cbc9bb,false
9121e109bdcd8b2a50bf53cac73b470232d126df,false
863e5cca1b498fb3170981892e820df97f4200e7,false
f193f590bc33bde70fad200782350beac3506585,false
3313b8b0a4bd60768b047648365bffd952411d17,false
5f009374fd28aba381f375391b70ac131926bd9d,false
e00e2c22aadf9e5b9dc353c31f1b70dad488b47a,false
71e10be28665eee6a919045f9e5d8773508dc756,true
098ea0c8ca3b2f3c6715b1048bec6a42db6298e1,true
78a71a48dcb71cb930d747d9facef0dfa5a8f022,true
3d856e03fcfb20167f24fb5a849d075e3a83126a,false
6e6c3a4636387892e3725f1ba13457966c188b87,false
b42e43e3b622af1b8c04a8298e26817343f5e4a1,false
96b6345c1a187e3ae78e0e4faa4a1afc1a8cc69f,false
92ce20eeacf5de24803abaf70a3658806fa4d74f,true
ccd02bfe8c90ee8dbf30cc2be61a7d483ff24cab,false
c4ec6954e57b1ab3cb5a0d178e6030f8bab6c149,true
dbcd64e2ee4c21775a8b06b467e2d2aeae76c9d4,true
9cd32cac32433d7ea03cbd64de6ab5c8ea64a981,true
e6f9d2b41417b442946acfede9200d361ac401cc,false
7132feb1a5a8f5d170a5722e78ac29017320caa6,false
c687ffb1921ce755eb32e105c4f689c0cb4afd81,false
c54c538c1148c07df808acf701776f6db180302f,false
19fbe3a18f36b02f22f8f545e015f60343c844ac,false
a30951ec28e23a5d1c9380c4bd5844f2290c1dc8,true
9e41eca7f839db16cdf064f827fada0cabf6f54f,true
1f0ca894a27f12131079c27eccdcc3fc9283eadd,false
59104db2f2f0a507aea2625230e446361e2fc174,false
12008c2e63a30c3ec7f00a23cad1251b96876e08,false
11f3a3f6ddd5c6bc2b6223eb2ad7cf25e0010132,false
2b4761599873e08a21d835427269a84def0d4ea6,false
3bd12b38a80362f6656b834ec04c95f1ba4d83e0,false
a40489e0ce89acef2a49b70a571143ef479ca235,true
83fd5b26b84ef44c6b9d10e7994b5733d56a7e8a,false
0664a3f2ddfc227797b5a8f0654e9959b15d9e64,false
270355abdcaa8f20ad6e7dd39f69279859a7055c,false
09fec941f4a1a69d6e1ad793a6a9c0e3df17d8d1,false
dcfdfc6476b7cce7c32f48e90e6558cdd2c854fb,false
dbeed240674ed7a7160ae82a603eaa930dd1fd00,false
01081dbe6cdfa3fc43d8e1fff708d4ed95e1be7e,true
a6a36ec72a1f65514e137b0f21708e8c61dbe4ba,false
f3d661de6676125bc765e286c5dd89e3e10ad82d,true
7186a5aaf571e1d08a617138867998cbea518522,false
49ecc88d9949bed6297944cb4a3d115fa9727aab,false
cd13a5cf6215914ba4c3e0963d2189fe19fed508,true
2b03eca1b791c1f88a46b42c83b62214eb0f04c2,true
bd5e297aa9697f42a61682fe56f10eeb650e8540,false
cdbd63d7de71250e0c84530c47f64bc518930ddb,false
d25c801a3b95551fd03eae82f916f92460cc2b34,false
2cc76628d288bf1d8817e0ae6b812551fc87faf9,false
fa087c89298e0c91abff45b3ee7033889d2dd5d7,false
2b8fef4fe72b5592a844083284c2615ced8a0cb8,false
cb30a3b5628616c6d34c210eb429650f09c75334,false
6478d7bb99ef7dcdda19ce3e58c00500ff72e60b,false
de1652467b0584fe9ee4060bc42101e8255838a3,false
11809bf1d2f8536a9a50942ddc2bd2b64b595199,false
77af942b982a3b07669362cc6bc223026bf039cd,false
9685d14eaa78de991e80db41e839fe5e932ee95f,false
bbe58a4944d67087b5cf59b54aa31a8834055187,false
ec9717502f36126b8a371b73a5730b2092948ca2,false
a4ed3d28066bb1625c15fc6a89c1533535dc7879,false
6032c94aeb090c82ac99b9f886341f61c73b65d0,false
2647fc7112ed79c1751a3d99491d7dcfe0aa4520,false
08d6de73a893615ef316a9ad88710bd7e6589bf2,false
281c9c3ff9f4a49960c07b23cad4554a5c349272,false
7e1a13ffbd212e928e866c2e4cf5d92d85660f86,false
4cf4229355459ecb47b0f862302848ce92a5bbbc,true
4a8bf651d9177fbe745fddd1aa2ab098b0670437,false
7fca843b5f361e79534bd18c4cd20f3f44094337,false
c3d49e29ea42d2f468bc780c15683ca197b50d02,false
ccb562854efad180bcbd37f126757d493ed68ff3,false
1caa9de6286c5575accb05b942531080142242d3,false
0ba1a872b7aac48efef9028e7687475da34eaa39,false
7f288371674b420ac2df8ff2313e3b469662ee41,false
0e79aba40d2497218736448ced708fcf4f8943b3,false
36425d5f91b57210f7707de9564377fea93825b2,true
45c45ea73c993cd12334194d62e0f83027a46b07,false
1042d9d23f3c61f4474aea568a359337cf450fab,false
b2e0886f484ac4544afd440955aa936379161e7c,false
caf6b8c3141bc1c251952600a80690fcb5e11009,false
8cd0b03beeac4a41c398ea365475c651c484a9ee,false
22cf57154ab36a87673423c767f24360326696aa,false
789715adb9949f58b7b0272bed1a58d7cd0fad30,true
f18fe15e6d9b02631e9ff24ab3c1660b8ba28f94,true
079d752ceca6ea28d953198d643c2cdd1f895531,false
e49b73d2cf7d08a6f3aa3940b4492ee1f3176787,false
949771adf51ecaea685b57cb37089b4772f9d285,false
0832e77b145b226bac4ee82144221800a0f7d34a,true
582a878ad96b59207931635fa65704c5ab295535,false
31e25facd3972b42d118792c847299cc8b2b25a5,true
b0820bce590e113264859279b6ca45213f2912d7,true
71c534d2c6b356224ccf03a9f4d3d6ae295b1e1b,true
49386ee69e92aa23edefbfff01fd425c5fbe33d1,false
92fa444259fe32debf922eddbd6d18e7d69fdfaa,false
46c1383919454ae281967316d6d6fb33bce9b773,false
1b7258f816c2e025acc03a4e775d41a9d4477850,false
09973a7387d6239bae310af6c1d580f191b47c0a,false
668061a5fc928a5055815acf818b02baf1aef37b,false
88111ae6bf2e33f7e43c44e0cbb32b3d952e4a3a,false
01b992b1a1482246d705ffe3b3d0dd7816f0456b,false
22c613b8c44b74f4756f1eceeedde99b31144a47,false
9dcfd05d295574488bd0c3644599d1e97dcca3da,false
6c9ff85c3f3c98ea85da5f789c092ad7926af0b5,false
9900a72fe7992d873915af68f7d52148e738d032,false
47e84101173d00f70a7f28547aa0ae2fcd80086e,false
3fc8be5a4e9c1db58dcc74d3d48bf70b6a8db932,false
fe7910ccd59242af106fcc67cfd47e6e2355787d,false
1636a4c410a1bf3713bc1da8d4de7ca66cdf1681,false
42fbbb4cbbd312464214dd66d0985828c16dce67,false
c9b33d0e860e347f1ed46eebadbfef4f5422b6da,false
f84fdadda9f675a3e94a042790e010be07927af4,false
9e2807da76d756ca84b55213e799a124beb6a3fe,false
95db82f8f7df0acce7051a8dedf29b88e436f5ab,false
89798ea7dd549ba8e06112e3b44b0cb7d9d4f417,false
5efb1632371048dcb5cd622b6d597c6b69b901b5,false
bb0e755c808a8541192982ba7b86308b68ff7657,false
eaba4a73aa1013db908ea07af6028056c4fde706,false
dc5f48f587a93d1f921d9d7e06fa05fdea6151d9,false
8a8a60815294eb9d5db0c2d451c6c9d959c7c499,false
af11098057b022c172c1142f02e50cc3c4b065b4,false
fca5577a0097e876e8f8e8d2f3961a40fa44bbeb,false
c43560777a3efeaeaf0eb47568171f04103dc363,false
d9a28434af3c946c79d062d7474ace42ef85d798,false
06112a555a9398701d3269253355c214791e1eca,false
f5adb61b28f240effbba5a4686647c2af6e85b94,false
a7f1a21c1204828388eaed1e3903a74c904c8147,true
7a5e8ef38e0f4f110b7739253308a3356b13b0de,true
46e8427d814589145ffcdc10cce45b791bde795b,false
1add1f8a02976e070660d9ae0b877bc3f8a36e86,false
5b7fd9ad889e54d4d694d310b559c921d7df75cf,true
ad42d88fb2cda12a21c4fb6f002f425f233d1fe3,false
ed17bc171046a15f03c890687db8eb9652513bd9,false
6efea346dd54fa9adb65fc044d72e5ec8bdf4018,true
2995366dde63b8acd1f246bcd5a4cf7d61f0c1fa,false
889c0ed1964f48557e532f95f9003c5ee6e2b727,false
7a7a163ff18c4491b8c2a6cd0630a6f4e4ce2984,true
6e5250ab5dcdbf1e6d47e8481ba80de4f44f20f9,true
12c49c75fbd04cfe81808ef300fcb0858d92c7b7,false
d0e2e7b66c2f0a2192ce4b1b54e118345acf7f6e,true
0049922f2e690a6d58f335ca9196c95f1de84370,true
6f7847e3c488fccbfd8c8880683cfe8ae8bdcdc3,false
19d7e6532f9187ba8a81b2d2ad9afe03e5e5500a,true
6ef45f30ab0e95d80ee2a29168f098e9037b9e0b,false
bf023e7dc0bae78ff0ab14dc9f10a87e2b56f676,false
1d4448abe335741c61b3c8c5f99e1607a13f7e3d,true
c28a168f3554c7e5222d1e143792ae67ada4f3b1,true
80c7db638cfd1f778cc065a26c6ede85fa1ac4e7,false
f7d6d4d4f60dfbebd80d9bbe9e68ebdd00d89dd6,false
a34d0e6878c8c8a5fab05a69785c443f3c17075d,false
07a705888cbdf2641f3686f6d87575ef99093c7e,false
c935eaceafebaf167f6422fdbd0de3b6bbb96bdf,false
de555c82cefcb8bd61ab928481b595882c899958,true
8cf32bca519723c5d97f123127cdec81dba868f6,false
54b6fc8de689a726aa01a0f2a39ce428e7a69712,false
ae1ac2053bcf0c77de32fc7915e36f8ca2f5c961,false
d76d68cd381df4a8c3e2e636c98b5bfa02ab37e4,false
d04d36842b6c0c9430dfb3d1129e5cfa5e8bac3d,false
ec18fe94775aaa3d54238c6c75b569491803134e,false
00d6e339ec789e7b92007297e840a671a5e38a7b,false
d50a5db5ed07a14733b8cbfc0962b793209014dd,true
c1973016eacfb22fdec837394d8b89c0ca35ad15,false
f790ab7177c9959b560d238f4be9c124d635e70a,true
8b45009dbc22508ca6d9dc06e79ab23914ed14bb,false
aafb80c527eb5d6d361d7ba08258376d13679820,false
e13eaeeaf2a3502815bcf04a86227dae87ad9128,false
09b49104f39f111b58d60a819551cca4bde305cc,true
78cb96fde0ffb9d6ce67b8f5c850c7a60cab86b3,true
4ff84d537aa386fde36182ed797a79e3b582be75,false
bf6910a639fffc6896c5aefe362edaf6f6b704fe,false
7005c2d5343a4f8025b70e0a1eea9c01f1d229b0,true
cfd3e50ab6447a69019fc008c260f8c078c4ac7d,false
03857cc48a1aff7af4c2bbc18a5740d1dc903c0b,false
5b9b180191016044b95896924c7df55cbff7db93,false
f0c714a01bbba070dc0c7e034a2d174b2e904d16,false
7481844c98e4536ae01764aa08eec681c493ef2e,false
1ed756a5238f38163cd04b152975a7d4ea945c7e,false
e50767cfca081681f527c54d3f6652d11e95e758,false
f4a1ca8fc87bd28ad75502a78005226899e08a2a,true
8ad4f476aa37d46b9744eb0e45a7214166f8e3a9,false
97e2cd0a5a5f2b663d7a82edbaede2fe2cfb0679,false
9569e8c9562fd6695d5ec83a5e33fa608d5d7166,false
648344d4e8878e4aafcc5413f984b21b86173246,false
0d9d3d8f92a5c93deccccea7bc96280fe78c17c7,false
9b892e2225bb88ab24f839719ba50575e1ce4de0,false
f22da31e7ff7f5ee30916b25c36087bdfc2ebbc1,false
13754b6d117eb6847cca45475412fdd05025f1b8,true
8d515a644f4d1a508e5de85d1ab991194fc6394a,true
46f83665ef74880bbc4a1c1f17ccededa7aaa939,false
74b3f7e04cf51df313aac47175b752663ab0ed44,false
697f7b9365304c45216e6c8dd307d931ea1506d0,false
970a8009f1842d6be8c04f3adea3c2ec97d7eff5,false
bc7dae3d5a80f07b434630c566957ec78e46998f,false
501f0431259a30569a5e62bcce68d102fc3ef993,false
71b7c4f5f89ea5e95dc7881797ca7d3a06b97e2f,false
717e45ab15b629dcee07f5625e8b3e5c59ae8c90,false
7ad79583b9558cc7806d56c534f9527e500734e9,false
39d55525ac8f674b40be5d1d3160b9fd33ce501a,false
011a4b1899fcb6da15a9d60c3a5c36a73ff92c46,false
7bd54e9bd61dc6d02237fd5d473fa92030a1ff33,false
75b85656ddad86cbf0c3adb1128b758242793929,false
255375d72ce4f0eebb2ccdb7d10591c9abbf6d09,false
17685da8c069a1698b893cb6f5e41957f77894d2,false
d2a0b2911b9a32fb845d2ed174b677bd5833f917,false
160999e88241137c73aaa49e352dcbf2829fad5a,false
9b734d1436ebcfb4a1a3973221b94693f9e8c1cf,false
5b83f11398c8d0f8f4158af05d187fc03508f01a,false
dfb03c5673e97ee95289b844c13dbf506ea99e71,false
a80eab70ba96d7d43c2ca5dc742597320aebe104,false
1fb43e3be47ab24cc32396e28a6ad3734e9109e9,false
9dd0a0a29f3e384043369a4e902d2a55e311795f,false
2592f927a00f39ca089f67144a1e7f200ad213d1,false
c01ddc59b72658ec4efdce0f54c1df3f13dd03d7,false
0420cb21db7f2ca184facf5c34d0a317207319cf,false
cc59f2b2046fdc5ef280b95aaa22c26c3e0fba46,false
716edfdb2921222eebf64176d416c761d21aed1d,false
f75ad9fca2e17c4777a3d7efc65f3ccab261e22c,false
ff361d32a9154531e1796c2e000e23f9d66ddcca,false
f13e3fc3522109341d8c0013b54d77a777ce2b77,false
d5a88bf0d36a2648cfc224884a144df7870894ab,false
88120e9e9db38b6ccf851348542d5cd88e249881,false
f7c35bf0d51d1ae02709e39fe29110e12f64fb87,true
2a6579430649d6514384ca592730c6995e140c43,true
f0a6dcfbb8cc526f19aa4e672d3b106c65cb18ca,false
dc9c5ef65a5f6ba2ce660fe99e94212c08bba65d,true
bb83ae9843fd1e170a97139d489399c4823ba779,false
571334df8e26333f34873a3dcb84441946e6c64c,false
f347d3c59e3304474ca85b17e24261f127b27282,false
a558d47ee2b007f039985ec9124ffcc9c36e959f,false
e2f4c0ac165aceb8c171e1f72144c17e264b0e14,false
ae133aa1734775f03560bde3d98c7f7d1c1569f7,true
5d9dd0b379a63d5a90265f2469f86fbd81b05853,false
b11f7354d17ae4d7d11bc1b204cac98573f48965,false
c590e820aadb9134a7fb19fe32c8ddae37199ec3,false
041c68f48baa2ee3a8437c5f0e8c6fbd6039f28f,false
f962720f7a835df086a11a1ba910e3210675b9b8,false
9fddecd4d92763f38a42a3842abab70b0a6f4678,false
409dd15c10cbf79a52af554fd26a6e9c07ccd452,false
50b73f967bae6b452220155de830a2c0c24bfd2e,false
88b0213357d5ced865d5bfc4d54e9b14f2bbe146,false
ced719ea18a56f6c4075e08dbe05f0e77eac1866,false
a0e38a8cf12ea2f7ea99f17c6568afdc1e634b72,false
136dbf7de014dda29f3af89d1ba4fd4f4620e25c,false
e706b5e5448b837f34d11107e9f9295f0e5a9780,false
7ce01ab9b4aac9e559cd6cb2e309381cfc3cc71b,false
4cd0299aff607d0162b7b9a539a45b4df003e60b,false
b4eb6534d52e86af3979b06734e5779f6bb9a4f6,false
d7d21f55596b141ae6ca3cc1a52e9b5be9d474eb,false
2b96052240ff1113bfb0c376aaf7aa376785184d,false
99208f1512c4198b67dae0aa7a31708765edc3ee,false
a693f22a5af210a752ab4b2b73b6568c9706a824,false
7ecdbcfa2b2d1c83c8c6561b49303ed5b1042350,true
a690ae27a392cfa1474e062f7655250c416cd536,false
4f815015b803a146ddc24a2dfadd9ed9b22d7de7,false
637eae548935ad1434459c1afac286c8686abeed,false
01ddf54b87850c50ee9020c6027647e0c5fca283,false
0c949089566cfec9b0435ba6ada601acef8f09fa,false
6f49089a624a13353a07db87aff5fe6f01699728,false
2339f1f24e29adfd263cb6ebcb98c09ecb4396d9,false
d8d712a0def83d146d155acb941c31781e7c3b3a,false
65fc888172fbff89a8354e8926a69b4515766389,false
4e9d51b39b674b5c1c00081c1b457ff03ba6e76c,false
5b96e00972b2799728470ef9a3b49a99dff22cda,false
65b61aa7c202bb26df53e2cb271269fddd95aeee,false
378a11f99275a6b80d365a5d51d469844bf9ca17,false
fd4a363657f3b4f13611e029c52fcb8c806f7229,false
8459cedaa94445fd17b223aed16312f5da2f76ac,false
11d2eec3acb7d0cf291b572e3b6b493df5fadc6b,false
98b0f96a9820d6314cd814d27b25589ac08ccbf4,false
c47f4530a1f2a15830c1d1cb983297a580a4613d,false
ee7cb9d6b2ff404be33bcc0487f8b0fee806436d,false
cd412b20dc64f3bfa980c9993e5a4dce39a22b94,false
7c882a457b734cd0a38d41c7e930e375a6ce6e4c,false
c8e56d58077d29e2c9478f133b3c69ba73deead5,false
5963cb5a5172bce3a1ff7b0f8c64230f043c9cfd,false
48f7b9394cef7d44812eea26254dbc6938389e06,false
361dba7e3af06be8f81c7bdd5067c59e08df2df9,false
532ca2e08961b6ffd925c28581c45795986755ee,false
54a18a5e94116342b2f16a8d558cce366b644a64,false
954d9ca0b8519ee651daba64ca9292aaa74fff0d,false
8858135043a42df9f0728eb548d3272b476100b6,false
cd593bf117b7747c5c5b5aec8476315f9b2fbbdb,false
75f537fb87ea3d60465a82c5c221104bcceef1f2,false
e2067649551033c74e7937b89af9a9874a96d279,false
a037762781929a9a658250f3247bfd131d634b0e,false
09a0d2ebd1c832977b46be6d0cbd7b42944ffc49,false
ce813ae5214acc91b1686e09559bb3fdc28a74e9,false
fe27d04cc196d65af17ac6cf67574fa61d5b4828,false
81c2440a054a0aa9110ec1d5aa0955055c08050e,false
ae41df9a77ceab4469029b043e38333b8654e1da,false
5b0b9717da958fd6325c675d92be4f6667796112,false
d05862574f1ea19d99526ca893be2888389eab1c,false
898c8621b175ade4c623ec61d04f24e02c05e0e6,false
e7cd68ba58b78309a342fbce68f6ef1edef3e5e5,true
a11212377d74a48591dda7015c9208048d34caa3,false
2eb28165a9f5610aba2dea24086a53ad89dc66ce,false
38df3df7357a152ae8e6fa8c596a7c9c595b2fc3,false
701faf0724d8aa18d7ed2907b63c143725dd3e7d,false
3fce4898f84531142c6fa8ab34cf9dc4d0cc4e85,false
964c5c5aca08a81164968b8d71eca6925cdbd935,false
39f7aaa41678bbd110365a55453dd5e395655bb8,false
c03a82713a8fe4d256a2d2cf1b1f3ab36d5a5916,false
f40617029a233217e66d2950bfa775f672398847,false
d29dbe14cfc6737378ef01868b89ee154a777a48,false
7106fb63578deef49741096d3d5aa04db89e15ae,false
89aaac7fe00f1d8fb2f326310bf813430fe0d3bb,false
849fc4b90c009d9bbbb604b2997d18340fb7ec2d,false
c62b614d9cbe813d7803c8ecfea2b7bf5a6eaab9,false
7a1a594b2649890fca5d0e2a24db111046d68f39,false
65b22926f7673b419a9da82f3213d7243c968af1,false
471c7f3220f45f60a56515f9c1dc55c794b6ff36,false
50c6df709800ac7504b71209564c8ce5b746d2b8,false
4ec1fbc9f52b4b3997a1978ab3390a5a1157ad6a,false
f52f3ef31dccd16001b7306c4b00859f585ffd67,false
7e14f6706aa1e1edd95b2210627b20c3148ea2d7,false
9f61ed99da17c3553307ebc8c8477372b8ce6622,false
749ef018310225b74a46116793bc3d37a1dfebb9,false
c5be20b53ca577be5569b1a327e88991f2ea69a0,false
a4ae7f4d3c1071ab91f0f49fc7b6558c47929e33,false
bdf31cd423a295de2f6956b2e8da1d8f26c91858,false
cb94f4c5d3d4e1797207fd03d20d06c7bc0d05b4,false
48c2925664e154711e97385cc197be8bbb59572d,false
90854c756a8ccbe0bedf35dd92eb7ff69f7401b1,false
31174fecd2dccd48aa56d4eefc7c808ae93d9262,false
d911c897eecda957a7887e3b47bcd19198e99c2c,false
4eca29f68bba819494e91270ef27f9c2f4b57bb2,false
386ac92bdd4192450fdff833c7a0d7dbee73ef1e,false
e6740ec2f3cda96a1f1c42f25875c0182ea99fd7,false
fcfd03146011dbb2ab77868b2f56374d51b39d56,false
3acec5f801864e8a6fbac759e45569950dec719d,false
c72e7c7c70f1553295022c70d5058ed11932c16a,false
63ddf2d47997299002cda290821909c02ca80675,false
090109b63772669f838d4786ce9a2483e75478c0,false
cf926b8e73acfd373de23868c8d0ef4d1ce73870,false
a63a4cb034955f5d9c4b14f87a5337d94ba472a1,false
e26cc8f9043946e7c9259699af9486dfe2148a53,false
7c0b36f1467d2d8ea5fdc572d5edfce476a6eb89,false
a4869eb4d2bcb25e6cc5c2e285601abfddea7f4c,false
11f463f1bdd218437694a0ea947c1647c14ad906,false
8eff9bda3dbd4363a046778e9a98027c30b7e22c,false
4ef3500db1427c01685eed451adfd7d8cb8847c6,false
fe2974b7a44865a5c8062709a9a8603b86933251,false
d2a46dc56d9af45af2ea4eb43c23686b14a76b92,false
1ee439adff49b4560f930bea9aa12845962087c0,false
135f85a19137371cf4870dab1710618b61fe9183,false
6a8c8c34844334d62bf56258cb0390f5999074c7,false
4f689c41d9d5aa1161b185de9bd7fb6d85b6cc25,true
aeb82a404f2926613f83070e039de34cc5842b52,false
a37f675ccb766c2d6050b5c812aa8aef71d85646,false
3c7625e8c0243fc7777031253e081b7140f57604,false
90389140cc192113a0c08c54a2de22a41a397702,false
399ac3c54fff4cb9d5c4673ce98e409a562b5745,false
60feecc26c60b8b6ba5349baf8d4cca5cbfed223,false
4a53840df00c3338e42afbf78811382a0d232484,false
57974165444d551d281ae25171d4ec5e571c5ca7,false
b8eba0a3fa940f85d43aa2a26bd31a75a446eb28,false
b7eca826aa94d87b85a998916f1ccc0d3b4591c6,false
abf54c8182b052db3173d50ba449b6ea9bd40b2b,false
b9c8c9bad124790ff0a8a9615d3d40a3b6fe2d83,false
fb90c310b9c9099118c06a95183e38157727fa92,false
045dccaefbb2582c260e324aebaec425d355b725,false
42905b8a55adf66a77b2b11797092a64b51d526e,false
8f3563cf79024056987864ad4229f03e6c1aec99,true
9049755e3fac192d5c0cca5092a74a67e562cdc6,true
859d9a9d5c3da114132ec9f0e515e1fa8030f68f,false
c7f433c49bcd752a057020ba58672b6e441eec21,false
ea2e9609bcefffe000cc5a184ab78239cd65d95b,false
5e1ced3c055f7eb567bf7266c98de3d44ceea1b4,false
ca176cb903f9566be07e359791e364ce2fe0b1bc,false
bbd15d53ad129a2ef984fdf4dca1d93f2d913803,false
9bee2500dde2976befd7e88de5d403a26d7ad675,false
daf85d3725516a17e474b143d6d67b95140db285,false
fd8b95952c3891c402b18d1d35c6a2d263b8c6fb,false
62406e667c8004cf0367a3ec5bcbed980cbc32bb,false
217d5f9bc063ef8a605002648035c3e03c103a5f,false
49f3e96844b5dfb6459412aa68e3f25ab3a65514,false
5978a0f55f8ffd723d552645d70ac92e4e1148e4,false
6637e201743225f8fc840d3b7cfcdae67f2895ef,true
3b678b7927e38af1f50cfaa60e1c2fdeaf391325,true
dbc70c9274e56968976abd94333f690627abb61d,false
e97253e4c1a0380f0b70108e8f984b0d9b87ac11,false
63129e8426ba0ab71a3500172ca04fb41ca67daa,false
18c9db47940c1195809a0c82fcb85601c3f4df46,false
fa7e8d6073052adc5ba69702db4dec6571ef0bfd,false
12c45f06a5e0c2303977ce91abc3614b4b00556f,false
f29fa0d56b1e971ed9ac303806d7da153f6d6fa9,false
16396248b829c61806ba65840aa70e0a3d8b3c8c,false
706e67ed9e28b676f99d896c5c93f3f9cd74370b,false
5c12acefbb90d4328f896633b636c8e05d87a0dd,false
b5f4c5215022a01823675038bc246dd1d771a543,true
b80cf057fc2b41a5f642c222dbcb79ce28d3fe0e,true
235c830759beca55a9d141c689f2a8c88a19f3d2,false
45946028e77ed68d64869f565b688aff0914638c,false
15756da1f02fb997bdcc77f502a471e5466e56a2,true
9d829934226a34c866ef56e6dacc15c423dd02cd,true
067686b471cec18a886240c33408a118449776de,false
53ff054fd306bd012dac43b413ab9c0bf445bdfa,false
01d2f725d3fd243951607712fa67a6f3ec45dd8e,false
094b116c7fafd7716de2a4b729b756868f4db3ab,false
cf425403c8ff24623812a46272dc91f712ed5086,false
66e9dc9df26c8d86e20dd7232eb844facb3caea1,false
91fd33dbd9fa1c886284df8462f459948fdb1920,false
75c4ea24c2debbb4ea797389e0eee4a38ecc8ac4,false
e97f6e22e6edbe35d0826766aa0995ffec9b4d77,false
0f7b3a4f26dfbbe453a504abd4a8bcbf49194d46,false
fe1bf3c8213c56e045ead8afa84773f181b3dab6,false
2c97ed985eaef9663bc72b1bc6b6d35c7d69e60d,false
9e39c506e0e20285f17409fc0d555f86c0ddac14,false
d41e2e6a5db3211ecd3c3f3f55934474406ffac2,true
d75d83defdbcc2e498f816b5cd20dcc24a1b7138,false
4fc48200a58907ffdf136961b84ef7d19192e6ef,true
4d2a3ab2e07e36b56d09e16f0836dbd0bdd7b34c,false
1e112cccaa94dd47e43f9466d859730c412aff1a,true
0e6cab357690614791ab4ca0da0ac65dbb803041,false
5b38fe2fbe6b40a004d39ea2094d0e0e7c830ea0,false
eb9618347c680a038e2e6310228d85a53b080f93,false
34050630d67918dc8614b8ead8c683e66e4ececc,false
f80376027571ba5190ab6cf1411dd1dd9bb9c65e,false
63ccdada1b9ddc69f97b00de1ac343894c1d8420,false
d625d411047f335bb8586be3064c7c735ccb0cda,true
7c40aa9e50d97b7c412745a53c8cdc2597c46680,false
0b80acb25cb4ee3f2acad6ae8064d834e0583408,false
448368e226c8edd1077cf8e5a12ddaa9222b8ec9,false
29c055a2b4327d94c5aaf66ae00514199ff146cc,false
bfc2ee7dfdfdb5fd68be208babd896f93194b7b4,true
45c8fb3f3fea9cc2599438e751906f509e19f0e2,true
75327c0a8500ca2e90e974dfda2ab8e170de65ff,false
e9386a72738bfc77cbfbce6c648f8b638dd7b836,false
c5d3f806d761432e87398d3ecab2f042a3ab617e,false
9491bf8695be9b24036b3d966d9c43b46f0ddc23,false
d63c2bc4178b0a371ee53c9d94b73c7be3174c9d,false
723e6650048bc8097da20b23ebddcd4c0ad6bc61,false
89c87240b6ef4f9663b4bb351d66cb8a50460795,false
4c564779d159acadacc078988f7a40a3e5794eed,false
715a9a3e7bd65421c36428ba9d4a1ee06b98bbc1,false
bce8ec75ebde8a7f49fbc3a9825e667d7327c64d,false
e0cd80c6bff0d5ca3720f2f8dcac21274827caa5,false
1172728a683e0241400d991df672818ed9b2eb0c,false
5bc0d15359b73afcb324eb696f9caeb362efa7cc,false
cce6e7dccc73c0bd86ab0c978a033bf85daa0845,false
4f30cb7c57c4b5d74ba98953f59670a647623f7a,true
641fdeaf989c31125289390fe62601b879d1fae1,false
465922e5f1cb76cf669a38afe25facde2176b9f0,false
d13e41ddefb89d42fda61caf5921dc60b66403e1,false
01e2d8066062fa799aebab98dbb94843bff33b9c,false
6162ecef19823310c316a1a287d3c3abda48b2aa,false
8207b1563e1878d8943471d74c9b311bcb195bf7,false
5909e26fba86351063bd622cedf6a4c25eba2e79,false
a417e41d27cc14a0fe74dc49840b8921aeed70b6,false
9560f22bb65d7c06d10ea3dfe3d7a81a73f68af2,false
817903c9c1f4c5c6e063edc971ccc75c5c94af49,false
59f7966e3192bcf478a213ba0aa9cd3bda7da4e4,false
fb845b90328278f4a557f898024a53800752fd53,false
77b98a2762b358b1e90c350a33971a91f8a9375d,false
5436dddf64f0103088c4ca212f16efa40c88766a,false
491d331e6e0a7915c9e6d9b3287688ac7a3f56ca,false
8e2ef5bde3a00603cca02e3fef8ffbdb665f5fbe,false
851eaa4db7cef513dae35286d816867d68a72049,false
241673fd153bad011c3fbbb41580450f39874cad,false
417bc336de7350f91378183e88cb35c1ef8c75c5,false
66b1b752da1ccc67c1073d4a99c4141a1b2be445,false
a89bdb3395b22c963456d1fcdebbd77c5c6f618c,true
85fa8aabf5a7bd0adf204f0c2dacbba1fa6683de,true
c74f46979a8b8358437bd7f76e478d04248a9c72,false
ed1f6047271dc7ba1ee9c82e0c257b8ac406e80c,false
2efb565fbc293c9395e735316024d56e03fb0350,false
1c35b98f0bcb1a1362cdfb1663992e6526e63a67,false
97ad0859128a1e6f2ec3efb9efc46c7c40646318,false
392989aaa7f6f5e90a623845cb859451b207ca93,false
7640a1f1c9ff47798d9bc31d0e80af0a024e8936,false
330792e10b6d05788700f269f7da339bec1bfda9,false
7d4703e98ab64fa29f6ca50b72ca5a4548121bb8,false
5888d76342ef6005af20c0b9a42426d17118570e,false
ad7ed87f5ea9484a15b9c6e1c3907584dfa91115,false
7c510199850957161240f081359e2246d8982be1,false
2f57a0b917478a028859b9d036b59cf1bba6cad2,true
154c62123737a6ff047a2b4b8e3b58f75f9dfc95,false
e4928323f2fd278ef3ab119a9cfccabfd69b04cd,false
62a6aabc8db72f2e606529d6e9b2146596b0d515,false
ff8f525fb30ccaf1a3af6f6694c1d6385221731c,false
f071562ec007b629d5cdc1374f8df45b74acbb7c,false
851ca95778ded1b4b97fa92ddd45ab5b43fdcd90,false
3a8cc3766363a6d4376a08263b70e6a143b32221,false
7e4e6eced3b0d3e48261f85e365108b82ee77610,false
0a1090890f8425a69e5b004aceb04fd7527b8e35,false
8020d5eac9e4bb0e40a47b82ca95713ee78fc73c,true
9bc329c0c9dcdb5a3a6919f31542b6e7453d8aa8,false
0932d8f428ae6c7cb6615a6a146e417eb182ec4d,false
c3527144780772a22effd718654ca6ad472aaae0,false
82e66848e8ab44d58e483b6b92eea5f04627c422,false
9291ead32e2fc8b13cef825186c968944e9ff344,false
b89cf95816ab700448c7bb0d43d3c2103af0ec15,false
e3c853e60401bccf1564bee19dda7a3b41602ff9,false
f8321de36990faf199e050f4509077752264afca,false
a35fc3cd6bad4ba8891af75fb9a1661f979cbb0a,false
470112dd6e708a18eb4ec1daa10c4ea276620dbf,false
50964fb4ab62fa857e9937656424d7e6ac9e738d,false
3a2f396265aa052892a0f432b058b65588d331b8,false
110a7525658902a586da751bcdf9780690c089b2,false
d24bb9ee32357ac9cd122932ede32ca486431f0e,false
c52e1b7388c17466a551391cdf81964bf0b7aef0,true
c23a63a185104b4dc39fe53d82254059c5ff4727,true
2ef2000a39541d8424f3163ef5feeabacc81e681,false
1a2dc6f205003cd2307b33927b8628a3d97b7ce6,false
eb1c2faf9f1fd785616203dc00f6dd680682dc38,true
777cc17de34622a7f8324a3ce42fbc589d86476b,false
d6df70de809a51a4e1cfbb58f486e8d97a2eb439,false
602c771327961ec28051b8fb60ba70e2091df565,false
9520fbdcb21a43e3c30225c6643e7dd2d4c4a692,false
601cd90fdbb76f972442f3841a2f4d25e5d6f200,false
5892a6f2c5aefeb54598a824c9775b487999ba90,false
d08d96acbcabcde23307ed060f71f95ba9cb7b8d,false
2d2c0169d47a5345dada2c96b4a445c570f7c112,false
4556ab2e06c73920ca3e748bbbb5505ea9f6deea,false
8a5e389da06f7bb7cf5a364edbc47f0e6e7d1771,false
4c9bf6e4b512fe6090e04ad1c690ec2652b36f0b,false
58ea360d431d7d2d430d08d89a75dd70946fb263,false
e30c39fe78cb8d3fe8379f032b66f7719b2e99c5,false
db56e3866685bdd43ac57e5bade696dba56ee707,false
33fa58094701d5b1edbf13ddfe7c93b4c5821b63,true
604cc758fb6601782745572452715fc295dda011,false
27a7171d42c878d5d9094c0117466e862ff91000,false
28d0f66c1f5a6a9d3f0c229822e917d115fa5aea,false
1cdfe0e5e9c1eabfc3038dd2e4b79d768c6e1ed8,false
b786585b8f5302d707a66fd306f0c79946b408f0,false
05e3840cc2a3ac6233edacc75fb38ff866d6bcbd,false
a43a439c7a839edc8c5ac7062acb694eceb99e55,false
e296a67a08810d2395e8baa2c1b82ce5508fe808,false
411b08ff8bcd30aca15f2dc0be5f633879c633db,false
eab030f9f5f8f488362fd359a82e000991a1e7d5,false
94fd3edf3185ea20f1b3af62c247e031cd8136dd,false
f7983ae96a5da9c7763ebd65947fb6032e2df36c,true
2bec58fd6e8c26b6484bf7d5b89814744ae5cfcf,false
3012d20a3f24c8c8afa4be754d6f198506f72286,false
0a339545551b5303fb2750e6e5b0e72acbea60d4,false
c2bac6de8c51b4ad687f04d5794ce9c6afdf38d8,false
c11fe5d00702622f8c31fd72ee1a249c175a0b57,false
54f3d2131d2abd633288b4810eb95ba40b0a7956,false
26f413e1e55d3b57fa164114b39f6cf74669591a,false
06f96df67e291caeaeb09ad296aa368c80cc1a58,true
40745bb338c45498ca19010175f341332ab2eefb,true
ffca68fc86718b133668f341ddd8c2635d7e29ec,true
333865ea34acefbca565170881ff403fd7840d57,true
eebc0edfddba9687f82f4868f85714c0c7bb3d84,false
22e072379b9fcffd229cdd239dd3ff5ed4eed571,false
60eecb547d8af9916c55163c7356999ca2d5ffb9,false
2433522d2967b8a5e46f16de587a8fac5088a47c,false
3738f7ff99661fa0319ebe2d8228ad8c479fb46a,false
f2cf4d04494cd9d57da6be05debc0967888dd927,false
8bdf820e9b9c166883ef9717e127ba46ebe43cae,false
2949306b7bc44e3f74e42e8277dfe13475b350eb,false
87c2e121e0bf32f5234eabbf4773a82f9d5523d2,false
c3a997864efc0dfa725f21248ba0fc21a9682faa,false
a9646716d25c1705cfa33561d41482ba0e1c06d4,false
22708b048d224a5590fa28d86ca02bac52294f90,false
0570393bc471d72eca128ded5edc868f13a87b0a,false
2beedabaafb16f2ba255c54c0875beb0d43664fd,false
a1d9ebe4abebdb824aa9a397b001de5f9130e7a3,false
db5735c3ceaa04e9d9d05d942686bd6e369d0f34,false
8ff0cef6b9ecee2c0bc31774b33cb88632dc79db,false
382b13581ed44e0bc740968353bb5a25945bafdf,false
e21abd9da5fa755d3af96091ab3a181b7d6498b5,false
213afec771a92e20516e5ea468bdd2186915f186,false
8a1f3626c5b21191fd02cc4eb72cb3ff62d240e3,false
83b5625f0c1842a7837bc3326319a64b02a45e44,false
2cba0d77eef983b605bf2f5c85a9d02fe212eda0,true
03a2996bb89a0f35f82beb389788539ceb58ba46,false
8bddd3bf4da669717acea4fa71cdccc433090570,false
72115ec84b06688132eba5c88dc9c4eb9c6edff4,false
7fb2ddcaf613438820a4c095ba9c972e41fc154b,false
94aaa2457927c59d4df2a616d24f640ee8454966,false
ae30fe7de00e2afa1835062a26f2c2f3f4e42e4b,false
8c2c802f19cf220d6e177414d315dcc6be6ac759,false
af32ea0b9449a2f4aeb858f546cdfea7254342fb,false
f9c6f389ac71b1354a07925785ea4738bf5ba496,false
9bf5c3b3a3bdc3f2f2dcca2b5747378470d0d354,false
310fbfcf64f40f237068fddbbbe45315f9935eca,false
a9a078c93f412094492ea547492d697ff48ee0cd,false
4309c7c6ea51e5797604c43ba858e5ebe1fb1674,false
c3dd7b8e4c9e322c413f4a49e5d15aceafd17c2d,false
0887245bfde8e5d65cc3d807dc574a0a07511eb4,true
575021c07be6b168ca4c3664ea484248c9ffe960,false
79f34f1769477d9909e4fe0830c48b04208c50fc,false
8cec2010c0564bbd6e1f9cd8881404f70178247f,false
cf5525f98a2a9a15f6bb93b050dfd43f2bd90d97,false
4a7db6647407de076daf31f1dd766388128f9a3d,false
82f0d120deb9ea52237d95a14a4a619b01d06f80,false
f808c20139649b747f604492bc33b61a7dd3e13a,false
401423df063e82bdac25c5b94ed4edc33e05de5e,true
b16592aba0e9c60c9b3329c884bd9236a35168c0,false
303a3d24a6491f61599f2412388267dc4c677cc9,false
b0c1da1e7ee66084b429a413541e179299de31a2,false
624895620aa253c076bc021b520e91d20b51d7c9,false
5f42989ce31e90b8de9d733109c7e285de8237c7,false
cc6c618f4d8a0ba4bc648f5a6ec226df4f8b7529,false
4462cc57c8fab7967fd26a94f9f3f1417dffa2b4,false
d72612d11e4f4e5d682c8986acb42ae5e8e97e4a,false
f739149456ba3348af2513aea1fdc6c46c258abe,false
095d36a88473dce2974de38e697c5abe6fa33a36,false
a2ea18693c763c3d61ddf74cdb20fd015d193bd1,false
2f9be68a81346f7fb3e6f892e0debd2fbc36f2bf,false
171eb28c950969260863cacefa2f08d1590ce839,true
08e61ea200d04326f8f40a3130ef613f84cd854d,false
cc51ace823d4e1ca2d3178aba0bbb742fe6049a5,false
47a00864c35f3266fa098744c65496bec601977b,false
2411707492d59eff68a3cf6d306eed91fceb6344,false
16d83d6bb413bec09a656a659b98d897e7abcc81,false
c3e2ff2afa223dbe9a780345af06a57b37bbb28f,false
46dc14664f8214c2201621e43b660fb4b78217ad,false
abba4b2a74634bc33a85cf5d512de473f0a3bfaf,false
8c0d8c1c147a2534c8ed60f7dc62080371126c18,false
0cbe698958f81efe202e71ac07446b87ad694789,true
0e1e9a04aaf29ab78f721cfc79ac2a691f6e3929,false
ab4142215d836b0298fc47fa1e4b75408b9c37a0,false
465b48ed4e4af52493df1febe4687f53032a5e0a,false
d8bf589d4835ab03daee3101a91c80ee648e72b6,false
aab4c8c7452ba198c6096face53ac2b7cc6460b8,false
b178e89e4456e777b1a7ac6d7199052d0dfdbbbe,false
b354c37e57d1c27bbc929e2103570b4439a913ed,true
fce1885f7614c60c7cd8e4a4eadc5b99fe036264,false
746b91dfced525651c9b71a3bd075a78d2b9262f,false
1e84c67beb3825564a581d76de0fcc69d57570cf,false
3a0ea726bd45280de3eb3042784613a676f68200,false
679bf0014f298a1ab8f989989fa430f69d9e28c0,false
49a38ed9995c5fa8fd07fde732845cbc08e890b0,false
8f5168cb31a34c54c9a751cb386b8615e03fb148,false
5fba092c22bee738ad2818d587d75ae17be882d1,false
0ff3f722c1c22399d3c755090901fe0250ca9b50,false
84efe4de773ca564cf4a2aecb31cf01779906354,false
be46acb87190ad9b59281d4f73e5b1940c79c236,false
80a9e0edf6208b3c1c9bc28bfb1a5f04b1f59e1d,false
e102e5cb3328e6a13aa8c1a1a492c54c4f6d7aba,false
16549370fd0d47285e3bedd2ee47fca7c80b59e7,false
fc6a1d9354124690e632323d46ee35c3b8c9c8d2,true
eaedb9320c7aad581daa05f1510b64393c082dbb,false
324b4ea2559f42ca710061bcf6c85960a1f2d2a9,false
93698b509bc84754ce612b1def46dd0766739609,false
b7f6ff4f0b74076f21fa01013e7fb6e6194f578d,false
64ac1b0d367932331cb2fd373565d15f8ead1aeb,false
86a9177f4b5b337ab27af6e50089bd745f73ec4e,false
0123e65787308afadce41d00f95a2b61755f3504,false
d0214c9b4cdbcce196c3e6592411da2b71ccdfb2,false
7df3524bb9f2683555186d0890c24576c1505766,false
4df5f829142bb7a4c7a1e4115df35ecd44c54ad2,false
10a77a54309876a6aba2e3303d291498c0a9318c,false
4137aecca9c4add694146502cd3e6e5fc945f6dd,false
44dc32243e486364ebffde6afc8583c68ea874c0,false
2ede0b8ba944fbd8b7c2478f100dd117c85975a0,false
22992a0d533f7f68e9fa1845c86dae230d8ff9ba,false
5c8110de25f08bf20e9fda6611403dc5c59ec849,false
062745b23f7abaafb144e3d94b6fbdf8ccc456b9,false
63deee0a8b0963f1657e2d327773d65632a387d3,false
1a9e58e8c97c47c969736d46410f724f4e834f54,false
23047a71fd7da13be7b545f30807f38f4d9ecb25,false
216151c8a3c02e805fe5d1824708253f7e01e77f,false
9d0b163362027e9c5c79968a39ce532dd5917f8b,false
36e68a439a073e927b1801704fc7921be58262e1,false
291f3c338c4d302dbde01ab9153a7817e5a780f5,false
46a71071ed4982b02d0e49818a678dc2744c1b23,false
79d3ff9baa5bb1cb1fab98e27b31cb51c8c0cadf,false
d60f213fdbcf7fe0648a80fe6c23683377fd7c44,false
987b0098d85aeef8493f3a6d779b11fed5660ca4,false
a22d143f96ee3c7d14887e871b34a84683835a3f,false
732c5b0509a8138a504d48a8c5e0be493f1ed603,false
fafb827a461df2c32f752d3ac2e3cdb83fb3deaf,false
0f3b9d731bf44396d283fd46ddcc70e467a3f0f7,false
0997e7c8d16c0cb0cb2a0fec72d56f45bc64d709,false
ba33500b82abb1d8156db56b4dc9fb7616eae18d,false
9ed0d068ca8c842dc8fd886aaca298029ce1b9fd,false
08ef4d03d869cd6d51faf8e37349070b7507f175,false
8ceff653c58b7fb038b31ae96cc96fcad3999020,false
3f81582d5dc75537dcedfd5f9b6dd36715a12d91,false
bac5d6b9f458c7876163add793bdc53c2f8f413e,false
9b6878af5a31583c9ed177f4c63789a66acd89c7,false
a2536e1bdb2e42656325a57d727da4b666e6390d,false
6663bf1f7d5a43633e6434a5dd8ea8f8eccdd616,true
f7ac3a7620dfcccec98a6836bc43b1704f289ba2,true
4d4294e94e67f97101c7da39d1092ca9a6fd9e12,false
9394c389bf02af8bb3dde20fb6363992a885690f,false
ad1ce2721b4af0a48cfba6d5f22324d93d7db036,false
78b56dbf2cc5834eb66ae7634241eaf9da99b04b,false
ea316d232a00d6c66a48a13bf36bcb9885326a55,false
5d00869aa57ed50f4f10953efbc0f2b3a5fd3905,false
3666a584fd24dc14585648f215a82ce1e8b71baa,false
32e813f728ca5d8ac662231d8fb1aceafcd85412,false
d4fb9d564e4c0afe978e5953b58dfc6ce0fd08fb,false
5239458f28c5e3057f9987ceb2e6d33b9d9532d3,false
4d0cdf95e616d09b9cab0cc35c11b1d3ba1a109e,false
27d56c1df5fc977e17806b466dc74dfa9a98689b,false
b573a86977161b93152dddb5bfc43195335b3c59,true
4c8ec8f555af8aeba5a48c3c4cd9cc39c74dce8f,false
5965cb7e1cfcaa329d811d133af373deb8090ec3,false
104808b480aa33ed4df47a9ff0c202d9e11b1306,false
6f84cf4e4b4ab71d950db28d1b0776e07a8726e1,false
6b2127b1e0ef474aed91a25492e18a361ad7f364,false
f13870731c100d3ed7daa5d96a75b697973def77,false
73bf519dad9932b7d9d34206cdb5cc0218109c6c,false
b147d42a275272e1e0c968b0f6c619030d95871a,false
5beb3be536cc743962de6cd2bd95a6e036d11f52,false
e8fd06a0a7611e4ac46a26cab79d3f16d2d72884,false
81bde0db4b2a4ad97d88d36f3adcdfe7e04e3c25,false
6e1e3e03ca188a4d9b3aef493e572157c8ae2313,true
7567cc0d92563f514ece89a32dc81a4b5630f4b0,false
a15795c99e24c50e2dc85393a8904f3093742646,false
c9ab9ef5db0bfdec4eb3d819be6d10a365dd6ca6,false
4f155fb647bb9c5b7a17b13d2266522d97919229,false
1fa9185c7e82ecc43b99d797af5584133458008d,false
639a2a1ea402b0c6ba1c6a9b857cd0a33bc34f61,false
9b6845f4362139c29483460f946ebe5de4c4db23,false
c26a50b3b7cbac701d9475a6762581ee53dc1696,false
5a75da5471f47b4e7fa96bf41290b3d9a6d1a818,true
a6750079f87bf07b7bb061bd26a1d4be7448356e,true
0be95569bac33dc120c7e228f6fc846237cdad29,false
3fd7abec3c8c4a32da9579d0824b10d5ba0add83,false
35afec3f5ac1690e6599dd84ecdfdac3f9eb416d,false
f7a3bdc6db7aefeeb974c0b9800bbe64d152f842,true
b21b4d1608f5d83d7d6f503672f7eff46ed28f95,false
b4e092600dc2cfd5326a373b4b9fd757a5d8a61a,true
a6a6810d563949303bb820cdb83c63714bf98bcd,false
ad09134c8e124d8e53171b2cf6bd75b8f2819188,false
4dc3ba528147822fc38efc03c5f11dfeaa7c8d13,false
dfd3619d6f8796d48fc4e32f819cec9e8aa59156,false
939c77a39ada26395c033d9f84923b02cef2ae56,false
9bee619320d31dbef3a63dc9a6d4b891d0984fb7,false
1c2a2cd0014693f1e1f894e498c2dc50dbb44f66,true
676efcc21ae6d9ba16eccb53ee80394a90a377c2,true
50227f0954e06853bbadf93d1c62dd03429b6711,false
725f391399ffd4a59512d3933a78ceac715ba1a1,false
335dcf8ec4da820879682b97c1166e0f44162560,false
72011908b530e53761694cfd60a7d4426d96143d,false
8c9df3f4eb593cd4755b882d8f412a13ad97429a,false
a35a97e49daa500a6f2fc871da3bd5f658741689,false
be8e0fcf102e3dad74f72a0a890130da42fcb8b5,false
03036533f021c83205be4ba5c826a33322dc4d78,false
ec1ccd753084c6ff3215b9a64ba46d6af56715bd,false
07b9ff6e77d169429e198174186b72ce96a62d69,false
a913b4dafd1d85cfa1d8bafeea5417748de8d487,false
cae037812b40e7df40fe6948a01cca8fa6fd7bfd,false
401d7f9bb2514eb45ff98b2ac7c04952f5eaa678,true
9d0bc52329d8d6e8a725641141cb2242d6238945,false
027aeecf26716bff4efcaa7b007e61f2c577a81a,false
c853d11fc508d46df3c59aa5edf6d2389a7da8b7,false
54869a001702408cfbd3ad2054d3167e3271ef8e,false
1955d6aace25b1a85d47cbbb53f91c4ebe609a75,false
4ce44340d41f138b80db3bd1027e3ef76b604c01,false
d22491a3fbf2c1926ebc3d6919e228ed903d0670,false
b51ab3ff2c4af7e592e649e0e97657154b79c11f,true
99c56eaafa05a34857623d5318c5bccbd634adff,true
7cc71cccecace63145d83b01eadf8a95c81ad3aa,false
79fc8e5c31cce79db0a2dbab9b9a3a46885cc450,false
8cdd01ea5da2f92c0108803618b168e128084858,false
8fa3ed13bf362a71f942ed3d37efbdbdd5731375,false
8080ead523740bbd79308c4524ec680d10db44eb,false
0b4296ff1740978e8451602a9719cc5fbfb39606,false
b34c7174e75db5ab43ff3d76a1c7027126e8c9b3,false
4025e27b5714736657f0ac9548170e0ad285c53a,false
b6a8f75c70a0aa72d907a37840213b84f3595f6c,false
9c0e110e233f67f1853a4ab8e0521ed4ff8afa9a,false
3fd51c65fb4774b10848715b62ec284a0b86a6b1,false
d0088e63d8004b17d5dd762ac3de00841bd34c00,false
673e5af658cf029e82d87047dcb7ebee3d343d10,false
076dddb2e1d36edc35df5beecb9eacdcb0541e58,true
b2ec6a33a235dbd9f57bd6265ec54cfb675243f7,false
1a9caedb49ada290b00d0db0ec61e66d95807413,true
161c43649d8c362c8359e0b79aeca40c754c5b51,false
f036308442a2123a89dc4e2dfb61c319d9d80cf5,false
0559f7c86bfe3a5b2895c949630799a72859ab01,false
27e67dafc0cdbab6d19e65b3c62730c551bb450c,false
7627d9ce1351d66f53521fa4ea85076b7626738a,false
c92c1e93c712d71d31aa79675a04703d6e8fe6b6,false
827536e20ad2079f3f50db11aac03e037e98503e,false
d362399e7ebfe167a27daef20e198ecabed1b49b,false
c5af1be70f3bda17020267c84e8a6efafcbd854c,false
bb63298b71b4f06456946b4a817198a099b17dbd,false
f4b0f6448293593b1f43c5d570d8f6f7e10230a3,false
81c2a1e47565708f7af359503ff61f16558007ad,false
b6edad64aadd5cb0085f8979fffdfd90614b045f,false
d5c465ddf4125db71a072cf3033533b02290d08f,false
0bb25eb3673904179e772f4b7376ecc7fbe4822f,false
15b2301754187863eabd0b584c70955b5d3f31a3,false
06b189b6beaeaf393def92aaa5d6c5a18fe1feff,false
830c77cb44d513a7c8044734a460d2b381df2f5a,false
72dfb67828be9da6407a3199782bd2e2ad2d44ff,false
e771016a5bac3c08987907a2ec63385d58b81be0,false
c7791bb526be6bd95e0c5b4f710853fb84085a8a,false
93e4b714a179c7132b505dfbcd835e7aab542a56,false
345685c0143f030eda443d6c672ae1b705789027,false
f45ceec31f6b957fd5ab9db75a5a727a8f73289b,false
7d9dcfa2948b259a14b3fce4f5814236d5395095,false
b8e461e3d1d949013cb6a336c627074e711c284b,false
b9b88b0cdf70190dee5c7d31a83efb1cae888a63,false
2308cba407884996047790bfb77f90ae17bdb2bc,false
21b0aa6dd8b471a72af942a84d58336e2dd68fcb,false
3e86fd25e9638898618cda8352402f4281bf809b,false
067c772588f69f397eeff70019320506b47bb239,false
d493e3e083f7565f9b158b12445a994abe9a39cf,false
ba868d681aac8273ad785ebf28f4a043b737ab78,false
0f4c9f1d57cc72e1407364f1cdac5737ee3c60f5,false
19a0a7d7718277e63692c8e9d4c11248a5e30a50,false
a0ac95cc53cf8fd559e83983c81a260746a32894,false
aa7e15dcbab208ca404bcecd94cbe6fc583150dc,false
363205bdc3abcfeed08c7e85e397fb7a7dc9ef07,false
47dadcfe15160e5ffbb9cc107c50c232a17b463a,false
c92001d2fbaf4d5aa43bd44e56416ed27313377c,false
eae6440605b0e7e9a1f221ec0ac1b68b2f2dcd97,false
357b710af245317dcfe3c653328717177fc67abc,false
393bd46085fbf308e8b4e182c43f3871df4ec191,false
0b7a74dda3284b03fac49851eaf130e876f183bd,false
5409606c3b5020df6fef46126eb47de90a70713d,false
9a2e6ead00f2e5a3a6fe5a3136951c7a038fe5ed,false
e1cc16f8bea15f11f63eacaa6089cd6e6b8b1965,true
d7eea1b49a5ea67dd9f39b9fa0a823466433f486,false
40118e785f0ec69bb519c7f34dcceb092006aa02,true
db8cb31f2b2c39c1b0800926969c16d44b28ea38,true
673772cac931fea88b6134e57643bba9f0b27d44,false
b570bf699c162e3223043582179db1c67b0a4c74,false
9bc87d09c64780ccf1c115c216ff689a46d8f82e,false
70b45094ab3d62b919a84f8fb8376e6614a98dd3,false
c38499bbf26cfa9683e30c52139a94dc5a50dcc4,true
0038a6796feaea05d9839520eb7f31f7f976fc47,false
4e280b414210ed5f1a9961bd1ba3a9f3fbd0462a,false
eef6c34b57bf0367c1f9468bc4226ab59a1295a0,false
f7e7f2ab11513d5f36c904b7f1192d69c4c95825,false
f05625eb8239593daf755305e422b71d30c77054,false
ab7f9e735fcd73a07cb21d804c9190577449a299,false
7e714bd28b6e96d82b2848b48cf8ff48b517b09b,false
43e2d7518d2e89dc7ed0b4ac49b2d20211ad1bfa,false
b92b2e6c743c8b09744c9c9788046c719cc38eab,true
e08bcf9f9700180a09f77f52604ea6de36fb83a8,true
3bf80912cf959fe860528f75031fe9e4612e3848,false
339419117fff06fa89124d04b1921b61b8865d80,false
aec0cdc0164454bb8e5bcc7a59b95370d6d8a1c0,false
ed9775fb77bc2291473c176937326aadd435f73c,true
9b0bd91195828e16887a31fec1ce2ad16999bb0d,false
a5709e785061b657b9541fac0f407d496e7107ca,false
ca23b7b40638c48a72e7be4ea5134984c399b502,true
dcc02d6e7d4bf486e64aa5b6e55a75501c2ba2e5,true
877da63462d9a7e270c295d898d689aacf155779,false
2b74cf9f2d95efe6a63a8fad49a1364d42530622,false
d5665e4ba6cf4f7eabdc0be047952a27965a455f,false
d0ceb16be956ea3339dd0b7ab67ba3aceac6a9a3,false
4f638b9c28a07a951e46c348388c725c78fd5498,false
2611632c69d46b03cb5321a43103c3fee8705aca,false
f2dd7eff8e9a10bc316834ce400e857d0806a002,false
90aef1b2cff8ac17eec0e69a3cfe1c55c94f9b12,false
d8400d7cacf541b316930e609fce8b1c53f5a142,false
62621ba0fdbf55656adc260965594b3128f485e7,false
deb211cf13edd4d9b2c06d6ecc60425f275b5d95,false
02df042416c312f6c04a5ded8c9404386585c122,false
24325ecb69a2c51d5b3da3000df715dfd9aba2de,false
e4ebbd3f5befca0f6891def3ebf292f756ec5f3b,false
b85425ac1bc04bd6fc5c90192f9454395f95bd3a,false
25de45cbb6fc7304f67b685034151f9ac6ea0df5,false
5e07e3a6ada63e322597dd1ca25fecff25d0ae8d,false
afb7e4ee5f6e9cb8a1a937458cb39ee312e172ae,false
49efc4423398e4895cb22a772c4aa4269b4eaa78,true
8b567fea2397ae4c8c593efa4da62cc9e7ea9746,false
1096e226ccbae8135085322fb006a01836a19dcb,false
15c079f500967543c033ddeb113febc1d84abc87,true
f7d50d4b673c9bf1a729f7d5fb04cf092542db3b,false
4d37acad21b3877f4881daa55b808b809a391e84,true
b78ebacca7500f625bf7ac48989073dc872a4418,false
80f14e30a204a76520154a613998a926f920c0a4,false
7e65f1c5f13f7f721c64f551d0022f6907a35b40,false
8a14c6d67d09d2a27c1d4685415d8ab0d6448561,false
446cea9221e4f6d368a02a90cd105db0f8c9c7c9,false
aef4159588be8bc245243c80e5032ccc79092f42,false
6606f66857f8230b0d47ab920ff5120052d46d26,false
c9245609f4a2c23103bcb5cbfbc58ed78b76892e,false
717f9d33ca7c803abf781ad81d3854ddd7869900,false
40e064fa27a8f2aaaa1518a929ebfcca80efbbb3,false
10d0ed68a342880ea355ba62e8d24efa664142cd,false
a656025c3bbedb1d8092e553cc799bcde375db3a,false
3b45b82ec2640d4b0f4ffb9f0f7c898bd3d37b3b,false
537df96632f12c2bd2cb5ae933844229f029f7b5,false
1c92c02c4a9762be059e930eb4b5a51488fd4037,false
ff56126a452a8f128631fb1469201fcb32d69333,false
914a033586becc94a4001a448107f02d547d81d7,false
1e616696c00c72f01958b761173c8f29f09acc60,false
7474a9cb8b715ef96a37eedbbf143d39139bf382,false
8dd8e9b2f32264f4aa2cb23a6781b7095b9ca842,false
d6151340bcb8b523d90b5b3f88472a8d61e08bf2,false
b2765893e6bd64787ab14b1d67eb7d29314f1bdf,false
edef8cb38b968228b0721d3cf93ac246e81e6c82,false
0f56c0cb04c4f63a1ed439cbb3fc49d8c83f8f65,false
ac6746d1be45db54aa97334396b7bf89e6926ada,false
a0ccc477800737d9907ab772bb1bba25f164fefb,false
232e5c81bc722c3ea87f15d0f95f8b52f064fc4c,false
4f3dbb3f3b0063b3ea14f6f2e73263defe70fde2,false
366f3f49af72702066da60476fa5e02d030c936b,false
4f32c6d4e37cda7a5053aa4f1527b6c340433778,false
38a391815b4936e9357834bb4924e09fc4384e9a,true
662ce2151d0f17d592133eeecdc8d7e6676db811,true
ded7cbe4294dde22e553d6a8035f414f0ce72f50,true
a74864ec229141784374f1998324d2cbac837295,true
2c29495e6dca548e479a52e6be364639f57f9a81,false
d7a1b0157aae0e60983c51c6f255772be11d43f3,false
2a2a11b0634df4932eb0b4113009759ce4d1754a,false
8c979698bd9942a525dbb0e1ef4a31269a0b04cb,false
99ad1f3cae66aabb654e38c2c8bfd5889e4020a5,false
33c89aab14e74b15c9a9caa7684c06fa96122de2,false
74691fbe0192de1134c93e9821d5f8ef65405670,false
47bdf9f26fdd499c00a25efa4c0229c544cf682d,false
0b5b4a66ef99c8b91569dd9b9b34911834689d3f,false
d23b160e6df5d13e7db7a5e53afab6db306efe3c,false
5830388ee2e70ab9cfcc06728a80c5459bf3723a,false
c795adf684718142d52975264aa059af23316e0d,false
7b88b357473226b6c25d866a2e411349b807e385,false
86bf9dca72cd188813e26ef5dd972101ef8983cf,false
1ff98a2d21f6800b7b97195e0f9c90776ffb8f9b,true
7bf8366970ec49b5396a1f86f00fdd1c5fef3fed,false
d838f1c91815510ecf98131a83541847a751efa8,false
5cb4b731671491941bd5d877f222bf5cee71869c,false
800c744fe7236175cbf0bbbc1a152899897579df,false
a12bf290da4e5ccc9cc7bd00a8e1ba8bccb50586,true
e5b0fe68414cd3af9c1e91c82fa0c0ef4145c8c2,true
62fe1563ad6805decc51fb3d682064249deddb96,false
994cd1db33d55b48f1d99aa97ac7b2adaa89cbaf,false
4df7b220fa1f2473dae316a4543fb71e23576a07,false
42b67a1f95b9055735d28d51c07a70c7523a4f24,false
6142aa64ae4d0957d735b6b86c5abe15fea06504,false
de01dfb70206f8dbb55724b7abfc515ead3ca283,false
c5c8bbc7f699de6b81ebd9893dc0a2289ae688dc,false
a71c167836c9dd938199fc72292951359948149c,true
c2b4b745e946aece1bf253a29e6a1161ae14347d,false
0df2620c5f2fd9fa09224591952c36215cc4bda1,false
ac78da0bb02fc5c07c896a77d3fc2b32e7924407,false
e2f4b53396f4676978f86492dae5d3952446df89,false
af5fb14666cba4034793adadb53c09dd90a12b14,false
f2df16247a4ca2023dac8d44b876d474564ae197,false
f9ee8349bc7c634408f8e3165edc4ad86d3267ca,false
3257b1d13ba8e9abd069f4dcaa1ff7fc7d99ef09,false
12ab9f9c0d8445d5bf2e79707f9ede194a6c6d03,false
e8d838a55176d03e276938f98148b90c6d7a2f4d,false
459176a7195a1bfc82f4228ad60584689497349c,false
8535503f4af23816ad64b54a6af12cf8b22e4450,false
41186d3fe284c8b8f46d56a26c0614375ee69ccf,false
29a47ae6ea51e672ea841f7869baa8dffe3291bc,false
a07c60af0a1eb0fd68fed4005788b5ff4ae69fc3,false
6606a4a2386a9635b8ad25b4ae6329be783e00b3,false
ad709be46e660b76263a50bfecdb390f0863a90c,false
1f3923a999e3b4430ea76727e07fb062b24d6a61,false
b78a803f7d8ff3156b4c5b73df39d067b8a2a3e5,false
5e378b4f28af344702a65fcce85a7d8574674860,false
8590d65a57ad57c99a82fdf4e1c57921d7e1bdcd,false
2039e2e3b62897e14790c652c92625ee9b200245,false
819368a52dc9eb0ba4e20195783f2807872dabad,false
5b309831ec595ad21c491c257c8ecf60f10c1ddd,false
025589ee766249652e2e097da05808fe64911ddc,false
e0afff0e92a3c46e5de17e75b76ca1332d45497d,false
1dda032b00cb4f7a783e018a7c370ee88f15e797,false
af3c24c7dff239b2f1c9765bce9bef46525294bc,false
42da151fc75778cd86bf80a97d8de7f2f5eed846,false
6af14f058b6ef09214dc0e5d81902ed5b4ad12a0,false
49a0464e3cda2f56d9721fe042054d71172cb132,false
205c943deda542b0c0df2f1b9ce3bbe72d80eef8,false
4e272fc042cab5505c3c5ae796caa6b06f9dae9d,false
c88e4634a5fa4460f582a8e9315dc78da41543e8,false
4260b7c2d3a9bf1332e22d18125f5f6157f61b5b,false
b765e0db509eadd6d35093dafbc3b9814ba109d4,false
4091013ee1e0c126b803a2d76a085609675dc60b,false
5e41e409bca42a8fef7b4460adfc76bf432824da,false
eadb99eb93aa21cae3ce907006e62818319fbff7,false
bbedd6454094bc26edbcc95bab1ed3d05b4085ea,true
8609b7d840b2430ade985465d87cd9e2f09d477a,false
e61fd5f6cb1c7ebba86a9eef9c5e645d9c4032d1,false
00ca5b7328fbc5b11594ad448343ba371142c43a,false
7f782ba84e18d327ff25d40dc7d5719c8a036258,false
af813d0d36ab498fe9a348637648e5489f0fc246,false
ded0f68c16d6eeb95abfca925e29bff70b026e10,false
d68abe99f69f051435bfac1c040b3a4cef058adb,false
2236ba980cce9b8dd2e1219208afef28d1e86df2,false
bcf8cb1fd4605046a76b956bfbfaab246d9f8d18,false
84f8e1634fed25de6ab065899234535d531e44ab,false
814a7ea96f1f0aa124537cee98fed0955ebbf6c4,false
953284a8d08ebcb80abbbd0663b471ecb8968e97,false
55801b5653bd5c290b10731c80bc15456e261217,false
ab3f92253388df031d2947a5a76c980cba7cb694,false
f2c854060adf021347a6c4217fdb06a77a38bf58,false
a4f0f197962b27a002c45f5e27b13a8d4a27ee63,true
3dc84ec4609de0c08fd159ebe991453309952fa8,true
99660cc40984015cbbcd27d1cdc19376b2536443,false
05a4e15ee46db41dbd2bfde8ca839efdec958b05,false
6f703a564c97b034eb0e98419595b7fa32d3562a,false
6dbcbdee3553683215d9e50b59834cb9af3aebd3,false
8ef56c8c6d0be4d4a9e844c723e70810a0be2fbc,false
aade460f1557aa0546ebf248a4f323140f30759f,false
957f48a98dd7d598c55a521967a2fddcd12a4efd,false
d0bfb065e5c2d00927ed192c4ea5d8a02b4e19d6,false
5a49b96d0e15f423ce8f2abc27a0ac280e69f726,false
7f98a28432f2059259a5b8e5088322fa8f42f829,false
dbd38404108f5c3c3cc31310a3eff24aa6b262c9,false
b0185a620522269acb9cbef01437acd01d2b551d,false
05102f63b8dc5341d2d650da3aaa51b0b355f65d,false
fcf2eb4753d02caf258c5b1473fbb74721a3f489,false
d9fa28ba68809aec8df30c65d7ab1f8a5e0514c8,false
d3e1fed7773d1a85a9e2b434c375822edb904619,true
33379155f613dbdb4fe6d0918a5038a989fc18bf,false
fe41c6c8aee865ca494b91914f877319b07effd9,false
4fe81d7c62a4ecffd238a74783c054c4e5235fae,false
e18cc4d71d1c0ded4a2a7afb417c5ea03ebb0861,false
2616d97f326504b494304fe744cdd5adfc9c6d91,false
1ecc341fe55845b264bbd5949bc8cb7616ad98ba,false
855d59b68b71db78165e4d4e2905c280450b6214,false
b83760675ded7124f8a7c2cc49fa8d7eea438233,false
ed9ab2d3b6fc005b3807ddf484e85160233ffc82,true
754b72957854e0b955fe973d169daa27a2f98ef1,false
2c68f86336dc8729f58e8e19af0f49c269c1cfaa,true
a5ff3cd01b8a78b5ed2961a8095290fed4e2a0d5,false
240e398c8d2b46607f6e5c87b6e39eab50ad7796,false
96b92ff9e81201ea2fab91b6b30586a5d40a3430,false
1250775a5575d40b00d1212bde1df55a9b71df04,false
7ac2cbf63a59bf7ae31d1ac586816842dc285f91,false
af1b2ea1d1fdb1f6e85b5fe69bb66ddd68c5e806,false
6ac4b937793afa54e93ed303d0a05c32f397ae54,false
976dfedaa9efdb566333ea829b12751820268f67,false
cd14adbc1e834b0accc3b593a77d60d3cadddc8b,false
2a97d4a706c329b15b9119101254de15c80410cc,false
8bb71852849907d1b67ba7514cf1812348e11b44,true
14e9291380810d99152276c90ecb409b78504403,false
55ad09c9024d2f0d23123c934e505042516cc796,false
1718f1934c4fa709b42230b3ee5d6f803ec65df4,true
f25b5000fd7b85418d8ff85b070821748ef14f19,true
1b526c837e83d5e35d14eadde162c7608ab9e83f,false
c7f56c5a5539143662a04ec8e54aa78777d20730,false
52f9aa7ed6ceee6b416eab39a4f785d958245937,true
94e057224ce9ff68c850dbe81fc1db5503b3656a,false
524f9c32c7292d00818e17a714d062d1fb24f129,false
e45370b9940823daae4c3959158ded4a9e3f7f60,false
91e53da054c8e923ad6bf45cfb4c12de029de1b2,false
d981cc678af3bbd30ea1cde54fd6e1b24398351f,false
549fed29ea0b6f0f3cc3731a310f4de3631a759e,false
cd4023d9d2ab630ce4f95856f065072ef8badb2b,false
5e15850532be5521dac7082b155b15b83e1236e8,false
6e995f23792c1cc1809292c770d02797d80622fb,false
b46f5942a528053034fecf210572ee04bc4a3284,false
45b2e7702dd76b11156c9b9b5af707be2b5480ca,true
a3272941ce76a212e9d8d55722a0b230b963411d,false
6369537a49f55ba3c3e319b7d21b6c6a96e5d332,false
13b689bba6119613a2a47e8a9c84e82e69f602c4,true
b61cbf8ab437574d4b041e49a214240b650eb1be,false
48d0e86313b479f97cec1a9869bdaf468c248666,false
09392e0348e22dcac63973dd25ac10afc90230dd,false
ca278a8694f42e569a6d9f7d71c669465019bf06,false
ab8d60d826f2e07f70973c754134fd9508232b8a,false
43483683b2bc8da85f00ccccdfb8d9d5c77a6bb3,false
3db469795996523cf834c07684b0eff540227aba,false
53c893b646252d610e877eb9385e9e250a1ae5e1,false
d4b688bd035b9704b3168b28fed39c8fcfe3b997,false
b89bf9e6d7555743903ed3820156c3da7a571411,false
dbd4520ccbe0954d8ff4f926ba5f16c4f5291533,false
d8d74b0cc89f7b9242cb5419ac1193463749f218,false
7bc965fadac23bf9833eb34a4bb124af4e6b5cad,false
46a67b6789ceb3ba814afdb72ed7770033858a73,false
8a7d080085ae28847f46b29162b5dacfd54b8a12,false
29111a32594806cc217aba047de609dc913ef255,false
4b519f0e332c8f71ea40d2272e7769321462cf47,false
f7f1d9de3daa84ba968fd53553dc8fdb277219a3,false
571b9f54e745849087f43b63a9788ded9edd0eb7,false
53f5fd234b8a7377c401ae88e2fb6c29812715d5,false
6ec98f07499a6e6b61a43f265c818100aa41e205,false
d5fea5fa1da0c56860e7023e4af3ba2eb0097dd7,false
c65863912ba3c93d014378e21402c97babca272b,true
2fa30f6a9e67e4515c85c6fe776783b058097498,false
9054f6d6397607647839286ce1db6cb2ef8457fe,true
54519ef028660da63c3b2bab51c1f18e7b7c9fa2,false
185d7cbab279ef7c27b46694b4b6d93a8d6f0421,true
146df0f9e8ea8a55bb66b7cc52d186e288580b92,false
6cd92ebc323d7f3c8584f155c445696e8a2b057c,false
e666f7a69c737fef8236237671be4da5910e9113,false
24498afed5075583ecd5667b105b4a315a25051e,false
7d779580004c0aa481648f1165e87e6ce4bac087,false
28b35c55a1fd7963227011b1a8a3dae2feb308a3,false
cb6272ccc8a836b402d518cf1f90328cf06cd7ea,false
31d3c7e71941c3a1800f5e31064c9862da473d86,false
dbe51dc09ddc1e5cae82226e2cac1dae0ba9116d,false
1351d0a56580df36872b466eb245e7634c20dab5,false
871e6d6a9d1c453716f68e4e88268961d067b26d,true
6ed68f015a50ab35b84a8ea71b0f846ca6a75281,false
2a2134974cc8d39f64c89b40dd5999e0c3ec01ae,false
54cbb4e64297d68ff6c9ef3fe03c283448e3533f,true
2675076cb77fb5d37f54aa05473157ae27be7c42,true
3aff003c456ecfd329c29432d941714a0b474d53,false
a5ecdfa7a57bf6bcba7391fc6d356e3f7de33e57,true
ac302fb6071a4a580234e3596dac082d6e8d8a1f,false
5a04590e9c1f2aba03c2bd70a8b5fe1a18eecb56,false
b9c22672724ee3c89cc959bd80d3fcd81afb10e7,false
afd6250bab89b67d916c1281fe32a82070a0e958,true
043443d2d3432d8c182f059cf2f30967eda73d1f,false
b05a685a03a2a186cd7ffb45a6cb8a7a4fbc49de,false
cf4923bf586c51365970ee11a33771104241cf60,false
465da9f610a04d379bb39a0ff03fb6c0b0ea1c45,false
df470aecb96efbcb17ca76e73196c25c38ce6d17,true
6665c91e6fad7df5997c8f3ae2136049062c1b7f,false
b08e35e4ab525c207144e42af1b678a78abe09cb,false
6d0e79b33afe47525958dc23c1ebb2eea70f25fe,false
975f9792697c1a74bca3cfff201d1e0415bece6a,false
c07475935cdaec6dbb5ffe2df8bd5a4abafff99b,false
2844fdb82ee86b812027f700f9c566da8324e78f,true
626b5cc166e6151dfe0e86b514b2d9a1f55752a8,false
8a78fdb09cc0a645a757cbcfb1beb09a3d2e5bca,false
1b4ace9ba5e77679bf9d8e409283654f7589907e,false
73d997f0fc207aef8d9c7fa19d8878576dad3846,false
e4c7033a3447b8d1af67acf9e34269f2c5633fb9,false
008d3388b9387245bc0df4887dab3671fd729646,false
1617202d91e46a4c2584656969f90aa5d5db7fed,false
1a6696da70923b2433b588ddcde90fd31ec296a6,false
ffc68840f821fb0a4c41a7b2b4eaad6d71f539b7,false
901661c1a4ff23e88884186c9d283ad413970951,false
98a26cfb425aef527ce5ace06f3a8e7cac186a6a,false
3fb368a44407aed7b5da88f6b35de9504ea8aac7,false
ded3d642a762823702848c5e5c4e041a676a10a1,false
c478e5d52f4985a9a58f1ac1d229b47e9f6fe24f,false
d694eb443a6243e248df974e9cd64defb591bf38,false
722d5e610a1f11ef2010dd719811771706ea0683,false
90004a83befdb1d65df8632e48078fd721932590,false
3628cbceafef795f4889229ca3aed2bfb9fb26a8,false
7d0293d37cb63c555bd870e111869c3064a96e46,false
d0df619263c3264d11fbb8a11698a2b73a08722c,false
c42803f168208e558b7428c46e13bd1d5dbdc38c,false
fb4aab5d899fa8d4257aad12f7df6050d1da3d2e,false
a0a49e1c9ea9b0e850e9039c1b7000adbaf7370b,false
b7f6fae9b34341b9be7742b86f6caffe07fc6f25,false
28ffe153490c2a58919835bf0f9828958795871f,false
2a8ebc4411deacb6eeac5d4cb6f9568d61ac6a12,true
c074422cfdbcae3cef305631988288e13bbce2d1,false
ca0acbaa5349046c44f8377efd0372eca9650748,false
02cfee8461c6dca8532b2ee82e1aa4c7dfc776fc,false
0adbaf270a195b86ef802569bac4566917c3cee9,false
b3b38285a424487e5c400bf23e2554f112a099c1,false
33db5351088f58219d0d13f1a2efa7a85880eb55,false
353d891561659a754ee92bb5e6576e82be58934a,false
b33e89935a38b184b148ac5b72ae457a4a385d36,false
553b26f8579a21a2d3644cb3bc5cb2ed8cedabc5,false
96726f6a04251bde39ec802080c9008060e0b5b9,false
db061cf736b9b30f7bb7860060a91d565c9a5e16,false
b839beb23d5fd3431132df68693f402891c5f69e,false
908a364996bc519c98b758a604802defc6ec16b5,false
9b94e1463894c3fb2c37092a19dc3c04588741f7,false
2ceae5f8a5783d292d89cb9cb8dbec429fc3e502,false
2ec150af02de076a2e64046fef634d873140ddce,false
12666af6b5474998907310b2f940aebdc3b5a362,false
e01b68e7ee66f7c5ec221bcb9e0cd3526153664d,false
06507ed4e455dd8b94242d4477dce05b1d95c6c5,false
746d9181d7e539f6f6d704f6eb1e76bf9df29e5f,false
40eadfc52a8f8a7e07fafb8043b0b43faaacb114,false
6cde195c88ee720ca029b4fbfa64ea60d6983914,false
e17c3423bd306b04d27b6a2e53c80f1ac2179054,false
5f5e8e5339a69f666336286dd6279c68de397020,false
6429bf19a00069c163219ea10b32b43821cfd8c8,false
599f32c7a4012ae5988c2599344503cfddeb1a08,false
4a8e75b10a50ae13e9b61763e680f3c9fd518ed3,false
0c0b31a789f8bfeadcbcf49d1fb38a00624b3065,false
4ed20657c61c3e64aba4652e1f053bae65ebc821,false
e0079490176f080a9a4e52d4edc67e370992d943,false
563ef469f7ad1ad4a9d9ebea702985ac27b586ac,false
7fdd0df6eca5fc564443acbf9f71555f6834359a,false
a3f07829ca03bf312b12b3732e917498299fa82d,false
af970bd20f2d5c1d36abcb1f300a531c436b5655,false
941bc9ff6019117c9aa341f809bef7e0e54d0ebf,false
9bdc42d300c63f82cf3aad872d606434fcb8cb97,false
829aa65e642baf2f90bc29f940c8cbf180848dbc,false
413778afc19ce9f0cb484878d86375729c14faf4,false
4bceeccfffd09cd6d02489988444e25b07f32ae0,false
200ce9bd39c70a7782ef8ace0338ad71dbdb175d,false
468705df1751b515fa088e6ccb374a59d1afbf76,false
7df10cd8e07f734bca875cda4b591f18e7b657cd,false
aac0f585b944cc65a1b570c1cc26d840f03e2f72,false
8f422d2b5efe685bf67852b8f06672a32c1f07e6,false
33d9f9fa08e5a007d7ff1bb1f92c8d593b3c380a,false
07caa442241b36e14cf91b0fa0201ad764dfbd47,false
3ddf7fd2c2b4108a55213c791bd80981bd1f90f5,false
1234eb0f9ff997932cfb79835e101df7e49babb1,false
c367a86cc5be70da4928b276d0218f98df6e854d,false
42942ec2910420ff6107b9da839c93d9c422109c,false
4f6b3105135026bbd8d0045703b5b5746554239e,false
a250997f75cd540bcf268c2d451ab035611aaee2,false
1feb69d595575fabb569f8481c85c3568075d7ad,false
ef434ea9985b756f13bed283dfa55828829e5e1f,false
a3415fc6dcf3f355a2b815686d6de12fa7383335,false
240a11052bb2ef1ba0bbcc5d503601a175926f75,true
a671e47921f6b3f1e6c24f34f23b83ed13fe63b6,false
a83d6d25285bb1eb3860dd054c866d579c3c0823,false
bfa9aceb03fb728acf90436e1bb47d32c0ea5a1c,true
0586188f22a8a6de4cd9d5e13e116aa1ef594201,false
824e548036096c835735b5655513fe291d9560bc,false
af5743f6bd2a62072657830d3585b98680e1c203,false
26dac4fd77c9f73a552618597e24f324837c10a1,false
b5d9084f15bead8f72e684c2fd16a2a303239dee,false
2659f0a5e62c9a97ef37dc2ded3ca8fda3c53c9f,false
980168d08498c00a14ab0f687ffac8cc50edb326,true
d49cfb35d4bb45e94d8c7c1920e7be99e4e10dde,true
25a5d3031167566cef0fcf38b54afc6b7dcf6e86,false
e6ac789554ac1e5cf69a2442f252dba8233cde32,false
38eb5d3b49d628785a470e2e773fc5ac82e3c8e4,false
5da342e4dd7dfcc16aa25928ea91d69c2d362f73,false
d4076cf07c70d7fccf82aba5c5acae3f3fb99447,true
7e068145df57784b61ca254d5c0b83edaf3e7435,false
aa1d4cb840352be3c57b912fded1de8b33024ec5,false
571e92b317a8ccd86ea3a5eb3231a78529f48baa,false
ce08807a8b1f1229a1c390b6a86d5ee0f4029da0,false
0a8be38058a2335c6ffa15b9c6be0562a70f9d35,false
bb66b61d1d008599e39fd9d8c666ca0f0e9850e4,false
de4be03b5d704240af5d27cf98c87a39f78570d4,false
b80eaf2c9978c776c9efbb267ccbfdee875d0966,false
8d5234e4c729893c3ebd732839a8e7a01a51b7bc,false
2c66746a37e52a784b0cf6361cdaef765080538a,false
bcde664f9a3f6ef3b3d33c6c4e7c3cb3acc2af30,false
63b40254e992c6c18d16ffade7aa8358d686a697,false
0834da832aea6259cb74e82e4631a60e5cc644f4,false
6627c5a3d250d760777b8e84d61ea6abb98e2937,false
e7dc4139448e49bf31c65e7eefab2c47739bb87f,false
85db0135cb302e2e17936fb4cf62c9f90c94e342,false
8086ce8b9f17e53ce505206fde8e0de2739712ff,false
191710cbda616a53533d5e794a787f24c453ac5a,false
79c71f24e4cb064852e2cbbfef78a0a051eb7ced,false
2f8086e8c88377b822be6b83b306c8a1ef7ce426,false
9b424e9da9e1d7a96fdacf71256f655f0a145ac7,false
5ceb0a59dd189675710da58f88719683a4edcb66,false
900fa2f795615683234cc7e7b050a1e131983689,false
a3e4395a42574386a15ef6ca1afa83ff9787608f,true
d92b64aa275841b0c9aea3903aba72fbc4275d91,false
ef27c1b74969c48abdce76e650ecdefdab96b30e,false
ab6e6301945bf42a429f52bc34602627ca0566bc,false
28d09ae0fc518f2b3e9138f0fdfc2566459a52e3,false
986871bf4eb85ae62124e71ed579b6baa0ddaeae,false
982663d0631e1cb3bf4e66d567dc83373a3046dd,false
b074a2eec95aefd252af9be120078cfa6854a2d9,true
8973b58955df185c6502389a6e91b7b262a735d4,false
c12d9f8b490c56fcba7ad793249ab14441c544d6,false
07556da918a41b633d12993179475e990c47ac8a,false
71b74686341518c2d443b31a029641367710eb9b,false
909b9751eec79871164bd909b772934bc3419969,false
e6178fe489b7828acc2bb8fd4b56a70b11ab6c6a,false
a75315028cc7b8219f2ec28c7c7c7beb92c113c2,true
64ba43411fbfb2e435455b0df2453d7809b7c5a8,true
d5f88dafaf03a21aa4b6f0a273228fe9263a4a78,false
37f582dbb131356810d26fb8129488276f765656,false
1d45539000c27951add3b518a73d73a7e3de7044,true
fd3fca2aa0567220e1c75c28f7b1ca7403966308,false
9311a823a7155b8f6377bbd22cf783a182011d54,false
56e75eace520a78cbee07570706519b0680b7d29,false
ceed993d639ff053b20c61db5afdb8ced574841b,false
bac908ef35338e78422c5edc0456a22d04debfc3,false
29d33203d0325f006c75fc88359872bd68c8bdf5,false
d115d843e654c88ecb3833150ef9556bb0262cf3,false
c47c8c4389e837062af489879f7a1282c9ec3894,false
e047dd6a32dc57cd6e4fb5f064aceddeed979756,false
4548e00dba81a5e60024d76b35bcfe2a7be8e675,false
8fc723c7c2b3bfe75bf76db75f2970d4253ce3bc,false
80a597b7f94d28fd368f877c94ff51a116ca38c3,false
1736e01ea0b2d39ac1ee7e7b5993579487175530,false
bcf0a95216e530376648acd1265264386ae990d6,false
aad99260d9a21b8cf7b8b0c80d408dca7400c084,false
ac9589ca7222cc7437f09e8d4660438a132f420a,false
037ae3f0249a1b7d9697a9f8a47760c4fd022247,false
c6a619af833416160475c25aa3d11ef14ed74618,false
57f9623b0835cbae06b25d7329cda480539049c3,false
3d61fc44280e5e77ced09e0eba9634ae5e5f4727,false
f991a898100359684111be1ddef7bb60ab6f0f9a,false
4024a4a89c18a1048b7496cf223c0b8c1e63c485,false
93dd1709d05a1cf0e886df6223377bdab3b077fb,false
96b4dcafc33a32317ba9d1193dc3758f4d70d73c,false
7673835b3da50575a14213814ea1ccefa860260f,false
a0a61acdecd925cf2a1ffe5fb7acd27c1695f1d8,false
1263d3bd142e4964da123f4e59088aa2968ec7e5,false
662c245795c7cbb5dbd657a2d707c62c16770c18,false
57d628ca74513480908a63a6b66c1c8b1af896e8,false
524fd0bc8cec7bfe8167c9c98cb5511b01a0f4c6,false
2ae740dd4903bbe5f3864384bcdf2ab2d4638bce,false
cd8a3745047a4413387f1e8a6877fd35859e21be,false
f2f027d1fbc12f3ff24f3e471e11ac56e1a5d869,false
171aabc87dd8bff0367d0555c8be6105b00c22ce,false
024f0d384cf5bb65c76ac59f8ddce464b2dc2ca1,false
84cbfc0698f429c93450cd6f1600e56b41a30247,false
c43edfc7c08b8dbe883761bec14fa75ee7db1bf3,false
8b5f760b7285c863d5c7a4ee10adb5eb7ac60a05,false
756902cca1bab981fbec0ea759d93239d9a711f0,false
e69b49bd3d2df261316c1c5dbdd53b96d93d2f56,false
7e3b8abf992be711e2961bd9155bf1ae96c81b74,false
fcac7f11cf5fbdaa43c3a8c305b31cf0a43a70d3,false
0d04b40d130a49cef0609ac95be48013528e97d9,false
ff2f71379b719903e462ed6a83801b1736009000,false
2062d984abd3364557a6dcbd3300cfe3e4ecf156,false
e403e9ea970c875052c9199d35175e0a420bfed5,false
846ee2c62e369ed06190b8791088748bd3a83557,false
d091bb00c0358e9f30006a064f3dbb671b99aeae,true
b724832872ae4b4cd4b5f61c153eae39f1c3b213,true
7ba35c4d4fe99418cee9c87900bd0d3b38cf5bd0,true
59b0b85835fa925e67f9a3f5173f7d6b6e67a411,false
c432d8b2bcecab32a6ccb2ac3bae8898ec2789f5,false
cdf0b5bc792d1a76f46c2b1efd62d4e9f3b6683b,false
5b1d47f7e45ca6304009156882fcb6e4ebe55fbc,false
295e1e759f28417b564e5b6c1c65cc19d87c3a02,false
8e2fb4633ea48b228479a5af6ef23c39c34d68d2,false
eea31f29a50eeb30ec3c314bb2a6de4c931095c1,false
51c87e6199b78cd3b4b33a5e47c7a135a772f10f,false
2344cd6ebfc74c8a22149f2406aca137119bfded,false
330a3e3ddba712def955e7a2ccee92a205dfb656,false
9eae42b9e11b7b0a179bb9144aa3d08e569261ce,false
fd348ba8cb1aca26d85e90d007c1c8639256c583,false
0b6a05f541a9b1321f57f9fb0e6593a1abff316d,false
8075be8261359986a7087039e3da90d0931eec72,false
42817f032aec5c1b3bf4b676bccba636fe0f1490,false
c2f2d9754b795c2383497dc073206b6c5233fbc7,false
c34792183094b8a8c12d2dec2010e38bf39602e2,false
c59e019f5c5ed032c5360599bbd56e3fd9421adc,false
51686f5ab44fce6bc487545f621e199d726b6f50,false
88c9c68e17774b24c4a67f2abadf411c6a689c1e,false
6eeb912a63a05684488b9c25f1dd38e727c804b3,false
eec29a8fc3a1e557c176ebee5ec8bca6e3091407,false
347383b1bc947a94939a4e2a086c9966b3dfe8aa,false
bcb4f2fd93590769816c68147840ac6eb9bdaa9c,false
3207777cd4f97eacd4fcd39fb7cd593687d62c0c,false
d4f443d8d0127d81e54c2f412a162a180615ee1f,false
f6d5daac468bbdd77a2823133b619a3e3e404b6e,false
fcc0d6ebd9ec1c7e38ecbf1d093969e92c6a4c8b,false
a753fd601d7d7cb7385a2a68c090c7ad7ddf494f,false
18a7751c7bc1779fa135eb1366cbbcc278669df6,false
ee28a130093760650195b71bd3ec2694b77a91e7,false
3ee366a199b2a73cf20e05c83b20a8e882be3400,false
a54f6ee648732200b927c0b27a14adcdfdf756bc,false
710ac0db51b155678b4100888688d8c4378d5d64,false
ecd07d680456df6e6991b40a76995e31e005d145,false
92f648b04eda0c8563a43c60d989ce416137e920,false
9075da126c9a983917b9779dbc826841813eee3c,false
aec07a1cb59ec25765cc2f5c4b6011bccb989abc,false
efbd721f20cbe21ae5350380035752282882e9a2,false
26ec470afbfb8b643f1d0ba3501b4def42b58911,false
2254adf8455953019cadd54ba837c53d3dfaca5d,false
3349c4914d8556ced05ba85a89868f2ffb78fd46,false
d74a8626e042a85f82502301e9b8f4317120e586,false
fe992ca9925a6358a25e00b48c22f47a3587ef97,false
569c88d72102e502d71c07193182adb1769ee936,false
cdc5a493331d181bae2b50996a50cb98f4a5ca4d,false
2b517a18d2cbebf8aec16eb5405340d11208a6dd,false
634e901966749bcb5dcc43a7a64b3865e2ae1aa3,false
1f5a5dce43a23797b4573625b4a76edc37555403,false
0a3e91b782ce557498b3375067c134cfab2b5468,false
7d7e8eef23e3b30a3b1c16215374c9a5ef4ed839,false
47e165d6d560fa502e41f152a69b657cf95f975a,false
8074cbdc470494a6f20cf08f8831dc4ae388d7f6,false
718afcc1078b1d114c6739a0d65229d68246a6ed,false
3fe5eecc2b57406bc9f14dbcc4fb1a76ba4ebab1,false
7fbb4f78da0c89c9a466f755fc466c85bf036ca2,false
38a0d404b71807c1292eecf33b51312d6ecc6d8a,false
5f6586ae6d5111539b613534d0c746d8cef451c0,false
b82cca728341926399ef4c06a7342867f5c43c72,false
cf5b1d028342a2f7c929a23d53367addf106064e,true
b82c2e611a16efce910f2ae5eafc94066d48ec38,true
6979265fa643ed982d062f38d386c37bbbef0d9b,false
4a1acc8b5f0b5608fa8f20a1ef3afc13574cb96e,false
a12a34100ac0ab85c29f87117ac0b75100b52d3c,false
aab20ad431985b85dbe756b375e6ccfa39132054,false
4e854ee49687ceac90985526928d901570d3585d,false
7b09a0904c32dc8784cdd68e842442057340a361,true
6ef9dafe4da10683508f37747728b64786fe6d9d,false
d0d7b796c4b49361be8e358f905dde16ae5021e3,false
77e33c4de61e17d9ec1b11dbe64d2f743b766c7e,false
65a0a4b585781b5dd3db4009de3195e2ac7f049f,false
a40c381ffdc4c28a19a0910c4da8ec54e3ae63cf,true
1580aa30cb77c1db119c5c71b88795141d0a5045,false
f32f19162c936d94fb88f28f17f43dd9f195792b,false
b146a13f633b0e2e26e3b8383b3db0feb563bc83,false
19a0db6d14722aeb6dd711efeafa72fcbc2562e1,false
6f2fdc5ac4ad869a21c4c0281d7fa1eb8aa5a689,false
2fa8eb3cfebd7d797f8d27bfd05ea5f63985665f,true
eb96acec46a74c03b88327c503d0352d6da4a107,false
165f059a731cd8346cfea9a44045d75c27219ca9,false
21c3df31de4bc2f838c945bd37d185210d9bab1a,false
75a9b7465003205981b97fd4a133b07d7c330167,false
3f8ff0d181f0979a467676287f148afd8ee187d3,false
a3d423e5ec5c1389c354a546c05c1ca09a03e3d0,false
daf9ec790a14e556049df36904ebc86c45f85b7b,false
f31a8ce4bc1cc5e189b76041714548fe43e04964,false
0db95259db5b310c8c4ac9b97ca2b6ae075c06e5,false
2db3c9a72e446eac980451ef688d87b4fd32cad4,false
ba118b4543bbc87cdb9dbe8297029ddddfe8958f,false
d25ee22e34a7682f3f0823b749597bd1dc28441a,false
89d1487b2ed0eb4fc4fb49a50eb54b942bec4193,false
36e6fc8ab8418d7d8ead6ed0196b2bcbbc9e91ba,false
37551e6798aabefd549340a7d3840b7648b413c7,false
6ff7004db01d0dc3ddbcc943ea727cb1811ba1aa,false
fc0aa7ac978b56e83dccde94214b1900a2ee1c3f,false
2a388c4dc00f8bb44b7a557a85ca97f8a913bbac,false
fd0a6084498e9d1990ddcf96366e8ac27b63428a,false
253570784cdcc85d82142128ce33e3b9d8f8db14,true
6638432457320fd2db9c74b9135afef370ed96f0,true
ce7ee648b39c9dff05df53d1d007f50c2f146a39,false
216d97c21abe9674fe1dd6364b64051b0d09d0b0,false
632f85b65354ad573bb33c54a0a9dd3ffcef371f,false
045abd6c04cbb8b08aa1e41f90a5077ac97fee3d,false
eb865f8c24572065a4f1c7ec8316e0d9d0eab381,false
414b30b2ec8ae365ca311b697d44578394371ff6,false
fd0f89ebf3ef44fd40372db48f25009bdad6d162,false
7eeb0c8d220f21fa08414f7726005b7c441a18a1,false
5bf8cc225f1e7f7efb2e8aa1f8e2c11190c1e5f8,false
1a6621ed840994b9600f12dde3bcb898c858889d,false
1a9059dd3a0c1a8574f6555e92f3ec3c596284f5,false
cf3089a8f82d50430da4cbe690c1ef11d30241ec,false
7be45a4c5bb557cde56efac0cb85e0a9120acc37,false
e071734b4e9f5c21fe65400b167ff327c6c1f7bc,false
1f1b65a62576bc6a2f9cd27e9a725f0554fc70c7,false
8952a178715c0f47f71a3600e9cfd49dd518096e,false
fe55f92cdc575d00204a134b2d556c1053e1ed4e,false
0885e68beb2ec2ba39a4ec1fb4097d082644e228,false
6d3f87ee071ea061f0af2ba7d29b148841090b59,false
5bfe236fb531045497396bc85ee5026c6c9c68eb,false
a1fb8f143f5deb545a10ac2758cb7a2b2bd68df3,false
983af125acfd26779521b3bd0c08842e935df1de,false
baaf8642373bdc4c99a6cf6a2c54cfbb03b203ab,false
ad10d12177c99fbe0f3e07c92efc492b0171fd1c,false
e0d7d402e188f6b70f0cfe157a265550479afa5a,false
de464c03e134127140e5622e230790806a133ff9,false
12a4d1554689c0a0ac13988b0daf10c23c37c81d,false
598c56c4983b33cbd9178f28516ebee33dd10fdd,false
7e312c421ee1ccd57a6f1a5c43a00e8e4ec6a7d9,false
84a4669e54cc15e1c0e681ac6c4a7ae24db05342,false
4e8b0204942d89c7956f4e1a20e97b1a16ba6800,false
8efea0ccbbf0985e0c3c001e5bd90b4912a18f54,true
bdf7083cfdeef0e0bdd0bf6d4c23b26c92b52d95,false
76467527d6e44474cbe8982fff4e37f91214c036,false
fa5aebc842c1cd19a57503984310db21aa512904,false
8c6baeedab60e0041317c2709df100dfd216c2ef,false
967b2350354a59a2b8ae0f5a481511353bfec136,false
9d824db41c930126db7bc6af5c54eec670cf086c,false
c5a5d9b30bafcc242c0ae6004d71f7238e002e06,false
1035efc7d6e49a459ec2dcbfab9526a7347d6f2e,false
01621485fdad733b0886117d59bea1adac8d4fcc,true
070a0c1c759e686ac03e9cdfca64b116665df6d4,false
5d60cce2429e2c7e11e9acc5ea030464bf169f84,false
1c6dc15420b21fc325833ab2955375e9736f2e74,false
2676973cd7d7db2ae83f1ef3034fadad8c5236da,false
06495e791b59461cb8cf8c0bb3221f7fd4a14da8,false
7c20611cdded4176cb4d17e3292137b96feec356,false
a0e2aca770c756d9f7de53339e2cf9067a52df11,false
6def8a4a489ce1321a44bc1947c5c86620afdb3f,false
8ad9b41850a2d2d74d7702474d13e06e702256af,false
65de6ccc0fc54790d84d1124f9f1236e0fc7b7d8,false
f7e33f240ee595349a46bf4eef95e1d9bdfee3da,false
aa0c9493c67a878b4e67dbe620e0d780cf961d56,false
3b57c19e3bd6acf729ae40ece710b20f7f5997e7,false
373f0dd82e68ab7cac7a77344e715dbe68faebd3,false
7a444c5dab97d640282ec8fc4838bef2c128273f,false
22987b68173e9bf56cc450cb7aeb93f5480a2660,true
577eec198adfb0a69f059e87c53d6ace55c55a77,false
15a49e72977d7a44ec4f54de7078053fbfb4f3b6,false
dc11cdb4a4627b9f8c79e47e39aa7e1357151896,false
bbb273bb761461ab329f03ff2d9002f6cb81e2a4,false
f325b8b5be07233747c2968af281552437067215,false
b2464883ce2cb7fe1b5d48509dd9a3a3ea7aeb01,false
11798fd01b275b2dbb448c15ecdba0c9a7d973ad,false
d6b974f821fe37bb782a80e64174ee3180fc5215,false
0855252f8c07084745fc598579ad40447a26d1f5,false
cd3a93a9c1aaf8440d366cbebbc852e1033914cd,false
28a3eb106c20eb6c3b9064f27f07a2ca89c0a4d7,false
cab8121d8f94a465c11814010f4453d1bf61008a,false
9b62405f349ae3ec6164d87e801aab2d214cd23a,false
7d3ae48d57e1f989dfec42e98997ca8b75370c9a,false
de0af038627fd4f45bfe61ca9aed36b8e10770d5,false
e4c70eff7747abf12726d90f38d3c28006baf087,false
2622739771778f2b901de5ad690ab1028c2a1df0,false
27a36f1446a9fb3639da91794b87b333ff3ab83e,false
50eb6e579ff403d59f8b80c17718682a240b8c08,false
d1a21022e0cf6b7243ce26965a13a0b8fe371f10,false
959c64e8ceb76a059aa20cfc048c4b2ff078090a,false
a7cf23a2343e04e61bb770d373a29e2666c56330,false
d42eac90f6e3f0c84736005a78c262a66187cc74,false
eb41e7e417cbf53d19517e356381423cfd256c2f,false
da8865bd6425a8f286ffbe73a46437bf4dac8adc,false
aff21fd8bc4d168caf481de87bb5447adccd18ad,false
444550ab0c2ba8b1e003dee198b5628bc58302ce,false
7d2ba3e1fc55e8d04308ede674263727c85c86d2,false
2fab8a31ae2639b3eacdd3935d58203b09650f29,true
54ae1cb0e902aac1bce44e2a315650d395c710b5,false
c676c2c4f381e8eec3932d8bd53fdbafda70aef7,false
7f206913e1ec078cebaa590f66c6d137d15bdca9,false
7068d0983a29eb411bcd361ef8b764a8d10684ed,false
d887d32f4d0effedb6bf40f3d2ad790036934387,false
fdba0d2526347786c05c15027e183a5ba4d81114,false
1936ca8a2e1789efd6169a901a8b60ec62ceb578,false
14f56363a4992506f2b3670985fca4f0a29e5176,false
eb42655c46f8a598f2e0ead624ba5a65a8a66e90,false
64206c13c2bff0220328845db0995f451cefd3b1,false
055cdc2625c0cdf8cea87524f5c6bcf07f7e5005,false
451c1f87f39253c35360f3e9e004df19e0c74638,true
d55ee5b91759c411d90ebb2046466fb27640d5ff,false
81ba6c24efea58dd00c093448fa2e529c0cda507,false
9f7ac04aaf008305770b04ec64b671e916994749,false
78bcf1d8c6e9a63ea818d2febaa56c4878e90db6,false
557e2147dd9c61a4f8ee5cab1d51c1bc355bc5f3,false
b379bd4a781ed09c8f2d8d0756fb4bed1cc598a8,false
5ecbf1e3337e7622b6508791b6c095cf91b7c544,false
c52ffa8ae7252a45b14e8cfa53b0fe5988210388,false
963f68abf43a4dc22aae2e6cededc216feaa4366,false
d1b36ced14f15747554594567f133b8fad28ceac,false
7eebe22cf517702cd26a18ae95e75e83ec587cc5,false
296bd2f4cc0141db11629d1339359771cc4eba38,false
096ac67b97f5ca5f3ccd44f45847cf341a3e1c32,false
510268e91415aa2e759436eb148bfd5e12f313e5,false
e783424fbb207a7ea1656cb906e02e1185d7883a,false
6c828c3bbae18d10844524046f63fb3a26807dea,false
8b28c218c93a79780b5d6182ca8433da2f2fac7f,false
fb5f04a8c71499391bab37aa4004ecc652724e0d,false
93261454e6d0bc1c3c7bea5c69a3cbd2846984b6,false
6355f121761a79e878d3b96b82d097196341271a,false
15f0fc2d24a6e5cc35216b81b360be6ab89a7a4c,false
fdf5d11b515aa2d0937ccc31ef7f20b94d3a8794,true
b473e7c97c7c557e64fb84236c7d346b6ad16736,false
192f4ae0b2a4e7d73c0b0472e53e33250175d786,false
3fe23bf899d3454eb7e7fd1eb0b7a812497cd365,false
0ee1b0b5d9712b6cf2f22429db98549e1a0c8cb8,false
ff3fb96896ef2814b695c0689009434368ca9ca3,false
bfd4dc6d3065b87130b246f377cfc250fecec58b,false
571e638e2accf8cff6682227a564ffd5deac7e67,false
ee089488ad948dfeac4cddd53ae0f07935ed2ab5,false
dbe76bb75d597401d33ef428d79540797e9297b3,false
3c00658772983f95016d300a87951da45e8d0701,false
b496d8b7cb72f29dc91d2859829caedae25d62ea,false
adeaf27e767f7bd37996d999eba135d63e890408,false
c6c6408c3fb96245a2e2afc4b754cdf065fdad47,true
705e52684a9063889c16a289695a2e4429df6887,false
8d9501598ff066706c1300a9f6f5193912f2cb4d,false
76abbe9062ee6752d94003c9ca72fe2db5caf100,false
aee3f3fee974ffb8e2ed7848c9e5744df5d7a5de,false
fd62210f583e90764be6e8d9f295f37f33a65e48,false
83d358d2c43c79b7d7fe5365e079447296c65eaf,false
3cd615a1d6db7e319c27bca2499ab7390065f090,false
9e7d3a6b694b27f997266889ae463e06dd83a189,false
0c7cbe2d1186f53efcd0da0589a2eaf0382e4d39,false
dcd3b5c8f86c70c34a4487a943300cbf6adce9aa,false
f92e820b4bf357e9792d08ce398802715a63eafe,false
49b7341a491e01cd6a08238ca63bd46ae53a009f,true
4846e25e92638a1db5aa2b41f65eed7585366109,true
6e7869ec49a42c1d7964fb8a62eded25b0321970,false
1748bb02eb29760796c2e6f59e7c9d77ccaeda2e,false
e4e66186c319481a162236777b41e52fe269d5ff,false
82d69cd06c7ff738774c5ab7ef48bc6251f5c014,false
5fea7caba29b872e5b2e3511d1c1732d0fe1ba3e,false
6d9d79c70da0104474564dfed510fc74eef1cb85,false
9f7c602a84faa8371be4ece23e4405282d1283d2,false
7029674775023c076a1dc03367214d178423809a,false
25ab05e6a2ae248ab76002807d47c23952492f17,false
33145c36991c503aeb1e5870c27b720ec80d5079,false
3316604822644889a373018490f2534a1dafd9aa,false
ef52e3e4a379b16a8b906ff101c6edae71d80dc9,false
3dfc12e8d82a66c4041783fcaec58a7a24dbe348,false
510c38cc63fd1d88772d6680713c38dd83e277b4,false
46d8e90f29d5363239ad02446eaf535c2a6b2308,false
020331522be03389004e012e008ad7db81ef8116,false
6eeaa2e50d2e3ff776085d0b28d58d1db65a0538,false
1672c5f565c9bba0269e2c5ef3f2cc7038551641,false
06fd6aca27cca6eae7ab00379f5ad9300e339d11,false
ecb3450f19d3d817b4b857bb5831b309131b37e1,false
00f5a3e55ca3b6dd4e98044ab76f055dc74997ac,false
70b58c82d9d19932ea3049415a785718e07c830e,false
85b8fab268cda37c18cf77b6de3129da28adeb87,false
285a873ce921c1f2c52f15e1f58bcd3eae39596e,false
9ddef0144ff47c74addb87433edb776219eb09da,false
61fbae866478c19ea5f5c3b9b571a4fad0ba7e5c,false
dc3e9c0cc36b7945431454ea1543da4e33023bb2,false
1a79d2d235e11d5c2284c8ecfffb9cd192ac769e,false
6d5ccdefe29292974d0bb8e1d80dcd1a06f28368,true
08693ae91783bef4f13346d73472b45a40f26c6c,false
5f03ad3004c41f2e0356f0332ea09e67192c5fab,false
85dce2c836fe03aefc07b7f4e0aec575e170f1cd,false
64213fc0214c1044fa2c9e60d0e2683e75d125c0,false
32272da9ac6e16fa22d3401b2d995d5bf3db9492,true
16f51ef79989e5d7677e8241a438fe37836a994d,false
8ab4967703c2f5c500174f46b672d80e32f55d85,false
5a7a4ab4c5eed63a23762e09b7e6a739375ad0f0,false
85b430a3669191ee0d092393f98c0dae47218cab,false
ec27677f956859fb91c87c4ec7e2766873e67bc0,false
f3ed1322a6d28470c259d6948906acd93bddb78b,false
fab26dcbe9215492420d28c47d50167716faaf4f,false
5c6a0f0c121297362b4c78e4240dd8445b9d9f12,true
39887ee4dfafb172312ba7db8c60728dd7181f9f,false
6f09b4b5ed9cb63aacd57606159c0dae0c015ae0,false
e00a4a4b445b07a10ad79b4bfef78d1f57bb3b66,false
078a3c3631b43e3c85123d7fc44270be6c05a4db,false
afda0ed9f2e8e45b152919573858627a1cc86d3a,false
07000942dacaeffa84d9db57ea42570fcfb0395e,false
7df5db7b0c78b0588f82f2148b51461f94320b90,false
34eb0dad154177825885d0b9d895538f26a8aee8,false
1c3b53c5db3c9c0f7a1f1650b020e6302705395b,false
f74cce164e2065a866bf6d89e53fa5a4b4840cf2,false
03db9194d8d229d04e6a37b14bbe2499d23922d5,false
c791f6312b092678c2a152d0605e49c26831cb05,false
f405c6f19e002ae13708cb33f6d48257cc1ea37a,false
77237093da25438c88b0a74c374a397d4bf823eb,false
e6e75e55470a0682ee8370e6d68062e515a248b9,false
10b0d6b33f7a4414fd3f4474c0deceed2e40117e,false
26a6cc0f94dd25390e2b2d7462bb4a414a862b16,false
b373e7a456f1be4efb6f27c4a21af0dd04260229,false
b8ddd52a0dffe33d7a083cd949479835d6ae2787,false
1a8549debb914eecc85cf63034093b55792c7e8f,false
1ccf063f80a7f104d6f7ee62fc9bedb4b94b249c,false
77db3d5ede84bfdc6973154426973886b979f870,false
9be01564f28ed49cbf55049265bd578c7a7257e1,false
d124214129fd76cd620736f9dadc5e726eb8f34f,false
0d63f1021d3608580f86e82448922922bf6300e5,false
36e6ec45a9885fb1a6a22b0eb15b8810a8712418,false
83b2f8f0f15053561c08c93ffe0de4a8a5adf829,false
ec044a24e10d2bd3c730f69909cd44639b469fd0,false
0c198dffc34f30883d9056c4e42e9858edd06e96,false
467d2e2a437c73fc8eabdd887efe0453663939c3,false
98fbb6a3a722b7e3b6fd7152a15f4f234651a821,false
cb13128cf03b2f1b3c5b48eab518e57e7b5f6516,false
7f87f3dd93baf45d5f69f02a2dcf4493dfc4a1be,false
8bfce88e39dd427dc1258a04c6b0cafa9667ff3e,false
188f4785adc4eddd0b185f33b400c2812915624f,false
2889da67cb15ac6d5d882781d54014286d9ae010,false
47f0e799db8d8e379a1fd9bf48ce3a8b7d5bfe73,false
e2b7d1056c6c8f6f26a4b9dfcc5dc4b2ef87f573,false
d7ac6f5bcf324e7fc588e501b2f18669efd5a12a,false
c93a2d76d5874f2cb175b7e91407dc6c877e0139,false
3c9b85469ef4abda1e996a5ec0e7bef0f1a0b394,false
531671c9c5177f24e79a3062e2dc5d0aa60c29af,false
95e5843ad51b025098ee33acbf273bafef26a1d8,false
e1b3a053ba426e5b1aa7bd2af138e03c7f303592,false
79ac96f1239601eb12f6f69fcb3ce6cb269ac5fb,false
2c88e8a0aa7ee724b844cbe48013a1e7314e9049,false
28262c34c67eb1adeefb847c27b8cefa090970fa,false
8b72f6abd72b32225299c57c981180df35a89547,false
9c1e7f6cdc6916d268aa9c44d46c06f5769fdcf0,false
f8f0caf5c6e560b8e7fd322cbfd140c2bf7aa61b,false
3a5532b4ed0db5cfd826e7fd2006ede6e873b028,false
f8e63d39913f9a7bb887066025724569aa3423a6,false
1403d35e2a107e0fc693a09898cf605bb18989ad,false
2f0c62f5e6e290843f03c1fa70817c7a3c7fd661,false
0ce270d1f3615f222226fb316e505a60c1e3baab,false
6fb1101f7075b4ff8197f3ef3b9fecfa41dc34ee,false
2846abaefed01f1da0d58ca3a83a2a09bea71e9c,false
80a4e62096f4010235823180462b4d6e058d025a,false
905e5c23e8c5f6362b38ec1b5526fe999f491229,false
52adf2ec219a0cb9abcfd116ec104c9a362c602a,false
15b2241b5173833bc0c9cadaaff9a05fd4e064e2,false
19f458f9cd6c56c6d07c1020e1e4ba32b31edc86,false
2ddbceeaa91b77cd6b837035c5697ac5b94fafab,false
48325dbfb8a3d38966c62c17ba05882f28070981,false
22d82e70b3647ed16c7d959a939daf533377382b,false
d575de5159a6e40944275763c9ada2801214058b,false
57b19fda540b596cd211ac864362485e09be203b,false
fc82dd50e39700b14799df17578e2497b8f0248c,false
2889ea4dd9bfee0d4b63a435c5a8d20337770f9c,false
80d9519a9c6f6e84d93432a675326da0a983bd46,false
d5aadba4d34f6070377e88429b178ba08eea5349,false
d906c71e99b0d6004490b4c68d249dade898e9c5,false
89475e5d1e3e25ce56c9d9411496528f4a1ba82b,false
14921608871f15f8c34d48026473293e225ad608,false
c121e8cea7624a764e7cfa97cc9e94f261050e10,false
e93704fbfd5f40e48f8fe9034b6b0fe420d28fb3,true
2baaa8fd8ebdd0f7bf7a24bff4855ef53476c92d,false
6fe7f45725dd0fc94fb3ce7ab3b3ff477b10401a,false
25884c433f1eddf4537694d4c5f9f78cd9a14955,false
6414df97562e623221c1ee2072d38e84f87b02d9,false
d8c37f43724cd9fb0870f77877b7c4c7e38a19e0,false
7c5261407dae61679c268b44c63d73909c3fe652,true
08e459e823235eecd86c635653f4bd6d6003c2b3,true
f3551c8b907d468b6dc8a11a14384333d6126014,true
4240ace59710d86c478111affd4ad6fb4c8cad9e,false
6d8b4ce9d037937ef8694067ab5754666240d097,false
ae647b5750192c7590f176ab4d7e16b44bb50ea6,false
661bbcdb90ee82baded66ae0733cb87ea5f464ef,false
c04b0de558fe8e1ccb8edb4525d40e725ae9a24d,false
5bd959fbec98cb14c785868e8890d6850971038e,false
1ce0f774c947ee39924cf6604e444b23c51e4cec,false
3ace642ef32eae3fa096bef85a87545eba3f53fc,true
5f8d3ea2fcb4a17373653d900b060259fefb11bb,false
64a5d7a018aadcb5d7d868a782a04d1b599ef89b,false
1ca199f9b38b70a4e97cb47a4252ffd7fccc008c,false
864875099762fd0209bacbb26985ce2bcd7f2ec0,false
636f195bb538864053bd0cc8b37844818a1fcd3d,false
a7b02b3a07ae292ce376df2459eae3ffb4c06d52,true
9039534eee6a87da98a1dee9e4338d1b73e861f8,true
6e0fb117171ff3e57cf536952991f9ce01d130a5,true
9c186ccfe8fa4156123e9252a6e8a9cc68bfecab,true
f64fff64762c96b4ec1752f9a4e261fdc2ba4e33,true
bf982718cf30615f2dd17fa71fe17d565ebb1d3e,false
6fbdeb80c76b8a698ab366d21ccd786731b17361,true
1b5f21e015e2c4f36fcdb34a09ce93787d59e181,false
1c3052377b18055cbfbbbdd297dd19a5c43c55a6,false
19b905eeef7e47841318ec9e455c9369770f22e2,false
8796b2a784bc45fcc6865cd80b2cba0601448727,false
10a36cb60e10594aa5dbf3c5aba6abbd5f6fcd70,false
a82cc31af847de7250cd489f6080802ce3f5236e,false
afc907fd0d4a4e96398829d75ded9711a3046070,false
b5518e23f5b85ba6e069a8151ed42209947f3849,false
99afbb277d25d3b052e00b9a8da216054d51d62a,true
141fde1d8ec8663b4be98777750d2f58c6fe44ad,true
c2920e2bd98cdb3dcccc2868c25b695d4780c620,true
67b0b7e30d2304f628e966896748032022ac0257,false
63b306743fccdd52079034e82cbbeee182a4361d,false
10425fb9b13d977128f18c1051fb93edc9aee2de,false
9409be6e34e153bfdb0aac2c9eb7f60110109172,false
69e6d59ac8dd5ba6a5242acafa5b50c7b56c84d1,true
cfda27089932a102953da73fdab17cf9814334e4,false
9889ca8bcabbb1b1290ca4403b0242e01bae4c47,false
0cfce9a0ec62795091af6f548cf3ca45f0dac448,false
83f7efa04708a22c9701488f0f29b59c2b756bef,false
0d594b8c0f13c70507aa61a7666c844c5e2aeda0,false
36872e7bd45162dc78e789f45e026932a4687434,false
a541c2ac8b05c2b23e11bd8540088fce1abc2373,false
714b0a467acab54091d8aeb73403d808abfbcf5b,true
3257b7574e7f010686a617197e0fb4596986f7f7,false
255461d8950fab51a44c84f33cfba1e4fb239a7d,false
6b1c4e9769cbe72d6f5665a8081a98e5a671a8d8,false
7ab934f6bc2380a322c77d92c0b6cfd10b7de991,false
9f606a8cbb8755eaa4664ce7a4f892204f140410,false
fe2d744b530283094dd0a2ffa4a9d86f1029b2cd,false
bc90801c2ada42d3cf112a3b5701bfdbb8b6211c,false
e22021d531499af87f65d75f1e37e6329e7385ed,false
7161776824734fc2797fe2b4fc974d183487ebf8,false
f7adb2c813c5c10dcab5bc81ee173a6f9fbd406a,false
aa6fbf2f5a6265dd0ecaaca03e646c3c2a8f58d2,false
d81aa70106877b38673275e4539ab1f3232c4fea,false
a960236117442bec67f89c30dfa014e05483da5a,true
270eb2df2a1606383f50ff079a32240966b43fbc,false
8e589daaf2cec6a10262b8ff88801127f2fa14fd,true
6f5870a791a91b726272413c5e2c563a6b2a9c2f,true
6a4e7e948d7e5bd5b2b76c1b7f1a0392644bee1e,false
491ea32803cb05fb8fc4dfb81ec6c96f94529eb0,false
5d0104f67e6e465e5416803062ed53add1e8d333,false
cd0086bc4b6fc4720b921b85eb9050c681ca601b,false
5205cd4ea979f6c322e4e6a256a72e7808592818,false
1b10e085d821e37b7f7162307046649a721e5587,false
aac67289e517bda4ef488819edab74539ef8e9b9,false
a44c7228600044f530856a33c7da147c528644ff,true
63893a427bd022d192febadad0b31ae06fa80776,false
51196575479e34c3ea43612e1eb770db3aa5d114,true
92bed6619459da93f79e85ec674b24cb6fa322f6,false
399b851ed78ed985a222822114a01961c087f8fd,false
34027d8d876c140f84e18d6b56c0aecc5481874c,false
f8ca80ce8912cc5b9e6379e26cac34121207f4de,false
9a2adfba4d4310b005c222fcdfb85e96e3e6661d,true
f353d126d199071c7933e2f62409e5532333bec5,false
5fa7d2efe757e028a734d3dc56e9f13bb812a92a,false
7b696e076a8ebf22e8ad096b7278051d475c88be,false
892ae955093cc3b7925230ff7bc346a6afb14f5d,true
5261aeb7c7b4a4ace4427352e39cb78d9bb2fc5d,false
d426b58e5748239c3403502acfd73aa6f382c64a,false
35eb582bf3ddbe995681363167eb3233f539ef8b,false
49cbb77528f6b806c69af55a37affd33d7dc8143,false
aa6dd09c2cab5eb15a45d73b5ade24b7b4131c5a,true
9f0da9b770abfe3376ca0bbb09c535b42071feeb,false
c224832acccbb9b16485c7adeb7714c71fce1ea8,false
ba6db2e30783f81673bb8a6b5218f7bb8efa8f27,false
7023145f797573b2386de90bd81ac67eced93b47,false
6fe9235f866fdc9a76cc086bea1512b6825713e8,false
01e804a6e1207410042edddf4c6b8d75b5fe4b63,false
d0f19f790520293c2c40207d492695e582347b1a,false
e145f9c6ecc27f771db1b202518f6aa5e7ae7762,false
ae53c32048dbef4ce1aaf9ecb86925e507118a38,false
c9796f85c787b5d01417a50ba25354be3b620afc,false
72078148c017e2e3e6d6b6716aa8f9f16e0bf2f5,false
c6d8beeb9ed8839d43dfc2979acb28152be85fff,false
7b3bb7b13f2717b8c738e0f7a34c7521d7080559,false
9fa8b0f7ad64c0cb3729978f88b5ebdc296ba750,false
28507154fa5fa6f4ec32b3e7d205a9a6fc8cf8de,false
f9ccca97e476a9ffc1fcdf081f9f083a119c5ce2,false
8e62bf6b17238bc09e6ad01eae64d5c2d559aad8,false
beae1249f7e580779ae18d2d831f7ec51e5aff98,false
6e1b72096d5ae1e2cc4d8592ff8271b62548d9cf,false
7a73171edc3bcffef96ef6367977ab3ae9af9350,false
922e91b278c19bee1154ea32a7c0c99f87d4d9b6,false
29c09a92c45bc0120331dd22f7079f9161d72ab7,false
85c35bd6155e14f5c0829a88533d13321408bda5,false
3127c304ecbc54387792c9ddff3c266645b67b8a,false
e7b16b5ef2b22e2f4e76dc1be5747e21196fcbc5,false
bb3217b35017f269e3ce411bf070904e3858d307,false
7a3b8bbb897991a791ce51a870866648577054b9,false
3e507a70cafd5bab0acd570ee8ca06d46063b543,false
c0f583fdc1f9153020e05321f4444a2e2d541c2d,false
f5f51cd09c094cc15e7e6385cf27564bedc30b1b,false
4550beb695e9090259957d4ea1a7a8af9d7b2802,false
625595cb1a0a70c34a82b5c151d02e6359d5e191,false
e248e09399b21b0d21d3c8005a30c4dc4d430faa,false
f2b1dc45bd0baf5a5302893bc068e37b4c4d4575,false
0826be48ed50c9ac73160ba7225715659961a992,false
858cc9cace5c13941495d8a789668523e1ae87c7,true
5dfa67ed5ac4a541fc4a52efc1cb5f92aa97ab5f,true
a0afb6f37558261acb914b3c6afd04d918016cfb,false
e18ed45c8863ac645f3ce17a155034b8384e726f,false
50b7dcbab343c93bb6738bbf116a177e72b1d9ec,false
187f6ce4096222119b8490d7e3c671e4e41f64b6,true
06cf349bb8b69d9946c3a6a64d32eb552cc7c28b,true
66d9d4fa8d07dd50e4cb3036a9ae5f92c4693b84,true
2305b056c3a3161c92ea61e6fceb67262766bc40,false
c3f923d0e0aba3ed5b6013c5d022021e4ae059cf,true
ef3a82a2820082f7d9f2ca963c9dff7eb1ea9687,true
afc13b9390ae2e40f4731e815b49edc9ef52ed4b,false
9830fd8a806d677a279ed60bf3fa33ebb5691a5f,false
166a2a6207027bff07fdfc5590ce04f9b37e9e8f,true
9c91bb3ce2965174bca5ae080a62912f964ebcd6,false
7e40882e02c466448e01611d03c5d46e56c5eab4,false
d9133e9369eb03886dc1a847c4b96d826ebbf398,false
78e82a3ef74e433ac4e0bda521877cbb60bc77ba,false
31ce7d61cd184f377203dca8081becde1a50c730,false
482073718863d0e47b211bd3adbc4e28fd1b643c,false
13c0eef54c53be6c9c5c78626004b6a63ec09cc3,false
d4b540eb7d1f1b18ed516a0dd4e7d1ac5e537f38,false
ae5ad9e1ae7307b21d301c446addcacc536f80a5,false
a430c43736ab029b472c9641aa0b6203638391c2,false
84aa8706c0cdf28fe5de1b9170a8b686699fb0e5,false
3261a9451aba86853e2d89e51722380558fb6e27,false
53eef278efd59222be406ff5be737f48c92f8313,false
fafc132dcb0597b40ae836d737e24a24035dc756,false
b5bdcb460215b6234292eb6c0bd63abee5d5f64f,false
f6e4e8ab9d44cb916e71976d48671a70ca59a692,false
6d32d342336f528934829ed7a034a29af66c2822,false
e4373eba1cdd4b288b9d37e784bd26e0ca32056c,false
d7199c87854c574f46288fd1086fa31fb42c1446,false
048709c8e7d4d3916193bd2c735ee93c073ab686,false
c58ff55e19f4098998d8af0bbe9e91235da58025,false
d01d26e5210e3ee4cbbdef12f05c886e08e92852,false
4a37b627aef7019d3da84fd0a62fd8581ede6543,false
6f852d0d22a9be486f3881d500ae83292a76cd46,false
e1dce5c39ac093915a34bac99c37402245fd52f4,false
7c7b583603f85b3253b6d531d7f8e8d29060ddc7,false
313a70da6ef4b265f9334f909d946b2d9bbae701,false
24aab7a08d0b3f40d9fc9e49706854ef8be7a05f,false
9d9108fe25600c566643f902255d74ff68d88967,false
ca0033c11a1c325944b1c6abf4e18e8831326d27,false
1a40d9b9761b304150c3b82c656dbb0e425e8e2e,false
aa1d34dc51fc63dabc46f388822ba73b15d3ef97,false
22933a8cb424ffd65f2bec5bbfdbfa7e42105470,false
3a78f501e9eadd9225a00194aefc54dbdca1df74,true
6a4bf9eec13e035cf10ecc16e462049b4c967e41,false
34ff7d73a76ddbd1a6bafc7842589dd532c950f4,true
42a6da2da38af65a0f097bb88e3e2bee8f137222,false
3b83d0c75b3cc473260d2ca43c36bd2fd57b1abf,false
f4a2c35691e6d1e263ef78de1d6fc2f79f38b096,false
56c8bddf6b3daea411dde9917a3cc47edcc5a61e,false
b4094b35ef76e471bccf22c459104547f61f1a46,false
f8c881b887bf97930700f79fc91a729b018959d0,false
76858515944121ae3faf699f85ab2c4b7806d3d1,false
4346498c85848c53843b810537b83a8f6124c9d3,false
3f6cdbd8b35f2b887dddbdac5ef6461833b6dd3b,false
6d637f0fdb0e18b2722ab2b19b79a5c954d22637,true
5684f48f7037f33312a1c6b2a4c6d877f66685cd,false
174fe4453a1a52069d31c9ff4e24f3ef4aa6913e,false
6f7762538bffe3ce9d03508ecab230bfff3e3dcd,false
1cf43e08e3211e7ff21005dd778613e39b20a449,false
6d65595a3c0a02d098c36f7d337e053e07975316,false
5a1c5eb5c040506fcb99eb10558c12b6e9f6c027,false
fb82e3cba6646241a45882a15625eaf4601a9e45,false
b2b60450f7b9fae08bbd22f771f7b973aee6a135,false
8ddf80c3eaec171429b6ebd014e3a0af1f14e58f,false
44bc286c03ff3f8e783b4f79f75eb3a464940ca0,false
46b39e2698697408c6f8f8693e526cd1bb085684,true
58a08a1d7326b9ef744c0f41b9e8c5505dd3d924,false
c5ed6c5e77cdf05740e9beb97ab7841abdb8f703,false
21def4e05c0efd7286bf120fb748b5605cdd0d6b,false
47e4bd5059fbe1e7f39b56f52c821ba0b39ded1c,false
ded812b0cd7c9cc71346c43ebadaccd6140f4c5f,false
225ff3ea6c260e17a15a896d272eaba259777ba3,false
e679a85b80df354f8632f8ab3e40135f16f5e6d0,true
282d8621dd4bdc3ee74e0d67b180e03f5f23899f,false
860431f7e0a212fbdb5de61164f5b8a8d288de7d,false
303a1e6c411318a3e812ac65311c44aa332c00b2,false
0ae0f5957fde73c4824ae2d7080351f2c52bf260,false
1f40c77f1d9ad65911eb6716525de6aa302eda4c,false
7a5aa570c09cb573b440c089d73a5f1e9cfcf179,false
3c36d043e578e9e5d5653893103105d1e201ea03,false
a2e79eefc9e13c48e5c44f1eb0c1d69b55bbf79a,true
86009452fb764a76966d07c9b5bdc6077b301668,false
e609dddd604bd8c808145973d91dcb8bb56a9906,false
1b552d0b0163e1c1ae3d4895438a9ce2b2bc098e,false
df806c80359461fda0354460a46645d619e00942,false
ea93a52d7d94ba093bbce4680c622cc4fc9771d8,false
e21e003f62b57c35e1832c0bf14e9cd27f4e5bea,false
2bd7aed1a4e257b00df4282b96e7e96edc4567f6,false
218534a9f20c98600e7c41321edb4063a8e158ca,false
15a3e82823c894185771486510027a65295bcf94,false
b7501776a12c15e64b6cdac1e3b903a00df7d285,false
f8cdc78ce10f32a46390799e7ac16d231fb35803,false
48f2afbf900560af061d50c73e4d3f9422ce4dbe,true
7620cb70dbcbf71bca651e6f2eef3cbb05999272,false
7860c1de87400ab8e43a2b4dada7d8b8f0eb51ab,false
a2258dd05d60b0d4fb4fef1d63dfe0ce489fd240,false
4e8787b915dec0f6861292b2fccba640c632a46e,false
564bb27efa8638c40e1dcfdccda5832ba42e9929,false
372066983fb206d4871a4a98c8db8b3953ce4394,false
ea66c685537c437e38b2ff3627fb7733e37fa4cd,false
b831e8507c8849899ea3b30eb4b6af19de2bf06a,true
c8bf420483469ad9aa11f617188637445daf80ea,true
d086a512d7c07fc68e328b2c8b628937dbd309a2,false
6b0c8cdac1fb9bbec88de3a514907c19e372c72a,true
04c6a85518c600fc34705dee30dd17c188ef1aaa,false
c8ddb948f6af35998f99521627396c0ea7fa62c1,false
9486b6cf57bd6a8a261f67091aca8ca78eeec1e3,false
9fe21310bb3ccac70c4de8a7bc48d1dd69611ece,false
2e10fc24a13f16e6fb07edc61c8398f74ace2492,false
776bf09fdf1e617d86103bbfb40efbe2682c41a3,false
633449a36c959d25577799eb3da76005a803d5cd,true
a841cfabb58d3c1ac1d11b09353f458e759a63c2,false
0122a4f34f2d4f68fc64ca14532f2fbaed5c302f,false
f16524ea1de682db50ee18a91b5204a834995b2e,false
624ed4de72e144ceeb422c8bae1cafffd7edcc73,false
9d36623db1e9535eae7243a807079a54897efcc9,false
c5ca175004f1a153aff914eb14404973be05fb9b,false
edac7e3a560d93ac9f13bf162e677413b03a27e1,false
c627b5e77310e67bc6a7e789f8ec5ea368f1c88c,false
2952e6a323e085d1547461b89184e2239090fe1a,false
a65683a65cbbe176ef6e061812618a507a071106,false
79b3cecc3db0ca8efe2ba1eb43b7d7572811cdfc,false
9e00becf3a7a710ab06379f8d7aee1547a4dd332,false
9504de9dd00a7c94f37eb5225588cfb952a37d7f,false
7b0c82dfdc867641dd6e1b200f735bffd66e4c12,false
b1a00ebc4c6f15055ddf15ecb17243a089f52a60,true
6389c07530fe53f64e4c8de8dfdfceb4f088d197,true
990a95fbcaaeafdc4bedc793352deb999f2b6be4,false
1a1c7ea61860ad97a998b24532f0a89a5aee7914,false
93a7f08bbca37de2ef73cc21ebfcb6e446087616,false
0fb5c2f034fc2f4cfe920408bb97c9d07ef0995e,false
9e50ad55ae6c3938c2ffd0cad89942c12fca865c,false
660994efc761efdfd49ca442b73f6712dc77b6cf,false
08ad8aabfea88c1c3367c1c1ba6b97aa40faf18c,false
afe77feef351c2752bb9d4a93b65e11215633e06,false
a025ee3f25044145a38e650aaf097f32bc5b2e83,false
e103747c544494d67aad64ec2da668d2d69493c3,false
66f2ac669610accd76395a98b623a21b1f15a9c8,false
d03df1fff396052d55bedbfc10cbe41a98caad14,false
981a94df68b3e35c2541a8ba19c361e88299e3ee,false
de4b2807d3269e780b77e73e05dfa27121994f40,false
aab064fee164aa9f0ee35ba3065b031655888ce5,false
fdac8a5404e3e3a316568107a293f134707c75bb,false
751d85f3de3f726446bb12e4ddfae885a6645ba1,false
9a134da31bafc12d31f75474a4b354c80545b9b5,false
436c7afc83845ce18d2a8e1bda8f4f48917584a2,false
528db86f8555a8404bf2db72fa4275449a3cd6b4,false
17c46b2ddd8b5111369cdc68d5e0e46e9aa46ade,false
694eb84f414436fc88f2ef757aea8ed8360500f3,false
bc094dbe6a15eebec6d1704fb16c6c74d0250b0e,false
6f7d99ce4b7dc2bad52683e64fec7008dd0b580f,false
426a1e25b77e760b4f54bf94aee3e3617850569f,false
925674761e9893dae96d8c2ff226a4cf47a21ba8,false
1fd86547193a1ed39bb0cabb927fc1a719ce3009,false
d6496c8e290adfded887e72083817de2693cdbe2,false
e37e87140e29b4ae5bc4024bd0305541e0ed9457,false
7c5f17a55e8cd233db17f4944a482cc497a6e7c6,false
1be65b1b699b0512e3b38e3e05d42d083cfd12f1,true
e06dad62f6b49dff935f241114b3590774e2786a,true
48ee204dd5bdc47f397553fb45b5fe37003c07d1,false
761d7e165244709221888827cec764d8f3a3d21a,false
c15f74cea6ff2ab09881fea4118709ecda11972c,false
6f6e3289da182593fb296da072049ade729adeea,false
702d973b1f55326526d764e3668900383ad8f4ef,false
ef557b3ff2602b9956a2f3ac02c6e134c529fccc,false
b6a8ccd2cf65939401fe4ccb6b550d2b19423b06,false
6f79cb8a23467aa01f94f6ad53790f468ba77c76,true
ad13dbc826a23d3ce53e50944a15b1e2bc168abd,false
642ca6ea687d8631eac8dce9e060e41d2738ca48,false
3897a518014931a82c77a353e1e9c2248529b856,false
aa13521d42bfdb66bb0d89005cbe54a84eaa4fda,true
4843590c4a7f2225fd18bd10963139a6f29a2a59,false
7dc26a1f4188f6cb410fb1335cc933cc8f3c9943,false
8122973f8a04976bd7f9104eee5d8d36c0d02038,false
af34b8c9e7adbf0b060738fee12f04c1e46a98fd,false
b655a9db30d8e78d2fe1044d6301a432f214a16b,false
08a283af5efc999d4f1e29275317a5c0c05c6f7b,false
b707bf443afe856b77e09b7a41592f10d46e02df,true
0ef1e65f6ab0da680d171d49e1a56a2b0ecee05d,true
88863288225d5ee13a79c463f2a39391b6a52c61,false
190dd4df86874495f56bb088fbd0cb1d9f0e77a0,false
cb7cd1e79b280d3fd80978ca82ae52881525a476,false
faaa5594b2406260c3e4197fa6e80c3d19b6ab23,true
7abcf57f544e3bd29c4f22a10907f976f7e056ea,true
d80f41f57dbae28c784fde0fc829807cc2ab4a76,false
598afa0083add33a088c58183924a370be6635d5,false
c9a1f7ad6545c9cc27c41c385f1d4cd9c7cf1a98,true
0a300d007d3a5ef902e0b3c91f6189267fbed182,true
6578b493c8c8d5d9b4135cb964dbbc43318cfb12,true
ce7b884b73621b59ba184aa89b67d5c5780f50eb,false
4eb5e9455b2a8f15f3dc5065a47f8e43ac47e539,false
81c7ff7f8db09b5d609a09722785f70ec6f7af68,false
425a62686f094de236a5a9eb1d6885de4730efa5,true
e75d575361841404e0b1f89c19dc7de6b325cc67,true
2f5a2ab82ee17f5e14b8ecf0a4b3b07ceafeee98,false
41aaaf7fa07f28ef15fd1d343142e96440889a8b,false
7d264d7dc5b3e057319d43ef0897709f4c78f1ef,false
cd4ab005a92ff996e9104c92017fe1e6daeccd46,false
f5ed54b0318815e4500e72a56173c3b14a532a41,false
65b0eef303dfec6b7baa66ff34253e0285e1c3bf,false
b109b092a95036de875246f05cdc377a2c7faab8,false
5589915b383a6f53e92f3822c982cce3c4083456,false
d023d943715f193e78413280e10d101f39501748,false
c3d0880e72dfda76734bfddadf20cfee94b148c2,false
c419931f555c80b07b518944fc7004f6cb75b8e1,false
a8f4ee1b66cfede1e596aef089850fad073e1775,false
c6f297719e43380011e76ad6d070b7a27d4d1dce,false
188bd17ff1f3e1d9c9ddd015c8765280e95ffb83,false
45fc77d9266cd8101b2ab1e0487053db27b57ec2,false
9f4f559f5946306b190a0195baf2700851a9eb36,false
f70abe634a7a058ce35b11893002a97085515b6f,false
26555a85f188e5557897b08c8421706084843088,false
0d4e71bfe127707ce8a3ede976a637db1cee74b0,false
f59574f61198f139616868393db8785bcf9e0fdf,false
50bf3bba7354275bbfe3f8a4fc9ce1fec3b71404,false
e3c014f9aa566c83efd482ce1cd0e5e25cdb6cf2,true
19d7a0ef78f1f8a05f7be5f0e8d2192fd1d5e5e8,false
56414782ca6c109f4c7c9d26418bf444468316db,false
b9729a08796eebc57ed658c9c05ea8b6374fc2c2,false
5c0b9a6af334dcbb2814f4e004be2b2c8a389363,false
5334e28f6e107e1b021bc9655e9a308c80826593,false
a03719b01076a5bfdc2c8f4024eda7b874614bc1,false
411dbb37e2e37943b6282365049c2a8cee4ac9e6,false
eede1a3685e21deaeb6686e9de9b76a73b6a510c,true
4dd14ed039aaab5edb50758edeaf0aacab3d1e5b,false
2b8b47817a981b97a233420b5214f6ff9e771c35,false
5050a18a0057df4cda6f6b00483d12d29cb59239,true
69f71b4d94006678a2463f76a4504208d195c367,false
dba2be9311d2abfd1b973c6bb578f416ee771fda,true
2ec11930951d91dfa9cf02ad80a7da33b9b919b6,false
cb4f7425435c39a85c3ed17e395677597d9aaf31,true
c395b13f9e9a691c6b23c68d5687ff052b7ada7e,false
2b0b77cc1acb7381e990b17c881cb426c9ac75f5,false
3fd24c1f6fa2b3a5b68fb87b0fc3453a352340e5,false
ff6290d4c75d4d295a0ba28f2f0c417f7374eb0c,false
ef7d01f0a03be512b22d2a28b5a4229fdc87ea9a,false
918fc07dd95224f990c2f01ea301e8e581fefc7f,false
ef6c2b9e4aee74098a1208b42ce432d7c82fc0d3,false
a0bb10b8d299c446559b6f95dd599230edc457ac,false
7b28a9057d6925ae408ef73a9f28e9906d9300b3,false
50374e3cfe815acd24fd390c861561a0dd17bfbb,false
f976d5bb88216e921a96998f767df31d7039e4ef,false
1e5dd430223369d13ea94ffffe22bca53a98e730,false
a74e266474f0981e9fc0d54d5dc430386823e4d7,false
8ddbad9ccdc176b9d57a4aff0076c1c58c455318,false
eb5dd9f5ef255c578cbbe13c1cb4dd11389d5519,false
a0aa8de6bc0d6da74707cb4d0c89bfc99e20c98f,false
fdab801fbbd9de5adbdb3320ca4a1cb116c892f5,false
eb36135cfe6a17350617e47b70b9ad383206eded,false
9158d3b0b8c282e6d8580b76fb5098002d4ec0d4,false
2482cd4f53985436936b13533c1bcd0b09930768,false
8c6f1d96ded2a22429b1ee7da6c3870cb140b587,false
92acd05d9bd33419ab885e4472b28a1d5cc15d2e,false
9252be9c9ebe46dd6415b24999a869ed87eace57,false
127df57a06ec7b1a8b698206b1bdefc93248de5a,true
bd56d19b167822a9a23e2e9e2a07ccccc36baa8d,false
11195f10838d84df0c5ab7158a99bbb94e34fc5a,false
587a49c1bfbe54deb8b0f3324f43c626e537c471,false
410a324ec43ca2793a0413d3cd32ca45311e3ff5,false
b5c1a4f1f0507d41eff84e1083e61ed85a037e47,false
2381044d04cdb058a526c0e27163b4d891d851ed,false
e322f32e94ac97981cfc441cb1ae187580b41d37,false
542cf30e48881e9e206ec03c507335e5806d127d,false
a25d234cdddf584528dd6af21db736b6faad27af,false
5512a6688193758a24ef0b6825217030da9fed21,false
fac630379d31baaa1667894c2b5613304285a4bb,false
c45c81938a1715eb4bdf9eaf6ac9d75becb8c191,false
39f93632964ecabfcb9c1980e2add922098aad80,false
00e2aac9371d94011279a6340ec3e7ecc86f097e,false
69e2300608497bba103fd05735c878c0d642dd68,false
ca8e6217fe450435e024bcff3082d2a37445f7e1,false
8cb950671f39c64707b6aaebfc60d7a8f1157da5,false
a406c297aafa28074d11ec6fd27c246c70418cb4,false
e044b00047da9bf94e7eb88049a17fe1dcf78f4e,false
a52a7db6c9760adba6ceefa038b6ab69c207d7f9,false
1232d698600e11dcb83bb5dc349ca785eae02d2f,false
31aad113ff59337436e0308d467da31872f58f0a,false
d506af1b1f27877f2101a20c6826e99f30427348,false
1888df34405d46ac0e7524d0de9408e37449feaa,false
ab76703532939d0bbb6257abb9284eb229ed01d4,false
60ac0c509202b99ca9a5e3ea04addd93194ca5d0,false
a4f63e0390e4f9aba543514d16479ce6f40e46be,false
61f62e6005f72c44a90026e2589b6bc5234f2f24,false
83e96806492bd90c1f866617ec56b07f2a6691c0,false
88bcf78439b66b5fcba9f4d3a1c56307f98dbf1d,false
3ecebcdf8de02818cd409afd6edd39a09248b3ef,false
c6e3fc8072cc33b5f2c67ddbb723e71f67c5e9a7,false
21d32ee0672c69573303ac78ff308109b06c9c91,false
9e2e1de2fcf185ee9ebe9a546f830792403c9160,false
5d31ce1031e8ca24dc908c319567a76110edd87e,false
696d7c620d97e78ea9ed8870380b5b302d9f9a01,false
81be290ec8889c157c84bc7ce857f883396c5daf,false
72cae9ce2b6a5a296b7328df8dd73240e14718e6,false
3351a8677e5bd1e1b8cfe2860b73b3422cde4f31,false
5e40aa22afb7d3809f9d9559edd9d152b7f7d025,false
48766754b8e8a16bfb075229eaaf88643c958c4e,false
fb89745408cc02515815c792355c7e883b2d08a4,false
3ba37d2afe6511c3f3153248f7342174bea5b131,false
b06df0a792ceb5506da47e0c8fea09902c1058f9,false
c7f2ab8e7a512bd643bc640ce015bbe48e74e16e,false
7a2d5fb6df1f2c066b94dd88686137353ada9cc6,false
96c97dec095f204b8a557c5ea804afdd329e3c43,false
aab1d9935e17e40104a28c89d4c669f7ab3cc579,false
6e23239567efde1c2e272db87c53444d6c22a1bb,false
bab5a65e6eaee20ac1706fc9439ee538f59e652f,false
45174bf9a1e96e51ce589c7aa2c151249d1fdf11,false
db3187fd7ab324d9175d8a1dd8c3919cec58d3b9,false
46433e9807a1c960d6b2bb0e125cf16a90167d97,false
762382e436062183b1e1fa6f3bda594090a452e7,false
9934528c8f7e3aa6f4a1c800cba439e5425a5093,false
ebc0d30dd1cf21b13569d65e4337d4706e3fd17e,false
2f3c87dcb8492f082a2f3ece444773d9db30171b,false
9398630a8f002b2d1729246846b167eaf1090b92,false
dcd1a1e0b67cefc5e41d363dad5f57ef9668e965,false
2ea77c278282f04a8a18c3ced88ef1e048f8ed4a,false
b0a144d0c0acacab9d6cc7ced256d0e841ec8009,false
9139af1c62a171555213c07fe41a2b8a7c2b26fc,false
a9878c018bdecc377788204a3bc93497ec1f050a,false
97298e06fe19298c3ff9d2e0ed9ba70bb3fda2c8,false
9c50b8fc1ca160803f7368fc44f12591da856fd4,false
4f03a769d44f6740490dd4ddf70e094c12a6090c,false
aa801c431ad1f979bce3ea1afbd88e7796ebfd7e,false
fe4003b3c998fde4c9ad8b2340f773f50079ede1,false
ed42e9292811a95f2a68e06a9ae50cb5872216a3,true
99fa3c36abc03cd5b3407df34dce74e879ea377a,false
ab1fbef29a073fe5950ea2357f6a3a0d280eb506,false
ae547270e935b08d4deada9e28b049ff53debefe,false
c9e000b9cea2e117218d460874d86301fbb43c43,false
cec5f74110a7369992be1651c24b695d9fe55ab3,false
7f2a0f4806e40fb5c139b5b20ca443948ce1f4dd,true
ab36542260c61f178b6e8f61312b706ac4c5f73e,false
abcb6c96777794da1142b0117f8c57f95cba65b7,false
f6be300c4284527f76f910fe0d6f07d72a10a52b,false
64ab59817dedd7959b4b38d47403c86415f4a322,false
0b2f809f9b56861dae3ae5154d73b4afaf632a0a,false
0a01248b5cee9d47363207687660708d5ba3ee4b,false
b46bfcfa63e3c7b32b66dd4870f1c8c17fe1cb46,false
12d3f4fdf0b91a1b367dcda0421dfcd0774b6dd2,false
84c722044ad03f7f5384f5314c8350b3a13d8dfa,false
5544d09477af3221d988ec18b086930c2d9e67cd,false
3635583ce27f70a3d9efd1e2212d5efc1d256333,false
2589328485f51ad17afda682dd84a83da4e4e38e,false
57a95e82b7194f1809ac9f626140ab1e497e121f,false
6916697a982df775a66a1ac9971985e5fa213f2b,false
96d39c87a803e3a92152787a12d09bbc149556ec,false
9e686d93b69f0e73f801cc11a57839f4dfe2ca1a,false
c2810ffdd2f2becbc37d35f63b69034b8b9ed5b8,false
c99f07d3e4b463174d1b25cc813e2df76c182773,false
ca2bfbb0ac66fbbeeedbf6bbe317bee45cb23d29,false
ab6a8b0330845c80d661a748314691302ea7d8f7,false
1626aff602e3316642e69927333041370095c321,false
f8cb0b0dd5ea30729db6b131aeeb30915ea4860b,false
60b845ebabeb77e401186f4b83de21d3f9c6a9d7,false
559a8458c4187b3cc12b1ea5a92a393c7fbdc765,true
50df54e4c7fb06df51a89d8f363e2997d2310449,false
e9d0000fc152108948144def06b2ac84524bffcc,false
e4c4fd57710097c7405f7b185b9048c1c8c72d3e,false
d7482cd765351e7495bfce45f9fb55732e91ab3a,false
d597db67ded68d4aedf42b9d1d4570573fb79cd6,false
82c2e0366ce6b74a3786a64631ce58b85b3a7d4e,false
9dfcb90c92e13f2d92cb723cb834b5e0d666a2f5,false
cafe68e1edb8902f2dab977af9d848928ce1ecc6,false
9b44bf2818d8e3cde422ad7f43fb33dfc6737289,false
2f1d1d625697b9eca82dc8b2f46fff24dace63b1,false
c757882808a7e4e29636e433463435a7eed5b952,false
e0dad454810dd081947d3ca2ff376c5096185698,false
6751f68560bfa7c51133d2712830645ed551ace8,false
94233fc8c07fdd11cf6b3309de8bb12368aa802a,false
89463cb77c7f3830c308cdfcc250255fd7377d01,false
cbebdae698272eeea2739988ccce54b1f14a1a67,false
979e0adbacfb3c5cc1ac678b4ef5373dadde83d3,false
91044c4d769efa7f20455e1b70457a7da95c26d8,false
5775d1e9b1a031c7bc3bf1463acb3289594ab3e4,false
58ecacd271c2a07018cb6f65da164d4bed1e14ea,false
4696156278c5d3f05fb09d1a605b6866b49ffbcb,false
03b410066b96f63ba2a215750f881d5bebb78a29,false
c356c6da5f25ba70bd53448ff1d1bf6ad6967fd5,false
69f9845ef2da3051d74d4dade3e88ccf5b2ee3de,false
67310ab49613be97a121053dfbbced14657b96eb,false
58f3536a8f5dfc18e559c518ae38cba52bec90a9,true
7096b2c4b13660998ad9a7bc845c3e6c5779afaa,false
a7859c6947ffc3e74007c23646cf74518230f0fb,true
134aebe60115716b962a95a0dd31bf72c5417941,false
187d7179f605d28c3d24e9f4d65d3295fb099afe,false
48fe96588c5318be34c843233ada92c7787e720d,false
4f01c68a4bcabf7dde010b7c602f2811aa89a852,false
76a6b4f2b56bebf1262377ba5b39b7951155b54d,false
4bf7415a9692b0c1a69cd50a17c1cbda4a75931b,false
900e11850a201717599fb12fb7cd76c37078206d,false
add53e190cf90b01b37914f810a370a0cd681800,false
2869ddf50ce8dbf590a5a6992ffc7bbd096884a3,false
363be75e8401350d4f1b131723991d382fce83c6,false
02a08512527f997e43d1c01d03d4d473cab3b239,false
095651be9eec58ddb0c2eb6158318b1c703c67c5,true
292c7e5c5db14824a23bbd6fdfe69f62015aee20,false
5d8e35653fca0d7ee01519d556c7851089de82ea,false
633f421031c9c18b56177b0d42adcb505b4627b1,false
7d53a129cf1b28f1a88491ae50877473b68bdb54,false
3e5ca2902e1de0ceb8dc83d087274db61070b17d,false
4c08e3a2ba3d42fbee63577bceedfe325f51b81d,false
ef95998d79eed3b8350d8db825e3d98f25c179f2,false
30427a209043bfb9730904e0c34b0dbc40bd21f4,false
98ca00d54532bfdf858fe663f8fb3cc260c2048b,false
6f9ef112865eae12684aa74924ee08504044a62d,false
bfdd37110c67ebeb42061fb43cf684b05291241f,false
cfd5783a984c81828e79641b5d761a56633fa0e8,false
ac1bb97679f2b778bd89580fac2f461ff77c716a,false
f3bb9b25665d5d141d899979116ad62d771815cc,false
b17bb9ed563ab2857c0db9a07ec4e6407404c7be,false
01dec1889127a3fc09eaa0dac905559740842992,false
cb4ee201179f7c414fbcd02145a1147f2793fa46,false
9a1b25fce4ddd553d7cba01bab3df5841a24aeff,false
714ccefeca33db9e87e8ef4abd0008af05c32a4d,false
723a3a6ffdb2c84eb7883d0852ec7d41fed751c0,false
0d87b22314d7d0f1a0aa6c3be340095412f6637e,false
52c54b2ce1e392c5d5cd9339a4a069e91edd1d01,false
85f79e1a2360c3589b228410c39e208b8514b5b9,false
21aaf0ef9a21bfb8f27fdc74072a09803d9ab6fd,false
4984753dbf5a247f46e2903011c981d0709973ff,false
a6a7a57380cd8f7410753c3b819ba6d09198d8c9,true
45b2c99c1f6a884376d54bbb25223edad65596c5,true
795d3e25aae40031ec9021f08aba54fe7a5b5e5a,true
a0458efef6c8a5669bb6e78044a290bf560f962b,false
e3df23374cdb9342a823556170c53c9d987d0d33,false
e3eaafb56e3914676755fce6f67256599fb3fc64,false
87584e89fe65dfb76654ba65360d0b3ce32d44e2,false
6ab3cb8d0cb1fa28dd2e0118c07e481720bd684a,false
c779ac4f5f9046ce614c7ea30dee4838541b84b5,false
de16718b39e3544688130339a0813997e3790c48,false
e9af7c23ae19fcc50781b7711f4672c113636892,false
43d2fff317aec64a000604a764b8ab2dc751c753,false
a1c478bc93d3dc018a6e7a1ba3cf5409553c9df3,false
36af821edf741562cdcb6c60d63f23fa9a1d8776,false
00b07c863ec147256b68f71c3fe9b6b2f9dbe6bc,false
22b6296830113827810d4e89c634f8153020f097,false
5b2e9e946bd1e024795d54b9daa489ead6b7a995,false
062a096f4056c78956a6d12d2a04f2cef5180af6,false
77cdefcceeb90e261977493318bc8e71c5b15c33,false
b0b27785ae2a94bb41a9750ae9a0aaea8ae2dc35,false
746455d1038fd5479f396cbf2d19b48edfeb8290,false
1d07857b1ddd2c0aef6d09436b307eb7abfdbd39,false
d94634b1beaf81afea662692874fdaa4c8a6bd89,false
2d3f72574dcb9026c3fed6b68568351a4b18a69a,false
86bf3f205feaa86e149674cd0f23a14f3e5c2e22,false
e0c157f7ee99bde3376e456a914bb07260eb6017,false
4bc0e4943dfa637361aec2bb18dc9e1fabeaad12,false
56a95f6ff6b14d26a8aad124bf08484e2b4be21f,false
212b72a1feeae69739fb50fc5ab11d1c025350bc,false
00bdc2b448a10c690b159d778391fe23852cfc08,false
bd26928fdb2476fca62f0e621e8f2870250ac2bc,false
ce6ad90ecf79daf759e177e0403f27c469c7f6a8,false
73b9bacbf7e7440e5a8a65e61fecfe3d0ce75579,false
e7b2ce9a50c4a3a1ff5d032f201ed43d8cd39f17,false
00be8d24ac3a2a68f35011001e3b0b0550501afd,false
8811ae037a70621fdca8b109d155ff4aed0eb662,false
7c01fbcd06c5d86c20bdc893a8caaba7ccb888f9,false
c34c84b69085e6bce67d0701b8f8ba3145f42ff2,false
2c7877123880d44f5d964c7370ed5dd4dbc45ad2,true
9c3deeee963e62dfb60c9343fad4ec2ec752fdba,true
0d8c8ba71bc6362e6ea9af08146dc97e1a0a8abc,false
c7da6d74a89753405203e2ee7d19dda74b38b493,false
75e92090ee43642ad0608edc8bc5d4dc5e84dec8,false
3dc6db9d0cfddcfb971c382b014bb56ac3761d3c,false
5dfd2126a6d5210096ec6ba1ead471b79dc8bd17,false
e7c82f9c47083b513b1f1b4cbc383c82c3084669,false
79032ca5f1c4747e5aeaa193bdeb2e4eae410ea6,false
cc66213e579d6b35d9951c21b685d0078f373c44,false
2a54cfa5cecf4dd9f17525bf3ebae4d33a155776,false
d7b6c1f6703df405c69da45e7e0ba3d1aed512ce,true
9daddd12719a098ff33556fcc34c0b7cf33120ca,false
35c6595202c7b46a7d2a082e44250e3bfbe1aa41,false
9f99425aaf3433c892d0aeb941427f0766b02e2d,false
d178653b5f7a5ee2ba15e215ce60caeeb9ed82e1,false
618fdc86000d161d29bd8de70f998780474cfa28,false
066a35dd322f689ec07d7c0e82b19eacadac3c6b,false
d951a763fb90ff3edb5aede5198198ee5d30d44e,false
9a294a640141ea8ab108e5c0964d75d91a636c0a,true
29697fffb4cf4d2f2eafae8ca6c049d530cde1a1,false
b5ec83b6970fe94450310d8fecd811a22d6287a7,false
1a68768e6b0aa19bd670ca050ad81adff55ba479,false
3e932aa103661e78a0946e15f35b9f4da3908d39,false
3d4acf0ca07b8c513bac1f43c25b870ff6c071c9,false
95b666871c7a89f2793952ea06d1c45e0ae5a38a,false
dcdcac2f3a48d992a94dcc4598dccbd612dae099,false
43ef559de3ecb1915aabe8156f357d7ac4cd22b3,false
d36a379a0fa1f83e539da6f305c7fbaa9122e886,false
677a0468481a0f620bdb217e8f1a24ebe94681e5,false
6fcf6d00bd36f7c3c51115199615dc93c4a3007a,false
09112cfc477a270f4b2990e1daf39db1dbe30e98,false
43bc7330cece1dbe75e7d6c326a0dea8d5652699,false
8e3128b9893ba4ec8d120e1c2f479f61bd10a476,false
1373f70dc648f9f16032ea1e9b13f3fb59a8f612,false
55cdb420a02e6d58386f37c748794e05aec0f2d2,false
d8fe178aa635c8cc584fae86435824bd97595100,false
d9e56c7f4b04b050b28cf90778f44dcb2e0287f4,false
631b6dd54619f5e71134297e3daa9bdbd1bc123b,false
7464e17c5e61a480b65ecff611cd7bb16f80266b,false
229dcbb5ce3fd935974d923be84ad1bf9efb61e8,false
910179f9b0999685f5594284f0dc1577392034bd,false
4d69165ab6e17fa754139d348cdfd9edacbcb999,false
eeebb5adc7bc30c79975dece8119b82ddc063130,false
74e5263c88e51bb442879ab863a5d03292fc0a33,false
bb1f83c26586f1aa254d67a67e6b692034b4cb4a,false
fa1ee7066807c21256e90089731c548b313394d2,false
cabda5935322d75e7aedb3ee6d59fb7ab62bd674,true
836866dc19218832cf02f8b04911060ac92bfc0b,true
a7487701999fee55bb76a393e72c96ac8e277fcf,false
2a9d16d01189249749324141f0c294b31bf7ba6b,false
4a0f658897dfcb86fad09d0411e74f0658ae72f1,false
8bfc0581e7b81240b3d672da73e9a0a2e848c3b3,false
3812a52e96d8dd0630eb3263485bce6da5cda07c,false
9da947a279d5ed5958609e0b6ec690160c496480,false
6d6d986fc502c2c24fe3db0ec0dbb062d053e068,false
8f13f5b6d672f1ba434f9c8ebe2c1b1dd385962e,false
99b34f7148b77d4b1311593590629c2bc8e8e772,false
261e4a6cf287180b69c4db407791e43ce90e50ad,false
78b42b9ac288c20c107a3b6779c322acb45be3d4,false
3a35977d5fbcc424688d32154d250bc0bae918d6,false
0b4b61146ffca0f7dfc25f1b245df89442293335,false
39fc0c6badd3e9d2537c7baa765d9cc80a8a8d47,false
ef85270d9ada6d9b25beabb4602047fc91eef2f9,false
d93760d8bd6e367faefe9ad550f753e32ef9a12d,false
94a23a3e24b6736ca3b54773de0ce384270c457a,false
74c256872b5f0be65e9f71b91a73ac4b02647298,false
f8228910657f964f15f771e297be37e5a4c0a7b3,false
88069bd417f5fd0e271a83768391a280267d2994,false
9abe28130d4f0aff48b4f9931ebc15bd7617f19f,false
f45bc5995cb33cb47afcd5f2683924e84ef01516,false
3502cc951bc8b16ffb7fc90d8cecf059b214a167,false
c1d01f69994e87489d04c3218a417f517ab6c88e,false
a15da89dbb4be39be09ed7e5b57a22acfb117e6d,false
dd2423ebdec3b58db0dea58897d321c7c629c1b3,false
4ddb3f73baa5b60ed83d6bb48d0d447a0d8ab492,false
dca8cf013b2c0086539697ae6e4515a1c819092c,false
428d9430bc69031150a8d50ac8af17cc8082ea4e,false
761e02ef67f9c689d899325dbafb7afdf6e495c6,false
3f195248dcd59f8eb08e282b7980dc04b97d7391,false
d5527264f0506504fd2fd400192c8f696ce6d979,false
ab93222bd6d4ea26e3aa832a0409489530f3f5e0,false
129568f7f4197bdcec9b8eb96f1f4d55f9519c83,false
ba2b3094d1a8177059ea68853a48fcd5e90920fe,false
f425c117e2a0309da7faa149090936733a65c57c,false
a6cd8f212e762b8f70e00f3341b27799c0fb657a,false
b945f988f94fd6f84fef31bd0bb668d71780f78b,false
a18ae3d75271ead93d779f4c950ad5750684c0a0,false
aa040c085c8c560616069f06c34cf796c10b05f1,false
41d4f62909bb426c84e9d057151f7d734695320a,false
24df8fc89d5659d041b91b30a2ada9de49ec2264,false
6a392afbb6404236897ce7c0d02ac78b199e31bb,false
ed5b240417414cbd0322efa95c91f759928ba154,false
c4c7f504be222c3aca9062656498ec3c72e2b2ad,false
604de4b1dc0729233704a08c32612c6f1221cccb,false
b10b6d4af1127fdfb0a74221af0c020ced71fece,false
6650764e9719402de2aaa6f321bdec587699c6b2,false
1ee22e1736ffd12c2222cd6215ed04ec1592adaa,false
9c02f07f9bb4c88207c2a6860742c452c35d2948,false
704b68948f7bb94a3a4fa15e99243d4ed82081c5,false
2a33c1785412075c09f9f55b3e25f2bc995ca461,false
fc03d0dfab64945169e1114cdc1fb39519a1e0c1,true
c690f529f28a8fd7ecdac90939944475613760a5,false
4256fc63044fa0d9c2135443461689b1adaf386d,false
4c288bc97ea371817199908d0d9b12de9dae327e,false
2ad4d8d717dfe1e15b8205a825a5d3a8cb106acc,false
736b5f9ff8564dee7e953987c7ef10c58146afa1,false
5cdfeae2e82541577e17f5179d91775550e34ebd,false
3cdcc729a73766bdb071b8b43a1d60971994db07,false
b8eb83940cc46e1499f8e4194f688f193232eedb,false
bc3ec352f0b41ff1123de3f2816c657012d7071f,false
2f67e0fe4aca8a8d6998b3022150f1e6d6738214,false
b8b410014d85f9861acc87c5f21c9a55a42d09c9,true
0bc6be604d465406c5909b13162e7097ab0ea2f8,false
a5f30b157df2c62415a2d22758a1e4141ecdc9ed,false
31022056aee5ab24cf485e31a0b48bbd52d96a04,false
c83f661427a43cef50e202bcc61ced709248791e,false
1432cddb139fc3cb64b990b8672d245d805e97d0,false
e7f8ae016696a6224d1db5c121bcf0282d528da8,false
c4b39ba2f3fede0555f18fc03b0f2499bb0d424b,false
cac56a2b537d9ea4f4766d686f6a2f7639ad737a,false
7ee9ceb71e868944a46e1ff00b506772a53a4f1d,false
7ed89d3f9d2207c9a607f5dcdce106c0278e1332,true
c67bfe551d016b15d0a2df89c985d8030387bf1e,false
b626a9387900a9f717eb42765275adc0bf0875e3,false
15f2ca2c24c63533219312600942248d3513a670,false
29676a273a5b9dc99268850c4fa534f78884cdd3,false
6a6c83789f88715329a79d9cb887e25f8e472e94,false
4909e8ff86508c87ba9a77a4adc602e9288c5141,false
e8178f7bfa14ebb02418aa27c6437df19b81b911,false
c2688e4f06074a9c6785d26679270718cdef5b03,false
a361ef6368a27a8fccad2da227089fc1d05f5678,false
d2a6f5c572f5275bb8c91286cfd24c2c504cc243,false
c4f754cda37af2af272497000517288a5207e433,false
daf6966c89b280725439d2951beb88640c473154,false
8239765a4410d13d489e299a99e4a4c6951e190b,false
a30b6e723c4b58356176cc3f6cf63ce7320250e2,false
e39d78a0ad544ac0b518ed85fc40c7a92833dee4,false
67c4c7bac2fcd582ebb3474284a7c8a1e737c878,false
04c21387dbc454fb59cae9c9bb21a13358cb5a34,false
694183ce22a0f63f5e5020dd799c2bd4dd5272a1,false
fa0ceb62f26579c3c7d9e18926af3e6f3e6e425c,false
c24f8c8199f8ceda7a7cfb5e91773eba595f5b67,true
c9a5660cfd0be150b598325697f6f19019af0ef8,true
87698a2d5d67bfd828e268f01884bcbbe33d2076,false
e1e4e82096efbf25aa3c65b706aec60f1b00dec7,false
9cb1a7a52d7927071e2b737d52f902f006969e82,false
a05c0c6b7232aac38899234a6c4f071f9005a502,false
59f81950fe4fb059ad58b8b8c171831ae5214460,false
f7d9956c0f0e9a80b1d345adac191f6ebd0ffee4,false
49498a323b8f5d5399a18dedacdc28d88cc78b83,false
182ce3dd15dfa3537391c3efaf9c3ff407d134d4,false
84c007d34f7f0b8737310fe4d67be12c463e0130,false
6931b252935188744415b301ab2e3d3bd5ee5498,false
9a4d370ea221b13d7fff5e2120007986c08f85fb,false
5bba529dfc9021a3df8fba96658a05f605e20afe,false
a1d0eda7891917fdea272ac06a85cc2903824d17,false
7e6e68aed91c4c36142f6f1d32c0d74ac75e65be,false
a67195e0598f7fa4481e366527600cf0b46ae78e,false
db7d2d2d685c004ea8da6cbcc7c56ecc36276632,false
cfa863c357c4a40cfc11fe1b9a4f36d8e75cf52f,false
44ffe6c6d6c90a414de32db1b03d5978f8770271,false
a4ea5df5d565128118b6ceaaf372233eef23e238,false
f139024b1ca637cc6df694f49817bdb8ec294561,false
9659b11a45281662c6aa1194dc95b46b1f566ba6,false
2e8fe7b2f2b541a60c90c625446647b22c5cacc2,false
b4345cb4eb692c58d00579543228946ee5ad7510,false
83d777bebfb3031de51d458b47d06e8e612f3a3d,false
2b2a7641430bc7d40dba3c8d701636fc9b16530c,false
d48deba27331f11e19599af2a5b6e64476fd90da,false
0c5f18ab9168f9b7a8f3a6fa6509c8b20ac8720d,false
427e5dc4f3d82b67a75f4be21360818fd4fbf05e,false
74e03298200e33951ca350a35aa3a8c0b4ff8177,false
2d460685b1b3d66c713739ee91183c22fb2e5dc8,false
64bc45874daf4b9828830ea0037a19beb8364ee3,false
cd1b68cf6ebb214bfc8cf9bc233c593f15580172,false
ddc7accaa2e83b328f969c120af2ce0804876b4a,false
73739a29f4c16cf539b57e711a4ea2a686cd707a,false
79ebf6c39cba01b240a926b899b7d0828e63fc4b,false
eb33b8c8096322becac743fb6eb466aebf7af6b9,false
8728c3e4cd4e929a4327d917acd4b96c75f963d0,false
5f4072423ec6ee0c71d5995bec41e59d044e7737,false
0ec9192cf25f5187d6521f2539489fa8d55336bb,true
345f18442ceb29f9e365af99fc85bdc5986323d2,false
0867dce42c1a193bfe7fb5f92f0ccaa622643f48,false
721abdc3810057269503a72d2db80fb826f3c85c,false
f07fb2b607c1eaa724ca9bfe43e2dc20d97d34de,false
8646edca6f47e2cd57464081b3911218d4734f8d,true
8705dd39c4fa563ea0fe0bf84c85da8fcc98b88d,true
0bc7356ce1ae11e633426902aba76d525f4523da,false
9532cba45d2339e90ebf04f178b1e4f2064e7328,false
70f906c51ce49c485f1d355703e9cc3386b1cc2b,false
37badc3ce8b0665e3454547839196a676729309f,false
e1aedecdc689cc9a79131851dbdabf6c3bc49c9e,false
adedb2a64ea7703369bc89021710b439ee79f8dc,false
f3b8f570545200c87465d18386f3fc9f2258307a,false
c990bba94ab9bc81adf2d33e83c9a9628a2098f2,false
4cf8b78c6c674048a393acf0280f08761a5cb2a5,false
0afeb1d11cad9aa42ef25cc20b10dcd67c8cf3c9,false
b7b753b96c36f0704c7c2729f6564aa6c34797a6,false
ec8ca69195174a6526a6006d804841c0124eeccf,false
1e160c199bc5e76133e77f7cf0a16d21ae956078,false
dcd25d8f07be14508c7f8182d9f9cc4365eb96fe,false
723091b903c0a355bbb67778b3236317e5aff3f7,false
7b31099252cca1d7a5fab121cb646f78538ad7bb,false
726d3f4fa9e8a2960541debc2d2713571da54441,false
3fbfbad79fe294918459b70eb409d555b20de2c8,false
a6367dac747c1e149c60767eee7e8aa9c281c58e,false
ca12e8ebb7753d4a982584c2909ad9c7e5c2b029,false
afd63b16170b7c047f5758eb910c416511e9c965,true
47af817c8fe01045c641b97f8fb784c7ad864eee,false
bda08b11c692a5c94124b11749c1af6fa5c0e003,false
97c830190ff839b89b85c93781f3603f95365384,false
e374853c75e49c950195a57de8e19308db5bf902,false
1d7281fe0770a97229a2a75189a712cff866b448,false
0a00e1b6085f62fb776a95ef676ea661bff565f6,false
859d63902e5c9549fda4c167e9787a42c0136413,false
57e926c7916ef5fd7d4abac965273ea185e497d2,false
4911012cf426af25668e5d9beb756a732ca1a4f4,false
d0bf462866289ad8bfe29b6e4e1e0f531003ab34,false
2abb7513dc52e9d9f2c73dde91f3b89d8f9492e4,false
b80baaf35985a9a48f2db903a21b6ee7e7cc7340,false
55332be325a9f1a5882a309951f1f7db510036dd,false
0f477df86a8c953cb5e4df0bd90266345140b114,false
ae07dead24d5aa81b4ee9e3f0550eabb173f5455,false
e7264776bd1373e6283407a75f287b309eeebbae,false
38f02e04f4765a2820a2ed4f63ac757598cb02e4,false
31fd9c87912a7020a00d83d2135559433173708c,false
40f31c307848e560336fc8b336fbc2fdc1a478ee,false
fc74a114b3afe87284467f2ccdbeb7a4a8badbc4,false
18e703bc9341b8066e2b277af5d37b13f5bd3aef,false
c49757a4592f2fbd7ecfa4daccbfe8a4ec14c1e6,false
fb20cbbf1efbf7dd384171b9cd2587c234f15ddf,false
a3e4013f893831adb8c9f2947c29dfeeb47d2145,false
32d2f47ed1bf3f27fd46e1a54dd136688de9ab81,false
7dbb2f7e05d2c0963e90016b1f7a3a45e98a865a,false
c9b6110dec52ff483b42b1428221f903bf143788,false
d614d6bf8c7b6db6f817648836f9044b13dc42b4,false
2be71d323d87ec5e9f269666f8d08ec5af77eeb8,false
84e11a1e827c0f55f9b9ee15952eddcf8a6492e0,false
ed8ddb6a3a14ae332823b0a266b02a5ef024cbb3,false
367e1df785a71e9004d9a87a221652bfc5a964ac,false
9930b0fe8e739ceb312f9554f9d41b73c2aaa733,false
935ee742b49cfcda876eaf366d53bf150bcafd44,false
c8cf4694c60f0d81809468a1b45ec730496cc546,false
4d6ae8273a54e3407ab5046fc0856a9d40097e74,false
bda295d37fa3809c95a93d01dd605d0222109889,false
4be9f521425b7ad659b182c319dc3afb8fe64f53,false
8e33b7b3e254f2a93101bcce21f85ff203831a4c,false
4bcd4be6b7d69521115ef695a379361732bcaea6,false
a64588f87a2bd7ba557814ec039e3b2af2ce842d,false
0ec7f713d679ceed2c605e62ac5d38d579f29fa0,false
a7ae372f2f58343a7eb56209f29eb9879e171b58,false
ec2b2394dccb02dac919b024608e9980f16459f6,false
aca7d5637d0c1c95b961e3396039869c6e981e23,false
cc55d7b3cfb816575beef1011693f5cae6c2d3b5,false
8933d7544395aeaa91c66d9f26d10b4fe2e92d7b,false
7bfbcfab8725a5e469acf2b84f6061d6afb2f649,false
d67c47b81f4cbfda79f108a8ee4a183855127efb,false
b1bdd9756478f178680fa119514a58b4b48efc38,false
f38f3a745ab2f90084f495403ed28d4fc27e4b50,false
46b328854a1ec1e892da02f523b2ed0745fe69e2,false
6b9acd565cded9c805760037b69754c11749c830,false
3c85ec953f15fe3be339a136181fa1483320f65a,false
f39c71609e9372bec8beb01c5aea3957ec2d1a9b,false
15a0d4afd481a7f8f7dcf3b45da7175ed14226c5,false
aea13d5a100b03758fecb88a34daeab4f8aa8426,false
09789f2a34633be446f7fa04955e55a373b36302,false
11da927fd993c941618a67b443cc0649402f4de0,false
47a89da558e240148ced28ddcc4e709a4be4955a,false
f62580b947e3be4d8b5ef5fa486d1472884aacd5,false
1fb188636e6a21e9c1fefdf4dd8c671dd3f332d6,false
1ce4d95de92fdd9423c295bf9b63117817fab3bf,false
326484a8d107c3af490d7d294c17832afabae785,false
0da5788efbda92b6b6239352c2b9a835efe0888f,false
51bf0fdd9018d63b7bc09db52a66b726c2c4bad8,false
cb825687a592709f902f3d320d93987a0546fd28,false
a0db8908530769e83f388d6b61438a6a2ee0bded,false
65bc7636348a9ca32ccafb9f685ab4377e1e446d,false
f215de030e4bb66205e39c786437b41aa86a5dd6,false
72c85e80c8ef9e6d5b5644f7bb23cdc175ca3873,false
3f6b243cec6859185ea4064e84b33c07cc7febf6,false
cc80a47f5be6c60e53c42ef9378e6db3b0e183b1,false
7255be9626ab56d81bc0ab86db939fcc1da9bca1,false
8a72b741616556b4f739ea79ab502c2d2038844a,false
180ff8853c69240a3d214734da8d78f8d4d6f0bc,false
dcc86ebfce71bf2829bce429134d6424355f159a,false
6a5277d3417b30d6e7f5c93745e8a445dcb02b1c,false
b1385919bea3238d49a6e2cfc8261771775cd6e9,false
17e146ad949b3d80438faf95e81b53c543cb50f5,false
aa6d4c3e92bd11a7d449f49f524e54bbb88b89c0,false
80cf589a26d792820f135591eb8007bca891bf4f,true
318592511c9c7156599fd02e3edf625097ecb434,false
7d399e80c34df8daff66f45b74fdde0edd58d63c,false
80ae10f402facf375be30eb62fdaf0d34d57a66d,false
6d266f63633f5f127165d4ef836db14a59bbc106,false
3237fff4b86227a84913d3885b600738bb9479a0,false
c49ce2e1eb8b598e724388bead0943837bab8027,false
826514b8eb18f6c314cf566630253d35c89e42c3,false
6d49a1e4b74fe4361cc8ab58767effece56c1f0c,false
a887e179b8af6a9c582a7918f9f8499ab58032cc,false
02736640095ed6d5a4a409a9658eaca373fd1d48,false
9e9acfb3fe5cf33549da1a8324b395e1fb4145b0,false
6a12b191f7058a179237b4b3dfc146e559777d9b,false
04994df59f2f642e52ba46ca656088bcdb931262,false
0e0e8ddcdc2bd572cdecd371bc0f309ac62ee9c4,false
bc5dd3894b4b19e07abfe6a23d87d66c02e4061f,false
1d8b53f782570b56296d7682cbbf104b6737e805,false
9f9550247a2798b9dcc28081c15e266442f4e28a,false
5bb30270d2e68d8d9278ac6f5abf67049acba662,false
90967ccb9ab1f757c2637a68ea2e16b8da2605f4,false
3205b53c7cf69d17fee49cac6b84978175b7dd73,false
a6007373b5c521297e2ec24f820b9c7c32659af8,false
65271c105f7c247ecffc9a7121815276e092bd10,false
153433f612585409f3494a3c44160d888c02612d,false
293041a290178dc1d526075372960c3ca589d366,false
faef9a0fcef307f1a1c380a477b392fa4371d83d,false
0c97a411b430f96694e9980515b5e253ad999327,false
98cef9fcca23677f436b2d6d7297d14bb93b59fc,false
24c6508d39ad7fabd4c017b9a47d12539ea6b708,false
ecc4a38b7cf95bcf8dfd9e4e6f77492977e255d3,false
e8076d911490870a27122e4b34230090e6d1fc10,false
8037487165a196015a646de25cbce6d0351c8fc4,false
14232513fd618be02e0ab4b223f3105fcdde3cfe,false
b7c1290528f907c9f41afcdfd33a2227c73e26d3,true
438edcdf01c392619449a6bdbb18f6cf72ef7bb9,false
3252f2bc546759a94f7a4c4938ef561d7bb6a6ec,false
5fdce4c331ac530280cc941179d364a07f4a1088,false
3652ecd9e0a3aa6595a559e2a231b11ead8a156c,false
541bc8dfc2263cfa1ab2f209ce6132e1835cac9b,false
bb9937593de3917d17c2da1fc55489f10bb3c8b2,false
beedaa4eff3919f250fad49a5092cf07c4d638e1,false
be6ec06894b55b1b5a360ce3f8178c7963332ccd,false
7af0271f4703a71beef8e26d1f5f6f8da04100e6,false
8d9519df093864ff90ca446d4af2dc8facd3c542,false
627703656714c7011a5c7b65214cbf6ee07e3c23,false
29f1bd22d75cab1b0433339425fabd21b8229228,false
c4bfd367e2f1f26838de46d0cfa2d512985f42a3,false
560383fe14b29d05e62d1242fd2713a3b7f84c8e,false
6ee5dcc0ec93e8c11e5362f1e151d99168d6d2e6,false
59fd6aa1049808f2bf2c6b3bd309ddfe9d9f6809,false
04920b30765a5884c5b6516c66feea6df0b5282f,false
33d888622676073a5cd9d5f268933de82a0345c0,false
24653528ccb2b5ff017dd9b0d4afabfe93e2ea43,false
4431ada1a2615c30fedf200b28cbb80c38250e7c,false
6edfd78c9ff1fc349bcf5356097fe9453e3c7551,false
54e05a282428e9a44dbd414ca70231a83ebd710d,false
54ff9b297276a3add08c8faf1557b5e359b3ab99,false
9a12f34bbee68a14301bc234f50c4a9fea9003fd,false
4104f29956b16f3e351462651ec3c6cc5a0dd069,true
ce27ddeba1d4dec15758bc9d660316a6060bc7f3,false
5308db0637dcc4592286ab0e6accbdd0604db494,false
258311d09891c9d72fedee39cde2564cfefdc55d,false
66743d4f9d865775258c845db339d3fcccd016b5,false
b97165db75c6f4e99c3307b4a5a1f3b0d9f4de25,true
d61198941adcb191ddb591f08d7d912e40bde8bc,false
1d5abfadd7132c9a78e14e5ba6c07aed47115280,true
b55ccae72aba110ae08e8ef0a9cfb8649750594a,false
78ced0093ade22a5de43ce3da98a4c2526022fbf,false
452b78f24331c9805075cc0572128a91f4345e32,false
b64f848d2c1f8fe9aed3acb10f68f6c8bb1271f1,false
089f6a1c50ea2b18287106ecd357522bab200510,false
8a66990c6161b30422359244a052805dc98a5059,false
399aa8531c60faee26333bcdae5a70b01bae2d54,false
05eebe36abe923d065133792f14d4ab6c07336a0,true
77f6c72cf930ae2e3c5d4dd63e7cbc4699382916,false
12a1c4940d3fe2fc68a7ca68df48c3f04941c53c,false
c275573147b426fbe1a37c6bce143f7895b603b2,false
708d62d7172a30c5b0ace1d212c5a3bc2b53b98c,false
6000e80acf931b05b4911c3fa7f3ba33e2b80e64,false
63ff4185f9d1306c3bd54489f1adb88e7b48e588,false
c2f65dd1cfff0672b902fd5b30815f0b4137214c,false
24ec38d6a0686f1a147420ebf4b31f5243e1cb42,false
8fdab74cc80c39f45aa65da5dd029c8d262756c3,false
700fc7d928b7a625b04e6865b3eb282043e90f7d,true
5a48a0fe6b02f62f9a0d90257c6a14d280bc9d23,false
7b5e176d1ab23e183d0403573358299ed6562dce,false
08d3185e87cfeccc4bf4d26ee5c4c0dfd4ec8564,false
81b3c85f51834a06bc8fbecf350bc20d756d8026,false
bae6ee888f647f15fabb91d21bf28314737be1c6,false
f622b1cadea2bed4ea4cc476695e9c181ec5da11,false
5e059be1b327f2f2f64115d2897c5864eff69b7d,false
da3a0ddfe2de5be718a2d7cb3021f350bf04c402,false
5fcc999b7df0f5cc71cfd9b74ea494b96486f84f,false
233be7a0fa8b2a77189ae9a2fc47c579245a2f3d,false
4df377cfbfc1d15e962a61c18920b22aebc9aa41,false
ecc057dd4857e655f0844b781899a917852042a4,false
1af8f95785b85d0937153ee63d504c0b51934d80,true
a4bada52d0c5442011665eb1ad4bdb61c06d28fe,false
484a7cc9a7ba2540ab2af5141196f5ab5809df33,false
f32dddc71c8538d7d9cf51bf82716b3dfadbc9ec,false
94e80b3da9048372ed857f6175a4d5fd1ca8913b,false
3207af8827d4162ef5841249c46fbb9da043c551,false
3435d2ff1589eb0c1a85cc294a20985910a1a606,false
d7209a957004d4758f32fd8b2f89da11f5fe5718,true
d2030595dcdc8ca5701504f00255360fb12a3a2b,false
d5e321b792cd6f3cd7b072d175f47eacbd5ee14f,false
6b422a05f37641ca0b84422f2436e9d4bd144376,false
ad36383951c130f16e02b5f61b1161da99bc1ca4,false
b90a4f1f4a370e92054b9cc9db0efcb864f87ebe,false
0e59442f6cce9442c1dcaf8515df7182312fa6cd,false
98a7f9fcf09fce5d32bf25e7f917c1c3026719d1,false
87d5f5b9a9697434e6d972b021201105eabb54e6,false
6ab71ed7cf92a2dea7c18ddc9c2b4f3e685ea1fb,false
be508c618411d72281672980abb19b2150581943,false
a85575601758b3fd8d1379aa2e16bf1c24ab06f3,false
7320e311a0a3f190351173f8be90cab31dadbf73,false
db461112c70d5f2bf93c7a6ac27eeb665c232dd0,true
b73939095564ec5c088c53e7595b00d174a018f5,false
adb7dd99c295a28726c8d818fba54c7b3f958ecc,true
5e22cc9eec0d1da2da706ccf724fde702b30d5f2,false
c12a5d874c5a014495eb2db8a73f40037bc813ac,false
61182249cb3ec5c69a2b91928829f33ccca6c7bc,false
aee16df63bbd7f6a7479fcd01b509f5ebaca3a0d,false
19610a9e46e0989054ecd0f6be2fcb981013d8eb,false
346d1abaff0270104ffa3a0e8bee7de279a1cee7,false
f958b6500b2aeb8edc578a07f00546becdad4c80,false
2c7f57ad5bd19743312eb34ea5fb838a1349474e,false
4a1766c252bac0de1368cc4eaefba1299f77d546,false
db0fe9436e9da7f7bd14683542bbf33ba3c6d5e4,false
ccf125bf30102beedafb3ecef72376bfb6c90a4d,false
b7278186c4e16c58a4dbd439eedf716146c19f53,false
f48802acbb2d9f29ed3e1bcc5206bd00176cc1e3,false
224c639bf9f37b99bc66a879fbbc516f59857967,false
11c15ddfeb6edcb0978d3407ed972ae441013177,false
823e279e0dd40d8818a8d58c12a7df22caae1c04,false
57add386c9d3aa5717bb25ed3e216a9538f086fd,false
a363642a32880114c7944b1017f2f69bd4cc00eb,false
eb1182a10e757b5e76009c69fdf3a88a5afc6840,false
4f42c642036e6fdd915dd492b263c3b887cdb2d9,false
a936b0c610ba86f542eb3855de2be674a7b9310b,false
fc605b575bc454bb89f7f878692970f3bd4b1011,false
273123f6b8fc0d871553f707e515816777c60e24,false
860a25c390eba8e6c089a818b02800dd9d789864,false
d64ecfb244d38b5f31d6dd8f6a9f55731038c093,false
4e894892bc0230c46e998b6ea82b5b07b9943a39,false
67ed36910ddb974a3e98939c55ba0fde1636e426,false
9101439d7b7e21d5cf8a4a2a3dc92b9980539c6b,false
bea5876e46144080a06170222396b953a361af48,false
255c8d66af6daff3eaa063ea0819e185d4d1e214,false
c7da8c2aa3a923fc620ad480a8831a8a0f21ab37,false
767ad19b10c64af1fa328383713ea97e23cc0080,false
a2f495b9ff26c84e0ac35dcd957718e2d3f53afe,false
bb16048ad74dfd07364226d02ab656f5a5cf6730,false
6d126e1013dd9966dc510612a4b97f8f15fca2c4,false
f567ab90681235f38bdeaeda004d89e85b8627d9,false
422e05e28dbae9fdcbca855e6727738f57cfccfe,false
e3535f99717bdf3882c0b48bff3e3eb244454e34,false
0d2100ed17d24b2a30594729b99feebe76839bc5,false
07c8f19bfd6128c7cbb9c61c41b43a9eeca1b435,false
0ce27278d234c13ce00019540ff8e9891542d1f2,false
d718ecf6d3dfc4656d262154c59672437c1ea075,false
9efc1ebeeb431769897798cdf8de2c67dcbbc9c0,false
e165f3aef4dbede5d7e3f71c336c89a268753ae9,false
7621b3d96ac2d53846c4df211bc05c5e13420028,false
088b58dbceb09b3234926af8488c016227bd7c0e,false
926ab92118006c74a0a33bcb8f770522d007349a,false
3d357273b50ed9c8ca660f60fde255c26ff7a228,false
66af0e55ef6631d05c691707da19d0f1c46921ea,false
321bd74b954156553db3dca8f43b45cdd5a88f76,false
28d5a4d71824ff5823ae310e3fd014b48b33d583,false
5353f306fe0c64ffa9e73f256ba3cb200652354d,false
a8956feba1e40105e7bc78fa62ce36c58d1c91e1,false
4fe0aebab79a092615f5f86a24b91bac07fb2ef2,false
a791997041b94b8a5effebc296cb427fde8e0ee5,false
326ad3f43c63f84a69d6d08af276cbdf653efc51,false
8a6cdf1e2a5efa81c30f6166602064ceefb0a35b,false
9e831e915fa875423af0c0de8f53a3780055919e,false
0f2ae2b9330604247f553f41d310e7c0191275ef,false
29a94bd102805eafcea94a185808cd878cd3f5ad,false
2d31dce8262a68875c177645fa0c7585a45ac447,false
176fdfa0002360670f698d3828cfff11f97349f0,false
2c5d652493b79eecadd4407f24f2249948bd6ff2,false
4e6384da325f5c328526b998d199c6f957f90ea8,false
40b78fa2ea9095197608287de9f0d902d2763b00,false
eeb5f95a0f24abc5207159cc922cdda8d779f4f6,false
c77b099cbb979269d45df06753cadd8abc662e23,false
7e5307030743b1f198da38c36f83fd279bad4529,false
f93dd6e826a9bf00bf9e08d9bb3a03abcb1e974c,false
db49548d7168bba319fdba400bc201528cb1d3cd,false
111e5bd3129deee54ff62b0d13ed7e5739c27108,false
2fec0b206c6e83ea813ab26597e15c96fab08be7,false
e63ead4208c1e56723532878728ef9c2eb197b01,false
b337d210583a3f5f84d0f70b56ae9a82b029dab5,false
bca18041b055102857a7e8a12f8694fddda9571b,false
c5a5576522273ff028018c4e13d1fc4d0260495b,false
52c060f718e0f07e9d982d2d97973ead0f4d55ca,false
dffe3034825edc4f84aded013fc9c6590e545ed5,false
52ccd66735ba1f6e67d06e747d6a641980b788a3,false
d273f87a41e72db8ef1387f469ffa1c6eed39730,false
74721b48f0347f19f134f386fab3421e5132fb53,false
68150d4cafc796dba2b595c320a09222394bfc1a,false
9b5549313e98044b89edb7078641d1d729b4a6c2,false
8f2bc008ad724a52f3669ecb2de59c98deb69ce1,false
96800fb673cb7b2d75476096798e701e3e6d26bc,false
2778b7c23f37d4f3cfed4cadac4bc9c90e098c50,false
5e8cb740187c0561b36323dfc8510e58c3066838,false
e8b91cd38aadafdf733558bbcea4810fa65bb849,false
1d610e44b396d11113bb6a5d168cc5e996a6dfb9,false
99ce7ed0e40686ec2583f90bd1cca37a207b4ea7,false
227838c4727ba780e6fb4a7c372ae62357cac4c6,false
39e7208366bcf549fd7a2678a6d815dfe39196c5,false
8f37c82f6144fffc2ed30e49ee81a54702a0f317,false
62c56e08c43f5eb174d15dd050591cfba9aed548,false
c7a53888a1a514619b0611fd8b7928592f4ed612,false
6f2014d353d514e404c1f40e8f0a24e2bf62b941,false
ce08bc704e24c01582052f5c544fae181d08386f,false
df201ed152b61c439ea1ace179f35b424594ba6c,false
8aa161a43731795841fa2678d3dff0559cee527e,false
a9b99b3489cc24b5bed99fbadbd91f598a5a1420,false
c62b03bcfd6e6440f8195e02f4678488e16121ac,false
98ae71897600a3162f529b1b30c70b8abdf0961b,false
6c44dd4bb8e4f2ca5f135f172de4725b2cada155,false
2c3160304278d323da8485057770926d1b582579,false
7522c4bcdb10449dc919e0ffbdebb92fe66822b5,false
e13373f838ab34027c5a80e16a6cb8262d41eab7,false
a20bcff8dc4e263312cfd74c11e432bfe8c194c1,false
470e2b8d17fd0032271b21f1d6775d48c3855a79,false
07c7d5730a2685ef2281cc635e289685e5c3d478,false
4995a775df21a206b529403bc30d71795a994fd4,true
10bdf61a0f751f3cb000f8f8ac5ac5b4bb535677,true
4f7156f2c3271613b34d04040b502b9d7ae35eb9,false
7b21d43d4c763b874bc86d4c2d69a48ee492dc22,true
f49dbfd3e451006a485e81ebce030495131c4454,false
2eab96a32a92ceb4b6947102626f896816a0291d,false
ab8149664182b662453a563161aa89013c806dc9,false
22c48a738b5fb5b5cf09fb77270139f116069748,false
6748a09341deeac16acb33996df95a31fae0c545,false
70602a196a6da90eb0d34cdfe5d4d16a99606279,false
bc098406af9537aacc436cb2ea777fbc9ff4c5aa,false
410e5ab7ed0ef326fa8b5164a633863f137ffff5,false
18ffe1eaf6c2eeffc898f4e8a590c062c40b30dc,false
54c3f87af9f6c0d6622cec2c3d9695b0229fb8fa,true
4fec712f329ceecd38729af6404a2c32aed83648,false
d22bfcd4cfe3b93daddfce8521f77447ca8d6b84,false
d5b7a05ab2a053c617149cfd4f7e3379bfd279e5,false
dcbe86bd1577bad9a1356acca5fced7d3fb3a0c3,false
b394a994e6d632643d0061e0e67772f076925951,false
ea08f155d8d37d515559534bbe0f80ef5185466c,false
f2674c5bb4f7a79f836069859a346b81771eeee5,true
6b054f8f3876ff4c31580b014d344c4cf491059d,false
75a8327cfd6eb912e469a8a613151d7ee50a1c1c,false
5b525e97970b1b9706b4415de79abfe33e5955fc,false
6b361ce06b08454329286214072139228e8c2f33,false
959052fb8d49c4473f6d8a928d745ae7c38c7e95,false
60a11a730e8aa2450115385798ab8710804c6409,false
f61172b8dd3f962d33f25c50b2f5405e90ceffa5,false
f51a23839aa55aee2f2a9196c344df6eecd854d7,true
da600394865c06a4772c433c1a560453dcf4f868,true
fb54159861708558b5f5658ebdc14709d984361c,true
2ae36c8dd5c9d24578d9fca85f8c351290d0de04,false
235c52fa10094135746d04a5b6a7bea8125357f0,false
165af0a090e229e94ccd93896efc15b9fe0488da,false
04b070fa26b346b48bd66d317e72de75e001a2e7,false
08c480b3b31e896698bb773069026a61eb53d158,false
5ea0ab8ea21b0c11ee6098e6b052463687af602a,true
c7c8dc38ea2890d62b7aaff7e4c016e4b98101b0,false
7d5d1874581209f66ad7bcdfb7f85b2b9a7ca471,false
315ebc11765ed3b9da8b5271602e89a403376c24,false
c94d2a77db0102a7cf8ceec7804f366f180c373f,false
2732c4db66763462c2795d2287b61d4f77031342,false
41ec5760a2c55a099c3a1733fdd36fbb1258a02b,false
73ce26c3e822cdc2ccf99625619a50c91f163f8d,false
bfffe87d4c2ea255b9a51432bebb3d28741245c4,false
cbb6c36692f7d882e9026597624c0eb38e01f9cb,false
e7851665071cb93b3c70b1e7103f82d1e6d01f5d,false
b78b5a210bde49e7e04b62a2a4f453ca10e0048c,false
7bf3be8dfa5832ef03a3fd8f07f6736e770440e4,false
11c45eeba3b5bcf06b84f4e864862f1019a3faa3,false
0109e496f6ca68de29480fe6413e81b1d3f86aa9,false
941efd4a36ed0f27e13758874f95e3aa1d3ee163,false
bc143499cf1137a271a7cf75bdd3e16e43ede2f0,false
73d6504063bfa00666a92b07a28aaf906c532f09,true
7fff56f5172c48b6f3aedf17ee14ef5c2533dfd1,false
57e72869486e89b45f6fd0a07cdd0adf80f5db1b,false
bbaf13333fd00644313488243cfe547b13dcae78,false
e7e53807766ef1470bce546716a675ded4b08597,true
52df9eed45d0b19c588662ed8492d8fbaa0e7098,false
a5f9742398c9429ef84ac8a57b0f3eb418394d9e,false
daf1510a4bda652ac2cfca03ec5567b03ddf8bf1,false
184ec3c5453e1156372085df35e8d922ce7e3559,false
a42c4d54a3e5cd56c0700479ede75157a748acd6,false
0f83958247e9eab1c7f62903601dfd5fe10c640f,false
adeea0070700671230733879846417c80f4e62b1,false
c07b201ce336c3e49ae3b6fa81aaf4fb871d90ba,false
f04c5e696400badaa52b3450ded53e9091c2078a,false
e9741288637e0d9abe95311247b4842a017f7d5c,false
a758915893352f5986c6ee101cdf7e3b7a64fa28,false
a7b67c99f922f26b1071a90994e14261dc0a6df2,false
211cce038ab6354a15a76b2c7f98fa98bfc9e6a3,false
2b42a803a25e56a3a0e2af939ee5be4dcc3f29c8,false
d6009c0aeb3c7fe3a841733e9dbdfbbb63b9bfd1,false
f17d9869489aea57d3fa05d5a3f1504fcf8e588c,false
284273e3c5d8005bbb4b43c4d934409a5215886e,false
85cc71046475f9cb3efd17d496356795961249f9,false
85c5d93cbd049c4bd0679c36fd1ddcae8c37b642,false
d44f1c65239c3e33509224aa1931631243dbfa7f,false
4dd52ca9c768c9b6d04180f0547d6f4b6e34f211,false
53b8f08218796d95764c5252bccd8a50a173a6fb,true
5addaf833b2e8c7a616f89dd8ad5a44b07d7c000,false
24824ff666e096c4c07d0b75a889088571afe4a6,true
7fea7cf15688b2a2712b01c45c9e3385ea382e67,false
c56c5ec7c41e6ffd02516bf7cb80dd2ba9ba7aa3,false
1dfd7cd5555d9e62a2e198a131c366242e724b35,false
ff64079a516c269f171ababf3d92b86886a62ffd,false
b228ca3d87745b746d904a2108429617a814ffda,false
49b7e7bc8fb69d605719991d1c0a99fcee689053,false
9822a0351574790cb66c652fcc396ad7aa2b09d8,false
38b4c1e19b50494cfcdc9332899e09b7fed34979,false
d8259eb11900285af9b80b0fa47f841174c054e3,false
edebd3704437f19b5b137eaffe97130fe817d144,false
ed1c9e953e2d67c0994e32e6c8d878291e36d4f7,false
55c62556571ee46a94da174643b50ece06edead4,false
2c1b30d0503cfb064f1cb252e6614a06915a362a,false
1292419ddfc6a14fc7f85b5ed7efcc2d215f1ad3,false
85793d6c223dd845e8f218403a5ced83041d37e1,false
330123258e8c3dc391cbe55ab1ed94891ca83af3,false
dbd4c2882593f6118103120aa96fa9acdf7deedb,false
c2705ffd9ce1dc8476cb29eaf5ff5d4c719852d9,false
adf363679da2d9a5ddc564bb2da563c7ca083916,false
6a64969009bf1898bd302e6a9633f71942523f7f,false
88a65bb374e87a18816a780dbd4ae69d307aa85c,false
709f83f6a32da8cdaec196d7b785ab6827322008,false
70d04b5a2620705011e65f79ccfd52caa86f5d6a,false
da6d075dfde71b2e2a64f39b29ba957d5ffb00b0,false
96a01e420b741c59af59301f15612fde39bfb39d,false
917000097fc17875104176e2c71318ab25c508c3,false
218880c7fdedee139ac09caaf93da469b4dba14c,false
607d1948b8747776f4a45d5b7c7eaeb57b6b9f80,false
2579ce9f18e67ec3213c6eceb5240310ccd46af8,false
ad68a12645d96fe51558da13e18544ba458d7af0,false
fe3b215d3ade4db68262dae1a3cdc464a1fc524f,false
97bddc1f61a59522386d36ec37b2b220a01de262,false
3d03098a97ddc6a908aa4a50c2ef7381f8297d0a,true
eca5fd1dfdc614c2df876cc32018a7d71f84ea82,false
64dd0809c2fc732ed30539235232a268f9bd96ac,false
eb58d862cc4a8f31a369b6e9ad1724e9e642f13f,false
809d5a8869d4ffe8656680b2438b10f7c8845613,false
25642fd1fd65985fc98f95e64bc2c7ff353d6c2b,false
30da640ffe23b6e461fa91d387ffea6b9d9fa847,false
3709c4a9a87e6ce8c26dc4a951e1df52ac9ecad0,false
5559ef42b5334075cbde82b2870ca725ac606fa4,false
4f79d5b59a56bc4356a97f2e81a35f98cb18d7b3,false
5880befcd22490c40f3c63d6178427f7753672c1,false
9b74a90dd3c47f792734823e8793ac36f38bc4dd,false
c77a5203438fe772d41f6a47303ad3f57a4efe6d,false
0292047b22c82921dcf165322d93a0b988328c2e,false
4b8bde97d4fa3486e18dce21c3c5f75570d50164,false
23df07d799f0bed3feb5beb9e5633651687da92b,false
ac5664d2281533eacafd64f5cc7d5edcdaccab60,false
407eb76b27884848383a37c7274654f0271e4bc4,false
798e006f435887adceb6aab9b57cde8e20276793,false
4e652d3f68b90d50aa2301d3b7e68c3fafd9251d,true
5e621a2801daf95be6d208da9dcc287bb251f63c,false
976459f7cb35c8c3abc3a6e6a2728d76d1a0a5f2,false
663198d7b453ffdbe86d0e0238b1feafde6ce569,false
d3b78fd18a8d9e224cb9ef58a23cec9b1ffc9ce9,false
e82db2ca3a22c9614c1987392c9cfaa8c6ce99ad,true
12e95c93b488725f80753f34b2e0d24838ca4646,true
d98eb69a354158252854ed4a5c9778e03d089191,false
27be9338405382445a7cb01151e084559b98d602,false
c17f379390731543eea33a570a47bd4ef76a54fa,true
089cb86dd22bff589a4eafb7ab8e42dc357623b4,false
22d924701a6ae2e4cd01e9a15bbaf3946094af65,false
f00ad424ee3b050d382cc5b4aabb18afbb5e4ae7,false
daca74d93a0edc458e618136de7d14803f06bc28,false
a411a2434b09d9cbaa4074232b2c247d591bb655,true
7b0088693ece1bd3a9238a6fdf56ed8df7a4d43b,true
fbb6f0bc4c60a0bada0e03c3480d0ccf30a3c1df,false
c34d6e81fd8e405e6d4178bf24b364918811ef17,false
a29f88ce6f2f9843bd6fcbbfce1390a2071965d6,false
3a9d54f3da1de540adfdf6f1e2dea6fc0006e15d,false
560c119e3dc33b35b9c57172fae521d99c2a1421,false
4774385abdc04d3b0d02dcbed6543bc100f23f6e,false
a197702e2cbcdd43c0d09296b3cea02efe16e407,false
4cae5d8e411b1e69949d8fae669afeacbd3e5908,false
91c6b3fecf36b1f04554e57cc4060ccb737a445d,false
7ef2946fb5151b745df30201b8c27790cac53875,false
83dbcb222a65a87741c9d96bb183f34528149269,false
b21425d6df207fec0c47e9563faa10a2819984ca,false
e4e4bf6543ac1f132afddb1ffd0bf02bea4c93f7,false
a31e6b73469cb2bf7eb8f70b5ff21f710fd2e23c,false
258d68b6ff5e2244386540f48b48bab90d6ab827,false
689362089edd09b6d68f7cfe99075e1345e0fede,false
2ac89889f4cc330eabd50f295dcef02828522c69,false
06ea505ce2b2042af26e96d35ebf159af7c0869d,false
9368fb3f3c52d74534d14c1bef03c79c103356cd,true
dcbede0cb00df32e7f1895e19e37d5f40a75d1f6,true
7374c85ddefc3f4b177a698ab9f0cbb6a5c0b392,false
1d49747264554dee31f5627d4249d09aaaeced39,false
9fcd34c9f3065640bd1cd86234216ca068633fb9,false
954f5684e4841aad84a8eec7ace7b81a0d3f6831,false
36e4a824f340fdee7ed50937ba8e7f6bc7d17f81,false
