hash,isBugfix_mistral-small3.2:24b
81b3070248bf0035596eec5e7d3752295caefff0,false
7a1e8e36e0238ce9e3ee474914fb8f7513ecfd6b,false
57ef7195e037925ded0a8c531e6543d5e5fc00f9,false
8bc53116d3d4a070725ff762bd300719a64b90a5,false
be72c1f7d1afaa9271b61d305958deb413f7d65b,false
230f74d1d2cd597fce3d87c9b16e71fd778aede2,false
9bb9a669074500233bf136716d6b204b2d0475ab,false
e7a26df9c5a96a5822731ad8b94c36174df5c8dd,false
f77e688d92579f6b664b55a0be00d68d959b1287,false
3c3d4f85fe7af1728489b4c2cb4ac110394bb38a,false
49595086946d909765aebe769a7354addfdd13e0,false
613df5a5e41065df17891a6f460343d5609f62a1,false
7225f1eebed9904f9bd57bbbe798182d5668903f,false
11c7af2d2f185aac4b8632ae80e69726380ae26c,false
5d0183381d73489ba0fcca8fbc328152eeb5c9a3,false
d5aaa481bac8b683fb9dd61714a13f9743e81040,false
02b2e69fa5f054e00eabc46c376af2f4c0c789dc,false
ea1f864a86f338601bd0f7c9750aa8234e482f01,false
9f26f52262cc63b6562d411f294646c60c8b7c20,true
04f2217789fa8b0904aec5cfb9843ddeac659d12,false
da667217d23e29164d8910d5397616a48cb78367,false
8a983cbc4b7d2606db6fa73406d79cf52f5f82e4,false
5935e457cb71ad330d14ef1c5812c64d6e84eae3,false
37ebed643f25131e0dd34c74c29af0e97359a2c3,false
7cf307f525fc20b22b541f7fe629424dded88c92,false
dfaa6a5c0083167ed104a99908c38266a69b80c2,false
02d8da4e61877963e9081ac97e932182789613ae,false
3331e42ddddb1eaaae584259967681cb92105feb,false
6965806e81d15d77bf5e241343f31c0b850da274,false
1841aa89ad234faa988601a402df76da1c20d003,false
a1e3f35a2c4718f7907fe6aad50c472abf7a2588,false
14adcae05b44e11feef4096f4660eedcf237f5cf,false
00ac2dbed50151be596a27dcb3270269f08fbaad,false
8ed337ca7d66a1c66721f318916d43026609b1bd,true
ccc0fd44739a4e5f98bedb91c268e094da67aa32,false
8c188a9b2fc4772771004ea1a38e3e6fd365dd55,false
91e213f273a57d1b237d40aa62eb5f5330753076,false
c20acb74c8e7d08ac04a38c3a1b0d419270d4e36,false
af05c109e253100ae9a2b0087c96676bdb19dae4,false
e47ec8c2a55a140d14f2e3162b66e03fb6564e6c,false
1dffbcf591b2c118061b99cfa2af4d7fb61a38ff,false
a8d08e846cc5c237e899fd676d7ab6e431c1cc2a,false
441b57e7710a4aa99be4fc495baf67ebfce70ae8,false
fab538fb9bf192b62f68b97f6f6ab3e43ecece3f,false
312501f0d11834e78bac220f6ebb6afe89a37db4,false
8e1ff885230f7fb12f26f00ec5264cf545e1ee1e,false
8d177275e25f91860a5e03273f7ddeba91085f4f,false
ab34949a73656d071138fd589cf003d162c4fdfd,false
cd57eeea1b284f2ae816edec84d838eb190d7216,false
fdb6fac472505eda6799e17dbeeff658316dcdcc,false
0b9373d2545d26c7e63410081a78ef3da5faea07,false
8d61e37e5d6b6ceb7eaa6d7ae4a2dcb9ab08cfed,false
a7677a48462d2ec7ffd0d6dfe821c1c722a4e7ea,false
7908d8b01db12f770572a8723e59d9c9a53b5426,false
31823620dc132c7c264046efa21da49f83ecb14b,false
fe771e2062059e2ecca348dc15ff99ad7f9884f4,false
0de73d0fe346df8d50a818969fa37f83fdd74183,false
36004cbfa93ab3e59ca4b4175f781c34adaf60a9,false
f5945a779acbedba559d820388d49f94f09b0dc5,false
07b9683932aed85587c80b8b46f6669031e8ac0f,false
d5babea27b05a465a345d5a07964febdcf2e1810,false
d981a129512dd102c04981a596c2fdc4cf7e9f0b,false
458d1188092077b979e7a1d7cd980723d1eb43c5,false
a9b375446c447222706c7a6343b2e0a51da35d86,false
e61f2b87d4530c2687002d22280c200cf8069301,false
30de276c97269912bc5788e7d120bb733be2db13,false
de6897cfd0aaf67110beb265e97e6273b7c80e0d,false
cfb32116788d6c241274da534e8b6134b5c6bd1b,false
999e7307687987bf1585f1c304cd7dfb6ef7e733,false
8a149178e1fe9c61d6532af9301df416f28fdb8a,false
8e35610a5c9f11a71389d1386945e89286820927,false
eb66ddf3d8c9e22843d738bf4eedf80da1faa1e8,false
2a819041cd984c40d431f9ff22837b1efd32c53c,false
9a92c1e02d736821f49e35ad1222fbd1cdb54dc7,false
79ace080c5f05ad660915197949653270484f0bf,false
e9f544730381f5358540d6d790f1ce46e54836bb,false
b875b09aafa115843852565803a12e25e90287ba,false
6b3c4e9770e1d79d9ca9f71056e1bc5dba860bca,false
8802798f097604808e2f33a4b73fa61ee566c69d,false
d3b01495cb4e4530c2d0f9de341f1c4b33c8f509,false
b66319951d8877eee069acad27367f5f108702e7,false
8c2b1ace091e6501867b1e49af5956be228d09fe,false
b8a06f365382a5ace72705e05b2b92c9930d0c43,false
95beeade847c2af9044cd41a8e1de3d6392b22e9,false
a269fc6a7700150f5751d636a0b53e5fc4980f27,false
94f0ff90783f9e964238e2a9d38b68ac9a34f58d,false
a49f19f6677c35d4f4250d9cfc31cf6902cc854e,false
4ca770ba9f2aa37f47d1d79816cb8196982f65e3,false
fcb9cc7af465a42bc9b94c17c824100b26d02ab2,false
517b32555cb28a3895f01b29ee19ae30e9d9ad22,false
0bd14a829a1563b5956d5eb52d94c18921b86c9b,true
bfb46ec7c5610df6f8f526f75e81bedc6e2dc0c4,false
f9ce9f07a9b3474dd4e6923a5ba901028d57f6f8,false
37a358a7692104b82da67f6476083e344dcbb226,false
5e3d973854e1bdb5a1d49d0c40fb961b94a29d35,false
392353d2d48fb611e8e8489061cb0b0c28222f81,false
d5e233fac87aafbe9102e628e497059bb7e03519,false
718fc09fd5ed1e277a948e99ebca1bedbaab0688,false
55d6b24a696189ccf9c48e0bce5b82296016a73d,false
f4e9c9265974999b1a7d753ad27499f804f644c9,false
077415b2a7bfc51ff620f9ff543c7b58c5ec67b2,false
7c51ae4540269f8a1f3fa1cff077331a0ec587ff,false
65169a79fb42f7f4dfecb96402e040f59cc33379,false
0208806cb99e707678aacbdb02cf36079ed5c20b,false
e71f93d3cded82854362af5a0660f10c98956563,false
1be7e4a7b836f81f6d23ae1850013ab4e6de3de7,false
6e4253405e93ea1b47464bc6f04b4b86e5a4c1ed,false
1c6bb0e2b03d5228754db89512a9d26532cf7c51,false
a12ca7253c2642558be11e1fd005e1c1e7030f8e,false
6cb5dc6dab0f464c8f2f3caf8043af1ae195ef17,false
cdca21918481f8102ccda53bc5449780ff3838c3,false
5a4486ed5ed15bae11abfcc667dd01222a638d5f,false
f0a497f8930bc02069e03ca58b319da265677c92,false
1bae0a106822fa3d9fa6f0a8d2ba4a220c1c74b3,false
795c94f7052617ec95f33a6641ba9bbb46173b96,false
9cdb72382490d13ededffa308fc37c8595d05eaf,false
44749739d75ccb265e654b6d0a9660163cc86414,false
48f309ece61e71ef8587f26cf121bd5eee5d00d9,false
96ae890cc0d3c9e899198df92d9454552ff364a0,false
1c4eacd9a5c63c255939c49f5d4cf96f800775fd,false
cdc591ac4d7e55c77fbd66f2488430bbdc08e7a3,false
23917299720c765cb9383826c535567e9947d69b,false
d49ecbb8ef411b124361b42eb672155f58b8d488,false
bcb54e4fe49988f4cdc6dbdd44c9888591ce0cba,true
1c3da57535b31929ae109580d67cbde615cbd09e,false
badb398072b7ca95ab54aba920f8c4e1badba883,false
230d89b3fb7d51fea3cbe80e24258ce87d406cac,false
5f451e1d65d22140a6494cdc672d22a297f4add2,false
d735fe022eab96cfe4b217ec3e3824515eabbc9c,false
b3eaf08d08aa65d7d5fb13cd332a70ce35162ed2,false
f7ee2d69c6b319889e1a1f0ef77c586d1c0150d1,false
6637a7a4d322140dcc39b977aabe40f9a0210bb5,true
9afd28d35d983a994b9abec99130752ae5f3e3d9,true
44fe378834ef3bea94861fa5f001f28e56a04a25,false
ddcdac2838686c54216c38f336522d13c08fc8a6,false
f1d9aed898d4263bc0cdc6c9b92d3e9a2f61b976,false
bc802195afba9cd3b803c7c752f85d08d1c352a5,false
d7a31f0d4d0cf3cb4f039610f2414bf0ed692eb0,false
cf3bd856f514e076a747c0efadf9711db58962e9,false
94a39b8a18e076bec54e082e3a77fdeb47cc7b75,false
561ed3098764bc7bd22eede5019576de57d626ed,false
2097225eff7c4d377b98ec3cc76740efce011136,false
d82f351dea208ec0a6fbe8efce8a461392e5e656,false
d8c20f24b56cf7aafa18ccff9e577b3d72ba959b,false
d6d9f980b9a708cc6106a293e780415f197ce9bc,false
7c4d8d918fc52b3ac5be4c779ae3fc9ebf22b2f7,false
f5a4cc4f7052499bb65e9691a02420b29ba4c05c,false
ba3a8316d13068f52f87462ba6f9a4368e4c8e73,false
83951ea9498f151569b379cc38ba6ded3e5a29cf,true
bb50898b393744e5bd8dd8a3e3a6063678732d2a,false
920a9b283ed083333e0163f9a974d56b6883583c,false
c268ed670b554853915d93e701c30818c6ebcd5b,false
0a5583502fdd9a6de8ec0ed736397ec665198ea5,false
023804def7b140445a2a08a29f3fc9e10e9c5294,false
6fbd526c4d5de954960997230643143bd92a80eb,false
5baba4a5bbfe8965607b1caed6f1c9d7777a228f,false
1a5698c3d1ae69e6143adb17d88ccaf205a089fd,false
fa68966f1bfb034ee0b70e31c0f2b684952e89c8,false
35935da839c9c3759248a1b8dfe3be242c817603,false
d1a775ca7ee3a3291e2bd56dd8b7fff0ecae7479,false
f4b242e361072c50610494a306c8977d28423b20,false
9715a01c6032f78a3bef6c5d6e8ad922ab79491e,false
f99669dcc0a2607ae3149568753d5ede0a3db18b,false
a9b6707da0afa065d5795724f8ff66774813bf5a,false
cc4c7642bf385658c606877a503ccc72864c9c5e,false
3c20f8f494d3b990a814f2d4c029b46a08d8fb25,false
5c7960d6f55729a116acb2f7a731f9095dd97b75,false
ba9c2d4055199a0f55fa06ed2b288457cacfeea1,true
3a0cb6e5f5a8db1e7f3e5a09291e402ee8ad2a4d,false
fe2a92558a97a458a4ed9718b85c7ca508056c3b,false
c4e8f88327fc829d47c02217bf6ec4bfa9c8d025,false
6aaa418fdc7845d1dc0adf4f485d217e62e027c5,false
a61b01ffecf0f789a2f178d21da01185b9564e79,false
32752c4a0ad815f27098d062e3226e0df2189239,false
625c1c14623dbf0b800c94dc4ac93f90dd514a32,false
bba58c5fba574aab1f58847b608fde2e410e7384,false
8294677794d848d7abeee8e35dc485e5b353afc8,false
be9ad541d8a0488a6eeda8a132154f96b890d43d,false
77898109061ffa186eaf3d7033088335aa930635,false
d54dc9834af82b68fb88643bd381d71b713e301a,false
ac97356797088d890b61e0f98daa2a20ddd1dbd6,false
46bafcd7e9d2d72f5b300cb57d3a11dbb1f86354,false
f4b8ba33aa058e16955a2b12bb0a936ecf149854,false
bec0ef613b3ef2ef399c39799c651a4da7058c2a,false
fd22ed59bbf1f2189fe79311368a5f1f4384bd24,false
b5c8c8c75de7e1dc12abe90c86b7d81dc7f95944,false
5ef7d62cdf045609f38ba4b95c63252a881ad2d5,false
64b3545a65910aaa32f782080d99de565f344e41,false
22111000053189bdc85a7bf2f71e7d463a27fcbf,false
fc097c9aede336d22b1904c695ca591b0badf3da,false
9764f90a20d611932c2ad3db784f490956ea3475,false
635e827d9b2f5b146e5170e1f5c04f555f8a0bf2,false
3bf2effa3710a41e903d03bd04b05dea8c1aedcb,false
34ab99d3b9ff8dc1b2813d34588c4bd1879182cb,false
3390d2921d466cc4d2a711b0d40fae875b8bf120,false
f236d8b175dfd6e5312cb0f9178a98cad7117940,false
ec2fae6fc6d21311d0e7e86ee909e09bb0041416,false
e3db367874db7425b3a66a6bf69258973b3f1ea7,true
afc3ae3a302dc31096cd4fed26d521b16b622e97,false
fa268c24958c62a980e332ba96f8d33fe7768665,false
16e1ba439e90f90bb5bc6571563e0c42d2ec22f2,false
3e8c6c4da8b382306d42a1b61ec202a3cc6f59c7,false
4b65bc4b32162f7b7cc059abe80f3032a7b0a66a,false
5c60ec3d38bc7e4cc1a3fa4ae6b9c57c823dfe97,false
41913878b1ce86ebad17648c742438e771bf8c4e,false
c691033ac95d05e7062a3c2c2f136126d94dbcf8,false
8f15154b662f76af92498dab4eb969ea354703b3,false
4da4118b0e5fdfbce99fcfcee51f41f8a2e0b7fe,true
f3b165d08757cddf341852d388d4afbcd710c8ff,false
3bfe6987e9843bc88e360d43b98c0e721e62b583,false
faad428be08fea3ce62ac3969904a6f388ffdffa,false
bfd338644a685406376a5cd46dcd50f2f1d258e1,false
c27391cdc9871fc92812e489695c9f1f55621338,false
7b56a73d944ac714eafe896465e22e04b03a3f6b,false
0d920f8d4919da26a047e23e9ef993aec9b86f09,false
124e8c5e734117d861276525495bd58f0b2aae7e,false
4130a7af2aad5fbe649d893fe2c3379b1c96910c,false
3205915abf9fc1614b939eedb068383dcf0168b8,false
54aa454f6aacf436a5ee63e7cfec894115fb926a,false
76fc5907fbc55a347631332c11ff72b88e94198d,false
11ba34ee33f5c2353a180bc31f162530905a0b72,false
07ac4e9ceab39f68ef184b512bec64ca467c7fb1,false
71b36a689d4c300ac4ab47d8277f3d0d202330d6,false
f8167757cd39d50cd9da343df7a37e20486d0ee0,false
7df1c7a9f46251f8bca47cd620a24b2e05a10c09,false
881adc56f6842ee7841e0c8ccbc4f0aa97f4f9e0,false
9ff226cf76a8273a879c1b6063b0211112aa245d,false
f6de9a0b0c017d0f3cb7f1e36181dd308ad6b6a5,false
b415e6acffad8b41981cd3ac9a9d5617eadd0fa9,false
ea5ae82fec417869b969f808fff3b5e4e27ba086,false
9d35ee8e2ccad3a3026c15f4fc3830189905b40f,false
374c582a71634ec223c6af47e643fdf8790d4a7c,false
32869d2e34865f6945255b705ae4ecb0bf29831e,false
9b527b587d483872b9c5515f13ef291f7d613f7a,false
4038d0548c23f078a9e55977d704acd8d29af51c,false
3f3d63ed174f602cfe17f9ebf4148000e490ebef,false
e1c453d839cea5c4f719359df8fb18e30ace8f07,false
f524dcddb88599ed0a8cac56c3e73d5fbaf1ba01,false
286f50c824499400eea8fc81b736583e96f7967d,false
27156899812885e9759b32e9038f13216e446718,false
923f12289ee5da8108498f324acb09d728370b9d,true
416e41bbdc95b634f371a7a40ace1d57a80d2f20,true
697609c6162c32c565efde120ea0a09940ba945c,false
607829f0a8eea01bf196cdb4854176eba5c90417,false
6a4402ae5500963e72c381a7bae9cfd92bbee7f9,false
a5aedf423cf3aa79aba8e4f9f54226a88d59ceff,false
e0c10cbb316d218694cbff1f80ce71cf81f1ded4,false
c476471fb6155aa61434fad089916c14d11016e2,false
a976fcd5c12923c8fb0c5b4b92fa2176ae3d89b1,false
d78926f15fe3f85b666eab07e77597e41348a71a,false
3dceba44c5b22d5af30842577e2def5caa1841ff,false
01b8102752f298484e15eb344c05d8350f2eeb00,false
ffbc1e0e06f6c47339e4f34a4c923b1d22def926,false
ca14d9af013e9c63bb75cadad0af4d2d2c588148,false
b8adb567171f6c59d5cf0dc8ca2c445af25191f4,false
84b165f5875d5a0a008817f8ac20a3b0e7f392e1,false
1f6b02e9c0d038cc472d394335a658030846237c,false
e188b130f24637b5091e3c4b6cb33d4123cd6176,false
cb869786e7a2a06c60d98b1d6bd99a9e790f8dfa,false
a5b025c3d59123de739538c5a950bfc3ef0a94e1,false
bd6aa74e69b6997a1f1852e9c6b76168d4a110b6,false
647f95e0ce075a6c9b0e021ffc3c4f3359eb382d,false
6ae034761d8da2b3db1058aa5fefdc401cd31978,false
6aec1cf3e32622b3e72bb64b0017eafd52fe64f7,false
c93d1b280fdc7fb6c6e6e1379ee69af21a6658de,false
f49db902201303029926d28aea0e4eb3031c74c8,false
8f17fc90c0e444ee06353b25401b96d4a526a0d9,false
d152ccd64f97cc88cd3666421a8285c712b5b478,false
8f9365050daea14712be3f6c30a11be42267b32b,false
f7a08110bbc0557b707c357be9c699700d91df80,false
68a0291bbcf7c0f6e571b23be383ffd1903a483e,false
9fa5b415aa5abe52a45c5a021de6b1122635ce41,false
001a97406771d99af0c107a653a897b167d995bb,false
6442d093fb2d6e1d82aa7e9d29c46e972eb576c1,false
081e05d022cd7b57699203bbce40fb67871a9e36,true
3e015321e2e905d0598b292a08e2c3035fa8ac7a,true
c7cb5015142f7baf8b51a87135e60ac37e5008ec,false
1291466363a43e0e3025583762e3249b356cbaa5,false
446361b5283f0a0ae8d406d790e71491b67d9d60,false
4e35bfd827b335f6a6e4877e33cf9b1a1d009d75,false
fd6f16e85fceab3ea68a5da19657e8cb029d9782,false
139d57ba6d7c3f7fad229dd21f43713f0e88edd6,false
132b573beb6779bb1f69f22b1e9690a9258d0100,false
5ab750d4de0adb9f542054832058eab48e5af3bf,false
0f6da836e4c11683b5e5af2082c944edc189b8a0,false
6b718ebb0717a3969ec4e4c727b510ed1d0a3f31,false
c5983a8da19f8f499c0390c74eccc84802f3ef27,false
0e7b5536bc34cf1f35bb0e1efab4ec00dbd7d958,false
b991b9b03481e32a052ae2d71393a6e8fcede07b,false
3e2f26d9e4203326a91e5d2af486f89ac2d0b6fd,false
9253e310ea53baca7e3359c784aeb528732f7dc8,false
191cd4ed0628d0510bb2d067408b4375a71c0f48,false
3fe521682751d7b96719230f8d04ccfbe373bc8f,false
c9cd4345903e206b8d4cf0f32a3a5d24a365c40a,false
788be28b0f0106d7835d7a21e6b5a32a88ab35fc,false
8f1b28933ff99c4d293072055446cb4e4822a3c4,false
ab2c55684e604bf03dc9589c3efa5809fb749855,false
49216bcd9b28c1a274889a523aa2315b54247579,false
70fa1b5c41ca7867545a5156ab5693f8782c5056,false
68a04c7b32e9758aa89181572b4f792444d4d308,false
da757ba13e3f6c8a81917f12b61e0198e0431f8c,false
18cc30881c6c97a3fde6f4e4e4aa7db9c3cb3af2,false
0cf9f97dbf2f1e8e59bc4c1c6cfb0b360395219a,false
39f502de9dede3a18f3a58a2c093f0b3e95d6beb,false
9612795f1f671879c4a0a542c91c4d7792fd8d66,false
efcd4cb40d44738164a5e6b37d8a2c8eb2d5e000,false
d64f7d813d7d87aa2e3455b82b1aef3688d52b8f,false
077168dedb00964d4ad5af3382d2f5dcbf8bdc86,false
84895680e8b17a68b3dd8cf4dea1f0726cc24039,true
2bdacefc2918b81260792df45148d89958f90a87,false
3928daad2d8925f242dbea17052842aa433bc52f,true
b88361910d05ec57539d314a571c6260066ab229,true
9703d6678aec223454eeec1ad95b2c85724af49f,false
068e6270596669f2a5944a84587a043d3be7098f,true
ceb597d1deb8a07ddc7268dbc57e849bcef69bb1,false
c0791251290cd73a58823381a18f90cee690e0c6,true
80e4c34482183066255710c309f93e8438904f58,false
18cadbc7874dd679ea75a829dad71708d7fef6fb,true
fcd828ca552f7c266c2ff4d273ddb66039123b11,true
18992371b174160c95552c49284087a714d42ede,true
ac39b87528743445168326164c6e77f779bb2ba3,false
9400f6e91d4305cf0e8c6c9c645b12e097186c49,false
596a596e1b154563f9b89a28843af817fb27b67d,false
64d53b935c6d3afa4f74cf33d1f13648ad2c63f7,false
36523fe934d613fd10e9369169a6738ba524b075,true
b855169e3986afa33b5a55f0601463e12e1ad828,false
e118c40e80cb04fabc7cf488bbde69a25f0f7ce2,false
5b094ce6a4e46eefd5edbe42cb4942de001e55ab,false
a7ce03d5f5f130cded721ffd5c051f64329a9645,false
630c166bfe7fe6826c337f1bdb85aae378172a5c,false
74440bd1ab1d810822fa81d5806093b339da501d,true
6a59fa9c853c3ecd257fc91fbbd7503ee9f03f84,true
b7c8317e8201aae90c7cb405a5530ad2d0236d2f,false
326f324b18cea2878218acf9832e84a372fd9a55,false
2815c56e3bfc28fa88cf54d91fe81ce43841d9f8,false
59c91a562966725c64aa53585798239bd9863518,false
11bc4376906f700fe1bd87184043c5f6d78128cd,false
ea6fd562b061e12d0802bbe90ff347d19c9f682a,false
14e8696f927d623c852eef8204fbc5e639356f3c,false
6380a17f465bcc810897048b147d70efba90ca31,false
2e1fee60c92979d5a8930040e0e7b01896b09383,false
94b319b612bd1fca81080f569da3633c753287c0,false
5ab5bc94138deaf34715ec5d9498813bc59c9f92,false
c91bae095e75a6d7f1745af9c377220ecae6d689,false
7b7b7a68f079c84d6654d04733ef11050a7221ad,true
7289dcfb21ba8af60547c83331aa899894b09ec3,false
ff8c3c7f26385822dfa82950e4eb76559418a0ea,false
d1f9ed932eb8587d8ebfcf298feecbdb76ed608f,false
cda2e96f217e8afb0fd2a01a133739102b5390b6,false
632f7fc237386675cb5ec6df1201e333a1be664e,false
cf6e7c917ea298cd6b7fe82ce58801ee3f0d3c0d,false
f08e711241f7f5e1d446bfef067b7f66096c57a1,true
22767976bf4fa3258e27bbfe9d1c7c9b75c4da0c,false
374c11d60149610bcceafa6f791abf8e3a727c58,false
df9519ae2aee7d2da999da740ba380f66b457159,false
9c48c2bdd7b7cdd90532405247428d983c41c02a,false
51ca8e48db15456035cd3adfa9f486874f5534db,false
6b4b5efeeceba2dea6a354a8cbf88e09eef352ed,false
d14d5d88c098c6b9737c47bbd6cf8fed0e6636a7,false
c339a63a4ad92cffd20af4e9afd48ac61a6924c0,false
fa472db8c9b3d4c7ec5201ec552f6f928b076814,false
4ba80753479920a90e912d8002911f6873064930,false
cafff154478111a41db4493a2613dcf6261d0d1f,false
f76717b1d7584ce9b0d664358f2cbea1eab8b1e8,false
6ab6b1cc8503c1b341b6c35cd49b9201c0828bab,false
7b57eb8be7aa1bf83077a5d253448398c56dffac,false
1d1d61fd318c686776848d58733e6877d39b5ee1,false
54509ead227be3b22b399bc9a9e402976d62491e,false
4e6dba04143472f33ca5d4e31c2d54a04fbcbd0a,false
4dd62fb25232ec81566f75fff902f9e3e7333342,false
c693019cae11cc688b4be867623bd96bd047246e,false
9824e4854a0b031ec0d57465f821521cb8634772,false
1ba56f4caf0dff70be4a83459363bede54abebcb,false
396e4b8b782ac6c5fcbb08ede6bba11ffaefcd35,false
5ce627a503699190b6e40b5583ad214d74ab5698,false
4c4d02e80438c6deb8542beb9a3b0272855173fd,false
9ff381ef4ff1e371f8752f1e5e736218ca2f5a19,false
d14fc9043c4b729ded95281cbfdc75aabb2f9af0,false
a165bc239ec446017a1ccd76bb0ec12d19ed15bd,false
8053eca6eaec4e585e863b8988c381739676c536,false
849d3acff08a3e005448e114afeeaaaf97360832,false
eed8cb50b733baaf4d863f8d1e50f54a5c6b9a9e,false
d3003b4f85499cc089f473d2ae20b517a494dbd1,false
f95315e48b0f968673a2354761c64bc275805dfb,false
a7e9b8535cd9a66fe0e627b35cb4d4a771572307,false
a87eb8fe3045b7c3b95ad8570d372e6d9ab86989,true
b78dca245bbe2b1ce04e1d4bc0a6262f0b9e2640,false
455d88067e5a4825d89bf07e753999afe5ffcdcc,false
c3715ec4d98a770d13e207064ba5b1d9647ffcbe,false
c8ba37a9db415a2db4004671f2a81301c2ec084c,false
b9073c57c78f7ef339f08efc9f6dae28bdf86b35,false
2f9f5d78a8412d9f9ec580cba3546c10093930c7,false
542684810dbeb0076de06d7cb61ebfe41deec45f,false
573631252a22494cf40d7b2633c4c0197f95d38f,false
f0c626ca004f2cb241308ad9c344db1b77f517dc,false
92e929c70b4bfc4a7e5e5f0a6b824e2b26904b55,false
e6e3b3d3f26a0eeab4188de58e3c7adeeca2e7ac,false
a15c8739a369e834c77f6a13165da6ea8a377648,false
87ac439809ee29ce1c16519df4637c97ac6aef3f,false
203713cd5d8064cc02866a95d9108d53c908a658,false
d8d7f338855b1d1b7317ad031223493d49f813a7,false
4fb90525787aa1a348a1bbd6b44e29016187d286,false
7463881edc8448fd6f9c78a8ca192412c1a49578,false
05b5a815aec896eb0989481f25b8896e25464420,true
e1ffd7e1bfd34c1182adf8d426e3994353b2da8a,true
a4d350b66211cec3532b3a3802e79b0389a0b706,false
bdc9a01299f6537184a3b978cdc55404d92f3e5d,false
6380461716c53daab857d016af7f6e93af5b1866,false
6f165f632ac2e81f16c341a7cf72efbb7feed54d,false
be986e1caef2ad643cec5a257ed4f8e1441b1a09,false
011566fd9b1693b7b0eb97a1b92fced68c878d3c,false
441534be30b721e5345558e1487164b633919bc2,false
dba3e1900cf9b973023161717ac2fffe0a81a80e,false
ceaad3c5d1069a7bff0ad9296e844f0ede834777,false
aa5482bbc5409b3db0c6b81897e85f392d7911ae,false
f3e99ff6fb69e96edf1ccbfed33374198c2a40c2,false
bb1c57f9e99c930f50274431066e853a15b37a05,false
c7e78f6f2b2dd98d34f5dca88d057affa89663cd,false
4b9da07136a25ea3d050a84024b571f48baaf5ca,false
25e7f7415ba2b428140dd7ef1959950f6a54326a,false
f5226b098ad667a91961f3ff4fd4e5ec0011eff7,false
aa8d8f8d2b3290099a0fb6756e3435878920c8b1,true
a902c569eb47db9aae30e4b4f4b7233a616844dc,false
ec0f8ad22bb83f1caae8fbc557a3a0def693e261,false
d5f1bc809cbb863431eb3bd7e9bb430ccfabb0b8,false
3c6f139be0044f08290b1070f6c5bf1d2feeb46d,false
f054c12075361ffd6942f027dfa2098c110df89d,false
3d890a9b1e485d165052ffd4caa8e2bbbcbc3ed1,false
cd179b9642a61ac233f3a61263d0b9bf55cdeb29,false
3f2e6b1a400f8c5dec6d504fd15139774eef167a,false
7d62e9a0cca6fd06971addcc62ca2073235561bf,true
3e3c9f9620a9460911a39b8a0a8682455c1902cc,false
488ff1d7b6d3a3596a201158c38bdf9ff31b3542,false
7b1e95df71a009f9fee745cd92a78776c74145a7,false
2a1a3ac6ee024403364535a21e3813e6610833d1,false
2391dc54a21473651142e7517e5bd432d49d87f2,false
85b20a3a027f3550292f0f3509832dac1c6f614f,false
e601e07be9bfa7cd6e95d74eb364e5c5c94f9092,false
cab5cf8f009eb5fe841c747e2f249640d7ee9300,false
8d90fc68787a63fdbdce0ad7d65b4fe48e0ef5b1,false
683240208f186ea8a5cfc4cd4c3b2d9e783f762c,false
ef413a65614e4247495a40b354da336882caf0bc,false
f549fc6d1dd8d26651f81dc69d14f497aa95bb5a,false
caf4bc9ea60ce6e60a4a2c203ab9a4a8b2e81264,false
2d8e65b91e31cba47de2147fc27df066751bb0ea,false
946b542787dee65cf5a0d902d132599314037a60,false
ae14327e56fab1b2a0918e2678b2a263e3181090,false
c7b0989580855ff15c6d9a7e90bfdc9008793421,false
4a49c7e3e4948cebe7d3fa552a2a23dbc55eb47e,false
0e709a58fa109386538716734ae58ff355d6ca73,false
5906ec8a1ca1fa002f4fd5c8b5a1dd099cbcc7f7,false
44899c6bc632f1a8fc776bbff3efe2fe739775df,false
77581d4596a190efb26028e7fcd4c0443cd1bf8b,false
06a56d46e339a736de94dca612609b0a4c7f7989,false
e400dd7e93ea159eaddf36869d20c9618828e92b,false
8b91e25bd97dd14c3a1e3a9507103ec32e870185,false
8f20fa31112959ec7c26e1714b697825b581886e,false
e6945e26c3bb348487c282399e76b3204c7f62c0,false
305ee3afc2904ac9899e7078452438e0d444f1dc,false
2e51c0ce682df398ba965aacc37390b8d41a44f3,false
7efb058a5307a2a6bd11c60a92b2248120c078b9,false
61ab8ece4bbd921ceb995f3514a6d81b717c8768,false
76ce744ce28ee912faf07d4b90aefa9db0686207,false
38e95208aeab7e056b471bedfc2d35baa9bf111d,false
15cd10c3791a81a9e03e7ac6e60e3747d40f8e5b,false
6b8f4f773d00b96c8343ff86a7ecc48d18df114b,false
75a738c06ebce20403f47c41fc2c46ee680226c5,false
a19c1f3ea2c090ee8eb5a669fb558bcbea423ea0,false
1fe5fa391567aabef57d81e9615653fe345c8357,false
e81c9ca676636365ce4db431eaf446f5188f2bee,false
a606775a87f5b12f4bb9cf025bed03647ddbf25a,false
79d78fcb63ccdec652cbb61a4cd7ebf0aefdbfbc,false
b45b765c24dc030c030930c9fef1a3fc4b7a2a6d,false
3a96d37f2e91a7182485296a8457e7b3a484df55,false
9c73128c0627c48ada04edac84bbd98d86198422,false
02379dcdb48c610681bd3fa4a4b9f0f73e3698d2,false
63c7ddbe545b5a95d3cdfda0f860264cbc2a7f9e,false
807043601ebbbf7e41a61ed1ad6ee90fba1250de,true
853e71b07ec3c01d7bad99bf969d556ef62fe153,false
ebdeeee4265ccc578e0aaa04216c60392dbfbb55,false
632a0898a31c5169d5d6fb66d5de72dd9551955f,false
a926c482ec55ecb912b1a7d4fbe2a5eb5be37c02,false
bcbba7ba1f990eb908b63391afb327cf9fb18b73,false
53820c5b4812ec1c3f6b84b20f5fe688574919f2,false
677e97caba00d99bf2c0cbab50d804330930464d,false
2b455cbad0c8f3c4de949ad496499c26ca0947a5,false
1d2cfb0c046f8875f1a43f3b3bfa1bea797d92ad,false
7274ef164293619114cdb081e6c94c23712dd85b,false
75cabc8e101538f25418818d74a32645cd1c3db1,false
f4b519e4d3444fb2208fff049e11cb0e7b0bcac6,false
d7f0ff1909937f0b3db4fdc15e0c0a39dd39b67c,false
cc0551c397efe1d2009fe0012f5190e44c22ed47,false
0b841697df1d2bc4331e8c28e9995d08b8b9d684,false
cacc6448744cb44376fcb0fd9f2df0ac23f5328f,false
0f60c18a9fe3fe3d5743ae288ca9b612fb38d46d,false
32f0c0daf8154236f4d5dcaa48644bbdebdd5341,false
b7616ea6b5a8a936b361df96abfb4e879d265611,false
35b6ea1d4b7a1807ba90bd020bec41a84dde65d6,false
2856b589d6e7660e60f9c3ace773c7d25687c42a,false
d99ffb8b28dad8911f7122230d47362b989eb34e,false
0e32dbcc4f5077f23cbd7af281a5a163f537035f,false
ac1cacbfaf9d7307d5c841b4e8554f0e5056f230,false
405e282e844b4032d76034047dce5dc4e8e9a4ca,false
4f87ac9a02f280c905d8ccf973b8459385d1157d,false
05b637467c08dafee5a02c429550a8240c425397,false
51f3049d1344554bfff4806ae8b220e48648a475,false
686a00e86b9475aabcf9e6a0ec94bfeedd5338b2,false
f04b96dc7f801c223b3aaf8506d4be4390c96816,false
54d2b6144f7a702d34cdea5571459bf6ccdd22e6,false
d6acb5fba946199e965da07d2327e42afebcc7ff,false
f599f190cb53a1109f9f2670e60c32015e24f321,false
f45814029c2a1f27e1c12da3dcabeac597aa2181,false
848d6b9745b3804a613dbd54bd80c00eaea9bd24,false
866e67449f91fd1ced7f09e232d90595433883b0,false
23b195a20b98a4e72d6f8c97816c221a2b9930e7,false
da34710c9559b94bbb781c80918957fb50a0172b,false
307f93e75366510ec7760ec9bdc5018ffca2e46f,false
68330877c1d5ddd8fe02d9731990ec2f8725af8b,false
d75f0b1b5abe638ec40bc468f5bb1feea483f759,false
b6e8af34d066fef0ac2fa9e715c658fdb3e12124,false
1aec7fe2ce1feb99ecc9164326584d42f4bb60c5,false
0eed0e7ed2edb2ae37ac49a79d5a409cad9363d0,false
fa96c027544a43cd260afc572349bd6a719654f5,false
485bc91c95ddba15d6b15d257cf474614438d3ed,false
ab206d887ce84eac21c4540fe2b58750c45ecff6,true
04cfd902644b3e8b83ea13bbebc51b07d7dab385,false
0c9093541bccd103fb2c3702e3d010b4e2f4f213,false
9edb4f4287f8aee918a369a2e99dafaa98a44e75,false
00595c27d61559db6e1e233a7799e5196cdb24de,false
5316da185d7c5df7efdaf726ea8f3ca6b2eb5a80,false
17a34e4e0a5b658db9b5a726996e2ab1d17af5a4,false
2562547df2047c845fc315cb87504dd441000ee7,false
12bbf6befb5c72df84c1a3ff28066cfcc5386b91,false
ba2c38ce73167bc0d8f1f8305e6531b6b7f1975d,false
2d39361d2cc3a244610dac0e1a815c5693c82a2e,false
55d0b4f70b5fc2b9536ed8ac0fc9a2b3d2f36345,false
4c834917d4f20827fe3c007cd7f12d8f60fda517,false
30acbda3aa9cc62f3f2a231d2f66a3347339dabb,false
7ba04441dd49440a02f4198694e3d9b6548c2494,false
9ce36d83ee51048a0b2296d77661839d0bf9c004,false
0c0f16df4c5150e4eb8234c4c405e99f0a892f3f,false
3b2aa1867d489ea5abd44c99290168a04ec90e22,false
1b6b4aa7dc3d5da791770d5ae2a0f9eb0fe7e8a2,false
e09746f9647ba80f52b26caf52b34a889ff93aad,false
9b7bb21ec89a9e144c1e11bdaa65782f2bd77fbe,false
443505d3618acb98c5a7d86284be64e46f16c73e,false
801edb796e5564962ee0b31d0c05b63500210134,false
5b4ec3a9fbdefd77c97b48ac4b5b983ddd880a20,false
856208c73d79544c2fe74caf6e7c6de0df554a51,false
c33b6eb5267c0b733ded1ec3db5b8cc48d839b8b,false
8b64835d5bfea95e67b517f4e88c28e279f64249,false
64fbf884b670a229308201742084cee520117f88,false
fe66b121ef36b6aab1e2053d76451e3902db8877,false
7987b65f47d896d932e22125224ca1cadea57704,false
e52111557df5238fcf59ca7843a9df788865ac75,false
335e1195073bf15e475b247e1873a229931e587d,false
8f14384c315613567d39b3c5aa612d61f05c3b91,false
a1b3b59d078e4df5ef7b480a44b99d6ab6270921,false
f0ee497b299faf4aadaf342863d06a13c547cb9f,true
dd3fa41334a738bb2a4be31b10df3dde9ff73a1c,false
bfff6378ce97d815588586f572f9d34d97f2efad,true
6d872906554d6636ab9ba0427160cd944ea1ca49,false
9640c933f726ac641f73a34e55eeeed32d30ed3f,false
9614a987d90e394b1fe6c8bc4c8bd30bc77917ba,false
977ca397bb8f493e2d199817e495a152da103d7e,false
1b03ae805a9f1836c6ebe9ad6ea7d82618654131,false
8dd57cf195a89fa90d7911911aaa8bc158a845be,true
f1b8849c72ce54b28ddf1faeede9efa255ff8c94,false
9a40b7896e056288bec0483ba134667084094277,false
e723dad128bfe2f9d6f0fcf3ed0f306965843657,false
ddfe55dea5bf072e9158a1495b354084c11d2c0b,false
064812a7ed090d53c213880232619bf3117be261,false
90262b048df379f50352fda31ba07448d58888d3,false
b781b37fc64e2a11d8e371198db73067797641a3,false
bd5d484c61b7b7544aca36712c57679c93ab38a5,false
c9e0e142aaef340fceba8d827cae9f255846b251,false
b8e08d8a4b8309b075395e9e31dc4c9d63b9b01f,false
7eb3fea7e99f1bd89d6590d0c84c883ae098a093,false
94f60eba76d3b9ddbf1bf417df0310dbb839fe2b,false
9b7bd6ec746c87fb1629d265e596838ecb565286,false
e33afa0336ca6361276618d358ab695554b2bcab,false
450d46b8851b1a5082d1b75b0fb7b4b6e33d5af9,false
3f404feced707e52cf503176ee63620d2c26fccd,false
ec540feed3b8a0c6ad8a90c12fba2b6f69304098,false
88c51ad4025be1db5b4c3fc722f9aef64932ce69,false
6fa6f63e1342d4062d5baa6b84cf17f6dc65017f,false
0a2721cda4d6c1a663e64ee74b1c79e5220a6d33,false
ad787b6fb38d128f100fb72e42b355d926ea5b0b,false
4b79907cf778082e4e231364cc67b90f4b23b35b,false
807b2b8bb7f7dd43df80bb5e8d4495c52605320a,false
073f7d6dc6f9ab89cf00395744aac57cb3245ea8,false
93ef85bd9d08c68c86c49e74ef1de80496b56809,false
aa51209fb08e85f43772f28aa93cb85d0a00a71d,false
7d057b1507bda054cddc50f0fc0a339b44105d54,false
9a02295df037638600510f6992427c2160cc51dc,false
6e9b66f0611cad73b43fa7ffb3aa96bb44ee48a7,false
2587e7eabd4ae9d09e58fcaff0b3c594f39dcc79,false
c545d9e2ed89e5aaf97b97a5a05118815469e5fa,false
5263ee99b6c3acda393c4718cdfd7b2e43955b53,false
99908203ca3c418ccd25eb746a655b7445b5dc7b,false
6fe7a0eb8b264d242b513f8b8564ad764a7acf2f,true
ee468ad2abcdaa4a546089996e980224a179390b,false
1f9cd480564299468c80818ab07b23d102c03b37,false
8aad3c2ccd406ee9ca317acd1421741c8e2948e7,true
60e2560222393d69ffb466a7630f1cc9f8156578,false
da1c4a2f670cb3ec34b7d08400cd0b16947914f6,false
f60b868b328d5caf4fc8ca36f6ea9d67a5f93a83,false
6f1c4c07e6d2163c1fc0a3047a42671a52aeb27e,false
a3b1767c79b1768c69a5ec2563715cd84b2d5f27,false
aab76b0cd5da01529e00602727e52ae008faecb6,false
9042261273f92ea6c28578176967a7bc62f1ccc1,false
9739307560afd73e4b6ddbef82bbcee4863f61fb,false
a1ea7860311687b670c99ffe8e63486add39a745,false
aea2f4973bfcd2433d3dfda0e83040e0793feb10,false
b25b000691a5fe2655a631851ec58e83bd980951,false
69e611c61b0e3653dea0f67744faff78dd0edccc,false
b388e5895e5b9f4163289fcf0895c060899107b7,false
b3fda41ea2ef33118b7eaf4e4adb713acbbe7afc,false
a17ec00eff9ffe5537147956c3d9df78aa4b59e3,false
3b0a5db5eb589901ab861d9c23caa6f460b5ea8c,false
c1f43a201b366aa2c856ca896776b57b5b7389e8,false
3c230253de13a3448a07b42832d3838a38ec3ff5,false
026f9b35482957da5aa08d687ef2dcecc8079cb8,false
2ff46e6a3d493ddbdb72b4cb20cdc05aa81e38b8,false
61733a37d4aab97b4d33eff88d855bef6785925e,false
46d2d2fff82318588f3f4ac81e8033462b0b0391,false
748d2837328cf1bacd5f663420432500906b3d36,false
82a390fde91f9725494efc1e21c829460b1732f6,false
a0115404d6ac01c9e625c0874cd001315070a8f2,false
8a8cc45edfeeeffd3a23471a19b2b98abf96cb9d,false
a8adbaa1e2e38731bbf64296ee496ef1dac5d0cd,true
2b4d1831edcc697cdb0065a76a7ea9e20600f264,true
1106e5336798b2b15be00d92e716f2b3f98ef2d6,false
0b60dc9127f0ccd5a85f2d046434e41e2d661d04,false
518f4858f6412d51cbdc9d0a7b3b3711cd2c1c66,false
36ed768160b5f42d2695ce249cceb4f51832cef3,false
fa199d23d900da676a8e156e4d9317fca0a6f600,false
fcb64c14ada8d0d3b6a009d6201ce1ebb0e93c76,false
cde2186cd5e6e95629ba0b7fc5869cfe47c1a2e2,false
74878c7636d573819825834544bd5547a1a4c2e0,false
888ab958eac01d7efaa3de5f9c20049ccb0442fb,false
85834a42c361b52ff7e4bf79f0adeac8871083b0,false
2ce5e668ad0ab23eae1b02f1fa1452ae7a2098f5,false
876e0262f79764c454e5e5fd7db674fb5ffec26c,false
484711e5a3822941ede5c59752c336581bd0f554,false
03b51e47269ad4af27e0c3c09338ea8f0ce2ea63,false
75ed9801a1be52b755e0953e831e54786613003a,false
216edf2409bc086db8e480d91e2f6be9578a5a77,false
7e711859bae87012b929f7e36586960f1197e8b8,false
eb40969e3395cb9850e65b6f163561c7301b40ef,false
8f3867ad3ee6b06194b9fcbb11fd2756ca239142,false
2df1581dd04854a96edcc525913a6dc0926a4ee1,false
c6dd1a0a1c925e6b0bc3a5f23e92a34bb2089b7b,false
c6b5e62fee9a2cdc72cb802090aed99a5cf9dc0e,false
a7a6a70d9d814216c093794e6bcb55c643d50ac2,false
a77909d6118bc626df2feedb6935b9af1ebf2831,false
1f02f9cf35919b3ea986f3b40da9f80e0eed3bdd,false
54506f0524a63108a3bc7e8f29a5335c152d85e4,false
56de66cb62739ebc16219fbfb3a0d1e45e9ea2c3,false
a9e60187cc53138905c4c72037daa06a452374d9,false
132b31be86c6df0e2c97df317a35ebdb92018310,false
1e7be6bf08b5a23811d476b15d06542255c90197,false
7c08643add9f2b891e99119c9911cf4758165a57,false
f960508941faf689b33b3f0e3ba67693f84e8337,false
0f3c2b5231d2b2c3ff68096f932574b143bb27fe,false
1d523aaceb71120119318de843e6fea27a171a0b,false
ed0d402435d71a785be9224089a75352ec7e01fa,false
8d7d156db4baf19895b58b756ffa663e4ce2e6cc,false
c9836878e9bbcbbf08f50b74c7a40db182773097,false
9de1eaa5b2b83a33a91489507b1f99ec3b742581,false
3f94f11047199960ae95d7f2c6754f682e583415,false
ff9185f483a7082f04939479dd97b603acd3e88d,false
3321f92adf08dd003116c66241938053816018c7,false
9a8f9f2a90cef7e99adf055f8e5ea7868c0d9d80,false
36686d9af585ea1e3fdf6580e7ceeff8a45bfff7,false
8023aaed3a1e3ee348859466a3a4e521f57516f7,true
c880b0321e288e5a5d80ae30cc57f2e323e61182,false
a131db188ce356c78e1d0ce5eeaf46c45b6180b1,false
be15cd921c5c34b89b4b55989359a78510a6fa15,false
c0591d581e8043b44e1b018241776dc7840147bc,false
dbc6d5eb2d95f26f37e145530605cabb2edcd0fe,true
bc2b01f16c1640d9d4d563ab58bd7e22ecc365aa,false
01e8769b11e89b9717cb92b1eb3130166aa0ff49,false
cbb87c691197932b300895e9a4fa036f001db981,false
c61ecdf45aca3b3a6ede4417c76ecb4b3dd86913,true
1016eb6e0cd1f1aafcf0957fa6936dd95fc151fd,false
6013f6e3f651826e1cefed127d6793fe89c2e7a9,true
5a1484e466ea3be2f69175e2713195f93969b5d5,false
03c1a7f918646fc0bc14e10022444eee4773f0fb,false
701b90e4d4b54dd61d2b1b11bd44606fa476158d,false
cb3ce509fa61d3b50b6ba2d9e268b4913a3bf7ce,false
ffc505557aed8e65a3d4294399bb8054daf8de11,true
eff03b3e32f7264120d98f7921219414f2f62204,false
c17e7e73ad8bee981e4b10ab8a01ab12ec28d554,false
6b36a42acf84f10070e4191afd26898a88bed66a,false
547a58d25f6df10adddd7bae8ab82792d0e82c30,false
3941687f874089c22611d759b72d83c34123fa53,false
d009ce979367bd81a44dc66bc496e670a86bc950,false
51e1d43e864d31c2bfebe3c389bb07645b772c39,false
ddae0441507ea82b11d7e30bac8b8c374f626e8e,false
1ec224829c4e2d5883f63ddc944fff63a7e89ac4,false
2e7aa90d10d3cb52354f9b02fce3f7811a310c1c,false
a31b6df2c8e5ddaf4679a0f1745714bd225ee9b3,false
4c29b8b4af1e8cfdd98cda94ab9cfdb14820832a,false
2e769279c5cbda07df1f6f9f4f442d0f0cc59f76,false
8de97fc50d7a2e7801e0cdafc3240e039343b9fe,false
b3a19537388f05174b1110294ca676bca6c84444,false
726a8f090040bdb5ed3af83a6ef67f7cee5528ba,false
26794708036328abe8133d078c3491307383388e,false
dddd572670308d61db299de157214b57ff730a8e,false
381cac5136b95e53ec1266cbd41feac459e2d60f,false
13a430cffb2f5646a5dea0ec3c0e12934e091cea,false
c550d7fda52912ad569104ac78b98271b82d716f,false
1e572c0e86965b777072a5c9ec715cf201f418d6,false
330c069ae40c5a901562c7a0a65658e528486dad,false
9fc8980129cbe76c492272b4937db874646fc63b,false
5caef535565758e8f1b8c5ad35bf9821276407ae,false
cfb3572108f2dd1bbb73e8535e63acd7bb144c4c,false
be593458125b3edbce7f83218a332b27e1bd0b03,false
3fa831c0752479dc46748f5b254debdb5adf661e,false
08c6f903ce7f2652d369a641205e5077e238b7dc,false
b9df09294dde26c4e850dd7f75dff77529fbde48,false
7c8b12e46d0d2142cc7f077ae5db2a11a70b6f5d,false
1030b12d59a8a0f9096b4fc59dc499f06313e1d5,false
fa22bf4f40bacdfb4e1075010772f37cf88be275,false
d2d63ab788fb52ab0a56b0f42d8c76c3c339922c,false
292765e4b96b8731d6c2b2fa360bfbf9f77385d5,false
34156f28060293e0206a2b9ca1ffabe5350fe7dc,false
ff9fa652c0c14e64d79354a49c43830eea7bab7c,false
d61e7264c78f0b5adceb05ef1b8b8c11214f8865,false
70af0691c4cc139046a4fdacb21480eaf42173c8,false
3b61d054909c6f2da7f552abccff53d9255e2465,false
f9c1b2a1df30e32f9bba1cfe70ca32b2c0f76a5b,false
2e4b88d67a2823cbf6ce95cd9fe1b5f360748573,false
14ad2488eeaa7da0d57b876011975ea7cf1e2920,false
07d29aa66e7537950e4065b0ce04a3776b7119bf,false
88876bea85da5e03d474178af7035b1e50754c3a,false
a69b25bb4fb769b1ce08cc7a49ee1b78aa072968,true
2597fd21238e414e29499a2e80ea0678d15c1969,false
b086df4815959a21b60b25885a46870b9499388a,false
3bc35a5b9e2654ce447b23bd70362fe0e85a5600,false
3e1052c93b28e600916c332aa0a59d2536790bef,false
1f19387149bcdcc4420d2df53ad40095f828f23f,false
c9641a0b0703a4e78fc2244fdcb6f71786af3eb8,false
492f416e85143ec2d71661271e550a5cc8207340,false
fc735295a874c4534a67fa603a1792f2e32659a1,false
fbd02fb4cea811a91b556943a6b5029a5a6572c3,false
9558e37235119fe7adffb17c78a3c142d0a9eda9,false
9671bf82d2687bb548f47a1c296068bfcee4c770,false
6c721d4db2998dc6272c6e962c85b49592482c16,false
3543b353f5fbf580c0d7ff470a3f381e06dc7c30,false
5adab8715a6d391b15893ad19309f7f64661b9ec,false
73b82057a1699809e074613b370ae8f57be34e49,false
92541f8ab5942c45d1ccc3dd3619ca76e0992e32,false
ae6315113bffa17583697b3c09bc0d5785c8b7dd,false
c23b431882ef06ae521f8c065f79ec1d781dca50,false
112da7478f431e6e8f5f45a76d4a36b81ea07c44,false
4f58b78211572e8520e199cec0d2b3f0d71ceda8,false
07155cd5f9b887eabcd8b519cc5ecda9af09c6b2,false
b70e5acd4dc954074373a6183067f790a99f299d,false
5efc41a373a8e2dcfb4d639d6295c53460142e4a,false
d535cfa72f9ee7395c9ca2fdd81dca68c87d2ba5,false
2131867647d8f1671cc4a3bcb0a3bde89f9d25b9,true
c1ae307869caa41b53d6c0c6d8f3fbfeaf4b0f0f,false
209681eb1b31723f3750171e9ebe6e846b22f219,false
0645528a6b44a1b1def4814aa87a25393007fe84,false
b1a0dbfeba918b411b5a8a259d31b94d3fedccd9,false
80b345a7258ff6c6f052298f2838c0b585999542,false
d576f37d042bfe10ade4a3e2dd184fbe0ee1d522,false
093d3ba7aafcf03b12478956ea8bbf23b51996eb,false
c53b20dc221679a90c3cbde186e6b775d3f9deb5,false
fbd08263a547be34a85cb3831d1956a53edc4289,false
468c5a5a12c34ab7fb0d71e7288c1e22ec596db1,false
8ad5ff601ce25458408c8bcc7ca5945fb173627b,false
07facd644c209c9ae1115f11db4def8edea5a842,false
51e0cbb50dfb2b7c64c6668c5180bd37177a581f,false
7de4c3b4a76a28055a9af3ec10d2b9d08770019a,false
386a15d7fad794dbcf1d2dd52f1cd4c2852cd756,false
2c4964e0d2ca748fd324f6c780ae0cc62fece128,false
aa8c27f81e2e666dfc9c80a09ed5a3b0ea5b19b8,false
de44555b48f57234563ec8b7b1278860482bb272,false
7c22af2c15c87d72d5b4a93d7754838f9ddb7732,false
5fcc18ca044bff4dd68553b75e4a730bb24b61b0,false
e0174a656411227e3de93d791cfa6b7249fae355,false
23c60e23210287b7fd46a003d91248fe43b9da92,false
ac4df0860e19ef8f69624f5db80d351743565dcb,false
2748610895009d6407e285e504ed95e7ff353e0a,false
64e57db4f88f8c94fdb5779035c8d08c5ce1d98a,false
5f70f97de4ad5996a032b8f7b874f8fa24bf88d1,false
29edae081b3f66e9679ab49edcfdb183d696295c,false
a5b4398a7e0f06cb2a73ffe0aeb3f1a914bc7e03,true
ee0627edb006b1ec083cbadb82251415c1d17a23,false
0dbc63346d7af2720c6c9ac3c4ec4db61e88efdd,false
b5feb44db6f1c58957d2ac2558f2d8f31812c6d4,false
e1f5e866bb2f40db581dcfbedd084bbf40ba2aa3,false
eaf95756d3af07c6604f8737896100cf22a5a68a,false
669c7a40e3534c8869e0e7cfd37b85a05355ad8e,false
04718d581b20cb2b20e6359ee7130e8bcae3cec5,false
ccdacfa3662e8418be86b557f465b273286b9297,false
bdfc0b35b3a9c898e4448163d42633868f4a1687,false
5998d1cbc0fec5ed4c72cc2fa3e052b0e0c05261,false
b1df16e053b5847fda5d61414de17c8e106b0ac1,false
8f9e61d621ff8508dd80b4585b1605944fd45aad,false
04a3b60ff2db4cc32afd3fb62dd020719667027b,false
f646a25c01027487d086e8b9cbb300dbab44af7b,false
8bc85b551b205656c6434267ecb153bb6a7428f4,false
6f40f1bf76df9f40e45ccbb8ce2b9bc6cfd37354,false
4bb1e2066fd485dcf508e2a511169a8f0403328b,true
6142bd9e3f03536f6d12e091ae0f3598dd679842,false
bab683b3382d7d78689e868002c59be2ed76c9df,false
ceb98ab6cc4d1c94a2cb7461d676b5779e0f5784,false
414490a47200de46f00c01494bc8d550dfc513a6,false
bba07bd3516bcfe434ff3936a945314463ad3bc4,false
5332c498f2f4bd956b522874295db2407859c937,false
71db83984f1f0ddb4e5a2d266facbcc62b1f565f,true
2b9ea8db4dc3deba788af463cccbf9de1f585df6,false
3d860e5279e49aee583cd9b4c48e28f4cc894fef,false
9cb4c2d61a30007c8f76415b49e00bcb2341f336,false
92be007ba692dedf55d7c8ae7a0950fa17faea81,false
2955277ba642bd950aa8d610efb85c2fec583da4,false
41ddaa3af4875f1cafec8a836985ff6c96fbea88,false
46e34d01a847baf59128f162b2aba0d726d693a1,true
7530d82c9f8a28b5d8a2e17e2f5b1f78a377a61d,true
b10e0e9e391b03db06899b7ddc34e42ca11a304c,true
323a9edf08f9ccf3d844a3daa9f4169d271484a0,false
ba7ae17b4ebc80252f467192a4ba7902eb5623f1,false
9f957c7360fd9f6a5bef59759de369f050121a45,false
e96061404a55289a24adf5dc7af01040db991e42,false
1f31c01af1ad2f1f2853869d14f25870e53d6244,false
50d0d9a4ac4115d8d7e01b77b5d8e457f789d9a6,false
506215d5637658b2a5e923a1a2b56938b868e326,false
4684e5284f27e204886b7685be27bde9398734d2,false
7e50bd038d282577e88f9066a28505199d7b09c8,false
b8a9a4bae67fe1e053bfcba43e2e47f17b0b4950,false
bae0ee6096ec9e08bd60008c1ad88f099e1746d8,false
3289167e2c7d9a87ad703c2b7ecff592d0760b46,false
0f71ce581e5d00fad3724827f93179d9fa9f46be,false
c26c6f42548becd5d22250e3608a04739f51f20e,false
fd03812d8cd64d4f8a823bc17d0ccf49adbb9e06,false
1ae31982aca4cbbdbf27312925ee9bd639da4a30,false
1c948fa2f3dc6b5c8e19297e47062c09921ddef1,false
16ad77a75b402063a5abdf8f5ee090e5613a78e8,false
f0c82cdd2ea028e91ac509f7487bebf96f63731c,false
1021b8aa58c6c3597526e02278546ed0493a5c40,false
e0539802db65ad78ec9eb6376d969f5fcf5efbf8,false
cf1760e9b7e5aced4105d902f44d95993e8ca815,false
6739854546dd4edb94532ac8477dcc9afd32803b,false
15eb00a8557ac213f29ec7c18013f53b65ffad6b,false
68d2fb92ff9276ecf0e8aa51d1a4ee89e4f2ccb1,true
f24889f679380f36b17527613454809a2ee28f7a,false
25e232b4747617b7cdcd420a74bf1278aef9a603,false
551d3fedff5e0d3e94a8f72b56af6feb3368c601,true
79ac96e46d2ab7f7b98cf251843d04562a36a662,false
44c8385ae26d6045c7be8e1f10abaae51cd519c0,true
2759a68435c3a8ecd65d71e8ad95f8b67e84b293,false
bace2eda842acef33231ef69d4cca097c4ef3556,false
3feb0fd88b8f87b7adcfafc53f10fbfc26410d76,false
c4a212649156efac96f81488c60d94a8e3b4dca9,false
5376ac40d255acc980144ebcc00a8252d89aaf9a,false
33d6d635f5d760aa17e0250e580791ae4c812490,false
4d7ce049aab86c0af0b8c443057bf7a933155214,false
f8f2934c6874fcf6a06145667576738d2001906d,false
d1aa572071175e577e0158d4ade3dfdaf4a265a8,false
9d0231fc4961738e023eb495158ddc20241194b4,false
8408053e29f37bfa06588242850139ec02a53f04,false
1b91a5884aac88e5f1bfb1769261a038e5dfe557,false
36bdce8c0afafbe987b22af309fbd94db352884b,false
026c22077f79af9886505b8e506a61b1fce889d1,false
8d5620c183a0e30c5a00bca0824ad12d8989f90b,false
3e2f38e331293d7c6440ceeebf80b973df7f7044,false
a4b4769771b8cda6caa148a39a5113df5f27158f,false
443502e85514697888c688f78421181a6ea8629f,false
0d2929f9434cbcaf10b64ac621538c12c54c649e,false
c11d745bc64b5a718a907a051ae4bf9344373a43,false
6569464db61cd48f5bddf4a69be77efbae350422,false
367ea3ea75992e642af86faf05109ccfd7dd38f1,false
5cee175e48dd607efb34ba013e4001798dc432e7,false
ce623ba74720ec03fa2b67897cb85d61e4a4cee8,true
fe93ba8fcbb1a460c4454a613edb0ea2d166c847,false
8e97eadb6d1c396cf710b3b2158a3d2f5ecfcf99,false
74381b8ac28cfe0387020dd2c7eda59d477113c7,false
f5293323356e273009b2c5ca17f82aeed94fed91,false
5a85c5f0e3e17bbf425426ee5507818cde984ec7,false
012391ec24ed285432943357c5b5c59e475e5909,false
48849a4773bc3cb775d84f41344e773c83b82b60,false
569fad8e7bbc70653f26171b9e66731a6d87a6dd,false
33178f616dc906bbc6d69c90ba9c643fa1c6b06b,false
dc9e57e9d569292b1d106d347ee14d5a1a6e310f,false
f8d3681cd24fbf93ad82095bcf21c867cfd153f6,false
a37d207c40e88513087afdbe91ff0e224e0fc8c6,false
fdbc4cb4b9e2a2230187d15b5815a7189fd3b35f,false
53b96a200c165379c920ae846efd331e8a969130,false
57bb58dcd766256479ecbf8e5215888b3680354f,false
3136588473f0c9716717febf03facc72f85f799d,false
c4179eab244cebe020b995410bcecc6552d1595e,false
d092787e1322594b25e5b5d7c9d68a00d0a49150,false
9c4b5bffaad4ce1f14962340d638ba3fdfdabfbb,false
36227f9cb0c4359d8b3df7d335b1814243d6590e,false
3db4f9df468d887903dd89a24ee43a5d1e4776fb,false
5459fe68b5192ee9aa7cc687dae871c80627b43e,false
c3b7eb4ade9000bbba29de7bcd85f99e87ad03b6,false
5531c14990f708f0ac23daca7c29dec826d0f4e8,false
5e9d11c5c1a0652baca20a3edf0ed25d4a67ead3,false
826709df0dab3ff3c944b891cdb5a7ff709c8a57,false
8500866ca26ef0e3d1691fbcf6dd2f65ea36d3bb,false
9755166768036d1f95c60cb1044ddead4ccf4dde,false
66193908e4577daaf30e1e68600510d20e952538,false
96528579641c1ede8a1220d9fc845e672ff70a08,false
db3ea71f98083df7eea9eed84f9783e45248377d,false
05c403eb7ebb5d8428d9eb10f6359e476820e6ed,false
55360952a56108a160ba882fda93727a3a07238e,false
7b620252f11374431ce347551590e635beb47781,false
2268c7857f03c528f64c92acb0bcd6fcf95a2b9b,false
8b247ae747fbe55e03cdb2b13786e27a24c63550,false
04ed7af5fd10dff0d163e6975939ae0842253f3d,false
2546b946eb3013871d3fc5903795dd0a17e23032,false
5d88eeb406a323af3836f4c29d8f8f19793dbfe1,false
d8ca31da25687ee81718c69813d58736b2dcb659,false
61cb2dc7041888729479587a4864d61fd6d9bfad,false
f14798c3971ec6c00f43dbcc19d710b43d1631b8,false
e8f0ad88e7350e1527cc496329f4cad5ef3fe95a,false
d4eb3157f71b342e36cca90d92ff9ece108507db,false
18da66d31b1480c459a0ea15ced7bd4b786c818c,false
4a51720c931f2d951786d4ef7cbd54c78374ec5b,false
0035119b3610aa52dfe1846c82fe14a0feff142c,false
49fee1b1caa7da88740791f8e994cf0f3849944e,false
ef2e373f9385d2de2c65f6d0b07fd43e7e6ba441,false
a1cbd5a362e31b2e5d1026e92df838bbbf386c3c,false
264c1d39bfcc18405229b3c0679d7860c9523efe,false
02c75ae8aef25afd80d3645e150d93d1e7e5df2d,false
ce4e26b3230dec85f9ebe3cb61b00cb265354ca7,false
7b064ae015613801bd55b83bf63110de88d66bce,false
316e999814170406b14f89a62c915857f88f27f0,false
ba2112e1da3c6467e384039ab0b2fa2d0a3c11bb,false
f15b314471e3b3054bf0b984f88750156f2f1b1c,false
db1bd5888ca037098b2d41ffeaec574f3c2b9499,false
826841c4d9f0ad53cf4647dfee63ed0ba1d31070,false
b408a632087c95c8c4c75d297ce1e50d7bb856cc,false
b8d842457f12f2301fa44833460463bbf26521d9,false
f16ee56ac4535eda47d04fccd1a929dfa51c10e2,false
323b9f4ae2372e535b32e5491ba31c362cf470af,false
acd8b80a0f397389fe5680e99c6c709492523e42,false
8607a83ef9ae93253097cf7e007e84c9d12b56ae,true
ce1c84abb7701c9eeedd091c95a7d8ef19937bba,true
ce08f8436270aa6c00824c26426a8bd690113d9c,false
ad27060c815d1c84946582da1a4a6bb8ffcffa87,false
b5673ff42016db782c6f6499e7545b3f33870c8c,false
d024bff3d96b8b446ee16a94f341c595a5b56f16,false
fff60838076a56f50155e9577521a7e5d0d8da04,false
5c7d60c5c6c52ec32fe9a7cc78f0ba77cb8c5054,false
940f83f6aba0c0546fbca15f8ce886a40667c127,false
ceebcc5042885ba49af564106a6cf419f5a31f63,false
33f6f5bd7970e91fd32a777994faf2c48d2ddb60,false
f37956159ee620b62afc24be79fdc04471d251cd,false
691f6c2442ed1afe58051b9dbbbb4886835be485,false
c160aa8423106df01c91514ad041a9b83d64b5e5,false
23355c8d5c4e6e0f1428fca0b8e092ca1ea655d7,false
e365495791e5a2978dc0508e27d63fd1c167fb11,false
f56b6b3e98b09f11dabd874b527f457a67fbed00,false
22606e33aaf21173db25beb482f98556671ed68f,false
3093f5456c93f43fbf3f9e0fc26b5618c0a81298,false
f6efedadbdc60c72a1327fa2573ef08d80a9ed2b,false
4c9b30a426db88254e6e2d05da96cbfe8eeab71c,false
21f7ba99411066c0ae3ecd76acce26457606e24f,false
b455f1fae0bd696b5719457b6865f9f4531f75ca,false
9c7277ada7be3c22a9e52ae0482c540540e23a31,false
93958f8d25e7b4ac0f9ade1278ed3d9cbda3e0af,false
a1e9ec2527266e147c23c025cd67ba6000d89976,false
e710cb11c4bbf11bb98bc89e60e6b6faa33b2304,false
3c781d971218799317f7c5b4dc0815b74ec689d8,false
611ed129493a3cb59e1994cdcdfd3e64504444d4,false
09c86e00ca61aeec41bea4801527bf0a317283ad,false
5fc44fc4249dab6bdfbcf71158e6d6ebd4d42856,false
1547f2e5966d35b9f1a99920c1f6accc363d9f87,false
6d92f91c30adb2a41c3ac0162059471293844af6,false
75c7b8c4ac8c3891462160d75d3844bd2cc9940c,false
d6bb5cc9581785a6e43ad6ac7c34d30c3b27cab0,false
4cb4789905e77d93b512d4445d54c2756b15460b,false
b2befa08b160268a7ecfb0d0f6ea14d8b517d5d9,false
c39308c0b62ee9595d3b61d6cfaba370ceed927d,false
00f33e1a812926904bce9451ad572f36c4979701,false
17e8d14b769e19f95fd8d030d8f0d7c996e80c7c,false
5d33e57fbe3c594f48cbe06a16a4e6ab7fc0a9be,false
fb7a7062e74d62321e97c82086d6ea252479c5ce,false
2a264f0befa4c08e410f1c3e0a0f0992bcc3ab18,false
3330a3cfd5aeebeb0b14c909461a5e3f7b0262f7,false
a36757334e0f69d34a2bdec92af4497a6fe7298f,false
4b92b0dbb6b2ca7dbe8a85b347e3081a219ea9c8,false
64f39677a65278c0b45f510da156ae362f1d24eb,false
f6102d11a40e57c27ca3d4fa8db10a684e77cd67,false
497886c3b5d214ef28946bd4905d4032c3419ead,false
9f4ef0f3956f71463a0adaf87838b24348a99793,false
fcd7cc410bd43bfc599c2198ebac6fd11bbcc37b,false
73c9b6a3ac21f44ba419250f1f5934128c0edf1a,false
e0c6291a9578dea29e7e76c26fa341e8c063d134,false
2d125391a548a4b4a96ca9907688077e9c1ab1b4,false
982233b53f25f93e2cc80417c042cd5d346f2ac1,false
74387c0f5ee6658e7ea2246924ff10d20ec04c91,false
c5a2d5814fb114c3a7df143c7f64e2db12e675f8,false
076e5ac167456b30f344b515cf8e4efffdec952d,false
8a0461b3af4957cfedb182b41c75bd8084cad365,false
170d700ac45c3e82860e682ecaef27b53827d4a7,false
067791ea2e61f56b386d9757fa4317deaa38a919,false
7f40b0098722612ec735d29f0f629284023ce257,false
746ffdef706e11ecf85ccd08f04c782911f0418e,false
0a2456c9017022fb2b8ed46ad8798555a78b6ead,false
d83c82a2aac8a806c9a9ffdb07dc005bdfea115a,false
5ec64e45b10dc332101dce4d3bbb9c73be0e91bf,false
ce9a6ec0e52c81e289a9adbd238c1de6857b2478,false
4c8fe527874f7a3efcd28346fec25606905482e7,false
5b39b2da7bdedeb6f26de4b40b2adf88adbc81ce,false
73522ffad0669a09649db357f7b35ff8a2bfeb15,false
8bdd19bdbd8a252ff74610defbfbfa7a18839c1d,false
c11a314a4699be32d46a8f6c4a8be7dfbc93134f,false
f0fff7ef517280f82065e805ec66cbefe4ba51e3,false
162336b4a0c3de1c72a02026afd21f34c3d8a32f,false
9efc0b1cd5a270a823dab2ce54890ee12ad8173d,false
bf881f8a409d0affaf2504b09d6a5c1b4ffffc07,false
6c4978b0530c3cdaea9db057211f9c62bee9c418,true
82fe0bec7b9fe2cdb4c7ab0dddc0dba52116ac8a,false
22b34fdba0cab8d1161c8bc06304128944110ba7,false
b27f0ea9fa7d4433da7cdf8eb409b52fa7ae6c97,false
0653ead0b53f1d0c11e9a255658bbb3eabca92d9,false
811c4393aeea15a43fb2bf045fc0390a3b956f8d,false
16d51cd83eba0d205ec7abf3a435f07cf7b0b8e5,false
9ce108edafd130abdf433a1ff541ba68b71367be,false
37f273da684fdb8abf9c7471249b62c9a7b924b9,false
e6dad04ae553b14b656021e91bfaae654beb6641,false
61e644281385414d66492cfde5060d3a8c22fbab,false
fc8444eea8764eb6a8dde7923f3a4ed4e911e222,false
861d2e52629c8cc5dccf5e6d9f737c6dd2163688,false
f29ba548d461791f92526cd552186a68668ac17e,false
96ae2b71cf415503e30e140ba9727c0f86beef48,false
de8c5dffb7e4587cdf2c9d9b0d953c1a3cc305cd,false
c786fa0dee5446f0275e1646e2569f497dc45333,false
190318aca2c338f3b04ea5e57961d73d5c58948f,false
625fa0caa847cea37c9adef03a5ef9601aed5810,false
4d142c74668d402f4019b90990841e3b836fa278,false
49b7d5869d21365ae52b07dec5e4194a6490f566,false
38cdb70db76914a692a52bc16919eee374a4c0a6,false
43cea6cf22dffcfcd49cf956f6608b5c8e497507,false
2a7a76406a5eaba65fe5dd7e044bc70ac789dcf5,false
550ea2ca585b00d122c608c707deb8a7df56fcb6,false
1598c24dbd971ee768538e61e4a0ab54067af141,false
5cf2996a8e794dc3f7fe48c9763556e0b4ef73d4,false
b21ba1d017ef69a833b9855ae5786221cd7a9fb4,false
fa1cfbb7c0ebc6b31f070b73c23098259c2205d9,false
8a2a72920104fea2a7e26bf282b6d87611dee6dd,false
ba55b8e3aaf29bb057f58135702b2bf71dd4b624,false
0c21c1565f22041e97e619e05f55188e84862113,false
c819449f2a9089c4f9f0e359c88462460690776f,false
0d3c2ac5c472602d6e93ee4bc1cc01556ac00862,false
0a18a5a1816db7e3a6543beb506cb498a419cb68,false
5635d8e1c70aad7986b0081c45519201a7e3dcfb,false
b9e5ad77628bbbc26d34869a97a52ba130727d58,false
c70eafce3f7f0d49d4473f6d2ade7c2feb8da5b9,false
4e6fb8f596d1fd79cdb070aa0d0ecc58e541db19,false
6bfd95d2a1f413de10beb669de640316830edf92,false
dc62536680a004d0684ccd5d17e11df528934e19,false
ecff12679b19d2b6d1d03a33e9aea5bb00ed4773,false
4021c3e440c89abd946d4ed7f1d71be30976c61a,false
cfd5b29564f81bc6498eaf3257decee8e986ff13,false
eb3fe097f552c1ca7bc677d9b695892f1f5d376d,false
5e32b3aab08fc58f4c33128ebc9c3926e9757d18,false
2a02652086a2571b487c0a563aaf63233dc0fd21,false
059d1172dbea03111eb3124dc26f426e975e7793,false
d8fd7cd7a7153aae721cf4a296f2383e21769fdf,false
2cb6b541287882868039d213440526078a85628f,false
60fd50e670ad18ebb86805472bcf9e55e2c3a382,false
1a6d70ed7415121b56f243882bec40e3171a93bc,false
f4edf841be43dd1555f09cb23070fe8f29919b30,false
3cc7d33c3a3e3e518be7208bfd429273f74f65b2,false
caefa034410515381fac0c3f86ee7c7a9f7e46d7,false
2d023b77f2f0710a1f60eefb2ff28628c95d9f25,false
759296d9d58b63a664184ab9f7cb5e542467cb3f,false
5a3a746cc07b654a4981f4180f31094e67a326da,false
169d708b7adf8df8cc7a8c7a8b59dd0e3e95c756,false
7bd25fb944d3210a8b77a1e07a048fe7b03daf7f,false
614cf6d7709645de32e181d3684ba73393d649ab,false
abd84544eaec6f049972f6ead57f77c7f5079671,false
852267908fb5eb7e1c930dd8fef3135619b9fef2,false
5b9808462fd60c43f4f4132cf3bbb80eb11e596a,false
2f8fee384103a4f3fee45ece92a293fcf38d79a0,false
776203ce0270c0a88844a5ad5e5b7bc5cad05769,true
d724cffcddd01389402cfd47a7312625ce373817,true
0ed59ef9a06e80bc4cd99c803ba4b09db26634cb,true
f039cec2c392581eb47f6a9631e228b52393a2ee,false
fa186504b91137d2374ab35065f2cb1f16cd2a71,false
fc109d342557d83d3e67e62187c9cd8f301310a7,false
280f7724c5403807d3380157d2cdf8b981e898e3,false
d39ef92c1f5e875f59aad539a59952a3dbe2d526,false
b63d5ef5fc5caa750093ed28d5bec4b99845921e,false
f30fe5e75edbadf2c5b81b5097253a210037c294,false
af1868f84f8ea27f64e9e10be4e17767e4993951,false
fd01ecb84109a189f2e9205942fd792fe543023e,false
43a2d761da2eb67474857c18307c11a5b6cdb5d3,false
e2ece89afc218850a65b4f5941a7ff20fca4e1d5,false
fe14a30f70f714c26eed74f6fe792a4b88811042,false
35f64bb2ae00a5b6e2f20081cd109a0a040204b9,false
437e665b6b40f4e88d8f3b73ed08c466836bf942,false
ee7b16e74810eab013ef61178a2f52997fc6e9c7,false
0b5445775633827e4bfdc04e03fab965a0c2bdd8,false
4339888821e07c9f9abc69eed7324941b7fc4f7c,false
e7110d146a925f2e3117583b15a2a6a49ce31e61,false
9a82ac93ef4c966c8a73f384ff17c60a66b9cebe,false
dfbb58395080339728de84b75d9dc59a33d34bf4,false
ac462791694bd78464110945b56c34a442dd1de2,false
10210a85633de53d0aeff8328ec47ba57246f202,false
7297247bd2a4749396d916c108b97029f81e34c1,false
710841d28563b3b98e534cd819a430bc60f2debd,false
e917a8d7034a1049a7ff4f4b70502046c2d069aa,false
df4e6f4f0fbce68672c2e9bcf6161c9c06944d58,false
156f05bd06b1945987410be13a07dff66edd1457,false
8d8cc7761ecaf2b788abe323692d0842956d6dbc,false
6b006458be8c189fee07d987fbec5e9e1b0820be,false
503b1487b34328870654b36356835ee24f6efbfb,false
147d4fd9db4b402873170369a877bff2a7281c6f,false
8786a28c9799ef65928f2faef19b1beb2916e1c7,false
ba8a4f42bc60a3e5b6b6c286a540f38e6e6b9bfc,true
4c26994bf912e38f558bb3e52d0da87995fcc3eb,false
df50d6b852d68e0b8fd5f5c8a2b3621379e61ba4,false
e2f976400776c1d6546e42d84c479970cdbf70a3,false
451d430600d69987c1ae0e7a198bb565845783d9,false
7cfaa1d88b537cd53d123a2faa052b86e42e9c4f,false
3f38c2e1d718ef3f22073399a187c3560d7c2765,false
c050ef0814d372b569ff33794d7cab505087a0ce,false
86438a801e50758f5413dde915cb89162d286355,false
773d7c87b09807c86374bc437c8036014ab46904,false
a33871eacfa1516fafed6a6193c4eb8d3a6433a5,false
06a43dfafc1fb6e4f5bba12c6508d916549ebfa9,false
c33bc105adfabb175134146bf9e1637b859dc6d6,false
43cb9055b57f55a7a7a28f7302c21e6e697fc22a,false
b3eb58da0d21a9de8b70612e1ba188c0eac5be68,false
ef40427495d6fb59ce7a3fbba6fd2e948e3e0936,false
15995c3684457e891ecfafa51cb5b2f76e597d39,false
d75c68d5b19c39edb89cdf2c42eea328ec9822fc,false
44a7ede29ba8144b92d8247acd9f6f760f820388,false
547b2b52a7d2f8c57d0bed908c220bc965123f98,false
e13e0cdfbdbb4bc40bf3920f05aa6cd82f14f013,false
66bd08cd87e69cf7c4f730b131adec0ec7fc8a71,false
26c9e923224b336d20820f5147b591c87566c8c8,false
d4756f1423f726486e199ce2749128caae349e83,false
fed9e80d7a017ad57348bb386ba04b9d7d91938a,true
f99c1521126ac81c3b050700b7d2bfdf3cd9c70a,false
9d1f0826870d03c725da53286a0a049b77a64835,false
24e1ac07878cb75864d9c08e60b3834bc8911b5f,false
b1c4b80370fba47b6f2b767e933c303eaf5e7b22,false
af9f3aae1648fad3f20e66ffb350d72746df45ea,false
b825aeab04ddbf372b507d245e0c8ada8ae69819,false
c38402260207ca057b23c12155c117b285649328,false
36699b5a201dda6e30f781e6c6417c37b97d3efa,false
f2dcc90b109235c4da8356805188af5fdeb64686,false
b15bb8c3fd3af6e094e8d430ddcba850278351a4,false
830a43b02c8b32e8eca02c97fbdfd0d854f3e559,false
489ad67131ae81edc1a00103cc0d190071bc3cac,false
dce60bb37c1d9c1a664766e830bca53c631bbc07,false
abcf82ed2680c2482b63222b98bf6ad47b4d9c2a,false
c3d342a6b29b48f10b9de24439aac6a72fd7b64e,false
eec4fa7e70044c4ff1115b0f890cdccafa0ca6dc,false
69cff47682aa98abc7019a46dbb1d5819073b6f8,false
0bf917f896e4b217d54696cb059cff203645ea09,false
fbaa6a3d1ab6298021fa8ac1f200f8de88320690,false
3cda4a615a75ca605f2437d66cc9dff7e3b03158,false
f60cf47115a3856c8a8aaddf987e0568c3b5987d,false
5eaa9d955e74e21d74b0b0172131881f56ba6de5,false
f3bd286b95f99406950c73181c757ebeb8ebaa41,false
57e74c40ad0e543d982f02908aa19658117c2977,false
0c295acb1f2bf3fd4c12a172a441816b79407a5d,false
e186b462200c3661740fdd82ad441081d344eb2d,false
26c88bb6bf1c00d19e2cb52a6759591be1c8839c,false
63b9b2c9c28a011584f9839d2ad08b963381575b,false
401e81f93572d8cb2743da8a3013679ce90f33e0,false
5f7d1f4a41c1137b865381463f2453e2e42bdf4a,true
93c715b36603fb28039a9bc89a9cab48478ed3d4,true
32e1273ee6c21f671505f8392f38b2804b0fa7dd,false
841be488564af1932a3d3a1b0e3dc5afddbc1990,false
d8f6a168b96901606b026bd1d4a4161d7eb7bb68,false
f60fc44ab055cfd51abe2e847d02b9a2eae0ff77,false
3a4bf99171e778f3bbb497def76d2b8bfcba20fa,false
3dd31e27aa8f8aab84fd7f6d98832d7e57034e75,false
49b3b305f3f4aeaafc8c32ecfbb2199d9f4a023e,false
41236edbbef2a28f08b0990b788b79f6f041c2d0,false
aeee8bb3294bbbb0a053539d17ca9a0e614782c2,false
99cb6cd16313bd8466edd2720d858a3c4955244f,false
0eb2a339d60d1d3af4d92215cfb7e396dbbb4871,false
d0f5b4f907d8bc1fc2f158a38f822911bd367197,false
6bcb7fc34373c6ea62a2a69505f27973eb96bc52,false
56beeba01e6ed878956b4976ecb105e4945334c6,false
5238e028cacda23c47dd8d26460c7a1c776207a0,false
7054a3d6050cfeafdc3cffd089ccfb1e2e5c09ef,false
379a714f01dae43e16fb41416bc01ec01752a606,false
6cc60966a2f864a87f72c7be84b37ea7200f29d7,false
cfa6f9757ccb227b09619bc71a3a8db405fb4e95,false
e0bfa826d4dc60cbb7e90c2ec0817fc3065870ae,false
efde432f89470d0537e15679366ca62415c65892,false
6eb51e0495be51f03db55008f66cf5b107e63c92,false
a702b2830e880fca4edb925d0cfcd0db0ccb8509,false
0714e707afb74091b4df85922219c7c1b138020d,false
0aab804615b848d9b1ba2b6fa87e2cd8f18d407d,false
3c8ab9fdf192ce2a5df59a26073a0ed1a80ce713,false
e6c9bf2eb7ae379b0c08c98ce571c4ec91e98483,false
51220af1478170707dcec37afb1209a4773b732c,false
4b7168245ba3190b0eded304d32f5d5f501c9be5,false
2ec341384f7edd2f72e3d779403678c77c2d9ca6,false
9a67e21379eab8c053284d3b6e902926b0f0667c,false
f033bb23c90bbfe124f8c56f3f0c005d993bec9e,false
275d7b526fee226b2b33fb714f1704667c0dfabc,false
f577d9f5ca2b7d399e13328fdb8972d2a7936abe,false
bf448b4175e5771fc14292bc9a7b4201b77022bb,false
c2f5e419a3561c83971fd9243dfea4a96b9d3c8d,false
d88439992fdb498398b19e01fd301d42df0a9ae6,false
6facb42001a5fac8920e0529fda2eac6ed65793c,false
6c38fc818e18aa9f5d804e6249502f0f311f207f,false
397c395fcb0bde31d9f9094b87ada3b3e06e5b4e,false
b6613b96367342c88cc87b7480eb9e49efd0ad83,false
f54ea1a61e781685a1446379acf8cab4a6239ff2,false
6f38f4cdeab5a23c0cd5b5aab917a8c83384bd51,false
f0c3974261fc5b20261573be4085c3321e4785d8,false
1b68e5868b3b5a6263f5283def4b13e73cfbd336,false
86bd1703ae350cccd02ac3c0020c10f7112e43aa,false
b930a5837e640d24745cf75756f7875a4f709dff,false
7889c68e81f3c32617d6589dc616a5f6bc4fcd4b,false
449a5554d3b1b8c5f95e641cb2ab54a0cedaf8ac,false
673b6c57dced7697bc82b29d31d230ee021f5979,false
7996f4932ce464b4d7d38a7f6f596e772b33ee7f,false
ccde11037c268f04b0006ad19aef4bd1342cb394,false
8d57ef938d335b793b1539c8726a26544706d6e7,false
2330d6cd523f1d0f328ec450ec0ddeebdb0de53e,false
841f6ae2def958574098bccac8fb8098e577c958,true
5595e3df6a37222de0ad3e92afc87b22ad284f05,false
673655e08cdb0bc8143ab90d38b049f5131c41c0,false
3583d1ddad9f758b00d0e5f3a69286481c3540a8,false
0d07907918899cb1fdf57d479ab96a7f59840114,false
e39d91910f97cc8bfba1f9a1252b84a68924a10f,false
3c4c67e597f7bb45b29c533056608c6ce38d925f,false
5ce1f2f0657878f02d7c2bb651a904e5363653a3,false
0c44af60bfcbae6438b1961d54609fd89d7e283d,false
a5e8561d1ef75c217dad7af94e16560ad2d9027c,false
4ff9f73912958baa43455166403a1cc1e3f69d95,false
826d844ebc048c4f7c43d36e90684bed18e43860,true
971ef9d1bf8ce45b33ce8e36e87acca081aba626,false
c814747290771d55534936340d4d875700f65e44,false
f179313234133405ba2af8eb5e284c6bd19ce8ce,false
3f563139a2c3cb2a2e56d130948c15a6e39eb629,false
b897f9193366663e722e2ff873a970ada489e90a,false
6f1afc018b20511c303ee01c0398f7caaac6bf32,false
e780409d7ad86fdbe56b4fd5fa56b89d74226594,false
78114d2ff2e986be13753869559d742e51de7713,false
c7f8b7ba1c90744021525fd09b8bc4e3fde97b2d,false
e4417d9eed32988a60f6b71d33385123d44b4a3d,false
b74e718fd9ba6f5d37745bf6093eec2e6a1cb5dd,false
878075e6dd82456be796d7c7ef02c369d294446f,false
15d1cf4d9878d984465baa2d1134ff04f1f97d40,false
9df020ce31d725d437aedbc23c1f9ad265f8dc2b,false
4a86140822fd3b816da4ed270904a6dfa287f676,false
d6aa61be3bc8535d89c4de616f35675ed9eaf921,false
99db45da3f84f2b11d838cd9cc12820011a7c962,false
b502432ed451bc69851db749fc346394eeb803a6,true
dc700d868e0391674395985bae62f542cc3c70fd,false
a522182b0eaf20b439a2f3012acdcb2d9b750691,false
de6196c032573190160ebc6802bf73f0007e2801,false
9b708365043e93341f1df83a6679f7d1ed7784eb,false
43d41df659268c369f177b77ce61f0d0de2ec1b9,false
76130d0a0a29dea6b48677d23de447f7cfc62396,false
d3009dad4f981d04f5d4db4b2aa9e8ce59f38026,true
7806148b780a6b4b24db5b5bada37845efd9fdf2,false
0a2d5bf7fce1a3cecd40b023c2810b722062cbdb,false
b51b7aca737bd16e3eea951ef2d969058d9f60c2,false
e51368b7a0ff9371f53e61a59b0a01a7d10bbaa8,false
70b9507b0dde6ae0b4dc2ed79bcec5e4ed7cfbdc,false
c7c4f85579c341dcc5fef51deab3297660527fbe,false
c2c3b96412d75ecfaf6595bdaf4395e462e87cdb,false
6afcc8b0b5c185a360558107d2b5672e90d637bd,false
4dea38735da2dab1f729fb2e5c9d2abba8cf95c0,false
8b7a0811d02a102a56a8302d1bb3536a51f06fd1,false
8add623d526eb857e503a6672e6bb360557cae76,false
388388228507cc77dcd3dab8f4b738f18081993c,false
dc52824317a5f1351c26060dd272ab96a52f5d5e,false
0bcff8e199db1bb77b6b35718dc221c4b29d6198,true
e837241cb794a9c4b4e598920d04693a19212bc9,false
9b076ae351b94f6097b8b3d0f2db6d4da9e1676b,false
2b9f1660e954d29f72cf6bcec1c3f12724ab90aa,false
403afb9a728ad62b70fb74b08155e61b79477c05,false
530827af01baf2e572016888d12b96bbdaa74b22,false
4c72e5d9a47d67eb9dadbe20ca697d5ceda9bd68,true
747dea577bfe22e50cc9d656508236b621d50a44,false
1d526281b983b10d4bfa2eab4b57a9f5c0189fe6,false
43b17535006fa9df71b3f050e9dbb329f1ba889f,false
82987b0cc502e1ef0e8ca78bb1f2679ccff6ea01,false
7b8be0f695542597f3a5d650bfecc373727f7868,false
d7379ebbab0f4a541617f4c5660432e7353af0e8,false
a4935779c4e67f8fe3562a269f939ca3c35663b4,false
1d99d721053d180c6d295fbba6b992f8770b2c73,false
7ac9fc24e6955c7cb3f0c3a28fcc580b610cc8f7,false
ca2b062dcae199a91801e7d3689a83cab8405182,false
2847e3d34fe04faaaecf1576f1ad6714cdb62224,false
9dd9a6287375d1eac4685af44604b00a3ee6dc6b,false
2a3d5e28d6082308a3d6d205807e9bd5b5a12337,false
5470e84351106eb56af09415f39edae8a66b2b16,true
891e5a4f0793dd75033ed335a124c03b8cfafd5d,true
f963bc19c7c779b553fffc4dae1cd4f76d8df76f,false
096d5085a900a3ff03b86e0856dc35b1a595becf,true
5189ae2722ae6cddad71dc25d65ed04073be8c32,false
45e238259326076c50ddaf5e5e0a76086661b46c,false
a7af1738adc7b8faface4c6b5e9e39b703a23c14,false
4fde88dec3f1ad07de8e47261b3631da5550b0b3,false
6678c298e7b0ffd81e3474b8e0ed0ee49e7599dd,false
00bf0422b5411713d27dbf7e7320eebd9a99c107,false
eab9b88a3f7b89f1b593f14937464d1b52db27e0,false
fa76dc7888e30d5736e1a08f4fe7e5cbdf854d75,false
04fd3e0bca5c7d8d669c8602bcb780bad60afc31,false
4abe7f2775b3e9d6e9c6cc745dc685dab16160ea,false
1f2ec56c7309549d29aa5900d845133c52d56829,false
73779355946f6c3f1b731a155b2fea07dca50e31,false
379d0755c42da4339afbd60c652538562b54c3f3,true
05c38cb448bdc810ef854951951de6fb3a6e140b,true
e302371a5168c3306d353724f76cd3843749865f,false
1b5f8639e13da3cc132556ae6784454f413c03ab,false
368faee82f9a88aeb8eab4f2e47a780eadea5422,true
eeac399811462c51fa7264f0fab8cb70dbc85dbc,false
13281669c5a499662cf5968ed07ee22e9cdf5b6c,false
5a767d2930f7a538b721caea1b688029984ee1fe,true
5635a7bf01c209ab2840b8ec5090754fe4ddee21,false
196dd1b768127d4c86d8667a31a64d775e06a4c5,false
8663e01912959e3bb4aff62559b905ed46972372,false
f72025326db8953d74d3554a4ba611d47c31423d,false
2bf5a9540c2cd2445350486087da57ee63897ab5,false
af3f1d8b5fbfb5fff3718814ba5d4b8a6a40888e,false
126b0a3cb740a0b1ca543bfe8267ccd58e488824,false
6a9fb5a8284f66a0f9844bc4220e1b4625e71ce3,false
9a5545c4fa8d92fab14f3fd1241ed55b17d092db,false
e182e5606ddde52bf5e5d408f25cab4c8f940e63,false
2d9d08abb6a6f1e6d357c75aebdef0e91a010b14,true
14a3464c0d3cc4fc06e5329276063948bea71d52,false
1a640db71a6bab74e616874bf17d12ff942cb744,false
21fbf813322f07a699e59b81c3b370bbbbac6c95,false
21ff75dfc10196f488372b2ced8bf081e6875f80,true
d0f7468f0b69dcf7323f905ea0bde0b1629f11ce,false
dc6ebf92e8b94362a89a775b2841dbdb22002e64,false
f410b6dbf53ccc5c3cad77e8910def9d8a7f6727,false
832723de5c83dd99b441045f80f62d97cb9cb308,true
affb4621f6e4fc863e0ee12b3f8df7d3f669a78d,false
76dd03544b4d1b8df137ad866b0d993a689fc062,true
c6396fe32f330cfc32e7814e5fb46af23e7e72c5,false
6884ff2d881a10f43ea7166dfcb355d9ef02095e,false
792348efdd58cd7bc02efb69bb9e69888af9e51b,false
72caad78bd67a8284df8babe87ed418c9c994312,false
58a03e7b318db55e14623dea061807c2ea0eb64c,false
b555fd41f77f80fc69a58a8fb7de6339a7f2c107,false
5f7efc2cffb43b18b322ab906c01da69e04a64be,true
83564b9067291f146a5f070e020ebdda88dade03,false
08d1bf12d44af37bcec6b6a9d73887f8c43fa29d,false
80a9459a07b3186ba2821d2db38c50ff52abb9cf,false
51de401ad3c6cc94eb1d681fa88566c58774841a,false
3f1f7a3327fcdb65426ca23d441bfcff68ee35d4,true
8238a34e585ecae64704cce72dd05317b61399f5,false
6233eb1b2bd69c6ea6695fa764ee57635643f00f,false
e3d0dbb552f3c37cf8a2361b3c7bc5f5f6224249,false
95316e66ec8efffd99c26b1a4e7065e01c1398fe,true
08994678528d6ece5956aae97981617c1712b4ba,false
6a3bc6ae666054087cb27e1d71b810ced33e414d,false
fee8e6e3a8d65df1f6f0f4e745841af42eb49758,false
df1c01c95576eb44a52fa47cc0ae6236c2b425a5,false
099397e211ad3a53b49d7bd68553bdc61a68ff24,false
8787fac776978857fce0e3ab48e55d8c73bbba2a,false
e56a6c2ea9c90bd1a03341b188e17f51ef3e3f03,false
78e02e42af698e5ecbdeb50d027453071b86fbbe,false
57fa92bf9867a4d9acf3a015df96525233bf68f0,false
9792310cf75eb723c391d32399bd2d38521342f2,false
86349e7584a37c9b648f83d61b2ac67e47c1825f,false
5bb83451da3837269f7fd92a8c06a0b96ee0975f,false
15e0cfa221316de7261925cdb529d7ada7ae42c0,true
82e120f9edc186320f737076b735951bf5eda22b,false
1d6826cc0647a791aa6e17f0058274b4b9d6b885,false
6c9024fb09ece82c0ed03d87fef06a8118e0a3c7,false
b0207fa4f2adce2b96d80a1d7117d713e8d2a616,false
01a8dc13ca99284b5b319df0f2ea4d87d50d1cfe,false
05cbe69538de99dd9006ede9d902c25d63e62cf7,false
65296bf32ce725e290f500320cdae1f46a41e9af,false
d26a8d560cd736fe986673e9b34fbd5dbdc229b9,false
ed8fccbbb95a031cb50ac8b5723cd4cb81087b2b,false
8aa3e84c0042b485ecd7611e365f1750396f5499,false
9b211cf442139128fe321e1ec894a02afe2d7f35,false
31a3272aae69a07bd5b78206d71b31fc5569e01e,false
94419674dd04cc2b2e1858fd80ef19ae23baf03e,false
246120428df4a3dd2ea7db9d4bd28c31311f3bac,true
79d59672fcd6356060bee1650948e84c8bdbd192,false
edb35116b72845be41955263cd2edd1163ea31a1,false
1f9c74e7dac014ea1b49f7d26d64a054925cc794,false
416023b61dd6325745a4545bb9cc4c3e686aafb8,false
2d4ea0bda0d7cb041417de2510d4869b3951ec04,false
6d52a3fb5d97f8c1ad3fabfbd91dc4cc60b513f8,false
055bc7addb31e81ec3a4c02cf95ca0df81c046c8,false
8a28f4d323a7ed657a36d07896762da7e04d915a,false
c550897892010f352ed4455cee47e6bf51ef9b14,false
35cf602fff0ca3bbe16b3d44585eabb99430b442,false
35a6dfc50614a9559e7dfb5a34d5ab9672b637a3,false
dd825b76850e2d7e2b49b3d2da353b502b09aa50,false
1d60086a6f89d804062d739bcfb9a072cac10ae8,false
63ed37e015aab8dc90b6d73acbaf965dad8c76db,false
abcfc688ab05b4fe74b32fe22123b86584386019,false
b6228062990720d3c8fd821f4a9b73978978610b,false
68300195a775684c628137755d1f11796354fb84,false
4f633eb038c81d850a7e26cf17c57868d02dac77,false
c16cadee5121237893b4994aef4bc065336ac68d,false
c3528a872ec05924d8a166e316f8b137a2f38bb5,true
fadbcbf9ce4dfed9315e4ca1ae38e44d6139b77b,true
78c88976fef9d406d68d84007fca808a77ee59d7,false
28a2b7f835eee8ffd8e4a04358c4d55519b3ba93,false
ad973a88f0c9b0775dacf95e0c15b86c4667e494,false
23c555f6f4d961813f1b393a4a01d684f3004f9f,false
e2f0577b89f1bffec0c700ed9a8de961a1f285a9,true
9f0a2946986bba0dc271e814ad80ca369318276c,false
bb31a150b5dbf8ef5b53026d9f52432b99cc3c98,false
746d858ce9b0ae815a605f81be1f4d9664e61656,false
52a315ffb9384afe430efd1ffb945de709916ad1,false
124c94581fc11334d95451e9d5463cb76e196fea,false
1f3d4b65bf599b231cf5e5d0c134c678f986ea00,false
2dd80d7d7e05e22d1631447e6b581aad4cb02ee1,false
b9c34620924cdddc161c48acd5a0683ec85a957a,false
4226506d46482edb980de75d2d588ed3cea2acb6,false
5ac47d90560190d39acafcf29ae359fc35c83ef8,false
af2eefd455d3017519043353e64f20d7c1ea753a,false
c6dc1a52269d27152152de631076b1cd3d433c1e,false
bfbcae2baddd324dc53d2ede936040bd9bb55025,false
6636deb271b27493811762c444b38bf224677ea6,false
7048952f295310094a4633cba248913886475f90,false
437e0b798e0fafa0b7a0034191bb1e6540b4c2da,false
029a283c42ac39c1394d3b4f32f177d4c2016761,false
c8f7f1431e54d4008bd3ccc085959c677904c467,false
0cc3105870c592c87222251cb41a3b0df9f7d806,false
cff00599a65d2f5a5dec79c77f2980203191034a,true
91a6c210f314387ee64998a99fb79abd4184eb09,false
01b91a5cc55b71b0342ed8b262e56d54d6b1726f,true
35aab5be1075ff22f80c946fb972798a32db7b07,true
ba86157eb431650d0079f313646daae4075f539c,false
3755815f1dcf16ba64c3ce58c8c5d1343cde76d1,false
375785b7e9d4ce0cc1fbf50e5c3367f4d3b74fbf,false
7da8d53bbd793db52cc07a64a38315c0382132f6,false
9f3b30e7dc8dcc2097c3ec6d5caf6e775b354229,false
6561df2c6731f5c49331b9ee62771f60570bcbaf,false
09d7bb76fb763f7047316a64466b96854213afae,false
b314cbc709c6ace671b1539c4c395722545fa6a4,false
6df7f08b029abbf25905abf1bc79fde72934045b,false
19c250c291225c608220ac9f475b657ae14f4592,false
eed6477f2827a92251ab3902d5615eb4d3e1016d,false
eb59afdcae8e50c22ecd9bd0ab33d39e6d05f208,false
93fcf1ec3c1572a0129880bdffe2165d7113886a,false
4900d044861af25fd975f9d07182af3491916026,false
311549a67c5eb16bb6c53d74b7194332a53c347f,true
05f20d071d643bb832b0b86d1c9d643de9e18888,false
55da642b97612592d0db436f52d9671c2ddb0917,false
bcc1922e2a061b600c64896493a72615c334b918,false
0d439e95efbfb988e30bb365240f80e81a0ca7c0,false
e9b5d222887f23260ce311bfcf58fdde2a019b01,false
60569ca4ad8b448f5434b28dbf3803b757785d30,false
d655cc24387c848ea3fcbc5108d50f41f5a49fe3,false
3535c9440118adcda13e506d5bbb1dd7ba379cb7,false
0f0e6b3e153ca652ccf5e6b9bfbcec7a768cc9d6,false
9ff4db68c434c8866659408236d85f9d02d243ef,false
b01865b37b8f98c796ca1117fd65de2f0fe14fa9,false
97d59bccfa5902c2baa7184a1b2a73d6c9748e39,false
76caeb08030266b2c0696233dd29235a3f0c2311,false
75a7b49fd7ba08d41e3bbbeaf3c72fc077b62bbd,false
6c351584f8f8358167ceeae8e226f7ef0d075d67,true
fb44ba472e9274693fc14a690021c58cf794f50f,false
88d0ff4ae9ec7f1790d331b9c8af577e4c29e775,true
fe055a7c15ba1ad9d27d6f274fcd92b345f0e439,false
f762f1a2ad379e1a88bcf5b45d840314840287d6,false
b93c257c5e980efcf68649c9d2b9c43d6fac253a,false
326f6b381d2e36006c454d77cf3c758fe3042c25,false
3eb7590f77afc2b5ef8bf22578d0d1aa6bad055e,false
bce7349e3341cefd2c8a82802e6cd757f6ce4190,false
13953aa1a4fd0cb0870afa4066b46086f5ad3800,false
8433211cfc2bb57d46e4c849bd5fb46d6c63ae19,false
0d3f2d7efb3305c437d510fbfd89d6845af950a8,false
7120ea004d73e0ee2789646c4c54a337c4e2ed3e,false
f7a35a058af2ac92e147866792d2679cce5edbdd,false
20c357fda3b291f250ddfb9183676427e5ddc1c2,false
e619487c96201a9c3729c7834277643fd991cfcd,false
9fb7c705b262f0829c6fe9fad100ee40a28b309f,false
456b292b31ca201d14e592e9021f2e0a045d9259,false
41f878d23bcc055102265eae3ac794b889fb2a62,false
b1a238605caae6c36ca6bb5e8c29222279ca52d3,false
814adf6ad79c2294b6496befe0f2f279490ef368,false
1fb11e3d685416e4d2304f0f3f116745d2c358b6,false
ebda271681a8b376cf75e2d85f97989613d238d5,false
26371e36c2424f2bf55019cb9f3939a41c174f50,false
fd83b54c0a897fdd194eeacc48fa08e7a32b4eea,false
59e272762a9c924436ada723cf103a54d7ad9e03,true
04a07bc27f5568da1a47ea1deae474eb49e0a803,false
8d420987f0aa664fe395572abdf747e64b20b117,false
2087b323eccc979ddc6d0a8e9b7dca1e092eeaf9,false
9eac8c03bc5caa8fb15f050b440ea3e34f9aacc3,false
f496ca1e20086428754e6739ff31df479619ad48,false
e228e36603d0240e9e61cb5d054242b3f2a7aae1,false
d1456c34e668cc636e5be9d74fc4de463f12b22a,false
9c65b6e6321bc1f24aecfd5d937c33e87e548d0c,false
02209c11b6524f7ff4927e5816a96eb622cdcf2b,false
9d1887f0066a1dc6fee172398866c60a36340881,false
16e50704e3c695442ac6de3721d1c0dbfcd13e0c,false
32e22e9398aec52c703f6ee7fc89504c1dbb9b07,false
b4bb24e811cad5159ed09ba652303ee62293aa39,false
c94efa16343bc3ef1f8587c77ecee0d2b4f46ef9,false
c40f25515a917c53ed649afd0c69e0173a6a95f7,false
894c08f9da161b625b3d923c8926e8b22e7d64e7,false
954c5228d73b69b7fa8d194125c0e69b02bb2770,true
d7e4df9bf9a45cc72be24271e58d8284e69d61ba,false
9ee57295158d3228b60909535dd1f2305af8999f,false
be35b879d559f1aac9f1d794ba719ec908733d6b,false
e1989be2140520fde99db1ffc4ff53c356911438,false
0aae40820c7f51ad18193ce37ede96bb3d95a447,false
a353313c867f1ae3cd817d7a16efc17f0f68e54e,false
4b7cb4e548b1b97b87dcdded40ba912c592fe8f6,true
3a8fcc23901c113940052cc55eb8d1ac5b1352a8,false
4ed61e46c9572c1495a883b4123e902b04318211,false
cd5fff5401195c5cfe1d9a804fec3d9bea8147f8,false
38c53f7128d3ba4312f7d43a19086c937342a0fc,true
1332882141e8f278441f61c4c74ad76a3180b737,false
9e3649cb8d893e62229e2b2a288162d5676d965c,false
f0dd531fc2154e98bde136b7ed1bb2f29a2c6674,false
65df3be953f69ddd2e489b8c5b00111faffd5c42,false
725ca3fb519396622d607ef08185fba11021a604,true
ba3d0748343745e951d28095bc07b2b76e173097,false
016798cc907b4096f22a9da6e9f90b2ae1a48f5d,true
83be82255125b654eb74032dfa6c617a0b110624,false
e25fd1648e17af2953053943ad1ad568762777ee,false
e1f5673993829b8043ebd39e712216dad4d341bb,false
cc0bf0123dd0041e5bbec2f230daf39b3727a4f4,false
c0aca05ebe19e4bd4f79c8fd6e68a6ceb565acb3,false
8ea3989ff6a94495666df4dc6572c5c530cab57c,false
08baf8364bf8f13720442e61a39be024d86c7e86,false
229e72ddf2a92c507d6aaf09c4c2aad506354fae,false
37f1acc3788a950ca09fde00d249da0a05f928b1,false
e80b56057d55d65439652430f7ac0cfdaca674c3,false
826c5da7f3edfb9a57d35e30f31c071496e12c99,false
5195da03c06779d8ed981bb44b67656c64530b50,false
36c0618cf0f5a228aaf7a63521be4fe57d0f3fec,false
b7eea04984577dd5ad64b3e03f6b480c0584a732,false
6bbc27c397373f4cdb370c13b7c4c0ef1fee5fe3,false
246d194a727cfebfafe6e310d184a4dd08c9f176,false
fc901c0ba3efb8391f87eb8e0e4722f64df0bb99,false
a68bcfd5529e362a34603ef1eadab7223963d29b,false
ca8a30c0851e65d5555c3009b11c325ac1497355,false
5ffde7c435948bd5576d0edb3180838c4cb2395f,false
9220e5233ee27fcd6cb903e45cff7d83d6ff2e71,false
99bb6b9fbd22deb0d2f4cd3789794584c8329663,false
2e098ccd252026d7a219e86ae5c5667d516f007c,false
1aca13a9f8d827b5a950f992383cdf8a8bff64da,false
640f3bea037fa40dbe944be8100205a47e0264cc,true
a07a83b1188124d37efa081f127e45c2929bb579,false
c6a9b86c3be5025c65fdc3e768b8c3e3245257c4,false
1307be29106e640f17e2a53477fb6cfb2be27479,false
3604b0727c752959223df39d28c4c8a5912472f4,false
fadf1f772efe4fff5cdb7edb3350e91ba0a5f38d,false
91200bdf64c7744e04f26e46773e0c65d395cb50,true
5e6fc89b320b14d855af89f2bc69951cd79991bb,false
4363349d27172c741799158bb9098685d55df6f3,false
ab55a81ffc2c635018a198caa589db9b03919e39,false
d7f5b957649e6030f45e54c07cda06b63ccd5348,false
b6efc86b9f472f35eee965c7e72e442badf950ff,false
102b912f58081ccc37ae98430137f6691399afe1,false
801d68cb5b80ecb05bb5176d3a00a8b34caf319a,false
5fe2d9c708a37b9598b5f314db4a220376fa6798,true
8a8423d6f77f11e79c354090620429b27bbac6ab,true
01926f6eb509bc0e8347c7ae8d49d64689227a43,true
a5847fee89e6e7091d9c54d99585775ed54bc393,false
040adc3f5bcf962deaaa3b45fb947fdde8a36830,false
07b69ba76f085ece657620cb9a8ec7d491d2973b,false
5d8f226c166d8ed3e74a165e897a0e39b7922691,false
e1ac9da563171da8deb561e202fb2683d0d178f8,false
fbc448045845f1ad1eaebe96c425baee8069da0c,false
e923adb0eeb4b976119865ee9f0351304154ac87,false
9c8e545ee9c194e5255c13854a3546405db75c16,false
1e6c8b3c651ad766002327f338f6638d072aa747,false
98fdbbff7fa1620877222964c517dbddd726c144,false
dc9cdef79cc1ae8c00996f0751507f5f65578af7,false
dbdce94fbf941553a34f0cf6421e3e4085c39c63,false
758d43194baa4c8ff0a66defd5a5deeade0a2181,false
6c86745926e83b2c433b8c7da138ccb20b5b5023,false
a18de86ea59f666e98b5edfa165bace86707b926,false
04ff30e916c6b9c03546881dc43d3bc51451cfa5,false
d5e9fcef814cbce80027769b0f4e0bdfee28b915,true
3ab92388a87d74b4bf48c4e66d42726d992cc1cb,true
87d76c41bb1eed38c3394e699ccbce1c4a40cc7d,false
743828e2487911377f3cdf365f515c4304836a81,false
bd51e29ed8ef7644fd4b5352ca1746e12f93889d,false
eb7678d1af775a78e93b0794ef123b68951838d1,false
b77aee0c2aa8d2ccf00c84c9fc997a8760722b3e,false
ecfd740beab55421caf4e1ad6ed3dc87fd132891,false
e9fe65e18245807cdd00f5c5361b1e20daaa1bfb,false
bc75015070d2c530f8bcffc9ba9b66823c44b2fd,true
dbb3cd314bee3a52f81e0596d55c38883f690ac8,false
15e812596532b8f8685cbd3936a9ff7cd6f539d7,true
1e8f091c18d7281af3bd7d2277a51e4972f27ab8,false
f155aeb152c5e7ccf7b32cd92ae5b66b36da9a47,true
cf37b8e345a8515603e72bcc5cf098f47115db9e,false
edef6bc9fa414d495971c07b5518d62ae6caa704,false
34b07188a150f27aa9abcb35b10c00c41b22d984,false
e1fdc97f0d17f57d9a2e3e860692809c39ad1954,false
952c46323b3daa236c32415c614c74e789c417f0,false
71828c450c2719fd3a66da5b5ef56068a220195f,false
85460eb104acae6f8bf2792e73be8a269a3227a6,false
76349e1a1bc6ef5df998c8700c32beef569c0a6b,false
87e279a72f1224f35a4f06f9edbd687a1e8f01d2,false
eeddbb5e92e7d504177b52aff2b636d335905373,false
aa48e2cc538b7b7593e8191d21533c5ede5f1b11,false
bb7c2e3d5500455813b5efbb4caae79646bb4175,false
aaaec211e3cd3d449d6dab52cd3fd44fef5f8004,false
c8f17bce660d338ac7a132f0675af84a8419180b,false
4fb16c9f0c734c538e45e8dfe42444205ef8d6a7,false
a0c90843497995312b5ba0adb96ec45cd4397ffb,false
999d10995aa1ded918816d735753411b6a18a862,false
9de013df84dd124607152bb7de9115d3a57c21df,false
bac143886280cbddfea30f4efac17d5fecb98b23,false
0cc418fde80b048446dac3b35bd7e7465c0b3a6f,false
48bddb582ac17d8fad8be337c9164b9deae01b6c,false
921073d0418fae755569b5793ebe29cb6e71343a,true
590db5754407fdc3545d1a32e97dd00531e6b080,false
7916bc7ce32f8863b10f7ba7350bda734cbbe783,false
cd3f6cc4dabd793100de2188c105345333af8863,false
ecda768e06d54fa1a55870ad0c129c3874295e7e,false
d714e37dab65751dc9db72b33ed391a0509dd3df,false
876f77fe909bd16c3067573cd77ea9920924019f,false
c218cf5259c4bdd533807eecb9fe6ff0932a63b5,false
11c572e0bc05734aa16bc58c429bfe3ff3e083ae,false
970af8b6de2549172c91de36d7b07bfb27f11a4a,false
c2048bfbf860d0e782d35237736a6242caac6dae,false
a7a133ad154624a959a2cee2c03edb1ca819e7c8,false
9631e3c79782e31ea778d5eba121d81bbf16b993,false
d1b2f454e41760040c731394d1eac8ef8ca87e75,false
8efb045cd150d354e87453416954910aa2f6218e,false
ddbc1232b3d9f19017b7810bfe4927d88e35124d,false
f275d32ffc3c17c38194d4a11f275324c57b6d10,false
77fc326c6cb1ea09b8a0504ff702faed639ce5a1,false
b26a87722804f6cc6546725b7927020185fa65a4,false
04d76868b1eb00df6ffe14ec4d69347d7f048cc0,false
18cdc2f3d0b44421c55714b10123796727a08d65,false
4662a63a9d813010f5e1ca2725f6ebc99140d9b6,false
ffae5150cfce442ce27a50940f0ec07a3d3a6185,false
ee2a695d939f5f7ee4299f1cea4c6edb3fed9bc8,false
76b5edcf1f1a2921515ee6bcd19b8599931d0918,false
18df41a76fd5d86656f06a7a50f524e86308a58b,false
05ea8cd3228d7d14a609b19dfc5b5a3363287e4a,false
668ca375d8e065d2b8537faa6c00df8c6456dc51,false
02c6bc16b1d671d6bd1c5339b3971fbaf31c60ab,false
612ba261383506472535dee256d86972d295a35a,false
faf7a607587deb28cd1495a06278ba6186a95459,false
d095b0bd9ee2b6f082a0680d8590b1ee35d2b6f4,false
66cd75745337e3b88f879620366781a21acb711a,false
4398ab065d2fb6274ceb1dcecb3e2b952b2c7386,true
908cc2625ad4a38dd48a38a099595e1ae4a14d33,false
da775010f768f7822dd30852f5805898a4f66399,false
c5a3fa8496b8f99351f542180212d622c5a8f0fd,false
19cc049ca84530798a0c66dcc9cd70248b193d04,false
4969d17e3491a4c8b14418b8b683419f85533978,false
9f32afe2c8d7cf261f01c558bf451d7f0132167a,false
ca697d7c3e4980b9c63c0d66cc5ff768495bbf36,false
e24d757101df84618946d2d536ddf5a8179511a7,false
326e871ca598454714d725bdbf34733219f9a1be,false
af8675e1dfd63d8ad535aea77eb3c194570164f7,false
d66806b6bfb795dd5eaca3edf735dc298c6196d4,false
4721b16685142d3c34ed3e11912759c9c56bedd4,false
17304536183339dd58e7956db82e45e9830f1fe6,false
8b63f9a7444bb6bfa34bb9dd731db726124d4212,false
2f8b72f069047c7a713c67c6af9146969741aaeb,false
ff6b96dd05db7db789ff62dcc1585e33e27d4617,false
36fad3375caf429382ea5ce144fd9d534a5b9f8a,false
6b6c15a9c81d6e42a339af882d1052558725e34d,false
b121e9695842d36c8768107c032e60ab2c685bb6,false
dfb6177cadf8289b02224bb315b7ca576ea92597,false
b674e03423bce95d040d83d041af9bfd1710a154,false
bcce468b75657685bc1f5da5f133a6813128b54e,false
8aa9b997e0454a560cc0ed4593a87be5f6b1cd69,false
412772dae246c078235a21b3ab4fb4d7bd6f62f5,true
7b5fe077210f620df203f981118c72da0dbd8b4c,false
18a8a1f901939e3ea2adc6520dae65792cf326e8,false
a77cae2cbd9a6c50795075a7ceb5906c2877feb8,false
34c1c6f412cc9af0a93e396dcc415f8b91997923,false
6d687a72d75d9c574d54ca0bf373c195ddc9f58c,false
357f7f161a6658776ace5ca2730b62973ddd1518,false
c8322c540fc37326b7b4209010a547a19ecc7b14,false
5f855755478bb3e71051b7a65fac098d98dbf43d,false
af770cf8b1e0fd6122133677d11e90fc77109a5b,false
d28d6bb2b8143c94f6f5b76384040ef11a455aaa,true
a6d92d8495d57ecff3f94b40a790138c96f22847,false
e772b2780827ad3bbe213fef26f272990aed7e8a,false
fbfd4bbc228aa4e5117687851e057b631f930054,false
3a9b34691487b0a5342c8e7e2019f150aaf73868,false
1ef6000266f58c575817a1be9f85c788dfb155ae,true
a8e2244ec56038f92e890ec553c4905de684a8df,false
eb8d34dad6901a4f1d1c6e0e642e89d9a91fe56f,false
bc45f82ae01c874cc238dd12cbf8e778191a9e57,true
a4b437adcd30279f84e902f49c7ac4f7939b41b7,false
be4245eb0e83af21531535560df3e908b5318539,true
9b26ec82ce958d1c4b92c5edf9c6141d4463b6ca,false
d85aa3e150c2ee274a87268f31e030110121a217,false
8356097a391d2e1ef909942779d7672bf79c03e0,false
4986e867d9a00522e469c472732652f57127eef4,false
db80d8f33696c290fd99fac11a1b32b510017d1f,true
6c37b9982d96f07441968adcc54e730c0db41f6f,false
315e3ed1d7cd6afa2a2e52faf6323972868ae9ca,false
0243f9f0763a0264dab6316d5aff23028291f71e,false
15cf0ecb4678710f9be1daf6231e164d0f47fffc,false
348b45f33030d848e0172a7cc9fd918cb8a10a60,false
77977ed7f031a8437c7e47b2c35d186077419d0f,false
5734d413ffb31c6cfd34f7f2233bde7c09f769bc,false
44b4eca49fc445c13e04c7c7b65d9e294020e9c1,true
cc54e7763448d08096ca956a34ccfd4023614053,true
eddd48195b8132d639a073a159736ce97e1184ea,false
a0fa40132792b021faec6c91a5114e8b9f45a2c4,false
cc2680e8d0bee5e80faeda4290d884c509948b60,false
1148e8bf1309fe279bad1b558010ef729cf9ec91,false
c5b09022172a05964fdcd85d1df767ace919e91a,false
f26d665523c993fbd65ccb88347b8340cbde3edd,true
7f179e19c9dc25d3d8cc9d2b4dabb8ff2ac1e030,true
981d60d54476598c5d9c5d12e6f83c2633d65b85,true
c6b995cefba7dd5dcaafbd6988a938ecb349e980,true
c30aad821744b98a99ce38db6d1c79099bb0948a,false
6c9cef5835363ebcba57fd7985e74b1d2be402d3,false
ce462dd232bb03b03e887fe0d9399288effc8a33,false
f6761eb567334900db799bdf3bcb32eedf338363,false
b390bf4c57359a3d8cdccdda64a8d359f7b5177e,false
c22d430d7a34aa377ecd8510d0171bca2b737a3f,false
07428e18a00651d4ac869b4975a6280f16da1013,false
1b86478ec83c813b2a6ad3d08d476452964c8cf5,true
6c1560f87a38094dd8cd6616a203bcb27a42f4ac,false
d99d6305c12feb9458e8490f94ee8b19617da1b0,true
f4383e970df53e69fb6b2eda74edd616f30d02ab,false
67cd014506f4a8dbddecd8129d772ec30f68478b,false
dfa64cee0a46b80d64eed163700de520fe60dbfd,true
b1ee49c3e33ec20e2c98f0be9a9bfb195e656a44,false
be2f018227205663735f80faa03585fcc86cfdc5,false
e662bd7ac8511fdf9ff140ddc41f90f26eb826e3,false
e2f6f6592f52e42009fc0c1a3f982c5885038b68,false
671b81c6f31817ba8eb5a1487bf0e7af0deee7d0,false
bd03f540c78ae2fd6774a1979f7e71a4a20a923a,false
e1a4b6d634d58a7a9d4a9ee32a229e52b930c14e,false
646bfaef88431a1907fda23197415c599681ebf8,false
c9fbe089df159b2609b44bc6d53ee770e1c859c7,false
775ae589638b9ab2dca743aecd2bfca381b0b97e,false
dad0a8b33c503980db50abdef1e9ef0f89c5ad81,false
86538925480ac7665ffba639253b4fe9b0825d74,false
4eab823a3178b4b4abd7f7bc516d2dfa7b3abc6b,false
3692631b3b7f1b1b9631882ad705b1eae5d8a94d,false
832d7f8ba169e35a252b06fa6d81b6a31908fbbf,true
8d72f9f816528a04317d2c250417c7a86b2739f1,false
0084fb4919b1583b441a30a6055ba426ba5fef38,false
e644b195aec2b63e9479eddd67197b6d8eb66add,false
8b0721481dfa9aba6d86162d0091acf8b6841762,true
8379abadf9153da6ab74d1482629a8cb0ccce233,false
2b5afc00d3ffdda15383b58bc1c937639cca9bf6,false
8fc06d8ec544038d18d4f9711d35f60b36ab5c0b,true
3a476adb4dc9b60af0362ebe7b40254cc051fb9b,true
873304519666138db9b7b920505e4e8b34d5c0fc,false
be321c8cad63a15c3b86ab19728ebcf668df0b30,true
49a157a8bd039a1b3da87a3456748676709b4998,false
f4e4a050700a508e89e1dd87a7d3db0289121357,false
f91f14d9376b68dbb837f1a9cf53982b222ab107,false
4c81174b1b9d9c25cee9676a7709aacf59a46212,false
c7b5c80367233e9b4243588e186d42b10351afef,true
8b6545f33a8c0d253c3b7e2ae33551e4f182ec28,false
ec902003a1365c421bb56e3f9574c071406442f9,true
2c9ff59ad964449a4cb677760c053e155a5fa17b,false
3c5f88852cabe21184bb292cc3663c95c0f9f45d,false
46a4237139e8e5879117bf822f677f6d63244b2f,false
b133e0d9a2ba801ff9f9e7e24f902183a8e9ca57,false
86f46bb2ffa8dbcb3ac10893b0ee438627044174,true
03587a9980a0ee3902fb086f772196db9f469d7e,false
b25ca54a5d1b93803d889db020c734e9bc6f9d2b,true
2a59cd533f1a24e5aec62c9033d3f7294f42557a,false
d32812c354156aba6d67b8de019d5f28856be102,false
75142df898f6f230601b596aa61e1cef467bfe63,false
f77357ba76418923ee2cb4ab9e4133397238822f,true
b09263ee4432e02ffc1710a662d7a7e8ebe38e78,true
6885933da89a97a9b862c8a096dcd50fa2278b8e,true
c9da7627a2f9f067e099cb614403e67c3ad4bf08,true
a7d859b47ea0389c3f72dc3d1981379de133be52,true
54d8a2d1f4da92a04013d9be10a4f80a2b80e84a,false
b2c810e579caf96e0bc1d63cf7064950626dd008,false
26686dd7601578616eecf4325976bbe4acdba19e,true
46297bfdcd400a031850b8606347cec849693491,true
e5d61dc8fc0586c39814c3fad71f0638c5f2c183,true
57262243378a375f0e17f2c26229c13194534c84,false
6d4dc1c1cdbf860563456d6ff8426085d033bb0e,true
6d5c659845554df80e902e2d8f1c9ffed525e51e,false
751bf9d16ef51e0f59b8e466d0c4316185dcfc2c,false
4281e5a48d680e1c5384069adb23790f43189939,false
24a48433783e13a3806f14486e8cb372c70ce5b4,false
8fc3ad988e821bdb153aacbc13ba4652c192f365,false
d6419dff33be4834eacb5dada8641e8ad2247d23,true
943affb2862f17210a13995764a0addbd17dfe4d,true
39096f0e980f9b209b9aee3556b08d52ef4c7355,true
4eadfa35f5f701b93e699e3ec816061b1a2e8dd4,true
5090b7408a7b05c37d538d9cb577242a6cea6d2e,false
b6c955fbe47243cce90d83a5342a3396fb47b4be,false
f6e016c2acdb03dda6ea41216893ab32bf2cc879,false
74bf9f390db7b9e7880d0a3b4f6b9d0f10935a32,true
a7ede6e415c489a5e246d44f2c518823d35ff0bf,true
abea7db33e69a8c3a8824cc2bee30c03f194eae6,true
d1aef795f8356247817bf8175341a12e9a97adde,true
7483fa9bd07d2b233c70290536d4d5f4eb236841,false
20c32b38192ab980b63d667a41d00f34a09aad0d,false
91f6c28447e981ae6e9bdb4aa3121bfd71e1152b,false
5ccca8c7fac45e3004a4d34d14e85f8814ecb003,false
1a4b7d2bdafbbeb51ca3fd9b2081197cdf338897,false
a7765e2778baf100946d3f0eba8a2661ee1d3d43,false
4e34a099be8b9c890fc262fb0b449a64ac889ba8,false
26da2bfdc8f79f4a05db000c02978132441e95d3,false
7960beb5f9001f742655dfa7ab0e93f7f8714d67,false
6cbe52bc6e50d71cb5e28621909bea87b74f1c04,false
8b541f6aee32d134e991332f7ce81c66cc615a20,true
1397640c524580551f21fe3af60098c804827dce,false
52aeb66ddfc70ef3df4a7968d85084d56a390648,false
41526af9f811a70ca3c1735b8e65195c83321a90,false
a3b35bc3414ee8777178cec17da8f76f15266df7,false
1912acf4a13579e58bcb8f3965a0314c3a9c3e14,false
7ce5bdf2dbf5cf8b2ef3a7b2cf0d2eb349cbe70c,false
72fb4d90d204ed0d410d5682c1ca51ba28d7290e,false
123603ea76e53b378e4e2f4ae792e187aee96a45,false
bac63f8bf8a469c7be49a9ccba335c8c92c3f2ba,false
91be0db6f2d01cd7c096418dc81a4bb28f608e65,false
226abd8a3f0c1ba88ac90b33182288d21801d9cb,false
fed4f1c8dac33c3520ee0602704dba94c35b9ca8,true
0b11875689f2a3b9b90a63b6a5626fae5aa5fa5c,false
3de84feb41d958d21460031add151f2feb98a2fd,true
c1dd19b1516dbe420567255771dbe1204f16ce72,false
7289fabd7b58bbd9507d7d928684217203475e43,false
6f1bbe836be38ea48599b8c1df33f604cb83ebbb,false
03b38da3f6778790336eea3a1cfc27332da65ed6,false
92b2a28dd5ce39f06eda894537b6c23c3e54a9a1,false
2ec63c580d90d793bdfc8a7592088ad11ebdfe70,false
45887f3ae7acfe3fe09ed0dab84608ac47c61898,false
a5b932138ed7e139050bfa46fd8b2b1611f2269a,false
d6c67fb40c5cae1086697130008e3d75a15433ee,true
ded5e27e056e29692e53cf185dac147b23076158,false
7501dfc39c7a8d2cdc38061590244e554b8b3c2b,false
c335791ec55e3347709dd856d2422cdeade5910b,false
30e3094b69fc64000f0ea28acd041e1e2169e79d,true
129c9f2cf39e414303314457a938c75b0b6cd422,false
a5c0c29fbf83acea12d93fa070ee199f4d798bc0,false
c8342c1581cd4e3846d52389d02f418cadf8b9cb,true
9a24243e16b2ea13d2e7c7c0a6f40c2d6bf28c66,false
02992272d56787913dc1959261cd5ea2ff3bc8f9,true
cef1522cb44037f4f06c67603dbdd91c5b4bc0f7,false
25740ba8979b94d9d643190dbf7e2e892e802bf4,false
ef8b25d369ca105790fdd2b66a4ece3cb6dd5301,false
643e6d5dd6ea0ded83b41d117b03b5377bcf913d,true
00f157545f804a1fd04a98a16778c303feb3f65f,false
6b965bb7660abd443eaec3f49f921058025877e0,true
cf1d532e7b3afa1c5c766ceafc1198f5c7004d5e,true
3f9221425b190c373b29ee1dd819e9e46128d28a,false
0917d855a6d82a86661924b98fac141ed396f481,false
c3e2d9c5854598f462bfbef81b8e1e17063019e1,true
bbeb53fea8eddcfb4ee25b8151766fbf05b2959c,false
983f148d30a627291f6b7ca2980bfc1e6f1af592,false
357b0059a186780e8cdab6b443265d3924884955,true
82ece9ed18002ed5f2c03e23ceb09f6bcfd38cb5,false
9611f7ef8955d6702ee5529dc03e3250f5a9d006,false
1c4576f0d315fda600103c7df87f86c95b025872,false
d20baf8aea79ee97f398a8e8d0b9ba097cfa43fa,false
18573dbd98cd3d78d94ec810291681499048b133,false
6e418295409e22a51f87374605b04920de58b1b0,false
0470a62bddb87cb3d0f8b1259ad93c17f8308367,false
614a619cac85c9a9c1608328199228a637a41753,false
afaaff3636c56e8b589a8a0ac15ca83e126c7786,false
b5689b682d8a2519c8809273e58d4d466c0c9d39,false
63efc6df9494b1e24fe56511029f49d17ef19beb,false
b96b5b28d10d239e89de973baf262c51c65bbb1f,false
848b38255cdee09eccf9bcb3adeee78738a12ab8,false
c9b4a228f9754ea0e23835b0734fc02eeb74a310,false
1b9f86fb547fa32ffe74cba2dde73bfc9d980c2a,false
62d2cd4f3318eeeace79e891dd00c77dbbf7cb06,false
25764031f84193343b53a407968a0d05f04b6853,false
0053f918d3e7021fc707c048828dba14a53aad4f,true
beb7a01d10bfd0d5e8423de4cfdab70f67f12cce,false
cbdaff1547209364e8b2f815046a2d3feeb4ad24,false
0b12defcb91ac2cf236515f4062be1a11c4292c0,true
36de5a187f7b0232daf2b67760e1a142a19e1a85,false
084ab4fe71c78b6485471005e4b2943ff9ae3c11,false
2d0b0cd9ae66c52c2fd4dcfa76de68addb86e500,true
ee8020a779d26485b4297d3ca258bfd3524bc68e,true
6d515bc94b49ca349ea1b63a19410555cbb4fa4d,true
473dbbac6cf3e736854837251d7b48ca7f0d2392,false
beea10d360270e6100235cb43d37f397dd8517fb,true
2bcb0f4396fd2c7b80f43f95069655b6d5ff8d60,false
a7f210ed484b0148403e28ce181e7b5b83e98f7b,false
a44b04de39444a5248830b822659de6b64c3e319,false
cfa1e30108f828a0faa96042ae2df0806ddf9678,false
c31204d971b959c56d6475e95e44469c8182f800,true
e4ebdf667c8467deb2a3c2c64bba01c5eba25ba6,false
f1b257e7b1b9be23c69135891f9f8455299def53,true
ae510102f2b2244bd74eaeb2994aa6441dcb1871,false
6a883fd9d0e4dd0d5d218007e303221c6827a0bf,false
376f3da9834bf30fa48d540d88bba71b6dd437a2,false
46d57748dba231c7f728857f32c35b29d35d28d9,false
e66ecd65f361c9fee6b1d22a4e4b6c1314256c6b,false
69cbedea1a4d52acb3cb6d014bd41e536bab2291,false
7722a2963b25fef2bb51a02d0dd8bce5e94d065e,false
1c635fee7ef2d8eef43a679a64bbbb842bbac7ec,false
57c805e2c177de6f6df4adf21fa24e1458599686,false
58816d88e64059ff270b74901eb0d68874c75928,false
9c2a825f6b7edac4a7778740da2a45b39cabf3dc,false
cff8034118545e552d67f16d2683ed924c5dc44f,false
dd5f2208c550506584fceb5104a6b29af1233b94,false
10cb96903ff97e3147122d47496315e1c6b7bfa0,false
3813e273ccfff32e6c1920e07c8f7d185f9f72e9,false
1f10bf8164ec25df74dec48ed40027a193b14264,false
7ab0442dd305e7b590e065593b0621c7a53b7e51,true
9ce2fd0dbf85d20b42387ed3aa0a5eefe6a5d1f2,true
2713452b72f5fd7a1dba919aa334ac38c12b976c,false
bb0362e5a176aec0e40eca2f3df704a62cdda9c8,true
514b15cb4b90e23c60b6b427f4ccc60b45b394b9,false
3bf98899accd07d6b6f2d8b59eb4ec0d6395dc8c,false
b9b3d598be4502fc5c6775ee159ea6c067056c26,true
90903fd1e47527a52fa58a112562ea6f58d4483c,false
c35d3f08bacb4f8d468ee48245f8d6679bf078aa,false
ce0316f7ad275eeeadcc42916d1eec7b09dfc76e,false
0f355d5164ef5a48e0c9aac684ce2f8274a8ea04,false
08b48d1554e7b50d5792b5dbb69a41ae36cf626e,false
64fc894b9fce19d4d8c0df6f8b70d4fb3cb4fa06,true
18540e4d041ec58bb1a420d1202df89b6d58ca1c,false
c827f63b926328ca9dc6a36dd843a6d413145f8f,false
309b7056e65f4e1ee93d0144ef171760a602c383,false
8d5df43e568a488be7b2f09cb2bf94e569bccc8c,false
e77506ce5492b4dee6e2d8a0bec94bea6441fb9b,false
c75492be83123e341fc8bcb7fc17bde0caa1e361,false
b7e120e4f3c0d22bf53883105a47053fca7d7eb0,false
db2604c4e8a7a0963ac951b3c6a3545af6078cf3,false
5a719acf244c2705d3bef8296793db96325d9703,false
baadf9dd944e072ba54a9e11a4533beb6628c9e4,false
18840c149f9657f5e196a6c1d514b148c47ea32d,false
eee7fb9af097affbabed9d5cca6e314184e884b9,false
64a6c43e08126ade9d7ce6a25e2302758c8c5c03,true
b842a74a40cde6860c1ed413210c39d974fd2b00,false
313c486904c527750e61662cede868751ed893b5,false
58b7dc050f1f4d64ee79d63712169e85ae6e4ac9,false
5b1bd7f70eade75548bd492c515a4bd0f08b20b5,false
8823dab443bd37888203a87cc28b4552c1c5a18f,false
cab272d579cadd95f24c05c4d0a7e66a4f31dcc6,false
f6d04e51aeadb2ad484e278e1b918ef8f8b5f250,false
10b97e43c6c8c6f81f64c92d2543abad431dc5d4,false
b0284767dec0647d0742534b711761fefa92ece2,false
a3ae044f9d6f90bb56d0f8a4ea2c082dd211ffd0,false
172fd3757a68736d615f63f69252df243967be3c,false
07870a973ec2a112f60459ea78cea984b90fd857,false
6f5e235e86ff6578bd9453935c6e516122e07d0f,false
4adae9a9834b0c55824a628813fb5ac866c0e1d8,true
3a90802033941b4367c45894532c22a23a63211b,true
066979dca0e1b4014dd5921f7f9e32f278c243a0,true
70d574df3c90091632e329659da16ffa387ebc8a,true
2fa903410ba161ccf5b2447a4e7cda9a2bb8b860,false
52486803ee4389cd4c35aa6089351da4798ce58d,false
e3c505f09dd8bfa4ea152ff92596aa15682c8ae1,false
56a97f09a54874e9ea8c1513758687d54499e8ec,true
fe7ae8a7c32092f146b28096285bc037c2c41a49,true
a705a957d3d08c3c85e0e95304772098d418c47b,true
af0b0167bee72865961b7d912f1ecb6391c428c5,true
a94f9ebbb1d1a24e6da8c9c9490549db3c57c375,false
53a19a700d42d9d6ae0a253611fcb6a731fad98f,false
17839980c8c1b0493494ffe41a8b806c2a7de800,false
8286ec872dfd49bb392bb1dcc847e003d4f181fc,false
47fded1b9b9ded001bc93603e75f4f10e75260e5,false
1a47b46ddbf76cdaba9116ec0cbebf7aa44cde2d,false
64d68d069af631d508e452a7f43a3559fe98fe92,false
8153c9d76d5e0884674498ae113479743d643bff,false
9a262f7daf3387c48714714b78c8ebbe424b0bc9,true
375b337fdb11491abb14a46177bd6810b8637c3d,false
b25f7b2213b2227b607a892e154b4595470e2701,true
3092da66fe72f6d7e59a5377b125788fa0d01a71,true
ecfef21a09552f846f0f110e1a4e3be4e5af2f59,false
ecaacd26478b48fc6b48e492e3a77b5d894b5be9,false
0491a6874ce056c70fcc00e1995fc5987af8fa49,false
e3734e5f2bb6974cbf17c386dc659f2ac9097ddd,false
984ea11f292176d43424987873fb90978207ce49,true
a98dc095bf60fb7ae7d0f213de325f3860cf3227,false
ad56dc7d705163c148250b7844050fe37472982b,false
9ad230eddf8282cc3d163632eb0b802f9ef5850f,true
14965ac1b82294d99d0c662d542379c92d4f5d74,false
42d2662dd7bc0457d780ddefbb191f47e6417106,false
6f1e1c8962360734e0eae2aab8744b771580dbcf,false
3473c952ef0107ec2cf837e6c45edd2d28e8acb8,false
6706a292b2302a15a8555807298e2c1c8c6c09d3,false
311133e88137561c3c7dde76784315b0e186f9d4,false
e96f180c82d86b1a8d443857e9cd2364b45da46e,false
4bdc711b799fe9c19194847bf350fdeb6dfb8d5d,false
b630e8d4ec2b1ef5429b318fac2ed0f3e52c567e,false
abad9cc0410abb04d1509ebcd45e2daac143696b,false
0513a9b08e8d6288ec6656a269106fb3cc5c7f17,false
d3496f46c81a9a3ef8f19f180824381fb27304bd,false
e9f0f02f82f71cac046ad7bcd5a2edcd2bd2e9da,false
fc56cc6ce92eb7b51b367a95875061d11f5668b3,false
b9633c0d5da71459037edc3afa4176df2d9c4908,false
5adf600993cf0e1a447f3b4ed58ecb5bb6e7b52b,false
24adc37b449218e181acb0ee8f795b42e0560637,true
c4056b8885a2ff78610da5fca8125b6667cecd04,false
fa6811c3ba66c340752528136e4edf5c9b2222e0,false
8d6171f1a90818293b9f472f4f9bc3a79e0c6143,false
d386bb3cd02778c9e267cbb98d2ed6fb3543e3d7,false
2e4a481028885874988697f5891751aa5be91944,false
f729f483d822fcad96438c47a0b92b03f6a60257,false
407f053b19735f8db8caf0662fcc284bbea362da,false
60576b88cee3d101e7b8d17aa210ce5b94b5adb2,false
66564af4124fce5c373292c5811e52b28badbcd5,false
07f146b0e1b9f9497e43a7ee22799bd5ba9db540,true
0803c13a22f28f7c3363ca6e8b88adc9b0541f77,false
ea2abcbb4ccbc0e2f8ad1b7e1fb0fe665b42f867,false
791f259ee8cab36f647f7b688ec8188efa287da5,false
9bd5b50a5e56e68ee127761643504254f427b660,false
6b38dada98ff76dc089aab002960cc853bccd3db,false
2a26bfc3599cbb755ae14a81a46c6411dd373577,false
6494446960a2de809b58fdb6c44789fe840ab81e,false
0e85ad17cdf2bef51d4edf350c484ab7f91ddb60,true
aefb8bb00c859bae1047f768be88a822791a9200,false
872b113f40a6e714ad616c9f081e0076fa3d6446,false
35d2ef4309bca58538efcfb21296ce558d1a99af,false
4026cbcd0d6a8070dcffec32199f9dc71e2309a3,false
035720baac9d8af440dd6ffcf86f95462d885daf,true
7be36d40bef08a407ea9f73500f9de0e4bdd66ac,true
e16d476b3b5aee38b3d55964d8080e6de6cc349d,true
3ae68f36cfccbdd91afc3800d617b6675dac8c45,true
0ba19ee302d20c7a1cc81cdd5b7b2f979c0475f7,false
3c9094fa7b087600986bab691dbc46d748e0fcdb,false
c0b48dbac24afdc19c3e8ead31d2928a004c681e,false
1820c3e3c3bdf7ffda548fb7381639710af61274,true
a8df80665de7aad6c6fc56925915511b3993f838,true
cb394afa50cb43b8ce0d9b0c252af1d0fba734a5,true
10583dd05320f06f0ea1678087a69295ed9ad2ba,false
8f6827256db232c4455bf979f9bf0eaba0c43d90,false
51aed77f3c19b650623c721a9f41c53c1cec24a9,false
4cdc94d72f4bc66d5fcb3b7288b93d00bd1f6f9f,false
ef38d2c73cf32cbc9ef600a6a0183a814803b127,false
6e53e7842dc23cdef8f22aae227ccbd49053e52c,false
ff1959ad3aba5ef270a24bf8f4a60672c1f1416b,true
200d28dce635f0eecc4f5fc1e8790367e0d3efd4,false
5a2e628a36a16619b20fa99f8b1007a934faa024,false
5cf5994ac3b081c164b5d46f3c35b0ce5c9085ed,true
b81cf3339ab92c02b75478ba5659d1b12b125fa6,false
7afa0c27fe2335bcab2772e69ff7a8b65655f35a,false
6d028afb745ff4ae75799c2d410ff8b38774f553,false
eadf1826c5e6caabc22a179c5e19bf2e2800c715,false
418997a70756b6bcd245edda51d6efb77e28349d,false
7e3c64eb6738220e85c636d21e2042004e043497,true
62c01616f59d67d2b25cc34b2a756388e5060508,false
094ad72b59fa2465732824a14917acaaa5505033,false
9e8ad3fe7709f45f26822553c359039979d05785,true
1b47ecf84d7ec20792cbd0b3984856f3f10294f0,false
89c043afac1b4bd7cc7be8171035193ae68997df,false
c2f36e64c0c3d1586bc5b11ddf72dc66894af292,false
08a0fd12e8e36a37cf744b23ee978bf748b34c4e,false
c376878195195a4700283b33f408f6d63237497b,true
0d47d579f20e674fd09e1f7cf804ef645a331a80,false
25fd0e9decf50e1147aadacffb4e6f575614975d,false
6937702ad086234d7512196d11e0cf4d206a08ef,false
989672decf2dcad1fc58c128dd9285277249833e,false
d58f5ae7ce5c02001c82f343afd956c8b2929846,false
1d71ec19271c333888debbf1f966ed882e882175,false
604c28d4a1976c14c409c3f4cbd964c918092ef4,false
9b483e4e40f301a8cfa5de80d5dcc953adf70f81,false
eabe11fcd56180693a8aa30f36dfc6ee6f86efd3,false
847cb9c1e7f49378deb48c08a48eb192ee99e154,false
20c3732319748da9f17c39837927615f1ba45db5,false
82d023a231e4eaad9fd00198ec99e920b9a93942,false
ad86fb6afc5e263467a2eb73f09a051d006a77fb,false
6bfcd83ddcd201f499a7450c7d129e4d738cf4ce,false
e517a3e83ed8d2a52d80546479feaeef1d92309e,false
229102f57e1e6a18ffd9096edb884a6c3a0e50c8,false
08e9fd0a8cfcd2bc23cbee3e709fe205dc3dd1d5,true
97a75d84281dcb24e0252a6e2fd40d51fb99542b,false
a38aa2241a425d6341255a30e80593797548f500,false
11e6fc7da82c06113a3ce7bbc6a8a52223d430ec,false
2e49a5ffe117c744ddc08ce8ba0037caccd771e5,false
d40cbfc8f53a8d62a374028a935648de3fe35fed,false
215c897c95e0ecb95d78ebdf7d92f75ac39d5167,false
1a1d9025b66357c2ca75379bc80c39d463fd8353,false
3406a6a31ee3a048be887da4ff17939828c4c0c6,false
10eb256cb343eaeb263f83b2d91547eabeef58db,false
a5cabf50da428c3ddfaa0596aa4fc97713447f15,false
5391bed41fa44c7ab4f9b805ddbfd7eb5ce9bb25,false
d80a3176cac2b6cb9e5d365dcbb85f801ee919f0,false
103953526086bbdfe362f2f207fda04c4f42b1db,false
34975d5fcc43a3dd7f1df69a787a9eea6a1f5e54,false
85e0c15b9064f0d0b242ac537effce4e0802bad3,false
64cc78c3f60378a4126182e386b53e4c30a536e6,false
94c11eb3e61b941933d6a3ceed7da4335cfab1ac,false
ed2fe3128e7552264a6af2f69692ee1f63615118,false
d5071b7ccd89e4473d92548d7bef72331f7b9828,false
80354470cb6ad6b2dbe37392a790f9c334d443be,true
47bb2674873362b40868b4ce86aea04e43094ac0,true
77751b38eda9da68888b13b3b2910db9e366126a,false
448412fd1232fee00eb817e6d5e62996ddc893a4,false
17b189d4a6111f939faa91596ee9c30da90329c8,false
aad5e1ba8ac325404ccfe93b40c5f9b4864516f0,true
5968606b3068a9d2d718da4827b31cb3b1f1a2f7,true
aaf3fb6faddc7124f9ca9d0632bc5cc5fc4faceb,true
9d4caff47eed66046050bcc1f44920e7d48a8bf6,false
dfc6b983f9203f3ad2dd1daac584ee8a157d4660,false
5fefa2af3bd506c4d6faa2208c2c6ac3712b56e7,false
fe31bcfad7ef549af338acd5e2f7e43d01c2d458,false
c0963c1fa30d31bc2f8bbbce47499f48bde71935,false
a78ce0a0577fde95c60086ef3e3e5721334f3a5a,true
edb85ee19e4ce7557a1d5724137b8d241c41ac67,true
57bdac67d2a59479301b84174c65588b5cdf9f71,false
2723992d4d1d3c20d895f57dba0793962c10cf31,false
a920feea1bd1d27bef470fa20ef0970666aa5e31,false
4c7fb09006947cb9ef87015e69cf5da81d0cdab5,false
2fecbb028fe9c020bf3fe0766635b8d52eedbdd6,false
ee334f7a58b10e1f406728460cd3e4579f6e658c,true
4c666412222d75a996e4a824542fdc49b8dbe6ca,true
ad866862e6cf48b0245fcf04d8797e08f3fecb37,false
671a1844b44e1274057534b1aab8482b68a1e600,false
4398f8665b6cd4c7dd6e078a919d23ba571299d3,false
994d9e684fab159b2f0a5c5acb65b95aa675a805,false
ea21ac30a3682f7adaf39fa59a977d4e35facec8,false
33ad796a6b6f0587f80fc401bd878a36b5291843,false
0b82cfb2915954abd76909dae70666f34f807447,false
b1d63ef57eea81a93b41b86145766188524ef9da,false
a2215a8bf270bcfd49d0b5d5fa1c8cc87d60bdfd,false
af7fd5395057a158ae6bf07c0d1458dc3090aaa1,false
5bd3a8427631fb4a5a9848a9f937d975ed4b0db3,false
b531e8e13ea0f47640a8c00217011e5458078534,false
78f38f430df70c7d752871f414b1fc3a687384e8,false
86eb47037f2dd027b6e8b008f4feadd5c425da65,false
4193e0bc4d0ebe192f98652bfe3c75a9a2eb2f18,false
abe8ba59351416489cac1be9ece0db0b70bc4e19,false
e6874286f16a55cda9e88e0fb87a528f9ab8fffb,false
04e50554756db702f82bbd8da8ddd88e53c42762,false
b8c2ebd0d68fcc579d10651b1cd9d3648d08d650,false
41a80434e33d2c69968eabc5d8265bce2b7ff4df,true
ce8a6a3fc50633063e582f0ce61e2c9812678bdf,false
c10d2c943165d262e5b1ccf9ea88bbd6675cee83,false
23d555cbd08fed899337e9745b46908d2df68b84,false
727b318042f724bfe36e2104dfe9e1562d63f285,false
e9bbccd804e298b33210826b1c8751a5b51577fd,true
8f3dde2bd36f17151a954a5582c05ad14542bd1d,true
deecf0dbee75829ee455e501757b07b4994dc457,true
d1b4450fbb4dfaf5b2a131acf87db9a234d0cc5c,false
b710637df46d198d5df0ca6dbfbb2901c3032fec,false
d3255c2fe287d5cbfddda00d0438b05f5fb1c00e,false
0025e1a26e67187c26b94a49539664488c54a4ff,true
ed27d5c2a3627a585fa8d51773a99996c2d8b1b3,false
e901176974368b5000c1b61d0d53edb39ec559c6,false
3560fcb72ab72331eb1af34d51fffa49d776ef60,false
b162d8b52cfb3545f1e9c9f2f5859e1493cf790d,true
ac49e60c4c5713f86a888e3cbd201e6c13a586b7,false
33f6cd22facd8a8eb2ebfec79f9c742006f61933,false
6c9a4a6006e8a88baed4acee4f700530c586799f,false
30cdbddeff57c48ba2a2bc48760e36e417ad3c98,false
8f8ba14c17f78f6202006d69f4253ac385b74f3c,false
bf1cb60aac57ea9731705079f6e296b2ca49d741,false
203f24d7e7cbcba61a2034c07c254c3f8f8a7db9,false
16780c3b7ba92f6c80cbf91ba2db6b91eafdb4c4,false
6b5f2e52bb622ebee34aad7c4f007fc2de6e13ce,false
1f4b7a28ca69f42a144567dc188756b674fd17c0,false
7612daa0cb40450af2363ff1b0243bc25e631d28,false
e85be95d513a1ce9cc296c0e94239e562ec218cf,false
48b3272e3ca325fb390a6855953cabcaae73865c,false
970f9f28d05499c16840ac5e8829cfa317d70cd3,false
22094dd652fb74a58007b4021499c753382c0580,false
66832982cb29b5a43ebc01c765149dda66e8eec7,true
99ef96defd4348311fb27662bb0035cce674edab,false
73bb74cd037171d853a8f83a97778f43cc34ce4e,true
5a2d33fe8690dc0559defef3bb258695574b44af,false
b2c1a98cc521b50c6ae85e54e20d5172031a7c26,false
7aea5c1e8a3e58ad7bc62291e9f1662d7f6b0aa0,false
39fd1b264b7dc9ad932f6e853a8daf67d18a98e7,false
5d6c04a7a0184145bc1334a0e737095663cd4863,false
ad4b1266547b2e99b149bfae1583766247b25a0c,false
61093d15dca90ff0570d332d8c3cc166d007fdf2,false
9809b0e59379329487cf68b50099a9dd1e846c97,false
de16220f39ef26680bc3b6705c9d4ef475b054e1,false
6392aa37bd0f3d9279210368f86c8404e8fbcd0b,true
1f25e379d9264cf91b685faf47da99e236f37fe9,false
f350e95adb067e5f3ebc0fb6c38a060e1e4f969a,false
8f772dc3ffe66cf067ae3b0da5b26407e26b4a49,false
8bc7ecdda5a9dea69eeed2f8c430dbb8b682ea98,false
cc9e0350437171080d34e38989e90978e7ada382,false
43d02e13348a68658a52e87c13d566a4871cce95,false
2a6090fe39d0538812b850910eee4072030e380f,false
8094749b5326040ab4afaeeb543987675c9d0a07,true
257acf855ca5c958673544772bdaa75406da7b56,true
8dff13b4833432f9df5db4a9dd3f7a293cdc5b23,false
4b96417c873ad1e46ce7193fc9a26e3f719f2b2e,false
96990728ad101ef284b7dab9d20f690ca7e4aab1,false
12811d89baa3fce6c4aa8e3a35d1a0b52e19a266,false
64f9a4e4a2c5e602f2eff4dcf326c7d2595c9658,false
0256d6e243cac219905d6a1b88cfc27ea24ace26,true
34a4119347c23e1af0a62c1f05d9fef42c0c18e1,false
c2b5fcee7e9431346f7d48ee3b3e74a1b6b36a60,true
76ed413896d0019fb6bfedfd9cece01e951242b1,true
25830857374c029fd09806a7e242f42dca7e77ce,false
54930a66ac62288f4d3522cafebb81940a7f841a,false
6ba1ef4449f81ecdc6e8c99e86f3752cafabafc4,false
48964d623978fe874d5197fdaeb948dd72c539e6,true
730abab2de9e578349b614803d9d0889a9cdabf5,true
6cb3357a27a9aa39f74a9c8032c431b54003fba9,false
b54dc81eea14e4122dacacb5de201541dd8aee2c,false
5fd4f167a83657eac57fc3528185298473a6cd11,true
93c3febb3aaecd922657ab0a9f3cee2354956e26,false
9f7dc1fe190156d54914edf208f2f44f58252490,true
7e38267074bb6e2681562ed93117a798a81452ec,false
bcd39d836ccf1b5ab6c3f19cf05a19c41bec5b93,false
a6fe672db898bdad2640d9918931711422a4d600,false
5a274c11d564be120d85560862e5be028f6adeb4,false
d3c42a2aba32504c017493c1890793717ef373cd,false
a4671e4267ce3aba183c20768ab04376c287e376,false
1d3e4aa4f65b36c4b65f3a6d137c4e0939662e55,false
abc16630d991d3869e15509ec8a9a0c4fe730bfc,false
3a33a14843366507f19ed6ba700f7af9a2fd9cbc,false
98658e9bcef4389589cc49760266c50cc0e03488,false
3cad8fc55352ec983081199e2dcc63a1fe14a6d8,false
17c24b7a31f30801860487aea31a598ede4394c7,false
f634a6d3b9ccbf4ddb622217e5aaf47226a55dc2,false
98905b71a80e65183eff128a1df240df05b5d9f3,false
08f210466c036b5f174907b9822421a59a6709f7,false
562aec97d7e0c8adae08a62a83f289c27984ea94,true
32d0ad6bc7f99cf4ddc930bc6cb3c32131aac78a,false
d2db9c79ae929a986c56c4d6efa5ba9d968bb26d,false
14d9e03c016d847fd61d6a1004d64a122de9bc47,false
d493b65d8daacd4e5224fad5878eb2086ad198d2,true
8ad99087051a3133d2b6c3f58f75300c3fabb95f,false
89f053e2dac068f0baf791be7c877e973fd68df3,true
05264e7809d6f7866f355655bca5b9322dbcede1,true
0ebff2450b810cb782226a47eba906dc958ca218,true
9bfe7134c03e8d88d79f9338e671c0c35512f68c,false
8981d809d17de9591ed67263b893a53a9ee11b33,false
ba0a81e8fa4c14525e2dca3aef61ec5d99d53315,false
a21ba925203c659ce4cf8136aedac8d9bade13dc,true
3134ef70976ff53b0bf1e837ec3b34783b7aa215,true
61a9afa629ed3c76e82e06cd160685ca10ad0e26,false
8f6e60b0a8d40eeede2ea4e353f95aa441ebf9a7,false
233c494113db308fe44974b4487a3ecba466201b,false
0a36ba00cef4af62901f148625c2fc21a2457614,false
b2710188efff1ce8b7871b569e7be011df103ac3,false
05d1d6fadf823e8c08fdd03f03e592d8643eeca0,false
75847e08022d9499d96450fe09ac4abdc804765e,true
7ffaeff177c49db9f524e626eac2f6ddb3e11d09,false
7fca65352a67467a70235ac95392456496612ef9,false
67fb95739df22fdf47f06f6891e8901182460880,false
8707f5eb66eca230abb8ecc9c3f0a5843f0315e3,true
a165c4c44a171ac8195fa904fd512eb1a6bd9aa0,true
43354a6c98a99b3c4f875362a452962e6c7c0b9d,false
a8a7b16063b0a8ab3607924c2f936658baca1d5c,false
43e97d518b7e85fa14f7218f197e0e205b6007e9,false
980108fce7312329af4d4013d230eb99e0f94400,false
359770abf5e84fe11a557f1ca08558ee593085eb,false
918bc7da242979e42d5cf687cee44dc7cdeeac0d,true
0028b2e3eef0fe6a96fc0b5bf9e91cdcd9350479,true
fa872ab3ee5554008166141e63b96835699864db,false
4744fd34ff85a9811c7419479770923e36c39b35,false
546df59c1ab06321b76c5f37c4cf0d52972cc4e5,false
dbde9235c41bf5b5912b7bedd708a11378ce88d1,false
b3557ed8e351ed358f478829373ebbdaa7a83517,true
3e46d2735e703f9c16f336a511d00dfb4cdfc90f,false
b20d6a2bf9e08c41b0859435cdd4124446826431,true
b3fb3e5a80ffaf6edad786687cc6b4e3d92c25d1,true
1297ab60ed11427711bd6cb20307bf87271318b6,false
169ce830586b8259974982df214198753eac1273,true
90aa58a4aea7ef892b1dfea63dc5bf14a6ad12d5,false
a65eb1e25014ff65e3f0aa6ddd96ff872fa1a166,false
bf8a7c5435a8e15103085c2311623eeda9d3e588,true
e33a3574c18888c6206a28be95af4693cac90661,false
75f89ce2ee3d257e71f423a154dd0853d904fa02,false
b87de9bcea711dca112d15c39426ce0b41257236,false
201122abb3ad6a094fe88a0512f33ba86b998459,true
1116cc00ecbb90e2509d5ebd3d914273107fd1c5,false
294f234319c5917f5030d38de73c7d2f67f872cd,false
34ff8857b530284513e361a6583209c101cfc262,false
7661a62d482d09330a7476748b927525b90280c9,false
a8687f6b4124774c0dd8db02a587ac8704324606,false
35da9d67f57a98321c3d97ac9b9f208cb0c428a2,false
1d7f566c7c0bf99196dfb6ea850427ecc725dcc4,false
b207344f4b1c69b9d11f3a15c3c58222d5e59dbc,true
e5e2b97a8996fb84b0fe7378dbf00836c65574de,false
ba14fcaf6fe6b4d7f897dd2959cb4f5c1afbd504,true
12f4321b06f42a84bad296d71e9976eb7cd61acd,true
49b3f4dfafdf8e1a88de98fe62511602fd0280fd,true
da1e17b973f52a36e5de37dfc62374469904f8be,false
e26efa012a271f78977398b12101aa6b6edb9572,false
771fd93797acfa67c6cf86103e767f48ca739b30,false
40d7d58bcadc74787aa064c977b0a79895b53dfc,false
eba4a1ad677a3ead7a01bfd995e386604250add0,false
0c08a74779815439d717464ca0c7d119a293fb24,false
dfc46a8c98532a23c7d6ababc44fef89dd95e80b,true
7a8809f337749e93a5bd00cfd21d563f25de24b3,true
12877a6390acad520039651e6f3f3c6f30e005d6,false
4137074aa5d4a2349a23e8e54679aef955507cde,true
63b288c8f81f6eb6f70378f3ed84ffffbb62c922,true
6289aee98bd69c4692ab5075cf5390d297d3f3eb,false
b83a82675315c711d7ef69aa4ef15864e12a9f5c,true
e13881bb0b4321168fae04a40a877deeb9292f16,true
d63e90df9155403f6a667c4d6b7d5defea8e06d8,false
a5cc0fdebc9950536c97b6bae53f33d9dea42ce7,false
2816ad53eab565d271ad1f4885b722f36b402fff,true
f34227989306c54873f1a33d76dbfebde2986885,false
ec9d41f5404e52536a801d15aed41353a5e6731c,false
5d0afc51199f85509cd66a69d33b23232daa2086,false
7deb9546bc5cad9da0d72c1b2cf223680923a9f2,false
b8480316b52d021e425dbd1e82d86f3102beb011,false
e30aba781694c32f7e3bef3ebb358e8116d468b6,false
7aee20cb8999ac4a511b65d6167ea8ba10c196b0,false
49b87cc9f9a841e29c56127fbfb699961279232e,false
735e494d5f9ac8247420beafa2d13eee3919ebbc,true
f7046b23c10f58a7838d7af6b632a67de1828e26,false
5e1880087dab91182364b52dcbfe14424ddb76c6,false
795e354bfde2338fdab6f816d635a0b8cbfd1ca5,false
bdc968a4ae084f39df9508a2b710b18d91a6243f,false
85e0bfc9d736e84d504d64b222862e4fb8b62811,false
ef58e53b9b6ce8edf1e5b8bdb3432200883c9825,false
e17a9651bafe7ef099669a73520ae0e54e0a39fd,false
19c1db61a91438ed3abf5cf19aadfa357a591a7c,false
d66b46d44d1203d174223c8f9a1226bca9188fb1,false
b4a6d7846c44e83f33ea566d95cc46271b571cdb,false
d9f5dcc3f950dc81ceaca50c14215ed6a2801645,false
41a58d7ee88feda6fa127ce69ac2e83c78a1192a,false
7833d27b211bdf227de00682fdf9af1211adcb06,false
da500fae1c11c25eb9387eb3a0c206de24bde371,true
a0b3c5724bc86fb176f339a74792acf646738db4,false
3930ca6c38effe9f8ac14de545c1b5c77d70922a,true
517fca5d65b8887d6e852a5c6a7c5220b004b075,false
cd8965fa8cc0dd33be48c9c3227491a61c4209be,false
dce31155698d2a5f5384f075dd7568d754de899c,false
7f2d6338f85de87f8f552045bff2f512620c9e9a,false
e65b7938a351d036e57639644608cd73a8537156,false
4f3da9a67dfb9df40e04e4ca7b27ff746f274ec3,true
c1ce742673cc05e7a61256f37c31785ec28b012f,false
82b672d746bf89329b1ef6715641c261d9c106c6,true
0032e4fc3430307fcc44329665827484d4b19e40,false
3bb25644fce17e2e6718b3023a135026f9b58b79,true
c9d8ee3a5dbd6ebd07d2376c13465372416286a6,false
d01e9123a79b5c32cbf7401c1e17a99281606edd,true
949bf990edd9a104db5b61269365159e2610ffd8,false
3ea0665ecb27660ab82df2984d8431d94c71ca18,false
d6888e16460bc7160c54e826200c60b23520ae5d,false
431c65c727abcf179ae72e5c3d1f98f6e66205a2,false
c95e730dc55eee4ded3e69850fd05a2dc6e9df50,false
b00c40d7d61a2dedcfae3ad26a946e0c5ffe4465,false
d2b1de1d1345f3a2f8fb440bc363526410d8d02d,false
db69da214f6a7b98855229c6e8fd4a47845c53ff,false
6c71e33b7ec4b14b78b765960968b588c9cff595,false
8b995d78abe7c30f8246f15db68949fd3456cd25,false
7c63b5036af0e734055fc56392b94d7f6b5fce60,false
21de9e8376b5d1cd4b4a4a212b80efa0eba0da1c,false
fbd476bf8d763134b84acde2f220146591ea0ca0,false
2bffe065ba21d9baa0b6ff0b8d88331128ea80a7,true
dfdcb192d5f26a50a7680cdde77af4adcbf7d0ab,false
b4af87d0c80f9bba0aec8956c21323b92810a655,false
5e3535e0a06a7159d6b915e96045121a5586f656,false
e1c74c8895bc15d08bf504c2d9dee38860d8c984,false
09e3622fabeac53df6600336a5cb09169381ca52,false
7daa07d0d9fdc61c43b35f153faa313e1910f03e,false
8d1ba1438428c79091754dd1f77ccd8df5a19fbd,false
d1266a98b3256a1209209bbbfd3d808855cddbf2,false
b63fe323ccdbccb5548bbd47ac4e43d87be14d5b,false
94188d1068e92a5d792c527651dc933217adc0d5,false
de2a9401d090dbe74427d4111c7d62c0829488c4,false
f925fbd61d2b2521d4ae4b807cfcbfe8acfde09d,false
fc6848607b59487c255248b24959e0f553484d9f,false
f22a1d887d89e49ac66dd731cde0d06ed4c378c3,false
ffc4a68abd1f0c295d578532a3447d784aaf131b,false
a90b9e85fc79d76a4ea651694a2d829a7280eb40,true
ea37d93d9858955ca056b04c6a2f9ba00e721040,false
df560de6c7b8504d1b3649fb060fa16d2bba6515,false
b50311ce6f58a8a639086d022e0427fa1189e5a4,false
6e8de551ded5eba4d48af5d78b7150b8e0f31176,false
a1aa7a8da59989717b885c4b9821b977d4ca58a7,false
be763233ff0e11c749acaa444e899d72ac50a7e5,false
3a9f790a08f622b5ea897ebf7fbba38cb682b002,false
8bcde8f54a2736ec4760673b5ab0d5e827150d14,false
481c222fa7abb56b69b31997728240611412abc6,false
83a7d7e6742aa0bbc13b6be537fef61b921ef5a5,false
c986b458317a3b12aaa97ba4812651ba9a052c52,false
c4ee989a0f5ab59de5f027378d06462f163afb33,false
77e7f4833f7e0d32300f2f565bca4e7c7859026d,false
9f0989725d939860dda8b95e00ea067aa959b82d,false
c154bfe3878a783018caf24380a84606ad5a3401,false
652cff87b094fb3170bfc3fdc4b31fe114d282e0,true
b915237d85d67db61648263c19688ac8aee3ff3e,false
f84364ce5a39c0af09d3af0c65d78e6439905f33,true
819a18a3a8ac654790186132a15e5343d630358e,false
a176f6b02ae494d7c892a0981fd9a625b52b0a2f,false
c93ac6138677cb224cd5122bf3b5b48d6fb5a10b,false
c2272a92d2330e9db4b1e0ca2dc2c2f7e94df540,false
4a739a7c84954d134153e8dd3fb34ea40988fdec,false
4a28ff536b4ad9843dc8b61a4f6e526328653ea8,false
3c771790d1f37cb2208e52a0ad17a5761f11b615,false
13b6ced13e24f6f4a55fa1842a39c1ba6f452a59,false
c976d9aae037623bcf6cd4740b787b91443fa1c8,false
453f17d4f7c4c3c5759e984a11535dddc174c4d8,false
402a1afdd70b382056f3172f9e023c2a47b4e579,true
f4dd48694756f9c7b43b25097d869222111257b3,true
98197f7dabda3e90c4192a8812446abb4d6ba9b7,false
1d9ab10cd658477cb6add9503956f16ca2136519,false
141a4c1456b8cfe1ba3b80b8496dc93d72772735,false
348343c8ecfc17288115cfde65bbd63b89b3210f,true
107c391a15e6f8470f9892e2c4c088800a73bff0,false
14bf99e504cd2218dc81b7b73ee239d6a28c3c53,false
2720315fc0c453b4a3b073a2f8b649694794757a,false
2bae69fae85ae65866497b63a897a17edb639ec8,false
9e5106e1ba71869dda8ba884c2f558a7dcc453bf,false
61458317a37970df546cf2d0066e10fe16689c58,false
49970002efca20fbbfa36752c3915260c92c07f2,false
6aecd76cf6d53d0091abaddd247813a69fd90f81,false
2eb8c39d21f0b6808da2b6d0c0df8159eb353321,false
1a366c412121f9cacd9af4f9aa5ebc9f986a7c48,false
26307010edfee881ec6177761416c8ba2ebbd785,true
6e1f59e2d4822565c6d89aac82c613f9bfcc26dc,false
80baf0dd10b1173cc3d072dce639364f7269b9f3,true
e90b0c1049cffae149d618d1de1243d6b7214931,false
b88469555416306222ebb338826b977c075ecc0d,false
877ead8ca1a8e273ace77ac666f563fa257a9fd6,false
dde1dfd64c6b13c3ef637f501652a01a8437e3b1,false
db6eb0235481d6f98dc01096a503a9ad7f7fb32d,false
a26f82f35a0e37330561fbe8a919b70834200aa8,false
2832bec183142703c03443025ae3f469f1717267,true
4227e96962780a6d534237d0ff4b59f639170b59,false
ff42a0a60f92072b5fc835ae0bdb6d9ccaefb597,false
12802eb2b4f9634617277d7f7557f5d757f74fdf,false
b2b90f15dae5e2bd1e86e7eea2e9c73fdfbdb92a,false
824b8f42c3c558b288f30dd51fd5adb3a0ef2f43,false
f13a0d3141e20610d0ddddc1df4c3ad8ab92ea0e,false
c8fadae515561af81259ad13a570b978108a867f,false
1ba910bf320fee7af3f58708ad79a944242f1283,false
30ddcbadcc08973554eaa76cdd70b06e60a4204a,false
7a162cbf8a7ecc2468838ab192fd169a881ef710,false
08b2fc0966eb8499637fc1f7d5abb47e889b86d5,true
c45c84ad764e7e22add11c4e51761135fb12dda7,false
f4e716aaa168a29f9ddc5fb425989c64e029e232,false
6d0d5f053b13b3f5fcedf0e7d8e4a22d348bba89,false
fd2ac9fef611f1f67078d0d4fad8c025a95205ec,false
a3b230bba83d89a7cd1df5b467a262120b48f223,false
0da8a36705740e0310404cdf43a92236e596eadb,false
94f55b28910c8d6363dc2bdb8a791ab8262bc75f,false
c5a1d323ccd7b06042fc0232d6f07f20bdff3969,false
2e79b79758cff8cc09212b432cd3618e4fceaaf8,false
6c926b1fb88bb19f62c5724a52ecb150cb291774,false
0bac4e6dcfd86c1227e55febd486f185f44bf3e7,false
5023a77a06c0e1713edb5163f2f9d68e91cb87bb,false
c116e2816b0ece04c0c6abcea8c696e0c5ce77ff,false
46e2d0615910b1ad8cdda086ea420bb34ceab9a2,false
c1645b144816d06ba68ca55a7522e75ea6185eef,false
42f874fdd5dd084556be6e038068e38cc9dae601,false
43a13bec84792a9892f66111ad719c608405f356,false
1cd7c422ce8174b403c01136c84e095516c545d2,false
1cbf3bc33cf8fd9ebf6eaae396e5afd8f888fa24,false
f63fde0c0a92a7814d709cd7f273ce23a6b119af,false
8e3a0e12a2f3e72eea5124ec91c82d7ac26b0993,false
64239743479c74f0b405f787b146449dc95f4b51,false
13354395233ab57d62f3bc1b722560c879872ee7,false
144498f06f4de7f77978a1b43e2e4d752702b638,false
daa8bbaad7c6c6719c3aac90f05a64a69948b343,false
3c84625122192ca2d3550f2282fd34a443e9a89a,false
86dd937b4c89b86bf2e89834b0f1caaf65d633b1,false
3e33005bd6f687a2be254e5ead9116bdc2bce971,false
570a79767a760517c897cfd27c175e7fed723f3f,false
e563ebdf9eef6a9ae2f33de177683cbf49b3c553,false
c9d5c385cadfd0b13ed4419a377afa80e5635a11,false
8e85d0d6da8777cec3bb9b35bea287a02c0e2a6d,false
67cab867be51a694b7b2d4d090395eb11deb8ecd,false
cf6e1744f91bc2868a5af64823d96f510dc8d167,false
4bbb33fbb1d6b94e212dff5598035b87b63be0cc,true
ca232cf1885014971543c6f0983900a1da3fd78e,false
05a1a8b0d7b544626c54eecc58a12e2cc0c73185,false
a5f729a338b5b3182251e37b7d684cbdc6d76ee8,false
1b8af023955f0b3760381d475471e204fc485b4e,true
ff5b59bc13eed3f17f1dc45a87db68fdc0d0ca7b,false
933f507ecb3b0706bb67f99c65d65583469093cd,false
53656edff0fa4a8cbc37f36e212a0e0ebd1d9b80,false
93747b2059956cf79893cb1253bdb251698fb87c,false
fb19c621ded42df20c84e21fed018796dca1508f,true
7a93c2346c12f0276e1f40d881b12d255a86c13f,false
7b169b01c7f812ac222adbb410c4a4680e7b3a28,false
cb3b4ba66f457423a44498f369fa12fd1660fd9b,false
8e7704b8f5a35cbaeabeb3b52f5b118694b5ad6a,true
03f4189060ee28180b6af3a92b98b42040abbec8,false
6fc1ed28943f4bddcfe4ff515b18e623c3655050,false
b245e2160aded8f461c308546b2f68ef473688b0,false
08d91b832b8fdce28478e0b437306701a0908dc9,false
62ff738ef8f93b85bcf1b9566013fa5033077edd,false
ed93ebc0de769ea42584b2ceccf3ff08202e8703,false
64ce41b497d875b3555ca0cd3c52f095bda1a037,false
2fbc7c145b294c27eaf213ab68a71ad6307a3d54,false
0b813aee0a187e66a4cfe29075ad981250bdd4e4,false
2f68f3a85636179c2113bc23c45fa6bac43274ce,false
05cf2cf9c3f12cf7801a2591843005fdc96360d5,false
f4b048485ef8ac3b9aa62de08e08e70cc5438828,false
e6c8014b63e1c6462fc04104da87f98b9682664e,false
2c2cb4599ee987984b1a42cf04184e0a0889bdf0,false
d5f827cc60ccd6bdc9cbc765735f2f00ffe900ca,true
5c21bdeb87ec4d48dfd7ee345fd18177c4a04bd4,true
3cd2ebc92d8d844b43aa2f3c6f3b4639a4e213a0,true
b8b2d570d4722ddfe4062240bcdbd06fea81e599,false
7310cb31f01556c3e46bb61eb3c310cfe6279726,true
d7ff4188a5fa458917bc622b6c4f557dcc2d5a7d,false
ffe18eb6a8571236b6c5fc5ea0a94e1967723931,false
d113336bad814f110723779e8fd78cd97a2ae6db,false
7f14b6e225b5f2da5432d666dd207d8fc527ae43,true
44a86c8a50c9bc1f900696f5d95d532509c8c3c6,false
bb0f8e13c6076e19fd5178e94be41a5a8666c410,false
0bd5dc470af2ea125dbf06565b093378ce4a78f3,false
97987f399fca02d952217c2b435302040262d687,false
ae52f031d5863fadadc9405402b380d902a207da,false
b8bfbfb4f2a7653bff351a84d45a2da8803ec426,false
79170c38ef3e774244e2b5e8d63694abfcff564b,false
c4a720785c8b9e6b7f4993378cd2aba22d79f642,false
18392a6167bb02118cff292378a241960bb83f4a,false
f6ccece8a266e28e7e3d51ec74c8d6e72c364f8e,false
7872b2ba082d6a8c6ad7c96c1593aafe63da7310,false
f127d187019a15019e799cf5065300f4a603ecc0,false
6d1fb4b96c007d9a201843b7831210471b67a402,false
a508531881e96d3c4bbbb5f3ce715b30899db1d5,false
3d759ab7ab9e4006e3dbcdd1fa31fe7edd64d75f,false
ee206c6b3663ef6a88773623989dcb2ecb1622d1,false
504d6d812799dbd8a15365a86be064cb570eb086,false
b8ca576ccfc509fe560f6899be5234eb9f42bb17,true
d1cf26f8c1b83c3759494b850bdd5e59b251a19c,false
f5b6a53eb1a2b71f2f124afde9ba8db588fb37f4,false
4e8c896ba03a9be58e467778b5c6a534ca9b61b1,false
5c7670f653555b4f31898a44848a5aa18e7d002e,false
4f42b7a60591577fd5bc833552a21cf7f95f5f89,false
db51ed2e4c8d0ba75f4ff2978aeb7b0c2114603d,false
e48d0e79c2a371ecd93bb2453356e9ea7b9a3a09,false
34c3c674337a4142cee42eb5a9ea68f5ffaee239,false
16c0a4303df3eb1151ee9a51f792bc40e5bfeff0,false
837850311f1e0239bc2643c509512fc73f288f08,false
7d559bdfcf49adc1921ced8da208c258c79a00d7,false
406d36030f058dc918bf2841986e3deaaf1af4ca,false
6ec52e5539762af82721144155941e33eaccdb17,false
7557f4412f884264dfeb84e2612930bc5b6d0241,false
2ff8244de6b1e0eee2106cb83248be6c362a6a85,false
753cb9fc1aa15ccc546c1fa04bc0926a7fd0eea8,false
cdfdf7d07faa205340c1c3abc83f32b2926e6283,false
a1a7a58e480316bb59f968eba1424ed94ae124a2,false
1161af9c30cc9c4c261c6750c2de0bfe615ee5f7,false
5462bdcf15f935143cb15cfdcb993552cfb0ad86,false
eb2b05942741c7e6b715d100f7ee60388a89fd44,false
17aedcf2294fed9399bec0e258ad7e10acdd30fd,false
157e9e9a39599085688c2ba6b6900a0dfe0e3cbd,false
c5c061bc72e41027dca07687f87dc02cbc626a8c,true
1cd94880859280202e6e3c728f60cc8d1ef93dd7,false
f1ad466f5107872bdaf7d4f4cdc89c9daddfe823,false
92b04416c24d90f9fe0a4dae592822eb46c8246f,false
96bfb4716dc57aa73deaa59abc54cd955fde938a,false
4aa7360928ca73433ea346806f0f30edc6b0eef0,false
2a534f546df17d4ffc0648d9fdb8cb639270e07d,true
d2d765ead70fea15ab8b59e3cbfc894b492b774f,false
facd3de16a1436669bb5c8ebe4e434a7ded26877,false
722312a63eff800ee87e53d583a4dc4bf5ebb9b9,false
4455979adc77c15c6d0dcf8e61a8d9458854624d,false
77843d9c582698a51749774a856c6b3295aea3e4,false
15d632ad749e835ba28b464571325e6e8632bb33,false
270839e0f2b0f8866dda3687a0638b69f5af33c1,false
c28aafae408c460376da11a090e6105f007e1177,false
5b293152d15517968bfeb3a08342083b134f09b6,false
d1ee5f1b03d41f8d6b6b020e4b782d354e0220b3,false
1f5992887e0e49aa8d37a68414df6ae1e34f9d9f,false
854be54d435909376be4f19e2cbfa9dc47b9e3a4,false
09846aa0ddfab87923429ca33d2ab2f509d86532,false
f750c2961a959dd58ef0fdcdbd5fb475471e560f,false
868615ccd5bf0edf8f9390f7d07cf728d4075196,false
28775afc37b9e723e268df922b0c35a3db6b1d1b,false
217b5ff3ea51c9876936d2d90b511da0582e9261,false
24f33e3af5e9253a9348ce8b6f26de95dabf6d64,false
b393de9569f2f8771206116c83bd20df3219d9ee,false
e8eb8eed6e43f7ccf91cb01bf341f12be57f0d5a,false
c07e6980fab2ea31986109ae04e462f49a019a2d,false
19adf133f65b091db358ca90244d91277b9f8d6f,true
4f50c5d98bb460d7565f67f6ef0ff9279d717c43,true
6e37a2bda1f6c8c5c3ac02f925a4e7816f3e9215,false
f278b09a8fd81a4feb3df8d20a96632041fa6fdb,false
bb4d3e85a5f9e2406d1622cdae5de50b3fbc5fa8,false
9b639655bf4322d30df18698b84b8b2a2195e1f5,true
38d9b297cdfdb0f359777d31db6119f306dd5da2,true
20b71f6bc10f6bf3c705baf43f9539c7f9eab0cb,false
5bafd739a86f6a6e9a048f05ee9d4d852918d0fc,false
35444511069c19d9ebfade0fff425554aa650f91,false
2d208168ebf136a6a607fe2f4b0bac0088bcacdb,false
58445301129602be0f708eb8514988182021023a,false
fa0769d73f2ac5ac0a848b29632405af0855b266,true
15045d40486e7e50fb11606ef64a8d8c08f4268b,true
4b598aed84b4f3c5186b8a8552c95c5f583cb94d,false
5decfcfa139cdc0646293845ba01d54345b91dbb,false
3ea2b8aeb30489808267fe06fdc6b2da6b3f712d,false
9892de211cef68d181c18154453021031a4d1f07,false
93ae6cac72178c759392d778a6b96f3375c733f2,true
18ec0af04c931e7d7dda9ae9d27f9beb5c751fb7,false
06686457c6dd3b56387c697228d5d151f8e868aa,false
3283bb348c5d6fa6619175825bcd014a2e40837a,false
4be8d75e38442b3843400639a6e9493b67aa66eb,false
62ceff6a333b7c7aaea79c8b051de3a5ff96a003,false
a408d9715d99af38fe548d55548539cc1cd51f6e,false
41e21681371d35643c5b239daed8f2d94b3308b3,false
4d09497683cacce32a9ee4f0481bf34c75650a3f,false
14de2e5960914b6c9856d829ff446a97ac16ab58,false
1d8b8b580525292215b65836ab06caae1ca087a2,false
0eecc2831e624a8664a344cfc2509d78826c79d8,false
9e6544af1ead598a6788a36f464edc261736d245,false
9cec152754777448f8718c03d57bb8d60404ee40,false
68765cb88cab9a3cc4c3151483a428acbc4e8040,false
d9b170fe3d3a54774fbec78d14c00b34fa229d15,false
903c948f2605e8c4885bef5a78a4cea54e753b14,false
e073133fd9bd942de48c9e473df66b34f709cdfe,false
45f573d95eea7859e23d41ba98cf41dc01759dd5,false
1a3c05151011c793b493541ca0d1c442c1b0b7f9,false
9b4acde59bd5dfa186cbed92297131d2192dc06e,false
64f7a3fd52f96432b4fc0ec0b571ecda2390974c,false
4220e7e28e56d75e0cd7ca3e35e5d773bc54ad0d,false
3f019c274eea52b7bf8cb25a6a613090c75e64e7,false
a62874c64a2beabd2e57bce015c8304b67a03358,false
e386d76cd1e8ba58c4c0f64604fd2c15af530cd4,false
b92596c961541278459250d1a78f768cf67a0225,false
38692c5c50ab4823c13802193d0f279f1e24be56,false
5bcfc8911fe1624aada2e3fb41aed527a1ec4d3d,true
a7ea4f5730e4fddc2f0f50ac83f1a49cf1bf793c,false
70c526cfafcaf5c32d15e61242fb3bc0d34a5ceb,false
3f7f6617f256c525ac5492afaf2249296994820a,false
60d236ed2988d3e0a8b5c4259dd0309a1e2845b1,true
df58e3bc3e62c5a15aea0ef696cf29b6b3db93aa,false
c2f0f64d8ca0f6f325de18d9aaa338451af0b143,false
4cfe2050d06b5e9e1f0476850509c892412bad2b,false
9115506b92afef6fb4884a6a88c1ab7ec9d62452,false
11a113730475cea31f20d7e1290bd58aae3a8736,false
85ee54a30c356d398651392d47db251fe455f176,false
c513a50976db8e840c027b787d114b092c924e82,false
0f3d2cccba6b7009f3ff2f375487df0badd4528e,false
e14ca2f5fed108297331d8b8165205d1f722a0d9,false
eaab9f53b61a7edea706576d4a673ba5265acd4e,true
22c07c5c00a5b3bb77a3d95fd6ccc145068f7100,false
676c1a41fbab2d37a983c30f3b4085c141362023,true
3f541d9d58e24e5fc8e77bf585ed4cc59fdeefca,false
ce324a02b2840871df9384c29fc9c42efe192cb6,false
e49cde9901a3d92a910ee6544265be92500faf53,false
3b441049d461bb8d79107ec6d517a7b7ef0377c5,true
7437621eaaafe886e3dfca4aa9707b49fc8b1389,false
8bfee3697fc443bc25f2587a30cfc1735cebfbcb,false
30494a040808596d4a953196489ab4c9eee9d22a,true
fb03cd61954589b622cf08ac67f88be01d23c94b,false
6b15f608155e215cacae33a258bcc68e532d2cab,true
5cd3409158e6c70fc9de37bc52754007c84957dc,false
bda169460dcdc756ac193af527a3e062bac5f0cb,false
4dcc2db481c7cd78c4be2bf258ed5901f61ff131,false
c500924a892d97a23cd5f442856f37d270166839,false
a1744c92a997bb100d8aca7a4ba490213656eb8b,false
833225288370fedd068ea0837898d53a7397a207,false
d6641f70def8df396abdd91bb1a2923b8b673bb8,false
e6ecad0f17542ea4c7bff9221abc79c0224ba34b,false
c1e6915e6aeadb9b932d58b28f0f74d0c8750e6d,false
6e03729c94ca8d21338c2fa09f6995b4fa0d637f,false
4eec702643de60c4c2787c6df6baa0854765c204,false
77b9416ef40630d7586ab580b5945f0783757d9e,false
155969f63542cb7d2279475db57582f6a45a3652,true
5b5c91de4c54263d9eb2d6a46b5b20ae4f4ca02f,false
1b3022f3bcf1974b24c7320aad40e948fedc60e0,false
3a5e202d2ff5f2a553fb3d4a886e9ae87ae0d08c,false
434db05da28c9d3d346f84db7320439d3362711a,false
62dc92c02af407e33d55fae5459fcea9a21c4356,false
3dbba745b7509b1e39006ee4729b745eaff0bf0c,false
6498c0e6685931f2547390bc07d8dafbcd4c0da2,true
f60fa2a5f3ed104b71853f2cd13008987f88a01c,false
470cd277e2ae1686f6b5c62ea831b508224cfb5b,true
cb6b3e258cf5989d6700823b7b2b7bc92f929317,false
4f604536daf500dcd7e3219e14cc3b6f81df6d61,false
fbd9c74b50bfa807bf537bdc2f305291c858dbad,false
a5ac0ffd8abddc3e5aec10e1429da8dc52705049,false
0af20ffeaac8491e68c73883103dc5a783bac12e,false
59cc987b1eef7eaebfb424f367d8d51586648e6d,false
be62c76b65b666f54dc033484d37c296cb3893c5,false
45d13d0ef0513364ed664ff20558e0c89019a22d,false
6342db488aacae7ec9ba5ee1548ec8faec970c75,false
33784fe2bc4b2dbcdeca8f4cb987c632f044a0e6,false
390a77a5b5dc3c5a07ad08b84ffe55d27b8e963c,false
577f8bf43cee21af2f787a34a5a40210de6a9c51,false
5c0522b3921a9b9979956b1fe8599d9a1779e819,false
a651f46fcf446789b3d9b9d466adea3354d1e0fe,false
e4f65d19339819188f429b6661cbc1d9d5f58f00,false
bebec1b9cabec01e49925e18b09c87767c84fb96,false
f8e5e98ce9b80a05f9d51b6246aa65562e4ffdcf,false
c476f160e23ee4eab11aab59ca2f4b55aeba4e66,false
b040af32a5e0a554991bb30db65c3c48aaab6a97,false
2a2237c38d81f4a1d74888cac3ad0bd840be8305,false
1aded2a587420268e6587199348e7037e0988e31,false
d9b050bb83f953ace57cdc933d6e2530441dc1b7,false
f066b77bffd6f7c4b4f580a6e19f7f5994f1e14b,false
a5537fb8dd031093b62831365e8575f39ae08a8e,false
11eae3af3b2f87fe19dc63936057abeebac260d5,false
3b323197b744cacf1c51df9d3ca8a7190b00dc83,false
394062e1729585c237130c4ce896b50487e0e747,false
094924892bfd515ef2f2a7e18e2573f3a592eef7,false
62323478c98d41269edf5f9f4a71bc742ed49104,true
799dc1eb8c5b7ac45c9fab0e90d15c3a70117066,false
1892650c4012f92a362ac339aa4130ac004832ac,false
faec829bdea1e6adcf91600c5468febed8a43bc6,false
e28bde79b44e503a5f5ce077b677ad536ca49d39,false
c167de2857dc93cd7560a297f068196e592ce335,false
a93d2358e9e1017d0a9b55b9195b18329be494d0,false
25022f341bb3a1ee357bef783c41a1fdfa8005a8,false
7891dde7968d107ab812b9627950c6a386f13b5e,true
63888132068769f8c1d0efb71c79e401eff19be8,true
9ed91e46cab564e0dda11c0fe191aeaa9bfde077,false
89dc8acb54b58997eb627d0736d087fd07d93eee,false
289bca708af7192016e663b72c289147cf5b1a65,false
41c8093ed92d58d9c4ae2f861b450806cb96bff4,false
9901b5e55cd35561a5b081e452e34d643f5f2404,false
683d1956f9f6c9fd601823cb8fa279aa2eaaf5e1,false
62869b572debb4d0af92288a758257807547fede,false
6379689195fb893796e09fb3bd8b1ceb0ba309ee,false
fdc28bb776760cd11482f27ec1ee0a8771a063fc,false
f56506f88b2644d2854811974bd248928e144ee8,false
7522160bdec0bea9dc3a6468f11632567bfa970c,false
4b83d499205f60d27465f25109926d5df7e177c6,false
bd89c48d083bb282ad2e38e23f4e3291e7eae693,false
af98ed88110de386189fe06d76091aa956604117,false
68dcd1dc472665fd7751210a0af591e4ccc4a413,false
5644d557311a3e845ff780eafc6c98ad1cb523f3,true
704d9b0350936968d06edc886edee5a8a9829bf8,false
324a2f1ff838526cf72724963bb5c6562c40eaf4,false
0286ff2c8b3ee44e57af7b3e5a8bbb28d6b48a60,false
9fda391f65dbf27de236c7b1fa9acca4f1af9b02,false
f3420bf634428332a8785e04ac90f452f5b17498,false
c608a3c39f2056b868fc67dccd79af3953268986,false
b0d74ac651530d9278dd0c796b0e8d5f42f81898,false
4503b164c05e9a6a7bd03a4988457ac405106a6d,false
4685c9553ab504d772a871469097d9f194b2a606,false
0e158227604b6a1beb1a3a0a530f9234bf25ec0c,false
1cce60381be0fb807683fdfc0ec87f1ff0506b72,true
8f2d56e2d07ebb9ce1c4459f1c8332c40b49da66,false
41642d8df5ab5eea2827b38acc880356e8130e97,false
fad86d9e9f7fe3c4c89f1ee17d470a084ff7afb8,false
cff02ea9402643ad90371cf10709e2c0f39c4559,true
0d89acb87f0b7e3ce9dc30963a2d0c23a68ceb5d,false
5cd7c982bbbfd3543dc1f98b4585661def3bb40a,false
d6d505aee5efb8ce42a90137e3f1906c7d9d1eb9,false
2199d6a990d4409240e49870c81f320922a6a424,false
606670baf7c9565ba2d039e78ae60cfc7d0888f7,false
f80afd6e7bfc18f98caf13e22c710502026a139c,false
a9625e4e76ab65a0829adac871325cacdb1a09a0,true
8fcab5eda69b5a4dadf3409e09f3f648c103ef7d,true
88da154274389cb9bb269067814c02b09083727e,false
5c82a1ac76f9a04eb2c785762d9bdef3c56c949c,false
7d407b4fa59702337f2ec3e127151c2e46d0a247,false
af54a9e855347af047317c28e8b71dba02a973b0,false
143f6ba24360cb61f1d74c1bfb36787b3c20e835,false
aa9f54ebddd504e340e995ad6c69d60f01a98d81,false
403f0f3e48e7a4d28dd42011abb7be3a9300d803,false
063000435dc96433efefe995681e8cb21a5e932d,false
fdacc7c8d08edb3e2bad779ea809e693dadf2e61,false
8f2b86553b2f161a7cf5077287075dd21b2eb714,false
9688987842d8c33c266e70b690c812bb5d6c675d,false
03a7b24cd6b850d0c1cb23cf69cf7885ada87fca,false
1de5c18bd6463a1a1cb65e8be1265aed319974b2,false
dd5054e386f99cdb35be275df5bf05afa0972803,true
ed6a8362424db5f33169eec8d37dcf43f56d301d,false
2b956f966fac8b30cf8e29ee46a85ab3d46c8d4a,false
ce4e8567cde8071d5be4a3ca372d938be64522cf,true
a2635425db9dd5c57a526d06e406999956e95a9f,true
4b441151db9971c75e985b52b246e03dbd57ca32,false
3fe8f852cf1a429bf8a60927e6aa34689db43981,false
9c2121a40eaa587451749f11868e4dd6e03c2a04,false
c71d61da4c3d9cf4bcf2ff79dea73956d56c3c01,false
92547b33ac50e6d48d60643e5fc2fafa631356d6,false
0853cc0c859cf52637fa66976383f9de629a4228,false
c5e2dd3367e89a34be19d532e4cde05235ebcbb2,false
03516a2047c413c135f616fbd2128a3b367d8437,false
6dca520309ed6a3dd2246d562a7df0dca94de712,true
19ece05e9c272f165282716e24ab9214b46b3677,false
fcc0d3c828d00d070d68529f6b5e3eaab69c83b9,false
0e82d7ce02461125c4a17d47e774289425351534,false
2e41d8c5464d6131b1c9bcfbb5a487caab397d26,true
0939602a8d62fc6a7163e85a454a9a12e2a3e1a9,false
955e3e46c6903e82686f7f9a96ffc164523954af,false
2b6775c931e65f221dafa67daec0d3d5183a3b3d,false
f3ac8673c36c90337c0ed00267cb610972b51367,false
b730b33d8eb0c38526c53170ff535899135edfa3,false
8373562a9e5a840f5974b2a73db3d220d666b4e7,false
14d06f700300db234a65f0604d94abc2c12832e9,false
454db9b00e295fcdee1887ca42fb0b9db352affd,false
a0cb5eac79ff2cf00c6ed8aad36cc191ab0c6c44,false
59e66a8cbe157d55a9087574dead10e7d66be670,false
7f6a90408ec77298482e668f872fc1c9b2014d09,false
1b7296e18a5a499a2c4d374ba37c13668048ab8a,false
d3de7fc9f9e9a87051a5515fc19da80dcc9a2eef,false
a1a5dbf38f12acd9468723a2e3bb1128f6b6299c,false
1c3a36f0072948d29eb368da7392aea99d336cbf,false
5726179f081db709ffa2ed060485ee3f0a7109a3,false
f15e002f4fc4264d129bd09425671173247b68d5,false
3198062317814e8cf4990d3be165508c177ae78b,false
dc4acc08db5f1fdbdc13b34ef6546458f9f6ffb0,false
90c08734550d7bda2267da116fdfe155cedf6927,false
201390f863930c3a4e76bc4cc1c9af1391dde5e5,false
71343ed91411fe2ccd1e6d11205779db881491d2,false
463c2fcc8fbaae08fedb0d36b6974439ad27a1dd,false
db4b9187ba651e90b62608a3ff53945d1ab30e92,true
dd531fd220b1f6e665c2ed58c5a2e9cdd83aca59,true
d79461da21f745c79e64d55e1dbb016a4cf4d75c,false
b5c786477ae0e001f81fe06d1adbd390c3ef16e8,false
7acf94bc500c00235f2a8a138112ad0317473a39,false
e1d47b354491096396dbdc8f553e4722c475573d,false
13142b237645f2f3513e9df7d450ab7bbc53b45c,false
7240b6209e8060db15ddb23cf0edd3d7eaadaa05,false
77adebf447af90d8cb2568c0dab4d5514a10f9db,false
4ced48a74964ec6b5a26a8a4a5acc68929819225,false
fa7a8a0efc66f016b4b063a6c5251ca5754c9e87,false
2986e8e5408d364ff55fe536acb2746cb5c50bee,false
5b0a6a8b4cadea80bfcf02ade9583b3265f3217e,false
e94bd7917306e31c3210aeb204d9116db6ff579f,true
00731887ff2efb23b4dd884c07424ca20672256c,false
cc5d459958fdf8b6e24e1d1d27ec365aaa338985,false
cae210b521bc247f1c0caaadff308fa1e2b6d797,false
61658edbc1aaf108459818e7a5bf1586fd107552,false
4bf6a053543e5705d9a327b9d7a9801da664ce25,false
8fe8b9311038daa18a6d5d7d61ee7c1e237dc164,false
d10ef111c21eb6762c1b92df67a9842765bfdcd0,true
038eb16a372506f35e95184373b1b751528730c9,false
185f29b32b9d67033467be60d7393c5f75161596,false
64daa281367f517b866687185c38aa7e7b55f668,false
844e3f23aed2f20cbfbc514c2f3d18fa1f870a8b,false
b0f1e67db351a9927954deb40e5b1cc3f2e25be3,false
2170f1b738a3e5867655d25ba3e69ed488f1758c,false
d9dd72787137d878311c066a8b57bb1227774b01,false
9c00615524f548cdff69aad9f1669d1380b7eeaa,false
d476812c28cfcbb3d83e7e978c404ef5ec6f5e25,false
ff3c4ba9c1fcdd0d99b8a077a6935c6396e6306a,true
881451db463cf342e7fba41db43503db71e9e1ab,false
d527f0e519813c43b5deff03a47a43ad8ca3acd8,false
fb17e221457e82a4469bd658bda2297a0852c2be,false
2fd6c7e3a9f36aa3aad97df9d10c89d8f755c0d6,false
425a5d3bdc5580ace80e8303e0aa9d8d89d4ceaa,false
22fa0e57602a728e3ca571d2c7a106d8809f3ef9,false
2310775919a05a15767164559fe0692fb5b2939f,true
638800f25c4ec4b24a089e286bb7320ab81df7d2,false
4b9c0f71b2367ef7c7b28333ee3451566349590f,false
a4cfe2f3f64011ea8839e75ed2383b7c13f8c06e,false
f8bf8df18dfa079bc7fa514bc01035055e50c628,false
bc79cdc16becce7e5767b632c4c487d3f4e22054,true
7ed82fe4c0eef0b8864a7500d53f2fcc72a9b9f7,false
a250686d25a0eabf95e86e1f033d1855a6a484c8,false
eedf4caeeebce86c79b7fd3b3a1c9a3e03071700,true
7ce87b0048975069aa21120f2d3ae3c8bc978803,false
b19f97d7e3a7d17f23384a8ccde843e3c00aafef,false
d2a5ba42cab83afa84c7acbfbfe886fba788a398,false
19f85aafcb01ee057ea036072a8a6c718ee5299d,false
8395e2d69bdf2ae9c925c3f43083fe32484cafe4,false
6aa6de415472150e183e0d201c73b7e315b4fa18,false
bfa7925bc44a555f1a40706e68a228f879fc9c9f,false
ad5f0dc7310ad814d943845d8ff0efdd73bda4e8,false
3225af09eb4012314068026e8a2d79eea3700151,false
2a5f6e06bd9295a1965919378c8332aa2f96ac16,false
7367576c829c883c25d024ba774b0f34d59cfe57,false
7fd9a4e2e4b02aab8442f232fb108e5f4a4bc1be,false
c59b8ddba68f5081fda837945e48e6bdc91902d6,false
24c79d6ff6bd3bcd0ec980dcac11c45636b73def,false
d197596e948b9d97925f83b9a4b692e37b067d6b,false
b2662380280653786669216b78d1b90c4da3693f,false
d9fef909a7f382f9fcf25eee228643f87ece3b2c,false
40f8b4078aa9f074ca9378236faeefe5162c938e,true
7ae8d127f9f5969c0b42b2f3237d8fb7aa29e29d,false
ee3e55a28c81c9280593b78ff9255b956be247e9,false
65051be5f0ab82bfe61201822ca922f000d61044,true
de47885d4b7b4ebd925bef3d83f7a74457b35e56,true
40929672993d5ff6405f428298352044146b4637,false
2429ae04c99e17cd298ef9e859d23621abd945fe,false
03c00e004109a989fade77d8f96a23472fd448c2,true
7fc6397ceb387b787faa46f5efb53d73732d35d9,true
1a48fdeee896801fa48b343d495bfb2e0056ca11,true
381e318aea5808c2ae07254fb6e72cd92d5cb8d7,true
386eadac9c76f4d2b852a80d78ef15e5bb088b6e,true
35d591131df1932b29a8205249572626fbabc79a,false
d5318af0aa63f0aeee454741b064a5eb12913af7,false
71f0bb7c6587e8339fca988b47a96cc54fbe9051,false
3698116eb08a0506f2c742e7c974a62b3d3479d6,false
711d4784d42edd26112f9b041295e3898d12f3ab,true
ec18f05b9959fecc2758a4a28401978083d47c2c,true
05dfa373d6c46a35bfee29376895fe812a8afac9,false
b4c46ff0bcd9afd609768e0719c71d0b7f077037,false
27e8c4523d58b23f16ff520922fde476528f5b80,false
a000e0951eced7dd5d5c8628b794bf0a12949ff7,false
ae4e4e4bc47fad4fbece62a70551f208fa5f4b34,false
04620238b60abc5bf1c63b8556b90be666eb7027,false
4dbaa6c83b7d223abf39912f26738d414052f7aa,false
d9b0c095b5d02404d9a9d0aa4311001eb69ea71e,false
fc9f1b7affdaaac7082526effd0359bb3ec7f0d8,false
72b421444d44f27800766f9f6455438b84526f4e,false
147e2ebd4e22e3c6d727485ca757de4ded1a183d,false
5d4272386e013eb2f9d8f447a28b3c9927a8a0ac,false
987765d03c7baf0aa1e0182d19b9f74938331f5d,false
f1a3ac54a91154b757f666da08376109c1923a34,false
d9570a9b5894aa423e031424539b25dc48afc85c,false
38d1506ba9ca64075ebae69e03a90cc9d57844d5,false
2faef833e72d9cd8ceeb5ea589d29d67e1dd805e,false
d7e472aec3711c898590b2c240d1e7aa312b03f9,false
d268336a37c8a1f919f41904e8ff9518cd297709,false
09daa1ed4bb7209e7a4ae24aa3a13e1ec76115e6,false
513fb7def82c22ded9769e9e6f31f844e6f2f56b,false
3ce0cd7f9a638eae772be28f2e5a9bc92b003f51,false
72f3da41ddf948460ca5f3581c8605f81f410329,false
7bdc3b9bf0413415f03643c4e4bd9ad4a8c70155,true
8de0446c9ba8dd346ea83dc0f8b20477f679b9e0,false
a7098377f720faaa7bc54effc58f0dd365e5d289,false
324572dddaa0d1094869a24267a63b51ac6fd318,false
49168eeb3363be30132f96c21813a5dcd8ad42e8,false
d1e4093a43ff1199e14ebeb88bbb4c0296646ebd,true
06017c5f98036bc9fe3f66d5a98108076eff2485,false
e8246937505c75fc75a1596e2a089f5721f945a0,true
2af860aa41530a4fd3ccd2d0be6117355d820f75,true
1bbf2a72d358215886d07c4125b5a388a706bec0,false
47eaeec106ce7e641b01edde1bbfc34689c17c01,true
603788f71105f5500011cdb206cdfed0d24545cf,false
423ff73ed4c1ca2d7e7b71052aca01d83295ba0d,false
2da62684d42b1acb63280e5c9cbb022d594cbd1f,false
f630f1a27d2bd52ece15d00fe75bdbe7903f8a31,false
de2f39375345f7b332cef6357e1035ca32348b04,true
d095bb20bade246aa3bac7112e28df917f79c29d,false
e34099cd58ffbabb1216b473ab3a1190f837a0c1,true
c25f509d84499a0c4a8916821a2d040e02060fc6,true
d594f35d22af6db858c9ea97cec5b8b12213b282,false
b85c81a03dbb53e1370a010184719e73ca81efad,false
1c8a412787f6d251cb86cd4a8862bb9d8d2b371e,false
8057319543caf101654f4897cef0f05099790694,false
3a9ef5869d3f87c253c424ef9005a82a8964837e,false
a1443efa3eeedc5bdae4bf490feca037731c81af,false
dd49ddb82c1e687976fc4f7d39a75bc8bb63f454,false
f650ff7d5c9c14a101fb042aba88a0b08cd432ac,false
dc58b5a4575e81c58d536d96cb65747f45b35b23,false
a386df372e344120004302b6f26f3fdc1ac8d42f,false
f556403aea153b7adbf36bb1fc7f00113c156e4c,false
cb19f98491a6c03b12e58469d77f8dae24642393,false
a7fd60ff15791128b2cba040eb4fd6bea4315a8d,false
63589e5f53208f442c72b0d1a9330a56707ede75,true
eb813e3fafbb53825b45119628cadbc8cf2452b7,false
ffbae22075691e0d714e864bc9c9fabd9a5c2b31,false
246311be6de93c5044b37a7a69bae437e8c93ee6,false
c2c7096b8e036cf41c599e8d67a4e01a221a4aae,false
69749ed253489e5353b7373654a5b861fd69207b,false
a62f28783c15679de3dceebbcc437b65a71099f2,false
54ee04ac975f095b7236144af8b9cf8c75116758,true
2ef233e04a6efa3880802f3b111e57648223780a,false
119ae300a787fd6e728dc2520954a1089221e4e6,false
dfac4e280299e8ede90978eb6595956fcff8ee30,false
71383827a0f82910d95e780755e660f291b128ba,false
3be53404d12cee9307d6748f5af9770ae8d56200,false
3347dc331af91c370adbcdce62671d6e1f9fe582,true
7e5a33ee789fb6aa6d9c96f80b4b494ec29de40a,true
e3658ed82b576958b6f4ec4e533b560672ec64ad,false
4b4c9a7edf8b1a4ab13dcd611cd18063f4cdebff,true
5817471649fad7dacab9c31c5ec2ca6b6aefeb20,false
59df52e453b54bac026297360aed77bd72694406,false
f1ced58be4ddf07f45bb9735243ce4a0620ee505,false
b5d37849de5d8f07031ef74838c895bc83e623c7,false
831b04757d3318a8baaaa5710f811c405fd9e158,false
598c00b4380e7012483a4f7a747736829e64e155,false
474605e9b430c567f4d68434eb46253fcc5f559d,false
0a977fc0d6b8cff89e538c1e1b88a1efd11a3096,false
0340f8a474d39c7973e5ffd0c2485f891202ed60,false
be9a00e52c64cc9bdb5d8d44e045165d428910cb,false
7f3c20e0d67c3a23be7f45269430915d0e974d1e,false
f881e98722611f8266abfcdaba3e53a89afe7c63,false
43aed570367d190b0e1adb43b0992dcaad3308c5,false
6715f82ef4cfd7f80c8f7af48159847b5d4888e7,false
e14662665e76cc0b0f249f7196b0d03c32d6d904,false
c42eaeab1f516e0aa563e7435063e7748efabcae,false
c83aacb4b0a94e9eeb6a9c2eb9b4afd68d6269a1,false
68ca4c585f81aa573936583ed339da04ab5bb3f2,false
99ecd614eca42552aead720ea3295abbd180a658,false
d0b5ea7ca2275227466eebabe87978104ff98824,false
32f021c2cfbd0591e5bf699ae3377c93b0e7831f,false
0dadb64790d677ee4b654477c851c47c3eda7434,false
251a47648af3e152e069a58760c2fae005ffb77b,true
39885e0333544ed48f97824e1ae9741a86f3b5a5,true
a1b93349ff2c3ad763c71f503ef515577294425a,true
6b4bc278f8d67ceb8f00f95a6d73713475d7e52e,false
d0c3d7582902bd0a7921c7468d473389aa90859b,false
9e418733464892d63314a8486a170478e93d4430,false
0754d9916579f56ef94ad29a6996089aa987a929,true
e8d97da7f92643f1a1b12a4cfc52ac7678e96e2f,true
53bafd3b79828d2a685d2fae6fb5809a1a7ac946,false
dff10fc0e3cb4c031ac7a959d1823d782eaeb43c,false
ed98710a7c2e2e60dc4a859bce55eefd5da89231,false
3f2f9e06cf8aa9bf2c2163a779091d52f5026ced,false
f1b30f90608a838b43739a65915a17d7a96b0342,false
f0d977a71e3263f35ed68e291caa3fae7a372fb0,false
522df388acfeff8693547bbb310f927a8b99ed3b,false
90a6003090c7355be1f4a14dfd550a9cf409cf16,false
e87b7a4023f8e185f12f9775ad16a2e9e3c3fb40,false
c2bd833e02197b77d64be586f01ed7b76dde7043,true
98de5dfe3eba65bf9c018b2ac8ac2ed171945f01,false
29835a6ad28d71fa5c4a47fd03a03a5f97fc1f9f,false
b73325db87895deb331ebcd8cce8ac93406f266f,false
9b7137d4214aa5a964f77b5ee40efc56ae0c4d6a,false
acae742f0749eb30f06eb7c7ae5029796ea138de,false
1b57641802e258944fe6cbea2aba17a42f63dd54,false
ad895a404b84ad2c8ed5a39abf88e1c8bf7fb749,false
6c6b3a101862afeb6bbb5dc8ebb30441216944f0,false
017dfab65445d5b5beb9a5ca6caf7b77ec9892eb,false
b2d5112644f5079a7010578f05720379c9bf081d,false
38035f52745ecb808bd7346b37d926a414f0baca,false
7e303041da876cf25ea1f9db28455eefd8b59e48,false
6c4a88cd4b62ab7a95dbf5241bb5c0a441c878ad,true
612f987068938670d4b3e4a6b78d0b8a1bad35b2,false
e17364bcd943daac1e1caddc54301ed105a386cb,false
1937fb25a0de2711c93679e4648e5b143a6a947a,false
07f8755f08cc6abc3a8364b4d3a3914a12fb2aa4,false
90a87dd2f8ba123bd3bb249fcd58ec66343e23d1,false
ce562a1bcb0876d19eac760c579ff72ebc5d36cb,false
8da5a5a4adacfbc682e16b57766d6090b97fcecc,false
409792157e60797de3eacbaf5289e1e8312027b7,false
eb6b6c884d09446f56897cb825ba84e6414e40a0,false
1ed8d3ca3fb49446cbd8e46d24ddc745233d1d0f,false
5405d87b9a3054b454934be0f3222a5baf135c29,false
79ec09ebd3f4d1735ad454ad77d8bc0e3ba8bed6,false
7fae95a6d29aa13ff704f3d67d8693335d091c8a,false
1d0187226eaeab99e352609f18fda111a7a893c5,false
4b4fd8c447a1552a54d54a92de712d4e2191c28a,false
9bce29bba61aab6d01eb5314927bb67601a79ca5,false
03239b4c606ec13a7fb84e1879d633d130492cc5,false
220e4140f1ce8ecf5afdaa3dbf701cdc37c773e4,false
8419ace430d464279032e0a97cba1091d1b8781b,false
2093b46b242a9dcd26c3ff56d75b80e062d0865e,false
10f283c5316714fdeec475fe112d6dfe73e6e294,false
2dcd3b7f720f8b704d870e1ea24f28a59b6c450a,false
e8dcbffcf4d229857f025ff6d8633c890d072a56,false
d043dbc1a31b234d0f2a497f22c13eb6ec7b20bb,true
562651e5877274598c0a2926b385c935934f9888,false
8556c53764b397ec2d72ed38f9e215e41b73ea5d,false
00e92a9960ae7cbb369d82acb606620aa4cb5569,false
8badbf8370b0f450ffb6d5ac0e0843841410810a,false
6957530a9c21685dc4e11b623067950ce06a2c19,true
655172ed77a04c351650b858526e1a627df53d47,false
9fa45d787e2efe4bd580a08e9124bb9df8bff9e7,false
53f4e952c15178c7cd59e499694b9f0ab5bf97a1,false
0f5c8afe5cb70a0a0d8e612027542c2cfe97535c,false
0588995808e9e799d636c25af0d18fcd3b7acb05,false
bf7a380448ee73911b2ffec80a3997fdf5eb36bc,true
d008922856f5e3720b4bd651a5b15b73be2aedec,false
43485dd6c791958c67ca0481743181c208b1402a,true
c8d82c19e28b17209d5fda9f2cbb68f2408bcfe7,true
0b4e564d67b22e816be7b042616ae84a7f5bc044,false
90079f21f2c7cf8cf7927e53e29cebf58f7e82de,false
bc0415c7dd38df718211b16dacda25ff6b0e74ee,true
60d76466d01e8a22d4771c9701bf08b77a4a10ef,false
a06606b78fbf9b5f4bbce10905a8aa7e8e80f3f9,true
ebcba22888a236a91437eb57b0a93d3ac2fd79dc,true
8964834362f9de5bb337333a82591e43cf9fcc91,true
238d69d668374ade2ec467e170d04ca7ea869a49,false
be7834da417934d26a0fa6f656ae56ee07ea1d01,false
3c9269ad3268f2d0213eca6652af91768e315fc2,true
07cebc9ab37577f950f1ea642ad02315632f5f5d,false
dc54c2e5b2a58813917da81e380e2bced5955fe8,false
99f820321ce695bd7c8770242cc85cec2988d9fd,true
c3c129607bfcfc30534decd05c4c96284221b136,false
9fff5937d21b2d86768be5771d49849a65df1eea,false
16d5a9deaa975300ca7a8ecf06bff4f1408f027a,false
7fff7e5bd77c532ac27d7438c801e2b89efd7bb1,false
1540f161ab294e1a6baa0dd33640ae29ea1ffe1d,false
8675849aff3137e765126d174a88dfff5303177f,false
8f1051fde5efccba1526525933fe6982504ef05e,false
d81c62cede89ad39cf457daa1d314d6c40c3941c,false
20678c3c9f770147e714be0422f2f77fcf21b861,true
305b741dce2feece54788d9c87d6bc8c815a2fdd,true
ae0966aaab42a71988e8af670accf05092d0c231,true
316a7a68afdd2618171a301e8e5f8a2a54f1489f,false
ef7bb69271c5cdf95d645d176446c4d49acaefd5,false
a3b0ee5ccedb780e0607db509e214450608b4657,false
77f3bf274ab0d093e845e54148674e6501f0e5db,false
5619186ef208d823c9de4754cdd2ca907733d750,false
07f0562f31c989acc1b04606bc1a283449f78bca,false
44f6b98f973ff96162e9a92d6ea2f2dba9d613e7,false
c98ae92544964c816c077991ed3454b1cf261e09,false
b7bbbb735649af228c8fb4402f7bab6d5fd0a693,false
bda787f694ebf608d150c69a11c856369a828fd2,false
348456499b680fb01a0cbbc7eb889755496a98dc,false
514c87432bce2fbb7ca520259a27bc9b4876112b,false
81eac36078d05ad519a385c972a743cc47c9e2e1,false
65baeb2527e8eee824e9a3a22fa7592dc1ee1b90,true
2bdc69f14eda144aa2c2b7b3dbd42cdcf61918c2,false
4acf465374f309d518c1bd21c56ce32d1c83a6dd,false
b4f242aee2c2c1a5ee72e78fca1325cc0423e2b9,true
f5d6806c0234eb5d0228c587743ad93c8f8e346d,true
a232bf5ff1f2ecfa7bf0312a983505347f55df60,true
af652cecfd076bc71c59ee63034a38c8e19e98f6,false
c2e1062b6e1ac893df4de6b1f0b2cc59135f415b,false
597b7ace4d63d691b4f63e55282951913aadd453,false
4d5988144f72a48f79b15a0c1094dfe2c0d1f546,false
1ecc4d81428c3d81ecff64bb367ee14954d92036,false
6ef0f833b1bd97cbc8989ee5fbb32b868b9d5bf4,false
cc0b6a9c69a1a2d91ee94eabf8a0b99ba7fe7a6d,false
88c3d183c8b406e2e14934f0bfa457c4c8832a24,false
edd2283b2281c3ec6fd4087d47a298e2109ff178,false
0bdd4717150bb2e6042396dada71e6c8e9070af1,false
5d1c98ccf881efa81c786a2b9e5a25d6aa079bc4,true
644cb8f7f3b8ddb4c37ce3006eed608c142c548c,true
654e3fe7b5fafb79ba4448805fec22a459065ab5,false
8b269755fbf6275ff2f59d896d5b2bda8437e68e,false
b53e153020ff89155317446ab308322d84e17c66,false
94dc6d02535d0f10e1fe1c35e2847d586f940628,false
6f20a341b1b1d0f9dd1a6d1fcb62f4198cf66682,false
e82c98291cf6abde63e0b4c07a180ff636cceef5,false
d18c7e7c5ec131444a8f1793bd5cffacc75ce04e,false
f143927a955f4b472a78980eeae60d6bb12191c5,false
87dd13068348eac9abdc16c5a06b891b055d3cd0,true
11ad7afe681e3ea66a047f92f9f2ec4038944bc9,true
9e433060dc06427622ee0e4b650e8441f7b235aa,true
534c7d53c90b8bbae900d95b575c0d530844b694,true
4abcb35a186a8cb8507ab090c93325a1671c10eb,false
7d5cdb6a5d6ba2d4a5a7bb394c331cb687582e9e,false
ddbbfb255c726ed0a0c4d2253d2908b8608d1c30,false
ed743d7da0f2c555ac4b0eb75a82fd663e19afa7,true
a6a7246ac523fe1a033050a6bb15432c7f2a0538,false
fd852b76cc0efcae0198f4eda56ed328e70a4329,false
95ba620f4c119b3fc63a6cc2fb9fd459cf23c33b,true
452273412c7d3b562df25c30eb5aa5c1e14bd29e,false
e76dd94475c2838d70c137e1ceffc37229aefe9d,true
7766229be289ab0ee36a16e70d99e562f2bb2b9f,false
9dfe0aaaed516ba2d06ca8f74b57b333dab90063,false
4af8656746e208910fa189531d84e3a64e007e2e,false
38ebe10eba87e6f9de3fde81d3ff31ff6df70604,false
