hash,isBugfix_mistral-small3.2:24b
2cdd252919f77cb03b7cac6e51f0ecdb3474ac40,false
f76bc70f9168c1aaf580ef9ffbd8f898d1b23c5b,false
e2471b837a46dbe98ea42699365509399f87e7ba,false
9c28534b64c2595e37f88a9b3c66b46d41fba879,false
a3cade3e20282282ff8bd505563edb9b44f2458f,false
0ef0c933d2bc795355f973a13e2ce415cfafd8a9,false
1ecf3db5fcd48fe9b6c9140c7513080fbb28aa1e,false
6c6f70c24f422cf5731182536d022bf0c6093b0d,false
8a68acb84d2fb5a181119278a452be815eb1eb9e,false
689c673a7cd105cb7eaf3b83f3e21b05d94b7351,false
3df31fa64f2a3332e256ff6414911f62b23a3363,false
ddd45b22fb0e6ffd60e1398ef8b5723559da43b8,false
675ec8f0867c0f7e00f201572fb9fdddcf94e31b,false
363c812d10e3249e4e8efb6cbc09053d94812509,false
ab26b288c196e6e436e39674c8d078bba0f7c4c2,false
a063508b5bf51571da80fb43554a4844d271c86f,false
7005a37b624defca42168c5adee8a39ff88580d4,false
bee7f114fc720365e7c0b4c395e5e0a7019407fb,false
5b80d74988f163e54fe441506cf3c92f086fe07a,false
cfe153e735547d0430b3b8e9ce1e356fc964e89a,false
ce93c15b8cada7fb3533b39b4706534c3181811d,false
d6815fb55a363b55dea118393b7ae32ecc8afb98,false
dd633c9e7200e46f4d67edbd8777e6a7d231a7bc,false
3eef39126d88889c66b654a63a0eae3593b683fb,false
fc4333acc2da02fb8def2ba291a6b84b05a77078,false
6772b2ef806b05fef67ce96dd379d4a289ada39c,false
f2116093b1af3e48bd23764cacab6a77a05f969c,false
1685325d6dfa474dc5f70c5961b7ce79169e7fad,false
f898d551e421c7d5844a67a30efc30b7e70744a4,false
5d97f04ebe408c406188cea58eae01490a7f36a4,false
d006506531bfb6e32746ffa29e2f220f661aec68,false
9786e6732f0725dba7426f20ddf31dc0de72c59b,false
7e80b5646f151c8d1f07a1e55514558bdc389d72,false
46e02c6bd1f6e5a0bd1918986b9792fc5e63bf03,false
5f7bf57cf91ba93b24ef2cd92e1b6843ad4c711c,false
57fa57968d941a21481f154e1bc2baf6d81ae419,false
77dd73040041a6af9246a990a9cf0094e05eb187,false
d82ac03c8c98d61caa384903006e72778f8b6648,false
702c5b9692d8713afe331d39811e610b9c648bcb,false
847dac792a1403346356abd779361f8ab32739db,false
cd13aa8a967705d9b23c99499fdc50da2ba3d07a,false
15222fc32f7536320463f8d27d8f294ecee5f01c,false
e97eb1eeefa8242b79375f7179608c3104c36a6c,false
401df6c34a9cb063ef5de0637bca954fa4d44598,false
a31a626b1619a147eafb2dd4ddb09425b185ef27,false
99a50f7972acbe9718ca8ddf35f66d18349b56ff,false
14c794aa45d91b7063950c9b45f1ec16a41ef48a,true
5174c1c63fc590c9dab9b38ed40c59e8c061b25d,false
2293be4079da135a181ee1490670993e44038123,false
68c0f4647f2849528d8cbcc7a2f498a80aa76567,false
9f548674b75e282a72e96bc17c559f7c8d483908,false
c8d655e416f3060ba217aed47c2814bf3d5c726e,false
c25cfa626b14e8e666268221aecbb483b1ff932a,true
980625f90149aa1b667a214204d680040c6e9235,false
0db3e13ef30c18570e6a0166f51d203e8c09fc1a,false
62ca799b36afe2580aa2a06357562f50919ba435,false
85911e0b95e9c498e861617827cdc8604d360f63,false
79b2d5a990ab8d1639c505ee6a510a86567d2e21,false
b6b13333dd34e8328ea520a6fea79b855ce6ad92,false
89fa3caaba0636632f1091b6a92269c341e792fa,false
d61d295386b284dfdb11665059a88cbd087bafdd,false
076c8d7e276fa664beca22838eebb60fe31aef9b,false
f9e1bab1d2f5ad7dc60bb02186ea694ed30f7320,false
ec2daec4126938febf3604f7c9485552125591e6,false
4442f4c31b002e2df5866e3d32169319e4b45e3d,false
b3125ae070b2403aa06a4498ec7b56840bc11e9d,false
dcbabd06a655facf218edd9c474d743155c964f5,false
45a194fd907b655d5a7acf376a8a63f3ce1d8763,false
fcaaee03c13a0534a55b87899a86c8b235e7543a,false
954d7e1e8f0826644be8fcf548e38bf5d7317a7b,false
17c4ad83c8827dcb81437d7535db9c0cbb983953,false
e6d3f42e604f31481a9c570a3bf347215b6558df,false
d213d9a1146e794322adbff1f0442bf5321ad6a5,false
4b15d49f5204c020852071711b08bae5440347e3,false
20f214b9d080f49fff710d27a62801399de25c2e,false
d165a8051350354fbb10d1fc83635a63c1793131,false
c880a042a745d2fef50742966c8f684449dd5813,false
755fce9e52847996c8922e6752b56b905a34a08b,false
7e5c6edfe39211d6a66caeedc5aba389eb754ba2,false
3fb9649597c9c7f52c1eb781b96b5fe54ba27cff,false
e01edf261d196e5465bd40816ced044b94d9699f,false
ad90cdf82d5f4bccc5e6a32c61c02446bae4a7a7,false
7c4b80f4d9043dd0483b4c1cce16aa9dda2b84f6,false
27c034c080ee73010c8981dbb510ae64ad2ca176,false
fbe076b5daf877b56e2e136138c9cf98e396c230,false
4112bca9254b1543ec65a067c7f0fd0008b0256e,false
2fc636632ba4c96c7aa0f4e4e037530c155438a9,false
625c34662b2704f561ce05b3044adb95d0b80465,false
f20b1d89a9c5e85afe8cd6a3c7ef5839385875b0,true
4fbf613955cfcefcdd93528fa6e202137b7d7110,false
c5d09227c52e25a26867a242030d599a792cd92c,false
706f3b44edd79fe02f5d83e7076b7655f1ff261c,true
0f4a1035b28303aeda1d8391b36ea1634a82e573,false
4ba8c0e552f9118534f22181c1eba31a5408d559,true
1194a81e91e44689790550cca2aba008b9076dbf,true
6f72af2ba66b196be6be2b47ef39d8f83d7f2f85,false
67a604654c580b5db8a1b8eb28a153165a27bf3d,false
5d88962258740798c962e99faf4590361a9e03d3,false
145de1d4db73c778b2daafe0317633eefb90363e,false
c99711c7e383b8674c4e95fc2f1d35b4dfa96bc8,false
4e6c8ec6fec88fc54e2d66a661f7adf15e116a7e,false
9c8e23ea57bd0677011ae424288f334c6e3edb5c,false
3a3f112454dc3e52cfea9f6bceeaf0aaf2a38761,false
36ab6c15fe08cbf73e00c2f6ff2a4737b9836067,false
9ca191f3d478afc0811dd10cbc217482ca822904,false
9e7934684e9ef004fd5fc2748da24bbf1a63f523,false
d65bf2a714361ea30c8f79b3accda3857d74bcbe,false
e14faaa7e6a73416f00a70e571136ef1164ee684,false
7c43b1d89b3ea12cab9ec975ab3066d0136661ec,true
894aaa5d688385b9f6d9145ae9f29f0100fe35eb,false
0c001d805c3cb78468bc0acff7ab0004c81967b5,false
ac2f17e10ff1bb099a4e9e0f88de80124bc749d0,false
a41677aea16917831af8db96326cadc844551897,false
c458c058017e3cf8a4ee72a2ef87ee321a3310e3,false
3291eb8b706c885231c3ffbe165585a685c7513f,false
6082146d55875a3a27e151a312cb3211d5818f4a,false
b672643194b21e10061c5afdf34aa101c6aaf2e0,false
05803bbc33fa374658686d1ee551d4e34ff75654,false
2dfffba1ee2a35d6aaf6b95787b735841f630a5f,false
80f6776ef5e489aad135d2cfd8588f7e624185bd,false
e7225cc806019b189cda781ecb34bf07ba298c73,false
16cfd76ac95e010a81fb52adb872b7eb4bcfb7af,false
b435e20cbe1269ac87208cb10ad840b7d833ccb1,false
3ec6aebe44f5eed10f16c28e2c18ad1f4d16b5b4,false
4a9be60e0b2f1de8db5432abce89b6dc13b30974,false
6f69e964652b93418b35d08a9d09355b7f657307,false
42139be99d73afe9e9322c57fa127e3565cabf64,false
87961fbb1264a55fd6493aa1f7137319f3b6717d,false
047bbf186e5f960706704e000b743579a5e6d1f8,false
b60ceda055f4cd0522ade3102ac7c411873924de,false
758a4ac38770b0cef72ff8c1a4879f55f4023b1d,false
371ffdf0c1b67c4eb418d7c5717dead9621ac554,false
766e2082f84bea97de6bfd8d0226385d84be9c0c,false
fc936ec2b0bdedd3ac0a0fcf802792427205465f,true
d1f34776d2b6b22a96a6b72f6bc024e09c7a8933,false
d62da7bb190cf339de4ee4030634e52589ff8e83,false
51362722cd13fb6dec7e5346e1869c2f31a3252c,false
a8544100fa416cfa54a2448e5501d338a78333b6,false
8f986d6f55dccb03c3e3331ad94c919bc94c353a,false
030d6b92ab4b71196203bbc2f68848d6b4dc9c99,false
56c8bb0f2a76a715d0fbe76f82e1b82682ea3f61,true
5012893c1d761d60591f165a1c5640624b28df9d,false
1e0f064da6baaa62b8c498701f1e4d91632bd340,false
1a0c282cf8e9676c3c3a6bc46d8fe1241ecb1c6f,false
9a2afc7a9b29a6de1b8ad8c59debdaa37572c428,false
d9875ea30278f721225b3c5b3a10da43e0bd54c6,false
e38c87238e4054841b19701a351b8403afabfc72,false
707e22f2d27307e8af3c9a3a05fb89dfae786eb1,true
13f51060704c3f97b7e10286741ff2190e76d206,false
86f3287761a5f821f75232ba894c2d83bf3d9b16,false
fe9e69e06bd50b2d0b353ac564e50b633242574e,false
618050dc3238bd61e8f84127445f43e228425265,false
be19daea01d29aca3482afa6076d3a8cbb05969f,false
e1cf51ebb3237059e81a725f6073df9b1ea5f35c,false
1abd2a63142d30988c5b272d3aecd75d38c456bc,false
767c00c2ca9abf5936b60c7b6ae11c1bd24a6f94,false
4854f875b061114ead428046822627c2bf7d437e,false
6f4b059cc90cc2249b9833a85e114d004d4bb656,false
68b75461db973bb544ea67086cb75208e1bf33d5,false
d2a66e9d1f4b6c89dda6717f6e2fef506a7623f7,false
24c11dfdca3034f9d1ab99c3090de935739531a9,false
cc11653446841a8aba481b218a579a00b5bf4e25,false
cca77709e136a07798b90e4e4ee89229be0f5b33,false
59e9d77ecc6a6da6c13b5a90b1eb746bd6f7d4ba,false
ca0e546230672b57e50297f7cd803ddd98cc6bb1,false
a2d2764115887f296a85e7f48a892b723fb47aae,false
91cf36c5b9e5a9557d8a9ce37c68955a85d32906,false
3abb29adf85159e21381439dc466b4653d5ae9ee,false
40a6dbe4fe9594d80b79897ef9b207ca4484a788,false
ee148ce630f1779487124f01cd621d7b62f61af3,false
a09f478ac0041fb597bfff09ea8817dfe1d9aef2,false
510da196d762d7a267e2be5186e6259187d50262,false
041b2c41167a2eaa0081d8300f417fe08899fd11,false
6355ef5922438d29b6e55dd80c811aca26ca7d7a,false
4876d09d6cefed7d33787fbf55ec54bdb7f00aa9,false
ca585dd0b54abb5ea79d52706dbeb708b34bc8b1,false
91f6c7006ebf4b6c041658d7ef729ec642bdfd61,false
8eab3848c1f448159950460dac73658065c3e66c,true
5fb06de2030a9ae1f3387214c2438f6e90f362ea,false
23b66b0bb41cc54a9029e51e96d6f60e07f688ac,false
c83a0c4d957e2257ef03ee2c75c5b2d8c38995bb,false
07a89c8d05585bdf65efbf3a94f8d0c0712bddcb,false
aa10792f7328ce9a336992f33aec8779d0a11a9e,false
89066a7215f3f11cadf147d6ecacf316fb302754,false
b9ae0a25503c440d16e2129ff8326f2ac65e7e3a,false
6f4e983813e281b126dc8487adf7994427d7d2a4,false
81dc55ceab4b45e9c3768859db2db6b3b92d63fd,false
5a2f63cf58c135f135c3a70eb3cb93c48a5f6642,false
366c5a344dceba6123a1e95d26fe9f218245c60b,false
6ba1d5e6dfd85ea1ba5ff1387ce344acb1f7e0a4,false
0ce293325c11a19c9c5385b1f02c9325127f7c8b,false
7cf4ddce970b2d7b89e633e804895a4983007a70,false
2a83d122ef3c2db067e7c61cf5d49537ce25d147,false
c70d167a998e1e3a80f3fa072ec211ead8a17283,false
cc01035fe8fe1171afae80966b246dc9d09a6923,true
9a2b88ee283143ff560f50b0c2b670094e6df8d6,false
2ac5d3694bad886c1ea424aab8c80fd4305bff3a,false
45747fd7922d8ae5d38d724aebd5a106bc2280b7,false
6466ad51f6f9cb6f6b19f4f78a6774f340ed5e98,true
ec39f15a237cd79a545e45bcb941570fa7ac46cc,false
5a4877805b6678acc9bf2b26e05bc4d711546b77,true
3e0963dfdb1ed5f386e040af27225fa0f95d6f80,false
3be61a13b55ce48565a1757d162633862a628bfe,false
a277e7c040162aabe9fdca64d4aef760bdc4e7b7,true
4f91d037041605de980ce4135b7754bf59695ac4,false
61f37b756a6464a25e001df49a2110f0bc2b5520,false
0306b8104045af2d0729708c53282571d0055e5a,false
b7d4e4a5f818939c5b44a8c445e373ed2ce2e479,false
b6da74d42409a247a2c9a33c123fe72505eec25d,false
038d3d503184f7bbae104a1e44c044c345b935b7,true
31ddced437434522ceb8713b63acb579c18a853f,false
1d2d81492e13c68731b74ade4d9408caacee03ea,false
fe1cd06da838d73add4d89a5ee00856c2703fd00,false
3ae646d687497dbc44a6b99277722d73f8189724,false
e359ab5f52e3c267ab81240f2d3949b6d8536477,false
fd6c4888db4dbb60053aae21289b771c991f44ff,false
2a3a3fbc304cc86ff4b0a8c13679370c219ae6b3,false
bb82f5bc056450a14f52b3ab24aad38e6dba679c,false
2b2fb958f6b7f08390ef806dc2bfd04720e99d45,false
757aed2d801ff64d20c89b78d0def9f0dd4f4ffa,false
116bf1f4d69bf602f544b854668999b1a9d3cd82,true
c9a16f7f119eb88b2c27f5f4d570b5221ce4a00b,false
317e92d88c0df2ad9ecced9360c4e14808fa0c51,false
0d47534246291b429ddb17fad5af22421a26da45,false
98c88fee1ab341b32572500cb44b574fd7972fec,false
2bcad14bdb52d50460612340056cd3014ec12c71,false
e009d8585548cd4563f97945feb1a52f7106fc3f,false
e87987072b3b3b91023e62e21c9f95db2521c8d4,false
86af4c2f6ad86c85aa38a8851abb7dfb114f689c,false
385206a81e654d9c6b80f1e06e05a71f6da3cd0e,false
744648b5d3e6a04fddfbda3de01e26a7caec057c,false
84eb3c86660b14eeff45ff9d8446a4aa47aac427,false
6fa1c2d91ce6e7b0e70f2d1a2d9f674080c691f5,false
14522eac0cbec586e8a173b2c69e273725e3630a,false
a4091594d06a288552ae26062b5bb5ba34f21702,false
a47cc2a85c50522a4982c2cf4add04c6f595710f,false
9eeb0c43a160c510641d7fe10ac20a11725ca14e,false
bdfa97b0ae316d296c432e9f3c67a868164a9391,false
372bf5718edcdddd01bebc5072b6b5963fe77241,false
65f920594bc1938c5b8bdb6dc49f81149edb82c8,false
01698059f61357c0cd9c5a13df305a004a24197f,true
9f731ba4d0c07d1a9891dd1387c9c983d9af2384,false
d6bd2d56cd5a1959f76bd3b96591a2eda04ede0e,false
273fc0014d58aed4a23bca4760c0147ed5ab7673,false
38bd9d7b4d40cbd39782d5b386faaf7a3606fffe,false
bb87b6e74fbabbe604a62bd739b7fc20f6c42003,false
9fcb8984adc801a64bf54227bb46d38e2b43f41f,false
aa1b5229a09101c2934043981ec6a9536e0995f9,false
7cd125a7abd22c4688f3cadb58506a923cf402d4,false
7f5c21f5abb38982abb79dc99d2acb7eb4298b15,false
32e8e8fdb0b5f2d277ed7919a9bac00001e48197,false
1ed77d55727f94ce754493f0623f41842a1d3e89,true
5ebfb87651fe889e755aaab9295a3e35796897f7,false
262aab22b9fd8e72f70f63cbcdbca2d906c369ab,false
3dd342372e38f08bdcfd975344786b0dbf0e12ae,false
3896dfbb4a8bffe797896c701b42e16d370ac797,false
458a6736014b4aeeb681163629a45b994ff6b1cc,false
b74ab4bc277ba3ebfec2a609250025e0b673ab04,false
516b5663a54dc1fda0d4828fc90d90d0b428d43e,false
cd23ece924706c680be24d989fa959eb44c8c957,false
0e511f0178e0ebfd2f23150e85064109054efcb6,false
7b9752c99d55359f19bba68d309695de355c7dff,false
2caba95d28cd8509db85b0ff122b66e79bf8d728,false
975f574256d2fbb72213381aa048d075a0956dfd,false
aa2f283f7c2790cf7591487d73f5ab6bd5cff5b9,false
4ccc016e5c9682ba12581325b612b4ea98f9731e,false
e864fedab10d4655269c45f94a037bd9068726c3,false
eed319990af7baf7b19e6f87e3d5846757cd0b7d,false
71ab4a648bf8fc6af0c4b618d514952a5bc0a853,true
bca9b2a80699728b7de18a3e7208563394e578ae,false
60180348cde540f51af49c6a262e950a38feda48,false
0d5e538ffc27c9bfdb37b9d92457a0f79c902e3d,false
2714e07f06e5309a293fba2c03c13f7a0964149a,false
b9d1a4362fc5d0381d686839efe263947f28ca89,false
d9596fa30c9887b2e1cc56f09a13d92072fd2e73,false
e72491e59b35b9e5f4f2022a149d5d53f1d91819,false
41817985ff0d5cb173b0f446b4cd4abe2798aa54,false
ac6b147bf510a6bcbc7d8efe3379dca4870211c4,false
f75bb65fd3c97477e1efa9bc60240c7154b7c417,false
8443da5c5c36820f808c7f7f4d9b87e58717d4e8,false
a879afa0755617cb84cfe972d97202227081f3cc,false
5522135f5af5e8a43d7487f091bae6e384144a5e,false
e127920f206e043b34e85550431764dfb9b7630e,false
38e7b07c937192874501c4976d6ac6b9ebe2dfa6,false
b83b3b313f2ea755a65839ed7e6f0d5d81dec313,false
64426d3c7cb7c20e601b3761cc66376e9173b7e7,false
2c9567e1831c635776bf310396588214e3fe7ab7,false
e82a40a2fb82fd9981a420373ad0e5106627da00,false
715118ddda1eb900bdac27eb2f8e3e1dd39bd269,false
64bcad3f213c9f158fb43abb38976b4259432e0b,false
64a7aeda3064d94d0050c0e5d35f63a778979478,false
4cfe107475752dd3ebb58a8fc8de73fb6cd5278d,false
05ec2ff421397a4cb089be9f511538ac1248c5d2,false
b224a90a4c64550833cb774b6e8b74794104b30f,false
c3e8ff7b21a86137376f0fb180a701df67870e5a,true
6b5c00e143b210957ddf3efc78f668b7fa60683b,false
5332ac4e4ac6c6c90eafa5205f67481263bf5225,false
aaa84d6ec6b15069b877c0a89a6584d5c21f41b9,false
68b58c210dde04385a97ad7dc33b29c2b89900f1,false
718da70b717a28e7c9b72653a9d5661ad0543846,false
1ba739a6b69a15b034ba355469107968b5e75017,false
4307ea972fee4c61bbe765b85dc7c9b0839645fa,false
d25be65ed8213eca62903b38ad26d5f8c2d52f6d,false
3de56496b15e93fd844506cf66442ac0e9d80801,false
31dbe4c1f1485e2024fc33bd4d59c2dec454d81b,true
e1dc6d5adb9c190c201c113dd3f7cb2f597acd5e,false
7f3f03ee977ab6a2748a22b810edd9e36cf34977,false
f9fe25f00a20c43640657b5a4616c93d00e570d5,false
b1e1dd0f473640cf72ef72f434b983d945dde5cc,true
2ffc3d539b61259495f3d2b275cf9c58dafb2533,false
cf849bc07362fedd4d03d6b7b9a59d57f4ce625a,false
60fc27646ae00a7143af5ce35f2b1057b0748fa7,false
9e65acc9376d4fa0aa654321ef1a4b7adc803d7f,false
e3bb5dc9b02cd13dd7717012f9ce2efbadaafa95,false
3f471a32e23e892f2f3ca5a850f7eb90d5537813,false
b2d5108c0c59f9d56ae392612c729ad5b764b8d7,false
9de287378b1691fb10fac56cd9ffc2bc6a068725,false
37d30591edd496d08a7200fcacaf439b63a55310,false
f9636b6ceac7bedc8309853893af86331633300e,false
d3d33ccfdcbb203f08d770a515efe2f991fe80f7,false
eb76b063b3be50ce24f6780b5e263f3a44918a8f,false
d2ca1ff691975c254ca6fd3a74d5ac1de72f89e2,false
7cc7dc4af22e390350707590f12dbef5b3b806ff,false
ea24f6ca31b16498a794f12fc5410c07559704af,false
4cf5a7d67b5b9700c903dc10404a38422ab59341,false
6fc7eb40c65334c6e54aa80df96c7631308d460d,false
eb792e89ef4915ca6891999df62e126ebd224b03,false
51bdb26e7db6f60b53acae1032ed29bdb3da71d0,false
0e4244a03d77575eba5c2c7860b91dca62a351ef,false
770fd35e2002cbeaedc5d353f12dc4178fb58c86,false
a620d062392cfe5c8f5b109b56feb6e6a0f466ca,false
e1d02d1ea5e471f0d7809d4660d3580839acefcb,false
3f4121b98c1df27ec406a668aa8301cb8206876b,false
751df4b4884151073490285e4ef2bc66e9b7f67c,false
1ef87161774e39f6d94089f93f9f4a2de2b32429,false
92fa0d67818ad45a1dbc2ef028d44b28ed01f4ac,false
8a76171417b21db96b181733c5b2dcc967f07a51,false
5daa0e52e1bc6557aedea959e823d79940222b3b,false
878f43f0ab952bc30ec216d4d52d4f848bf893af,false
159528fb6fda9df4cc9f0403b3d72bf09ce97ab5,false
2e88129c43667514c31eebf97a66deec54aa8f86,false
72894253aedcdc2f01a3c69e75c222103457f2ec,false
0cab13e6d8834f3ddfdfd3ab7aee5a17620177b5,false
e55ed209c574642b04bd959fb1810e2a4f9678c8,true
0066a03709603d3e3bf90b0229085536b432ec16,false
5f26196993964a86c3fe816fd0f8ee8f55e4ecbc,false
3efe09616ca9205258b24ca1fc5953b58fddee80,false
82ab624b36894e4989bc18aa5f1148990495b88d,false
19da9a1531f6d344943b588e447c1d08f630b33f,false
57ec8b3ae3a837b24f812616bd1966b1590af21d,false
64abebec82d977629c8d55a570b77f38aeb6df03,false
160266f37a2a2972902cbf9b6e679e9280eac988,false
d1ea3e3a68f1f9c1897e223cac1023dc22938e27,true
316226db6896024d2d3619238834080d7570e77d,false
0e794c790a1ca1bf77c8b2ee79e00b8e22984bf5,false
baaaacd4f5b28ba77280ea9925e6cb81f05e0be9,false
467286d79ee11a4ceb8a981f3eaf4829db5b4d32,false
d2f033d9ed8e5011e07bc9725a518ac4922236d6,false
cfe4eb0fbbaaee5189cd848684412c2a4883b341,false
9b4ef23d92e919fd628c77215a9540b36ce02122,false
27820c512ea3a5529d6af70d93a1a795945d4c07,false
4a34807b1def8eea178f252bb31cda3555c8f8e6,false
b45c2ca2ee6569b66e6e95f9214b9e8fab56758f,false
564bbdef831b7104758ac8052239be7a7f9836be,false
9e810c4b366c4ac77e08a9e912c1a1c2df3f1517,false
7a041d066f924cdc99e8bba2310c17afbf3bcd4a,false
01e38790fdd4a914ab9e3d824667f75edcd5a411,false
f10a7d8fb01f315d2d024b6b04ee0bbf50e5953c,false
5ff8b9377c8bdc3eab069b015c981df33b7fce7c,false
1894b2308bbe14fface0d872ff071ee38668e260,false
f73e1c06b11654b536f25e9fb4f980d495eda024,false
5556becd0ef6f84fa4678950777bea8245093389,false
0e4ce706103142ef5c14189c85caa39c7c043de4,false
61bd6159c94766ed82c3ee066ef5f3d2e0b3e1cb,true
6915e35800ca48d2c0fd41d9e516213b6fdd0358,false
b6eaba08eb79c2b2dbea36f3ccedf21acd4a1de9,true
91f8b6da383160885a74f0a3dbf5ed4d194abac6,false
bd0e4f834bf08e52ba844e8d4d8c191a02207786,false
965cf6edc3d7792952e56ac687e410b0d06811a8,false
1482e413e001833bab8152b63ef6ee456bae9ffc,false
dd09dc1837e0c9172715406c8157df6871d44ecb,false
b04e54994e0b4af9ede934bc383a7a7e00bea57f,false
87314c44693ce64f12ee5e128003dfc51f1e813b,false
5dc1f716bd1852a75583d03ffac1d7ea6f610994,false
e6beba2d39183fb6dcc727eb19427983c4b57d4a,true
52bb8a57737ad0bf373344c4c9ea47e1b905042d,false
8f0f701ff7270fbd8557cdf1855aba10604f8fa0,false
1c5b4e16c6a524723ad399320a659633c650bfa3,false
9bdb2ef1f3d84e224849889ff8c985be2a544f9d,false
db8f8d5ba4be61d8feb176a4aebb901c2543e7b9,false
6e743b069d8ae0b9c2b25306c32d52206235a4fb,false
1b3f77a46863ebff171c45493e0796fac89b1092,false
942dc582515a428482755c902e2a6b0c6e821436,true
d77dced024a00ca6a688b3b765d645cf8b3c76ae,true
8059ab5c90e43fdf118f24f5b26f63948aab1b37,false
59ac00478ecfd657f8acdb81ea1fb0f55181e535,false
c30956089266b87a42ee285247fc47d6097c7a89,false
adf0ce313f055a278c58457e49ac502231c2e46d,false
a0f1a8b0bcafbb8a88b6e1288003a6f3e3c3f48c,true
c11ac3129f0dec8401f1ea19be184104ee73b73d,false
1a60073b2445d0f3c46dc82c07b94ac45f278cb5,false
5098b03af48c336232ad9e2e1e3534d6187970e1,false
5ee78c505d9f95866f9c40d2fd84b4f79e414756,false
7d1a30d8d620101814e1e76ccf2c52f800afccba,false
c06133435b4ad1e41a34bc284a44133ada1fc740,false
07135f6190d548234364a3b4f093efc0b1b47403,true
7c16a3b367ade57cec5e449c9e6083cf1a8874a8,false
c75ab37dabc0821a7aeee7ca84dac41dc9d5bc31,false
180240ae04b81c3fc6be2dd46b68b6ca13a6365c,false
dcb189943be1b0dd8a76ea6d7056c1ce094e9f7d,false
93bf68039bd0c114054aaf95a5d274eb4cd6b788,true
6f241c5605b3a0fbfa76d49cf10e65acb178eac5,false
969d9483ae048fd4fcc312ba2fdb7a9b8e163e18,false
6641f105b77e73fb5d1e40f3eefe7d1da6e94f56,false
2ba9b01a13a2364f034e5248ea6b0f5c8a0df87b,false
0538c1e210aad3bd19b3b13d27b41fc98434d93a,false
dbb9ef80c5743bfdfdf1e8cdb7a5ecd63615b711,false
daca7d65c27f84acba7772d053d2502e548878a5,false
0e8d9e385902f89dca31bd3abc2ed8f9cd487171,true
e5a0392994b66ecf23eea42061b5d41f6c1f4f67,true
fea8c96f792c15dc15f9b515005ce70239c5cdc6,false
27dfe358ce869b3d1f6b4315f1987e980b464a07,false
3b4b7a475b5d0b99d9fbb9c009b0da6439df3c47,false
697098602ec510c3b5677ee8babc63b46eaf0314,false
b77ebd1df952705b916e17806ba2d3de5d40d8e7,false
42a39b0ddcdfac077f7f0fda7023dd59b21ec377,false
46526885855357543c9b764bf16a027c56d040d7,false
cadf9d4af22ea2d8880f0f63e18176ada42495cc,false
2ddf40f69214f2200c7f21fdde4e6c79711bcd71,false
8cfa64359859693f8007007ae2a91a5158949c79,false
3d9369fae7d4b331424d266bc3abd56abd265fd9,false
2b42118aaf69edb28a0097ca878b33419a6a3054,true
dc1c0fd73ca2d2dffdc17bbba4bc4eb945c31122,true
c41c4dbbdccbe8da61fc3397f7354e63a29dd239,true
5f47d83554640ea8cfe7ed781aeccb136b8498c2,true
a6db24c8bb2c7b33ee629ad43062e681ad5f8fd8,true
95cc7ab3d80b976ee9acba3a833a29b2b52650e1,false
a63921350b7312e00a4b6eedbb384a68f7e91686,false
e478fd09fbe474979452711c3cba920e4d4c9a1b,false
36c6d59feeec596268a37c50c410f2fc19172496,false
aa4ca42cdd1f3e3a5487af240959ed234271400b,false
cb55ab4f5f0130203faf1eb4ceadab2a41401598,false
bd887e857eab1cd87fcfc3f6c76099910cff7f22,true
ceb5c2117e7309c1153d2d7fd6268b4e19cad4ff,false
2537e95de5d6cc549c13a0b327c9ad61f0c79d4e,false
9dffd64dc76726e9fbbc2800cacf6a89906b68ca,false
d7443f2eee937c0741efed5efb5c60af8c7a3415,false
b9b2829f7cd2d42b26d79b6cc9725bab24b3a56d,false
cee08d48f233683137ca0b7ec25b3c66fcd5dfaa,false
85eb641ca8a7a0a9c9b93e8b3a16cb77353ed21e,false
5fca35a8eb7feff3d5633f029f6e04e9afcd0d5e,false
68cdd04124603b813bb19a3953500d55101ed3b7,false
04fd14995e93db4d679d9d73a40d46019d146608,false
efd3424849e1a944e2a1f12832249414b85e2e94,false
1a050554fe02353bbf6b7ad24009c482bc6d7698,false
75203918a9d130bf32b8a34604ce0cb022a22051,false
4f320232b1236f918345cec15800850760cd8414,false
bf9a3a0fb225de64c89705c0529f3133c54e0db4,false
99af33328d0fe961ae3125df73b261c0d459d154,false
3978b4f169e5d2fe768aa1bca70d483827447ebf,true
1ee02108ae025f84e968b7f28228c286cdfad60a,false
01e2e0141dde2318e8505056b46df04899883903,false
65ef712f354762a79485e93ff87b68df0aa0ae8b,false
0afc83c8f9fb57c638e6668a6cff888d1c3584a1,false
8c39e10decf1e2efac6854872daabb65b13a71a9,false
75d9268ecd675ba55750b623064465c6bb8427da,false
00ea99960a46e7701e554b6b0ca26f7fcc5966b4,false
949a360f46b5f1455a965288c2fc603df80107ea,false
c35de8144f465b92d9f32d5f8b1cdc7bd2c11e97,false
939112318b5063a856cd145ae289978b1f474115,false
4a723576d58894a6d51c9218d73e4dd38f6c3654,false
823bdc721fd2d5b6a93bb3bea343ba389fcd4845,false
c6e9779af19a9d555601d04c21e1da8ae0fef2a3,false
841be34d185ced794567810365af9f4f73bad57e,false
aa7c05cb8b7e0537851e20b4b4eead8be472e09c,false
743ff99ca30b116aefde63e7aa769ca8ace53820,false
aa2af68af08d17b98aeb340200f90ff9ea5b5fdb,false
e53cfe919a59d0b93c2d760ecca943b79205ba80,false
c30c5bc399a80ac948cf560e3ec6f7cb165f7a3d,false
0518f63aad863d8694413471691eb4c677671357,false
77571e2063ede3b2974264eaaeccd14a90687750,false
5c9e34ea55fe27cf558f513df56d61e6b7c4905f,false
65ff6b45d1e500ba64ae6dc216728bfdcdaf45b4,false
2dcac3ca688df10dc9703d0cabd57b39f99a3987,false
df70da48a2b2aae174a7dcd44d64cef0d9d083e2,false
aed3c0f0d044e0a395209f645db9fb69c8ff1ff3,false
28eeda189d39ee83ee7badcf653a46a8a02b1422,false
2d46c7c27cd94e4b155526419ccd0ebd026ced75,false
1b34f1e326b6de2a1c3aa9b1bd29ea75be58eb03,false
a69fc769af5e6db32846867981967d38dcab5b42,false
0564bcdbc9c760ad86bed414464d397bdd1e7b67,false
4813ed392ba527b81d9402ad590d0a7a987d6451,false
740d49e22ee5241c584559f1d26beb29e33cc3bc,true
b5e421cee312ea08b86e6078b3342f34eb20518d,false
025a4ae012d32ba5e5d9a6313c35d154016d1a0f,false
21a98b899c688cb059bb6dc60caac829be0d22f8,false
096877f03ee6cf1e2c20789e40bad87c60739e4d,false
863eac3b11870e30666db671f5786fa7130fc7af,false
b783acfcc677c53d58d4b01421ab52a1c6a18edd,false
414781e79bd556770d9c6a4fd499ef20a68d55ee,false
add9474e9a3421613515c551a7f624c61473d826,false
dbb3977bcf69b4668f72a79e11a012a6040b84f7,false
8d4234090e0e888ca99e4b37bd508a9136f45045,false
de7fb7a202172858d406deea93227fdbcddedc26,false
1b4e73a50fc1567b76e1a0ff7a65d296d4843a20,false
0bc6e7b728e690e533d2db89e3ba91bd8f423453,false
9dde01306611c37d74c76fe69d2f87a9ae3d07f8,false
c3723bfa2fd24317f68f5d9ef64ad48d7b26441e,false
ba0929774972455178ac54a2d41fb57845007b7d,false
afa6648cf7522729614f8859c75e6daa1f769aba,false
afb2811704e03a7323bf72bb51dda8692723f644,false
e0c93e5986be576b6538fa54cd041df72c195494,false
ffcbdbf37b25ee90adaeb6a9b79650b6a5af3a15,false
905297245bd717e7898a34733e65144693ee8df5,false
099242e3185b8902f2bd23a8e232ef4de0f46c76,false
df53080f7855f39a2e8a837028fca765e99b6250,false
7f0cb4eae5bcd026f0f08d2c4465d4d0b8b93d95,false
e19546ffb431be0677dbbf742fe77c8a44ad5c59,true
6c610d49fe424c54cd00f58bd42591548af15fb2,false
1dcc5e5cc60c7a79346082a53a4368104a622263,false
b6fbe1f3dff3c84b865ed2e96ee332c4410e7b1f,false
51f5c8bcfed217342fc7c049f0ef9f051548f12b,false
36249021acef922f01d730d10f6af4c10033abff,false
b299c90b3fb5226063070f70ea64e1fdfb6d17ff,false
dcdc7853559720a4a451ab3e9e28c090abc3034c,false
f86c7c161caa127d895be5722e0c81eb9b978297,false
bf75c4ca4859bffca7c74339490aa93695b43480,false
e5c0854ae6d459e1277c4a384d9d066dfa62123d,false
e192c11adf4425b673e4e378100c6e7c705754ab,false
ee5ebad83275b74d7195ac8d2c38d548a4090a16,false
9ea1c5f0d13949026fba2dccf2194cb2e16d8c92,false
35d5307706f2f076ce18e0bbdc17abdcd6da8681,false
c517c98d170f26bc5760097842f6c277b50bd38c,false
d0c102e680c22e9dab6184e94c36b964204762d9,true
f969e58025a45ac6a3970c439f2fb429b6a6d30e,true
ee13ee35b0aecfb77bbcf44b1301e730d8e1b545,false
237e588d6ca21652d2a24c3806d60aff702489e0,true
3d5ab8d068103b8d3983d19be481593d85cb9b3a,false
67695bfc4b9e2d9c56a572ef52a105d1b7b5ba21,true
aca4d569bd1430a408e0ca9a7271d9020f706ca4,false
730cca257d3c2b8a1c408197c9bf5f71029d3bb3,false
6785ce277a768519e43c07c47e291e17fed1a053,false
3613eff2042c68767aa1aed1cab4d30fe3506876,false
d853e59c7f56f583cbc8a0e7f3fdaeb3ae218f91,false
b7a2c36be8979634d6364fcecbc2bc53a8872fcb,false
adced3a5bce74a0a89f1e592a5c9d743e1246474,false
dfb4888834c088c0882e76f78ebe8dc268d86700,false
0d122acec26509b6801bb89c1a4a0c06ea0e9ab4,false
3b02d77cebfa144c7508e31aa1dcf3a2669fead5,false
071de78a6d93c6c01ef26dd3f97dfa979edd265a,false
e0f26203334ec12195f8aa6b441fa3a41c0e2067,false
ad66f805cfedc3f947e2cde0e69f8b1ce4a42107,false
886d6f8e17e8df95581b85bc45803e1b6ddfb22f,false
79387f5d1eef23ff9a6c8a9035c1882afbd3840a,false
b65b85506747effb55fff8affe55404e3accb869,false
3525205984179c19e1bb16789a95bd538f334e87,false
bba2fb92cc629d054af83b59fa379c34fdb13583,false
0ae5d10632c253d55a4290da7b52da59d9da6f9c,false
d02d30a4cd3aa1365b3f7a8414a7a492d072719a,false
940fadff8a0c3e5239e57049ced248f8249e990b,false
30adfd28fc24fdf7ed975b4891025b52a3aef054,false
74369b69be20febf73abfad200adb5862b54dc43,false
129cbe81038663a8a3e99e3d834cf44090debc3b,false
d4e4333c2e564af39fcd053519e8bfd6fa39068b,false
5a4926323e7e7cbfcadf35e40d59b38039d75508,false
179bd225316a0bb82a460396e9eda3dc1cbfd4fd,false
43c67403fa22f861bc12380075d8d926f25ea37f,false
5c5499d598cf0d957aa5451d139a3bec398380c5,false
b62e60ed7e01d32cabd7fde65e95a5554d3345a6,false
a09d48a4a5307e11fef412557a5997c053749ff8,false
fabbf8871c8d6850c5f09413d1416457917eca82,false
503a10bbf89283de35d35acf339b7f0cb5085f93,true
49fd75300e043d12e85d590dafbd27486768c6cd,true
86d8f35f795b6714dba715a9d3ff982ac570c5ec,false
ec64f4799c4cc7e94041fb8f3679a02f59e422c5,false
222ccd912ac997ea7149a9aa08b21826dda68885,false
12734a33b5fc1bc3c5c1ad783e6ea9973c480c6b,false
f7a205975f7302c0ebd14e44c7178a50b0038d29,false
94c549d960794a358b0a2e27f86bfc38e909d3f9,false
6bbfef9eb3eb10377fd921863794a249208df492,false
dfe0ba32cb6fef3735b06f1f2a3e7ada2e4e8970,false
049c636966b50e3f58772a68361b0a19a99cddc3,true
27ec47051e7facb9ab632032a88e699e38968489,false
cb8320ff402f9f52655c8eae497487df3d581919,false
2d518ed6668e76f9a78163af3bbc4ced81c80af6,false
f3a0b78145f0aa2afe33cb44b5b9732a8020b99a,false
c59227bb76282ed72cf04e3ebbfb7a3fe106d67d,false
ffc0552c152498603ff78640242accd6c0b8fb7c,false
a500812a91b012acb867e224e7bea6b3f66ddc4c,true
cfbf62ef4eaee8f635e6d7aa8410e225822b7223,false
1a9f91ed9ee6f71f731f2a6776f14a65bf7c1bb2,false
dd9137fbd16e0270a12b8f53bbe19ef99d90d731,false
8ce6b16de77962eeb622e8bbc5d80bda5bd88de0,false
edbb8985e6aef64126e2836998dbb6f6a17dcca9,false
4e0b6d36c4445044cf633b94414a4047cd739cf1,false
a01f2385656d791edecb743e25e08f6e5fba6d6b,false
bffc98c6ea0b085ae5bc0d4624688ca726cbc1ac,false
70afce13fec87987c2371625c9edb6091dcf155b,true
7b9ce8e0873301743e4b0cbde994c0308e40a647,false
77e826997d794d6391d7cff08430aae76a208c33,false
a13f6aded8b55e114d582af17749092f2ad0653a,false
6a738557fb331f8fad86101a7f5df88dc520ac59,false
3b1be73b7d2268c96e7e52eaf2cb79b6d25827a7,false
9695024f1b366ca58429679f3371f7e92bc06d9f,false
71d7a382f35ae74302a0e093d5d0f339bccc78aa,false
94af94ddffe4dd73f2087127ab98507d73c43b0e,false
3dbcee55bd2e3c3a6ce34e4d7e320d1c52793045,false
d355aebe0174856bdf30f8769c8e8323482c9864,false
a033c0377131b6f0f3f2026d2b6d07a4a28ec1a0,false
7794fb04d170ffd932e8690304512373a6d57900,false
86dde1d97666671d48971f525616f59db487960e,false
128814a94229928402356290c62293011b58296f,false
745055bbd7cb84715f1908e9b63d8469f8666d63,false
148270a81374e3184fafc69e408c94aee052d1ef,false
064026a4a57082fbb4e3d5a9cbbd1b231aec0365,true
67da55536fca31e503b1b074036dfeb1577c7149,false
103a998c6a00013452a5fa9f21f9314bce49b091,false
17475fe7e89d8a97842a28397192252f2cc28ffd,false
e6ba5687b1707812b134c58a3c123a775cb202f2,false
6636e02d57ba43da0334e5936375f86e50cf031d,false
4b4a0cb1c1eaf1ffe092b4d2e852b2a8cb37ec04,false
6a4088a8b6639da9132abaa520f75c3ef3ac2df4,false
84bbb9a7c015ea7821b46a0a2f4b922bac78e808,false
afcd04f190b9c7c7f5e47bab45d38dc5cd6f0ad6,false
3c36b6b928a441e375ef9ec585e68967e888b9d1,false
2d11f1211536a006dc7ab145f775708e8ac1c0c4,false
861fd60d2cb408ba2f9570d3881d316475b728c2,false
f1ad34b12f32e111632831efd7b8aefffa7be5ad,false
00234a1038bc1bec146233bd9776cf6ce5903f5c,false
5da24fd361e632e1c6db2807b0100101575373cb,false
ebeded4c7414c9b0080c5bf3ccce9058b1e6a6ed,false
d9dbf2ec1a68d086c45e7280fd2d5ac9dd831fef,false
361a53a3c985c14539e5ec1a31cf4ad192f67a5d,false
1f5a8d5542c09282c8a86935218a768763552ac5,true
cbe6d2b520f60cfd1be18fc7905379ae5664061c,false
afa4d6660176ea39efae6e9a2cc1ca915f0ba18f,false
b1beefab4cdbe8f925dade7f6b41b9ff18166975,true
9b233b017158ab987a711c6d047ef832dbd816fc,false
8c1021f8cb91a4d9fd5646e5d9cd1457dd266966,false
48e5a4423c6843ee4c040c22f34cd62df5733413,false
d355424f7249fc570569968b3a5ea08d5f677b49,false
43821f650eff92cc407090fe92d7770026047142,false
475203532e9a001885dce3e738f31ca8b4cba535,false
67ec725b639fe595d313ab9c47b8f3f1aeffe537,false
fd09d825e3f34cff536567d8fa5a14a32a30d09a,false
0f8e398c00f8396762b55538318512e41a97aa9a,false
0b4c3e56d68527ec39308cfb7ed128123fd4b6e0,false
81f2793c862e990405ce56b66825770235071e1d,false
4feb8b695f50c62d0d36cc949ea774e1292c2e24,false
ae7933da571cff275799424c900ece534d04a9c2,false
fd1c68ffb9f940f336d98b12f6ea9aa171557312,false
5240773dd1a25a83d58af67f76b1eed9adae8c5e,false
fad0aa4ffa3130dbf53b6fd38672acbe10fa82ae,false
aecca10989ef522514ffa64f90165143677ce929,false
38a3d038c011fafe73122dfce02be9e42f2bc5e6,false
2e81de99548d90cf6911eda2503dc8b8950b3fe5,false
8e5bd45976da1042e5e970efa73d2c3fe564d55c,true
e40b36361277c90c03b994542c472ffa984d6c68,false
43e58cd79191079cf756f6374200d6a67bb528d6,true
8bf268efc2f1e7476c75a8ffc3000db29c6469f7,false
a4d78afd70feba83c6b95befc6f17394f5972282,false
e40db46822d38296108e01fb3c9228904f39e8e3,false
5f8a95d853014fa125812081e5f6b6e04217e0e2,false
198558901d57ced8efe832217054e08b23850091,false
1b7cee61a5ebbc1fac2191475d79f8000c45cf82,false
748dd34385aa8efbc91d89839bf51c101d0ad329,false
1ac0832c79ab133ac8671454780ae0b481e6203b,true
21c0b43af0019560b8b9b6c1534cd0862793a2fc,true
bc0116f3a07f14eedcc836ee628ef94feade5218,false
60cb1b4dfb1ba263adf6f43b01934eeb4ce19241,false
8b068250d64340f214dd72de5815fa26b344922a,false
b84d7f1fb58240355dc3a79df409ebeb898c657c,false
1dbc5f6bb0f8ab3ec5252cf37ab1713561cd63e6,false
c89a902b729d45fd1d9827ea0c91319988f11805,false
2e4273c4f42384115dfb8cd220fbe1654bd99a48,false
bbd20ec71df631ad3a9072c639e844af93c431e2,false
78a36925f4534f25f30cf28bcba949fa7da10c90,false
5f691d6329dbf3500b5de292b6d2ee8ad4c99735,false
4ae9f6a1076acbcf596c1b36ff418cafff3fa2f0,false
b3a166b0c460469feb9976b9989b1a9cd116592b,false
3928ccf03fc1563ae3f5600d08d33fde65b3eb82,false
b29d11f0de093856519fcdd2063ec79e8cc701d9,true
da3e855b190f0214e2e8e50d05e16f75d069a1cb,false
fa05c82b119c9e73f5937684144d7f2961a2339c,false
a244202267c204f1d8d23f636357e3a3a4bbe1db,false
83cbf5a01ff04382cfe266202cca0660f22171ae,false
883f194e0fd24bb20bdb1b1179b3b05427e98066,false
73e88b2391198322b4a57424b0f3fa8dc68ea2d6,false
82b0bff9b5342faf1685fe64d367cb63fd6ea16e,false
053538b1b5bda9b6852a2fd02f10451d0bd8a54a,false
7206f88c6c5264ef73b2f393b51a9da07790fe65,false
1627bd4975b4a2ddf7ec70220b7be1eb2752a85a,false
e7d3725f51e573d8da8b7066fe10dc7bf89df002,false
59d998954ce35a162ae3f5eba79167acc055130a,false
f95f27ed723977f8df8a21dfe478ecdc23ba01fc,false
2dd703ef3ad69811b3845c0f2419bcd40ea02d29,false
8256120b3a10ece49f14ba4a2fc6bfdcbdfae391,false
dcd7f6e1e7db2289e1e73685355359df5b2258a1,true
050e734f6f9ebb01a44529918ddd638507f2caec,false
994747a8e5fc274777bb8f43a53afd8b2f334c21,false
ec73b5ec1c96bce53690a21ca299a7d351e7979a,false
b7a98451e6af9919de8b1927d8c29d3b0c5ca4a7,false
3a75486c72c9ed952a9f282594688ade7b6e473b,false
cef07f6bc5d34a78c313fe7cd8eb2c7132c417e0,false
7a778199774b9a2ff4a7fe93400db0415882edf4,false
cbe76e86158bff08a34caca4e750d6c16b82e7ab,true
9aa2f3b96e36fdce53f779c9e4455836fd45ea93,false
2cbfd6475d2d511bd3cf1ebbe4d25bec1cf7c55f,false
1abd0e1123a28553937a716c4a7ca1c770bdf7bb,false
16715085474fbd8c0761808ae338b7afe9942387,false
0263667dae8d859d12fa38685779fc0983fef319,false
ae69a82025d520721d58288855890ae32f91477d,false
225f25bf42ea954db6892cd443a1bc57c40440c7,false
218a4b735bf06839f042676cd6c67b4e00ca21a4,false
09beacf7465a27b728f8b1c6adea46fff09619e3,false
59c213c66f765951bb9c478eb2ce703c94eaaddf,false
9122372e38943e95097e134bf0129817ebf58269,false
274b070b54384247693ad84a9926e416772d40c7,false
8d97fa58580aa03f7531c0ce5595a5a9a18c1a35,false
780a5add78e735589f25f736059c29e9faf9aef5,false
07a6e55f827c64f420f5a163b813f3716ca01159,false
0634e25822eef6efbd968301132bd64b6405d135,false
5a8ef4f0d6c30135d9ecddeed51edf2764514b19,false
f742ac8056a8d38af62ed0b5a5c056879b1bdc8a,false
d5104df453f5ade7736416d7e1c484800d86e2d4,false
0af09d264fcb3645105981eae69c23fa7478105d,false
1b6f2f82cd9bddda835c631d0e4e6e08777b15d6,false
fab8ca84144c73642f94fbbc383ae2d32704ae9f,false
7ed02f4612dc77b7e7d0c58f667e0c29f97392be,false
3cbdca734aa5a4be2ab82ae621eb7632176b8161,false
890354938cba176550ae65c3dc71aadf9ea3612a,false
02347952402d797097143f88d453a1812b96fc8b,false
84009eaccb8e1c5d011cfc5861aae90624bf678a,false
5262cd285458899a94e92d1af4f6ad15b810efb3,false
fb47d2563d9b72577ba5ac3d7808b875a81eb871,false
e0dbc1cb12bea58cd6425b88bde08fed48473f53,false
3942f0768b9582083c4623a6f6ada6ce010e73de,true
4d2e0941f3af7378c973166160cd871528acbe98,false
5368489987218865e3b3eaff3f7200dde76e9e22,false
fdc8ceb6bb81ea8991e7066579b4694db80d465c,false
a343648b344e88e02fb4ca0cc9ff86a6e5cd4f91,false
438eeb5e38ebca60bb6bb21839b62b8921e3cd82,true
16c53c6996650fe641ea4dfbbb262d10b159300b,true
d2139d98256025dab4420a910d0969ce9fe27728,false
c71109735748206abe95802ec8b409aaed17b77a,true
419a04bc269f4bb000c34253da9e9f410c455767,false
5bac24186f534a8e889d46155947a807570b9169,false
2d85ec9aa3311a91317d18f9e0044ced09bd05a9,false
998dae33ec8931a285f5162d6c0292c911f60f06,false
b3907d5d905aa83f90420ac0e57daa5e3e815f26,false
ddacd33c5e19d283a09435f5c85d0f0f43044145,true
9a616ccd7f4ae1afd3bacab297737a5603d2374c,false
35d88a9f8c0e05dce2f13c939b0dbf55245f0398,true
5eb9702f05a38d446f98b26aea317cf22915c611,false
aa670e5df298921498af2f6d64493aef72abd9e9,false
cfeb1d56ee7b712bbff50f858eee3fe220184639,false
2b7d580bb3111252563bc0a6add3befee8310459,false
e0fad3773405f9e7820cb970c8f268b87b5d7be5,false
bcceb87c9bdd058a2d2e51cdd89fffafd2308b9b,false
82f6146468d663d326fdc35136a699e71af7d5d1,false
bc491fda757245b4546ac828273eae68fe11cd73,false
f5d0de61f258af8832aadc5d1c2e07345d2dc26b,false
9129c74201d5d841a19aa1980e04474f253d62cf,false
8a8276e838d474c632246e78634a44cc475d19d3,false
63737848588c86e1262c997fb78f466df7c9e50b,false
b35ac10b7eff52eedeb46ea4445ef82473026a75,false
5f32d1bbeb302f569bed43f548afd91f568d2f6b,true
e51e220a984b6ed56df20d2b23975dd72276ef21,false
99c16dc345e7cbfddd8d49bdc48c146ee6c5dcbf,false
f8b4c9eddb6d8b00ca1ff200b3396ef1c7139a3c,false
79a72387ee571f96990bfad9b6b2d777b4e99d98,false
59f49840833a0e43010ec3de4047a989e574d8df,false
3740171bbf8837ecc8643605d31e844f2f19c13a,false
c59b738b5b0d9fe5a5ac3b7a7c81aa19e6e36c1d,false
f2275989204e677c809d69f3f69feaff237e769a,false
da711343f0871555bd09d401f7d6165fc768df67,false
7cf29366bc499b186acdcadbdd7eda15ae30e9be,true
c0d9b54872613d2ff08f5f4f1d0e070ca14cc36e,true
11584c31d8f701fff2af314700d8530deb0c7987,false
fbbcf41503937aee7e9151598578764089e29429,true
f2faf49d5865838b98a0f594d8e350ef54433fe2,false
c496f369c1247becc3a4b8a16bdd4a88990130ab,false
2620097599594807aa29d2028fe3d303871d8a55,true
c7cc97d62ba4edd1a6e2a31ee3c89e379f77ca42,false
50aad7238357a133f87bd6ead8a12cdcac437f68,false
10f86d241a677f5cf68f9f53106bf535f9eb48af,false
d1d6539694792a0a04b19c69919690baee4aab85,false
78123dfe7b28077f43c43a31261b99e1635a8ddf,false
bf13c2a13121bfb58fbc41cb1df24ead5545db6c,false
58b7babc2b24cd5e78de1197b0aa7d5376e957d1,true
a56a0677bac414cda32f1b7f191a8c275642fa18,false
74d64f502ed2bc3c073494125cf806d185697227,false
7cef9ca2c642e9f743e55d5b54c072ba2634a88d,false
50c862b7c15c5d163872ad2c3f00c07f0b3a495a,false
2a1526209af92584e778cbaee5acf96800c91c29,false
c281f54defae85a5580eb66a60f169664f9b09f2,false
5b9219fbdde8a630d8f3f03549101443b182f4af,false
e46fdf9a877426b302e3746f4d7045e666298403,false
c1759fa9d4913424e6375a95c66ec1a3edb43dcc,false
6cdac0462af99c89f3731144f41596b3a5f2f31d,false
b0ebeed5a586b8bf841099a9fc60a4ae31fb9893,false
1ed1ba20ba37e179c6517fd27bda09de5ee2baec,false
352ef131608d48f72a33e534dd53c51c39f48c1b,false
669c3dc975c7dcb4349e72f2ea27e22228c5a35c,false
8f9939cf56b3cf8211db07fb6ae53d492acfe2fc,false
8fdf67d332a50049038837f90a9f88adff3c71f2,false
246098d8e89daa99397d92eccc33f0a4a144fc75,false
0afafeff0374b63860c54cb0c62cf323150a29ba,false
348cea9d8dafd992a882441bcdcf6d1145978163,false
f44557f34f42dda5851ecad35ae071ae1737089c,false
9764ab0a5618ed2e2e57052131562e409997dd4d,false
d485c5d7e2e123337f5066b7bf066daf23337925,false
a02c3676b4f5f695a5130470f5d7ab87398edfee,false
f0d2f96c26ac30686a436f2bcd8c661b596bad19,false
28f6c770c841039d38b3329d4f6deb5b7bf72e40,false
720f03cc17d27553329b5d87164ce48460516fa2,false
9d9c52791792576dd17cfb280fb19c97ad8f2f0b,false
0405a427f1354b2dc69c162641c6a3d7b5a844c2,false
48a1bacbb00de310ff95b531f639b2e8f54b1e2c,false
be523f7ce29aca65cc5cb757fa064b06199c53bd,false
6fb985819878d4ea1fdf995f6c3a515ca815d589,false
1c927a48e904ef1bef1e1cb49ef7111108b9e2f2,true
393eeabc5e4dd4637ad66cee4d877e7c8d628229,false
98bbf8e7a2ff554aa24be0e40d89a5fed7073e35,false
ab3f352782624226e5931cf9c32f192ae0e1adc7,false
0b112f17a7d7eb484abf462a54360b9b6b5b730a,false
734130aa73cba9e82bca51075224a4bdc89a74a0,false
c35c3a678b79f7277fe0de9dba0f79f5176f6bd6,false
8252e97dfb6b86035a8e9af5807657162a302456,false
0cf62be403c85c5bb282e12be5f15614de1da97d,true
270734fd9b24f4f61a9ba7f77935d45ea7878e44,false
00dab551d7f4debb3ae70fecfc4ef4b338303ec9,true
a2bc05d1cdbab837dca22de6d0b9b8c51e8b1e64,false
8b297fa099fa31e89c66a6b0bd519f8de5106d25,false
527668c1b0a0373a3d97e24a4a441bddbb409603,true
534e3ba01c97d46af3f75cd0abee1a6af9ed280b,false
c05424b947f07cd622ebd75ce54571d2ad51f829,false
25a8bbe890ec01137af47d5ec2e16db6d8ae8641,false
44972b916a42772e89147b3b19652a0e8f5175b7,false
7fba7c1e4f7ccdb6220f973d0cf3a90dc89a8ad5,false
c5c74961bb891f22d2ae5a046516f2e573a23d38,false
d3397e991e21b367d571092e557ec111bff3ea96,false
eaec03e670c88e7a531cfb65ea85eed5118e8ac5,false
01c7e1d38e2778f9e04bc9ed0111ba125e52fef7,false
3a5a7e030ded82d644e951fef8e2763f7957f33a,false
bca2169c6815f3418c0c5fdb6cdec5ea559998e1,false
2a3a17d653039aa1c9c23cd88c4cb4bae51cce9d,false
e981bad0b36dc4c6ff290b13edec31753e749fde,false
0859cde79040e2a5840794cc700f26aa68b4d695,true
3ee98988c5add7a8a0d043752883879d482b35d9,false
a5d5c9e2fd82a9fff3075d8f7011227fb56faf41,false
96a71ded9180a9c9dded26c498336f49b712fbfb,false
b0bcc1bb3d3bff09b8df100275f2b4e818029d89,false
9f142c6767313e2ac3463a7e4479a18be11d8e23,false
0c6cd4d7b786d3e14778907795b34c460e35c937,false
66a02856c43552d29944b01bddc8632297bb1a4f,true
f7e84b56a034a9501cad584918385bab16407927,false
8f8d67a17bf350ef40d67fa66d2c7e0b8a7aacd8,false
f30b87d40e18e0ccef3e79f39334f496562d5370,false
4e34fd53f48072ce60d87dc948edddf2c227b8ec,false
07010150b0a318a0067c0bb97e560305b52f98e4,false
8b61dcc6d0d564c4d243ba5c718db6165da27bf7,false
0dbaa8e5bc6905ffcbe6ac615b0d62884dba7111,false
a28e0b3ff7592a0fa3230a09c9cd2d1497de00c0,false
9adfd7a35352ed62e371a868a0d59905f344346c,false
0c2b1d1b324969d6cfe5b9b2c05d9424447612bd,true
f15bb698ae5c4517c3b797b7024e73386e49f4db,false
be4c62ccf163a7c086aaa8cbe59b3bc5a5d35289,false
d16971c34f09fcd8bf942b40f5e5b4e8aa25529b,false
15ba52988b230720026c55fa319a8c82dced98c2,true
16f51f0a5ce0acbb297bb10e2cfdbae85fc8a7f1,false
b5cf58bf2c0dbce484968685b180fd0f6cd1a0b2,false
2bb61b82f4e124f5f4834929f16049720c931967,false
d5160213e5e7f849bf6421b11bc673fb979608b0,false
f3388326d6f053712fdefb22366f38ee60b72e5c,false
78c07c0ebdf22cdbb48fb28a0d8136e611018b36,false
d3fe6be385cc2bad5f708263fbba424ecfdb9ae9,false
bb3a0c78c5859ff517c7b38a9690cc44df7d59c5,false
124011a8ce470341579fed102a47615f770212e4,false
efedc03d45358b4fd5270cd5307512171a366742,false
6c11ac53920b6c07709cd5c743d508fe8b6d0e44,false
579e4cb74e4c2e21baccd1b32f36298b99955904,false
f647ea1190c906fa96f3e7d7978adf3da37ba202,false
8071a1bdb5acbdd0dd55e76a100dcfe729bd4828,false
4a730e0c9e28dc3bfba79b4df40c0ee7046785cb,false
0b1781b1104ef4e56b49a1004f6491929dacc8ed,false
a8aeff96f6958ade85dd66f75fd5498831aaf884,true
4fed3a9ae645be7568b517bc5e2835b9613a6512,false
bfc48417610c8f8bd0701ec0fbc2064e4d6133f6,false
3f9c53b8505213c5fe0a69a9f5a0229d86c0df08,false
37a4f389eff11ee24e752eb32c3ff25af9a153ee,false
813f8379561cb64a221e8acbbe30da9f9bd37aa9,false
565497a6d4056c6fe8253de55489dbf4e20f6a2a,false
517e3749251206df8028d7bb83f7415ac0dc4514,false
b70f57b7c795ba60ecbce78607452fd5fa7b793e,false
ecbe2662ac08807b2fd5dfb660dd5c4ea975a948,false
a0d6a8127695ec4009c855192155ebfc41c3c080,false
e15f75854fb7ec8dfb1d30e997bbaf0a0516c566,false
ddffbb0b61e16db4e5f93de3f875a880b50e5b1a,false
7f3941a843fd900d7f59de50336fcf458d65eba8,false
50c5f856a285ce2464b456454162897bb759668b,false
7ea3db89800447843ce7d9f5b4c0378e28b61cfc,false
b71e47a4fb00ac269c319b0992b2d532472e296c,false
c50a76294f1d6ba79976784e8ae3d218f745b06f,false
0a2622c6ab2b6c09dda7f228b851e49501fd59c0,false
468f1fb0f8030daa3edafa96611706ba19ac6f32,false
e04bea39f185f93bff0e32fcafdc5dddce31247d,false
a061f74ee706d2e1964b8cbd963c2879048837ae,false
e2e37dc9f3471e66bcc3fb17c1d059b4463de7e8,false
1577ab2c269c1095298fb59e8ad43d6aafba0655,false
636da9f7f0fbc14e61ba1d514f4efa4a5b2a3de5,false
b35ffd4162dc23cca1a791dc11740924df4c915d,false
90a1f4a24e742e753b5e2793c214f1ef3cad458b,false
c366c50d09f9427530f3ce66ef878051a4d3c464,false
f17272b1978bfb6fecefee250bf2d9bb23b32aad,false
5d2b83ffe7fdf0cf4adfe967022057707abda5df,false
a3baa58cadd627c66ce43cbe4c4614b125ffedcc,false
223e8c23168f17ccb8e52919ed9ab28779c36dda,true
8830224cc5b564c40731b47d72f011c05861aeb8,false
8e9b2d3483e4391ba654bf1c9dfd3fde3f074bf3,false
40319884092b6d07f0d023ef97f0354b81b00368,true
61230b035c9f08192653be227d569170f12ca971,false
6f00059a806671b2be917de6f4dbc35984752ddb,false
6fd3592a547ab8af87bda6237e3caa848886ebba,true
2a32f9048ee35d0262214cd528d5bc8418f8c643,true
07c2dfb97682aa66d082d41bdca7ac3bea26d014,false
91049d2c53ef57c53f7dbb63b22e804c71af24b9,false
d6e6e8a49c557095257472c722bee85cff279028,false
a904f2c6ee095fa38dc527b3a5f4952b94f6b111,false
bf068e61d95965e2c0897846dc52fa2e9e3389d7,false
7986be139d7accfbd464ebb66f473131c0006d2d,false
f212a53232dab40004479b56791ca932edbf8da1,false
ec55aa5361f71d86682817252054cbaf2caf9c7c,false
d2bc569b4ba2595e58b6e3764e9c027bcfc7440d,true
5d4a88e5cef444491bd86140c2b4c5edfa85abbd,true
60a3d2a53beb54f1ab3c0318b479e134e1718323,false
fb10005cbaea38675415550927853780c465a368,false
0916219c3e8ad27a69555f002088aa33a1c29ce3,false
590a176100d8dbe097c6411961ed28270386f911,false
135b1f95f4debd4760ccfad24d3c724539279576,false
b9222759dc89f6d1760aa07138b19db8cc927913,false
6cdb3d81d35efa5dcf290162d6629dddf309aa22,false
da1f83a7b46956cf41dce255ed5298f1c34a5e2f,false
090983cc7f3e55c1b97e90c399086dda21cb24cd,false
cb215adac3f188bb75145108b6139fa873f6ae70,false
c41f5bb31c6a03d9ddf79e8de9c0f6daaed83add,false
dc66cef8aea5391ca69afd84ff50899e0c7d72ef,false
3c4bf1e690d0a02ba31857b16791c5d92c9ad3e5,false
4c7861c2c6ace05627eea4e0e2e6872825827646,false
3ec6c7d34608dc15418c877c45cde1edda25dbf8,false
335b3f0cf8c2b4da37869e50c1989b4a60147ff5,true
53262d82bbe22040f5811d095e4cf7e0089afaf5,false
07625ce81b923c9b47a5e5a3763d3cb1a84f3538,false
e0cb4e465c9e09b341ca86e0e9f51386346bc197,true
a8cf81bca2d16b431366c28481af3b983ac702ab,false
cdadb54acd55d60d0b097fa8db5183666379b917,false
e8c5720826fc60a28769551cd3ee18b268778c9b,false
32b236e940186bb001de909265cf5eb5d0abd80e,false
177bf4a5f11cf2782c0fc374468bbfb103605f84,false
ab6e7b177a3b3659b9292be08995d111454aa51a,false
be30ecdf6671fbf74a0fe780cff4df3f2f8bbb03,false
c23bbe35bb6ec7adce50bc1e6e9afc62ba84414b,false
a1537a51a9d78e8c071534d91bec895d05981900,false
4a92d97a700781b046732897790096ee29c2c2fb,true
0417f3d3a1e62d4f06ef2bd094ce34bb33ecbbbd,false
b3b4bba9aace7d4058b531bf372ceb9fe372fa6f,false
68bac57da567b97aa10e3123db8c113770ef886c,false
acc7d1910622307ee88e68dfde59eda601a4ce0a,false
093716c7d3db94f13eb8b872135facec6737ec23,false
9ea38e6348e68ba5061d1ef22db6cdfc0d2e93bc,false
16832323d096f6ad45f2593b322d9ba04a1c1496,true
1e7fc4d64d9a3f4209cd3745b648741c988b53a8,false
d8ce444251004074fed3751cd00176071076adb7,false
ea3a8dfa9d7d85cf4427d81b1781c99b03918e2a,true
dd400f30f5073f8b8f6cede43771a814c9be2b1e,true
3ac74fa44982238b8a1a310054e0351b0c1228f7,false
3ca9bb6aeb40dc445d45d5df0cb6952f38005c5e,false
9f905976911e8de3bcae7c845e4b8dc349f43478,false
388dd1055e28e8ede015ebda2405673ca041e72d,false
ea4e471c04ccb134c2fbfff349db7dcd30497fdd,false
8d84397e809e133fc9ed524c596aaa44fba11885,false
90114858faee27771f331a109740d232419f2efa,false
64bfbea324342ed5976d31552b3dfd32dc4d48c2,false
5a00317dcca6a223db93c058aee01c1f88a36afb,false
023a76349e8ca0bd8d667584910cd556d0ad5532,false
a5932c0fc389e7a0dd6032d596e028a763876db9,false
c7a62e9b98e7c88d2629ffa0104f79041d4d802f,false
93b5cfb71b30e6786fb34e6c0d77a906879c7f7e,false
ddfe4c8a47020855611d8594729c5bf65da0122b,false
822cbc04946f38b5f85ca3e459bf661430a3f04f,false
726e925b4af1469188a64b00416f0e585dea3ea0,false
51a613bca6c46c1929cc5dbaaf03f4a2bc226efb,true
13249db5cfc587336fd29378662a976f306a99fe,false
c56959b62bf77169a3a6a9a4f7874f99bf69628a,false
499f1e7dbc320a02cb6e41c4a367f51239c45947,false
2e969d6ed1b02bcbc9c6bde57404c74fdb716de0,false
f61f1373df998c6bc600ec896613c78162363872,false
fa5607c3e1cdcd0f044b1565480a155317e98488,false
f663f00251c59b09e0a870a12a0a41b15e3d5098,false
3a7f67b7f307142af1692f10b716557e1b29ad62,false
b1b69656bd7561d06fd4b8c063d72a5ede64e8bb,false
ee2bd594c831351e2ba93a163a304a8cf1ddcd96,false
80f09108994288a31b7ae0bb77f2c7bb531f8ed1,false
5614760d53e6af2b2c7fa603ea702a6f8dd125f5,false
9a15f08b3a1dd7db6408fbc6928a47a2f8e43917,false
034312c17d54b295aea7791b04c62c9f9c4173ed,true
2bba5660c228a410ceaf6c8aebd5700ba0339014,false
439742fd115b498f80cc0adfb7d0cac9f9ecca49,false
0cbc2bdab614b07d417cea6db461df9fcad4c2dd,false
65fb0aee6afb03431b881dba61dc0646e5ce6ab8,false
c0e195e1444a74c384dd4f054ea5cbeefcf27e30,false
b6f3d60e0f51b85ef39e6486b7d5295713faf4df,false
53785c2fc71e5709ae100247c20e91c66128199d,false
bd7db6160685f14545f50f8afd8ffe5e0859a5ad,false
5d4287a375a6d02f3f34745daba9634e3355100f,false
ce4f3c0d569937fff607ba72294853a568b1ce70,true
4eef02f17fffa7ce057664390581e0ba866bf0fc,false
3fcb564251c5b048278a8b17f0b4fce25a46a6f6,false
0c7443815adc7a601869e1f8392806ec4a76e36e,false
b05afd21537a0d809220eb9696c452d7859d89e5,true
9c33245200b252e8a4202095076ced44a508dbf3,false
d2ca4b7234d0880ac5c9a68fc83c975c79bb6bf3,false
1dfb6afa4bffe7209d6f01d61893afea6ffd040d,false
01bb3a30f2162313f714061f81489953d1dd03d8,true
9eddbe2b6eee9ab43577ae1a906f64840592db10,false
815dae2749222f8ba612c29b66578d97d1dbdae6,false
d4a428fc247f45e4e7396cab7ac644046236c25e,false
27b924412686f40bd8d2711ed33da96b8c81c024,true
ad840ad4d6f5c4457e055248acd12488891a0bee,false
3b2a0145245c6e9c86e4b4f8f5ae17979d66b780,true
fa5d23bc1946bcec3263a19303b7f75cd34e403f,false
f5e76868f0cc7abd1181e4c8eb8a22b8b301af76,false
1f000b94e62c05dd60cb7ddcfa5ae094a17ff8a9,false
9174855a47b3e31ca76f89ca0b6c5ec6cbab2e8e,false
9a11f125ff69b5eb518c1294a806eecc16c501d9,false
ebcdae736155e62dc0465c803537de1a0ff2eb64,false
2353bcd8c5295cf71e0a222a3bd24c720e2a6be5,false
5779cc988b4b044aac7f63f0a8626cc459440258,false
5253f6fd6b149d2c0ed73104ef0d76062a99608c,false
c426a805632dc206a002aacd95d3a990737fd568,false
3a13a4d6b6db383f103c0bb62fa42943c0bb160f,false
e6a5083b55e751bb89f09c418cdc57d5fe0408c5,false
852f1afb6c2536390d13c04c0229bcd93a293150,false
f28104ad0374fa8c51f0fa08181373cdfa6f0124,false
e60c01c2f7a5879f34dfff27cac566cb4b409d6d,true
6a8b25360c93a804274424d1fdfe8d3a0fd7071e,false
9984c923861aa33b9bdb47c68b54a6452fd87980,false
7622e71dcf5573d7092bccc0e8ffc737b619a55a,false
d8349aa0eeaa40f27d9514d9049d23f49657390b,false
4d2049025858979af64d4289286404d96c0c4fb3,false
e1c93957492741978b3fcf2950895656ca16a9b2,false
443e260f91a53b23724de817a4998093ede5c628,false
c2cbb9ea5a28b61b6a599f0fc4aac2e98bdbf901,false
2d3e77ebeeec09458c11a79a1167fdf3ac9249ad,false
bd6a2d02dd813406815b85845b06a91a7ba976d4,false
ff70494bd8177478046fbdcc79b4c5a0f5d1934b,false
8b37620af1eb3aebb65edbccde6d5f0d60a9e15f,false
70fbdccea20010ce8f5753d6bc87f30d3e84b645,false
09f619cce2205e03e3ed6a88a410007fad7d84c8,false
232132eac0c09bd48a14824638808bbcbc7897e1,false
57c41d2e167b62abdcc17b691ecc41d5d09fc90e,false
f37296c3a14701f91fbc20adeb27fe98d4e25639,false
582469e05270b73dbe00b6575a79ab54d2d83408,false
620d6984797768525951ee4042e2f0ca7b7f6b1b,false
a958d0a6c35d00ae5508716ac0154d4a8d544d20,false
37440d6b2928886c936689ab6e84bba7450f19ca,false
3a18d8a04f668b8a6aa9b87fb32e65bb4abde2ca,false
bb4a59203a980a7ca82a75b8e1c5fc7611a06d26,false
ec4ffe53f0f0c5baf060a533973ab3a0804d7148,false
dfce7608e78fa7a182a330c743310eefc3f5b5a9,false
30ae6effcbed553f1629f4d87c89a9687b50ac5f,false
ab9b7c613d5a3fca6d655e1d2d0089d68e27f506,false
d7e2009ddf081645df5418265c0ca2c4bcec9404,false
aa35d74900a9bfbaf12824a623007187f24e7918,false
2b2a00216ff3e7476fa6c07b3930b81b957fba39,false
59ce636bb25b83177725b4ef9ebb42e0703710b6,false
5ffb4246829558380c913615db2772418106eda9,false
015d07a9b63662fa1673123082a84d1b0dac369e,false
c6a1c3d870fc4a0a728e60b5752fa0c324efd0e2,false
0d32b6b7b2eed2e364394553bff3b032bfe00153,false
4260fb573fc207c6161a04ef957ae8ac1ea8e6a9,false
b03bd3b52589c4eae1fce9f0e25b4a1ac3c5aee9,false
91c2558feb1bf30d2c4bbad599c4d360467fb553,false
190be064cb98e53f18b36be4dc05ec1d66dbfd58,false
ff9c72097c1d3f44e2e02778f19374c1a9953b7e,false
bb70fcb66d3f96cdbeaf2e12f393bac1a0f94005,false
62c7a3935a3cf5985ac07ba3e36c96cf9b6dba30,false
c3df4e26a3ca9eb44a8bed83e80be98b3f77e08c,false
7359cc13b8a674b465a82caac719f69205c0760c,false
a5c9ef56d33c8425891d6187792201b586c95a9b,false
ef3977e837860f851127e4d06b683d8e622a21b4,false
47870f98eb87239395ef8a93f91ef0d6529440cc,false
87a9d27299a845d3b1eec946ad14ce564eec8fbd,false
69cf0d4b55a40c9868cf70538c581acd89eeb07f,false
09393dc8ceee3f0738ad5af46ec6908116cfc5f5,false
794743c7bcdbdab4c245f86293c0a87f6e6ae251,true
4606b1d08ebde2b73977ee50de2312d2fe800aef,false
2be31e79ef6ecd1d58cb928a85156150c2b17e06,false
bd696b4b92c6ce0a7bdccc0a812c78976e7e6ed9,false
5127aeafb576f43acdc28ef744260ffe6d7cc51c,false
783033c261e2506e095b903546a2690af4929fc5,false
5081d780dcf71d224c476f1344befe71603ceb82,false
08009e755f9174f86dc4415776491031c0345e75,false
4f94464eaf9ea8909af3ece2cfcaf91eee823bb9,false
bae5038b0a1ae8f2f78fcf4a06b312f71b21e058,true
af942774f4792ed175b91e8fd56ec5c162241bf7,false
087a500093eb54e9214565db9723b25fffccbd76,false
8653d2f20414fd077438c0d5a1a0de3fdf575a2b,false
dea386d08a542d40d1f9cd2be500862d2d59ed7f,false
ab515cb3521dc27e690f93815bb8b34ec7bcd418,false
f4332421253353f921ef0133b2ef7f6face4a4c6,false
478c7576c6acc3b946f753970fec6925dde74288,true
5047d568de1369e563c870cfaa7b0ed32dc23d61,false
1751ea0b98df27bac13bf7b99aa745a47769cc86,false
07c1f58004fe03264577507ba6c3da13647154b5,false
db2f08633a6c45e07131fdf0359f2b156dd53e49,false
fb25b625f3d000e521b5d5c51df6f75cdff544e7,false
d35be27b65a4cd0bdc30a4170859f49afdee78f1,false
8f05ca466fe2c3649ea7fde5d505bc64ebc94c70,false
a259b42b268a9c8fec08a505df510fc903cd3878,false
89b3e9c55baa1944af4e526c096f7c10b5e7ce64,false
12f267292ad8dec7729191713d997a35838730d1,false
f2c6021db0c30a80556601564198531ddfc8c5b4,false
c5d6a1f6fb397dc7d40c22bf61377681354cc4e0,false
0cbcfcc3c15b5a684fe5eaaa1efa4cfd63a67bea,false
7dc3ddfc14cd568c9ae2abe553ad39d1cd1320a3,true
c1643fa3cd4ba41219bf6e2f063cb0f7a809553e,true
c596d235231d51fd0e29a4e3dcd716dcfd0916be,false
f296b225af1f8f57c1032f144e26e1e175ce9582,false
e19386779c604a35c3285e27bc8298e66b7f3f3c,false
b15d715dc000b5e3712803f85dc6a596c7710fd3,false
b6e50f04677dbc07fda1897f62aed7d978c6eb1f,false
33fabfff04e0552fa7788d9e5f9394d4d380f95c,false
4553422ade92c258e895f4c3335a09710e99103b,true
51cfc12c1ded2329244b5d22f8688adc0ebd4d15,false
cb145e0721a51b1baa428a5149778d46985d6b1d,false
9e61f1d6efa1430cb7ab6d1f777788592adf05d9,false
4eba2ea07a7ef4de8484d72b677ca231a99bf634,false
e00b0440b26d44f7fb7b139c5e1e731a695e5549,false
3f9501e469b4886e93e5c66f04059f22907afdb4,false
d7da112c19dffd1c3c92df38ef6f8c0e82e29b4f,true
d30f9411d893e24b44ac72d7e1f3dc22aa151a15,false
40fa9ff02293fcd994da8c1a824432894e9ae633,false
924e5e3e3ad0dcee292feb6047dbd2e9c120646b,false
8514f734e4fd5f675657e3eba4733eb4eec8aafe,false
927eb43cbc8f9e72d960831cac6edfd7c31dac2f,false
026721484170c3a7088332f0ead48c3e1f2ec6e3,false
e96b999a8356abf924a307561bff901ed3301e55,false
f1129ea2b1ed1fb4550604dd9567e18419479245,false
8025c7547b27d1ac02cc00cae2d0f68ab2482832,false
d4d02f89773c1335c83610d538cf571535ad6ef0,false
62c05c112d9a47a05c75dd53b41a2a007d6055a2,false
2569d62b0a2fc773e12d3c8934a06cde146d7e05,false
44546a3480bca47b76ff6d5744f234c773464099,true
876552f1ce80e07ba880ba932c0680d073f74420,false
f9df4cf3f18d7182c410c04a9ab0a1b29a1660b3,true
386d2bc6be55c59bd0eb044f0c2378bdd550ed5d,true
11e7374c0f5941001439b67fff62fcc020dab259,true
f640d765e8155b3bf84c5ee26821e8027946d8f0,false
e6249196afc19ea29dade13f31808ae06bda744c,false
8bb66dd36521acdf1d6c6403b996b2c4d12b370a,false
7f2821cd7e88e93d8640f8c06bfc38f3fd04361b,false
5e7834b00e200304f65581fe30094a35dd8a2abe,false
93c2a1e4f0adf003da55831763e6c303e5a1a1cc,false
354e1fb8b2689ddb86af04e0bcd3e20c9aeaeffc,false
7a3852b5a53f1dabd14658398d5fa4ea2d4a3edc,false
3eef5095d4bd8411ded95a2699d047c5ac1db91a,false
608e121a371895983014f8041d2e6e98d5751c44,true
275d6ddc10ad9130889803a69b2c2ce47d56a07c,false
2846f9c6b9e7dc450590e815cab7fbfc2a06fbcc,false
108deb7f9db80c661be13dc0713320b44bf7c59a,true
8892656722d7dbfdffaeb3f1961a5beaaf0adfb1,false
d419f6ac11b1d805a19449042da47b4cb13d6e6e,false
5313ca58d6f454b697e3a84e306ee4c21754e6df,false
ef1487cb57adf87a50c2899aeb973396aae6eb79,false
70e32713198dcb33e5cbe82f1b6da6f9caf02d24,false
2b78571c724d36b8b97b457494585457d268a5a0,false
6e3a99a16ba85411d2c4ab8da41a701ad0f18711,false
c2094eda4072ebcd234e7de186a65fa4ae48dfd4,false
6b6b8d25c79a394fa22929c6ecf00b3db0c46135,false
b08e3175055a4a820d8e8a3e050ae31f23ae921f,false
edb5240ff50722d355817f16d16531c84304c416,false
6e6a3401136198f966e2f0bff923053fae5dfe90,false
35624ace084604985c9f877b25e5dabb194f62bf,false
fc5546ad5859c3a2a238cf1db6d6428817364fe2,false
5ff56ac7a04acf63646a076d6d8c438606b65df7,false
e1f4df86bd4e04b097f1ecf588680d992e7cb337,false
74a0defef3b7c395737a8e0cd78dc16ceb5a4a0b,false
9a48aae1078d8b7a2254d4d6f783e7591dafe6c5,false
c9d7e759465232f237bc24562d349c2e58fea24b,false
7d5a67f5a20f188dc0e689f3f14659da9bd84523,false
413a634533b5612f6ba41d0ce5769cff37d0ab8c,false
3f5735ed4b79a427bb017613a84f0353021623bf,false
25ff8c74903bb72dd13f6d289edf5d05d8fbb779,false
2b1ab579dc0c2a1784d46dbbb32ebc00c2b3ca40,false
16f2799ad9111866c11ef691fca4d7ace53424c6,false
da25ca32e7533beaead6308af17ac30b095eeac7,false
42513f41cac300ff247a17b8a024bbf95bf8897f,false
481d57cd414a9217143770cc48db7c8a42cdf513,false
65aaeccfc63a75a2faa47206692c0624acf952d1,true
fb2194636641d6f427de111d6afb87ab69c2103d,true
9ee92294567534ef3a5ed0e100e69f43d2475069,false
e6af34301d61de4f4c628f1a52c5fbff9aca5382,false
1adeb57fea6d07a322ef49f78049976251af4981,false
bb6784188473084c520a8f93ca40de09fbabd043,false
ddb0f5692e0cb18ccc73b0d715a5c4eeaf2e8a02,false
b733443eabd3ac8766aeb3102d750b6a3d0fe312,false
d4f222cecdc965ad7635fe8162ae674e76e3d2e7,false
e46937beac41ba1e4656ce2c1c8cda4138bd8aac,false
bc63d80a5e1a8ad60821d686bb3298c0d116207c,false
009522d078f6646d71d7e5d569d700357da72d95,false
6cc3ee5e1587f4a840decd0ebff6efa1d7ce542e,false
3bbf356497806e9a77a9ff055747a3002d557516,true
75bb1aacdc339752b2b593b38dd6b46f6942774a,false
b98380254f49a7b3e3b54e29019f44bbbed7aea9,false
60022ae3156daa80e8322345b587b83ddcc85a10,false
445faab977d59922cd2a9f55f434cb45dc644f17,false
ae039aa0d89a9223fa860094f2a71180daf3c574,false
e8eabe01cf407e647b2541db459575162ba27df4,false
0fdde1cc9eb920b7470d1355428000eef1760cd6,false
51326a1a5cac9a13ae8079974ff49263eb3b1dcf,false
440b06658dfcd2fa960ce3bcc31a6344e070d85d,false
7002026da5361afc5162d42d744b0ef24edf5d5a,false
f5f383dc3869e1e6d85ca65cbd271aa4eb961ef1,true
f3f5f7652b5f857e9cd231099da91dafa1c41e9a,false
3a02e6fb1115f67481a3d3f191cbf88b2e3d3c22,false
580c41f2d62873de20a641253e60c5d501a36449,false
7d2f53a6fe6ba553160c7a1958589f0eb8d8f2dd,false
d1ef4b9c37bddba9d8474ebefc19f2780a4b1c95,false
fc78fd7d4a1856b8edeaf8b3c1548bc19f380438,true
fd1051f90a98038524e6a1760ee5412c9b5bba80,false
c41cf9142a7c9a8d8ce56de9ab4f476a41de3383,false
17697388b832c2cc3a1eb099ea46cf30f1df2659,false
2b7f78db989d86a5b46f9143e09f981c1e3fbb5f,false
e94ba8d2affa2cdff39badc628533cc14a123b99,false
d05151b026c80748da6220ebf9fd8d178cd8293f,false
9d96072e01091452b8e667ba73a61d3c4be26096,false
978fc665ea86c0b9c1e4a49ed239c7bb44215966,true
02a5e3d20f26cae048de75eb5d95634b15a39686,false
dce0daafc38a845879b5f5a9082754c219d406ec,false
7b8681c092ddfa879ad7b0d5471f42bec0da5f20,false
59dc3de3f30cd2b0286d57838a06a49be09a4e24,false
4b2e5874804619a5b5c251fb0dc4d330a19278d6,false
5a31be12ba83405017390ff582cf784d923ba5fb,false
30d5d05fdf1e847f615db9d66a6fc3f583bfeb5d,false
bbdf9bfc3875907a1c3c61133c31ff014f6dde1d,false
dccc99787e25c0245fe186b651b63e122c76983c,false
e63351ec73552a49e5ca8128c7d0c21aa95ec028,false
f721bda16dce5051c0e8890591126cdd0d0d4697,false
4130a8a75ec6b468bbfebdf11039661af05fe016,false
aed4f5611206e3f22ba131fc4ede99fcbc271bfa,false
80f8f5ac7faf57c59a45ad5e50059b2e588b0cfe,false
0013312f5cc81810bdf2f407a438f08ebc93659d,false
1f25a862e63be96c1294961a90b7513c00a07e49,false
b39f368ea34a223eadaaff0bb6512bc66130b66b,false
4d5b6845b7504c4f21629b70e6f77a0a452a693e,false
82382aaca65aa261cd88999b9ab90efb3964f9de,false
944d7a91d1fb1ffd4b9e70cbc13f5c2625774ca5,false
6469d58d98fe093cbcf6a4ce4e9ba831de51ceb5,false
a7aeb1924abb94f566563afe0483fb5c41e671a9,false
3372ed718a7d3de02f61d8d233b93002e6f9875d,false
39c3706321b010367f47d1ba63e57f410b2af481,false
05850693618191672e4670b7a77c3140c0e1bdac,false
77b8729ec6d3e6c8675c0d2ae0c4b7388b9c15b8,false
9a53cba74d2c05cfcce9cf81f2cd2eabf7600098,false
e293590520fd5d8153096ec48c9d295fda1ab9ae,false
b235565eefccc67ad2b61117a75cbe1b93a27cbb,false
24587491c96c89ad96156a70de6ac665911eccad,false
37f33e5e7a148d17fe0f7d1b0211afcee7cc612d,false
fc327ec9fb67b850b303d09864adc93239621e38,false
ea4572b4b5d49d74b4d1c325129f5a197125d28f,false
2521409e39596ad7de0156554b52dfec1ace0b90,false
16e8286dca017e4cb9bb23e612f925a959c24652,false
9688638c75c9fbdbbecf2a44d181312cbeea84fd,false
7d7048ac126afd0bba7e899f48808dc8febf7654,false
bfde7dac0ba800ef94a607153eccec8bbdf56f15,false
5966d8077b5d2cb46fa792b4a17ee24a6f79bf43,false
e224a67eda4763117b4bd818332656de7889453d,false
f587d82c8b1fa0b144bced925e39d629bda17baa,true
c88a776741fc575e30a57392022799a07cb78db6,false
4a921973ea9353c3f8e460b616d18962a90e7821,false
7a7bb5109366c9dde64f8a8342935368d7be1404,false
882db28ee0fdca097f4f9dc2f21a3e8431c34d64,false
cf94d69a3eb49e5ad2df7ec0dc90302af23f938c,true
b671dd6451fafdab374c790c8ab7557ba3317276,false
700148ae45fb874e2ccfb7757661c374df8f2735,false
268abbc383fa4fa22a41ac52232b6f1ca2d23143,false
d9613cf69aa248353826fe3ec1490dd0b08350e7,false
f771b32ece6bd82165817a3925fef5615bfe9dfb,false
8ff11022235f13906635f9da4bed81e40b579b94,false
d3e9ebad16419b96661f58c93bd90943704fdf2a,false
879fc7a44c848228b872d5786b91c254649b6fea,false
1c015028d9841e3509a8921d3dde37fd244a9445,false
8a921f08edab006f4bb8437fc589f50981f236ec,false
33eb5f1c871d08c243e3fe93f9e5979c684c0451,false
4887811fc37fd4279b47c7c2672d56a3ec7fece7,false
84fdeebc2f3f272bbc2321ad4b39d22d46e312c8,false
d536cef20fe6de0920e06d8f83d41b858fb94dcc,false
1a1fdfd5318177c2f1db041442d77a3ead05e178,false
8869814e96291242fad277991ce791e3fbdf4d31,false
d2cd57679630361a6b5c3bbd9fcfba9b4b9cd9af,false
fa858ac5cf2c555d746b5bdf4a0a7ea2adfec3e4,false
aee4f7acc28f2125ad1ec3ea6ac0b4d7af79f9a9,false
05d22a25565ecc9cb006ede146128c9f39381d2f,false
2a29ada032436e1ccc45a1bb985ce76ff18afc35,false
5fefa8906de9ec90fac1d96c289c807222d3601e,true
f623d53e73eb39af787718309b292aa3f157ba33,false
27072081002b711cb51b69055a23dc8cf3e97d20,false
2f238a2c77fdf9bd86d19c1078ccf26460753fba,false
151ae2558fa028b484834018705685a16cafec10,false
f3919e056dc2dd0e31a8699767534cca081cf9f5,false
b9a8853f4b620f5b714ee8991abd8656ec7ce758,false
e786c8d6ff112b6db2ab358520ffdf634d59bf81,false
1ca6c95dc2e0fce763eb6fb26698344dcb339d72,false
2547313ef9227751e781a328e7ae732671b26f28,false
477617eec99ec6eeaea6b755aa8de3b460da9455,false
4de8d3eae142244b9165bef0b2c52a82333652d6,false
e45010f667c43c15e89c4c8d91d1073d2eb0a4f0,false
5653b2f479fb7e9f65430616991b5ce48ed057d1,false
7748ef072d4f60d7934f1103c670bbaea27f22df,false
8b0b54e997ea4897cb8924f8791ff4fff75622f9,false
7dc224627fdaf8b86aaa84a12d2674c0d6893e94,false
00f2662f33a7a6952e97947a4596e6fb4d81c1b5,true
f408833a72a4ae7dfc376a07ed59aa24df328673,false
2a1cd6490b61142b04c93ac07d42bb76fa2fde17,false
f9a42457a8c36f1eb1c88b8eae2005ade0561c2a,false
9e7c996081bbbe96ac24ef085f7c592bc42a2e85,false
38abe9fa489ab6cdf17ccc0061061d29cad42d06,false
808f40890a12eabcaa56a9b766216d0cddbef50a,false
b0c254dc659b37b8d3d2e9f4d479a984b6c02052,false
bf383081ceb7dfa18fba308f11e997c18fe68240,false
2fe82921a78ec9d6ff5741570d20e98f283000ee,false
dedabfb07660d0d60a93f0d6b2cdd61c9df3e130,false
fcb554947cefaa6db61947f418bff73d1899678d,false
d5ac03aae4407b2abfaf5f21bd3bff3901393bcc,false
e291da7d8df27b49dc7778d9a20a8089cfc4323d,false
e90e84075754012d5692435b087e8e003723f49d,true
77c62219d5e165c25a39c08424e50e7709caf170,false
cb854f1b8bb40b7ef2d0d94c2d2d85349520f571,false
c40dc67c5bf65f827cb7623befa01c14c7b92f51,false
ffa093716c46ab7ff4dfaaa814839a87eb07643b,false
e94ab94d13b1311a4ed10ec35701f82855badd30,false
91d4fdb9a883cbdaf89ee2a015b5848e65ba1574,false
f9a241595470fbb2886eb78de2598f72957f92fa,true
97581e519df31dc5ac161f97d02320e1f37117bc,false
a349893d3d11c0612c40badc68eef6e50d7acf2e,true
7fb44e4f66fe559c82fe1c2608e2d7989fd516c1,false
103b3d76080789dfe663108f17b52bc3c8115652,true
4a81236652c536eedc4f7377d95bb3afd49fb03f,false
d011b8e0739c60b3e0e7766e0cfa6bf08705f69d,true
7ee8bc9070107f2e8067c8116fde2412cf5dae25,false
f35fc9de6cc31ebc95816656319e438f4e64ce2d,false
c86fd96654259d24349c775d6568b98db3114673,false
63fdb506df24ae886eb968e3f51a074b54b7324b,false
ccc51daa9fe4bbb08a4423edf529035436807ffb,true
c3f2002e6ce4bef6c656503ce88b8c6a0fc5a077,false
fa447ce37ea0ffe8e491e35da4cb99ca13b372ce,true
206475bfb9df54d42b0211fff2b05a90670b542f,false
d8c1501213da204b92fc3df239038c0af076d2a1,false
3809ff59a534dd3b31ad85f9572a4c5fc322a50d,true
f26bfbf6329f2c0f806b3b967e1b1e918ea8b499,false
06f32156591c59ff581117a337f88f940c03daa5,false
8aadf137fbe721d8d0176fda921ff027c31b0638,false
67276888d29ad4e0a06344bd160e04891f1ece8a,false
978149e6779ce0c78d0d9c5ec16257d854ae87a6,false
263aea3b2a50abeeebc1751ec695d2b24e5a15b8,false
2e4b63bb79571f806fd1ededf3142fbd575c5ab7,false
18a13a09a42033e521f2a9f6da9671e539819a41,false
fa70bd272a6f3cb75cad6ae9e3e9d4a9f9fdf88e,false
57bcd6b1ebbc946681181579c1e159df75e2d010,false
c3861f6e95294f184e338034751b697ec14237a5,false
3687cc513845ecc7055aa14d7054f427fb8cced3,false
2319ae31d56f755ba63e2fe4fd920e70f654ec68,false
f0621c4df12f830afe4ba19339e4dc3c87e7e9c0,false
46f175e078ae154045e54e87fb215e61dc995096,false
e892a2f0fe59b01fe3fdbbc5df7c4807d69d6b8f,false
c85dc0c0899c11f293c9f82f47d475c7a1ceec06,false
4b83615513a7fafd6bbab6a0b65d1726dede1f7a,false
985d14b51fcfe7b97df9b32a34a0710954a1f004,false
211d89695aafac7b05bf87a395f120254b525890,false
5b444d93fba6cf52c580dcb2707ba499d74447f3,false
a0014f350e1daa0d5b5991b9fa9ac4061876322c,false
f6e0d5fa0cee9df4e53ae9fcdef218dc7b15a5c3,false
51298aeabb82ba1abba43d36a5f3511014b81697,false
07e5741cbb0df6a48eb37947f5c8c55056626515,false
efd7010f9da5b621e1e4f189e8391fab024e0c91,false
d73ef66352b70a084ad15ce7645351180352959b,true
ccb0bf5af0f62f8f8987aa0065931440b04a9491,false
04a61794e08d7b2cc3c713eea073c176a7ed3cbb,false
3a9d7f9b70c61c5557ffa1db3eabcead8a987623,false
80ff106e4c3db91070826986bc02b368ec3e64be,false
d7214b58fc7d8d45aa335158240a6450cedf210c,false
892424b148df0c0738c427dc8dc3b9afb7381b7c,false
3cc44259da5647f2833b7f19dab03b54fe8367be,false
7dc1940cdbd5a380c7e7dc52a136d4292ba2e761,false
1bb655267ce85151b47d6778594ca6dcb937ab7b,false
0de2b06621eb4606db6aead960c42f65b582c02f,false
f34d4b6bbb642761658b21e78be3d195cf1c7dc2,false
0994ce76c7a837dca589af41e76127e2da642b4a,false
67116c5fa1a62bdfc069cbfca4e3e36677d8cccd,false
578673141cc81cbf9432c46c97fcb9906e9d05d4,false
0e26f21cea277b8bbd7a5673748314fd0d6fb20f,false
ee63e1af97d1a6e74c27976c37fe87f74a8cf85c,false
589b36cbe0d59a936cddf035479881678845da38,false
920d46784a4f33a14fc55ad2aaf71d550fbdb25f,false
9134e4407ced0a8e5ee6d813856674f0e88c4612,false
3d5a6b808c4ba54a6195520e6bc1f0aa95dd13e8,false
2a3241903c79293910dcb5acc6246e012c7ab86a,false
aa9e617698dc2fe1446d06fdf28b5093a553e554,false
e0f432aafbdca47f471d6ef9da7d3d9202d6a223,false
c64e9fe788476dd9c0067aa721f1c9d4ae3a1edd,false
8bd9b35dfd6fe0da431a5f6d0535f82d8e73dce8,false
af570dcafe5d845fd0495b386bbb2113f912e060,false
2814561e921ad492020ec629e911c5c9212bc866,false
3ad21e38344d40741dcc16a56a7e6f28e7ee815f,false
f27dd70c9edbc9b23c56fec973271576a0c591f5,false
498f390e547a84a47c46cf7eb546129b1e6bcb7f,false
8908686f23bacc2ec21ef275812efd05c9aacbc8,false
0c8b5bc8bfc2eda109c910102ad21a708530180f,false
c13c2f403a74abfcdbca75649899e68f02bb71b9,false
ceadfea11f7c93312b9d7b92980e4552a722f5ee,false
2702c3a7f3d65490364e80f2e9c82d8ff901dbd2,true
c69b409b30f0f43b478a2a61010a966fe423ccff,false
d4ab6fe90bfdbb428f39edb919167165b15b151c,false
d09bd89629f0e8efba44535c070d30eed082652f,false
1c4e79f99eb8352907eb3669076043ff8ed5d0f8,false
f70a7e63428162d820ff5c45aaf256045f2adb7e,false
ac0718079d44b8a82e7f8aa8f36c67e8a530f192,false
dc41d7923e0813ac7c3e4c14d29b0dbdb23cc241,false
bc02b701b5afc2e8b974f26aeee0b08f57fc5a85,true
447b83f7db025cd4904b1144f63d8aac7d591cbd,true
a50ef39c0452278c4ad474019b394f5034f3ca76,false
3c0b17dc6f686b92cd9bf9c4a8ecba814b668bce,false
7aa5629517ec0e95602f7c264cbc6d9f255e02b8,false
cb6bf91c8a8f78b5f182ea575c96d405533a8a67,false
6740e9270f50c013aed0b5fbba79bbe77cc7620b,false
a5c931a1523bc9000fe9bd30ce8932f3e99085bf,false
fd62f4a74ee50f17451543ec0c9c136adcc1c293,false
01591ff88ea5460366732ed9ec26c6a0aabfa7bf,false
51b04f7340c1183ad5588b0e0ef933d71f7c6e6d,false
14ccd2b8f1b991d0e3494f4b4022bc16ffdac113,false
939c18bbcea59afa527410fb6709cf7c062a2f5e,false
6e84401271b511843cb37d45e58e22416c7901f2,false
a9ecccf6722e1f287c624b316244c3dfb0afe140,false
9d8e48cf24350f7fa0b31b81e152d84eed8fff86,false
6b113603db2fdc5afc2928cefdc91058bc9e3e1a,false
840d53c8197b3be18dad698cf9f9a8bb7d8dd574,false
d182d62b96c5c7cf1626e6a1e1fbf513896589e4,false
0b5b16e97c37c47a99aab8c33e41a7807c02db73,false
3584bbde5399ba9621fdb514e8a755764250da77,false
7e68ffa16a44a6eb99f70f4c9afc7b272a74b8e6,false
302a27f0dbc6de844b27e7505f065c44a4b65301,false
373e174deb2a4c4400c104bf0228afa0ef5b52e7,false
07e55369887413612efa98ed98de70452481a583,false
44df5da771d68c90a6543ebc1b5670bb65e817fc,false
5edb7935ed1619c1aefdfdb395512bf1c1b2ed77,false
13408532b3c6cb1797243a0b054cb867de44b6ac,false
62d894772a791489f62c9fcfd291201475e20656,false
24d58bf505dd2b9c8c185796d2446c2e8ba90f02,false
a790ec27db7ac038efcc2f3c921cfb0eb1c9fcb0,false
6d80482875908d83067c30cfd85a540c0e453676,false
69d33e928ac320fbc2998804115790b5aad7e161,false
9a3877fdb20de646addbb253633dfd0da93f82c5,false
5790f9743f4636462f673bec7c5505674d5e47d2,false
680abcb343e2f3505c558b0e339d57299712aea0,false
184b2b56ac2c4dc210c123ae30cd4544bb19d822,false
c0f8da0c6e34985072efc607b6e647e4198ee0dd,false
9d1eb0d4297c07c2717614a1dd87e93a21a18d74,true
326cf698e02613059dfeacb586c2b68081080e44,false
05f6ad80ab79544632210ce9ecba47d743cface2,false
7e85ae9964f0f60ceca4c5a4bc1fdcf53746f820,false
bf818a0139c597bb9f14b04220a5b5892dae188b,false
048ae4b4ba684818d630edc24c382d2f7f7f1bb5,false
03087ddc85bfb0b63216dbc2698091710294cf2e,false
af99f64b888ee172d2518118cf6b6728d1486514,false
07240162a2cb9d95192375802c2ac0f9c9557971,false
6f9b039e72a90330e9c7cb3f3349fba2d0844adc,false
77ee3e35444ea7c79f7a41c91781265a5f27b4af,false
e62e1af863ebb382e6e50b1cdbc41c303005419b,false
06f0ec4f2f0648a6f5ed4b2c1cb8a3c3cf907771,false
f1c76d035f21d1edcc48e0e3b6852d2b92306a39,false
4828417c73c3cd97043d00ea46de5f11893a6628,false
f89ad27e177d48c372daa100f9657096ae87791c,false
ac822053cc0db6650ef7af402a7685839cb37b24,false
15e03a8b1ae07111ef46beae3d3dde2bba09fed0,true
b01fa6b4c90de772d856b7131dba1df1232581da,false
c702b4486c9e2d7796f00dcd83b6e4cb230a103a,false
d577a281b8c564a53fa77a873d4bb5bf8f1ceadb,false
1790914058006acdeae589a49db548869fdb888f,false
52fd9d8c4ee819a7cad3beb7b90f1440c45f18c8,true
4267fa7e48974be40cab30794da5a96603793d15,true
62dcf2f1a7dd09f8a3fac8cca021297a8b242642,false
7bc2d6badd50553dd567c3441ee7038b0f5560b4,false
2f539d6008c8428c07173962759d0d5c1899afe5,false
7951799595c1d3ebd96e67267487c3a392b49797,false
ab04bce23d4c43259f032f28d5c53dfe78826a8b,false
113c5af2a5f336d4f8dc351c330a84b012992141,false
ec5c9e4474caaf2065e7aa5a55eb7e4893058f90,true
bb8b701425f0d14fb6e973a900071121e21488e8,false
996095aed3351a463b2b0283c43f80873870eb3b,false
f59c3daf6d6ed7a327d619d6c3d0a52f0af5d768,false
0573560a6cbbec492d8515719b67f06c5f3ae1c1,false
ea1ed3219b0c65a2581fe76f0dd925bbbeed47c7,false
e02ee5b64761d7058d0f13bf0f0d2d0c98ce2d86,false
c24d5b8a88313400a8fe9bd633d0d90e445ead60,false
3a0c84e0ee1c3166d528c6e12f302a4d508dd1ce,false
0fdc189e9cf53e310c114558a9e62c4a31e58bad,false
eed2e0c45f3ad8756de1eecab1dd954a74d5ae04,false
d22986a0a3f440b9dcbde0fb9a14f1f8eebdc999,false
4a9b8b918ace7137f93677fafc75d870e2a92938,false
4a5b9fc288b999fe2af5a19c3673a43dac14f5db,false
74873f90c8bdcd1c795180d2badef8645e4e7da8,false
30bfcf9c552d82c50503c16de91180a76082e4bd,false
11a218f9c3ac7854f59e0641eff2ac51d354d806,false
486c348a002275ad2d3ac95d2ba6356aaa767fd6,false
abf877f5ae6e4f24c28a579eec89317d81e7a57a,false
b0e062d72538de8d9b9740e78e032daecf1f83e4,false
d3254eaaeb774636881bfab0731319ca146c966b,false
eff2266e350f33c6228a486ec0f979219d6934c0,false
c126c058104cc5af357b1579ac48adcb720b0f38,false
5b8ee87eccb78c8f7ac5cc8ec583732e6435b7ad,false
a6f0ab1429f9063b023106f0b21cec23833ed3a8,false
8dcc2d68338372a335c124da6adb6d49103c2642,false
2aa897e698b162e013045cc6a639abe5054d41b4,false
ff1ab0830207512722dc5645205982333473780a,false
8f0c37fc4a8b96f14e2c0a5b3e7aaf65b225bbcc,false
0ffd3553c33891570cbc5bbe2d792c7029f51132,false
358fe68f09714ba32fef2124dca46044a67576f1,false
054bf4bb3c29049bfe92d9e7ddb1359ba7c8cb53,false
28417b7599f3098bc047ff5ce4c8709a6fcbbc8d,false
99996121b5bff713b6fd1327687f3cb3e10fb97e,false
8521c69caa3fdff6ef57bec24db4d615604cf051,false
e4c502440040f7248fad3338a184f7fc49a3b241,false
d840180f3a60f1a10e50059371a255fafe533237,false
29913cf5bd0c43fe372fa624be7582a9fe176531,false
6083ef9ba05b123aa8e7df510efd7838ba80fc1d,false
9ab68613a0e820a7d94d0922de0708c1dd42ea15,false
0796a0ff1ce08558ba001ee68eb9094a905fe1e3,true
cf15b5937cacdca2ef826dd82191170fed50c89f,false
603e0470cc823e054279ed23416085b53073df58,false
cd314bdc75718a64df1bcb64bfb331dd5f91d25a,false
582b7bb76ad8972c2393b57be30c67cb72d696af,false
3c43ece5be05210e11040d0d628081836d854496,false
6f659659ff64c9bcbb982965182cc7c12218f09d,false
67a41273bbf52042bbe3cd671b5c871720e423bb,false
8cd397938527cf2f3f80944b97a8d09767ae763e,false
f041b1bac019e77b5e5a4cc774a3a665a7f73d7e,false
c7484b25e0c6f0664eea65a9375d32937e2f5cc5,false
7e42ee48a45516ebcb069a1ebc1e9afdd9feaf34,false
6eb0d8689dc2f407fb5252281cf02fd48b5545c1,false
a92cdbe8c3d1e72aec0e1c9bb255327ac3f3745d,false
d75071f503ad2c5b02bbc5159e3e480af4db9613,false
2ae496bfce3a0d691b7ad0d31b2e94ff69a30583,false
1c1f95992a6f097408fa3b7b2d58263a138b3562,false
bbe2584da491b1d358f17fe722cdfb1ea6f7139b,false
95647528b800d2d04899c0095546fb929c72e61a,false
25b49c57cdea486dbbb750ddaf1b0c1876d50fe4,false
38b2cb13bf4572aaf8dc3e0b8ca59ab8f284415e,false
0935ba645006b412498cd5d3ae18fec1d3feee0a,false
e2db3f914efdf81e0b430abcd305347f021afe2a,false
e73325edcf9c6c2e052a4d93addc631b6388b8c2,false
0e3d050daeb9beda4723ef82bb3c9010407052e8,false
68768a561f64754d9472cc16235f472e6a04d1d5,false
ebfa27b3ad92f445276eb37696442d17374ae806,true
b8970bfe1b924603e74ae7814be982e61108f8ed,false
8ef4fbe9d5182ceb6f8e0dc1fe4c885e2ea9e92e,false
744c814bdb032056e02adbd7bfd6f714ee8b45b2,false
8e33bc898f0f6abf7bafddb435ab4ea707b3c481,true
931156fdd7e72db5cc4036d03ef56dabaf5ffe68,false
d736f7f08d84440a5bfe38cc162659162584071b,false
735112def692b3c22678bae147599c6d052d2039,false
d87f01e7bfd0718c4e7d6176443f0f83ff4b346c,false
6bd0fc58de49c4ff2433adeee49222570a28d706,true
68a26f5b6e32fb4cff5c82780d6884d6ec140a3f,false
b825a2b5a8a8bb174a665e3c0f16b3d9fae37916,false
fb25b8621280de025b2fb9cae40f40d1eab7ae91,false
08b068b7bf2eebe9aef64796d53a306f44527add,false
026f249955453d75eaccd4b8698fa921f4b72fb5,false
c941190e71f371188c13eebc4cb0a90f8ef5d08f,false
c5515ab4e62a15922fc8a84d20e1faa788bdbd43,false
03c782f38e964608a54541d0c7860c908db4aaf3,false
c2ed7429d35ff949da10656f70ada1618c5123d1,false
52ce49a02caddaa3ca722d6957e9c9e39a798f8b,false
36ad38e5dfc22b101a744d04c9ba74e30bd1ca6f,false
359bab291b549c4380683c41c530b78d5316ec93,false
0d3ec662593d75c520575dce04f382e432206acf,false
d5d29959b46c0cf3117225a3d23d1801941bb7c2,false
9157930983f293e05c9eb37e2d7d039d056d1d2c,false
c8059d4d8aafd99a37c1d21ba13a620cd0ccb442,false
e619ea1bffbe87c9a29c3d092914b7b376af1d58,false
fbe11ff33c3dcdb2ef4a19765dce16d32e3f3062,false
16a1d6d196c693a20ffb8be76f572885f4fda599,false
da08baab9263c6834b29b01466d54bbf83fe1439,false
5e4a6b023501e242b461f5f081b152d46fc0d4fb,false
e17109a0eb6f2a1e61607e400d09fe8badb93ed6,false
34699465d5615a8bbddc0f251e0dc1a270266a2c,false
d538dca2e0692f2c8952886198c4983e26d42480,false
8157928a35d380c21f7422cf36c687e0cfdd9c45,false
17ff7eb9496ce8ed3aea39b73ca6d31ebd0990d3,false
68468b36b578f4a3bab4296824f1465a1e2fab50,false
46aa638b74543e9e895bb8eab8856a388cb0cd4d,false
42795074a88c2c1357b781f5c46c67ac185c3fa5,false
633eb3179a45e4f87fee924b20b18f2c109fbb8f,true
0bb2e12a8a94464e5db38296d562655684a6c292,false
f1ae66d148d82f3047d69c93194f86e4586d1a7a,false
ed0670b6143e5cb5576d3fe746d67a310e5d4cfc,false
842689f0c1b64523830302b611e4932acd5a3797,false
b7c8bc6e27dc92b1b1ab39c2131da55f9a61fa03,false
50998136b126fdc96d4d264cac946ec82b787fb6,false
7d165a08cf0990612d551e2c2a3773845bf800fa,false
eb07768200a3e71f5c12ba202cb2428a715d8473,false
2c96633a20caaa846cffb732099a50b1f6490029,false
53ed6035c42090019c4008fb8f0076d67091c893,false
552ab12314b14716099f356beee0d915764b7456,false
3f7cd00882ef083646ebfaf500a9f5beeda04cc2,false
0aab48eb9f4a72d12b1007f714a2d64bd9219094,false
07622725bf91dc3a386e22f8661eb761bf92a5aa,false
c55df2fb1b6366a11cbb48c1238aef09a723be3a,false
27f12b9390a706c5930af0ceb9a0c690f2fde65c,false
ab5e16ab67e7f68b3ebafe85a3415a620ab2cc19,false
7aa070b0a5f2db42264f7b0c82cf091a39158da0,false
d52a701f501711f77dc2c6085589d3020a9975d7,false
ffcfa283f601599645f4bd4c8494ca00f11fe855,false
077600971f3a893d242dd46824dfe478c8dd9e7f,false
d2d7fdeb90fc5acabff579b72a9a1ac41335c9eb,false
f6f43badd4426a26f8f8b572698b0afa0d4a518f,false
5f62947691c0beb9da698b91bfc73ad304fe9d48,false
ccbe958063bf0f91df6fdf65e529f32b68e86abb,false
646dcecd7ed959a477a9407dabab5ea059d0c05a,false
e07d011bc6916adc27806f5d3f1bff5ea6d8b02f,false
716ba726fc2ff4138157bc0321ba17d0e7e3b10c,false
5726f1dc4e87a309ec188d6cb87d3745bdafe263,false
a42f18798e67a49eaaada25f9b02480c4c6c2255,false
264b4be966affb84f8ae05cfc2331d8bef68f639,false
635edd0fb90cbe960989f3ad1254fd089be9dec7,false
fbdb148540796c4cefe9190abb08954fa422925e,false
315e6d57bf5b42e3185b3c4b4c97761cdcc51f2e,false
fe7cc4f7822792c09a8effb20f0c6733300018da,true
c416b3892dc4389e722afd82163a111d6298a6c2,false
e577d2f5e95d08b2510d576f70d63a11514a4c11,false
b6d2790a137482289168c90b9c952c414d0ded12,false
e3531e9f2920cb55a3bbaaab850fa7e7d6503984,false
1c8451fea19e3474a8d3a898a60d601e6a6ed9c5,false
bf321ca044217848a77f15443571f804bc885fef,false
f22a42cd420566cc8f2852dbc25ba33ae799446e,false
81dc2bbbc3123a2817bd0291911296771ee4222d,false
b5fb62c984918e62dff772235cc97e52b4aa3e35,false
97e962ba0ac084d2fb596e25bb8e843942757a5d,false
e6a097a590233aa677a04511eb3d6b3025557297,true
9d532cb50704b4bdc671a857e9c5a0f8b0c9925d,false
74ced1e907c4838b79388c984099fe3fb69f0882,false
8beb10c2a3aca00ef4c5ee6117d0f2065bb2a748,false
4484263a60cd87b637ae5c42b61715b05960a577,false
169fd62da71707a2d7608716117da901ee754066,false
4b23523d7431f7c7966f83b1bf8d89dbfbbd2580,false
6bcd40f18a09c6a19372d2fbd95890b54ec2ac7d,false
98a61b8181fcbe6b1370777497a96ad378454ac9,false
88d453d6a959ea1d28987d3a58fddf442111849e,false
576fdd313d043b5789a3185ba38df34d6e052f0b,false
e5b000638bf8a0a2400a9e8241126c19ce339df8,false
2e62ad2658a32c096ed7b1d621b7d19e11933bdb,false
5f218b4a8b11ce231dc9e265d1e6deed4d54becd,false
6280d74f1c0b0a4bf6323dec499a4ddbb9338be1,true
29c38f3622c433318fd0b92b61c12e44d7c5f436,true
55dcf8e0623c1955637cdea1b963629a6dbdda54,false
1227046bcb572404bfd7052ce517a0b77b480e12,true
001ce9cd5219b7f136a0b9bd9a01d6e9a359d05b,false
3f1a8eebdc04b9c2b6a23d38e801651ad74e599e,false
afcae8cf31b24c38cffd99daa95fca65ed786d97,true
90a4809862018f98265bb953056b4cab650b75ce,false
4b4492f2a27eeb8acc2dea0d983c88e15f2a9ee0,false
eb82566785e63fc685563a2cac32e0159de024c8,false
4d5d1e02a5c9af29ae3113659dd9ba99c4badf4c,false
528621938df927be155217c9707e40fb4d53748d,false
178760622b46708ba71b376c3da40775a7b0936b,false
85f55358114e3ffe630d9f7dab6877a9f176cdad,false
d38e29fd5e69d29ee9ad17038bbe43c265e9dd0f,false
6ca523386a15c6a4d89c06eb6f9910053db9ec7c,false
c34e5476596afc2aa0b9662d78b0f54d4af47413,false
ce5baafc4a34092e36d1b79edaeb28a0a8f1a2f1,false
bba975a9911dfae60409e9a99c2a56a8daf9c510,false
b0cbc0f60d1cd5b86845f16d057a5abe1967da74,false
220f7589f59935868926c3c8bf49972408489df0,false
738994b6f6fee53d285eaa123ddd8c32ca71d498,false
15f871a6053e689007b933f6bc1da61e6210d35e,false
6e4b2bd6a8480bb5f7320b622156457d329ff247,false
edc50bbe598cbd999b9d8995a52b41894356c722,false
7f2e3695a6d1814120a6ce15c926ca902243dc38,true
1013e047b4237c810337fc9901d372aa4b772420,false
a365b82d42a577774e327ad3bf8a2ef3dbf6a00f,false
1965c0a0aa192bcac1c2688fe04105e8cb66c437,false
ff221fba961ca78a1079de9beaa4ac8ab681bfd9,false
cb80a0df1ee6cc913038cb24167b1d96cba3b1b5,true
a898413c8c7aa2c76db32915c978fa30a45f57e0,false
21313bffdac80a00153584136309e6010d26cf0f,false
f96a0b7da9e38e00f14923b539ab62ca3fbf6026,true
606b470cd04a84df1570d61b5fa70bb53e6a290f,false
6a994f320fad326de671ca63030f6625f9d7bf21,false
247339cfd525f3f1ab6fc39af33825e35bae6b53,false
740b9bbf7d7e433eb7683615ff315d079c920b17,false
cd9bd35a089e774379434c6bb9e296ca5529b4c4,false
ce136f9285d4d7eed58810085f5e2d2302145187,false
9e3fb8b93ce67a209376bfd78e7f4bb72e3013ed,false
753a269357a9343f77b32b1ac385acf09ba174ac,false
27894df45f04e514d024b763f8decd958e939749,false
ef26dabf32834968584379198613bce3313e7b7e,false
24799b394d64ddf85556c8f74830f3767a29d5ff,false
fa989e754b6ea6916e10eed156a619cca2998bcd,false
ceed5bdd1c80a60c40d155c37763f03030e6622f,false
2b9becf4d0d20e94ea5485c706ffd13185a3f197,false
1013ef9bc084f84d8136ab54ea4532688e05205c,false
09e9823b9d3a5d488f53b775af3994b1711a9b9a,false
84eab900004a7acf7542e808d872a093a1eb2139,false
b39e6c0d7e9bb11de626e6035760348f2365e609,false
00bf8a999f6362740afd22619bd7baa7bda46321,true
c4f1be4baa5a1e2acda9cc3d9b646c1f7f4c8941,false
7a7ad5c528a71a3b7b1bab0c4aa4d254bc9b6eb2,true
64986442bc4c0cbcab54e8eaf15ee311a6726af7,false
f1c29633fb76d7ef8f07ee42ca408e19b0a8aec9,false
d3f3d3ceb03121d358b63ed069e62a6a6d52b310,false
105d62380d47067597b041046759b14d4db87c8b,false
33ec789a447786c6b1b1a90dab7f04e3814dbd58,false
0229aefe09bc8b5a781766416f2d386f66919f28,false
c025b728a3a04751759484394e46cd10355c0b65,false
bf872a26ccb4e3748db2fbb50085ea12f9cf1107,false
22b575b17dd06f735d7c3b783aeba81cd887fac2,false
c72e01f75e49b8092ce0036d7dab5feafe4916fe,false
bc03a013884e74b7e585fcadfbb112e5e269ee30,false
f5cb227f0ec14f951b4c301e804c29a79f089908,false
70e9df74358e0e8360ba47d5575570f94501f189,false
d54d546ea37d21af72dbca179a6d70a1d35621fd,false
173d8797f6fbcbe196d2543cba806cfbf46f156f,false
7fbe8a064cc6432a869106c6bd6bdc2dd2c3c230,false
e525df791f485208ebf640895a1a69fede84b8c5,false
edcb725a188b349b33ad723836118bc8189f7b62,false
63785e51496e57cbcd27b945ba7f1332b0fb1d17,false
552940a8166a651ed583f8088258bf2c5df3a2aa,false
27dedf316b4a9ace23d8a9de20e690c3437d7892,true
b5ae37c5ccfa3f19b32fbc3a0a13721b4e8641b3,true
f47965d5f621833cb92cf527da09113143619600,false
785225fc28a70150f3a554f2c3daa45949d5a142,false
89d8ba93f2992c0b5a6281e09afe504a9c490ab3,false
0154cf09bbe655e4511a12b67c2870d945d478ca,false
fea495e319002dbef380560346e6e814a855ef3e,true
c1ca88ac9e10e22b12c220589fe74aa22cbf454e,false
422ec9b97a6c511050bf71c7e2a012a08f2c2214,false
2bbde9d9a9658669733a3fa14880c537130ad82a,true
6dec95b980368332abe7c98d3cfc71ed155c3664,false
e1ad4d663c62b4bfb189acba4261ab7444c25802,false
038a2679c71fed45db8bb0c244d7ab1c2e0bff64,false
c40eda3235d5662a4cc7c4a5ed5d2c6fe73d5f17,false
54a8cd09eab45fdc89b089c295aa6c78a9ebbaca,false
18290911a0e8a48ebb9dd532ed65db7111e7104c,true
3dff2ba4c76c62ffa117efce36ad0db1ac23abd7,false
70efdc1cb7989e13f24ba70ca7988a84a22c734d,false
87a58dbcae7d0029db82a25eb49fcd52818a4de1,false
951ba78cefd66907b7c7ccaa78bf4dfa445d5a09,false
377fe5f573e464ad045f0218e7d99587bdf520ba,false
839e4aa68247ddd1817f287e34a30728d5919884,false
3684fa33668a2d53109b756fa991069559a918b9,false
cfd83ad4dcdc16528c822e98eb753c25e6d7f49d,false
07d38340f3ae9197dc3aad80fd03275f6b217baa,false
e7f033201bb71591671f37595386ef6b50dea4d6,false
4c06b3611839f6eceb86ece07ee7ffda8f3d76c9,false
3218a9b77ea377b64c31c21661d46109411bb612,false
3338b91c846a1d565089cb00e9cda682dcc41c3c,false
e816913c61fd0f5d42fdda43ec89cb6629f26918,false
ea891001d9113682961dc2d0eca5af0558902f6c,true
18a145eef1a63cf312acdac7ba1b9ea503631ef3,false
983bd27ee07ae8ce4a40a08b7da6634276da84bb,false
e5c0a85b3bc04f94cc98b59d37f3feaab4cfc681,false
6699915132a2501f1a7d0f6c3791663e37b21ddb,false
6d5f7dc4a1803f3d5603b45aaa3765c7e70027c1,false
7bf0b059a6dfc099d2ef9a89543fd78f470a23a7,false
013558c8146db810a156eeb92a86ee499402f881,false
3bbaf585e5a7d9329aef5b962e1337ef65144417,false
38bf86c0fdba402c9ccd27bd14e6892b0228f7d5,false
a8b6195ce24c6438e45d7907475b6016e1f2efd5,false
24498ff97b681744ab644eec9530b0ade4350682,false
8f1848e32e8940213b825fea8dceecc57316eee8,false
183dae6e80f1204d166b32ccee1b603bb4c56187,false
0923c899818bdd1aeaa9c3cf27ffe3fdb226043d,false
e0c32337fd6cd42c65001dbe8cdaa128816b8675,false
3dfd141e0fed650b5eb2631b4345220355221b77,false
ea995cf801fb30519a0be29bb61e82dd3e182cb8,false
eb17851cb3b3e80e4b32dbee2d2137c36a8e6fd5,false
8a9453f476b6fa1444a5e1e62593d34c07e2eb15,false
bec24a35581a258a0cc9ae506091d184fd460fa6,false
168a23206d9b06766e5acf0bbde67c70e83ab76d,false
96f66eacd5c41ca08e3809ce7839b2b529cfe8dc,false
613b19799ab3019e698537c17d8bdaafe70564e1,false
078e9cbe535dc26b61161d6e6bf6716bf4858158,false
bee77f0cc3baaf491675e8620c9faac2e9e84ac9,false
23c9cf926cb78cc1997512067f0595b790ca2121,false
001f819616aa36616f1c5539b7925a2dcfe1624a,false
53820108fe40bc58fb2de674b4689c626426ef8e,false
7f86f2c1fb1b3d8ea2ce30e830327277a1576e49,false
d036d72ddaf61a7a33e7616405a65314e5b4fef7,false
eab6fcc8e636d7d22000d2f4d1da27e519f5081a,false
744727a58f93239e5fe6f051072847090c201256,false
9ed4d43f41f2ef311061fcb879d0742b51395fc7,false
c6a4264606c4548471032f7f1ae7f8f3f44abb52,false
2c0fb6d5a6fa53a77e53996701a3627ba282356d,true
0f2a1bfccd65e51cb6db93ec4f7b31f30d596970,false
b885d01c0c5d83b0163b0e8be41b22cbd1224bb9,false
77bfa5f4b852306b7177671fe4daa87ccd232bf7,false
f289259101dc2a0e4df46a13c87022f28704b6f4,false
7bf8c0226404d7646d72818991fc2bdabd626641,false
f3359a5760f7169ea354f77ccb09d131ae6b1227,false
4151660dab905c93bdc1281d40a4d4930123b7c0,false
139c8e190d178ade99c13b41cab8064cd56edd2f,false
f56355c9e83bd58446a652de4e0292406620e909,false
7f3dc484e8ec9da7db6f870fbb8e7651b4fceae0,false
33505f4df767eb5c8355a3bfbb68cca4c9d8417b,false
4d3065c7abb91ab5e5e97dfb2b7f92a7c0fe74bc,false
82ded21b9e5d5dacb1f1e86ac269b58ee1857f85,false
d618ae758bd43542e4b02cd8ea1475ca7a8d47c7,true
4657b8ab514bca96c4aa0f71edf62b6b3ff78cb8,false
d95f286e5853a1ac64d2a18f439c8c7cf512cd28,false
c242a4d08f90042c281400e90addea8530564836,false
ebce333d5b078f06d22211c0d3298bc14452ad65,false
d3bb808c5f760ac2398554909d1d42d9f19154be,false
3eb82ad647dc80524f910e2f958b864427cf64e8,false
ec782367c08d94e1482b72418690f2436ffe62a8,false
c2b5eaa4d2f85a27313613faff03e063b1890783,false
297b8df6a1949b4d5fde394175313b79763fc3d5,false
e5538cfe3520c7bed1d771133fd9735c2382ccf5,true
1787db106d0d10a99c5c7864563753d0b9a5bd19,false
c007458e1a019fa99804a5b7bdead59262c836d9,false
c25f765fc5c3bba02aa375ed04df67caa72af88f,true
de5645abd96f22c7375f80b82c417051a40f982c,true
6cdbde107f54b344ad1aa94d6ba65b08af45da13,false
25d03f239cbd3d12606165ff1ad8826f34ecf69f,false
e4f25c08e88e6cba9fa5f107d993bfebc833f95d,true
9c0d3b6db3341465ee08d124eb26fe5e4f0b5c6a,false
f1219120ea408d3972c4cf7d609ce5b74ad44bd4,false
7388958df754e7eecb24cc373f137b52c8b2fcb5,false
c7ca0ea2aaa7c47031d909d5017d16241899dd9c,false
36439d02b329e886cb25ee6ae6514af0ac0d4d0b,false
807ab2b27b8f7a4425d54797e5789e116f743344,false
053c52e0bd2c18fd4b65a168802269d52ae371fc,false
e5f4b5a17b7793361cbd1e268bb51fb3d6af418c,false
44890c2964a620c53ed184afd2c6db90612d2882,false
0fb845e81a7a942fda59469ebbb5cdb8928bb374,true
b8d7d9da29e7b19da6fee7f5e86207c6adf7ae35,true
1248a7722b456b3e5e11cde96aa47d4143d33af9,false
c989911526ff5474e43ba12e37263b5baa5be393,false
68b24f0a54d53fa4e877b615481efc312985d5a8,false
0cb303ed7f326a57501cdfcebae6a2a21d9c44ed,true
3983f327959c73677d6ec007fa0ac98b4f96f41c,false
05f166918f938c6dc1fb6cd945356a06f8c308a6,false
a5abb05761a739562c67820499b433c0d5a23700,false
ac500652acbe24323e4f2de6900b59f430b9edb7,false
86dd6bd59e2016ba42d6013fbff080d32f3750b1,false
fc608901369d80f3d7cb3691aca3b65f0fe3d491,false
8f456bcf6496aa039caf794c9624ce8531f03b17,false
373b4feeb1d6effbba53a2153284e7c8aa22943d,false
674a914afc71cfd2da2a62d68d85e95a23d5f52b,false
92190f8699febbb9671a4532c799ae951cc80d9b,false
4be4fb0082797d6f69c912e3486d0122c33c8f85,false
65ac28fae5a78233dece316e6bb26b3ba53b26ae,false
1f1705aaa69f9a69f95a26886a1d13640b4b2bb5,false
0d2fb3a8f0c3d1779ea8130ab40fd85046e2c231,true
70b13596e49d4409e552414c6a5bd981b2a3d2c6,false
593dcc3000ae358d1e362ed09b258b3815089ecb,false
c0a7bde95e32618d5f8e1db20f4347c200be1020,false
af8b05044666eec0a1d727989873fee26109f089,false
3960207502c2d509dd70c0270581fa969e39d8cb,false
9d2b1e7572715146db5c6b24753c8282347586e1,false
c61f36502edc046902c5cf66f765200703481131,false
1295882307bb8279c763ce4773779b30cf859b79,false
61f6e666b1e2218c3fb37373acddb0a555cf3509,true
7c0b8cab0b4e73760ea5424d84649ed874d32ad9,false
e1bcc2e64d5fdc48906d0f4550d2539fb5ac7bdd,false
643b30d31f530b1f826e230d73c750bd55f1f2a0,false
897690119efe2aebc331b1a58bc01517584601fb,false
5c7a20797eb33dd2195e4d137ac00a9bed1c5127,false
7487639e62315d8900346296dddebc78c7d26eb7,true
8b263baefaa1d8317e93107e682beaca1d41c339,false
37095f82e9f9304b01c490a83bd50ffc495729bd,false
19f58f5557f0deeae9f1cd26056ad23198fdcb0f,false
27fce55654a3e5e10419b06ab9fe785cf9777d73,false
228e4f6c952b60cc6611d124e0bb55fcdcc24087,false
ea0866159845694b4a8a93cb690ababe4830b146,false
1c71487e5dd840bdcd30d6d0f7d9807648625292,false
658f31933ca4273c8a5be5794518e1ff36808825,false
5aeee19699318a432b75eef180640c125aa0b225,false
06fc89c6c5868b875cdeb86434c8533d50ed10b8,false
ddf55005c373e90d86cdf5ea72dfb026bb2239eb,false
db60f0fd12f85ef2053af6c72b1337523e45a91c,false
6ca28386cdd6a183d9d4060820d363a590b524d7,false
fe1b2778ec8165d9582b91cd7bcc3dadbe222015,false
8f666ad01770364a59d9bfd675c0e9acfb73b6ed,false
5fdd7a15ca4ed0bd26e25ed5e9d03448a6e6bcda,false
446617e4e5c6de6c6094eb0520bde1c2d20c5bc4,false
ccdf8c4b26ba9206aa32916c20e799e39caa945b,false
d1d13799d1e291f5d8fe1a854bab3a3404562d72,false
98d8d8886db8816c86de3be0dcb2cc81d8709a82,false
2d4eeae26c16ea32f8a1c448871d5164e8361cc5,true
646c6fa069508dbbc20be0149055435fd90e594a,false
9097a32cc8e26daba3f4766cf83f384e29873d49,false
4098487b802cd1af443e8c8de2be90c18f24ecfd,true
03f8090886e03979f24c0272a6ff7b4f1bd5e877,false
7a4a4ba3d5e7d8580471ea8f16c4c6b00d43381a,false
f971583dc07a3fed26892316c6edaa76d581e7ea,true
a7256f5edde72b27afa5d2a6acf17e642eee489e,false
5d80f124caf4e35c1b168c18c05f6c6ef58bb66f,false
47322b7fcdb1be61d5c97f2cb1d6350b0cf6cc33,false
ad73f3d16768cd9c9e83b1054e5b74b41c9adb61,false
5689234fd2b9628c258a2c79c02800e70bfc134e,false
87d1a1c2a3358e9d2889ed8707f46c55e49be73c,false
6f2e663b72378f80b1a7be5c7fd8a5626ae57682,false
a5cc359813f6d8dd23c469c0d0aea358bc6de57b,false
c8925555d4fd01abed15a7edf6e5f6c6215e0f1b,true
0422205d84a32642fe038419d85ef2fb25a7f862,false
8245d2f1c44aaa9a2caaf032f2a2598dfea2d25a,false
481790bc91ec20d745b88eb820aa06956da1f691,true
7d3cb3d426f34bdcd1b3c17effd8dc76b10693ec,false
d3364b0387b344917b038e2d62a265c5038781bf,false
aa11d5681ff235c9d7069055a12386c19e9f1059,false
4cddbdacff09bfa2e6ca4031c9db68bf21cc86fb,false
6706b99828262e907f68e306e61c80163943ebae,false
ed910455b09ee34bbc2aeed386c2d13c83d4ac31,false
a4ebdc76225eca2a60562d30e2085efd39c4d422,false
4c7bc3b18c9df6bb62697868b8418870a6932b2d,false
94044847ee60b6f06abc5002be25dc1e17525308,false
44c517f1115d4da6e70f96aa388167f016bba3d4,false
07aead3ca41ed8ae392a11a368cf1b2d94a66b4a,false
3550045636dc501830c24be2e2d3231d5a3cb9e0,false
b4cb3e0a6faf6aa681c751fffaa8b3193f186467,false
11c5d11a2908fd3454d804b72df9c4709715fdcc,false
892c1fc707f714bcd179973d457cce876a69ce4b,false
fb9d876bff2e1fdaed88c9dba3910ebf90269c2a,false
0cd69c93520cfc9e46bcfeb716ab94271da31ad8,false
bee3d6a5a484e072d953d00ac2e051fec2bf1ff0,false
6ff48b7dae48642e2a6169c93da52909f2fb6656,false
43ed2cd7b3f504687c3f36d968c937f6f85184e6,false
b5412adba99284a4b21a07200848b7a1c3365c7c,false
bb1b4bc0d4e4ef88b4c9d2275a7b8f2a539c597e,false
513f2ad72ebbe585700b1b4a24372b2e76871dc0,false
a4e99b18e20f2366bfd6ac48bc0e3a41d3f06dbb,false
7023b818b78f8b6135f0904b49bb75438c69872a,false
32b3563126a76024e0072050b2f087f890dcf6ef,false
390939815afb501e09d53d2001af052b283f7afc,false
0223cea8ccfc6f6751702a217086ee76b82eeec9,false
7f0665783b7a95e69982a17f7472ae2bb1a7c414,true
badda1d40776f8439500a771a32ec5422f156a16,false
a00cb2237a7354921a979dbf254300245e858b34,false
35110927d6e703a4f7ac42745b77e234b13d2ff4,false
df5d9957f79d7022d38760253efb8fcd21296ca9,false
278ec2b289d55a6a640fcae170ba137cf65b8ce1,false
8942c4fad130980cd498567f01cbc1fee8ebb9dc,true
6cce3b7d6ff3e0ca550fd3818e03c1505cc3b8b1,false
8c5b647f52505b42ee1d677ec9effad4e8169998,false
ccbdfd0e4156fdae8a46fcded9ba21e37b09a472,false
c4a2b5fa8de08d26d137d49262a2f520ac21bedb,false
8ec2eaf39c6b16c85f5902da8ba631219140a1c0,false
e32b1a571a3f0e8f77bc35e20d4a01209f27bd52,false
abfc60ab3979eca84c507c9d705661b691bfdd89,false
9e53e671289ab07d4639f231024375345ae94b41,false
e289df8a03a0ee80fba1ba6502e886ec357cf8a3,false
f0a47869a5bdff7c9ee66e9acaf870c965bc9d09,false
9a65887789bb9b14e4adb5726a7c1673a206305b,false
260a6fb23b2dd5ce3846bbaa36e2dfa5897f889d,false
8a8cd9f0d2815fa7e036a6c80649198fabb5867b,false
4b99fae1dd68b5326083517a8e685fa48d006625,true
a2fe058865e96ec909549b4544a6e9e8dc0aa700,false
9f835441139b5eb52b46b0f90726ac80ef17f0db,false
8f5be6e7a8c1264eaaf0931b6f8d95b284502a0d,false
03a00782d689f55de224d524ce123440682f2bca,false
0cdbf71daf3e224d6bf0531b217912e5a81b5ca0,false
ded40851d3a17b029704ef468a920ab330b17e3c,false
d199b383e5dc5fdb3cc6dffd7f577684d2199b48,false
c87fde605c9e4a0a1af22a4b6048007660e5c191,false
6e74ba05872d757e6170934a25d8d5d12377929b,false
be189354da10acc3809796dd3eba8fc7032ce661,false
030e2f4dd3448f7d09449479c782b5a2f29701f4,false
0e62270f544a57337e7ab50c3518ca7fdb2de322,false
3941249dfeac199c42964ee7a8ef74c71d487720,false
f614044681d3c7053950736d740ac7cdcfb68069,false
4a5b3170167c493c797cd3011113750cd34534e2,false
e665a34810c243d2d9bdec34ae8b8969dc414f5d,false
628aacd7541fbcc561df62e3c666a7e9cf2db068,false
b8bd230061aa995d43a0f50afae9acf679318fe9,false
86641016878f17b641ebe1907d8a76df7ace34b2,true
a111ff0b0a39475e2c12f9d33fe29582ea77c93d,false
3f55216b2104e97ebfff71b51ed3e5c6b6479b64,false
0b8e7498e0326c4e6a6cd8e6838cdda311f694fa,false
4ff77fb37084e1fd2da2ac704cbc1e817a80f3df,false
6810e959f9d1e15b197e65c6b7d4a8cc7d09d0a1,false
e3977024f36a9846760571bd3e3f142a04980985,false
d80f431e211a940d67ea0c677279459a5ef0945f,false
9eec70729f3c7a86437d50a5386aa9c7017b8721,false
81fce674d29c7b47eb80528b1e5e7f5d7ed82770,false
801c8efbc186b29a56aab33253d0060c45142fda,false
58e68db38608e87492caa0bbcb725adc105125ec,false
f554ace51b96220aca92708f11b7232a0b0feb21,false
33ee7de457931bd1f3a4a24ebc364a8479c2d2d9,false
32ed197103fce0eb5ea0167fa73fadce15fa9574,false
e5b407cab41fdd555bba62fd89add6edba565478,false
7188d159a851c6e56cbddef06acc8b864a56cbe7,false
b552c1d1158a12786d8eef728eb57853efff34b2,false
0e64015cdf5aa22a2836830e11d6c4f0e3cedd31,false
2e2898e17ccdd40c3d24931531502d27297468a5,true
4965478cceecb6667c2a71a85d8acbc8bf8a73de,true
2e4e542205062e775037559b07101986500c194c,false
c5c0051f5ef80955d5eb4f9c15f61a2b04c7d9a1,true
d878f4ba2d86453687499730c9d640604bed4f47,false
3dba385213ffeeaeebb4f38c7530179b69a7024f,false
301301cafe0243971378840ebf987b72bb91376c,false
fc75e08061215d376f4f15056fa22191558ca734,false
8a1c99e22b115cf65276075f1689335c2ca499fe,false
782643ce33efceaa14db7dedce863d65eea2d9b8,false
d2f849ac0f7255d256528bfde09ba436a9c5580e,false
0065e52d849793e7d85cbc179b0c237f26b79ea2,true
7dcadaecf62d7a7ff48af3ef9703ccf9a18c2618,false
f7bc17fbe85b922b075d4b1a988ec8ec3a62ff9b,false
7b87ba41c74b70de990933f8a08e19e725becaae,false
ee97d7c2cd106a189440aa6b35d129647e04ac8b,false
7068f758b106de11b6814b7a9d14951140200b52,false
e4bb1c281ccb9bd5e029d04bf69fee3b5966b42f,false
c5e6eae555268cf8c69d0a0ef6dfbb6793ed35ce,false
8d131a52bdd58fd41961266aba2323409b3ffaff,false
e43349592d6a518ba3790c5bccfbb582f2ed2b3a,false
8a2388f5b6fdf5563f53d8fb54b794a20a4046c9,false
4c3207647f146ecd9cd6dd1f3f277eda2e1a9b8c,false
9436ce6f0e499d49aab9277a5d0f7e5e90dafde7,false
72bfd43e00840aa391cf4e4db667ba1e9abdedf1,false
22e1d905b6704193189153e14e6d49c86e8e9324,false
be18f55640b404a5c3ae57947fab091550ea14bb,false
9c280f99b1828e4970f173b6fafdb10ac39bcc14,false
1b3df82fb3df7958640fc389442e18d898f7aa85,false
5c1d9bd5c33f1a990ecfcfa60d2402a9bd54b2d7,false
dbb1f1649da4311cde10c83b7e651ac5444d7477,false
80b0e6297bdbe5dc0484f0ce916193c94773cd40,false
6987d4e55c6617640dcc1cb51d198a626eaf3ca6,true
cbe628b37c72fcaea9ae069359c3d8393d81be7e,false
b588c57526e040cdae83a29a850a4a6d7c8144e7,false
e19a431fabd61d1456ce943c55d1480d8f6564a8,false
8de36732cb9e70c2a30d7cc6c65203b957af10ff,false
e72f5c09a2d646bb5b75a6612476e15b38665805,false
414b2e4db1510b1977e87144cafcf79a860e3d34,false
5e2831b562655a44483f20ca4f77b5953aaeadf1,false
a9944b8ce0e38ea5f16fdfebd3bb52a39dc91fd1,false
a483beef28848080e7341bb00e6c311d7cef5791,false
8ddbf8815193eca7f3e595e9ace9b90a563b02c2,false
cdcd5c2a0ee1df98bda91e58074167f3993d29c2,false
f36c72cca0016d5e42828508c191b6a1673dfa04,false
8cdba74cab2c5fb4c31ba7efc70ff9183bfb87ef,false
8d675a4b8cb8637e7eaf4bb7a5441d1367b1ae7a,false
3b62a514247f5c2df13a111ad0d8b99b283aa478,false
f4d392eed97927dfae0c0eb847c98dde8fb8864e,false
1d134cdd3f841b83c537be814d518adeb4ba881b,false
5be04f45b2ca4f6b3f4edd67ec7babd692f54942,true
71c1b1af82340afe7ce97c8973a5b68dd7dad784,false
1c33727e201d3cc377b578da4c58d2ade89f7662,false
b54b1ea9e4cfd41d76e4369ca735ec61bb220361,false
1f80f583361ce119d3b2f0ac2beaf20c2befcc6d,true
9bcd5579ef5f5e610838f8eb64aca1362d97511e,false
961e5cc7c731d502b91b661f41c2cabd362ead39,false
3fc72711458c8a83f94238553569a9ffe4841ee9,false
633b30725a9a9e050c151d31edd54fc11bf1a5c1,false
e258eee5827b5d805c48385f2baafb0e2a40c071,false
399cde1291f7f3aad02f075aab1ba9e6b9b1124b,false
ae2c1071f1b6b90fbf797077d4f1d660920429f8,false
ce5bbe4bfa76afc9398d8b3339764fcd65c08643,false
89c942b0d9f9345ca4f99c782504d1da7dc03cc8,false
c89cb6a3f3ca8c5c82bad709586e534162679020,false
9faf7181c3ec14ca4507f4e4b1d52e9dfaf73af7,false
49e14387e7aa46a501e86a12a7786c67739ce1b7,false
6bddd5a8cb86ecc24291e055333c0035c9152e9d,false
84a0ace2eaa124b020f222ad0696eaea2e5e0374,false
dc5c0fa33bebcfe4ff83c7bbbb5a05abea7e0e32,false
dea217ac8c43686333552bbc2ce4d8c0f71b4b65,false
3d71012acdcccb6b382ced46e6b7cedf240039cb,false
dc955c5ebfd3446e3cfeac7a0801dc024c6e00f8,false
a7ec72f335f6a382c0c04be49566e98c1b9e831f,true
365bc1b51db8d1d42339d23ab16ef8f7d304c3da,false
aa204be45ef122f185a23d18792915459f34531a,false
2bf06eac77decc8add9d796f238a49852037f549,false
1d9bad352f72d964144eea72acaa9c1500d6419c,false
f0d4ebd2a1793d94e766f2f12c30786311db863b,false
70273fa791bcc2543c5115a950427b064d171c26,true
5038fa917c3a16d190594f65922d33c0a7a5fe4f,false
1d621bd14df7f3a3975f18fd2286d4179a204400,false
1586813398ee1951275bb098f4e1b4b56f819837,false
4a9b7150201a2730b0461b6ad1594e3cfcec5d70,false
e3a35f0aa0ceb822c76c63758c76c595f04f2e79,true
ac05ccb95e823193556bc176e8c804e4a52cd4de,false
68bd502ba767e8b0cea1cf072b4d1fa397f06773,false
7b9d562043fc5c580f7067aa6b6c3f22068c5a6d,false
218c4517ebf05fae6fe74bf9b011fbc14754f435,false
9e02502fd4ad0fc405adde8e905703399c2573da,false
3bb525349f18a9cce05168229e5cb837e4beab3a,false
ee1ee68de702d9312cc0654c31f2700c7b9acfd4,false
bec7a91cfc90a97ea606841b630b340edad6d7fd,false
d01787a38ca421195ca7c9ca876c310160478cce,false
f2fa263c0bc5beb307322e48e0e86f5cce10cbe7,false
f5b95f823036def23526071a1a8e971a1a50bed2,false
8d93cd8edf371748ac320033b8aec7a78e181362,false
476759e86166c6c7bcbf29d64ff3b0fcea2de672,false
fed4ec496f34c39dcbe20297edf744c7c00c707e,false
ecdbdbca63d75d8ba96e6caf0b9d961b8e9808b0,false
3cfde5d4a15e815d77ea9894edc67a3ab27991a4,true
f43125bb0444e3a2c0a94f2ae19a3a7b168c4b9b,false
06ce429c5ad4ced2625e473851dd586b8fecb01d,false
84c35440972735acfcf0fe822da60b98024c76fb,false
4140ef6315d143c320cb9f0288dd69c9893adbe3,false
f174ec6cd40ae6a7e166d0f8628a2f95cb45657d,false
82252dfcd6ebe55b3453a401de894263395778b7,false
8e67cc7cbb524e8e1b5b82061fd122612fcfa9aa,false
b81525cea495346b512ee49ea2402fc996da185d,false
9e4222a5cbc1021be021c30e0134c8f8c4e199c0,false
3daf62a48656e95c02ead4468707e2cb53e94922,false
bc2c0350d7a8f8fe378ce30129919e344c52be4c,false
0f1f418034bf473e7f98edf9b8a66236d6a72c93,false
72c6b5de72e169aa84767aac39d5be92c0085b3a,false
b254269d2f02d2e068abd96c79b12ed8c6a48f7b,false
3a3b0b738a024034041390e961c09141ab319275,false
1a4aae8f7d66d0e89b635e908123af79a40d0f36,false
2020dcb50ffcd99c7e24cae39e2ab7436d341848,false
d2ca67460ce305f61ba667e18b44b7ed9b7c94ae,false
e39cc0411046dcb3399f76cb76f91c511b608001,false
6a560c18ce14aab461d1bf719342ca4e4e3442e4,false
589e98a1db8a86c541d038eef6387e9ca4f32528,false
57d95d4bec888215cdefec0a83527b45b3477e0a,false
6f155ed3d2916a50063a93dd52ea48a2eccf73d2,false
85d971c9439cf8877a2a1a3651936d4ef9d05b37,false
f0195f3ed6676ebfa69104e84eb3285209c7a067,false
ca97d66dd71e59e668b99bfea0cb4b4d4a346ef2,false
f6d9b46622e2f8a8713d02ba5b51a5c01abff001,false
97aa98eb355765f187f6ab801752598ed7346f82,false
b48061b792ddbae3e314b9b9f94b79880b40cd72,false
21f706bf248d25f2704a77b0fefeade55d2af703,false
c375b0d5f46f1fee05f8445c0ae6309efe7a3e71,false
a76300f76cf15f8ffcafec30f98e9e54f276d319,false
a45d3d3bc73b7a3deaa0fba5ff8b64cf539c4408,false
57f06258d35db6e6d5630b81e6c7039d2a56e4ec,false
09202562c723fee1e63a14d0f91f358e720fa363,false
00d0284d5b173965cc605618e16cc413208a1c90,false
b381b02add1cd0713773501fd4637322e3b1c923,false
0950333434c6a18f3770aad2b02f342fef6d2bf6,false
f16d8019e5e9fb66e268cf0cc69e2ee2889815fb,false
a4d10f03d6077ee8a28b9fac112f4cc6ef47958e,false
f5408b36e3419691ae34a2ad145d013c1dfead80,false
1b543d55a5e01bf3d03a6cabfa196d1e8abb20d0,false
a3a474964c40b9128d0796b7ec6346d67da33a9a,false
beae72f6bab1b8b3c6e46254a908d16699b7792f,false
c1d586a2110d2f9065ae04c6f2937ecd6353ac33,false
79bbd5e29d42f940537120363762d9088c8803a3,false
08290e6b87f6aeb2b262feff0ccc79b4f0e29fb1,true
545b68ad9a07fe16e19045095f8e58e7b0df656c,false
3f6585fccc3806112536acaac26f2087b8f598d3,false
b5856a14673e2f844d6f5bcc08bfff8b2a83d022,false
6a870e582003190c8cd6aa77e1d036e4d773b229,false
f59005ad352234f7020f0ef3d0d7f45e67b8118e,true
9ce07db38a7a0bd14a42c37a4d887fc080033a11,false
9b10c116f35d135bc16b1b5510a68aadaa2c3da9,true
61a5cf307eba4b826f0178d95da0e947aff43ec2,false
9b4d1754711d0ec2557f7c7e28e9d690becfe6be,false
9312cb39361e08f17249b5cb179897a54a4d1880,false
783c010ab41cfe70cc0c29e07ac9329493688257,false
557984bb7549aeb3312da5cee34b43e728d85ba1,false
66d98c8d663f9a999cc53afbc26744feeaa84bff,false
4a3123242338578da52a4a14a6a65080e4a6f5d6,false
9fa2a84c35456c8d23cdb77c59cb8f1e09fa10d6,false
75add42a1b8b0517ac3744b7515f98e59bdd64f4,false
e51cf3e9c765d0109c20b1f844bf9e654df6c3ca,true
c0239b0a078d58e7392f24b1bb64a2e0dee608d9,false
b317aab22f907ec467a209bdbbd731b7c11929b7,false
6586460f3e04a5617288905567e1bd872a4d6c7c,false
dee559baee034e9ca383d81f47b2cc426e3e4f25,false
86007622f7d6c6d8e2f7c4dfd26b66ae14b7f382,false
45f63cbecf817876a3a2e7948b54e24952ef565e,false
36c626598097661bc68af7b54a9cec92029ffd5c,false
af21b0c32b925b2c4546e7b9b4c94a9e737aa69f,false
676fa422dbc4033e1f85d4183f68186e9e5372be,false
02a23c6ca61a8dbd49d71b20e089f36e5466b5d9,false
f7e95e1ff17bbf747aa72e245a3ae6db8d162035,false
997b49f7cabe9f4acd7eeba280848ecf27a05362,false
118367dc6b589f7c563669e1158156062b9efd5b,false
f46f817f9ed954ebec4d9ac034d377ad4e1983f5,false
274b7115d4d5ef286c656e1ba82ac7d9117f2543,false
87f30f08707d5df22ffa44d3a7d3a0398fd591e4,false
a0aeec6f2f8c4c195b6cdde2609214d9f473517a,false
eca3461decd17a3ccf85befbbf45eda9ad6093ef,false
5f283ebd094a083ab0db26e2f24429511776a3b7,false
19b7a7b3ec7390a285f6e7b26dac8df2aab839da,false
d20b83c8207677e4abfc86b0b64346b268021288,false
4598c5f1052be8fbe4bac874488e26b2ef124f38,false
886aa62d468e9eee499401817c10b953b7d94fc0,false
a86d6588f3162eb7790bbe8756ac9cf5db3aa995,false
0ed0bcc99f7fa7a4e36634a031ebbd4270a87e61,false
4416601a1dc7b6c22b307c27032f2c2b0f8ff223,false
c2ee453745fbc25c3ae1b727d14ec2ff8eaad947,false
dbdc69916a0284ee133d4e53809c4ca7be006f3b,true
11da64bee2605cbdf00164d7684dedb75111ec6c,false
b54227e938fa3aad329544ef69602470ce3b1b76,false
5d2bb892f3c002ca28d5394b3fcae4d2caa81975,false
849ea0e0f35d7a37d255c566bedfd3ee2b1a64db,true
3eff20ceb5b0eac0f466acefe16b3a0d6d4ed352,false
ec11eae699aed1c4692693645467a0366de95231,false
54b6770ade9bc710b721e381e05b5acfd4cb7a67,false
c70a8867c6e4ea3c3a11152fb251091cb9909018,false
f980a25b320b77d770be74ee9dfd9e3764a33cb4,false
a3a60075a085a8d94c357184cc27687516bd38c9,false
7ec9513f3fd04744280e004e5be913855b99c06e,false
e4733953d36e4659989356e64a8b9bae6f6258ea,false
23ce24bafbd0104f6c94ca1739078ca67cfdb810,false
879c48b0790c178f358a12de2ff537a5c64967b9,false
aeedc427ad02a658246401769a5f1f30bc6c18f6,false
6352b8a01abecd49e517362af7c5db2ced7e27e0,false
5f9aad90fc3a9b348e77d166e604e8ba35d86269,false
fdda03eb5365c4b5c2588c6687a53a978101f80e,false
a612e9bf66d12fe7da6febbaffa24b2c63cb6f82,false
3ef8cd692dc92529830ad5b45590ff4107766a50,false
7d380256afded13dae79ada5e451e898d476f9b1,false
898d0dc0d9cef6798ac30e6753f0bf5fdf01f04e,false
9735978b87a03f4afa9f8f1b01d08c6dffed4a9e,false
ec26e3a96ad755b16246f2f53c52a137dd74c66f,false
68320ebad86aba068880b824a44976aa3c02af85,false
305b1edc859487ed507ece3ca90abde9e1d90233,false
57a53db84e884773ba59b2a4ebb257289300ac39,true
a85544b3f6008390ded814817f7e91da46ae405e,false
c7fc964d9c37b2f0948ec784ffc368a2adba2b04,false
5bc70cbc99e5d4bd340addd5034be10d8727b11d,false
4dad0a8a7319414e0875d0da7c7682f750db46d3,true
ea154a83780d5acd7dc64c819d9baf5d1871506a,false
9c706e79fdc95662b93c2127aea29ce41f32e91a,false
f58211402a88fd76891921c2fbc70a8eb3751c15,false
0a44ef0dcafe1405689d77f08dd1494b4efd1158,false
400994237cbf9d89b218302891c8de4621a1b95e,false
015c854a92001da8ab44f5c436ddc8bb37aa9590,false
4146e69d6055587e74705ffcc44915f43e3d0b30,false
377736e987738618ce9598275061035c3f5cec4b,false
6966151bed8d2b9573910b3822cdee48f66eb37e,false
c396957d1591891b1e59aca19beea232acd14ca5,false
d09be1f89708dd17ba2c68e933062eb27a5ef4ec,false
4d676a09d315981f5636d19a3180173cd00ce008,false
2cc4a9fb2f160ad239f8882a463cec9689ad6f32,false
4b425973e0e953762788f0d05dc87b9fb09816bb,false
b573ec4969776376cb092cbd7eba4b895b88eddc,false
4491b7b909f365e22696eb4576d10c477d64ab59,false
b27a49c1b45053797618b13fedb569eb58e15223,false
296acf80bb17f35f92dd9ba5e52617f0103bb965,false
f96da3cb2901e97f3eb15434d39041f8cb1853ff,false
2ec824609733d586e19b9be7d4889cb887c17fac,false
1004ef5621eb70db72de1659180a7b9dbaa20384,false
9d6a7ef66a982e85e570455241a85f2c7050282b,false
214fb4909124da41aca8aea21862eb9727c826bb,false
40b05ffb3cc765ef44d5ef06b59a11fb6a326dd2,false
27b623105346822da0142e303ec1d1d22c289889,false
7c9b2172fd76db3b5fb7a11b1c5f50346de5bf71,false
da5a8796b8fc295951a6afb3b30168a937c4c79f,false
4a4989e2a5325e3284879f75f1b934f519c84cc6,false
56b61ad5a2089e44c634081212b58d26f9a7562b,true
51f22a15ed2fffb26187b10973ec4c245dd6a535,false
1975218f45f8acc4f62d2a0943d548a623f93092,false
7ade0f0adbb1997ea303ddec58ea3c88638bef06,true
a153f8ec771ba62e5c221969cdb8b8a9cabe4f0b,false
f83e96c448cfea6659e1733c8a6a6851bda3a5e1,true
9e155f14c0f667a43bdce96968c83b35c0a63754,false
3d3c0eb9ae4e590570f2ac709abcdcf6be4cae39,false
a09067c51dbe967dcc04f4b38da6a9e0ccce2fb0,false
218a6e58f17b3f1e8c6ea1daf49d1d40b30aaf4f,false
040319a95da87ca2c637ee9c88393460cc93c235,false
2777018d6aa1970241caebcddc71820a2666b58c,false
2e7d71b238fc86e9e8948fa0c15d19600b0a4639,false
566f60d49508d4ef2c4b95e77fbd67e72a3f035c,false
338f7343ba122be6bd40cbcf21e8449591eca765,false
2af24c945cc07d018cbe87780adb5c0f0f40d991,false
577c6f6bc9cf87fe9d85a700a2b0c1066b862e41,false
a81d45fe5d7c8bdbc75bcaae334fd468c9d5662d,true
9eaeab9cfe1ff9886644aa20502a0775eabdaced,false
6022353e572e5364672ed27c5912db8e16a1d570,false
25f3d8544eb02bac8aa036441d199a815312055a,false
b6a293a9ff27d25702dd794f792698b1f9da43b0,false
c3de49130a0d51e603932227ba99b118e9c47949,false
a79e254e4901fbae1cfeab673a2706a4c09ae8e7,false
04a495bc9995274609fe2f1ab4121356fb33e955,false
3078efdaac261f3f5dd0249da251891927747a69,false
9e0b675275d1d2b2d79c0e04ffb9ec301f66215a,true
4e71421c818439bb326f24dee97f835eb1d1975f,false
d9bee209400d3eaca56c8b611b52d63511d5f42b,false
f8a9cc9e60fa3cf76193a741f0dd4f08670af370,false
ce29e73879044b5092f3c80e8810603e9d558725,false
02174a2cff345ac3ee5c07267cbfeb477b51c95e,true
d0c73efac05a502a5f7e8ba12d17bc3afd0f6f89,false
898448b8a0312e4a80563c5ee9cdb7edbddd322b,false
4866955c76f47fe20e02ba452d1e48afbdb6fe98,false
f94090c41560360d99adac5ece524a8efb234372,false
8bde7285bffafe889dec9b8903cdb317f3bc6abf,false
c74ffd75598256b5def97cc05d6f59a5306b7e7d,false
580302898da3006abf110c9a070ccc987efd48d0,false
072576ec9d8c5e279ff22039cbd37545ce6a602b,false
765e63e7e952a90a9927c0bb9ce3ead1bb158912,false
a4fca18657f88671189e334e3ff262465b975329,false
67d3538fdb60d4c1b3a720dc04f327a294b85659,false
a6476862fdcce53c6a57b0642599174aa14420ab,false
a80a44cd0637f8fb84bfc7a2114ac311e11d7650,false
f0177981629a19700f3e06c39057020644292ed6,false
eeb65b4610553c42ebf3c215e0d32f4a8e76fd8c,false
170980db2fa358da7436681c5337f3957b2b6674,false
773af1da352841f0e1c2ac86de0afe8e883d81ab,true
fd8a18b72efbe80e9fb6a627f2d3bc3da3e66364,false
8ac8ecf8f6ac86a967c7f34db7d62c8be7312da1,false
6082addb86270585e4da396fb033c41e9ed3ee14,false
9014165148592fdc04d88cb083b763908767fc1a,false
98f11decb94abca4677ddd667a285e6d2ad325b3,false
a4f85c33c0377729bf5fc56456ee555878f5b7e2,false
30c05a6e76b9f221fe91426eca79393d1701d823,false
035b9149e02ecda0c09af04f5034bf64e468e9cb,false
3e0eaecc9b85dbc9f681df02da268833daac689c,false
37aa1d181513c3be5ff6f3885420735fac641324,false
bc798f33e9224918e04c1cee465ad40b7c62b0d9,false
8cfb7483165bf765ad17bf4d94f2e7efb04b3e11,true
1e218d1d5bf777a32dba89b49a09337670d7dbb2,false
758dcb5c3970bc4ba9508c52fb3b23592cc5892c,false
9aa7b699216f727fc4a2752bfaeb142a0551c66d,false
d2ee63cf69bf99cd5c2cb5e2b013a69ac33ff93d,false
52212748ca56635a224d6a886c9a67e59f61a2fd,false
d3e25cd5b158e39a5df25bbf2b2b6bba679bf88f,false
87ab14904991e89a5b007e50ef9f4a44f9df28fd,false
5f87c3bff38fb3feb738121a99c171fe4fe28546,false
80e71de72337f5977d6e3d72fdb543dbf7e3545b,false
40540b1846bc09e47704e38c7b4a9f3c6867479c,false
a66ba5310b3ca2a7e21b2679abb662b2a6778da5,false
2c2b1da836abb5c8c3ffca23ff31fba163af33aa,false
701ebc6a28e6cbd9ffe1c20617a2660e479503eb,false
acbd23fa64640f6a062f81b1f6ef76c970d918f0,false
97c2049669caf8da098b18036938d04bee64e07f,true
e2528875b2d35e8cf2123b00e46a8cbbd1216469,false
4213e9246ce684fb12e18778826033dde2fbe2cc,false
5a8760570c8a95500a725bb7b38ae026e36bbd75,false
5b0c61dad3445e70ff850330c57119e4602b8a01,false
9cd37189c2483c02c6f6ff8e5261cfd6da39dd52,false
3cf26ff9b6e3a2066cb72dc7a8f93ca244d3d83f,false
c6e58d3bffd2c9ade454d832d89ef7217d5e75b2,false
5272d8ca7fd4577086f9d6753d645c4691da0ae2,false
7f08df0d75555ee5da768e5eaa517f73d8a4e8db,true
0130f91830ebf70f88cac44062f4801cf035e724,false
f0c677b18b39d84013071bad95714b866b40e3c5,false
5dedc1e889dfd57bcc64786dced9016c9b0d8690,false
44e822ed86049ab30b20c9c6e47571eb76b80d51,false
88aa13d1a4312a61ba04911d5f32fe8b039b7917,false
2edb072e68703bb724edaace2bca2d220f9be75d,false
6e0b8f2cfd9719e6b50349f4f637700de2e5a892,false
3812c2cedab8b80f602443f862606284f948ef95,false
96f0c519f6b8bfa45a2d8ab2a0b708a29580c769,false
8115909099ab01922b89264187ce3695bf8bfd86,false
edc29d1a5abcdba09198db1f1a3aa3c94981dc88,false
8085468280c00934bdfa8120d993c412f3e0b255,false
c5ad30f49d1cb5fed6ca0a9ec8d79c5c2a81415f,false
f01ded3fa79bcff6160fb0fe96e37575f3825120,false
effbf836fd443626f738d60386dc4cd32a28456d,false
7596a0b773455e50504719d905423be34289a59d,false
339202e8791bb8a96140c900ac4c81528a7ca2d6,false
a325f0a50b06db032ba40fd0f9fe719990e65eec,false
058ef07e1625a129a9e3ae9699833b246270eb1b,false
89802329b33940e1a84167c377e3071715abd7ab,false
927e8bbd73b64163c95d3ed002e71db79e2c9a56,false
29d3ad8052ab5462dcf565d36c20d21d236c4c1d,false
a608e9f795c0a97681abb75b59504c1b887f2f7b,false
6a6c7e3b09aa1e832062b5941af05c38c2ce6d75,false
7fe16689d83f93b6d25f35afe461fdcd935f4cb6,false
abe8a0ca0f07c908a223241b98756ec72f9ec6a7,false
93ff5410065cefe5f341d8ef6eff6ec852cece42,false
c2445c379728d2cecab502578cd4be1fd1282193,false
1c837dcad11a7c07633678520c6d60b9557db4a5,false
71d65ed73a361ffbeea6fbd184031808d23e1b7b,false
a995fc09cb56757ab0b82f68d11a25b825769a0e,false
920d5d0190bddfbf1fbe56bcc241cbf1723d5d05,false
49ac4e3e69498857d1cb94a85d8cc93311b8650f,false
b19563f69d766c44dfeaf64ebac5d1d4d6ebff3e,false
36605849ea0343d6e8b8942cdf1d05b8aa5e4c30,false
0b3fee4ef1d709ff08df98d32bb99d5f57e8661d,false
75c80b5e240e45ce0e47b47739395a47a0ad1d1b,false
e6c46cab584ef9acb0fc782a8dc9379671313abe,false
4097dae3b224de97a575c361f4ae6cb6b419833a,false
76028ba1b4492a8de51786a0440913a4a6123963,false
287824564c66a3da9a977670a51f982de88ecaa8,false
4f9bce1686528182d624dd9b47fef353d809d5f3,false
f677373a54f29772e185b1ff93d55ca1a4e23ffa,false
9a6a57c8710d33d6fe1d5e233d3f6fec680eab3a,false
4241c7658f1641314126d20bd97fd88f3b5923b1,false
063197fd6953d1c96155580e6a89bfb6f43be823,false
23ee5b21ecfdf6b730e94daf0d9b5e3353ca3c22,false
b582614d7ad6217fd2f57fe1a4f9b3451f7b8f87,false
067756722d1809a04ef078586fd99d6d61511cbe,false
94a2681127e90c2070c890523428a0d55fc473dd,false
5c9274770b6cae937b4ec8a108c22fa76a963f27,false
9dfbfc5e32748bd20c628e6e24debb210882496b,false
a9cb0495a92bcd390f307a2cb45cbbdcd963405d,false
4255af345fd9783045f7dddff6de85e7c7a2f0fd,false
828d09c6e2c0edf9f1159fcc10a128919a510031,false
05397d071d0234dc93293319dea29a447cf153e3,false
53cda352659a74f37349ad8b469f3617dd6fe137,false
4d9db4ac8cc147b5e33a20e0b1f3587f1b38a7af,false
92458f4363a60aa60d5b6eadc0375092a94ebaf8,false
e9f2a49e9abaedbadc359e1245848391d7a9346c,false
d3a6d5483e6685d207e11a3ef449f7926687074f,true
f12d368da35c772b3c5e7bb5e0fcdf1423bf156e,true
dfad79759e86172948d2fb674499703776bcf5fa,false
88e4573543aeacac3c0cf1fcc63d60c78cd25f19,false
83fa2675a4ab0aebafa7771255509fab7291dc88,false
8e427681f04d135c70d3567021bfe77e8c44acb5,false
d42eeb3755168693097034bba6c56927382a8418,false
204cb8e886fc3c3a931d4e0123b82bbb696dec4b,false
c7be1388db9dc04ac7201530ab20e1db540c207e,false
f681ec24ff8f360be7caba4c2cfce0855cbd5cab,false
251a25589082cad1388c0f67d81d7e1cbd46e410,false
cf36f900b410e34b6bb9244edcdfad8fb034827b,false
e8c57a4f46bdb5c0f0d0571ca0783e39b8030fcc,false
11e3f458a812b88fa0c5f196c4c6b0fb91c2e8fb,false
ff0672fd657b3af2fefb7cf1d457017ac9d77f79,false
d6b7b1cfaa03e5f7952ff889dcfc01b55839c472,false
b0ad8b6a9b7f0a8216805ee0fca39cec12e876fa,false
430c01b597f92ce1ca1a08abecd86d8f44167c99,false
792cd21da7fdccbf7d0f8546e8e08570ce3850ec,false
058c12c3430087d911003eb59c1d9baaa2369230,false
4b6ace920b59de181d6b229315a5fa90cbb79d8b,false
1a6c068471726bf057b5958a9bcb43bdbc2d547e,false
202ed9db6afed2e96c837869b66079ea4bb4b13a,false
3046ec43915918df0b4755c60e8313e01a4e706b,false
7643d8194a55d529ad7c9b771f243d4f513b228d,false
d7b639420591bda896bd9b82ca0fa5b459528445,false
f589f387c2233c889c78e7157e06a4428c25c671,false
1e2a60a3907479046d8c90e07dc972fc9ec73d40,false
0ead4f8d9d19b938a7f959a70df41cafd9b5c966,true
9bf6a860bb74a09dde81a2c93249dd412e46b94b,false
7ff6667bdf9f0a44c3fc1993702b6369a1304f41,false
06adc9739aae8d1cde925656bea201079ad6d2ea,false
8ae2260ed1f23a174d373e71503063dd664725a0,false
32c0eee5b9e84ce2ba225bfac05e0aeb31390614,false
2481704d00f10f6b5675dd26f9effaad434ddbea,false
6e1e4769a9bf2177c15e3c509a2fdc19d9aed0be,false
c25486ec32ef0ae2c6eb131a972ac4ed532ee08a,false
625181ee3de5cf0d6c6ffad2b30f83c795e91f25,false
f95a30426d25fe5264b392ffa23f83496888633b,false
919ad108ba94314355586469932fd7400e34eef4,false
64edf25fbe957bf9229eb751fd5eb639dbd282d8,false
4fb0021b141811b35a5e9fdb0d7915f65e683f49,false
1f3c419e20c35aa89dc98045e258046b94c02f72,false
648656e002bb62edaa482a1bc01c107c7b718382,true
e1abef7b3e4dbbd6a8534afb611d0058d5443b84,false
26eda15d47d6244093cbde2fde25eee4d64cf42b,true
174d8d69ea98486f255fff1454550c6243a77604,false
8af9090fb0191d9bb9119081a599d1439655c220,false
d5fbdea37d2a58f00a3cb903135db4bbcc314743,true
315be3eab0c88efdc9e9d133d76518a9269b3f07,false
25f1d589694d6dfab6f7d347b2562bca4296bbd3,false
9c1739d562272955bc5b72588c9cf44cf8de0653,false
c0f5710c313b1cec7d8cb31882e1a0a46ba548c1,false
5470414e4865f153754b92f01f202ca6b25f651c,false
ac74ad30887b65ab0f39ad4b3b36754b2e1b7704,false
bf70f83359f3e9c0f85413ef9391b550cef171eb,false
3ad0d091f5e2912565301d4bca0e8ce274bcca44,true
1346f7ab70e63f2c61f0264c8672c15c4710fbe0,true
33cdc3dddadf040bf085c1c0df37bc2ad82ba668,false
d21793989487b75b3b3a8d1b203ef16d47f89b19,false
baed9dc6cc9975493277efa629da5ece05959fae,true
28083643817156d53bd580d5249710919101f1ea,false
d4f780607e2512680e49878a14de283d210e9f39,false
e51c1935587e1a3c21b30b90e68da4994a563864,false
9bcaaec7fd34236241d0736660d302ef1ae594a2,false
3569f89c403f817037c1abd79aef2083d4f88f1a,false
1897b9d442b47be65b06ea974b806b21e7956d96,false
1c33f38555e99dcd5162703e1b10dcaea567ed3f,false
ababada79a6c5679398cbe98ca1d2b8135be77b3,false
bf0d83585a0e209f98381f2ebe218dc4460eafd1,false
d1f833b9bca9663fa26170951be9b565c7f0588b,false
641c3f6bc3c99e2ae6431fa9f432507da59ada7d,false
6b6e2ed930ae054884bc63dadc97887b377e45b9,false
0c64d1bffc3be0783c873f533a927cb1640fed86,false
3b87d4de64292683ab1be5b03af653e82aea2ec3,false
63807aa9beb8f11668f8c836123dcc95315765ae,false
416a39b0030d8ad2d983cfe7f48d88240e421d4b,false
d1e3194fcecaed78102928d06ea802d4a260ab4c,true
3b1d38e1e614359f00bd5823b7707bb17adebecf,false
55f8e0efad639941ce309eff4991f447e2e64d0d,false
3f974902df692a6b24a3bc531f6d2e00c97b9186,false
6ee462247c638520af89cf5330b94b0c2d8f4bc8,false
212bd54b5581da3feee15f68afd3d4071cedb12c,false
3c34d23e8741d253b5a26b061b73da2d7b2f8138,false
8b71a3cafbcd12e75fa8d1e20a8b4419ad2af8c2,false
9f360587fff89aa583338ae1403c16c313b7fe93,false
24bb78bd16405c2a791c1a7967f12c7e59c78c99,false
a46227b2013f93135fef9ab8af5f3fe984cb7b79,false
89298ea4cbe7c5dac8870fb52b99ccc6ac1913d2,false
648fb0e46db7a91950b5d8f0cc2ed80601cb6eba,false
46c1a290be3501a2bedf3fd51e08e17321a56939,false
143ae1f93ed4df6a1dd3cc893127729b0d49dfd0,false
0644fab76e85fcf6927c867ce7684cf9ef994601,false
53c1557d2ae148ea7e417b1da2c50adb5707b452,false
1e58ef4efa4d47fe77c490cd9ddc359330a18f9d,false
37c5139629e1d97647dd6125d8743f64285493cc,false
fbb60df0197cbe8a00546b03e9bd172efd63b8ae,false
83e93b87a5b384909a36342953446cd2230abb2a,false
ebe4e522df8b9cd8fa65a26ca78bd5b1a97b4c02,false
d02a01ba66ebfad308aca5fbb24512f334df74b6,false
a0f9e3b3dd9288f2e0d70a13b33ead59c5ab4345,false
312c1a46ab37c95a38def256ad3f320b7572f2f8,false
ef1124de95d90f1697091ca6eddf9d8421841763,false
274b3315223f79cb92720fb3a4b7d288951997ff,false
1a1ff94bc5f8ba4304aca58a7b21f719b7306af0,false
70c7e6c224a906b8f4bcfd92cd9dac9cbdb8cee5,false
8daca56024b89001bb01ae568b112b1a76b15328,false
de5f3e61776e0dcf538409e03fd94b1ad61e3f47,false
124d7375c34dc9dfba0ac4e23efa0f1de059bc27,false
d1edd1f58be262549e55cdd1f56d63bb01e3a1ed,false
bbdf3db63e886578b30661df4f13de7899e5fe76,false
99aeedc598fead104d3a051d24e181f2a6f61919,false
90c53152bf118390f32f30abc90e47eeffe355f7,false
c45d3b843c90ba192ecf251db9bf1c1068e3fb77,true
e1926dbc57dd325807be8eb118cefbb1e505e448,false
625e613b07352dc574a5e12863ec31e1945b79ed,false
5962c9c561dbf32178a1ac315abc26339ea3c4fd,false
cdb9a820e98c900e1aac6c749037098149707f26,false
3145770f7c4a3ac691c164e32415cbdf8bfffa4a,false
e6e6303b9e2deb0067854200edf3a87c2ba9763b,false
7cb6d2388442e026f43415f75f4c8ea4c799bcc5,false
251ec1ed328047217793f6d816ff95e4efe83c74,false
c9ee5c3fb35741de845206701f65dc0af13d7ab9,false
e9d220e6f35478ea61b8571bb8e4746c365a5230,false
021405eb17cccbab6cb5e43ec3fd447339fd9e7d,false
e1f881774685fe5483b5663718c2d31f1a4f1b20,false
1480181fe10f7c56ae0fb3877c58018ff386396e,false
df7e9a1225ff0a53cc637105483fba84a1f840e9,false
3483f348dc2d641d05422a016873041d47c7c81b,false
1dcbfae314391cdd28548283b3ca9a498f4d8db7,false
d4698ae3860f3d70fd33aad3ab0f4d1f3d6834ba,false
d1b7824cc22ac7360e5c0c07b456df8f2d4c95d6,false
e3822992121f40c41e6239b67a1adf23f9dc3a63,true
bdc41edd34b807df1930b942e2cddea4edd5f5a2,false
ce7456ea66be89363e311345e86d21137719c9b6,false
3b8a8892bbd304c9c3c9a8f61b418cf00f33dfc3,false
38e2175699e6db0f14cdcc9f926ceeb815c679e3,false
5bb93e9e4a5c9bea209b4a806521b806ea83e2a1,false
aa83472393d2d0b8bc4a9eba13362d7ed53a92ec,false
b10f880b7fd630f89e40274440a5c7ff6126b861,false
a0040c5eda133616aa44e51d671c9bb4329192c0,false
7f69ebc5d9b8a776154293011259d42f95d7614b,false
b12a462f5e3643e2af7e95d44cad12d480b5dbfa,false
8f9f3844061783c86dc252c744d8d851c81de243,false
6ce74ff61b36dc0f0fa5ea0fac740bbbc5be5f2a,false
73f7e185f2274c72ed6681ba55b4214337f15e05,false
f18f389b037a1333574d63313506f0f56ec12f39,false
7fd1ad1dc662f71b744c7e20555ed0af0b85228a,false
f2012b73dee92bd8a2c44e523770f0c5419caa13,false
243fce84ce4e9f8d2aa8968c322e1c4f39e44b33,false
706b47c4997b60b16205f37689514011567a291b,false
a7a983bfed42634985176141b3a073350eb97267,false
5f7e725c299fbf9b0e83c4867608e3feccd88c13,false
7cc5c16ab97727211d68c34130710ef41e524dbb,false
b34a828b712c6ef879da8e61fe123bc5760d7f7a,false
c79e0ea670c5290d49450ccd97db03ac47ec20aa,false
44ccd454397926fe2aa3326a7a401525440b83ac,false
6a272bc8c6f6b79ed16c608466f45e973edad90d,false
28393e569c5b372245f8410612dab72b71745811,false
ef9478b68c495da23997f473202c63e73752a37a,false
d2f955a488b9bf82597ce6944f8ffbe39e240f22,false
987a648296547c9a7200b94aa446226355051eda,false
7bdbd89e4da363d41097a0419c0436fac94fbfd9,false
dd66664e42831e69760831d518956ece6e1f5668,false
7cf0dce0576f456c744b827b2093c93d902dd126,false
e489539df415e30e637c37dcd24f744ab9869c46,false
f06975df75229c8fd64f2f05a116f96dce730157,false
79bcb227bec2da31cb560d6c721b0748ba696a68,false
ff6d327183471edd749500df69b7b3edc81fa998,false
55dc735ba0c4ab11986c1396487692cde0114e64,false
ca1d525e281b66da8a430d515dfa6a2aaa5c197a,false
e8c789a4015f5363c6d3da5138767670ebc34e88,false
7c64992c73880be9b604c4c2882c4a6e7a9555b9,false
b644a9f4c9eedb60c9a391c6f3decd456ac20c3a,false
4110cae81482bd651f99e62f1b75f81366b71951,false
deb826794d298e3b96d7782cdf14c455023513ca,false
b8ffa732b255b4ab932508568b92d90bc75ca255,false
00c7c0f1afbf9ff9a8ca0d7bc70e6f9518663984,false
d7da7f6da41bb74b0b31ed3b12188bdf65ade75a,false
95111809bdde953fa7280c73769a05570d4bcf59,false
cb7ca611a9d78d497b37e86f3520bcd4ed043952,false
46a58b71416808139917437ff3ae97db58aa6662,false
8fa45e8c7606f57424f4244adfed1e93162fb2b5,false
b883f86933704a53f58e26b94694cb9ba8faaad5,false
0a34c5ba365dbae5c28a1ebe0ddf9b5700cd2f85,false
8f2a8835d7f09ad28806b2345de8d42ebe781fe6,false
15622c2f840b5c6efda259b6aa04e5fc733f05b6,false
392cd3a31a5fd80ce553accd1146a5c40ea60d95,false
b74b3dbcb382b82eaec2cea553c21af1a09a89ba,false
aca18a1d4af4220738c07006c317f41918c69712,false
db932fe3362d2ae7a636cbb6496824f9f4b9c5fb,false
a7fcfca354fb0cddb14582c336dca9f0e36b7475,false
8c5fc6410b17db90cb8d520819bdd77461745917,false
1e8b464c67482cf83ee9f1582ae2dcab291db94e,false
af5618ac3d4ae97feb12d99078a90b96f7690416,false
c56432ea091cb3ce255e97b5c8e606b0002ede85,false
0d0d048cd023aaba2daa93aaa332cc427e2f14c9,false
9859490f5fa1182110dd84a766a746f6d3e126fd,false
01d7ef0fd52e6241d0697319e390ed7e3fbf098c,false
0f6dfed83075dbab18109e9ddd01359995e29cbc,false
c50f16853bb5f94035ef8a858d53f7806e2e5307,false
da89fc1268c6709f5dc03e9714b2e31e57451f4e,true
06c2456f45ed54366790ab4afe8d89298d0ecd3e,false
0b52b87d926418a8017add6f528ae172beea4c45,false
e7b00dc4ee58bc9b4c6fc990fc1d224d2771505b,false
8bdc77501fcbb4053bf7742ac112b3a0551b44e0,false
38a47ca7d013af69a292d6d8c30bad3ae7d59f33,false
e378855093725dab22863b08ab6bb07773ffec68,false
24c5c2ce205ba67e1db1f4707573c056a00bd939,false
cf48c643e90ad84315f427beb4a0903a0e0a1d54,false
fb0715e3e20446b080812db6267234dd168a7638,false
4dd442a87cd803c66ff7d2f141d86d8145b35c59,false
77e7ba94881f2b9080f0000a3cb5f16477714fba,false
9ee60a8fd9648c3d8f483ea3e945235130d7c2b2,false
a090ded769461f108b43066fe35fc9365627b4b9,false
a2236ae6f994838d710aec945fe540909dc61c9d,false
0e3b37cca5f9c08109fb9b01b006e8345d78a4ed,false
c7ca9e7d090eca713a3e446ea212595deca837d5,false
6ca5cab66fbf687b882a20797b4aeb3d8a226a81,false
3df11e784993bdd844eb0fcab7d96ebf8eddd37d,false
fd1c364a149ae1cdb7d406a72aa2a2e605cae1a9,false
2a04e1adb46576f5152230fd6dd423d976c8873e,false
0630b371df3ff3307cab5ec3244232523c48367a,false
6d5777559f5b27fa2870ca5bfd9e46f200164f70,false
e2a44b19efb545ff56caf9e5a742914efb60d821,false
c6f2448d6352d33d89f7518c7cca00ed66281f82,false
efe33fc66e7b57a7ad047cf53e75dee4cf17a0b5,false
973b29bc7a7ba857deb5c15389e42b9cae2da38a,false
e1db339b88b7955175b3e80c51021ad981404002,false
d3f0d34e2b9ed4b0c92f5c152006bcc80f7930e0,false
9cd7c9402f6ab2c9b881dd6d30be89d2a6adc413,false
520145f641977dce2743e003c4dab0edcf4a1e40,false
00147c1bc492049c226cd9c212e5a213664556ba,false
3a485a03a6b43d96f0f6f5308f7ecaea35046324,false
21be4b82279d63c2ced1a19fe0cda655d27be4f9,false
368c264e3cac9e4b45a20246a07729b922224174,false
56105105b547516d026d8aff225413dfbf091531,false
b7f3154f4e1f7a8d77064af5fd2711d5492e0071,false
16b0c420a2e2d49b90d7595017372007b7c8cd15,false
33a7808e9e5d3bd1921ec744e8f2392f0cfe6686,false
661e348fcb45118b6f79386771681585c63c143f,false
7ce37147c013dacd934fe99d9e7672bdb5b1ccab,false
6daf72a54e0e427563ee03e592d5da9a51053fa3,false
39abee6279e139425bf8191671ed4fa162706a62,false
8332664af97eb4667a51fa40446a69f2913d1640,false
0e8724a48fd4b1d4af9f098e78526f566181b621,false
07239710ef7c83490d35c519988264cce3e1cd43,false
82fa3d7349c2946400378c358ea182467873a8db,false
32d5940be38142355e449177e1edc52867b28fd8,false
cf507dad6d7bfc9e30eb520da0c08a75d054b2bd,false
25ee92b5d843934b2b207bed986e4b9ca8e65b11,false
888bc158fe88725e30eb47109bc78dcb579a2bd5,false
8afc4f4d3d83562553727a881287ee7f7d1f415c,false
0564b207f200c194b5b5db88774178fa9f92dced,true
1be92968bfffeb7d03331c28fb7468c15a1e5817,false
65366318578560d075819da4ecb903da932ef790,false
82f51accbdeade98f99cf09a60bd6df9b1ba1e90,false
e5bafddd2fd4577e59143f76ef719866285539a5,false
730f108e13bc9a1baf3a1ab09505d18e97be87d4,false
8dd6797614df167b27b4b0c45b9f4b029ec55b57,false
8371cb838ccaf73b431af16df2d4f3f5acaf3b06,false
3903abd9ded4c8e39acd47bd37e62ebcbc4515d4,false
242a560f203e5d4ff69d1bc41f884274b4b9895c,false
29e4d8de051db497d85ba416da1e17e18b9a5289,false
77590dcd8ea1490e85bcc0eb3c9696e6f9c5408d,false
b0f6a498fd05a7652d09593b711fdad5e19052a8,false
650f1fdd52a5d451dcd722068430ded8aa186978,false
633dd887f4dfb449d51f7117b1a9fe7339a7a9ba,true
62eab98921ed0262d19600a18313976cb55048fb,false
c1207464d8308540f46a6c00fe64a7c62514eb09,false
0e9b75e5e94729ff8d7e535794d102cf6d9b1937,false
39ceda628ccc89b859cebc7faca147ac10b32572,true
bd480419610865adc8e2b57e00a0e236191e7d5e,false
30f6113b05c8562bdde7a2fd822af172cdc6ff15,false
8fd5ab2bec656e4f8fc186fd2aeaca20e9f96c8f,false
5bd2ccd2107c89a40d665b96deff4cd43c721bf2,false
5da48184f9df66f4597a4652fd1ed747dd4274e1,false
7352f9b4a66f3112eecfe981ab3fc28b6ba8a66a,false
e17cb52bf77a6135bee5bfa1f2bab8e43f4b2b0f,true
bf29d159f9ced73401af469fcb65befe5ab763ce,false
e2a673d914e4e072812230831b2b1b736b020644,false
5dfd96d26d87ff924a05312a46ae6fde25e27376,false
b452b0628d60ea6ce998f80fd8c56aa5bfcb9dbf,false
47a890253e41f3f654c5f5fb226a78363d72a0d9,false
2cc4e5fa9406884b83349855ec8cba139f2784a6,false
0ab0a8c2e6abf3c2c5c2a3f6b4c73acefa0ba433,false
464f6ba90ab2986ff660f4456cb2624cb7915359,false
0292887cb9a41294f527dd5d55fbd3263a0d99f0,false
4d0409c924286018de385b9d2e124e2d0f323480,false
b878e5acc1f27e7b208a6effdf8079878a31b776,false
2ae5aba7ff26d3e49277a006122d74b241d4f995,false
110bd9c0577e260cdfcd3b1a8175e34a564cdd82,false
9479e1e8b96b6a3c63749202171713419c30351c,false
56b10ea136d3c89e385f3e7d6c064ae2c87a8d65,false
bcdacc88d38df38c386a7872a69244fd0d2408f0,false
545a03618b6d00bf4431f973f537fe85ff12103d,false
0a779612f62f64c537e1540b83160cc152f7fa77,false
3cc8d83396bc74076dc7d21d9f740b37e94471c6,false
8e00f85f602566fdb29ebda1eefd222299d0181e,false
3488f95990e8afef5289a621c2e27deb3ebb0cd2,false
4fd32c8b5c5485335f5b1efb4b2cfb1add70a7fd,false
cf3f9603f701fa401e9b61f5268db77c61d416a3,false
ce791e8b9709f3ed029c42e1eca2fec699349d17,false
a68b1a12fd5bb8d9880a78fe27256e9d2558c6f0,false
c7478fc52b574275368ac0b52b2f397c24efba05,true
27b81ba898793a0d677725360dc7ec27c99a5b27,false
77259f368d4e7367413590ee9622ea69b6f17a8a,false
d2319b13faa6cdfa2a240c656311b84c5ac99306,false
89a44f176c5d89c039bf5d00e39bb8dccaae3c66,false
df5f450435ab49c4e36fcb679dafc61b41661f49,false
d143cc83a00ebe6d91a12561dfed8dce728c2d90,false
86fefa9a03d611d92c12a861c01938dfe4f37b58,false
57975898d5f3027417d26cfa8cf949df3b57053a,false
92f2f3274e69330de54810eab6c34fec8dcb0b2e,false
3ac179aead5e7bfb7d578768384932c81e2c2619,false
c93248ec10fa3d3dcb4adbc6a6922189a3e52cf3,false
77f998ee4b942954cababf1a1a20cabe52a2ef7c,false
2e84cdfc4b4aed43ceb5135b1e7494887743e401,false
3ba6e7bd0628b495edcd80bd573cd4d53afb06df,false
6dee3d526ec4abf269fe2a5048d45287e4540860,false
69cb852a9cec1ab78046942e5d0a6373a62d45fb,false
8ec16dca8d8ad7ec46d52baaa6d2a3e1d906f19f,false
bf52a78e8969693fb493f2396495876e1df6dde9,false
c645fe6766cfdbddf8feafdfa5ea6397e7b44acb,false
f72c6c3c802bc60366bd3aeaf817e71a5d137f31,false
dcceb0d49a002627c9ea84306476f181044aaa9e,false
844c47061b8d4e939ff84511bcd05ab7029f2c30,false
dd4300fce7882be6dc881859670f9cf5fe689386,false
b5ef99a8f8f2f2a8448783f572159f8916bef017,false
487b695a1006e15187af08073befe0fe4ffcf630,false
d6bcdc241edcd421b4c2e528b4ccbe886a5d8dd6,false
0daa89ae2566cddca4d6b5a400eebb3f0df5691a,false
dc9d9158d819c96344525e31d10fe4203e1ba7aa,true
d3ccad3aa7bebe9300907a19e2cb24698584da15,false
1a728e96cb9a1366e9ac77531ddd7c4976ac206a,false
c4b87a1d1360a59ec10dde895926860edfbebe43,false
28700cd6109a6298db6c0d524173fd318e4e4886,false
2967256766d0172a2d7c80a4f116abf066da0622,true
f83a8a221b6c56b0e3a23c7d24b65fbf26b77a45,false
1e0be188fecd0a11e4d35f03d07738ba23c20ce9,false
859b70098c0cc6dac176bb78d3eeb31239a30bf6,false
ded6d38223b87811c9bdb6685c5878e19da7ede0,false
471ed7caa7d74a4e9f1cd033564e1f38666dd107,false
729b69550e443ead55b9d4e6969670f78533e476,false
c5e4e862bd6b27b421a1a6920bd10fc6de9065be,false
b35026b30d26c86ec4095db04eb898958d65068b,false
401653ad4ad97a513df6c5b2617dbb39d13c8557,false
48d8b1274fe0e525dd3970f23da216f04b2f3397,false
b87ef869a0fef504e48a748ecfe78f5b4438d122,false
40a6b788a06c4782aff568ee6a5b6ea9a50a4b02,false
3fb799f1128635b6b0616764237d2b3878a462e5,false
668ed7c5f60430a9068efec6701d65ea9df9a070,false
1db5fba452480cde1b807f009f500a956526d711,false
b86a35bca185137493c03f51b30572a88640dd09,false
d14f0fe4859d8872eb718df00bb4fef0f8c496a3,false
d031dedad63704b5cc71c6194a905f3170197f17,false
8123c53916a610dbd15adfd1a03a3691df817da6,false
8f5bd5da01b67fc7d03c9a17f112bd50ba8732e2,true
3764e2b26c5f7761385696d2f3ff52af7a455125,false
b35c813ae60af390df4937fac7e989ccdd3bcefb,false
153fc7d6bf6c3fe350d341365d0c13acf5c74978,true
cc314d4838febcf0f744c0e913fe581ba590d708,false
3009f754fa713963e2694815a837b262474b6bcc,false
b0c13042a6b41e1e77c5f5e10358bf3d90aa3580,false
ff439f598d19758465011825980d57bbba3166a9,false
9c7872dbb7e8a9af8880cdf94f9759d50d5fcddc,false
a3317b855214e11220168ad989c1e39e6718b537,true
34da4989585e13f58e80d79ea94965d31c9d5b8b,false
36ab0cb45c487f5a2efe0aa9bddb39762dbbc9d4,false
42edf16f3fecbbcd9a20c6f5813112053591c141,false
c25adbbd9c4f556aba40e7379bb6658c54e72190,true
cc018a6dac1dcd8bfa7d93e21c08fa21e7a6015f,true
964f264c9d03dd60e00c7ae04aedd290e11ab67d,false
aa4e242a34cee4a65c5d705dcc6f6863ec450570,false
31b5abb9a1d9d61a439a1780d618106695da7285,false
e07be9780e9155add568a9e534da3c8c8e516b16,false
e9ce3892696803182ad62503b20d8c067d622740,false
ebc8d54f945065997d0ba03c13253ba590a1db1b,false
a259dee986f0a834bc981f41f781bdd4e2b31d75,false
8bcfb1802ebf27dfd9656724f2956d106b782ccb,false
8ca8fff387f3e99c1ed425ee75fc9f4709db60fd,false
658f61bd8f2d8a7606569f90c069aea156ba2423,false
bc7f3546c73631ff241dd4406b2317d1cc1b7a58,false
0fd7cf29b5be2150155924b2a4824bd9b591e4d3,false
5dc058ec99f7ed7fcd5506117859e047fe40910c,false
022f397cd9fd52e3d857ae139751d7253554a567,false
a694e247cd2c6b0d4e7731a00029f92c1f0b963d,false
906b054f4b7a2e38681fd03282996955406afd65,false
f2a2b2d2e2208c871d3fe89b2e4c59d2eefba18f,false
ce480a5191384a5ca04bb36a09b7164c40bd6d7f,false
c3e3a1353b2fa1c18e8759fc5673de8791ecf179,false
6c220567c86091248497d2faef51d15ae8a78c36,false
53ece5eda4292a20ba4add8fbc9c593b09f6d239,false
340bf40642ce27a715cdcf8aecf8033b7e87f2b6,false
85c11ca889b407bc629d0b3b026e427abcd7b396,false
13dc758747b51d7aff6819f9c82223333b3337e6,false
45f7c89efd247b00abb3b11f21e668fb092e6c60,false
128fde16c3a5044248ed2f36a59446ed6b7c043c,false
f98b0f87393338dcf477e364bad362f5bd7effd2,false
8278b5409e96c58e5590652595d8904ae7fb5eb9,false
63bb2dd79b3b0f68320cd1f6ae4fa5873191a544,true
53c0be6537ba567abd3df89c60bdc43abd65db5e,true
d4d5d6a570ad5326f84de27e1c55ba5729a52d54,false
2d7f80baaf8fb7bdbc85fb4836050ef867628c90,true
af3223d08641143dea474d05a6f0c5814c7f08fe,false
dbb40926805eb0757ad739e29e861d1ad3155ef7,true
7da94c90dcd6b4db34ae65a1fc65cfd5e3eaa3db,false
3106958f189e0cf1df4c96288665e1805f8a7fae,false
6a3bd9418fe37d8c099f1457c072072ae0c18307,false
6fe9cced3ee550f7f3a77143d2c3ee4adee376cd,false
5e61adb39600feefc96cce230ad47f7cbfc2c9eb,false
d00ade8ae0c1bbb6442ddd716f31d52936df48d2,false
03bbb2c0570d330e1afe25e4eda3a0b0d700820c,false
aaca6651c87398d475d6a5c1861eff8700c4e2ac,false
6f87fc115f4bd475a60cfed74388c74637da346d,true
5f62f91cd5ad2fa080091fbd4042a0194e61d21d,true
37b9999cfc0267acb98d08d00f5a18ed1ea5a1cd,false
c4721121eb28341acf1b1a784c29cbc171088e07,false
ee4e6ace2a2ea96c08adf5b8ce9829c3ddf171f2,false
2c6d71f04c768c6b8cff8b379bc006911dc8b9d9,false
301ab54fb4e1249c8bc593e16cb0efe18392e504,false
86e1fb85b616c134254181a1489ba7cd67fb8a89,false
5c2856e3e2784ba207bb3f683a9ea3fea4c66607,false
5359f4640a777cfee6c7311bf127fcd4f4b2f5b2,false
69acb9f6de5bffb06b6b47e2f0cdd01e1a7e4dc6,false
135ab66e55bb5804118358eedc0b7a976d339030,true
64e7a593ef3a65cd7eae28959b8bdca4b57623c1,false
e9f20b3401fa2b858bb5fbd7c3866af57ce1f7a3,false
f0345ddf894df5f6e358d1b642fa121c1922530b,false
ae89a8b76f4a91256c99d0913a9d4060ddbfbc6a,false
0b7a0ba99d60fcf33bc0ad64030cf83a2a5d6ce7,false
3a47fa2fe9050801a21a6db4a5d240798bb472d2,false
dea7dfcf284eee7fe3f9088d1ab166c3fb08d1c0,false
455daae25ce3b1e3b727506dcf81a89653c9ea97,false
cb87658827524fa615da821ec4bd158e4f70573b,false
bce09a3aa3fb3227a9e579e25328d2f20f9a7a8d,false
b005e3aeb0f34efc6ac70312fdd8fbcd4edea3b7,false
a3921008526c945b68c5e0a188df81a4ed6fe45d,false
09aef0411739ec343bb2080414a2e195538bbf1d,false
d55230933b8e0da7e76b13a3308c71a8353ce760,false
2cc257137561bc8814a253535f7bc744c431fafb,false
365c5da9426f9bb7ea1a735fb33cb038cfa23603,false
05c45da07a799da075a50257b66e0393aab7142a,false
9e0368b77c1a9c6f4e9f1dea419c1fc6cb136fe3,false
8a06ef09c0f74fe7eedd30b16b6a6187a77924d4,false
68887d427f8802c30f80efb13101393cb4fff14b,false
6af1896362b86fc4d6098757b360a3b7d4c6c3c0,false
98414cb7cbf7e9c42a15aba6eeed9a40a6693a87,false
9f0e24132a83400c2203f20c6c2fde076b6f698f,false
ad9daac1ab883dbb6f3a2e521e71874b2c740f32,false
c920f709ef29bece9c5345812fcfdbc5e2f92678,false
02846bcbdda0ec66a0fcdc9ccddf88b1e050f022,false
cc5f62587e897fe0c05991619519947394761557,false
e318f47fc6bc8a8714bafb17c83d839a8e6fb081,false
05d56fe1a2cb00954a42bed182cd2d2a99c59b05,false
215de62fa7845d663aca0e4ef65feda5f27f1503,false
961d7e88f4609f228d64c4311045598d873be3d0,false
28499d23a0675ad05a641668e64a21b3ab3f4953,false
9be5091c84ca5e7c5fe122d112f68329c139e82e,false
c584de9f7212925d1d7cb3b8435ce46dfa6b3120,false
c15684284400cddea8a9f2adb711b9ddc0116e26,false
f0fc53e0355e6d4e243df66cd7033db1d2e00413,false
3d3d390a9fd3331fe8a51ad2b9c27b659889f0d1,false
1e1c8cdd80a284df41810ec9b4840ffccb681a9e,false
369c1259fb64f3d4e14231e541ea496748bc3713,false
988f78274e92af3f89022a8bd2cc5314cd2173cb,true
df7d2721574c43ca008a981925d8c866313ec159,false
bba5aff4b60ac5bbe00d7ededce347c977c11945,false
2478a4a93b38dd19262a5cc8aace965b0fb357dc,false
e8745f753853b2ff6224f02a684b6412b895186e,false
f7b243e39097bccda89d8330e393fca433b35b9e,false
3aad8b6aa7ba8d1ecc5b97aae9d9ced842a7bdcb,false
db7fcf6c3873497274d8e4e66b0d86ab45bf79a4,false
9853f23d94a5c4a22fec6935080c431fa5bc6746,true
f48e3933f5804a675cb77d4f1b406d1ec4ae5749,false
65cf49f204cc6ad9b5d88353eb3e2001ccdc854a,false
1143b2539190bd7ba3c75f9154e2f2f95001ccdc,false
6aaf081489e2926e75ef013317149e8314da4e6c,false
ffe3eb1548d002bf9f9a039b7f3ca2bbe3eb3138,false
bfd61ef86787d62f0b851226b04af83e9dee3b26,true
25d43511f60d64305d10a6675e2dff7bf0425b48,false
f301314d97038b918440487fc37b3bc378bb6115,false
f76030f7f0514d88bf87caea3ee32bb31a3ede25,false
24d671c070d37b68e8388e38a4b4e31e54f7cc02,false
dd0e3b7c24b176dd7add2ef453b433255bebd47a,false
c17a5c489c9cc002c6ea61cf515fe5aac1b100d8,false
8f67c4b9cf742a64253afa34a1b15ac841a11b66,false
d6bf6f375e6c266f6620ce8f40a54f8b7cba9d2b,false
a28754dc5d1587612fc592c69d62edf96c2ac41a,false
76603812e3b15441244b22a06e19e80eb18df0e7,false
5d9bf64b964ae54b707085f3b67ce0396476f654,true
8fb12d21a2fd28b3b4a07d88aeb33bbaa214e558,true
eb7d779bc8846506b72daeab00565e8e90aa8665,false
b523b3835f94322622336a4ac641367cb2bb43d0,false
b47e152ca527c031d4bd4afd130dde04200d846c,false
2ffcfc4c5e1622df8f9fb5b7979c0acac81c9ce7,false
d4b1048363ea1c41236fde4ddd8da9b385b75f60,false
533515817fb6a21b2cb51e4076889703a15e273d,false
4eae10800dce1292c34cdf04bc9daf0e4ce03fd9,false
bd5299b2f25c96fa0ee9ea2636bf2b1c95cde04a,false
54471e271403f7a9030106ea82e4329b7d751fa9,false
e106e2580001126a0ae68bdd9f161f056919a680,false
c90d5ed43b7380405941da01193f8c1c0154cb20,false
cf0e8e1b26f3eb961e0e2564b85c8a37b630ac52,false
6aa7c19344ec8036a0b2fab4c531d32d3f6c940d,false
851465a89da4af63af4a4aabee50ee08c8cc9dad,false
ca0d95b066539673a8bb5966d0a5178a5bf49179,false
2009540f8b4f4b825d9af0779e2ab5b1944110bc,false
3a9e5d398e6a17344fa6ccd42859ec14fda04d77,false
ad2cf933c22f29d8c4008b489917b874dc200e61,false
0b717d40ffabc44191f692c5366e750438ded872,false
f2512bc6cc39c2895c954e983bd0b7868e1c8d2b,false
02e71062625536697331ae3546681c9efa585479,false
7df3d852432189321cae6497ce376b19afb80e20,false
16b4d152927add96013db276377c9e61d08acebf,false
2a29ecc2a2db9c77b4844ce1e72f5dc3730a0ca7,false
50729c9105276ec07359cc3cdfcc1bbbc105b62f,false
37315eb74335175e121d444b773570229584add5,false
ab0410422c9b7e3f8c91486cfdda29bac365a85e,false
7c3f68594621c5077c73e6c46bbeaf4fc090c075,false
cdcbe1311a2d0becb6a9a436e981d6a8c771031f,false
43682aa7f49ef4f6f0cbefeb759ed69b56576b09,false
1912453f4e8d709065673e5819a6d47a114e2ba6,true
e386bf5bd80b14bd8ff1846065ab2a5b3c042978,false
d03cea24430fafdb3dc64d3cdf0084c6b01184df,false
955c3d9aeb3cb28e3ad871598056993228c6a96c,true
daaf231d39c3cd7b7a73ed5133ea44829bf2d473,false
ce2f98f6804ab65fc52c2274a3da974798921e85,false
36e46097e3bd50111873b76772d3bd8ca74b0fb2,false
36787c37fb6372dd7b7fbda92dea4facd16698a9,false
76d8afe856621d7ef0d4fd63fd650a9a7e84e13b,false
c0afb9aeeefa578b675b216c67005d2532220dca,false
9ea06ebf358c3b1eff9fe015e7dc0e043762c7c8,false
b14810271640a76f6d35735bc53a42d270cfb3bd,false
8b9139bc4c12ff9766f8dd5539221116c8c618f1,true
d6f49f5c0813a9136e7430279d66081ae68f0d01,false
736f788eea015ecc6b11e08efc8aeb69756b9d97,false
594ce301227e32673de47c62ddb9937cb5ec67fd,false
ce80278ab7aa96ae0fd528dbf4046b3a4633ddbd,false
44921c29d65da09cba192225c0d48b25fb986469,false
f134c4bf37b6a59994d98079433a821351ef3484,false
90945bcc306c40baa0498729ece24ba1145778f7,false
62433c22380de175c1a0bc439f706ff339d94990,false
22a879e65554d0c6af9883573ad8a1e40c74acb3,false
b9c40648d077c99799d7fa35b7820dce3ec7989d,false
be395611cac7df1e8052169ea63abb231c299152,false
f53aa8d55efb71ee608ddb7c51401d18868cea7c,false
bbacdb97040c40eb8587bd27ec64519daeed823c,false
7bb69e50c5fb14f076e29a9e14de44795531c9f9,false
ecf1721755de276340c4b3130014dc6dc32d72d1,false
05ed4fd849d7d3d3ccd7299e6ec2555462e7b00b,true
ec6157b6ac1ee76c3f5f27ab3c26877fcf640957,false
8b819a27e7dc59e042417df41cabd04be79105c6,false
1be0ad885c44866c5ea8a937610c18c0bed9eb30,false
cbe216ced2e5b640398b4b5ffe79f2f6bbe78c9f,false
3cd0b4d5e5556ed811107ee4cabb3ce9f734418a,false
fc0a9160b2f03ce003928e2721175f9df92b5167,false
429bc8e6d2d5b3ac8c10d35870320ef8ae40153e,true
9283cd263fe2faf8d7dc25ac5bf50f7f135ec579,true
e8ff4081a90719b796fa92c0ecbe9588045b9c60,false
fec806ef8b59d6d42c7f0f5f8a863333979e6d62,true
adafab60c475be86320eca0e217e9376df7cf33d,false
08a6a333adb650fe7104d97a18157c880a41436b,false
28d3af0ee93cda3a309ba26a8c8020100e0f7071,false
f83f8f92a306a48bc9e98b0531bea8907535f716,true
dbdd2b449160d0c5b51e767247e48040d59cf721,false
6bd50421bc1c4da47ed0c153de91e8932ac663b9,false
499237ac571fbb3db26dcb4e6179c4fc2f198af5,true
f2846fc9143923f02fd2309f3901f9b9bb8efa74,false
3098048fdbeaa1d140289953b1eaae459d557893,false
6e1231233ed27df6fe70dfce813bc1877ed29fee,false
6ed7e00b00af7e1f777ac5a115448b1fefd74cf0,false
3e7ea75b6f83e101f6509dbd9065a13292cc9786,false
560bec1e835e15e0adec3d456d12a79a68d90e2d,false
8a045aedd030f432f22e2473912e2b029e121429,false
0545375ebac3323ead21a2d7638eb08923334bb1,false
d09fc7ee057dd0580d2aad72fa6acd08780eefd5,false
e9610636e4819693da4cf2816a087c409073d270,false
d01f1f76049e00f54f7337c7b5ba3b596fb7dee1,false
36378f6b103abf9a08ad043de68e660299e15c60,false
b21042bda9c0a37cba0a3a9f14d21dd3d646e46e,false
b2df127dc47500864dd64a15e60c0ab2f98769ec,false
519a85af8530ed8b05f6f1ef226b3d6504ff3a8c,false
fa9400ebc594d78f06544d6a2ca55bd23b899ba6,false
ad06f265a5c7a338047ffbb7e45ed8b5e5b05acd,true
fe760d706638f08da1454853d5fede65fd3bac2f,false
7b602300d851282cfd22eaf3ec1e00feef80256c,false
2998b56982059b4745afb0b6308278d602be1f39,false
acf0baf0484dda28f217a870791bae89b6f84f20,false
d663bf4db589387fa636a72753bb9aa348b143c2,false
f1c46b803091a17ecab6f1ed06fe94f5f6e87b05,true
2ff1026cfd8c0fc92af87b06b714879765a60015,true
91155d6c67d7fde96d687ce3411795aa56f0822c,false
e7825fae6612214ba79051dd6073abb51548d15f,true
f749236500062f9c1998dd4734387c0d26ce14db,false
5b452bf074551d83461ded23c8e8371847a6c155,false
fa9134328a4b9665f10848313f1889059b09b1a3,false
7880aab386aec6dff78f5218799953698da40b38,true
73b98d298b9232ac0d54498f78b0e8adb29d5250,false
0c52d209e526bbaeca3464b5e952c95522bce6f5,true
db7d49801d93da8e3864bd6c6d54b2c7c8133d7b,false
4a34369ba93c7ff36d93da3c79d34de84ce841f2,false
bac1998d6a17f4f9953bc4a976ab76b4534dbe70,false
bf4659f11c742551945d4c78f0122c0854e277c5,false
1ded33ecea1df2ac0da9c3ef35e9c95c45fb4891,false
3a7d71e4119f7577e2646d2626d30ff394c90e64,false
904f16c8b55eb287c0bcbc4c004b08c0c246b574,false
0561c7754e050cc2398144deb69f35159cb66ebe,false
b8df0bac246209dfda21b74cef501507dcb5e312,false
1911c11623b7c45de9d107fd4a5ee8518b94e1e1,false
b7efc5dd25138ae55cd2c82ff506adccec7bd6be,false
9eac9621cbc483af154af20d4d2e5ebf57d558e4,false
dfeed63c40ac53691a4fa5ed0b59241a35676d4b,false
6990d6058f3d95924119a907fd525f4b5b64ac44,false
580a3b6981a5c6f3adbb66ce19db104b5610f904,false
3d88ba4e1b6e51b17f78ac3da4df15cf69d628e3,true
0fcf26def0b4110da04a34130cadd0bd38d5679e,false
ec22d4d1a04b9ca90909ac156c98a5db0a5d46aa,false
9db4d1a0824f4f400b60d017243a73d39a83de63,false
9b47a6cfee0dbf4bdf77704598070b33afde7e12,false
4f988d42c706394f42a810b0db89b7885244f0cb,false
7ca0e9387cf10e1ea652866352ce2154aaaebebf,false
295251ee784e158b429a7e6887179d3f9de7bae8,false
ca3ae9b0e4e6e2a39cf7fe28f3d409dfebc053c4,false
d8066ca752ec662249a344a2cc13199029121836,false
5d58be6f0aa5355b4dc6cd62783fb915eb3f2df5,false
210de9340e7688db4129ac4439c5df8de35ab238,true
cd13f6c5d3e38e1af49885e81ca6b210c6837485,false
e920e4d201cc17fc9285c5c58bde702d1cebf219,false
aa0dcea537a03bbcda49d3a9de8d09e76cd40b9b,false
c361c9e6010ee976dc0808a99264e94b6e6dac8a,false
19bc1c9c9c5cd371704127a871bc2aab11dba2b9,false
01e2d24658c36268dbf4de882b63070b4caa2870,false
c5aa0125abd7580dbea810374d91a99d3228926e,false
e2dfb6488dc2e41e5442739aadc974f34b73ce6a,false
40a4c3101c06cca274f6bbbaeaafb5748f4dffb4,false
04f429c4d6b5ef048f33f79fd081ede4ddf976d2,false
7f3dbfb62f738a18043834c1fa0f1201195939c0,false
8087f5bbca8abfeb0aab3e9cfe94527e6d17ea4a,false
832e1ce047fd224d7996642890f0d61d332aeb27,false
b7353ef338756b022234999b733ce8eb7fc0fe49,false
f62fd828036721ac3403cb65f7e7a7361434a26e,false
5e596bb3892fa02f853414ba249c252a3c7baed8,false
a0f4013d5378833de1faa897cae62cd82bb2ddfb,false
fb335b7d89a6c0a9e2ccf86ced62e30e448bc59e,false
5fe929b027916fd5f469eadfc7945c0b06566963,true
579a3d0ac1993d517731b5d27075bf817cc9ad11,false
3947ac6ef716f54db1d8ee10b2be5f30a70ca188,false
ca2edb6a1700791e3aa91c2cbba86410a0f4c5e8,true
0f174d9ce0f90beec7a30b26d6bb42f464908a0a,false
259d2e2cdc83755642c3f867fe28ad082e2f2d66,false
c73d154084f678e02d6765d21c4972e48194ecc1,true
54f1357d832cf9c07d14fb23802082c39bb96593,true
d87f119b363714f72bbb88df88de9a0d32aecab5,false
bd443633f6baa5dc249215c9725d13f1a102a9b1,false
26fb5388a45530cf9dd7505673af366dcc135799,false
2b794347e63b8559a8d9ba0cc41f9c9d4a233bd3,false
c23d4f3ba542e62d6f2172c9292708e4f290adb1,false
6a96b1a9cda862abbe41d390cfae3d98380090d4,false
ed64dd3548650e8287e621fa161aa3ee024e7bbb,false
472503541b61d921954e9682ee399e11979ddf54,false
b42ded9451552bffb35fd7581a05218b37dfd1e2,false
b1241b98b283d493a54a2c89e4b2f168c03fa88f,false
5a1f3d037664c91a1a1f36caf9906410928793b5,false
da65a38782c97d58dd10634b799c5c2281f55f6d,false
d27fe8ead56f02673cd871c375329b3705f79d69,false
b324fb98d371226d1bc5895a72d3848eb6e39970,false
0f415f78a6854fc3faa4d0912c975aee22308b45,false
2995bb03fd6133981fbbbc3c44ba2e2b67629434,false
f0765dc893641999cb79e286dfd5047bffd73eff,false
fdac686250e5cd60d78ad267604bdae1324e9542,false
40b14fb695cb26150a2b627848f8c0e5f88080a2,false
b4dfec5fd580dbe3170bdfad58fc1736327039d9,false
b5d3186e6779cd8710cb13b0d1318d320738fc10,false
1c6272888671fdcc67308513dd3e2df10654a535,false
d3fd826dc1c6bff3448f51b6844e5033373ae708,false
484173b65989dc352837a92619f267427201ff78,false
f62473542f468ea64415864cf2f77e450b8f9a17,true
cf1448bca8d296093980db93beec1a8299e3c621,false
4be70c85098e4b885e6b308c10c1f345af26ea19,false
0e04f6ca5b783450e178eb900408614253628683,false
21f2f38ad111927d335f35acaaf08216fe2c37ab,false
26e2a51180fdd8649ea75c59136cd7e6d27fa91a,false
47178d4fb5e54e55fb6fb030f9903634c0768a04,false
4f37c65af53144f12df49a08c0dd26b3fa32602c,false
31841ccc553b1228c9e0acee0c170ded7f63c504,true
2f600e3e69705087ac760e53d13c517ef0813297,false
19395def5bf32c6dfb96baebc2a4da3ff275d3de,false
69a1d04c18bf873092e71029fa8148d4b22747c1,false
d43564172ffdabe9900582ea57276028adf4dbde,false
57113b47462fbd88b1153bea373a4e46654ea8f1,false
382c8014de5d07bfb8610d8c8413b17c2e0bb305,true
df8ce38796cbe20c39f86d5629322bbd343a46a2,false
2c243a7d5f1aae8ecb0453bdd174eb4a32f78dcf,false
ec09226baae55fbdf2460cbed12d2b16b8dc8f24,false
e7db9b3c1a47991a192f0f98a3b2ac326dc97402,false
e9ad1b6f7260aa330039cff9b78fad1f3993d69f,false
11ec4d64f2b0464f1f85f0170862cc4b5962a0ff,false
c9d4ffb2336725905fa7324834c993911a67b81c,false
75659671db0b3441920eb68ffd3b2547544a171b,false
071800ae501cbb346e0b86b5d4ec222b12542e6c,false
a65a3fd8b7ce5df50ae866c4d7811f8f38ac1dc5,false
2e5466f32fb7a9e24c4c9fb210148401f846d536,false
6e26dacdffb413fb548acb653e7e138251be72b2,false
db5311075ddee2ca3d48d2184be25ec8223c60a3,false
fba6804d3b2483418bc51a133b0073aaaf267808,false
74b2de5c3566b7e965028eec1b76be8be00d2429,false
5c5b6b20ce42df25bb5f0322826682cab6eb49c8,false
07ff6279bb871be12d1120c8f57c80ed77c8d694,false
d065ff63fcd19cc968640da409a5821821a4761e,false
1961a5759deab7e6d0c410e2d5badbe216cdd67c,false
a1da32bfde83dcf3fc661fd954c52ed90baafaab,false
7f62b7a89c660a1fc8d6e6acd2d953abbb981ee6,false
391929b51845280eb0521b932df32238f67c6265,false
47eeb8c4e485f222325d336878b94066bcc78742,false
333170a7243f27a1ab272ef9442c1fcb8bd3d2a7,false
806f3b2456ce0f09feab847d257452b3c8dc46c6,false
c24a61f81322ad1557b5e55a4fcbb708c4d18e67,false
5578464e06e62b92003ba7e6dba847cc39537005,true
a3319e002665a2d3c5c061a8d7e3d6f1a403807c,false
fac5987c1399d51dfa912a77f7fb073c53fd8633,false
d17ec1fcb11aaad9550e3de03889948413d0a3d4,false
0964fdf1dc6fff3ffee5ce8acc3788dab8cd8a2f,false
7806cc7edbe5744bed0e996105a0a14482e6ae29,false
caa0cd9d61006f91a8e7c36b34fd4737ed301aeb,false
ca756e14e6bc51d60d4f0d133ffb8914566cbbed,false
987f390ff7097f59afdeb4d75347681209a02b76,false
4cb88ab6e7d98eba062bc516b84090ba2c928dd7,false
e4d057112522c6ff3adee71871f8a9b87a3ac486,false
58618a274e7ab04e3aa45fb1e29ff9ed25677408,false
ba1915e2711dc6215cc0fbd122c286bf09ffe108,false
e1db357fc386c2579b685c34cd72602a32eae52d,false
f747610533c93b8bad82c06985fb65219577bc47,false
c844c8e9b1ec6f09927d49b68d2d0d4ae779dd0d,false
37d3cc44b4b17aa5898e2c8f394c828d21443619,false
e74a9e6f02ef42a9121c5295e7ec00834bf76624,false
94c8c6b9f30961515568b8183d009f4c0ef74865,false
1aa1f351bfbfc98ee9ec2765fd4ae3faea472ce6,false
47f65f70abd91ccf04512f926be902fe71d93bbd,true
03d02ab29906b968aa6decbadc92f8fc6c5585c1,true
a22998e1bc2be699a9ac663fe91a4fd418e25f2c,true
443894490032b80dcd976b7fe33369a8a12b9496,true
f7a67b76763a1b0fc8d4cf34d4312863a65b4bc5,false
ce35f6bc93a9aaa80628bd9e49b6a67f9de716f7,false
b721533759882499df7c3c892c4edd741d9818c5,false
9edb43f3e44134713d5c609439f745f17aaee0e7,false
c812807ab31c51987321fe58fa31acaae8c6d159,false
4e0ca19d2e16ecb0adb721c82790926d8ccda53d,false
f5186f84762291cdd184c1397a14ee661b4bcb87,false
9a5ba249dbd1954d9d406873a9ec545f630089a6,false
cf41f5d354f8b65056757dd7aaa6c97ae1090239,false
cd23748fe893f3bf6efad6143bb87330a79298da,false
9b7f6ce500bd4f716bb25a6fa958509ffa0d3bca,false
1fde6782504ae8dbd5344fa8d03d6bda515bbee0,false
cadecb15d83bf990a197182f99866ec40e895fb5,false
33910613da5b3925f2362a15f86202f0992237b5,false
3891d411deda239add4599bd834a733fd3270d29,false
91b7d92cf80d52a67ce90de9eb243d16a2ca469a,false
8d56577653daf68fcb1179fe8331b676bbdf8b23,false
6591e0672acbc6d6afad895a5d72d33e22183d9e,false
9806fab880275161e648f8656c661fa5e5f5be08,false
3a15a8bdc7179f9cae2986dd30bfcc27b5b40908,false
c65af4b480e50a7acd90772327f1bb647187a852,false
0ecc20b48c04a04297e6e70f13528f7f0532ebd1,false
32868b3ab866256042284fb5cc1db8036fa8d38a,false
0ce431212edb0e9fabca003787545da3d6310f76,false
e0d04cec4ff19e4dc5f5556e29b1f3e645492b86,false
d6d9874da177c88dda27e839d3b9fcfcfc9f0707,false
f55270c46f6d713db43670d85a3ca725275325f7,false
d180ef43ac25676e6d3ffa4d5983840a575e6aa2,false
34116e3811532e3478dd643ab179b3a218a314d5,false
8c04bf2599c5374903ffd603ed7c4a99aa44affa,false
1022817384a903162f6e1a2ac79c0135afa93020,true
7821de67f8e49fc063dfee6bb323bc39a8412e0a,false
8750c07fef49eee7e4dc9408031eaeb92caa5c1f,false
bf20a8ef963114ee03ea367389f00dc9858f8057,false
a02b67caf59d9ab4311e6f63be595c1fb1464218,false
16a31e460cfc38d1d0638694767026195c31a27c,false
090c233592c0eb7f5242bba7640464564096b99b,false
e95ce30fa69673dda74594e4aebd90ec93155b46,false
90d080d42fae85a29cad11fd4385ee0f7517627e,false
4ad7f9734d4c873c4f6a6b44f033d92b204a0c00,false
5f2be914a1dd7e25005ade6fece5c3136f757d4e,false
9304e2f421f69852a40eded6833211fa485c6028,false
d8ec6294c3f8eca8fade77a3b4115dbf7a5b0106,false
a79940e822ab37b6ca7fb398441a1fad9f22ebb2,false
6d110c77acecaaf49d202a5e5d5198ee46447223,false
d224d9692493938a2bbaac75ee5709ec25d580f8,false
d7fb6097bad77d5da3605b1ad6f98c499ec4dfe1,false
915405b7353574fb5eee119b02a2150078463533,false
95f4ae0e3ab50a41198c581433bc88d3b47e8bdd,false
b2a78b5d68fbf659d58fa40c8870c8610d66868d,false
486bf32353c71403ac76b6aebb3403e1f8d52a02,false
74b4424509f8009b8db8ada76872a8dacf372ebc,false
bc8df8f34efd16be889c9240438abc64d38557ee,false
7b2b49dd537b16d1fdf59ccf7963885eea4d8ec5,true
00941ddc3d4cab238364c32ba0c808d47af26d4c,false
ab4cecba220f5a8232101412ae170ed81d0a58d5,false
9701ba1254cafa623e3ceee01682848eee7272f9,false
85970daa708a39c892863e954ce53d046a5b3bff,false
26dfdd5b71390cfd3304399388e00daa533b3c7e,false
44d7ad61c007d09a10bac2154d8b52bd136a1fe3,false
7b2f7c08e4a3522c3a352523f918f319bfd28943,false
4d92ba4b8e1214b245fa08d90d69540e16e36223,false
082086bde900fbf2a9693e398690b31b16f84344,false
a7e1bd800bc3a75ccad67930c9cbfed739ebf117,false
8dbfbb0f33a8453916be0b94f3811cca590ee831,false
8fe9cde9ff7f39672de2ce2fba97016f831a08a8,false
98db79d3d16dfde4fde74907330c591663a8599b,false
d873b9f69a2139f65d8b84c3949cd84b5026f823,false
fff048d9a8219e9c3fd021203b384a65127eb80f,false
be773a9d0d59c276f8471587300412c02886ebcb,false
a302cf3e04b006b1b4e362ea33e14d321e2a52d6,false
b44c7d27865720f03efd1583043bdd721d71a209,false
f9e3986a4a7e6df4ffa32cd309b115fbb29d11dc,false
70274da971aadcbc65100ed34f320a796175c82b,false
a28632dbe1c17e1f7e34e195a5f442a12e888304,false
5c30ef7086dcaf798da75f4d1ca468215526b0a4,false
15587f03d6c67892e14fdc75e27f5929d97bacaf,true
bb2f35b67329f1233e4bb17b2a1a842a806ffbf8,false
8d38086d401caec1e77934dac8ca2123c7996e62,true
c36f0c89c867ee4d29f6fd8b3d789b53fd308ba4,true
ea2a6165e534d299de4a9a1c751c0eed0b98d966,true
daa8bb6b2ca862dbb1d1b38002964bef690424f9,false
df15b38a1e1de045ee415d180c942b8557a0da0e,false
266bd4379205eae54022cb37f9052b57d1ab45f7,false
0423c7ae2262cd685b507e5626cc08dfe1e1ba75,false
1bba68dd96ce251861ea8b5c493cc3436fd2009f,false
bbcafea98e26ef6cdd51e3b64e1ae8f208633789,false
5db8cbc994b081cee955bf6001b3d4030bf309f6,false
5a08ce498e34fe7ffcca21a62e2bb2ada34a1bae,false
393c388e0d196e722e0e300e4d4401be76f90634,false
5f6ea2cbf26b634f8ca129f77cfffb6af46d0eda,true
c6c8d212813054175d16eb1024312593fb7f79d6,false
ecafebdc3da5e99d0849ca8a4001b6c4c9507462,false
cdf2c7f7cb14aaaae69d99dc9c15489c11ce2c20,false
dc8e095e55ebd5544c1365e462907112567734c2,false
a86fcf79f7678866fcf61e259250384be717a073,true
fb7ba80b86687f33790d81a138a26858418a43af,false
125f509b46271e12153eea58b034d6f9a59badcb,false
36482ce94fc5a3b4fe6ed9891d10bf1cd34a4ef6,true
f7b65327da61e15f1b85bc641cbd1336c59403b7,false
5ab0f97351fdb7bc213df6ed81bc582a07864b02,false
5488e1b3234aac72bb89b6bb5b027847588f7185,true
b2e4f07bb9b3d1bc51328379aca14c563f33af7b,false
157d9f75c1f831bf5d3edbe2cd4340638d6cd267,false
7468a9915bd71f4fb6c556c8fd2b45d05cb506aa,false
054571a625fd1b95bfe693efbccf19d5f1886dd3,false
1a63d50b8283b35f380a1c058870b90392f152f1,false
798879d031b92a4d7a5f99ef0cf30e4b6de2eb00,false
3b841bbb5b9aff4db71e918def0aaee23ef1686d,false
933394e8c3a414c7cbbdcdc2fde7b8f193f0ae14,false
5bff53a711db215ac0d872f0aba0edf8e93f3d98,false
597f5746a40e0d5d75d606729d7d92c2e05110aa,false
2a5d9c8ef5e58e8c216902780e265c5ba8e54d79,false
e30c0f9a118b790cb4b356cb694a756d795717cb,false
4aaf31be9f13f026d811777914518dd600dfc6ba,false
1056fdbb64b003203a4bedef08c6886423379e2f,true
553d5717cbb90a3415a62206babd787273cd2a38,false
29b1ec42116449fb7e6e0243d5116fd289d2c166,false
ad5a74fee9e985229c8789b933aabcf3c60f3767,false
6f75dfd116d7361a831c6aae4a907e36db9736f4,false
71f86c9970c1d0c3f2643f270e0dabe05059eb27,false
fd40a6a2b981027021f5e04942f01781facd832e,false
71fa12f773b9d8dfcde81ecf8f93134b4c162577,true
77fabe4dc42d2daeef30015277d66f24c0ef017c,false
95f6ccc6572a3e6d2834e374e07ba466c31a7e2e,false
0f09a4a0abe90d928ef7ea80cd1533224adced51,false
6ab69d4226db3723435b8875969bd1c33872288d,false
61e7fa89f720fe643dfaed82142ffb10a80262e9,false
299b093f78bfde2b315352b7e936b6bea4e077eb,false
2e230664fd59c03fbed026e952ed702032c8a788,false
17a138718464dfa67426eacbb5e770f27035bc34,false
b05f6b4ba3718b5472336e359bf35f68df5e4d08,false
13d30b0bfb4ebf60c76a74ddf25c08c5dcb45a97,false
2d5de96fbd325874c6a08ceb13f960052c88ef97,false
14e593d9e16824654633b524f70504ba59d9a629,false
7a68b1b6f05f56fc10b67484ff35e59547e5d214,false
4ec7f23e84baff62340b793a09db3f5233d8cf55,false
3534a146e477992e10394e10efda98d946f9fe45,false
4d5d9700b8106ee2ff445c85387cf3da8de8a458,false
0b73e9032cd4d8ed082d4c9e7795c69b395f0094,false
93d922af6f353b2effcbd0943d1a511de97404b9,false
6ed286e3bca20be359612f7212904e9dbc7fbf4a,false
f52e887db54d02f5986879639a990cad1a713f40,false
576c05ff5f0b69697f20b7d39aa4274fc6c1ab1c,false
86bdd154bc5566c5a9e31a62ad4a631261f536c8,false
3705f37fab0319596e2cae2a497530f21d6fd45e,false
0db535b838e9da7043953e368806e58925558317,false
478064f32b713f4c7f60ac158150dd7e1694a40d,false
db2e896d429cf521cec868c96918d8061ee805f7,false
1e51f519794f1c024718b88f92ab698546912466,false
5bba65835a2fc8dbd8e523ff68a3e579f902dd25,false
83918e92b5de1fa97f458c80703d1157c6dd71c2,false
8bd5eb4ecafffbc6991c9689c187a6c35c0740f4,false
40eef2a06cfeaac935949b9c99065a95f7c3b0ac,false
d685f7e2dfac58745e8bb31d11840019a7f1802b,false
aa84d5d13843acb680da9bb4f6da2ddfecebe616,false
e3d400958c22b8cd4ade4912e9ca77bd06998c25,false
700d612ff91b96a0cde5935bf2b295ac73ddd234,false
30d57d9476d82e1c6cbf883f126534d5657ef4c4,false
7097b0f5e677bd40309eaa763b84a9ddd5f3bfde,false
420f3bf380de04babd85d3f3c8ea370418abbd45,false
cb764b5d30dd7dddc0f686e3b4afb922dbb1f2d2,false
0c6363c04f9f37e20cb37f42940102793cab0824,false
acce1a7d3bbb5a61c489af98714f6764bd99fa28,false
c729a30d383ceb92c7e08fc0dd89bb5d960af0aa,false
633377a594c39094601ba334b7484ffd45e8e2a9,false
82cc7b59fef324498d8d6a2099bb4e02087ec74d,true
f1eb1a8fe7c67260e625585d51dea24bb90371c9,false
88f4f36678e09d09ca2a70705f2cc283531d8691,true
78bc967357383c154d8b2647b80d1973c8bdde2e,false
de20334a664985c9be4708f594235013a074fcc2,false
ae6b414b82212acce8fb2dbf2de7241149c7854e,false
51942fcaad7b7066fb11c6d39c18e96056b2e649,false
c8159e7b3503ccf6943c3cad6092aff6e71d1b89,false
ab7ee51fb2df86f6d78475ef6dbedc776f8904ea,false
1d91a8e647235c780a2c575436d8d8ddae9d935f,false
e1ce3579044ae6842f237bc57ea8810ab7e19c14,false
1c7c202a80e9ab63d1c94373f563ee85d170cadb,false
ef6d3890bc4ef9dc6354a99aebc08f26b7cd3154,false
b4b7fdbc07ccec84890d26bbc47a0cc4867a2be7,false
d9c06ce54cc900c66c93123a8fa364f1a1ddf2b9,false
fcd79e7c1818a774434d24d1754e25359cd5c0ab,false
33499aaf9eff0fdf930cbd7474c7c7a646030538,true
67c6d73a1817b2a9b39dc741da86f4dd167d2967,true
3afcc0dcb4c1a09652d4fa2d557818ddccd9d398,false
3b1c198c117d7e1321d6083c0f63ec93c78741b9,false
cde1c78f5e7c6ecf8369ff4ee9f2de8e7e85c624,false
64e1a4b3459fbe8d5f9d80246c227984d1dec3e2,true
94ef81dca4cb3165b5b76acf2b015d4da3fc7558,false
2621448f5e4726f48ed1e6fc6e1a2dfeb58ed0d1,false
59c852d8123a6859991820b037e5b83b1bfa97a1,false
4f0189c1629bca86c4ca89e275d41559e7a9338b,false
a8effe8a1e0f417415e7f04c4cb23b3291c80168,false
c7e61929291c8d5a3932bdebd7ab6e2e30678c35,false
db19f9ea4f6f1d7b316b8e72a91cf6f3715a6591,false
a181d6a720494bf122136dc768ca6a2a1a12be76,false
2c6ee6dae90769a836748a4bffee454a5df54428,false
83ed44874131c7276f73e8017522649cb16d097f,false
6a9929019aba7fb717de83c7f0333b18f695bce2,false
b5137c3d05aedb7d5a103a745343b6665bea916b,false
7c364b44710cd27098280d73872b3d65fd599518,false
d7e2b24468a76a06580fa5abebbab6818817575a,false
cb16a7649f1d591cd4bd8dcaf893f1d5c9313555,false
9975bc21954a632cf4264813a274176589a6293a,false
c5bfe31b73695b842fe13d7148738592d973852b,true
d7aab524e59172790a487ea1ca4543d2ab9d2bb1,false
495d7176d8f05c34684426efa53bc1ab68ac3ee8,false
6e2bbd1a7e35c14082a73ad33b2311dcb66d6b42,false
e550c94cbc7df61043130f8c2e654bddc4300655,false
2cf190e44866da1bf126aeaf3378f39b4e8d754c,false
cb63c3dd80ccc23a2d7ba39e1f88bb94cf1ceb1c,false
9c43aab8cd3db92570003e4b8dd35f1c6ff99d90,false
ef9f3aeada23385eaebf532654bc31b72a0ce57b,false
b4676a98364e0584611507927d2e8ee96be88b36,false
5bf618e6715ace2b14daabf4c57ce8eb613d77d5,false
6a1e86ff33d877a2550b1a889771920c36c23832,false
7a62aa0602c74bd784bd173bb22d5b3d688c9364,false
9e03ae453c522d335c806e1170ec60fe02245cea,false
0109d5e4739c786a74877d6fabc5ce4cf07d065f,false
84d2b82050c1e50fec6753dae8130320b102da9a,false
c45129f9ac95eb0fdc426817a75c4652929c7674,false
f669e3ca59615773d97f0e5c1bb22ebdb297c6b2,false
56e384aa4fb86d727337dc94eba7ad32decf8c22,false
3d33c81475b2efc356b7d1407d180f12c2d420ba,false
554e675303b098b1637fe13aa12ca4fed77d6aa8,false
9e6f99face455528ce5e2955af2852272f8a2a54,false
9b5805f14597347dbb8614304be2a9454ae5b8f7,false
3b679058b006dda7c9435dec7091209a299ba1ae,false
0c384adc22bb53de9b30aaee5acaf389b5f2ea4a,false
6794c6fbd759343d12a36e876af40b15f8548de5,false
59abc1d154ac17650fa3f22aa9996f8213565b76,false
48de5d8375836aaa7cf2c42639835d0ea4c3bbf8,false
e89cc4406a7f307e3c1fe21d2751a9dc46a42b9a,false
31ef402c505cb4e7acaea1ff80203c8bf4479059,false
08cec96a934f7304c6b0dd4015318f486d6e83a4,true
73210e4b09bc53c39caf2cd78f1e42b9bfb87341,false
beefa9364b941f1b6547830081e7b94cc4983837,false
886cdfa39bd386ecc095e4460f6f6d1f97d79441,false
4e66fed497e0c8b8a913474bb11face624f2268e,false
a3537447ef3dc385f0fec3f828fe8503e0da3809,false
ad8bc05877a87ec30aab30b0394852e91e90b81d,true
22d3612be3187b0ee4d14713d13126b1b2028329,false
e70f14001c73a9b42d272c5a0ebf8a951993e88c,false
98283a67ac603a2ac07007827c54441530b3bb81,false
90db60643e797ab9909fcab2909f85594bdc6c28,false
73ba96a5d4bfbdf197b356be4d6ef28339cea9dc,false
1e7260e0229765fec80f78caff217a74703f9353,false
5100057dd5eca7167e97a717839647ba5a374023,false
29bf0f396549d483ffed265eb53fc15538c2e08e,false
1d96de98c9a5214d7f240ac27df4893d4fc83285,false
d7e65d95e66cf074df67bc586782e878967f8565,false
b59d2ae4193b0e43b79d086a3b674071e151221d,false
0e74df82dfaa77072a78dd23cfbc8d113942cdee,false
d73e557acc7cf73245d56d7053ab18ceb939ad3f,false
bdf9124e8706f2fbb2e2435f1b1e1c970f884f17,false
f983d564f8bd1aee97179995a17c9233072f8311,false
17cd9ba4f1873dbc05296fbcff2828f520a92276,false
13f61dd7b9312681063e61063c4b9ada7d6227be,false
f86936788ee2e2b160d4700d268880345ad8d419,false
bcc1924b247e35816ec0625eeb0bad4b7ac4ebf9,false
4ce790d29ea55f2f7534767036690961c8674e4a,false
a26905d39a7cd188ab4e34bae2c17e58b7cf7f65,false
8f90b5746a48e1f52a083d2df17c75001920a0d6,true
ffe3124ee1c629746fa2ccfcdb94cb6be63a40d1,false
a07fbb27c51fb5ed098a9df6f9dfeeb188b7d9b7,false
f35eda6dc15d53ee3c1bd258f55fda3d17689d2b,false
d73a15c697c0b3018aecf2cb4494ca02014bf7bf,false
cc69d6380241c80162a9600990bfa8a60e5ce9ac,false
31bf4bd76da8e34b03d985472ba4e060911a4fe9,false
8724ef6c707173fd0abe89df062e6884c0435679,false
83ca9d82dfb1b1e286f9033c1ba6a7510460a59f,false
7312bc9e6041a4ea73cecb6c60fd4818598ff56d,false
d4371a880ef04efe0ce09e0fef05e614a9e95b1c,false
4e44a98139b9e2af0ade49dc9e9eb83c078f31e9,false
4ca2c11b20f4f149659c68155f4272539e7842c2,false
cd415fe84659b2e67326bddfa126c323c11a1e0d,true
c35f92f54b818d5c3ed02b4a7d2c24af1d2da393,true
e59475a5f62b1421a1f2f97f67204069fe620c34,false
a58c4a6492556383754e329122b17f51ebc5772f,true
8d563c451694301b087dcf5604efda3f1e024dbe,false
63f8fcef1870d924cc799a5b6091afc827c79950,false
b75eb0ad95635eabdfa814ba660c3915e60311f8,false
e07139665e9ef209a1e2323ce7a5af593b49b7de,false
4176f7dd9cdcae2c6629b2764385a40db6695082,false
1f4cf5bdb6aef8516e8369aa21a224744602708b,false
57832d08964d8e759c377c0bae5a8fcf10c25e1d,true
aa13f8370ac74d24134b33d646ae413662e6cd44,false
18c829c0234811f010643250d303c15d2e70155d,false
a52a8695e3e3289af698d0abe5e6c86c9f3d3549,false
c7c03874c055356affa071bd4d0ed786d6cdf35b,false
24ad8c45578f209d3d5d11563db340cb234eb847,false
765a6b9bc36c004470f9556aa0d26bc9c3ac7213,false
e5801e1b60e4e82b285e2dfe8a930f9f8e766679,false
79b4cb0d826124a84dcd2410ef30ea5af5626b95,false
7b673c90db8276cf337213624806c91504c397f9,false
bd94ece1c0b635a42b5c4fe5586db04df7b1e9dc,false
8b045e3112be7e8bab017756454b293a8c774bae,false
1bbc38c65e9beb77466f0ad1ee0b637e4ff18c24,false
684517e35a27bc569c0c494730135982b48e6b10,false
c8385617bd97110494b9d9dc7e44cb397aaa48d5,false
cdbecac103576811fc07e74f208d294275199069,false
58e561704cb00ac3c08b45e51fb9caef71c939fc,true
bae5dacbaea6effab45bcc4ff5834f1973abd70b,true
eb2e1c60ca8e1212ae945706c672a10e949a652d,false
27b6117a8b1fa94e8f4c7e9f2f4d91a38ebcc9ee,false
e9330f5419a5f0ffd9b238b1a79b958ee8c45be9,false
1154271ea5629bb9632c461701af2c48f3d791a3,false
df74a347cbee54f3309012efca6a9534e1679418,false
127ae08790f6d97f2b23c0d0d277d5ee08fb21cc,true
deb84cf74da77020dc4137f2bf7ccde1a2916f34,false
6bc943bb7df9bd93efbbffe033d883c6b72f4e68,false
8b2ddf824911260ed05d0d63e5029604069a6aaf,false
6bee440194eef59da0d8551eca924c3ba81d9425,false
87f096ae4067b9be2d0fc4772b52a777aea2b232,false
ccfa145ab781f54109d69c7aa7797a1ad22a0c5b,false
89fe53e3394196ed37529b07c73c811980138b51,false
de09994b367b7548f2729fe05dbdede1592f7451,false
3159e663dcef0260d73b7b1c5c44d5bea0e35262,false
955f1b1ff8fc7451032e1d4d925dd532e517e88f,false
28fd425ccb24374c101b2d3da393f42e5fe0fc4d,false
f5fb07eb775c1565acfb28243c7663d4bfc715af,false
b6e4ff4e8087905ba59ae41cbc7bc5020c13a2d8,false
dc88b4877238025f324774be01bdb2a364c12ba5,true
fe30f619e456b5c0a1c53989a21722999d0cd3c3,false
3bf697c43c922110fb9ab55424c14a2fc7b23a2c,false
553b24e005fd7074a6d1346475ee1cf2cd0c2841,false
3af0f8c148258b2ec57ce08bc83dbc8f5970c713,false
2bfd02f9775576267dd288d6f09917630e110243,false
3c65ad0f8a1a1d82eb1639ee091b2182e372332f,false
2649a9362a182d572f5fc7a24053c23d4549dda5,false
1e650bd0a1a2f66fbbf97858b261dd41e5786949,false
a4e078305d56e37caddcd7e3d125e142c421b21c,false
65e468f2bc8d1246de54ce17057820076e85c842,false
db26635825bb140d6166807829340a7e6d7d868d,false
e30d3efa7c5f76a3fe63789d5bde175fc5020895,false
5c6b2595db6c986807f5c74e7335ea903a56b03d,false
b90b9af80e38ba18445d5894abcbbdf2b14f017a,false
d30ab08f6d62185fc49e1e95a221a9d52292ee22,false
c9980fcdec028794102e06b1812e933c91368e0e,false
36762b5e0810e739d1cc9630985ceb3f0b061d3b,false
dc51019fd2ef82eb1e64be7de2a04a78e05cb821,false
0164bceb9572ca7123c2b45fb9bb0a885506e023,false
89526872078da9aa5c3a0bf7f99bb2fa1ed67460,false
4e7dd7a95abe5e786666ee4338fd3463fc8c8f80,false
c077aca433efa19d86c50dcf89e33574b0698073,false
75e74f013d24098b40f5eaa0a99f6d844dec1934,false
7c3ef520263eb05483c654e9b7ccd2469173346d,false
eabf056f9b2347f863dcc0334334d6219906e6e9,true
9dd08c48bc3f44078a3967166ab37a9bcc574b51,false
73dcb4de4eacfbf1462516bef20668365a14c867,false
06b0887c5119a197210e380245d0bfc47fe1c5af,false
e31f0cb9ba5a1901a0c7987ab9dac415d1744c30,true
928b272d89e1a1547d5e3893600eae01354684c4,false
4d04e4fd1525c727e4c3f6ed10cd230a2f407a00,false
da6d90755e1ca9c681a03116791d2e269293a633,false
0b520f3885fa56b4d0cd977b177f9ed44aab3c19,false
0156a29f932f1a7d2a96db8ba56b4e413b9b020e,false
020273b1843f7fec792445805656585298785746,false
92dcacf78c6fb0bea65ccc0aa2926649ef5b41e5,false
ce25cea134deb3a8ba7c5a849a1b948be3c3881a,false
994af085d8cadf93bcd9f58616eca78d48e0b515,false
65f35ac8c1b16a1cb6283faffbeef061be55c4c1,true
245e2ea5a87387ba9f9a4362606f785a120d76e2,false
d35460f14c676304b8ccd766b39dd77528e2cb0b,false
abe6a193a8385e14cfe7bd63537dad69ae0bc08b,false
881f0f5f096a27d3e176331e1ee816e7cc7c3b3d,false
8b41b5c76fdbbb77f5309645646f646541699a4d,false
bb453b1982ca28d23d2c651841432c94ed0348e8,false
eff79e9c99a5515a8feb8968c95b1f4c63b4062d,false
87d511d5e3e95fa17a36a0712f41649853ebcfb6,false
78e139b2c82bd1de48269f6a976c49f89e1bd85d,false
d7f27bdad39bbee2d7c91fb8cb3d8442ef523910,false
2161e46a4b33a12ffdd548aa0f4dc4ad1e4cdcb9,false
fbef6434880763aecb166940571f01237ccefdd0,false
1cc8af4acda7bc966a5a0db423c19597d6bb0034,false
98d259449b3b970e9895a1fe9dceef2645eaa3ff,false
bc2a5dbc0258111e02abef38d2dee4025032cb5e,true
1c96cd64fe759ae91428d5e1f4b74df8d7c438d9,false
7893ba746a1496142f78d5ed42636912eac22903,false
48732c51e8b0a15dc9f589ca1404d3080de59966,false
4657be21b73885148602eef8675d1e3ff886e378,false
ee31f1fd95752357f5ff064141106c49c74d924b,false
aac952d6a39071c811a0b018e56e988fb9395405,false
844b5ab7136d238f1dabfee29ba06e7f1aa33e1d,false
23896b64c76de65f2095769df219b6dfa6924ce5,false
fff95b20e68e634e2f7a4a4e9ffbe70cf21f248a,true
a0995fa0eb35acc72658189e42c5b75d4765ce57,false
464f9aed1f2cef84c661917ef3113733ddf776e4,false
5d3e9da750b0cc8382b7400f929aaad5dc10bd1d,false
4d99a5dd35119ed61ce4d4df6d8a90ff4633cbcd,false
09b6e300fc1508114ae7574b0dbaf415edd06a65,false
217b37b9d52f9838d19a35f87f3ee16068f05982,false
40db04db8d24c1b641964f21f5f59497e92d7e75,false
9f69a0bf2ee9862f3c78a290df2b066381716e4d,false
9c89643367af57d06e604d3085ce7f334f3925f4,true
2c4c0bf9f819f8d25b69d57677cc40986d285447,false
8884425a0524f67c89bbfccff340a1b679c1f0d5,false
367a38c5b0bf69c45a7a618126560383493d2dbc,false
2528ee05dd8f3e23acbeb5d488d420b71d97adbd,false
9d4de806f5c3c2667f3195874035fe967e09159d,true
d99278e7238acd472ded1a73d5b213c1dd27b70e,false
d239a4d706e3ce79a0725e904ce7c220966b4835,false
95fdd36c7751915efca672dff5a1fb7d3f12c9ce,false
1fdf9cb979f02390cf9198232fc5a0540d130a2b,false
431710c95b2d9411d004290c045b445ed77666ea,false
eb6a1fe1edbf35a1c24f18efd2ba5e2f8a6f7323,false
8d63cbfca067ca548ec0266dbfc39b6a3fd590ab,false
ce18bf0690c7143922339244fa182b6161f2244c,true
509c0dcd177e88a474f3c569ed489bff59a4e9a5,true
d285edef3d75ee71ec70a1344ce38f2923ec1034,false
cb16df235a203c9ec8986c3c2596812255e7af8b,false
b5363e94573863fe944d63d34c06fa24eda1d8d9,false
e63085fb6a6cde54b262ede32858c356e0505299,false
65fb0c6cff302cf879bceeb2451e5532dd4efecd,false
3f6ec8f1b027ded359a40931c3b7d2d5c29f86cc,false
b38574a9fcf2980dfa02d5548d45851752ce24ca,false
038825f254c90b6cc1c7dedfc4094625f8835f78,false
512039760723b66c9d45525f2afc16d98999e761,false
51a7ba249e8c7a021ebb6ddd8cd5af7c21dacc92,false
1ec96b66e29604c1605fbf496c88ee170c9d2f1c,false
420a579e0191348b75f6cfed2b245cb4ca99f5a2,false
d93a4e562a114aa4b1dbc68815dea82a4739bde6,false
0bcb142bc96642419d89fb7f4a35292785c064d9,false
984f1118e36e2d24288f29287d3593558b3ec40b,false
65be65fb247d0c02b558c98e3171ee85cf94b2df,false
8d18450e5642c0a18b668b2add94d19171d9f0d1,false
6eba8aa1c494313900a8c47ec3476345180e31a8,false
5b56e8b71bf6acf799959a1e1a3a120f24569ee6,false
0d67ea3a6e0bbd856c18b18c324cb59e048a1e6b,false
8c9a2b5f4ab46ab3daecc21243e571b8851696ba,false
af67356aa02a990dd8729db9ab6c5e6d1d04d0f4,false
484e30cd80760ae7f3a01d68970bc8278b46919e,false
85bac9834f1d2fe796011471f0b567fa3700c189,false
66ac000ef4e548a1a6b15b56e7ce3de105caaaa6,true
2073f5b59fa8ccc786643b558f24f3ba9b8c382b,false
9f21989f1398371e682418c78fc9faa823cff16a,false
4246e7e4e0f1165be5e825bdf62040e2db30b389,false
02079010c621dbc5809172dbbcc11bed7162aeea,false
10757863ce0a74e1598727c8f31f93de8d4d24db,false
2bb0e7305d70e384cddf0fc7a10720391d13f319,false
27f431b9cf41df663fb9cc0dccbead1039014079,false
6ce2926c6d6a5d17e09eba9fdc02ed5a2c04baa4,false
238deb25ec7e358eda8814c90f9c8485123e6beb,false
e09138645f2c0d3471c2377deeb3df46778a6301,true
93dc812ea22525d9f88b08334d245e8fcf4c09ba,false
bf1c34cc3b1678d2d64e78cb26ca264f50febabd,false
16641e05a19efef4d4f72e65150a481698ae7b53,false
c1f0c29134c384f6c1591359925fa3064d21582b,false
21aeedae11162c2c24d86dbe29f19279d085a302,true
f702f2670b23127f24ba8970f1794dd365f64cd6,false
b5f05405a01c12dbfbdebdbe4dde80e76fab9e5c,false
e96873f2d00fecf5c83930a5582a5e27ce9c545a,false
dc7f21ca6886ce85fb2e1b9dcf2d2c568ce9e007,false
a7e8ae5a2c0e78b1b823784f71de483dd4eb90d7,false
f7dca7fa96fc2be11f15b8b93356c117c5b79613,false
02eb7cfcc37c57a73925dae40d5f47e6bc0fc214,false
642405375bde9bddeaaa6ee83ab1e4a5a8c234d9,false
5e2869405355a14151ed3dc305a1ac9897d05a4c,false
2f2e9dd49fb0d2d82c2d40df06dab4db1ddf5c5e,false
20a0e4ce3ffebcb9541f3912fd865572e5bc1bc7,false
8099789012e41b6fbea4fa2307901335120de443,false
826320c7fd57630f9d0a1bff2c3120f6be823429,false
50f80744d86f6bfd29a06cd3c5a523ee4ce52511,false
296440b277ed746cd0004b6fbd827e827a8318cb,false
f6004181f8a75cac07864666d11008acb5b0d262,false
810adf0158b353edefe5d13cfbc39a68c81050b0,true
92f5f8989bc10f72621737d1bcf1f4bf12b770f3,true
3fa56dec45f98c80b9e7fef59913e59bc8cd602a,false
66867e4397e0d46a844a48a3aac6c528fcced492,false
275f364dcbde7e1aad59c2ce321b24dd8264fb64,true
586189d7eedaf7a59bbbfaa344496d4130f7949f,false
aa2898ebfc0187be35865cd6107e34acda489889,false
ed07fc81819b997728571a44fa52f5cf3ca2c35a,false
2017930a8fb7d105650c68e7481c228bc6d7dbae,false
d7f7568761f38f174967b1d49c88fcd85554610c,true
886a970ed6265c7ed5123f597061643dddddc18a,false
5f479488fa05ed63067db7a9ccc8785dc6afe64f,false
16392c3808e6c7522e495043d7e90dba06cfa033,true
68304133c4d298bb0e98c7abf22bd8d99dcea963,false
bd0ef626a11fec5fb44842b8142efbf17859bcb1,false
4f6bcea63f3eea6912f5d7e462a57856d9678ce5,false
3f41f7f444b707c81a425d89fce737a29dc38fe1,false
a1b56b052131ed4384abbadffc275d17b2bf01c4,false
14ad56a39205da8b076117dba2197321d4c6f651,true
4f71d780aba9dd12651c4e1e2f8c36574bd8a1ae,false
30634ff404c0075f35b0472b351a7c988cfb2bf1,false
c7096a1b71850985ecf3ef3305b581fa385e90c5,false
a7210a26b4b8fcaad1c60cbebbda83bec5add337,false
a0b6437f4c8e2f60f4681cf231a29f69bba81747,false
c3a48878457413db1951bd1bc3c3baf4bb1eb8c9,false
fcc027e0c8561b3ad5a9996f2da10d6f65507a76,false
0374ad60d8de0433d6b25f027e3e536a49332764,false
fd461a78e744f45b368073cf16bf3cd759f53586,false
276bbc09c254bb0fc1e2333755b3d79929d05e78,false
a2754a0eff1caea81d3e9ed6e3d949f46c85ea8a,false
967304588b69b74041266a0e26dc7bb54fa4605d,false
ce035566830227f6b1e3dcc8f8dd2f424e4ca7a5,false
2b91e3bb89ecf10dc56ba95af7b95f9e0ae5c2a9,true
81fcdbdcea435a79e5844585107ac4accf2dde8e,false
546eba68bd9caf23eb631af331b3e3d5b4959137,false
a3e8bf219f2af7b77b04a30bee7c8a7effc57ad4,false
b7ce08dfdca989d8943a6c623b4e8737f4049c84,true
a10b5d8b30ed57a102bef4a1d944087bf37b438d,false
0e5605b1759da4813c8665ae0edcfc4ab60e099a,true
2e8a1c422da9c30cbf55915e75515b2145a299e2,false
78a750b7e144f0b00a3c1a6db27df06cca2b4f72,false
7adcbee5adb9848de19887b70b6e5478c76b64e3,false
047444831b233e11d7fa2689980317c2939a26b8,false
4e30d020cac03bb7f44b7960076a93b5dc5d62f4,true
3f9fec98d58943b6b0765b1091869bcb2959acac,false
e5b9ff149839d854a2f2674fcee5fbe0f772dff5,false
2195ba90fa51d2b4d76542ff77061c91461114a9,false
61d029d95572330e3e02a42e40ec773075adcc18,true
f5d344d5c9b16689ede6582aa48e2fb5b79339c6,false
d283cf1c9013ee8636aaeb5cc811d2304fdb2214,false
535f84a91289e8d118426a5e9ee0b8b75982f262,false
62c556cebf8bc8ce95f45e4540fbd1ffb9c9f814,false
676616a1721363bfc2ad98078b789ef0cda04d0c,false
6ce0211537fff967018ad06cd4d542e1e9aac46a,false
bb5d2dcf0af1e5efbcee05b70b14e2cb854850a4,false
34f3823960d935185d0280c4132d49c859e93030,true
6849bf69147315cfedc78c52cfaeacd9f0ef1ab4,false
6ec2e9501dc6774bed357678482eb67d4e3a3963,false
8cf88b7e18dc97d5051826a8367e5046d1dc7323,false
3beb207fccef1ea98c580374deb68a9df06391bc,false
38c8e816900d70bca499ed2ed8353cfd9398967c,true
58e413af89c31ffa100d4845127cb93efe25d89f,false
a0fcd02ed27db3bfe60788bed99dd279f78b0e3c,false
2b7843368239c4c097aaf8bd9c859dc213861296,false
4d0078607f1e24f9b8032e00be3f6108b4f12d85,false
c4c5ac85daf10f8ebc411bb21fa4a9ac5dca029b,false
afa5a353f19dd060415df57cc472478e14e970d6,false
f32d80fb9d802cb1f4caaa185fd115b1873f8079,false
a369e57e5c6aaad05d0b2aa3a5fd5302fbc61837,false
fb002953c8cc2ecd51a32196f62c37615e0cfc40,false
183c0653fb17c77760e5b588103ddb233bbd4513,false
45c398149b81a720a1b32ff46d8f3ef1384d4a74,false
f7b82bc19042128cb8048694992630da76b357d7,false
406d49ac99ddd496d8b339a9e458cca480770738,true
a1668ceafde1b34f3884a6bc96affa6617019250,false
b04dfbf740ed65ae4a2e5a458a01cba48525cd80,false
e2fa60a9c6d9e44af387021bff6715e20ef76d4f,true
761ae612fd21b225c02e5629b17405ca13b7bec6,false
9811cdb85c5cd184386ee665b46dec186f868b2b,false
28a1cc613cd3ed513038e39fa34ce944ca9d93e9,false
2b99ee61d463523041409b36ea51f71c57a0ba8c,false
743ca4106ca3c88953bd83ee93b15c3ac1e4ba49,false
5158673f2126ce1e33675eedfecf145dba03d3e8,false
60469479a4a49398e092a8c44c6903c85a51fef4,false
7f733cd16d8fce022e61a00f0d854f59524d7662,false
b340b2b5e9539a936ce09a4eb23a6b6aea3fb084,false
7faee04422d4d318c2be95f92ed0190707d1295e,false
6c73161ff823c900e220d102cda4ac8f95b5512f,false
5bbabadafdbd840966116c3906aee129b522c27c,false
22b1b8d21ad2d243c6b6e4fee0d0819fbc10961b,false
7a4c109b36013fbd9f6a2a891841b7e2b21f3f5d,false
c03a7b0b33d33b5aed2b15516c3889363ff6c223,false
8eb8c810e87e95afae3a0638ffa2454ef2af3ac7,false
61932c18099309e9e421b223bd97e11d3180cde6,false
d18dab3327bbed7ddbe342798c0cf733c56b348b,false
5339b3cb6c4b31e8b49664e0df76597efff4a8af,false
52c18f9967ae5cbd000ec4f95676524d18c6359c,false
cc60b27dd397db06928a8f846e69d39263f951c5,false
0a3774d3f7ab334102f51ed1b5979559a1e6fff7,false
603a95d719cce98caa5296654b4b65dc3818fe5a,false
5c3328605608e332d58b65f45b6e1a55009dd4db,false
f1beeb4016bcb6e10ca19b36e5eaca6fa27cf555,false
1a26677d7205a4b600c9b0477d8bb6e346b09c68,false
5b41f0b9b607eebe998cf7b5693d23c527ff9f11,false
2641d0d462a79e3032495322fd099214659fe29d,false
d57597f40fd27afd34e7090d73f817f434606b47,false
ae911a5280a9699d48bac8ae0955220a0ee2504e,true
bd9af0de84f1424072869f6844c662737cdd0d56,false
b03639d7fc043842cb310138948a2310caeb9fb6,false
054c0625a854badd511e0c699696efc158b3de84,false
c9efa6119810df7b080522381b951d9a39197a13,false
447bfa162b9f20d9a6d1a185199a752b157e9fdf,false
d6127e4c0ca0d168ce64165fe9c481f1a5dfcfc0,false
db4bf905385f9e0270cdf5ffe0417e3120a8198b,false
0a9fa8cf23e7a364c8cfb7efb74b2c1605d80652,false
d46594c610f71ae856473cc810b6d9e90d538e44,true
f1dcb1299f3b7e36817b81674543abfa4460749c,false
0a25182fea54e32aff8a9d568b80625d07f321c0,false
031f4ea06356afa0ffd7fa9565fd71bb954ee511,false
9297b11a57460778c9f620f56e2eac88f6327adf,false
fe714329c97337c4b7b19026694efc236a2fb623,true
0e6b5e949df79ab2766c1dc92a0ffcf086c2bc62,false
1ced2b0a5db6dc7fd2a0b564adf5f449f9e26d10,true
f31d77c570db5f9bd449b6adee595136b797b3a5,false
652d099e0e5e9c3c7a3f37ca757e5ef8ce1cb93d,true
099555c7895be56f1cd96a99092846111fd53700,false
88be34808d7ccbb9b74ac57dc18329fc136b35ac,false
a8ddb5c053bf707b83accae70199cede80664797,false
adc10131a018d351c4b297c0cb3269a9ba27b7e6,true
8d421e995e53488f4be33c5b62ccf5e6b2f66518,false
942584b880a60e20cb61c322f8349da5a2b170c7,true
ad6471b3fd6adb19537194b54fc407c8d48e461d,false
12dac76dc869b5aedfcec0714a45e866caa715ce,false
d91ca0eb8a335bc51425fb804c59c33523b466e3,false
7461ada0fba6f51a4e53af3b5c484c15c3fc421d,false
82e8641816a875c08bfe1d079d7572f3b8469b54,false
e14cd8bfa29d7da505c08ba6ec499bdcb90ed5c7,false
3d8aa85d63532c72bc32b1c13b5d4053c2d2bf55,true
fc7db91d70018494291a03bc189e827bc21c8897,false
3b84542e46fef50b1cc4f68b2bd728c082032341,false
c14ce6866bee10cdcb14372f0fcbdf69b7930429,false
d7689539d72563224520502b3cd022e06aed19e5,false
18b808bd34f009b01556b1d50f53aeacad8c1205,true
f0b3be5bb6b0ce559a6c9c5fc8b10f0fe00f88b4,false
ff3c848def0499ab3c16cb75c40929e1dfd5c8b9,true
3caee5fba7b74fdffb2b46754fd9dabf7fdbef28,false
de434f861f9d3e4800101ac481f9b51abd5ed0f8,false
56a0e3531400bbbaed74f8c428ffc1e9682aec74,false
cc062e3528d54a21ec53b94683e86c5485d21625,false
420a0b8b9a5a6ca29c2eed9013b47478b6035942,false
b05b77cfd1ee5cc135ddb0b1f4e436907cb99435,false
fbbe014e96a3d4139d19d05a56783eb16a6d686c,false
3a177f36b1c5cd20ddf3f190a164dabe0236951e,false
90cf4519c5573d124b18b4e1fec64bd381d1b03e,false
93715c6f9ec07b3673088b9e13d1f1abcc441b8a,false
d8b3a30a2073f654ea1e7bea4aa98efe9b2c2b59,false
f7938e80f791141082aaef35b9731843541f89df,false
65ef18052b11a08d95734b37057e6cd72b068be6,false
c8caa8f80bd90c78e739370ad308cad868c127d7,false
737f65bd33bcc9878ebe15418bde3156a26d1802,false
c6705d1956431f3bcde3283cbcfc304f51b5eb54,false
9103216a4654f443fd79e422d8e14e9bcf19fcf3,false
f6920454f6ca71ba994b521d08c7145b8c6a28d6,false
62eb8801c509b53bad4a209d16db602f2707de27,false
51b2887709d868864cf07ac06972afd838c3c387,false
e1827ab939d8d09d594d4df971c8fcc5e2fc876c,false
0f4156c563092c2a7e387a0fcfa6150b42eef173,false
34ecc6fbe7ac8ee29f55e17e13e834b18ecfe82a,false
276c188e9dfa0f93fec3cea6c25bca9e96ca309d,false
835f93f5550731dcd34d7ef68ef4c1faa91dff4d,false
28628564cc8fbb20a52c555f017a3808a966391a,true
b1b05892813f8ccee9d37fcdb05ffc2a604f2295,false
0277c5c25aca057526f7bac9dc515d58b9ed68e1,false
23aa16469ec1ec6432e2bb9586a57c282915364f,false
95a1bbf66a5432592df044d7b61ce90d46536752,false
c8aa32ef057353871564097d56456a0ba26078e0,true
4f1c317bbc3f69cc608ae295453a720dd7c4df5b,false
13cb17e9a460b879a4f653782182bf712584aa20,false
35fd61f77191990ba44be9a2534733eb763d9f6a,false
2aff72b3b6f06e47456b761edc79f619e5e7534b,false
bb8988ee4ea47149cc55f3909b34e778913e6d79,true
a45152401053e968bc99d069289dbb2aef351bc7,false
6ffe84e93d7b8da83e1d24c3dcda07e2eeaa5283,false
d25d4073f583cc44a7a7240dee2ca9b488e3b4a9,false
8a53edd57b03064310a892a78ce7b0b16f22aad6,false
9a569198fb3607ac28c548dea3acd2223863107c,false
969fa2b68cb4b0e69e060508c435109b55339299,false
7344c424d128167ba7e9c9bebadb40f31fbcb6b3,false
c7f50dae926ed20b34ea02a5fecf3ec8b831b136,false
1a4a31569e22c063ecf9734d12d76641c05993c9,false
43074ea32f067050309879d343a6c155fb5dae50,true
201b6e8e0b4a7452bfe94b0146bbaa0a8d871b59,false
1e7aae26a3e8fde8e32433df72475959e2f76713,false
93a479837f3bfc75ea354497535e8f177fdaaefe,false
77bc072aac272bb44d7453d70f79240868dd389f,false
cecc1a6cc7a628ada2d583f69e19ed32a2b2cacd,false
395ed19601721b065fa73bdccfbf49fc815c92f4,true
f793ca5b688b7aaff0a46c5c0fcb002178b80dcb,false
7fedd4073999b001f4d77e87f63fdd9cae7b1117,true
e0dc2e43bb625ba5cafdf212c73c73bc9f8f1770,false
2218663d550858f5e420d10402c2c95c55e180d5,false
2eb8bb39967eb210136534db44a45c866324f6af,false
01d3932122009306487209e6dfe1d174efa0dfd2,false
2d1a67b01b9018c9e222d39ef5e3775889585347,false
76458bb3b92cb7d04d65a3e3c0494fa240530299,false
4dc4daffe672d41b6deb21481c5df01dbc2e677a,false
b4468d83a9f65e6a3ada8c891f20dcd6af4208c4,false
930c4f8cfafc50a0a9aaea1ca9afe429529f6f76,false
52550a925168d2214e5ba45bc324dd7b7b587484,true
b4b318f923f0a4830d34fe3f7e55edd34cf4e956,false
a59f09e0118188009e5fff4c02887156c22f73d6,false
c84767bd07b9a9ed444a7d82fa409f791a560e4e,false
5dc6354ebc9c015c85d6568efe9cf1f9da41efa1,false
8dbf4fced9b44d88d9b5190883919f248536b9de,false
a53c1275733e132fccf39fd86b11be60a39344d4,true
6af9299a3c12d6a9b757a90e8f6d93d704cbcd3e,false
d76abfc23a1b1e9c0ab39e11bccde57335f8a904,false
1764ae0b3faecbd54a86ceec6be2294826786773,false
8393c75929cc0ad1303ed0b27137aa16c2db0fa5,true
548ae25fac0cdfe92b9657bef6b4ec64a2bda4e5,false
bf4b6978a7028f3c2c846e79a9e89c4a873f09c0,false
65c8769c68f245ddcd7fad355a1f2aa8e0bbc88d,false
2d9e969f87ec64a7d9546794abd5b04e4d635bf1,false
d4aa7b3c78ea35c0e39722f68c6511a7c53f8bc8,false
4adb7d859da44cee4abd2fa1e6a032f279c17465,true
c31c1d4013d38a80feba3371799a9517e8c59891,false
b8583bb325c938ca31ad2898035f551ba8c48b9f,false
a82e6a05afcbbe51d1891be49606ffab0137df67,false
05e36f378b650c3a2fd7249a379592ad728de67c,false
40b7a23d88db1ca0c1cd29f54ac855f006076b0c,true
f054bb26947dfd8bc3fb860c1474b6b8b417ecac,false
207fc49d64bf76059d19e76e389ebe53bd088fa2,false
39b613fe8176945dec7bd49ccbc62bf0c5db3c92,false
f5d9ee4e4d9cb864d1bc193844435e595e1e19ae,false
6006e253a4a9316cc7e756a9e2c45ea605e07bd3,false
0ceebc1d8b7d9d412e8509e7d3f3e2895e0c1348,false
d663437cf2aa64a04639587a9ce3602b7ecf9ed0,true
ac7cca35cdf57b47d072f52309dfdb3015e8fa7d,false
f23d2ca3153cf7a1aed3443fa740d65003a0c6cf,false
ecc3d9f75dcef9e69b437a38f672eecac7e412a3,false
55bef5806358c3d7dccd9e31a54fd683f48ff357,false
ec417e9258ebc9424c7217f6c5896f3b53f99f77,true
647d6a1b08ffbe1509592ea715a828462906c8f2,false
a5dbfceae15736aa688bb4a349f80da801ecf620,false
e79e76e57843da6523c1aa81105fe333fbbe0019,false
360c198f4f962d5ba97dabbfc38d7765ba5910ab,false
fe0353ae7dac38cbbe4749a5dc5477fa50a01755,false
8c1b178c949ca39269a6598df200f16f0299edca,false
561ea7139031dbddf89c496c9ded0ee8a66991eb,false
efd2f4ea3030fa5c5f4e9b0e5007533691ae225b,false
01a5eadaceded1a32792ad0c892a37c17a6d6b41,false
e3e277a2649e21aefce00b2e9fce0b9266681d10,false
6a419eaeb608d10036f10d6ec9df6d8cbd4c0e81,false
4e6d14a8aeb7217523184f58b8e9d63aa9d9b4bc,false
a9e792240ed3538b96a72a7dde4b10313cc688a5,false
a23e3aa479590d32aea0f3db445d162a2d2a9c7d,false
7e115fa23e34ff54ee784e91998fa76efb3e0ee5,false
156344e40813a46209b7b50828ff3e4ede538f52,false
7bebe466957270a7bb5f2528359b48be8955c3aa,false
69f8904692d06838a70302de949860f5578e9c6d,false
9d3cbd07fdf12f753d425d6fb342fa5ef6c82341,false
eefb4c71aadf83856e26db518c26bf50645f9bc3,true
2b38ad8a2524e068a6d8fa5ac3b8ba3a9554c2e0,true
7a174e3ffa8897351bb73b8033bf754ceda69545,true
f87e7eb6e67c64f75a3b865f55e78e5cb52c3a70,false
1fcf63facd756afe9bc0560dc31933237fcdbc8f,false
ceade7f9544d12e95c9b2420526398e446d5ef1e,false
d04b3299aa3daa50d1c14bcadd71c4526cab1f9d,false
5822f53e14c9c3d89af7162220b6e75055dd276e,false
ff8f86090d4a7d01e173ae2cc5b08f5059cb74db,false
807ddf46b91deddf095baf5804051a6fe3813e0a,false
ebe55146c3ccb8699b494b4f3f55b49f5468a6cb,false
68fc4cd02208979f53c4707254ed8cb4e2ae5c84,false
045de3889b6566f115bf7c5a8381eac8968c4e0b,false
4b0cf576f8ae1f39375318d7781ff9003a3df76a,false
bbe5c058fe38f6a3e3ba2732fb740bc93cc56620,false
eded6813ab4473530fc3f53ac4bb188bf6e8625a,false
c6008b65a0f82be6c47541c8eb67f8034ec87d16,false
c602aa6e6784d5efbc39648f18d88ec47b0e900b,false
b3a0eb6bd8edb674e4b1ba329155ecabe569e7d8,false
207c7e7ca8f560bf4fc18490c48c7b6e61be5925,false
cbdf4704ba8bc8de24f28075cdced0b61b70feaa,false
e25885e25f8c3de4adf7c152b202fdfd714e7d35,false
5f0dd24906cb441d14f64a62ffd4991ac6de1a6a,false
1253fa479a7db6f9a0ece2c392d46f1e1131efe2,false
b24670f33a6110fc37812a4bbe802b35f3b95e11,false
c1ad06afd16cfbbf8608f7ea92d93707fbb984ae,false
d5db6c16bcd219a280351e0c44215181051ccc3c,false
365937f22d9578377cd7796ed1aca19bf49f946c,false
9624b483d49f21894ed361a71f008d8ae0d28518,false
1107b9f2e3b04f072f450399ec77c7637bb58676,true
28d41488b1c1706979cd8fcf0a97a73b0c59813d,false
e2bd72a74ebb269877126052e9300393e19828b7,false
fa9b784c5cb5d74e91551316d0fa2f8969529cfe,true
62e5de8a3a8bb97adbc7866d5b6f4b0fd364b55c,false
b412bdef9f0d8833bf1174ac44ad57ed50e682c4,false
09dca281224199e41e12b66fe267d1cf34ef61e2,false
00c8b6a76dc47c5d05fd446d53d2734ede45b5a9,false
2ccae00daedfb0f5b68547286cbe19635cf7a796,false
c9da36be9f90a9ae244506e663e9d60dc730f02b,true
e6577e3f2333a8ffd1f83ecdbabc1636dca247f6,false
e53594a626be303be0ffc37998a60a4c3fd63911,false
82802ec85c193e72a5153c355e6cc315b97a9785,false
d3fc6063c997a4a69c9445b08752c7c01020b63c,false
2c701275735d863270b3aeb420ead4714b16581d,true
d0d7515c0a0f75c56d6927b8b7d4a183c762a5cd,true
453af876154cb36fa5f73ee7164b0e40867393ac,true
52c759d1db365dd8318018b6d9a6883814866486,false
bbac81996b08e921740da7db5cb51df038d4ec6f,false
f8198fa5900f2f4b753695795469853bf412ab59,false
59bca1a9ed8484c3fc5cd25c9cae00459720190c,false
178702ded3ea7b60dc0f6bc2214f9776b1a1b619,true
fac659b520adad10035cb4621d7c9b58aab8a08f,false
a8d3d22c5a606714368ebe49ff1275620dcddbde,true
d6bb83f6d37e0e5a08d1e9324d81e0bbb838cff5,false
4f33de10f346bc2a46c3a0d6ce992d561f405037,false
b9fcabbc36334e39c829517add8684252d1e1283,false
267cbeb95b91a44feb4c4adfd7aeeeeeca5ec6b0,false
a620b37c80f6423691beaed5814d9d9d39a0be0b,true
437a747eaed77c964d765680bf16efcc7978c78a,true
b14630149551922e46ca74cdba5caeceb521deda,false
f1bbdc5a0b77bfe00ee9099b44f2e75fa7509dc2,false
1eafc983abea32994d6b319337d27a094d624d55,false
67278af3cbc84068d7d408684a0acdc603fa7d20,false
5a7dc307c59a428827d4aeff11736c4dc6d41d8b,false
8db28b7e6187be8f17b05cd560f220a58caa82fc,false
71d13bab7153b18ae45ef218185e37833f84e259,false
9b7bb12cd1a833b34d7c3a1a053974a5bdebbcf7,false
6249a8e1184cd4786122186c26f55ab0308d4d70,false
bd49e8b2385460c564847ecdbecaf3a151e39b1a,false
4b1f4f96e38f2540d69eb298f7a5e07ed549e01f,false
757803e98584227b134d27a9424b599a1527a1f3,false
6caf7819ed7a3de37b83d92fa53ea58ef163f38f,false
a001df6d7a88cf420e2673a1df04f2f4556761bf,false
4bfa19a90cba662241f222ff5d4a09388d19af7b,false
61b38569e270ceb9f6933aa5b36e90edca981851,false
86aa420773967048b154b90ee4cccd907e1b2226,true
767e3935af601fd5fb24823b762a5f5797d3c8a8,false
6dd6ebce75e337ce3b7d17a1a24f9dff5ee1c0be,false
742ad0b37c85d9f7a9defaabab9018dd72ad0c49,false
60c156c061afa35d40c75609cf735ed4ecf38810,false
6c20d39a2d4118db7e67dae7ab0bd39149f3886e,false
537a6e44666b1ca17ad2e2dbd0bc011b4ffb3ccf,true
c24e0053c83a9a6449b90fde13ba429511780c0e,false
ea4d60c830cb3e0291fab82c6c544cd09d0fed01,false
3c19d4cbf6066cca062ece6af21817f976a374af,false
075ea23f1d63b88a994f6c3843b1f85ddbb7281d,false
0c6f399533d0ffeac8ecb181501ed8aadc798593,false
24951672158c8a3a56453607f6186bea33f2951b,false
fd5e5bf6f1e6d69488807685fe2a55bbc81ca94d,true
63adfa77edf067ffd37d233f10cc4d37397a21fd,false
3006ca39ca925e4a379100d7333879da4243b0f0,false
35928772107aaebdc4564661bd80f9466b805edd,true
342f7d72a2432cd7ab2f546b40c3ffa8261208fb,true
9363b30b3eeb4fea291337fb8de6fd4f9bf42489,false
3ef1e6c6a480444f77edbe2abbd8ec4a4a53a54c,false
25342aa480e52419303b732046739352b5e7987d,false
02b3f7b5053bbb90954f7ae05a1df8a193f8795e,false
7afb8fa343fd6211860731e287008b3ca3ca0032,false
24dfaf64067165ca061d366031674b71476f5847,false
e4312322dcb7be304f4ef9bf3b8678e50fcce4b4,false
44ede2b0225327913f33b2ace2ade37b3bfab9ce,true
41f9f1ef7d29228753fc3aa814b78d1d908cf662,false
743dea9ca20ec905250405d7442b26003318cc55,false
214b23e99c4f69a5ec132bc0f383ee48701ff10a,true
e110ddd41248e9cdc85940ffd0824c95c75c1bc0,false
436cc03be9fe3d52a4a1846dbe9c2922a62372af,false
86acaa1b31a072573b4108d0bef4d74cad51427a,false
65c2570b8f318d8ec3de20165bba42ec37ad9f3b,false
3a9a8c65573c18191d129d4b88bdbd72bb5c6163,false
36837eb3e69a59bec9665dfc367f79309e3c7d0e,false
8594a61fd4708a7f8cfd47ac532e7a22b2603cea,false
212dbbe5200764bd3ffb168d8339412fb3bd17dc,true
f2ead5a0e31ab56e0bb02f32b24fb1d3eb4a9df8,false
073d0a416a1fc77501267c9554a0ea452180d009,false
508d221b94c7f4d755998678fce37770f5a988fb,false
e72dd73ed8c893e41815f6f198055b8bfa501808,false
8424c85258cbfcce11df90385e60497594999c7c,false
7912576e3dd1ac9edc861ec8f67d044fccca643f,false
5d2639834ab086ecfde72ecf41a1658670c5b960,false
c2e1f2e640fb735e460c55fce934de11b13515a2,false
147d133aefa2a3c996be58f693c70dfdca08c5ec,true
1e76eeed37efecb759160898f53d877959ef5ad3,false
7716eebffffbf90c052eab4f0be183729d49a404,true
60a011c593f2e849a9e7e75f30de09bbf40fe456,false
0dfabe1c64a7e9295f7705f9a7c06b433bb75d6a,false
f27378389414a868bf46bcd409ee517d8741c484,true
d0af81ecdffbdaf4b5b6b422d2aa8790c4594d51,false
5d828934780517c0bf241e50adfafbcd0461e1f5,false
fa135dcd85910ee0e3d4ae1f274f8ec479099637,false
8e8911870c2b0d4973d44bf74c7ded8e9fefc80f,false
4ec8b71f42337e59a6fa6980a667be2fa7d8180b,false
e24dba7d2b3a0ec1307568cba931b8b4856b6f06,false
05fcf734520f1fe9ff57f05299eae32d81b5ca29,true
f4436b54cfb0ce62c22598d516084f92e351ca0f,false
ac3c8b7520bb06340a0a5f45dc2c4e4fd2e083a9,false
95dfd5b76acb4ef25db261537836505b4fe38038,true
205b16fe8a80656d9abb2f8a7e1dfa755709998c,false
08a9e2b64e00ced1683f66ee4e02299b03fb0cbd,false
a9b0988c8f3b65a62ef3222070d632a23d2f40df,false
d361f7cf185d42cc70583765d8a8f29768b312ff,false
dd9c576146a33ae837ae7e101c2e5a67a71589ae,false
cc62530345a468958b3deab46703c5ef1e7f4fec,false
e3016bb7d808c3c525bc36eed9e3874c0047091a,false
cc46447f25718a2981574ac950bd99c374da8871,false
d12897062b60b079245544cf73286c306876339c,false
eca2b61d8b4ec976c3635b9bebe5475067a33baf,false
9f0138aeb2073c41c15816ab464497675578ecf1,false
bee5e0a5a9e6984a817b188e76450ed077a5e10b,false
03ca6cecc7efe54bc8b09faf954250af116bb999,false
c262ef82c9ffcec724f2c11eaf0db2e42feecc29,false
c4cf1288444a4eff908c1c66f152a4e4ee205af5,true
ec5c2cdb6890323839731209539da8096a604ac1,false
fc029b5ad27684d6278f2226f92a3d79db6bdec4,false
3a7ac669f5fc435bf7faccc89708d51c823e9237,false
64fba55f0687e0126759dd0a23e2a1e82dfdb0bd,false
123d6359dc458b758e3fbf0807fd553f423e654b,false
eeca51667e5e7350aacd8fb118bf8c3e0a08d3d9,false
1bf7c925bc4be8f18417fab45d0aff0361b2f0cd,false
754958ef3aded54666ac6bc09e1441c9a821946f,false
b9c40dd68d2219252ec3ec859eaafc37db95c40b,false
fd3cec2a0fffc941688b4268470faeaf8eb6685e,false
56d1ea71fe0a2fe50aa7e04db6e30096c3468903,false
82a50862c4d100d7e4df8492f13f7f5cc345e530,false
857cb833a50ed0e18efbcfc304c0f67f893a98c3,false
2377774bf9d6cd2e80253733fc76720ba023f096,false
413fd1dc9413770d23f9879a87acecd114bedecf,false
9912e35ea297e969a428efdb1f8f01c86d794305,false
4f69e1e0a66d3f12c4750a2d06903d84278fed2a,false
623356b1e8568c95b85522193eb1e8c379423c95,false
e30b3f9e0b1fe423219ef797b57ab1a9b8767844,true
48cc12e016bb18aeee349b388380498e9e195e4a,false
199d02a4ccfc93c292b0428534c8b5c760c651a5,true
6ff4aaeb1c681ffc31a150d080c9cda07617317b,false
dcc11379c8de483c426f88eca6b845e3c08e9686,false
2f8be045c7365d46f78104e89cc45ae9b5fc2648,false
c8786797702533be52c6a67dbf409db6cb4a8e74,false
dddeb48356cdb238fc652fb11d4e56a8392f20c4,false
bb9b669014dd0795801e06bd6941c927ea3dda59,false
e1ea176daa6b8ffda3f1114723d3b1809067dfe4,false
62236f758118354371cba37dc791543a376fdbfb,false
9b5f1756f1e333be22dd0bc8febc203cd7912130,false
42980844066912a1ce430977e08cc4efc5834fa7,false
fa1b34b020d901d8dcd2a87ca218a4966d6ceead,false
1719d066cf22a2db18798092c3baca5ab993bdef,false
fb7558121b6310f7223b53acff708ab19ea81b99,false
cddcfc49ed6ef0b7da9f2415f36c944a03c1b8c3,false
585765b83ab1cf83086a6eda2df93d5e84658630,false
89925f9ff2c9c88fc983bcae2b26a97498024f0b,true
2c3279ba9502d249d13e6dec96a5b4b4387bce69,false
63e4f4f10a455f1f1a526287505cd3d64684a2d1,false
eb1b283ba3f0bf9748361cf3794dbee3d29ad252,false
76d63b24a87e1cc9a5788e442d8cc535e33833dd,false
18d51738ce5116a10d6a82697e2a6716c89d4e88,false
9b8f10c59543f8a54447948e3b75f92c42cd6e34,false
7dafbf6ae1695f6249021e6754126c1b9c05ed20,false
6d40fe41e63a4b5fb7b491a801e702f5797d336a,false
b2ec088749203a09f910a22b6c5c860c8b1e78c4,false
72abc824d595c76568ca3d491e686511b1780446,false
a424030a651bf36b99adb99be0c686e3b65d5f3c,false
abc240fc2dd324358525ba545e9c43b3f71c86ef,false
9a2fb6f8b48e44da1cb3b2bb558cd8e04cd29c2c,false
2a5b427a808c3af4fc0154cf9a28b6e54a3dd319,false
36becfb54f407789d403b90cde2136eecd809fd1,false
02145d34d9e4c4b150df39cf66fd792cbcf0e93b,false
dbb96d36d3f504b87ae105030e3e9ca7467e7648,false
5cb2a0a430846a798c6dbe5a566834bd08275a8f,false
f72487fe2efd7953c3e2ba4fb366e7cb455aa1dc,false
5934fecd4fcbb40c805d0158cfcb318af3418660,false
47ce5689648e9dffb3265253476a5d9fc9b8ab14,false
49b1b2d058a797ee4f75e0b35fdd116706d53f9d,false
cf89d9354c5ec68b7d3c06e3b44181219cdf9ffb,false
12905c1c1fe3ec2b61a68bc6ac365a90f7217226,true
1ca80010c09ee29f3e5f0d46006d8b551c5430bb,false
40c58bb6f3c3d5951872cda262617dbdb26ce65b,false
8007a75c321c6c4ee49506d1579f5d80d6b6bc46,false
d502438b3e72232e1a0828df13841e7ebd896472,false
343263cc194b905bad345f143903fda3575e5e06,false
0f1a257a3d2f055ac701a4344fd50739c93ca3e0,false
7197f9258c516e685a57021f81a97b5e6691778c,false
d8e77e2ab2c935a012ee7de3e23648813b56d95f,false
f006605753ce1a0c4abeb7c0e2e669424ece638c,true
9914d4d04ea6e5ef3b2d7e6ef07b7d8b5104e9b0,false
74e22089fe0c893364a8eb6a247ea8481c4fb827,false
268c1048ccaec5c2d31a3589df5c6a09d5ef1992,false
5d559085d7bf3ef6829d413798567db242c5d014,false
950d12577fc3b47c05a303bc92282d67c2c13813,false
1aefd9a78d0130531f8496f497be32d073d03c9a,false
827b7db227d7e2dd5011e52dfaf21ee543cf0dc0,false
ede919d7dcdb7f209b074563b3d449ebee19118a,false
35530616d6f766b19c0484a4f16bdaeef8d3e300,false
f6d2a7ff9198d0027ec2255cd2d25bbd2649bf8b,false
c903ed4c13cf0ca8370008c223bd397e054cefc9,false
ad06ba2e1e3c8f6d4276d62152abce139df6a090,true
0e182546f9a224bda6529472dee8b2e2f0589574,false
eb1a314666e21ce651b3a56473b79dc568c558e7,false
9ff25f9a6779cf0492ce4f3d5bcb80e16130d6a9,false
632e3831e51069b1e1e4379440fa4de88389c537,false
2f3ac2e43b33eeb0967527e0fde4c89ed1282205,false
78d78e21cba71d49320426d03d9acfd8624d4eeb,false
028005906a3fdf2bbcf90c211546dd309902f2e9,false
45d90e7c689bc23543b2549952bb886e5c04816a,false
e4132db8ed5795ec3a230c6eb3287b1566e41c33,false
2b826651e62c6f487d760e59fd6b1c2dc706516c,false
bbb6174c9f539083f6c1270ff5869fde02493403,false
87e5d19fe5e6f96c5f256e6410ffe3cbc19526e1,false
efd5244ebd6ca439f3aaed8e0fff6bffd4d1ee53,false
22193474d5ce9e21895afa5a4f6145fa79faca53,false
4e21152f047b0e4b9f31ab82f4d4a1cd8963d691,false
8c1fb6bf00f1a432db82250ea5becb4a0a9eccf0,false
dda9a3ef7e72c6b12fe1b8cc21563e28199a9ae8,false
6e201450f0606456dfa14e9b841a1790cbb174c3,false
5268e35155ee1eafe0cdfbaac2d75f95575838e6,false
5bccd65bd774b33f6833631325cc412028aa70bb,false
919c744d8c06b7d1d03d7e8571dd8273aac0ae24,false
6dd96c247a78e8f1ea26a77628d003c794fe71b1,false
8b02f76ae951d9929546df664dafa124e4ca6aa5,false
02af2771482b2fab59d99c3c55ae32a4f9100a0b,false
db6329a070c0e55073ab1239df28a58c9cec6ff9,false
3412f4417f2e6f7de7c79106b4e99e9e20826c28,false
b0e4e86586409d160b05963e33d5fa086ca05cfd,false
b9f8faa16575291a19a2cfb731ceea4f66deff9d,false
7aec579d96dea50cb10616684270762b4e5be73f,false
78249e132976768fee511a4ba4b0a2f550d01c2e,false
bd4af052a6649cf2c43cbaea4560f568e813500b,false
3d5b52b853ffc5d2d2fc6ff8119daa8f171937a1,false
eec272b6ba6ae45632e3fc0cf5d18a670585d99c,false
06a1fc00229f858984feba7ca16c6bb649644109,false
ddc4a615dba321819f2cdcfed0f3905ef21e5e3a,false
f623da9948de55492f313783debbdd5d2a5b15ac,false
17a21f33267d9659eb99cb30c31276725381dc03,false
37ed6c925c1f12c014c5d0c55fbb26c302a34ae2,false
23520048dc420f89eda8ecd8ac26148ec76061a5,false
b8d901effef5855f740f35a117808fc084bebbfc,false
49ade014ab4a9fad3109a270bb7472881e928f9b,false
312bc143d522ad330e3ca3ccfeb7b6e33608efab,false
bd37541b49cb30137d4ab1026e90c9ea9f504caa,false
5cbc307cd19ae9b7d2da9d33ee90d88d43eaf8a3,false
8ee0a855317ff5b3de03e880d64cdb08dddeb55d,false
335b229ce8d1f84b073f795a959ff7b04b6d413a,false
b159541278c65c6556c9273a9b774f62dfb1f6fe,false
66736d52f0ff3f5854d4434648b1a47c6319b9dd,false
120456d138a2766e6ffca8f756e311b77d470b05,false
b9a3c0cd966a5f832b788127e1be249337fe2d25,false
1070173264a6634d5a154be2aa078eee6dbb957f,false
0dee97934a4ce975f5697c35935fa59fb07cedf3,false
e21f64b7456745cd666c5069b5f926d7f1ed3d3e,false
5f41adf84398e39170c663c47ee4fa458b239193,false
edbca15bf4d0e0faf73e53e087195f2a07472210,false
372c854268f04c592b48538813b76c6a385b789b,false
775f672f2a1235832996ee8c2c98da7edd99a043,true
c4c1c723067f40677522f8b7faee4a75795ad59c,false
f6e9dae58d4f030e5a3041b3a3fca5f5967b3394,false
5bbad483e432d68d97afb552d7023b3598786ce0,true
82a3a49268123c90d78e7691d2cf0bbe35fcaea4,false
1d3738da27afd264e9d2d5da67f6b96fd5d57ecb,false
a9d59e4d6e072efe5b1aa995816f33ccc6ca168a,true
5264ab3fc37dcf5fc3d7ba3ea0a5feed991d7cc5,false
acdecca18170ded7d2f0e8b1389f3103e428a218,true
f4a49864b5b7e17ce69e43803b32b364b1faac11,false
a557b3f376f65e3c930937c8341819bcfbf46cd3,false
d83565d37e3b5ec32546160eefa14d6c81aa8901,false
47071b0fbb39a455ffbd4d9173e89ab9b375944a,false
cca1306b0921a756ea715518efe47394e43a37ce,false
8c5d2e9d9252ebc94e456167b8f228c23a037f9e,true
d1a259f63ac53bf88e711ade41a0f007130588d1,false
7dd5876315cb2cfd24b38cbdc65671c3ae48974c,false
9da24d114cb23c64424511231d1a1b47be316fb2,false
a9b35c163d0add36fd7091dd1886f84d54111733,false
a299df30051dfb40953169333704d8bdce7609fe,true
b7c2e8fba502718c14011a4dfda0f4ec69c50ba3,false
9e31047c3aa964aaea112b7f0e49f97e8f7bf119,false
0cfa7f80815b5636b07449828ba5c3b1d16e5790,false
ca65fbcc795a6115237f026ce8ef8e0c765f7513,false
1ab077d2671a629c0d3cd632cdef758406193679,false
7b9c16ca3ec2dfb76a9c7dca863207575955e74e,false
8bddf35d0d5ff782f3599f2559899c4172622c5a,false
5dc796b1f7e4bb53272231913126aa68044277d7,false
8fe3c08069063e07c49490656501c971e125114c,false
addef179046148048b2ef8308371cab2f1924895,false
aaa311ec40386354f9d408e72e6975ab4185b9c7,false
0746d28e0c06bfdcf2df8e875d443d978f8ffcb7,true
82092b35169ebda580a3655978ae1d19653f5abb,false
ca60ca159f0f08f887ecc9f972081e93466c9286,false
9c6c210e21cd94b6d5135b2d39c73871efb72fe2,true
3f68ad5ea3a38b54997036b74c8f3d4540420628,false
1c90a6648e31abec2deddb92e7fa03bf58ef3a19,false
671e42474c4e0f7d97075feccd9af59b32e0acf0,false
592454d97d748a03e27688067a2f8ade1761b206,false
0b6805531a1105090bac4ccaf25c55e2b1ea6ed8,false
8275bc45b9ea4e58ed4ed0c2f279f3a879862b18,false
e273a18b4a02d44cc6058b7172db8ffdc4ac3f24,false
4da474e094fff9a7b2696c29179f4aae474b47b2,false
e01448b52ee7703303146dd575ea8630ac4c67c9,true
a0f177b71f9e33f268ff84873eda9efff2eb3a08,false
52b0574c73bdc3d1cd12ac8a8aba887fbdddf575,false
01464e8e05233c4d698eea1ac9176705984a7bde,false
0ee15b3a592e166045d6d9b5e93663381ac93d36,false
9546408a3a9a98da45218b78e88ebbab086180e7,false
d2b9ebafc8f1869dea7e6ea7d4ae9f65067dcb21,false
961f9e7844b0e97f64dfef6ad4d0b858a6744c6b,false
72da4cc4930d15bd189c25f1ca56e0652d09c2b6,false
78ca14e426ed3e66fda9e4cb3189bdb27320ead9,false
cf0560607e63facfbdcd2e34041e56c0eccf54a9,false
9d7e3cdf794c7a7607aca8a87717da20655310ce,false
592dadd12e16a541645a16bd78fce4e3f6fffa4d,false
ca213aa8d714d81d196af03379efa934a8d0bf42,true
f3f00d0ae0f47584b5f2c8fa5960b135cb7bce7b,false
b1ee1e84418cd0c1da6e63eb123be2ae094da121,false
292bc788fbc3ce539b183582905a347ab3f29bb5,false
4e3151ca029438580f42512d9020a6104e0f439c,false
99cbb862dca5c8515d534c26bf28659c9c0f27e9,false
124a3d83bae4759f3de32aedfd204814cb63e440,false
e3944d5d5229682937a5b5a906d914277b7dd756,false
85272a30a21e3473f956a6c28fbf09a7beed318c,false
63d34538485ccd03b7d6b1617030dfb45274b0d7,false
46a7956f7753df12f672f7932bf84c6d4baaeaf7,true
601aed388cb5b0e4d0decd5e6c84ed86c0efc2a5,false
1d7dfe4e07cc06149238701087811b49f14ea214,false
6dc1ca0279ca21284602a104348036d5eeb2d631,false
9bf1bf47dd87395c45bee2954eef73de81a349b3,true
342ae7a5de4a76f609dc405c9940284d6f3fa7cd,false
9088a8d0ac0697495031510f9dfb98884d8a2f3b,false
55dcd65ffd426ae31004fa49229d0eaa514b44d7,false
87e8cf4165b56a72257595f0503dc51fea773e4b,false
82f636a21e5596ea664d1daadf9d720ab25d6de6,false
215a70feba749569a6140ff25076367d24c4e67e,false
717334aa89e7d81988658a872bb1eff5a0b711a0,false
dc7d123f6d51caf7dedd822d93ca4e5003e24c9c,false
cfee4713edf490ba0424ba23f20771786e73ba71,false
bb54ace0c05c29ee3f556869e62f959da5380a0d,false
0ff9543efabf1ecf79f4d9b96e3acde82a481fcb,false
d943ebd4234853c10bcb0660207f277ea7bf1ac9,false
d7e008a4af441ce86bce435ba858a77d9d0ec831,false
b8b1dce40af41248d2e0c0e346d2e7a233423185,false
b056d2945facb5819753ab898e3102dc100949d4,false
2292bfcaed3567754a80702c9af946605b46e454,false
4ede5f0c8a70c44ee0ddbea819cfea6373eb1681,true
0aeb92ee165c085ec54ad001a28f067ad628b621,false
f9659af3b2609704bfc5800af59a427297632d07,true
9b2431807cd99c1e1521b1979bacf90b00dca528,false
db9525903d765da6a1afc170a9e1fcf352486209,false
18641327dec2ac1f4db8d319c9f748e6c0b058fa,false
e1864bee4ef52ca5369032bbc3ec09655f80896c,false
8f844cb437ee54cb106f18c21da0602a2f4ddfb0,false
ecd1dd81a2c1a7735a943ab8fc6e0781c40c2c18,false
274ae57385c497a8066cce303d8b2b7fc03fe61d,true
722bf3fcb881a81665d405d4a1180854e1a79676,false
60cbebd0075b7a132068d3a5f95eac398dd00abb,false
9dab1e86ec341d62c885166980bfccba3938c27b,false
99a31423e0c88a3a6f3995393217c994e55852f6,false
8d180f535f5c54d08a48a1fb075bcb2aab0199d1,false
6042f77d1ff14ad6b71004ca9765c6d0fcaa96a5,false
5e4f8495d6c96fe93eb8cec222515737c50db3e8,false
0d3c0f7b76937a7083be94e9449c93947c1673f7,false
2f438b1d3a6a877981dbd62475574df5ecc7c5a9,false
7ab572188a7d2493688fe4e4c752f8e305c35647,false
ac14688a4f8f976a701706a443d5077e58b764ce,false
925c9ba9e8b1af8e6c31c494d0114289e51e6e01,false
630ae1f802946a136516fabb330c7f18211e3055,false
e6974a98bc80c492280bdc620252b8af71a82df1,false
c4b79295067f8584f2aabdbb3ff582f1b8b0eb5c,false
0736137a22bad0cd989180f126cc5abd47e7820a,false
ae68917bddd543969fc86ec763c91f26b2ea1ae6,false
de8c6fd31624274b891092d1ded4b3bf6e818386,false
d8a882daa09617aa270583f1f70f468ae300781f,false
6fabbb62d2c1c2b815ab34c7b78450f2b346095a,true
07b87bbb4d6415281f7385e4ceac59a91436865a,false
5e081f46924164b80881555aef061e7c305ec3a8,true
70509cfe46d69b85a851730cd4badc3555d68745,false
356f7d0099c9b9eee2d680df3ae04b504af19c6f,false
bbf405d566730df4ea8c246777d823d68b99d5fc,true
14d68d4cb2f541243247058b751b77f631fbaa45,false
654b165dff0cd7e8e136a425aaa5bb51ef4c48f0,false
fc9446876fcc5d50e311ef6308b65587b43c01b5,false
a53b71ecd5230688cc52991e67c29cb6a2a09f54,false
85317e3982908469f1e5145f7278e2809c620de8,false
ef3ce79b8ad8aa052c2f12ce700c61de2a93c513,false
f36d22f4b1fb1b867aa4566f6eb9bacd259d95bf,false
28c7bc3085357edcf3b5990cac3eb0fdfdb16431,false
b1cd8c5a6fb3dbf7837d71286f202cbe3dfa1d72,false
ff39a4a763f92431013e64ed772bea13cd07aff9,false
34dfa2760e2346981e6bcc196dc391c9f4dd6201,false
6d54c8d113a650e86913dcb326ef32440ca048f8,false
75851399baa3aa9dcc0f2200d310f5f694060b2a,false
ed62f27a4ac8d95135090195e39f762ab6e9ad1c,false
85308eb975a9552621ca005b5ee86234748779eb,true
ba0f90bdafb70432da1434dc60676c95295d29b2,false
32279e42e49708cfaf9ae3066e3f6f31894d907a,false
1de5b5dcc1cf3fb92c57e85fb04cc88291e01c7f,false
cda51f13dc9423f3b0052d3604f4eccb63530434,false
71a8579ece75d1a822bd1a0f8bae217d39e209cd,false
9b93749d433dadde72540db24a3e874c1849053e,false
fd822dd3333b4856678ca778c84ab44ea90c26a5,false
025a2faff2f86157e431a96f8d7b088b29733c0e,false
438c523fcb4ab8a8fdef6bbed600f81e41a65d69,false
83e9e7fb5c34893ec3d3d5552755ac335bc01574,false
e60ad58098ac34744256e79cdabe7cd33be9ae06,false
ec142caf9c3e7924a6f373b894cf0f4dbd799315,true
3108e8a8715858be2571742402797929de1fd8da,false
5805b6859e96b4a15c9caa4a73c98667566dc840,false
b6083e227f15befffe6f42963c1f9a69cbbc4375,false
fb59874234bc27aad4a5ec9154216c7bec81883e,false
d0f625f70ec493d474258129eb4634075a2a8cde,false
a44aa1378fc0933e163821c504ace71d0e955af8,false
178a2323d98adcf6f481f144b495d23ab7a60d0f,false
95f1bca3fb8176d760ce703362b543a28409803d,false
fe086b43f5e67d4c1b9ee46ab2855635a13c43bb,false
d482754f66c1be7270bc6bd8df7e00c95f016b44,false
0ab9471c8d302ad4c19cad2201816f3420c6d424,false
c216c874b440ca53b2a7fd3b2d5546c78a0f22d9,false
8b7e938ed6725eb510779fef319028c12302dc40,false
d4cd25c4aeab39ce0922c38eb4c230f096bedfef,false
b9742adc0bb8de698a62eb3bf9c97fc2be4c092a,false
77ee124374b0a9c30457267aaa73af267490cd04,false
425ecdcd8786173ffff8a2d1f3e7c6ac30110ffa,false
34d329c15874e6d44773883aba5b4cda38797970,false
8eab43d371753bf1ee7e989975d38b1381e3691e,false
724357543317dbbb40c91ab2cd27235a4f51747c,false
8623fce11930c4d8221ef0d7f03fc02775c00912,false
57c17042b6d2863831aaadcab30de6a20fac6cd2,true
e330fd1c6640be09d0ed724554212a4bf7e1df97,false
11c60b8c8f1594245e85284f6e7edbca8b0170f5,false
20c673840ee341e86a967dec47d8f36e07a8f345,false
bd65c6eee6e6fe2c5b80ac73b6f94a5653fce9bc,false
33a771b13e04c731bf5a0d0b99d7332d0f1d512d,false
79ba1b94c4102ccb2ae25f48c6961365cb426ac6,false
d17678959c90d3b7f8b61e83c20a38e03d7a70f2,false
055a52f67edb5af184a5452ecb8b41afdf528c08,true
e1f29a810350227b58e2c4236d07c4de336621c7,false
371d83b4ccda60ce7024e2ec9b00a4005ae98833,false
6f3d062c32f716b7e325780eda14cf27a1782acf,false
b474e50e87ed4c7d5e0a140971ab17186caab032,false
5ec73f38091a3af37ec5a361837818c4930b8481,false
597f63a603622b8d81c9aa43dd374888b38fa6ec,true
23fb69a682541d55d2f251ea85b4fa4cc9eecb86,false
bd0cea0d87eb90c81be8780b98d602bfcf2d71ba,false
203c20c040a2a317f1e6ae200cdbef1d4365b37e,false
e1afe007585aac2b88afb0ba431c454652df2a63,false
9272e7fd14012ae9be4401092d94552a3f95041c,false
4fc70386907b0a868923ab954eafe2a88fc47ea2,false
2021247ab44dee84c033f219cab1d60d5e291c2a,false
16758879f00b3e0a1e027c3c0ac955e5a3aada58,false
a341058282cb605c4bab688c65a2a1c0dca58ce2,false
ff8a08f40e5ed71628b5781c6a62fddc847e8f37,false
c17b8285f95a6a3b2e4552600fe42ee65bcc3392,false
578988d5ead8238782d83598bccc96aeabf1f30e,false
c7f69eba1d3366a042e009c06827f2590e74e7e0,false
6742e5bf23457cd896236cb5beda69685f4a7b75,false
61ab29ae9e6625d805b579d95d04190f55ef8545,false
14d245b1e30ddc5dbf5d323d3cd526b81d8c7de0,false
68810f7a306ff1afb455f02a1e0080b5cbd6f816,false
e14764b4c8faae1b80c0f45bd3c279a005626e14,false
55243e7cf62ead0c792f5f68c9d155e899261ed7,false
4b34307a6e1dfea2b0d78048545f7f3f8401f514,false
4d19245c292242a1e9af439d13dec61a1ee83947,false
1aef31efff48fe656b6429d65257a5611e980b10,false
2667a0e977c4fcb832fb0124f0b97cb060a74093,false
0d4dd57fe7006353b1921b491002c829eb6d2a09,false
d510531f65ea2d7ffcc950246b7baf0cbe42e5be,false
acdbc65c5144943a5b2da75ed26132275c9750b0,false
219e9d3afb264a21fb5a296068c84e5dc1b8f7ca,false
6b75cf849643c4b08100a7e9133af26c43fdd93b,false
a6078bc4f4232844464198fbcb83185adfdf9ac2,false
6883093735aafd84821cc3c51f061916ee457312,false
6cbc2fa5ef30ffc8fddef50edf7217b392da08ae,true
9a5f094d1d24de8776b877fd4179077e2c637b05,false
5eaf99e02abe90294fb07d083496b83ecad23478,true
58ed53314c1476d085158906166af085cbdea69a,false
36a60bdf8b170d426eef9e1225c067522bf7dc4a,false
fddecea18e0af8f95d1ec9a31a9ee7fb911b3a5c,false
74baae397a5cbdfc95347f02d7fc05ce72d05b3b,false
db1b92638fca23a3971e6e0ee8cfbc4d1072f2fd,false
931a350f3dcda61f8624bf9b1e309b12f3b95d8c,false
9dd41947e0c30be3226ce5581373bfc1a631bf00,false
fe86ef0a7d09df39d9d90867069005be5a599298,false
798a6ffc74e050a5d239e658ee1bbebfe165741f,false
cf0486a5d33f958f575703fda39ebf7293adff2d,false
894d05ce4efc84c4da12ebef729fc262d713e601,false
b319eff7cd255e208e94cb40ccb4cfc43f433d1a,false
a9aaa11801395666342ac3c6037d7675a4e7673c,true
bc57f319e5914615f3777b754e0da142025f623a,false
952a92a5dbe4857bbb2c0b3eca8f6ed9f1aa2464,false
86b62ebe765329b2acd10ce6d0cb99c2b7b2ae40,false
a839ec434e0628a318cdc48510e04e1ef075e9b5,false
6b54b69163a1b8983504dd13344089f315d8d4ed,false
cf1a148208c8abd6715910cc7c0a790402d5d35d,false
fdfbb9572d3e5c38d6c4516a3bbe2f888cee03e1,false
a4540a847a4c51540f5db7463edcb50a59f02c49,false
5658fbe8bd9da72b519c69928c1bc5c535726d00,false
04c6652793ab99b96d3ffb25879c17f02bc41a2b,false
ad680525246d14434175bbb74fc8c3f7f8034288,false
845f792044fd58972d72d9c657da7a298a33a27b,false
599a55d5b1c502bea829d30b11183409377b79c6,false
fe19f0fe7825fa6f1688963a67e2532dd760cadb,false
8d22c2a8d8720c212e8dc339fdbf404bd6fe519c,false
cc3901691c4b286cb0135e4ed92aa70ba422568d,false
bef28d2e34b4125301885350f81489b2ffe241c3,false
c24177e8a60b291c1bdc2611d9dad02a65931a55,false
3ea31d024e79b62087492ee020566c554cd1b5cc,true
304e7c9726e5564f0b72771afca8d9536f2e8e68,false
c33d2cb0b8338ac866035de097c335e7418e8e93,false
dfc7947a2f7b32f1acf980c5888aa0bc698435fb,true
7a386c457701bf4a851da09befb3cc99fe88721e,false
3403399f386848c7ef6ca90750bb6c89000e6842,false
311d5ac9b66c0a646fef009b35fb9dcef5546d4c,false
5f5cb8df9ff7230c0b99a99633db8770c3fd8c72,false
342051e11dae4937f45ff6ae651fbfb89ee79d20,false
98737721500b41d6083c2c7dd446b95111e155ed,false
9b17adcb28b6f8aac76ca55fcf04a3a53d9f9933,false
43d325d2a51b94b2a1e9037f38621a03d47ef8ba,false
f5839777d1938bac72f63020cef552005a45b831,false
4aa1bd0856f08a319e29f215cc0788dd024c83fb,false
0c824fed5a3e65fc5e7439e02a08c7ea5fee5455,true
1e0a0cf29e4c2331ceeeec4383cd6ee74fc8087f,false
10d28efa1c7c59c6eaba18e7701502b5ee56bcb9,false
733e9a4a6aa3380497d9fd21ac9e82fdddd67cf6,false
6ea548a35dc6101c7fe2d34ae76e852973856f68,false
aab89fb816cfd032178991f02326b3112b1db143,false
00051dbc0f935b8dd165b942e7156cb95e7f7275,false
e594bd13a146b6a2f22ed1a29ed6b73f23b4bd93,false
0f6302e92bb337838d5d938db24e314f57b85b2e,false
b8b5152336fe2193e915bca7a38bb38f7c941561,false
45666773eeef4af1bb55bd2798b07c03b2acc1f7,false
d7a3c0c439ab59b10de0a1f40b0146f69911b050,false
ee66805d2e0e66cd851b75dac2212c40f60e790b,false
c6f62dcffd3319e2d4d5fc466496a97ecace5d44,true
ee7c8fb0180dc35a4ee45d8ff06bb569e6cbc65a,false
99840488a182dcb476e5cdc6afbd2bcee988de06,false
68d35d2d95f51cdbf29e9a370209e16fa0d76e05,true
ec9a220bc3184d2393a8a20cb891ed358cb654b9,false
95c810ddf4f0671541ddf28a7fb64e41f854b7c3,false
655f05c58ce8a1980fdaaab6e62f761840a8a4a9,false
9f551eb552aa566b995e8fc38fa115c4f5969728,false
67cb411c998bc278d07dc2c32d31baef8ac29b17,false
b38e0efe9af1d0cd09bc14d7cb4c3b010707af71,false
c32d831dd610862985c6fea5285afc5962ab64ad,false
cfcafeefc63df7ef69166eb1c69d5ed76050fe73,true
f59c387b9c1f93088a4193ada523fa6cd131fe2f,false
1dcbc9e0cb4bfbe05a7dc32f1ceccc3df02a6c4a,false
97676d1a1f1a01109b4282474a322a2f900fb267,false
ffd952a60e3c9b196772d0a9156f8f4ae6dbabcd,true
da28a2021c818a5b260dc21e92215ade031740b0,false
a91ed0f1ad19632bdbccd6c39d07d2801271c710,false
bcb2b2c784c0ed1cc9fe6a3c3356fc692c50206f,false
2c961b6283db8e08b44971439cca9cb7d1cb9fb6,false
739a15851d1f9c9ac9843ab87ddd7b91131d8b15,false
f01adfb060e606d27f2c25213e0907d83d805a27,false
7b59c4abbff56f37a0cf0bf0467e0f520b2056a5,false
e6f9b1c7e6b2de390599b78bd474c8088720c0d7,false
57592d787cd0238ff7423fa7d40b4111b589ee5e,false
ee3ece8c56663b58963df9d86f035763a230a985,false
ebf07833e55e421ac38a9cef26295e403b825602,false
6b5ec36eede20d894169b37ae55077211a355d0f,true
1929654f8c5a51e2564b0672bbca28d826aaa6ce,false
335af521120d7fb59d1c31136c6b3ed94f9e79d1,false
9a6a7116da271e3c80bc9400f8c548f84e9a97cb,false
001e9363a1c36e4103b577dc569c0b708a76bcd1,false
1248c25041c78b4605b4d14bbe9171e084e6d335,false
6047c16f3efc5cfd43d40ad2903f749badfac8f2,false
ca25e4dfbdabb3eeb526fa4df75c09be005e267c,false
3dafaff2c01236ae7065a299f1bde62f869a89e9,false
9434d01234c8d3d53c659c03d90d812633941d63,false
954537291f3e07b3258deb9e02eb712ee6269b14,false
38b73b9ecd1bb8615b4bb00885a1f976a1717ad9,false
43692d3409835dffe4ab79f165dd167ad23148a3,false
6c18ea9cff746ffe7ffcf27c2405bb59f1abe368,true
5eb44c165cabdab7c9d938731db105b1d1f05bfe,false
2713a10a0753acfecf2e3efcbabd47b1d546758c,true
a65e85f9e17d36e2d350a74908cd65ec97384285,true
e182692a5f9dc93e24eca48c458d82601fc3ccf6,false
fc1857717d8298d0fad6063cbcd258c01a29c4a5,false
46fdf2c996c9eb311dc9b3240b1fcce25c7ac609,false
759143535fbb78df155f504b04fddb397003ce8b,false
dded258864b9f7729e18584021afb18673e51b3f,false
58c7e3a52c6614042304a511c40814ea5a28e943,false
a87c4a31a3c5cf859319d2fb50a2b1c827460759,false
0801679173739a58f27cdda76f97a66554233cc8,false
cb240a8f03a152b20bc36de41c032e978b854802,true
cf698c258623daa2d13b0ed3b8310bb4540d968e,false
f54bec7553580e995017565114273d41ea338e8f,false
cf43de77554a46e0c5017c924ff83faf947963fd,false
1eed9c82dc6b3b49a9197ec9c9e9c05df14d7135,false
2dc87d42b4d147dfee584edf1104b89088d0eb05,true
87e54c001feaa298cb8ff638c72c05a2b6a1a102,false
cc1777af0c57ad3bad432e477cd4954f5e7e6925,false
e07f25000ddba1b510766966f2f8d0f3bfdb94aa,false
4fb8a1b50b13e67167bf9895fba65c88e4c89152,false
1580555d303c831b18c0d832dae162583e4b82a5,false
7a84844000c5f61c8f414dac93a7b3c0c85ea3f6,false
2da8ea0185e3449d3c069376c1a7c5d1ca64e325,false
bd0d8af7b30d574373d8ce508a6566af567d7396,true
2a7e9a266a212939fd4cd01efbd93c78f4fb62c2,false
bbdbfe85edb8b209f5b709bf2d681fa66a424b28,false
36bd508bf973880be98fafa3d34bce98ecd11828,false
a63916b08e6a74fe95cbd5a5683ffd8fac0f10cc,false
da04caeea213b2c8218282af29a3a8a7de91dfca,true
4f53ae0e89ae8732c3e0d513ce6067167d22148a,true
779da518dfb522f45e3915c20220178dfc17449d,false
b1ec81f0545d6a1890f847572197a32a4221b657,false
2facedd60f1d7b5150f3b27165607a844e1129ed,false
dcb16e05bdaf69159899190d6910c3aa27d5aaa5,false
bf3bb5d804f876140f6f9ff24902df662a81db05,false
af303bd26fa6524c2440a0e754a7944eec070d44,false
16e5018489df976dc03e7696b881e7e8ef622d54,false
8f8ffe70205ea75e024c3ab5cec02840d529fc7c,false
fe710e5510d143b6f2cd3178c07a5e61eceddc22,false
d210bed744f1dc16d07ed01f2f12ac5063e5475a,true
341238305d17f869657f63c9ba6160cce81eb5b4,false
23a2861b37ab92c34e28eb1b232d175a45812921,false
26bae65e1e63349aea90d8d5adb7f2921c48672e,false
59720a207dabf5a939f205da7bca93c53c6a8066,false
08838e091f383a5a04ea8c4908b911775dd1887f,false
8158f761c83fe1cb88d53deac989653cbebe8774,false
1d6b119340638f2dafa71886dc5998d1f7660104,false
9330e3a50d79732975b2292a5333e02747414d2c,false
7332b1fa386544ecb13ac930e5bec372961e3cc0,false
3090df9a78139c9e1f775802eea68a56879be48b,false
72e01017462944e9d1b3ab23d4124a760a1d2be7,false
30accea383bdef8756428176cb34ac78b5ddab23,false
87e99f59bc33905c7d8224d90fc3c1cc1b1d887e,false
b5e131ecba2e4c5bd21fe8d9cc802c6f4e7ddac4,false
ba54208dadf2e8d3c927e377525be9c32ac21011,false
cd23fea698a54adaf0f70281ae4937c892cae439,false
08471242dfc7c9c54bf0b95ed106d9d65fcadaaf,false
e647d4e2158b5f5031c0c11b8768e17f09a6dcf1,false
f50290ce1d361d7796f3ce6dd647c70242d4cf94,false
992d1c13490af96598fa553390680c5dbe9375ba,false
2855944214108052b37e91d523b745253af5a2d3,false
779d0c9d3772d1e15eb2baa9bce46d70f84bcb3c,false
69ea87be314c8ac131b36d02f427a0f0328e59cf,false
cf9c1ec7c362ac7abc76b774ae1ae2a257b08673,false
9e3c58989a3fc3bddc712d403a3fbe65c50b18ce,false
7ab76f3573d3dc7298d50bb986aef87a1a50045c,false
445825957d5ae84df0cb8f0dc8cb6bdf54287443,false
572b7101cb51b0ebeae7042733877ab3d967cddc,false
85b588b51f45784cc3a7f012ecaa4b7c1f6aea14,false
e42c11051e8352ebff05e83f77e4f24ca7f4d329,false
36a8908712a5085b3585a335f84be79852b2391f,false
504d7ccaac0fd68bf6ecde5f3c6ae4a82813b6d9,false
41958715411455cb4d18140dc49672543f6622d4,false
9b79f5af2c13cac9976cefe2787617a58d769a97,false
853e571d014011afde20d105f24d75a8907b2dee,false
028e5cc9589d3decfb1ea276cf8e825eaccdb8f8,false
68750569db14e79fd258b26c40745add84c9dab1,false
26871810450b780095762bb2234054a9bc0e38b8,false
c3eae7b76fc20fd9fdb3d755f5ff7dbb2b8789c5,false
e7171a326baa64b9406184206a1def57d59f8760,false
08551f7bc729ea3d9fe8e0fe9326a2e99a4c1c04,false
dd86c56ddc4bbf5371bf813342d0454e57f83c7d,true
cc9b3f5965e02552fe2be28409452112734a3938,true
92b23bac16b5a26161003935fdce7f1c22242af8,true
1b0919eaffbfa34c62e4c39dd8c1ce9b6cbfc969,false
01f868cefc83673e7c486c04c8662159f19380ef,false
4893ea307b0a604faf938718cab1daaccee08914,true
923bc13e3ad2460741825490f6956d7c684344b6,false
e82cbe60a94db2ac7f6173272e3b7a278bcf2f2e,false
b3b0efd47e369ee8f6c623728b6692b8a71e3d5b,false
e5e2370923f387030f5c17a889eb051a6c489c3e,false
90063122531f4fb70f53e77fcc74ea1dcdc348ff,false
55d5f8c6f88c0b56d9f485167a8ea0ffb5e4bd35,false
8d793b234919fc10bb81d7fd3c06d5fef6eaddcd,true
c73f7a6bd342ae5dab4144b9275ce7c89478f8db,false
781c2122755fd0799c71acb8ca6b46be96e11113,true
fb4c5b457d64769e931f88efef7864f018482f94,true
08285f5de7a0690f981a6ea28d1db750a0d05376,false
20b5b435017a2b992d09f95b404ba44424c4da83,false
42b508427bce4c6f8dbe263819c8fd1c6004dc8d,false
ecb39d5899e58a0d24784abe22201f6481dd8d03,false
4eee7b8c0dabe5f0490e017b1bb65565bd7d5fc3,false
5315752bc060a257c9f84bca1cc40b912398fd9a,true
3f5c9d1246dd91a1e10caa02073e004c7425df4f,false
811b38554440d6ba005fb8269e9c539c5ce257fa,false
cfdf12aa7daf2cb526a0e53b958697d9cb84ed44,false
e56e75165246e1df98c09bab03cf37d7d1ed265e,false
f8ac7afc33a10dfed2d410ea2efcd8f02b4ae444,true
e79c63142ad4ddcf4d6be7eaf0ee024f75ac3c08,false
b5d2b564261ee660a1c7b890ea33e1992299fda6,false
265d69051bf97390ad1791082c649f1cd838110e,false
d7edd27cdd84e1cc3972975cdd88fcc4b7b7c4dc,false
9d4c38684a122301de40b33b3c2e0b6185f5359c,false
26fb04f00c0f30d402ee69d4167c3ead5b8811f8,false
a8ce34586d8c94f74e8d8bd79c5a9c4fc6668abe,false
036d35c11a03654cf51e330c4d0978e6ce2facfe,false
9273d2bf15c8e5e12526bd6f6d5ff49526f7519b,false
1dcf34ccc20e8bfcf1ed0500d7488fc3500be37c,false
9223b81ab38743f03f32f6b2e019ce6a5217b0d7,false
14ab9423f878caa39f32d87ebd0882fd0cd7893f,false
055f9c012c8f983f438f65d8bfdf46a04dc6c791,false
7a5db3b8fefd72692f19afdbcb9f695577a95652,false
2621b2d679d6385084eeb86cc0b47e165091ceac,false
432871add9d76c869e4f0d8338e5fd34de8276aa,false
2cf2d7e7b1af00c3dd23d92bd4625bf50549df34,false
c414e38a98e52384996e143eb84eafb990223fb2,false
f61579b35029b9918f73638f6c41250a3c2eff72,false
44f44be643ec639955b0680ce3170ee9974c8ff2,false
2bf3867532966ab61a6bb086f5c24261fd65b256,false
dc48c257b5fc9158b18745431a2fb5810e0c206d,false
8415c8bbe469b395b58d3b97eec226cd664e85d4,true
ea96ed300ff3e7ca73e50b4322584d074dcda441,false
818944317fc99e8ba08ca52187b1534a895a4f10,false
64f59712758941a35b000e81642966dc7e6473ad,true
891e7c01746343142eef1325049332d5c9e1c60e,false
2166c28d6dd78dba9fe2ba9428e2c06bfdb313e6,false
a4903c27b9fe5a11de8c0d7711109d70560e7514,false
0112b3ae0656b58c9d11987356bec7ef0b85114e,false
b21e1a1935d39c66a40957aa02cef9f5a4af023d,false
f9e0908022b824ccfbe7a41df581508af1c48fe1,false
58ec0f826d1e447e0852d76ba342c6e924e64029,true
c0ac9bdba4abe66847fc947667b5eec2ac105c7e,false
829be0777b0811bb9df5db09890e4b85e1afea38,false
5e36cf30c3ac7cedf286ca6b8804b18edb61d10c,true
f85cf57e3622f42654bac722f5004538558db611,false
73ab95bd9d850993cc8c227a5e9f4a54ccf0628f,false
45c5d127435f144d367848cd7f6807a8edf90f7e,false
7b786eaf1f27519f8d7e5b60727a80b32340ecf9,false
d1d59c1afda0ee56969e8581907d6c22d652b47c,false
e492936cec23e30c4162b67e531b3e3f1a1d365a,true
009fda67b7febdd14a3715cca8b7e2843960c5e2,true
469d62703a735e9dd24de67a638397863ee45d78,false
7b47ecb1f1e01cade851f47dc3141b5b9d3c896c,false
abc1a0ef3d1e146588536d8454b73f352b70b967,false
406059db72ef61b55b896c881108b0609d6cca98,false
70942c87d125caf705c10615e49e8096f5c23034,false
1f516e34b63380f6d9ea22ee14929c8967b0dba4,false
670941bec8265bad72db76d90802de6dab5ad6ca,false
7d2330c943b5796fad80a84393b788373f61758d,false
08bcf579a5db8068b8587ee326cbbb05ddbc3af3,true
7a301edab7c5dd6494bb9529f1364dd7d0427555,false
9d0ff7437726d8ae88e2a4e3af59695dbf4c6de8,false
1eef260da9ef59e00a6aa6b5422830f2d87f7485,false
f72a0d2f1610819693061df741d47a245fcb8ad5,false
f13fda2c156e717194d8f9b427e257862fb4ee90,false
15368ee1c6bdd09bd27e084bac04f32b3173bca2,false
a4bd85068b173f677bc7e32bda7754d628e9602f,false
02fd6d47562ea687e2790c18b41416772b68d00b,true
bf877f469cc98dab4484c7b60afee191431f1d76,false
f82e8e006d8e05f78734e26f187004d16fe242bb,false
af2a7540d90361d744cfe2b11c79bc8eb34fef67,false
78c7d445463fa2b7cc07035526ce06d94dd7ef92,false
d1f678bba757fc517b3cfd3c7696c1bc89fcdba7,false
fbe0f4e0f22eaf39d41a9e1b9768c8f0605d1787,false
dcf0412f119e7426ff60d35b81577dcf3d6c11e0,false
805a34be96a2cb6970629c0e99506fdf78b768f0,false
c896c022a6c530c055eb81d402dae784b0912d38,false
37e4607c910f287f6267bcf241f62c8ed16991f7,false
742481932e6ecd1c34ed362b7530bc0a2a4a354c,false
11883812b3b9f5092d891db561e24fe8145f1b59,false
1cac9c96849210bd6dd9902fb83d9f613afffca1,false
df4e345961602baba45ed9a6195cded70f42147a,false
40174b825a41b6346887f8d59ff4d9dbba212275,false
779dc368586ea55315114f538b5756f3a76def73,false
34a8a940833d616a8e228508cefc03361e6ad8d6,false
1fb27fcf8eb809a353781027ec63034606626e90,false
e881f254f8b79834fe4dcfdd9de206092ab48a69,false
6acb14c60d013feff4c6da9de918233d181927ad,false
0f028589654bb6e0955251108271e1c80e9953bc,false
d0b036227aa7a0bb964599730a00ded1310ec781,false
bdc9a1fd1dfe2153f1f8698d5a098c775dc8fb9d,true
cd95be4776ef1a1c5168d3f77581b1be7d2583ad,false
9af006836c37813c914d1aabe663f04cd560403c,false
b9cfa655465598467820f639df7f9424998d9210,false
6e57d935079a3b19b12ee011b4cef3df23c95b4f,false
5f9c7de5169110e91cd23a14cbecb6508a6b7d74,false
de372c4d47ed8dd31db2628a464db7e8e43bbd62,false
00a20222928c6d0b5d5a06b9b72d17047a608ca3,false
6d2eb2e14069548cb63f2967334d6e4b97dd3799,false
c68583f6663d0006a8166dc52ce26f9b9a26c706,false
f5b279a288e0ceaf32528742b8116833d5beac98,true
3a7c53d8959327de0c7e3ececf471c0ce8156b95,false
ff211fb4f990dc5f5339b1427339e987ec5d1d3d,false
e7bf74d91dd88af23c441493a9e07d29a8abe3ce,false
3fdecde6e95d50cd471cfa00ae370efe6fa8a173,false
5c62dc78baa739ab47c2e9ee4b55139b800f9889,true
de3af34b66572b6287c994e0fa38028d6ec4cbcf,false
59f4129ee09281cbd05d31c7cc3d288d10507a7e,false
0df8372407cd8dd356b0674819a38ce0806cd1d3,false
af1f6e570831de1f6bc3f7e160ac22d0cb9bb9e7,false
203761193180fb2ac2b9e17b1f6bcf275c0f067c,false
856e70cf8e4dfc97e6b98bbb63b68232018e2444,false
fa533913952f7b011a618c21cb878501e9adbc79,false
4ddbeb6d0618616bbbab5e577850ac7892f19ff7,false
eb164809de3609f47ab81d5156e7ea60e6ef84c1,false
fa344776a1ae204e87f4d8b20aa4d522670ea6d8,false
dff2d90325ca54daccde968822c325002b4d2a4e,false
96e33f5b4fac4e943c22777f194c122c1093188c,true
4f1ca920a76a9b9ed785565e8a47bf8209eb5155,false
2df583df1a067236afbf479c221cea0bb76d3a2f,false
496a78157269921718877bf47c00101ccfffaf7b,false
a16794e2af28d5fbef50bdf4fbdf57e920be8fbe,false
9ca54e4364af0c09ede873af885ea09cfaca4616,false
e434528cd3d9b579c1106e1fcdea29f3e0d096d6,false
8721085d148a140c12eac12fb9573abbca934b50,true
903b7979de7aa3d2d340c157f78982b0231741ce,false
fa6898167b9edb2b79b93b5bbd3d5719a09230a3,false
91615aef541b302c65ce4e513d58c2a49b63f19e,true
b5629ff16fa8c7308ef39d4b11916420f0efcc69,false
4de2bd5901a593ccd3a9f6de44beb47b6748dfc8,false
e809e967a3d4fa8580d09e0b32669bdf81c92a86,false
f72980209419c7f6ce5e31c08230ca128e080781,false
0765e7b2095bf9730d82d6e5fe458ddd14038fef,false
6d0a746b76f95d1c747047892c4f5f7ddbe6899e,false
9c443bede11c6030855a2d6f65bef519451abe24,true
e7501b621a53d4279fcbeb3271e11b16572a2201,false
55fade497d3036cf0f5cffcf8d65c89403c9f9be,false
e78ce42dd5ca07249348d4b86b7ca95db2ccac4e,false
b27218d799119941f38026a0858ddc8c597cd13d,false
d121f8f5471c89de2994f138d1e6387840f6bbd2,false
03b358726a0dfc336f7262e6e132d9c0cdcca870,false
e7916080986aecc960caaf760d02af3984894840,false
570618705e83427d10d418a2af4c1b7fd6d7f205,false
4b6ade0b14fd277728c9ccc4004383b0853751af,false
147cdff5550bc5e554fc37d7baf0f545b91597a2,false
5511b41f93a7842cf9bd4922977b33c35bc701ed,true
49d2e34e12eed5ff52671a8dd747fb9c64522405,false
2c7bf2cfdb216c9dc3a19e0c3640ff821b2d390e,false
54c896cbb9e99dd17a047cbe46b37866eb04678c,false
ca072b4861c5707c9262182fc3298cdfbe169b09,false
73d3b76a89c952293c4e7fc3b26d7b2ff809fda0,false
808432e70925f5c8900f335af603e6ec90a23111,false
7b34659a8fd5df7adde3e38681ca17a5e080008b,false
94dc9fd0d57992ff57dc68b90a3110b6561bc230,false
ae14e35df7e25792f4e4640c4f1963f7553ecd3e,false
fd21fcdb847940d0e981026361f0fd44cc3b3ec4,false
3e77004274a3fa5979f927f96e0af191891b0bcf,false
53dcba1189bdd06efb7831d40866cc82d58e8e58,false
6a5d8ed3b5fcbfd58f70fd003ebae39e311f81b6,false
6ca3cc230fad3767f11aa5c51afc64fe5570fcea,false
d09bb4ff745584bd21c38bd2b3998c8c90c1e9a8,false
36a660a8ad5f0bfde2b2b64f112d7b9a727199fc,false
a66b9ea7490b4d2a0b03532be73ce270426c7353,false
43000a5f80b3850d4da7b06d664d611399f0865e,false
05b43965d179f782903c1a5b876a712c8466fb09,false
d96a5547ce956d24ba571f04ee10d9d75ca16864,false
8e22ce7c70c0e80ddeb921088c27f01093995675,false
ab4bac05d166641d7f1fb2cb032c434d0413ca42,false
0781010b16b566afe6efe88c8aa0a39197efd27e,false
e88ff77ecbffc7666c3aa28087d70c34a8128364,false
ec6c77927fa9e08133d1bcddea6cb2a649738a16,false
3b565b96b7d10c83edc726151b490ec82ab0b650,false
0e3875c1ffb571f9a92c220777d3b960cf2ea89e,false
d90bc1a3e42153c577ce8ded59efe8be93359e5a,false
455364ff293e50f215b23e7096a7d935734d11b4,false
589041b3ed4289bad238b8cfe5b83ad46fd3f470,true
b3e67e58b55f1024de9e4b802eb256e76f3257da,false
ea8c34bf8b0d567eb072ad91d9e5412f5ad87c55,false
81b239c6b38ee67fee1cb577b256fe71e45230de,false
0c123e167638ac8cd54b6a9a559e22e53b3d1ca8,false
e99a18f54f7f979f9dd24f0ecf594401d2a575f6,false
61eee45ad010ec098da73cd0ca3327db3e754ac5,false
49cb1875d17149765c309465ff6f1f693051dfd3,false
1a5dfb0ac272edfbe98fd25c04bfac4156aa822d,false
e73f646e1feb33dd8243d6e6ad54c289b010706e,false
d53177e44c25b77289dad90a57cef8ee8113b4a3,false
361094f53705b84a750d8ff4dab063199f956a85,true
b77a219e1935fcc2fe7aad97c5cec605a8ee68a4,false
bd8e6354b58e0af398dd4bde37e3f0bfdbf72324,false
11231703d510d058e8cc2b3948250df7a2a3f9d4,false
6e68876a14bc45a319e17eb477ace5cf4da308f4,false
a90a85afae7942bccae2276b35a324e50abfb69b,true
a5d146928191348cb4b9174ccb278a2a09eb5452,false
7ce7b234503798cd6ac2da9ff076547ac73e94b0,false
34694b4aefae1e7a96ef8dced11290a84794a28d,false
d000a5dff891601b805c1909949d98624ca95555,false
15df3aea44161ac86f3917c94835605690e44d20,false
19819444af62509558e41d56e33a6a79da0c256a,false
c9437d8c72c44fcd31e8583c64b21f887a452837,false
0f0097c15cae1760130dee0d950124b7716f4f21,true
54c5a9450dcf910c2217c7a8e56a51f06d32d4f0,false
d86c002132ea5a54e4457e4726c6c2336d7e5228,false
b602aac09a8e4935a2801edcb9a736d827dcedf9,false
b8a6ac72dd2f2efb3068e880fb17e50da3326460,false
092e3dca475a21c03dcaee80b13423b528d8a62f,false
74f0a8dd7bae905ba2e58bdd2ea7ced1722cd82d,false
75f09c2fdf98e50e2370e3199f4d4817f7e96a42,true
d9c5d71f400b0381a5e7d3b1d09f090781978532,false
04a4431d6a05640363e5c94276a9a5efc9607095,false
c23eed6ec437c47cb08944a19583a9fbba310ce4,false
5f9f1574947a357516be6445b5e5b5d7d8c9f227,false
bfeaf4a23e098137e415c139817ece1d78c9a2c4,false
68b46735cd35399cbb2f6ac8b541b562887cb089,true
0241937dee102b423917a1ab3e919bba7afbc154,false
c4e5bc913e7761fd6e13081bc891cc0fa011e2b2,false
35ff768176aa490c7953f5856ab0af8eef5776cf,true
233ee09efe2639e3d00e956f5f43911935cd23a6,false
1a8f133d54fec9b6b4b0454314e8c29f750fd171,false
ca238a85785d35e238df5008badd51db34788a6f,false
af5adcb0ba1ec044f1794fe151839e5645dcbbc8,false
d5445dd0495cc174500524141a50e5fb4c4120b1,false
213e06f02ea27662b9a562ff874dc1a8a414ccab,false
96d3d88c2fe5ccb4a1c674d8a590eb2b75848468,false
d4faa77ee4e1c0e0c4c17124ec92e25b14f5640b,false
fa721e82ff7520c4ad0b1afbe2660c786a317a06,true
53a7d1b66c90a619311e481b7db7f58473fadcf5,false
d33571dde31420023331cd8d88de5a4b9a25ea78,false
beb7c14adb029241094dcaf15eef55e7d2b0f7e1,false
45331be166e502dab1901d8d23f983e459629285,false
71ea16ff691cf7f7e5344bfa0383841466e78ace,false
396cbd6bd337fbef3906105f1a654538b0f5fa2c,false
20036b6a74f309cc921cc03c74e29d21019c7b39,true
2b98e6f177a79752aaf5895676dda6905976a722,false
3c126ddfd4ac2f7346b844e1937f006c6b01eab4,false
858a22f82ed877399610187601035eeeeec036bd,false
06da6a2cc6f96520a2e675de598ead27d4aa671a,false
2d1260c01bb2956b6b39138b8b6913196083a3d1,false
d0d28cc7e6439cfda03dc924a7e63724233957cd,true
ec3804e87e9b6665b481091e84fdd9e2e50c7abc,true
2fd9b062df072eae367d0d2161b6a107510129d0,false
82002d1f75a72d12160d2213cbca2a036cce9b6b,false
35b602a76e3dc0b2b607816c135fd8d1a1c0ac30,false
69359bb1e61214f3830bc34abe21f204226530b3,false
fd7820759dd8893384ae9b5fbd1a17cf8d053b2c,true
730585cd14aab19fbaefc73e23923ba375e69677,false
4e013603bea5fe686a423a2311afea4715abee5d,false
0e808a4c010f01a67e775a46c8491d9e047bd76b,false
66513a114e1b3e19d199c0a05c0bc17590227db9,false
1739c6d74fe1a80d1c2cd562d59c8c121744afe7,false
e88c6e15509e49c3257276356bc1c02474c6051a,false
1765f4f0b4a09b4cb4b107a0d024099bac9de437,false
ab5f6cc229f5d0ac66502489647bbfb70140303e,false
bac4e22bff2e41490a8dcfb89100dcdb6dbde03d,false
d9ad39cdadd73ae7da0375dc821f1872816569cb,false
ab60ac44fddbde62ae09da869f75af0a25b17324,false
7ed7cf3340cfca665c1dc9c15dff0020528046ae,true
5f23f2a15a0b0b1fa36a7b8b44ceb965c5de5b1f,false
f082ffffe3066c09b46181001638f856fe1845e7,false
4d3dec54cf4fdbb419f9919bf22c6a568ecc03f2,false
f6e42896c3623b5c4921e1f85436446d2364e3dd,false
8906a82e3bb1300038d0a3ee69bddc71b71449f0,false
0389b0d2d92d63496f4819284a00720ba61bf374,false
352618b3b7da597e3126f138f9b11e49fbd0b6d5,false
c3d164d46297b03d5beef844558befe9bad1d577,true
9db016638e4dafe0d7f031327d3dae0ff7126f8b,false
b07769bdee99844765d8cf5dab4f3e6f22ff6046,false
7ee541e1b1faec2ab30c9e774f874a54240485cf,false
a988732d651308eb4aa0aebefff23d718379dff8,false
febdbc046816c960dd7a9e49e8ddad4a2831731f,false
c47f82175460058156a08b4d91c2002f44748b31,false
e167b4b753b54062b41a48131c016273a74b1e04,false
4ba0f4a2cd5218e813e985c6af6c2f2affb08228,false
5c35811eb97b3cab048ac4b48913d1266223951b,false
7929322e95f2232838e6608dce68de9d0c7fac2b,false
e6a2db807553d8e37dab428a72f7d8b921642a9e,false
d0482a8f2c0a2b3532c1532a18884936a83c311e,false
08203033a218a9abf994d6156e82c1837b575f8d,false
a22a38527baf2457bbda282717c86721303289b1,false
c0490f777714d8e3c8d9c6eb11f74a1dcd2e2b1a,false
72dd8658cf78bcded1a65936463cb97dad6980b8,false
2b3c6525ffbbe9e7835dfdd169872d240f27927d,false
cbe59b6950c1e7d110f25be8ce8f0caca6b06f37,false
d17188b82088a6e83a65fa02dbcbe01bd4d76d45,false
c68d54a5ed5c87992f05965795ef63b1aa292169,true
142c910e3b87746a0e7fd688f4f7506d58a25b1e,false
7a4abd93dcbb1bdb74e54dcfb5caa59c9d7f5553,false
0ef89847671e6c3fbcd2220bbebcd23da6f1b363,false
cacc90097a99c17968d1b4132086253d828063e7,false
7255ebff2968dfb4f2e8b585997ce7976c6da2d7,true
d17a6edf124df76a95921c2d8c9804d67f9af9cc,false
b13a33347f34f3843d2826f6014a4ce5b738e765,false
bfd569ee44b2c7a1ec522e0e7c82712142720ccb,false
5e41e84b8d1aa5c4cb0d8e55aeadda75187596fe,false
6e77c89cd649e58bfdd96cac4059e639fc1e59ee,false
c32fb2fc71ba38fd020ceb540279766a03cbeabf,false
03711481cdfafd86b2204ef4998d993392661576,false
0f61066b1d61b7751f82f7610e2d557620062147,false
020ed33003160a4ddd7489f32595f7e9e0186d61,false
634202c0e95d0b9a9bcd2586fd0598e2aac1188f,false
91e241374d04e3525be51e41b3f322e3c9896bb1,false
1171c5cfcb2a415c373058aa8c87da4d3b9ff6cb,false
4d96e5a6b19640fc147a18f78650ff8f2db10bb7,false
a9ba770bfadc78cf0696dad19f17ec29d1a94d6d,false
fdb0664841987ea32d6e33f5efe0e795730aa6be,false
4bd7c18fe93bd3e4f62f54b4304ec7ab86bf889c,false
332f491ac71b7388125df1052286070cdc2fd88c,true
5603b915267f9e06b177536769901393e5f989a4,true
cc20f7d76d5b90b168cac09c8bddb3e229596a10,false
ae61cd443d41b6e3ed4baf5ed28a75da9320ebd7,false
35f95bbbe4fa04d5444d049bdb899baf0c3fb46f,false
78cc1b29376c2738dd1dcc64aaaf98cf6ea8a1c8,false
e54075fea30857791d1a63d275ba0d2b725a1f43,false
eeed166310720107bb57f349a1b3cfd5dbe30116,false
15cf3e1bc0f2519730c7b7b567be3a84af42f2c1,false
304f0002b4c27227b512a3a003de73f0420d76cc,false
0c0b0df36ebb9c628f6bf893bba9131ad1df342e,false
c7e1fc17d27cc7dc19dd890c2340c800e1c18db1,false
e66aee04167ceaa9724d0ec523d62ee76a744277,false
21950f7d82bea7552354ac553b6648bcb56463c8,false
fa377733be7dc097e218cf59b0e9d875e7ab2f26,false
71afc25110b978d10b6a00321fdf9a2dba6a7c49,false
cb3738d54098014da1e2443d555096449811d693,false
8e412787178cd05a53dfe97862cd7e6091090c40,false
fce126d4264501c53a9c0e8293951142209d9b59,false
c6a6bc7e253aba330dd18cdb0993d7968dcdcef8,false
f9d2839590fb620c2ff4b5e20e89d286d79101ea,false
e5ebc5a2bbe6d672b80baf3469bf6fc2246a6361,false
f649d960c1a4c4ee33970e8b14741934d4065246,false
da8df1f4d9e11590d64476fad9e779de05f56989,false
c9c61e4f17de9eb1dc9430dc092d3a4fd67e7d81,false
d130e74004a24702d4afb5ecc3d46a6dc5bd2c9b,false
7641b05f122241c5cd0fdc395afc5b1645784891,false
10925f2447af590f66cbbcc3f7e9cfedfda42af3,false
e0bbff827ea39543e0ae6c678e310130b774cf27,false
1cbbc660d24ed3e224bacac6cd74d6c8ecc3df3c,false
c2030e5859b3e052111f9d1ea3da954d3d38dda7,false
cea3da01a0ae3bd8cc84d3e33c36390b1f7ae4ff,false
693467a165d6b6968ac0945a6a13c711417948cf,true
f8407c74bc4494447e9dcf8ddec24fbc6f681062,false
e4ee63b8f37f0ccd2547aed97db5e864d25ab6bc,false
4cfcc606550e1f6db7158c939b454949c6efe20b,false
45c8b8182374a15bea06f34d908da7f7918e8f9f,false
9f22f2e8ae547a6cdd021dbcc83458ccf8b1b3ab,false
bf025445d5d85cd0ebce5816e268be6aa7f7ceba,false
799f0449ad63b191270a9043137d985441bd7926,true
e3c386a8a75e86fa9fa8af1ddb4c6bbd95057d87,false
b775e4a178a9d13b0fbcbc2a213ca7ba31d24289,false
229fcf39465f0913dcb9150849a871ff0d8a58ea,true
5e97a8b41262576281c16c83e76f8fc81b33b48f,false
653e092ad4103882172693011a38e1cd74871de9,false
8987fd37c25dcd0a2dfec88ae0ca3b1bb38d02b3,false
120bcc33be478b8ca06442f15af864729fdc8623,false
2ceb52a7c4f5efdff1e43a0f98f09c6dbc772ccc,false
6649e00df7172512258aa14028bf3f82d2876437,false
221088e73858d866a6f5dd21e60a8215a0e5f38d,false
765bd9834ab0b2f90d9c7ed492fee71f76905860,false
dcb55d27bb48835b254c6fe234e87d5e2434ccc2,false
6952e0f653f7fc44ece67df6f58b1c6a1c3d4ad7,false
40b6984ffb5f8466425b06e95600fce1fae1e1d3,false
19422075fa5e9c6328ee4ba1cc0f274234ec9447,false
4ec2919ce31355810681125beccca0a34d40eaab,false
067927b735af04b3f7b800e79720238289c981a3,false
e62d970d34f6b09e7e83b919bf15a6d2c6d66703,false
08570511f545958926605345b55135d75dd8b441,false
6c138420b059088fdd9ba85b87a3390fe062c0d7,true
8a36fb5f1f1dfa30fd6894dd610edf7cfceff338,false
96a864dbd6b3eadc361e686ba6068012c87d4d6a,false
9aaf7ee36a84f4cebbf0786454224b60c05d4b0f,false
a63812160e2d021464f9726648d9d59ac3936ebd,false
34103ec8157aec97903e9a7c53a914cb5f86fa45,false
c918258fb1e0b155bfca96e596e4202489ff2583,false
e78de98060d7a7e765fc6f2f3ad3907876a2a797,false
612708f0a89b22a97d7342bc455f05ec243cf86a,true
538260521b7109e7f7c86a79ba8b1334b3b8be5d,false
95831bc8b728d55a83e3196838b93f53ea282cc5,false
eb978ebbd5c30174f17a76d183da67eb8fdbaa65,false
6f7ae1eabcea23e360543920040953c29f3cd93b,false
df7fec7a3e10167b8fb1962ad8eb085ac42a1677,false
b73e3428209f033449639d9c13caa4fd45aff71f,false
3f2a42ab8da47a4b008a1cded591cdd80c60a3de,false
00728c40ba61857d69f8c156ba26c81390ce8d36,true
97fc2c0b66ab873e6e7b6bbc5ab00de87dafac29,false
ed95d19b93fed85e6664b15bad6e83617d49cf82,false
bcf42bd2878223156c5d49d8bd7a8e3e3ec2ef30,false
397f800614f8f3ae6a43a32d562e4dd1b5e62b8e,false
8fbf36319506e3e2461a670d1bac827d909cfb99,false
fb816d7a2c224d16c8d52dc582bd830620a54a49,false
bd4701647b9a9ece8082f4f3662f90dd210aa469,false
0f3b62d5ce9b8a888260cdf0913d361e8f58b8e5,false
9fe64bf9ec3dc458c6468282d7c87fbca7571698,false
5180095cb69930602bd70946da5835276b59cd27,false
7fb846c5b056488166e705ec2781bb53b0843641,false
ea1e8d5cc506cf773a7427af5b9cb51a77e36b11,false
6c7bf5e5dd4ff4ba6ef51006ab097374a359ce46,false
8896fb94f423a7ef76b74a3c1d899df9dc4577a7,false
fa54c26ee2cafb21c6ffe0bcbd8629ba8b4abaad,false
a3f510d0db340e81f11975b10dad36551c06e243,false
12fd206c35d85a1ed83330aa1894be58d23af62a,false
d2d43f4115ca54679061bde1f47023e3ea19ebc9,true
6b0beeb477407bfd0600a329b1b84f0beb76860d,false
2ff4d97b0a6db2cc3f357e40cc4409c6f87f70d6,false
e5ebe96c74b138539a3ba33253b7f292922a32b3,false
467d9c7bf14d607b82c0cf1b2c2229e11c94b2a5,true
bede56598c7da6484466a71b05f2b560c59327d1,false
b49e37feeeb8b50fceb3b1975fcd3353061b0a9e,false
92ebd0dedbb329141107f93613f2744abc92eb9d,false
93d77e558fada807520f2d7bfb738b9b5118eea9,false
2a01c12b14d713158be0209bae95dd090e6eec13,false
5645b2e21881ff0c301d6f4e42263a5fbe95097a,false
3cc10bfe0df3aba23ee4226c07268d0ca06a9e57,false
50260dca5f6612cb5501f05a4dbc59a424b14bc9,false
2d82646421489f428f01e90246fcfd13face2c5a,false
11702bc940c811b09ddd06b1affe948b3da0bc98,false
04b30f5c04710a0b323e6de6da9ef95af22a6f26,true
ed33c7424d3d1f80c9115dce1658d763af69eede,false
daa56e6d85950329d0da9d8ba3908c717597d008,false
20fd944e83c1a1cb1c38f68a08b4dfb600af016f,false
967d04efcebebdaecd0b58e62fe0fade4eeef293,false
98ba80d94edc5f57c42cb889cbbd823b0572f12d,false
8340125bf4f0b3e523096c27958991cd3b0d62cb,false
c15dec4419af91e79336bce65505f9848b5c3fcd,false
2d072c38447052b9d4334d05dcbe36bb71b4531b,false
4999a72d96bb057830a1de2db3655673bb52b579,false
0381533a35ecc60bc9a8899572e3a43de5b2279d,false
a64dc21f96feda948cb3abfefce36e548664e9c0,false
c5132c04bee6cb4e071bf75e8b535d0a8838c18c,false
af321fb65ea270d2f5b1471975e7c94f0b27cc63,false
9dc32156244d86fe2ee57f15ac52937084e05f0c,false
1096f201cd9e9f740e1b28edc7ef998a700418a9,false
03872b508f952083fcf0072c31c2791007b50beb,true
3cd50dc92988c10e73f24285305ace5c43b3c660,false
70010886b1860f63902d4384c3199a37bc8fb330,false
04a065919735eae3def9e0c02105c65738a857cb,false
dfef733360ac1770839cb937f408c43c2e09f628,false
b17125ae9abb0feade88c9d33d736ebeb0dd25fd,false
ca240adfb67ac9931a4e8776a1485abffb91cab5,false
0153c6284a4eb7185b305b5a245088da53151cf4,false
083a9dc8c929996dab2ba9ee05f6f2cad9869f5e,false
0472dda8606f3808eb54c7b24b9131c91724d993,false
56cd2ad28267b9697bd03956be36904adf10863d,false
daa7ab3bfad7222d7db4e4c5fd022f7a644ce24a,false
b4d239c32951be26d84ccaca1dd7adf3983c79d9,false
b40ad54daf70a133fb0631020ef34b771b231df7,false
a90a11734122a263826924744cf882f1b91a1506,false
c5a39bccc52440b7e5ac1eac72ab7d2016ae7d9e,false
8cecc8d3a87e0f8ce4011745ecc49a840984f192,false
bd30fcc81c3bf081dbbfda83cb919498aecefbe5,false
dfe8e24761019ce26f2161bb34fc23854e7c2c5b,false
5fb95f38ed6c8b75b682006643b6bd1b4dd82a3a,false
70291af9ad22387ae404d27e0b30e129eaffdcb8,false
7ec599f8499c7d2f6a211a05b85ded389aa4fa54,false
a7696c3fac59df46e0b7334a42734bbe1a29c470,false
89698c6ed6aac9c89b7bd96d7f7a4cd49a6475f4,false
a0eff00031ed4c2c2613482d04e85cec6a93afd8,false
1f6a09182debfee1e42b7b6ea2764829e08d56ce,false
c9ac9437fd8663fd13980c2614841a19b3645996,false
62065f88fb7dd4acc493d73fe85f67a404922a46,false
d4bcff0c314015bb1af831baa2a5e22dc5894e8e,false
9eddecf70ffd0001a4076eff9ae6a890f5c7e253,false
f4889191a4e26d315d734ff0704daa66bf0622ad,false
2a1748ba9cc45375236cd556e22d2e3be134b67d,false
0e8cd75a5861826c682156edf57046abecba7a16,false
b27b077638bd488c571998c244a7ff7e54e25857,false
f34aec8b567711a764138183ddc6af0352e30c82,false
c6868b771bd40d4b2eef56a3c34c8f8a4c7fcec4,false
514d24ed678b9f9b0b04cb7603e3d9a1dda1039a,false
c5644d5c8b3699a28a83d751af9df5aaeeb9e9b5,false
2948dcc1bebfacb71b0941894341dad16fb92f97,false
e2e9d4cfc7a7d72489e6d457b7409c652d056c61,false
39c2a79898b55bc2549643eee04479f872dd114e,false
9f191e9392f8b6355f1475b41484c3db182c6261,false
338b8edb975f55ad51a7af0393357489386a361c,false
a20eb8d1e993df24d53deacf14dff124f2ceddcc,false
b070c46231ca023b1d693b25c85287fc9e2d439e,false
c21b66f0fbf38b0104f7a2ce11dded734cad29bf,false
95c89bc8560a5fbf9a2f81d33594f69efe1c869a,false
5aa40b22087419ee09a5892dae1d0620fcc6a492,true
427f6db8207ac11df8d7f9500dcd805217bff76e,false
18614ba11e0a76427a4f128803d74321911886c5,false
8692fe35dbc544690362d0aca86f091bfc10578b,true
62b2585220014788f09f8e8d3bf6d721e5f1433b,false
5cef2dd8b560ddd2de3b436ea0c9a4b64bb460be,false
8c1e0ff4de9a8f05fa21856fa2f208087723548d,false
e5d4cbb9fc4757591457fe36d33a708d174b164b,false
cc347264f1c9b077f311081ae242bcc1da352ed0,false
d23640a54f63b0383ad20416b5ff69a7cbb22e70,false
1164070576855c1be3e18deb13604648cc7457e8,false
a61a667992b6db5f2715e06656e6b18e9e989a63,false
4738b979e46da65125a0eeb265aeba7ca996a466,false
de8d2056573e24580daef31fbb6c383ba6b33a0e,false
7c92928f2c4fdc8b6b5f58cc63d76c282c984c66,false
16859bb36ab09ffd37d443d60e8bf218bd26f5fb,false
7e07fabf7e7dd6bcc9f4368c496898131adf09ec,true
bdaab9daa5153d80639410d219c99ef8fdd9d085,false
e8a475f48b4abc4be3fc3ba953412a51a963471c,false
d9c46170dd50caef7ab1eff34015f543911d84ad,false
1eaf3d4aa8afffb15c3ba08ff7a1549dcdee711f,false
0167dad85f2a86c0fce6c1d1ebff759323f1d642,true
5e1cd0120f34670534ed4d596988a27cea1488f9,false
77ab80f3dc15f1c2f264c4ea6addff804a954ba0,true
6bbd7a2290bad4b02cf2c055df81ae5f70eb3161,false
2b5643df4c3667f1a03584a771bda49e90d53606,false
ee5a2d39167c9b9d5b8575b3e9284e57e9b31fe1,false
732c30b359994bca8d38991382ec0526d9bdae67,false
06299ccb86e3d9d56662d0cc00255c44542b9114,false
ea148ac13edf96a54c02edc3d37ac91c255aebf3,false
2a86a1bbe93c7779f0f190218921269f40121834,false
3c3303c16a44db3f5743bd7e932ff5ed1bdcc3d5,false
d3c6de7a382b5f263dd1614357480e603fc008b8,false
dc9f5b99bc1d206419382f5340cbf16af1cb7a10,false
5700a008d6a2276eacb433c7c7dc6374a222bf6c,false
97d0b7680fc35d9ed91cfeaf9c0619c231e9f6f9,false
ee3866ec4af0fd1674d0623e987a33b47092b7f7,false
7caa0ec9d68208cf0339283ecdabb95decd3f24f,false
d6c35df9bcbc61e7cc5ff54df698612b74350603,true
84884de77b116aca58014dcf3bd02602ea13cabc,false
9c5510f05d5f0479014d0e05f4a4843aa1c6610c,false
8c96940a2780708eb6a53653c4ce23fb2c60d2a9,true
149fb66ac5876f6383217561246280b8c40a6b54,false
5faf3d283c6cc5450d64fe5fd2fec620bce11821,false
6bd90e967b31ad60575642162f893e209c3551ec,false
6863f678f1d2188b916d1f1253ab19a7e277c645,false
ddd955e156aff383de18e64a0ff5d2291476143a,false
b144aafb223a339e955445ee6255a9775aa15569,false
51b579871a6e6735ec80fece0238509d5dbf1e58,false
ff4c326ebe3c2a11edfdc8317634949ef6b647a5,false
0aa6bc6aaaee12dabb8a5262f33926bf3bd33764,false
ed25854fbc1172882addb8f3e23359e2680efaf7,false
fc1eb162f2b7d78a78f83677fe755e7ef836c75a,false
19e03dbd2e76beeda4ea7459453b5c1cff7dec7f,false
6cd351ec7c0b117db231ce91319fcdad6a4ea764,false
969353d4e225dc885bc77a0d090a1fe9073c6094,false
c33f0dc07ffcc75e8ccda4c205a795ccc3009da7,false
8f69b48e87eb9269d3b564d7271f63c053b06514,false
ad07b32638744b4df45e4ed799885a7c14890eba,false
754e7fbddc4624d53836afabf995f65f9eb91483,false
b357fc79f7ea52a6df2ec7ff7bd01e5d67e2f7a5,false
0c7488342831dd2dcad96166d76a61073995c77a,false
d9349be18e5fcc3a70c18683fa99121192f672ca,false
847ef12a4ff3c4e8bfac33a5178e5db598131f33,false
dee132d04b1052ff92c103f6c741abefba05d629,false
363800bd869426a38f0c22d8f39d0002916ea1f8,false
34bea69a484cfcd983bd37e3088d2adff27b925b,false
7b8d07954b5513eda46b270e7b29794cfe2e159b,false
d4a70c29a8da291f69d36756b3f5306ad2c6da87,false
666cee1d9fcc36a4f9f58e3e46842bd39de50e1f,false
bf66b374c6eb12bbe3845a4fa6746a9214692cba,false
816180f3b30a75939bf1c7da9e8d927abdb43a84,false
759aaddb5f3f6cf018e4e13844a17cea4e9a8f04,false
5f0526c07a2bab455e2d65f18e75d2fff2ac7a2f,true
0f92e980289e1803be5449ba462bf36ea1f9e03a,true
6cb669a5a782a77fd3865dec579baaff8ee63fd9,false
bc9aab679033b01ae247a70a855ad467541bafe5,false
b1266c95e8d9f8206415d2821929d4161869b699,false
8547ad7941e672b37a41359b159856f82124ae27,false
76d4dfbb04ceca3d37dc983771f1236e48de3d7d,false
0dc7ab99d76232ca70b09751b5ef9c3b035bed41,false
7149fd33071324e4821df1bb90cb4111c4b72816,false
eed18861212abf960f2d36be15d087ba306e3b4a,false
f9cd167ae4735dd46d191b36a085028dc8af6549,false
0777be3d6c474ff62ea1faed91995b91cae44bba,false
28e72bd0d095cf1d746302b4bf42ea1ece7afddb,false
d98d65eee5961799e6409dda1dc2b6aa3cae760f,false
b652f811934a563ae3eaf314f8f26e36909d6ee5,false
fcdac3e86e024d386da6331f5d96709d0c051668,false
a581259edb71923799084228b400939adc94603c,false
50fa49e0c042930a5238d7fdbf9b400d634e964a,false
2a94bdc2579044d17e64059871d0a8ec607ce936,false
90eb078e3fb3d0d7219a49db5c633e42755b66c9,false
fd51035f2327c02614c043ee71b8c183465b95f6,false
c24f09febc71cefcb52f0a76a5684557eeda8276,true
cbba91558a090490dcac137d44bf049ebe6b5c47,false
85f75494ab147f611d719ba89d5dbef63ea905f2,false
0519e2ffcf8a31d489492fc572f833f963ed6aae,false
84491fde70fd5d8291ccd81e3abe89137a5ce272,true
db9fc3271d77647d716dc917e649f9752bf6d385,false
6f0bc1ded9210a57b4634d1601470b4c1e5d53eb,false
2562d582f35e451f703bf479750b6f38fadc77db,false
f9c22ff1c50c49f2e4e754db44433acce9368cdb,false
7e9d4c27d1c5345f8ce2022da7470f4f8058ee17,false
81d222e7d63e24cad7fcc34a94ae9ee1567428ac,false
49484c06d3f8463216427347bf73d97f55195e51,false
9555dca8c67a22495529b706ebd354d013d8c43e,true
2b47bc9b0a996646a8f37103e39eb18ead50bf7c,false
826ad85d20c533dfc5221f3ae9c01a8f71a5a21a,false
40184689ca8d8f75ddf90bbc1cf04e56a17d7668,false
64f6cd9af4f4d1a5b313699eaba1552af4b8e214,false
69e5d40f0452df649447bc7996dbef867972bed4,true
3a1068f3139b82559c14710e0363b3af072ee66d,false
d415416bc505887ad25f70cb240ae41614bbcc62,false
aa1299827657a700c691fdc64f76e37a3fef3f2d,false
5725eb95e0bf0fbe19f7ecf799fa45901e9f3b94,false
d6e0a7b979b1aac79d77a0a80fa32efe664dd6d0,false
d8e647316e2dee8c69d5072b1f95a3ad01fae03a,false
f27136458abe49f0a4d21ba0f1694f2011212fc2,false
22ca4e3f2b04241787f78825672286ca2f06614e,false
c187c92ae4fb4dc7fe3cc8b59281b332a0fdda24,false
5c6667507b8f0907759f4b86200bfae8299bc7c5,false
a7387e975b62f3ca626599c6da419839ff286195,false
41393e5f8d7ca9f265a99f4211bf1f9aafd9e075,false
a5c1412aace35b4200acab17ecc48d8afb5ad4d5,false
a1388061995078be342bc03388c61667e36f4e9f,false
71c9407f07443c9c205423f6ae187366afcb6d49,false
41d26d8385f4168503a472bbdaf7d2fbb5f1ce0e,false
1fdacf25dc8810830b010ca3b78c85da489cc421,false
3f8145b44fb7a538e527ac2f57556b02829b3ffc,false
f2f9694a949751ca94afbea99933cf5927eafa0c,false
ab29e481fadd58fb9bdb0397f7e8e54793c84c18,false
4aadcf818aba17e542a485a9450d51a53059773b,false
a787660b2733c8c6edd1ab5fd027d2727c00b403,false
140b19e9199341163fa82452bae337c69393b4d6,false
763630bca56099de4b38eb708c4edf66c4ef6d0f,true
bca05f39821ce4a9325becc01b1b12e10b066667,false
88906f1bd99d6d91caab836aafcb65ef62063416,false
8ff4d7dc8ae6818475a4e7585d6404d479dbe79a,false
e24c90fea6597a31ad53a0acb091e01742cda065,false
e4c4149033252cd02567283d750a48da41aa7f2c,false
6747cc894d044b127db40e0c00f30d4e27d6bf86,false
c7f2db177b4ed9ad501ea104dd2632d63360180a,false
ee8746c85750537a36a8c4b2e1f0b0671f598be7,false
929dccbfe32532fa958de39a52522a464c449df3,false
49df9c325acf853ec297a2ec49439201ccef5c18,false
8a3ab00e58ec5a877cecabb24f5a108de4081e48,false
c52983fb61c200a60788c094d2e6d9badea1fc7f,false
186dd805674ef888fc172de94cf002fa3b484d42,false
25fcef8a5b5e01987cf7c60dfee961f8e599e2de,false
72016b1e5f6295424d4440eae8430ac79da3e59a,false
50a639937a4760dadf49ca4a7b50c91b4d8878a4,false
9544d70048bf6bec8079e0073bf4eb75594804bb,false
8ea5fe377465f38447e006c1ab47413026f056ac,false
f2cfd36b73fd5d5c9b5ebc305e5b17ae952ade21,false
497874eaa27ae8de38d4cc99e16c1c970116c68f,false
2dd7cee3e5eec8be4c542cd9132a251d074b1328,false
301a6681f57420a3345cf017e8cf81d835215214,false
e5c0c2745855643b4eb71d9806cdb887090d0161,false
8c9b38e6afc279553510441401eea17014994204,false
59b44b60dfb2553d6b67c12ccf162a349dfc78be,false
3513364c97ee34e128b9dd3769d666c63a94d426,false
a129a0dc21b389bd441109c0fe157249f8f0d65d,false
193ccb5ad30275d40aa7262fa102f675050b422d,false
03b3f9f5a04702a3e4e2176605c020704b3c120d,false
9ca75b2294aae5595191dd1074e2cce56e7c2ad8,false
aedfdd47f1e39cc48bca549ef04f62a739073be9,false
60e84e72d7430f083bc5ad483e284d3c92fc6280,false
9f3dfec118d25064e37140a7b5112ded966c048a,false
d2881b47dc37c747bddc2dede082a47cc8632085,false
49f14b5e1b65d043475d57916dfce6a50431b626,false
1876e2c3e8f140c17681d5059793cb4f89810370,false
7be5fe4c017f8fffcf5d6118bd7a7b35190bca1f,false
074f78cfb3d5d8d456d3bcaebe91a239872f04a1,false
61b121f464776e1a596ea7f437bb7e7b9917c77b,false
4a1d0609f3b1fb72458073983fe4ef0894f14eba,false
b78d12e73fd3ea18a559b414190e481d6442c77c,false
e85f48bebabddf1cd05f4b8b974321ce35f43b7e,true
409a7ba66f4ae860f3aabfdb916a9ba7c776624f,false
db733aa50f9bb7f09301ce8d87a5d61a8032be3e,false
ea1ad7901c0970c8a7b3e69cef797409604ffc1f,false
c427f2cc9f6181d18ee5ab51579b4f00cdcfb574,false
30b507cc79e9f7f382f8f9dfea8cf74467159209,false
9d5650132bd057fed43cc7cf7984e92ea184c84a,false
3de790fb001d489d0e2054bc822821c42e821b74,false
653704811beccc956201f791f0852b1d27f21bdf,false
925482ea58254c21e02a2fc58cee791b92e96142,false
903414c76bfb96ce15005d253e3befb59999b27f,false
8cf222d1c9781d97ed8e7fcb3dac3b55b9dabba7,false
6be0a327418ff753396518a718f059ec0c689df8,false
4a412546f9f0a20cf7dd544e859f78c1ec5ff9d7,false
1196cd163b2cc0f7eeb4da1b30787e65b2114740,true
76131fbd4efe9646892bdcdb394ceef018dad90d,false
fa15a66d9a7a6e23ccfc4c7c12ac2f3d4f7306f7,false
859f356466a05f3b8b605d3aa8ca591d0285c590,false
6e77a6b0e722e5049b5436915c71c27a2ee52e82,false
f44642fe280d040fa0b5f7ac10dbca785a836537,false
81b3a2fc5b365a9a0b7a609215f917ae9abeab55,false
74f9f5d478866fec65c1b026a49c2c6eaff8fb58,false
80eefc6498bccc81b4a9bd929c61d5254a88abe8,false
60d3653b46d639fc6ff7c173b0d93de70a18e499,false
b69d51add1737e7f70ddc872e6c730d94194b558,false
5854ccf00d0d8883aa0066e7b2fd8d2ba5f7abaf,false
8047d1e3e3efbd665e7550b8ed3660b976db740b,false
b8f14fef8d5b84dbd07d188a1054b0849587fa56,false
b33c2f48743d50b19ddebad38bc563c4a2f31086,false
56fe588b565b3f051e226de9dde93e66be9c8f5f,false
d9d83205c7b1a6bdbceaec58de66a4532ea2efe4,false
1bff89085bdf8ee2a063b9bf6b3e546ebbdb954d,false
0998d5485c5f81b4ccb757e10ab147f7b161d07f,false
d30cc202d248e293b3b0128d70c5a420c1e16565,false
17b851de422ae7b9178cb747fec2443b9614f63b,false
5f065815728cf32495271508052f601ebe854726,false
3894ca6971e4fcb9829d631fe8ed524151d46aec,false
c3f8ec8c85b3c9a36e77deacd4ac4fe2ee5e0eaf,false
73725e94fe5187ca4da53bfb6caa19da2b17aaee,true
bd70cd91a52d6ee2eaead14630b00af6917e151f,false
b3fc57c7f7d03e02c68dc41577c649d686c88d23,false
53b92d602e9880dcf5047014460d53dfd7c38a1c,false
5fd6e6cdaab6b80b8c5fc9eb83da6d7266130371,false
c731b183048b177f11f3363aaf8334b75826135e,false
00ceb6a7df7fd91241a9eda9884ef8640f316b1e,false
c1ce73db49a83ea3061e290983661362cf8a0cf6,false
ba91141505a944944b8ec4058a0b44951d070577,false
ad992beff951c5806f928d4593a291b59c75d748,false
00522fb6185226aa8177aea1e7c2ae765136dec4,false
2bc07349a435ba39dcf097436c7795ffb33b1a79,false
00ee62f877577f3605d8b8b67c12f37d7c98e805,false
33d30ea6a16c12bde2fdd0cd5c4dbf9103c7ee29,false
d68f3e5cc02d7afccdd8592c98a6d93e12006018,true
beb7fcc16ecf8e66747cc940aa8749ca236d3882,false
cd65a4c9d86e574a1f5432d5510ceb225d3beb06,false
5286b1a0dc393d9bd26bf98795ae73470a116086,false
c5abd2a7c9aacafc9abef009aa62c5aaf3263ce4,false
0030645b1adc0739fecb6948478acbbae7847631,false
dde41078cd67cdaceb23662bd5a7adfe44e2b595,false
5599a0eb3d91ff7778acc79a3c4650220f26f2c0,false
a5b280838c6e2ef406d7742f2fb05b635f31370d,false
75524fd4037217083388402efe13e8c86666bc41,false
1cd6026151074acfbfe1ffbda96a6658736790d5,false
c13c9b53e32f444225f54a6f8937d9eb3348d70f,false
14376953e568fa1def3821e8ec3bae0230902b77,false
d1769b29ef7890e44109966aa8d91c1bc99bd568,false
ea9d717378b0320371c321bbab26f21b8a353960,false
9faabb0f1dcb194be8e75cfeb29c6dc6a0038196,false
4df4bf148944d25de62c7ad6aef2909d9ec40ade,false
84e97aa2db2954f9ba36e9d38a9dd6c29ef17c72,true
ae61922318fdddd2ee7f436486500dc0dc490bc7,true
dcfe939c38c48502b0b8e30d011741775ee8574e,false
a85bf5c30a3cf11d2a9077e2ee34858037654bd2,false
90f583910e3873aab96e304d0d13922edcbe2c8e,false
6080cd2f7ab02559affcca19de9de1945633e0de,false
e071f5579c52565c9bd389f0ee300b52e9293b37,false
f770f6a46d28e7c2d8de4dd7a4e45721492c289a,false
fe222bbdcfc85856050934a18d01051244828133,true
7c23413d8304e37626aba742f994faf25125078d,false
cdc0ffe831efcef7affe56f76182d8f4e147b8ef,false
6a47287da72ee01c63e2ccaac93a8614cf7fa578,true
11d625b8379efa6b94f7e07015b6348e362db152,false
