hash,isBugfix_mistral-small3.2:24b
20679480675d2157c5194f34154848dba4d0b415,false
b57cd757597e9146f606abe8745ed08548e1e979,false
7f526ec82466735d4f75aad9b8527f6f06493e62,false
7d03b7571d4f04a61b360af43aedc70929c83346,false
03e1493c29cd8fa752f97165dfb7859c29090b44,false
716ed642bc64942d49279a14c132089658cf247e,false
16d61282a1e65bcf05eea7246ecde70fd5678b21,false
4fad78b890a96265d2b340c36473f0ecbaf30458,false
db89d71d297623aa81e106becad79d3c500494e6,true
266ee2fdb248d0df0da2a492f18755ae93b5bd00,true
7bfc09b82ee57681aec1b797e0872d7122e29531,false
65aa920ba0c66aeb4cf34c79104223285b66cd10,false
fadd869323d9478c9e3d538a572a3d6cecf56407,false
e9e77f5fdc366e5c6709a4b248d1f17eff5fa94a,false
aa5d72b7586226df56d0010f0e7a9c2a79a25bb8,false
42370ba56437684f342a3a342a750ff4d666b30a,false
518b2702d7d9d08ef05e46e1f3442a00cc8c12eb,false
ec347676c2fed0f99efb7db915db890196b7c0c5,false
3eb1f0eebdc1085bb2b692ad23d5513f7a08d67f,false
8ff415a786748d19aae893b52263be6c9ec861b7,false
7204a74908dfbd91f98629c3f4c1301bef28ae2b,false
6351639d45b4e4e555dd8875090912754abac3c4,false
ef09dec6b9a685dc6af200ee857e34fdde786d1b,false
3831be9b515e27739694dc38a6df9b0f50bb5130,false
135cc730dd10c9e66687e12872c99986a4d9c40c,true
f2f6609503889bbc93f23b3376982d676b23726e,true
d0b70137b89f9050e90e92b7dac6e6dd0a7f7323,false
aa9e1bfc4c59bc7cd7a6adc712b31c610dcb7816,false
81d6774a6bd403dd2628ce2e068dd6818fb95da8,false
e059dac046f9d75d55e24d585acce10010602d5f,false
b36f04ece8bb2952d1e0e7f5c95c3f1c908e85d3,false
852f793ce0c638f6111ff2ad661f8e4d176cb9bf,false
cf4e614a7f08753f4e566dc197d9d4c1f85c0499,false
0b5da0fa756e5ec45ef7f98ef20aa763c81e3af4,false
83b97435977bbf022941e30b63542747db659472,false
57bc0f9943a7cb18c05032baad09494200c57a75,false
3626984d6126ba42714ee28f8a2ddccf7f71a431,false
b4bac5a98eac0f4137aa8fa4eaf3c6698de4d5ad,true
e551943ec463ec019b251b7e7d525e31d8d03077,true
f031642265e9eafde4bbe2f45d1a6faa064fb12d,true
a9f1fa851e98c0193fa8ebcc48b773ee6a399abc,true
2d9103d629cc0fe8598dfab75765ee0dbd9bb63c,false
a075a45192aeb779d500cc9a2cbd6d9ea4db4cf9,false
9a5ee26bfa182d27bc9b1ff8d71b32a36060e090,false
967ffae6f47b08aec04f581dc9f5322f473c140e,false
b37388c0f1700ce9f7f8562fae2d5ae4e8280095,false
b59ebcc95649422e6572e1a6d3d0a3bcf0175bbe,false
1f333cb82657fa3840be2ae01f6bd3efa0bbbf70,true
c4f708a0de6f895fd9516fa6fb226bd03489ad0c,true
f9b8a986efc3e447c9fcaf99d98a1cdbd1c215d4,true
46502f75f48ec37c87b649393ce0636211edeecf,true
499359975c9e0d95542e8968c94d2215bce2bc41,false
d79abadf94c63c65d93bf6d78d3d42380a0b22cb,false
7640652edcb3c4966223e0c057c88c6676aaefef,false
0b66c5a7d7afd62c79dd18a4b30e70f65dc62147,false
67ec1a78b8063260b668adf0afd7996326b3ea03,true
6fbbb838295a85ec7a7f373555debecdfe139a05,true
538f06555ffc62bc5652d2c6e74d22f6686cefb6,true
0bc7f608f9d74e982284f2b65a937cc80d0b4aef,true
2d3eb2aab405db4e5f2618d7ba8ec70fd9e0d65d,false
40f72f0599920030cfaa995c765a43327f753475,false
e664a4462359d8065517dcc1d96dd8110caf8d9e,false
b8dd7be29d3919dcb442fc2b68602b4072447abf,false
62c82d86eac614e3c37eb36424c84bd0d8b541f9,true
756a3fc4e6db11580c332bd38b8f11840bc4f36e,true
31011d3232ace5a459ea2ba37f5634f7d4940694,true
4eebdc1b07ab6b049491475b27cc27c1f94206e6,true
232e177a0f63e66da813d9a68c6a83eb0170debd,true
c7b1c8cd17c0f4a7f3cc4f8dd7db4dfb0dcf75aa,true
5bd78531a449c89b66a6e7891da37355b7faa350,false
93159b5d60bc2915224def81fe1b7da4c38997f0,false
89931ed72dcae13fb89f90345cbed81207fd6132,false
bf086dd442356bc9fb47a6117850ed017df418e8,false
a87b3bbc51135f94eba9b6ad095b38e9c3c692ea,false
f85b50f44df77247ccc352adb021b100ff0c32d6,false
6c72c5ad6b445dff612e6aec9e40c9f61193377d,false
1fc228b8d7385bb19705a3556e1e5561d327d273,false
ff3b49a421365a9a4285bed9e67530e4d32a6f19,false
92a5eb35cbb2b3b864eabf3a017fe85c63505dc5,false
9b85b449e5f207f84d4f0b9250005074ca53c4e0,false
b384a8cc927ef50104c8dcd57d8e7d6e414d759d,false
5d89bc7f3afc52f4d3ad69f509b2f76dcb1b23a4,true
732bed27d0a54ac070594e587006cf1e69346302,true
a6099792dab9794e3ec97a2b7d523006e443d9a2,true
a8547d464f13070e2319db472e039601d21ae8f3,true
8a5c108e40581f50f57383b5ace6a8c308f7d94d,false
6147126aaab93025fadced3af92865a9bf7deeef,false
b240a8505083dd3bab2f7ea9ee5cbd8de775308e,false
ba4aa8c697d9847b7dba822b82fa2483ab0a3c7e,false
90ce3a65090759f4c07a03dbb09cddbd7ba4fc0b,false
34283e7eb7da3bcd4c963d33e7e9673076f88234,false
19af576f45b7e4188124a1c96e1d0d17453278aa,false
2881afad1426bf3f13806d45d5341958ed4b3f59,false
e4beebb01f7950cce1200b3b862c29ba98da1cd5,true
c0301a625763528ee38da29d1066aa1de6f93e35,true
d41df02d70ceb300d28827ec12770a1f03e267ae,true
9c3dcd09c6a952ba2d090eba92e10e9c8e32f6c7,true
aa25a9ce7c9416d829bf68e9dde50f9f83854c94,false
4b017da54e2b4b0b3357044f33a7abe91837fffe,false
316e90cb6f02f5a7fdd8a83a36b9f9c8da1541d0,false
146041c374568071bc69ffc1585610f1b1af072d,false
06e5ab73d29a187440029124aea4849933b9f5ff,false
97327249d778ae2e8ac4e4974e480a61b8daad0f,false
915e055192a4bda85852795fd71c170db44dee69,false
878b4c5795fa52bfc6379b70d528bcc5043a6496,false
4d7eaddb06ad9b791e5b1ab2a53ebcc87c3f790b,false
315cdd1204e264a641017c0b9c5adc914e749c31,false
a6cbd1dba32d184cc5794fa263e11d33d28e34a1,false
e472d4f4006dc7d56c7f7fa2e1612f37ea2db768,false
400cf97dc882932800b937feefb3f469129a8148,false
ff4a28717ec257724a3fe86a1df9c342e7cf5f4f,false
48f80879a112415c307bc9d5eb695e0dd623bb35,false
d18dcbe3013b588d20cd5355cac31e47d3d31872,false
afd4a15f48c7e17d5147670464b7c6e5131afcdf,false
055f402b22f75442125d0efd06f1603618330229,false
c5b726679dbfce73117ef1e2af574b21b63e50aa,true
be92fa2b9367e00d2c806820e3066ebdab174efb,true
99f4390d86c7688ad263b018896e968e0ace2a91,false
d1f2867b5159721f653062c5662fa4a76add0857,false
a8edc228ef73bda1baa79ee1bac8a66e079cdccd,false
40ad85811b774a7d22a519002622b7d9b955a69b,false
9f1d328a79c05dced244b5e0207d3f8735df4c7e,true
0f94e17aa7661e6dbe72abc5ba922f6c4cffee65,true
ecc2e09e852d6ea612d90ce714360d5e4eb5d573,true
76d53b6dbb14d2a31df67e29590e366684c72da7,true
b31a9a671ba4a9896da892c3d830e7489702316c,true
454f18b66a8c3c2e66913569897b3c6c8f2e10d4,true
6dbdb0ded3792d8acb0d86fb792e72f3d8a7a977,true
cd465fe92d9a8cfdf3134db1cb0900040ebb7eb5,true
7764c7ff65bca13396fb1641ec88fd056926b32b,true
8f3cafff1793e74c8ac526f08b2ab6da05127b9f,true
4afb440afddaeb53d068ef943caa24f129451696,false
a689d716f606c7f181916efbe384175753c048dc,false
3706e0dea9e92dfed7e4e6fb9b8d02caea153d87,true
9836483f43109e79ddcf3c428a4917695397c100,true
f1ece31059f755458c3c33e8e59492164f6ee287,true
ef26e3a74719b4c03e314675a34d0a8ebc1cbcbd,true
991989f16f15476354c7abf58e9e07972c2059f2,true
26172005e93c1093bb247c45fe47577922aaf94e,true
2ff5537642ff25e507e00d9abefb3eb923d04201,true
605ef0db5e9f7ff8b0ca9749545ea2831a3f6f8f,true
d768a0ea2e8445e93ae9b3f0b4440d27f9dddd68,true
bc1895863d5c3439a4fd3a65d89fec87e258727e,true
ba170f15844e46ffcd04a7ca4e8965278b526c0c,true
50dd954426400cfb1bdd21115ac7930939a956bb,true
7cf51a5edb7f29ce9e62dac48addea484836a289,true
62b3c708772b6b47f42d5a0e03a050f9ab5e667c,true
07d3757b403d1b4fd1b39809b1d3a95237dd6e84,false
c6192eba49f7092d4054b3c221abd18a019c1d8e,false
78ee25db98460757c74e3709668a42ddf444dafe,false
0b5c40442fb026b4a91405f3a032e9a3c73503c6,false
2918e98b8b3027b99a8d5e54a8c00489a4d578f3,false
dc72ea8810cf9e8f9bfd1baf11de43ea7b5491ed,false
ba89f189047dcee6e945b301ff4b78ace6d56785,false
5cdba2fdd658f3973bd0fabaec9dfbfa51b70a52,false
74c9bb4753b373b97d5fe2b98c3aed232f52cd33,false
1d132d551d7f35815e7b37d7b074cb0978355e31,false
b9c4ce7e23f92f3eb69d270a240c2788490d8fd1,true
66e33753169237eea490baace7a5cc4f5f524f2a,true
1eddfec57d8ac57fc64df60ad769091a7a0664ce,false
090467ccf73641ca64163f8392b8c632ebee5d0f,false
4ba99b19dc804681fb8c650576647b0836740d57,true
cdc361593f40cad3cc016559752b9822d35eb384,true
8e4c6bd1b0c92d8cc9c966bf952672c34c660d2e,false
049d09227ef4e0023e7d3af9ca01205e2a8e0e31,false
09e08a2e87c9453b1e524cae7bc4f746962d0ce1,false
f11877cb15bb18cf39d7d0ab5438a96e50bffd21,false
d61156e638f7e78df7215970c5277bba9a7139f7,false
583f1058bb580a19c49ff71c9b539bafcfeaceed,false
ee2432e92ca327f2af4038ee8bdb07b295c94f3c,false
0b8b7a4e63649fcf2bc6808c083f1075002d586c,false
cc3d279732d00e856a8cee86f31b970c7e0a7ff1,false
ebdb28dc33c1009fbf761089eb38a6155ffca8d6,false
fa7c65d09ae201ddcae8b3df5dd0ab68497114a5,false
98b43dc4c3cf2abb7fc00e229e7255ea30340073,false
4920a326af67aec139a7a5c537a17afce02204a5,false
174b0c0f0ff8c5a8bca2c3c64cf1429b28c3902c,false
1af264344f7d80b0f60bffa2aab611daa6fb0b50,true
a61bbb1ae5fdbc46779a30199d2c54ded7e15114,true
5c227eb8c112bd22bff63796f0b0d4c5169ac6c9,false
85c4ee925b865614523ba2304d7d93f9d2e36d77,false
f3d431485a9788b653ff8491ccfffce7c3932a9e,false
90265b259f83158460f5524236d4ee0b11dbd7ee,false
0c835e2ed388f288208f3a3c281b53fffcf396cd,true
40cfc507d4e726a350a5c008d0667566c0b2cfec,true
59780079a26c6257d7c5a9b9cea2aafcee5aca65,false
1f835631a179801e8b63a7b04733bca033fdf3f2,false
a0d7a782ddb224c4a70c9b5a8f155d03026dd500,true
46f8b1612d30dbefe37eb77b5d8db0ed9570365f,true
700de50df5c44855bff528c98b1149fc5a3274ef,false
f9bdce577ed07f4352fca0c5e62242739fc02968,false
78da46c56c94ff4a81cc6132d4df702212ebd5f7,true
e6bf72231dde2211729b94d3f53d21bedc9a498d,true
5405888236d237a0aa6fa6c29723ee95df0a18ec,false
0793823e0546a25fa121d07cce89416f22c3fac8,false
d22b034aa5502db7091a1363e0dd0d681401d407,false
cb95b5e595855fd59fa15d4bd0d7ba5aa40aa32d,false
e0a57a200a474a38ae8d6c146fd07fa12dcee764,false
c0c52916331bc1ba7c2efff2178c674a64cc4fbf,false
7669baf73f0534da97fbe14db59d0bd276962634,false
c0b02fd583f957e7050bc7321f517c1ce62e090d,false
c169ed69bb17a40127df04d5e44e58292d7fead1,false
9f31d7a4ab84d71d77ed2734e66c99bd350ad88a,false
f1b00f82e8166edece0e0fbc039f8853566b78d4,true
4396478cdcf319f437131bd29cf21c3e6dafe2d5,true
1b6dba93727be2f5a460317376c3290dc603bde6,true
52d61935cc55a490563664ffbd0ca0e8dc2cd7fb,true
4d27338b685209b8f40307dff16c0906ea73f2a3,false
b4aeec39f8b05aaf4285fde033274e20ec68944d,false
d42511a0375781dcdae2dbcb74249297904f2e69,false
dc2a7735f7d0d89b4575e0728f31500d79d3e4f8,false
a15b51bacda2cd38716ab843b3e38e9b7e91c25c,false
b37616b9828dc2127c20be8bfb8dfc0b7e82ed8b,false
4754bab2891795199ddf93d82278d5c6f90afada,false
911f6c2eb199059a5dce1cf217794a8b899b4946,false
ba28443be56771f948f71831494e5c15ea8303a5,false
0cc1c59089185b408bd3fa1b3ce7f61d5b51e523,false
1d012765a0e076a9de7776fb8bf71e8896348822,true
88a52d21f520ac6367e2957eed102a4c72b8409b,true
190ddf9cc3d0244fe510f8525f35ebabf61f201a,false
22379a476aaf38f6a2dc01ba7e67f007139918e5,false
25bfee0e5543b860721661b6c0b612b896d742a3,false
13dbf688da12833626300334ef8610ff962c55ad,false
761e4f1bd7504e37bf71e7ddc7b873e65d139055,false
742a5808659e72889e08eb719a0ef3d4f690f0bd,false
3c754e39e9e4a712b7665f8d7f173f94f31c3abc,false
758a7a23681c41ee80d646cc7bb308b924b18cae,false
bbaf4a48e95b5ab49b4f33af51c9d01e57d428fe,false
36619edb1bf6070979960f8996cc08ec42e0fb8e,false
5ee18ac26c54521f548359a0e952830c8abac98a,true
be6753a44674cc8cb150deb4e29db9ae6eb5af0c,true
d0cf7ec047a1db67d817fad62c7d55136153b3c5,false
b7ce181ecbac46d9efb7f415c66720307c1876b7,false
14c7cddf823b6e668b4215154c69629d81d0b003,false
1b048db5e7a5802f3fc8a952bf60d466a82d8bc3,false
8c0256343f07ac7f4272de8b407378ce9ee26491,false
9d2b6cf44a6c03f767b238f9ea49cb985baf7bdf,false
94fb9eedff6e68a6f13541d0c6e9c05972f93614,false
ae0461672ac61b088c17894ac7c1a0da88815858,false
dc89926d83d5d9d7dfeb2e6f9fec82a5cb15c428,false
f12680098513d8f29157e552baf4d6149483d53c,false
9749610542cdc4cb70e032505dc1cce6975968f1,false
f56f143183722e4ecc44f0d26a685c535fca48c8,false
ac696a6b50a5ca7f27fb5afd4002540f8aa718b7,true
d7a2fe9b984acb5b2521eebd79055ddfcca750ba,true
c7314141c0b6c3caa0be72c78f2ba2996a9eabd7,true
0ee5eebaefe8c07c0c10f8595e241aa49ed12cc5,true
21f3cc32e2980a372bbeceaff42401e9b8947ec6,false
5c635b10f1128b4585dc191cc2ee53cbf67a3751,false
f9ab9d820cbe3ddc58bd3a12a68bf89ac800f10f,false
77905679a01ec43f2d417a2e69af9354ca86b22e,false
ebd6b733d4eabc336f0a7ab1b6ba9e677c3d7179,false
635e28927b46b5825f6280ec65cbf3f7f1ebf24e,false
a4f27a51e052db45a0331de60477b3467d67da2c,false
854eaffae004f3dd9cbb6b491e2e22302e4506b2,false
4ac2492127a7d970b08a60214e5c4069392636b8,false
7318924eda1c9b0939ec33cad585a059eec5edc0,false
2585513b6be984cf2f9219d8e23edb6a84e22ac9,true
cfecfd3093204505dda0a21835fd4f55be94960d,true
31a322cb99bc73b803c7136f38e1957e9a12dee9,true
43e3c7ca344a5edd12485b7b4bc1d0176eb7cd41,true
0d76b873383f3e26559f7ccaf19535e13279a10e,true
12eeba5658224daf786cf3a320583e2bc772e752,true
94e1a8e3e6c30c5b1c0f0508fbdbc17021243fa8,false
322df780390b7393d457ea6c3032f1aca416ca8b,false
a193188eb4362dfc87e23de6de98a315440d782b,false
5f0d87f436cb9b22f58142d0ffd47a76de78232c,false
c68072c9a2cb953e64c848a8f2aaa44a4bf2c283,true
4d3705b5e62e440112f5fb07d0d586b77e83e318,true
95c03b08a7d77e9933ec5e287468fd494a865da8,false
0a0a9653912f26fb9652a1908344f9c38e94072f,false
e293c21e638f9a13b78ca2d80488222815aaea2c,false
81d448fe1d493aede6a783034beb3b693f878a44,false
6a3af952cb4b2635dbfde7a0d5f4b771b5055246,false
f945c0f3a21438243fc92cd390374fe1701fa668,false
d06d5a93ebfafd70fe68f15b7c7a84ae3f5cce4e,false
17cd0e364fe47fe6b62f68f023cd05ee95a87177,false
39029f1cafd3beca068fad57fc37dd7bd8f83aa4,true
953e7a3e23ce3d5d1db083df2d7af3b0a53edb13,true
717ffe3e274e6f2e2214bc32547c9f3c1b6a1a4d,false
b8a029cb44541156ccaea90447812974f07d33d7,false
36008b9a2a2d1cb1a251688bc9ec0bb82d6626d8,true
fa69313a10209bd54e03e5862f833f8894441dbb,true
024d25ddd3c60c80933f4cd14861133d265fbbc4,true
dd150707af6864f5061cf0d0f656a2d143840a4e,true
977deaee97f3987400dbe85cb81c1bb3cdc6f977,true
050804e8e78a26667f8421c32736da09e33c78cb,true
86b629c7a4ed3e3e28669a1314a88ad02c498a98,true
0979dc7c03807b989eb304aa47eb80a543577354,true
f8f60ccd7c778b5572798eaefef70fef9736e724,false
ab1d2167620b012b25d50bab4bf14dc00b9183b5,false
1b0a219efc0549decbc74afad537c74d1ae88883,false
0badb3e04b7697a16de275c944629ef6d6777c22,false
b6009cfc85fe65e2abec4d8d37cc9edae10b08f7,false
59452052e3c35495d46653849c88018af6d549e2,false
a9b6bbe08c982d4eeb8592d6427d88fb655361a5,false
5439d6beb1f1d8cc44f5de19cd7b467a99977229,false
819be3ac5fe7e16cb03324abd9348ff611b5827a,true
bd9fd368aec5785c9140cf23747cd187144da081,true
a717329d2807ac6a3116c97896c3af24f30dfeb4,true
609fa4a5c83f2d5344c64448aeecf851cee4d7e4,true
054ec37c68cd34968f05a747a7ed69677bc86d2e,false
32bdca184f6f372bbf3e94b8017d2554428646ea,false
cc562bc7b6c6e41d1cba6ae1b2162123a6f586e0,false
1e76196ca596058ad7e562fec6a8632a3e3964c2,false
7a481a40b789c4d1d6e1e54e11dc09c92b8bf350,true
fc87d9a939444d56e517aad1e9888741d1122101,true
fbc100787eeba60b2555f3cef06a26b8daa14899,false
00bde5dfeb736b0afccdd4778eb00125a55016a3,false
96aa161793db2f7db42628fde8ea485b16135dde,false
27bc6c3f70467793a0f1dc193de7e8d77763eecd,false
e7f2b3d15a6f32b402d8f693ab07aa21c9d4ed8a,true
92895165d7dc7d5a476938d08c8551699d99ad60,true
10605392ea6a91ff59a22daf4d2d7bae5e4aefc0,false
f28deab7fd4eebb5087103b90b59c3fea807f879,false
768eb6bc4e425213a58f89b86408f3f813c7dcab,true
f52dcdd6f56718a2c41691c3b864820d054c470e,true
73ad14caf052f2762a4434837c3b4c51adc6e7de,false
d382f99c715dc57470a97e6cc625d1f58a8e3af4,false
eae5909b3139f104a8c4c0b60a3deb790ebbee75,false
893d96b5b2f9c7ba07d3907f8c329f9c07507421,false
56fe0a15f015127bf9c4f3e18c35ac81c83b689f,true
f64c80db234acf200585cf9cb0bcfd3470b568c7,true
d10b03171825e1634e14b99484e718d9ce73cd2b,false
1bb868def253071f0263b454a5778da85e910367,false
c25e84701e3fba83c32604682170eab7532c6a03,true
6646bca2a07ef571f83b42a51f9be98a6da1899f,true
75ea9a37cd9a505ecbd2ab63a5260e70196d307b,true
592098a011024edb1ab696464e0710b2acdddc9e,true
fb252f85935fbf4f5bc9fe5ba4f4147d15fa4bbc,false
083d02cc8ca723f84d061cd06f25ca2e8a8859e4,false
8fac5717de1afef273a5a3bcdcff82e35b275d02,false
43b8495a40e5a1b502a52f382f3b3792f27a08ed,false
59507d824bc1de8b0d0813a1363ff1c92271199a,false
f22c07fc220c805a0f4c45d95190c49c04662867,false
154a8db6159e9ae8fd5fecc9ae5b3fc4273f231e,false
22e73493d60e60c7c6feb67eced922f8b44fb258,false
132ac4be48772d715b5dc23f35d0b192c99145cd,true
d6e515cea383983bd6294a60864a46d3c62cb241,true
57d49722fdd2561115a8ce5a39c2a0d0bb91a7a1,false
2509802486b6cb6a92ea8a60816c95852720b667,false
7c14063ad4bf19180e2623a4e718802d5929f376,false
c10e349d8fdaaa15e32dd29726e9ec74162eb23d,false
20cb00fc3d27a952dc32aba352d0ba080b4775b6,false
26cc498ef917c543feddf32eedacebe90d266d82,false
3d923e2a05b3cfd476ce9517a8dacaf16e909b0d,false
56c06b4fa5621fc9669b3d49e574e1fdc2bb4fc2,false
1ed1b0d1d6d8845463c08a0bbda6f35615a4a1d1,true
3953f34eff4a5e3e91da7f4797220b87d4c310c6,true
6f48fcdacfdcb712361cf40d5c1838fe69e532de,true
cae21d1b9c8b5027613f6f0456656ef717a2a034,true
536c5aef1efc16e9cfa12c4e4b0f7a781f56503e,true
d1acbbec25bbbf32d1a4e1cf27cf9326d3513e8c,true
1ed3bf819dd9ae2b0287aceb68ecd2bf5ded0353,false
02c0111ab3ffab7faf7d78900f0dd8f36986ef6e,false
e0f0bd167ad86d0c547d59550036072f21d1ce9d,false
c00a9b342f1d4a22af71124730f0ac688f3e0069,true
7e2a6315d737dcf6ab8cc577595bf4ad0b5bfd29,true
e338c5f5c0d3bc55fcb8490be548f7cd9fc1b2dc,false
0609e55b5e5d290eb434a06539fbad735de7b4ee,false
aaa00bc228ea2ee3582c0e5c03a76e1fa3d12c9f,false
ed8ebb495fa201af03a37b45e7968ff507e73662,false
970a8f90181696525dc9b2c83fb42270b9db7185,true
821d8871ba212249b3be59fdda82547b4651ba8c,true
eb2c12942eb54857a572de80cfb18accb623b4bf,false
cc91f50e52304f4ee340ad6616db812c4e796f6a,false
c5997c11b98c83ab29ac4290a28a4968b0b83c01,false
b1e91091e969ca7d688666b9127557a1287433ae,false
fdd1ee2ce2869781d2d693160f2caa51a0080dcd,false
4244c791744cc8705029ca1dbb804bd4af829827,false
9d84674f006103f17140e08476c2084253729ea4,true
43b264fa547a67e49b5fa11a89391dd91d23fea1,true
a5c8521899c9e9b3d4608f03843e9de51a6c9007,false
fe670cec7b1e923af03f68ef3a063b14ca96c681,false
4d55258046287e4a34e221b6016f843d23558c78,false
5f5233598776661383939ca2f0b328a9bafa3be3,false
c4db7d2b9800dfe7ab13d5b6ded06a711000d070,false
979acfbaa4152fb369a0a51adb172f3d081994c7,false
28e74f3e2a1ecb4b48330517ea4945ecdfd29ec9,false
d595da46b18e84f79a4891910ce2c2b843f67cdd,false
39096572993a227c04c3cbcbb5d015f541f3aa7d,false
b52408e7dd2c1e452992ffd91a0103bb16a5a690,false
ba00489ee5ea9830ae9f4065e0409e97bc55705d,false
fd6517f2976c6223e845ba7c5b2e616d9ad3b091,false
6a1f32c23206b9be96092755493e1ca74dce693b,false
962db82f8284a4d55afcb0e56335423523f654db,false
e3b75d81cfab65124ce1271da495f0a930d83106,true
1d1f26c851d662d5c9ba8bfc43e732ede3cbee4a,true
23296875c5465e1d99a0175714f81aa98ea7a072,false
5156803378e6b4505511da479dea211b7d2cbc7a,false
840604ff5c5bdad8470a9c5248b0fa993a6d39f6,false
99a576d8a78f3935e29369ecbd45892a4b12bdde,false
b17118ff961410e84d488dc469a9cc4e708a6220,true
f5f8801baa175336f8d50edfd8b48116d61ec37a,true
40d6ec8d2de1b9660f960f3be8bc65a93788276c,false
5f8f64b107aa049ae3426bc883b9c5b0ded286b4,false
871ea357a82a58d08cc607059104620231b5bd3b,false
85ed074258634982c6b2f1d3bf2778ed226c6c4a,false
837c70069a4bfca920ed92a7e73da0dbead6aff0,true
fb5127b141326202fff93835053dbd734c986f7f,true
1948a37646e99e1257bf12ada60c5a3b36971c2f,false
e4bfa9258a989028ddd07b0f7ea55b9e45559611,false
dd1733435a53e111fbf983a7798689d81b8a5b8d,false
afdca72d9bbbe120f250405db4a98573d82177ca,false
912d36e5e0f42a01825dd9fb9702acca1fbb6202,true
eeb246d04b4a9498bb7e994282f53a1f1264c525,true
14dfd7d4c083456832c55e2bb5ce819a75381900,true
3c2fed1f3d09de3168dd5afd1724a393ed6ecbdc,true
4e2a45771f139409af784a69cc830937b896ffcc,false
0e2ce14310ce3878fd8cd8303190fc8edb9e95a3,false
0b42070f3e1d37f70c4954e497b5e4703de3a992,true
7b60afb7abb562ebbf86a3a04061c9e4c83dd8d5,true
95f7ccc8e7766a7f0a981b40fbde6ca0ba8b5d21,true
de5a9e07a931385507171f883cb534f4185a2698,true
dd9ff430f97a65ce5d36f16da86ef0d6ef3124cd,false
93683a84fb74cc96c6c50f849a3b6acd8b85dec5,false
877d97d80c887ed652b8b89efb16ef10d72707b6,false
08216ae7365cc95533d02c9783133cb7df0e891d,false
300c14f973e0eb230aeee14662cd1cd6fef881d2,true
3a93febcaf95127b54982e0a838f7c514fba65c6,true
9cc3986ac84d32a98f34729f6de1cf11077830f1,false
03ae3dc3bab472bd968fe741c1078480af0b704b,false
2038450e5375b5d3c2a2b39fc18c76fce561bb63,false
11022c4db12db9ebe48ad4db40801747754f5da9,false
ce2b9e6ff0a9af7c54234aee044ba61651b3594c,true
8e98f960b356064f950d77a29665f54fe10f7365,true
4c539bd066bfbc992062d8cc99216a94c7d057cc,true
0e77997940e3fc0f9d26ae5c0d486724b1e90671,true
6491f0b0c08882b64303ec8d6f8bd3c464246b9a,false
ee3269b0d126056f3c8d63556ac6037aa1315c67,false
d07ad6127eeaed8db9233a12731e9c7dce2ec2c9,false
f56843207bb30d1e5e5f78484e7a3afc161585c6,false
96c029419480eedf3e02edf3e4ae03c5225944be,false
d4915acc317d3515bd5a40480fcd222cdb8fd927,false
43c56495286966da9780935c6c3787c0fcd8cdbf,true
56a5fc0c6d3d1f0f6ecd99d9393926e99ea53913,true
9844db3c1690598fbb369cf5177624e4cfdcc65b,true
c78d9417c64667ea7f2e4eb480848e3c7a32137d,true
7bd84d58c8cad575425e33044ec446836c25fab2,false
0795575e01875020af713e29571dacf095a9a632,false
2f9ba458dcede29f31586aba4c8855118d971767,false
d7a6b9669657194415fe467e2654edc212f107eb,false
a1d54a1888f1519ac8c7ac7f1fb04fd2fbc29647,true
dc3f6c2997dc5c1b6e92202caed6f64e9254390e,true
d603ed147420f8ac36942a643b207568f0604f91,false
e4a5c0edef3e8a9f075737ce34969da38c7fced7,false
b3b63f59a7dc65348ff64414052fd2ac05db5f03,false
b8f93ae08907c99a0005c44ea593231ec2296bfa,false
8b68d0cd90b2bf2eaa9482df6d2a20476f5a48b0,true
1dca2f15cc1c1d973e2aade90753c3e9347cd43d,true
fe4f2d8690d9a37bd19c97d99474d2d59de62cb4,true
e707643c4e962d26184db035c49e13319e3f4e1e,true
dd7611d7da2d67df34a241c9d4a5233eb7725801,false
30cf982405e1f4c8f925834a86fa9334593afd77,false
5ddf9b53a47e1884916d46fbfb47046e97257c30,false
dc028e0679fa74080f852700791aeb59515e269e,false
e0dbd156f16e52dab4cf83d30552e6da0e16e9ff,true
bf7f9f7bde3bbd2ba6191ae66c02f6729ec142fe,true
21c7fa9a80fb34c514b8d44a80c4455e8cd2c28b,false
c3892fc236ec66c31418d8517cfe00e11920be69,false
276b44ef05963eb2e78cf2c7c349793e6b8efbbd,false
478f37226947e8bd4f764996805e9106f33516b5,false
598887778d16423eadb3f4378225705b6453c3f6,false
4213f1c06db788327510b0cdf25242c5bfc1b3d2,false
9ba9371d1c99945c4e22dbccea3082d65e443e9a,false
d7f744ce7fd59282103ab7322eb7a287300210e8,false
0b1d30329ae8ededdc294ce94bc7f40dd8f17617,false
8ca121e72b091f7592ff18a24c3e0ab2d327b69b,false
3ba4dbfe16d11f677a36a3a37e3e4626eb3166c7,false
c17f6c791ebc13def9aae3f99b40ddc72e9e1f61,false
994046761daae0ea29e92c83942a6e70262652a2,false
df4645c2326de220a1203e0924a07555ad608d91,false
20ce3d49e8d77d8ccabf4916148f52f93879abfa,true
8843ea00777a700cb88d73ade488d885d4f6f3a8,true
ce27bed0928a823b388ed411e30bc56280183119,true
e2f18353e1ed394ff8c684e3effc5439663809a2,true
d58517a05c2f7be5857a54481db661962981f28c,false
e13625f91458af51f33fb17a7f66eaa41ea125e3,false
f606fe3df684de89e805ab58db5471b77ed48ca2,false
6a44b1073e4b5dede9fcdce922d12ad7777997bb,false
53c88b9ef4ff0a385e895627baa4c6722831baa3,false
eac83cc31ac473aff96b46ea8eafb8d1f8c44fd7,false
8f67d5b2f09ef7698db3929aab303649a6536bab,true
b9188f430d1d98859053ffdf5bbded2a8b8dae14,true
c8b6f5bbd223125ef9240adb4031d6085e821755,true
0696243d9cce057634441f34b335fdd89afe33b1,true
4fd686e5d05dbb6307ea96bbf7670d87c8650b54,false
ebe1052664b1d5560d242a0b10430209b6d334a4,false
0b9c221cdbca83921fd8c33b6d94490f6745fa21,true
89e48f02c6cfdd00f8a54bbdd57ceaa56886a561,true
f472341296771a12855f7042da76fce4e3410fd9,true
753a45d0ddcd8f34b5d8d9e74a22934281065734,true
739ac7e54626f8cbcacd10ebf46a184c06a4217b,true
17470a281415c9e68e9c7881229716f0572fdf39,true
7452e193c68ebaeecd46f322f333dc7e41de15af,false
aa7062d882df29c73663ae707cfff1b71f430ed8,false
cf65724995c1d5ddf60a038a7948f19af9902780,false
ff26ac36a03c59c5caad61a1af6b8d0f94d80934,false
e252b87b826ca21e1576b6f007d0f903f1151aea,false
f4188f9202b323f87604c6b545696b17384d8aa7,false
962ff1a7ac8e340c08259cac684671689fd071ec,false
fc22de09570814172ded5896d1151e18f2080463,false
9fac8cc5533a5cfe6128872493a7dd914f2c43ac,true
29a00ed3612a4a3dc30d0663e1765e91500c0959,true
fba6d8575bc2668f7cfefbada5fcbb81dfa09785,true
592923b2197e732a323376a835c67125805a73e8,true
7d632caca292357c6c804e6fc77c1b4b32417634,false
f81792fedab96c87c354ee1e5fe8dcc9ffb2ab9d,false
441bd3d7abafdf7a2ed748091e90240f6ca46786,true
ae0afeac68893367878e2f17f4bcd5e471989d24,true
4a3a2dac7d82553b3b004bfbc48e43437d948451,false
ab1ce37ef83bcef4d6747a8c2c113bf1bdf0e679,false
74757890eb5df0153e143fbcee71603ce1f3321b,true
121573491ae57959e60cac864ecc84a9d4a7d513,true
1ec7e3099f5511530a1bdd67d2e7c23b970a8eff,true
8e0f868578c26218bf61987c48814b55643d9c04,true
d68acc837ccec5cd81d2c991e6fe3e64138d0fbe,false
700aac9efc881f2cca4abe9ebb2f0c3eadb3a09e,false
722c1128d3f2e12bea2bbaf53d9195b4a09507d4,true
1c796e72d0a4f742e25f9a20ed4c384c3fcaecea,true
1930e1f35c381bddf3cefb02aad3e460b0e9e1da,false
c2645f66bf4a38dc1105c7cec4dd2e3ede0d26dd,false
841631abaa050d62860e3a47f43e6dcfb95dffb7,true
b6e73ac4fe0e477f473c1e870a1454501e1ad2ce,true
6051f75848ae04dd5576ac1668f34515b52e30ce,false
62a2d16ef5998f3e5e7f3cf9ebc1cb7e9022511a,false
a4b3994fd4316a701738da5a1edbaafc39beab3a,true
956e9a18218b94ef2016b081cfc9029c9d27889e,true
fc800516d84b2d162de8dc00a51fe36e56de30ec,true
d14dbb24b052e208abd5a407e3f5fb0df46ba828,true
10a6c84f5cbb93ba0e27d2844a251c70606e10b1,false
3b67190f69607a35de6af3e69bc4db7fb62b4005,false
fcf308d92f58a800bcbc432597dbb7426b343adb,false
6ecff22c3034f139999b657f3b494d7005daf1a7,false
84fd04b676d80f580d195cb787187d567af9d3ea,false
9fdf2fc97154db7ad37797203ab125b447d1b05e,false
491a16a67d78c6006cd93da3d0e48f4ecc144f12,false
25884303ca44c898ecf3ac01dd905fe80185c7b9,false
ceca4933bb453074007413502b1e3d73a6e58756,false
86240d933912b9b08ba7e0be619f3888c7b2d061,false
5fcaff424cc6bc420628d6f6d9148f6a78540091,true
68bb07a0b741d8993f8275d2f8fcfc54000f731a,true
0971a923c5d1045b7d2b40ce95898f62a0fc0104,false
f9c372eba62a65a61d7517b3b9dd50274177df82,false
ccfd84302bb3e29787133d81bd5dddebb86d1347,false
a3e640c519d8e2e36ead031679ce23864b524d0c,false
63e16c942d77cb897a88c0aca50ab220af981e30,false
d4ab195035c34dd7c660d36b934295eea3ee9eca,false
817331283757fefbdebc27837d2780b6daba5845,false
46964eaf67749b844ff6575fce692666fb5fee5c,false
bfdb02102e569469344f8d23fc583f367424c1a5,false
5aa88d1507e750a0d8bbe9f3d850f04bb0c1aafc,false
07ff5def14c67517cfe51aefe956a66d63a7e465,true
fe810aca0da411cefda427d305887a0f2d66cd5c,true
272dc9c7efcfadcf5a9a80bc8a22870178538c6d,true
8fd8b7197bddacb1f0c8881b25f0e147c923480c,true
8ad81552392a1fa5f6c5ac0dcd4ec315d3fbe23a,false
b28ea95fde3dfaf4a4800f596b2e398897cfbbe8,false
42ca0b2fcce1ccbeae2bbdcf8c68b14d16b2cf62,false
e01858fea8e26ca544b8103b6834db4856c209c0,false
3fdb64df43f2ffd89b39c72b17be4f20a3de2bb2,false
79dac72887ecb1f58dcd7d46ec848290fd229601,false
70246fc492e3f66ea6886d637acbbb1d9da2bda5,false
65c2053d2bfb109027b674bea16b1b543ed3686e,false
b2d64d9a81b710dff0ca5fc8d9592c99286f95d4,false
6e4d6f1255382d73447ca294c639e1ec10ee7646,false
95908ab9edf089f24de92867f1c700274a17146f,false
ac998715169f40dc1ab412b4c3412186e6f21062,false
aeb8eae904166c2139d389149dd5f38bea0a2408,false
d55cd54ee8ff3cb76d224f0909224f5c874454ad,false
b734f30592e14b1a5947859b2ab8a1fb594be445,false
0e28740f60696a76b29c32946363634cd22449b1,false
852b62f1ff8ab494b297c5b009bcc0f5be2200b7,false
36f3c8ecf7bf2b47362e8d2d077cacba53b7a52c,false
de26010f32a531bf7f72daf9a287d912ea059aa9,true
455a12f85048f2bf8fc9a345c1a20023345002ef,true
4af105f15aa6951aa0741689414cc267f96fb8c7,false
91ef9824443a9375cd3036af27164ff9864f2fa3,false
f2e7eb934cc7bcddfe1e401121f3105e80e2fe53,false
a0a4728c67bbf3c6307278d1839f7ed870835789,false
1fcabd1f306d12a1a82ca25e3cec89cbdc73d9d1,true
94c02514b2714f19bff3570a11019e24be66bee8,true
0a5f1b35450c93264e4abfd3c95c240b7cc7684d,true
cee280fd3ea2ee25ff6792e1ed0b775feb5e74b8,true
5fa5d0b14bce0977b470caf554f65570d38d1f95,false
c5bc147607f0ad6eb7fca4d964e12040e5e96b5d,false
fa6871d142f61104c7a1d707857f355279199d6a,true
73e215286d14bacb3094d6e2fe387da7603674ce,true
281822a98b3f3b0b8b3934f99b7c5529962ab416,false
6de45156f8b0e4ca40f71de0420b612cb0bf8fd3,false
bf4b508a213077ccb7c2d645d63c0b7a8bdddd6d,false
88bba4f6c72e42e028574e66e86a7d05b8486677,false
5022bd9be408ac0703b2504e9767272fc781bd81,false
113c6ebe5787efc1c581e6a857792faa0497c42e,false
bfb8b1d96f706ef206ce781ebd33d3d56fb89b7a,false
6849baa8ca66c914e8e23c7ffd062cef93987cf9,false
fb3b86f7e8053633bc85f5c9863c5964e7d8cd7c,false
55a080e62e92f6b45282e913ab73332047ecc401,false
cd0b36d14e6e51a427581ff9963ea875e3523e76,false
84c601cf9777806b6e589b2e0b199ab4709955ed,false
b350233a56b0eaf3e73e7d5b12f24cf9e382f93f,false
74e8402974b6f98c3d7fdcf02ded8a551b299459,false
3f0a4e10caa3e1a558e35e7922358908dbc36c1d,true
6e34997f41fc898e7e78fc07195ef319eaf489a3,true
917b842f7be92154d166d4b102302cc6ec87a7d6,false
bdb0d2b148551e7d85d5eeefdd874f542b593add,false
25f7e01503b11ac9851a87e075faee4ce6da0fd5,false
9d6f0b322ff0e64751125b9b42a0c6d61fc6f0f4,false
4348613226e611e30ec1fdafb7db1f44c76be0f5,false
23e7a57134741bebbd213f30cb9178a52e3ee91c,false
5e12bca21d89d86e1985ac0bf97ab96b117e29fe,false
0be599144ef0bdd73b936ba051dca8e86a54861f,false
8d252d46b7b14ae58b5ca6ba55a0a372397d619d,false
64cc1e2071e2a457f2bd95423f4d3a27072a695c,false
df61c42669808c2567e439f113bcfb6dd014f7bc,true
1c25df377ed707d0c447efc8ded4439efe024904,true
00cad42618adb98f1eeaa36077d0b1982cf20107,true
be39a5216fdcbe6b4a3d5433ebbc161abf43d133,true
f5782b2dfb629da7508f5d7d0f7f2f3abb12934f,false
bd32d45fa4232a10398a25edaf89637df1df21a1,false
66d7fa089758742200fd5d65c752081dda287ca3,false
c4e89160470a1316f6f4e62e238bc678fa24a4a7,false
32baa617ee93daf78f21685395509197f8902112,false
01ae45e69ac63f936bc49db345139139482353e4,false
bc43eb8f3be29965015ed8a28774f6d39fbad473,false
e3dcf0c3a4068b4a69fb41816d2a83cbee434350,false
86d11abbeb0cebac3286b3da652f70a1f65a15de,false
c393f81a687b103445c6b79ce2dd1bfddcf3ba33,false
7273c11a9b72dcdcb7cda79399c2108ff206d93e,false
a6244a605a869ebbd13492f40f1ea55b2050ae86,false
9c8f2632703d47079b26ff77099479de93627a71,false
c9f98def6b74496085620a6fbc9d39563fb8a80c,false
3c036ac5eef397700bf4828b57bc2e173732ecbd,false
0bf8a01a40f1defe58ba4adee5711c099e34dad7,false
003ac7e6c38e23e4da871ae76d7cc3abad598743,false
3d99f27fc769100f20715aa7ed91971e248c2e1b,false
1024265eb9fba853bea22c7c51bd9834fc36523c,true
9c344553a6b5d09a5f8d19d40ee20dc354eb8b25,true
3b069ea380b6b2d13ec5ee257be812b55fc163b7,false
7219bc6341b7d2beb9c4734ab54a64d77935f687,false
50555331138b5d0413183fed5db50989e55daba9,true
dcfc82aa3dbdf3167fbaaa8ab9fda539696940b3,true
938296129015c22c82ed132a42ec707c73e041aa,true
03c5b65ccb6989e68d9f052301429cf8f0efe66e,true
1355b4d009c3f07d9079e485532ff53cdd634a8f,false
b5894b99d220a20bf7dd20f8358fc455057d0bb3,false
421fa21b6c338ee224a57cd0f67f85e0306af5b0,true
b1f24f574a948d7dccc061307bbec8c04008452b,true
bd62b335e40ddd00e845b75f4240600b2d9b8de2,false
98fb8b9255f00f43704c853a99b337e284cd9903,false
58ab2715da68ad8ebfaac32761cd854331796540,false
87f7121dd8359d1e9856f2b0a2d81795d4732e8d,false
a7beff1c15d1f4fa65f817832da239373f642456,false
120c692197922136e06f267ede0d260750d2fd1c,false
196bc589c3fec5435081aabda51773a50b6589ba,true
0f58722f7323e7f05021a1c1d45766fa4717c410,true
a83b9ce238ce27ff7a852ee2e867a9134fdc0057,true
54b371779f850363f1d7b414c3a54a014ca039f1,true
769ea256ba456fcd0f4e6c4711dbeb0c26a0cb46,false
7577f22eafcc3457612206c128c45091c4660cca,false
2ef517093e27ccfad83b88d8399028c464dd88dd,false
8a2b4d9b7885f5ea982123675a8d8fa17ef2a1d4,false
96340f50573393863c4fe0c7d209e5e01fbe0d5d,false
76eea02bd349a93329f005e214cd1a6f389c9472,false
7d410a0ce129e62aa34396c7fee7daa2251280a9,false
839ebf32b15dcef9005842e905b657b48d842a3c,false
ac4f1e324a7cc6129fe255bbf0547182b32b7f57,false
5f2fac0e85c13c687e3cccefe336bbf8fef76e5a,false
93e67faf0ea3d418d2eb0811fd4e0199b2175a7b,false
334a232f64ed6f5a8077e884eef5369ce053d2cb,false
696bb93b5942764e79e28e0dee5d9b8260f6b5d7,false
ed320d24224d5780c2f6dc23de735a0464277d51,false
36f1b6c2ed6251402d5e687192fae67b6fa05ec1,false
c5b6c485382696b482864f8c0459490c93a4037e,false
fdb6fd73389ba11a857e93a6bca233abbd995db7,false
7f34a03c02f74f883f8be041ec258084bbdecb7a,false
459106ed4bcbaa738f9a59919cf117d7a45ac99d,true
757dd92da0c7ce330c2d10fcc20890b2b185358c,true
8ed9c51341a80305a52dddb8c64fadf97abf94e6,true
f04130d924e21cbb918096ef1e2314f575cd688e,true
06bad14cd36b0281ab8a745815dc4f5a80d1788a,false
99322564b07901378bac2d8086d7ae90f259c3e5,false
1e44aa96ac99586903cd2e48f0047629af3ec98a,true
b373526b324fc9bf423dab30db33c078eb84c880,true
8d16f31dd044ac448fa9391224b42d79495b616f,true
ada36407fa283eab3c61bf71c1de43488c52b095,true
94dee44af4ac4c3b8a4436da28087bef205c86bb,false
381acf310ada46f56ebc76a3fddbca58e871dc88,false
a10d78c59ea15da1454cf094cb11c076ccf58f6f,false
26489822980c7ef5a0a045c09c886b93a9ba3a91,false
8b5bbd3c644e698fff92eac76b296adadae0b9a6,true
6520f31e6684565a837479570dadc0e1534c3a05,true
4a42efd6947eafa7855d73d971183be7564aef1a,false
059e499f1b7625d254ab575df465a9f28bb8fa63,false
dee0c1b8ff59c1fa62302671ea3ed88cf1b67d5f,false
f309f1926455fcd2316c47f39c32087911df772b,false
531bc60a435f845ff7712508cda9d6e27c09e6fa,false
20fbe25339b4e855e73630601e74911b0452231b,false
d4ce8e889d0bddcc9539ad2dbcc91f142e890af1,true
6fc8874272bdb64ba7f28b4a2a2b94c7308052b0,true
05999241b538fc4dd9cc21020834e989a1a846ed,false
61a1a7cc08d10bd3a87395a1bb24edfdee113d7a,false
895be3b9195b583c64e05df4339ae3b3ee79011f,false
4590b9a2b4fac1b4422d3f0342f4cf07c9df35cc,false
a3cc645e7e611f085d6368531790623d7feaf032,true
2271e238f7d5a9a7d95d3a56e8ea0b40b7152945,true
c10a0b54f3189b5ff5ae4301025e2dc7e68f31d4,false
42143c6deb28dc09f3db8f9ef59b850564ac857b,false
a50276d3da98d92f5c6e31d015f185bc2d8c3b0f,false
0b45262e9148415dfde2fb9ff1fbed983170e01c,false
3f86db18766478670c15409440d77c5623dc2279,false
038328cbc8b19831fc483c5d4b9cbb491d793f0b,false
b8afed2431feea1d0d12e928d38ac28512bbf90a,true
231a3ad8e874605dc024407a89087967484bbdd1,true
d7b9754a41deabcff395dc3191e56a50c4273ead,true
13414b0b25adcf5b227c5cf7354ac7fe02d08505,true
a9a3936a895ea304c85c2af7a3be75a02ffa2b7c,true
afe157cc037b6095d615027051050922aa52e472,true
871749709f5826d9ad67e018446cccbcdaa64a24,false
678881e35f07c638c72cc20b54221def27fd5804,false
32a9381b0b9d4dcdff28f69dcff1e5469a2acf0d,false
0f1f956ac0fc23ee33ede17b062f2bf32ab865b4,false
16495b51955e771b3bb5ecf2e1d5556c72e781e0,true
11cd6aeccc1edaefe44a213f5f943c3d1162e653,true
795f6652e9cfe60547e4d1b30e3faa2018df1e0a,false
2e9153ecfdb0fcca90375b2dbcaf3c0fce1c759f,false
a82c5ba127d1472c0c5c9dea4c1d8241bb391733,true
4e2b481ca535a5db34807f8cc88c79740f485c49,true
0386699d4815fb511120c67ba16f8a942aa14b9e,true
1154a3600847ce9dd5ef7f99ce7ef892140e83f7,true
2cd61a5d8dd4a97cfcb03d43061e04d0eb4b697c,false
6cde33a785246d739b032ed7e09d42d7f4b00e57,false
799f1101179105af2cea5af8f0ec563669cb3ab1,true
285c61bbbfe9f793c404272b971053c188e47aff,true
adeee53822c778b2c13d31171ca955e6f47d82f2,true
f6c520a74d5b549df6230df03900a7cdac3ec4c7,true
d7833ff2a32957e046506cfd33374256de7d8dce,false
19e4092f51d2982728e5e8bb4252e84520e728b0,false
1da95ce9edba4378c7ffd77b6b0309861d947fd4,true
2314ab05f7dc1028e88821552400d4f621ee5261,true
acbcb9bbd59c399a874860567c32e8319c75ae2d,true
fa143a732fb26400dab3b1faea6f99e24b05e12a,false
b192f405a5146f16f38919e9cb2b0b2868e69916,false
74bf73213e39203782217d63fb89caacd34d8e4e,false
01e50861f36efa3656a83cbf5de3f79d49bc7e12,true
53362351aaf1f0b7422889a9ba1379de9fda3129,true
182a34d8f25acaa73de0f4ddb73487189a52083c,false
244e6807d5da95c43c14a3aca26281a155be7d0c,false
66132d6dde5a6e9e8ab55d84a1bc4d557ef9f692,false
f1def789990d52dec043c35c1d981c79674aadd8,false
01390d9a6640ec08406350e4cfc80e0f37e56497,false
42572fcba5f968e2bcb0d8a554eef2be1fe1db74,false
561b52d5c33db5aeabe824f0efde9f99cef10bbf,false
d97934c1b33abcce1317f85b9a26f72dca44b856,false
fb84e5563c102dcef226dce4854e2deac364ac7b,false
a4ecec803aa3572a798b4a6a56f6852d19c226a5,false
2898b097e9eb4d86093edeaac8f2650f8f9acd9a,false
413d6db1c766f3babc8aefdf0c1607ef96c7550f,false
0a6558c2ea6e251d9f401bcb4e71b5c801129863,false
e8da0af6089d52aa68560439fac709841a09ea64,false
0861c2f9f302d891b418a41591c8dae61373310f,true
2b344dc55e6fc7700a5b26c84f630fc76680b4ef,true
eb5e34936911763c2a47cebbb1e6b6ae0bee5d42,false
6e4b366fba38be642f594c7b04c5604da02dede4,false
129ff21cdbe2935c1f07d0f4df0c7ce92271f186,false
d7791a778da99310c262dd43673d01e8f7acd413,false
52ce5ca475d20bd1ac5ccfc052f9a3465c21dfa3,true
212250f6dbb7f104d63cf0b5bd5ac934567a5c52,true
043ba1801bacab72c243a249d476faedbb92bf97,false
95bdc2c7bd47ed6aa08790233e039c49a492cfd5,false
df48f264d6b61348944849573fabea8737814896,false
43f3e638b2c7784389ec3b8a95695affa5de36b5,false
d53a7d3622370f583ae4659892c6997c0025f8ae,true
3964dd7429ac83bc33ba062ba14fc35e6607c9b8,true
49129329f07d2b1e4fb002c01f97e56ffaa05c96,true
158f656fb1646edda0f5f5658dbdd62bf159ff53,true
690ea11484ec7b08b159f9cdf38c9e399b6e742b,false
639189bf9c819e81c8bdafa8fc3bee3264fd1af9,false
c3195655c74d967d5269630df100515c48b31d06,false
382621851ed075ff540cd8a61e7d427293095ebc,false
b73240c3cf6984691800d1798ddb7b770c8bc5a6,false
51d5dc0ee355fe7beffc27f05218f4438a543f76,false
8f642b10852d467a6504e9edcda99952d06c7ec2,true
093652569977e54cae7c8d0eaaf5958c7f4a8ef5,true
5e08eb552736d28872ea6f6be3c47d067d46e7bd,true
675fc95b1109045192eed81178a23f26fb155e5b,true
158934a720ad687e4db4db4e6627a5af451e64c6,true
46817c3c7e4b54d3a262d5490c0680bba7018dc2,true
3a6c81a3ec08b35a3aa9539f1522e0ab52fcc572,false
3eb44b6397c4df7ca7ebaa2b1a1afcb3fb8dbf36,false
0f4dcf3b2a7a47699e6e86dce973666535909088,false
e4882f18b407daa5bec9b5ec3f4a7b6cb7de81a7,false
c1935c181f6212280b63f972125548c4097d2c46,true
cd2e32f5d51964d842df0d9e6861a129137185ca,true
638b0a9e01f1f0d821cc17ab8d917f14506db87f,false
f44a95eb5ddd17f63246010da701fcafb2640618,false
ae0ff38e46c9317065b924e8275afa5f54851ede,false
e5c073427a6b737d507fa3518163e779c6986a00,false
42df6e44ff69537ae910557b9526d3c2dbd488bb,true
874d64033d65d6460a31eee96acbc0142315b862,true
b988d2c04b6b07493370fae092e31d5ad90b77b6,false
994f6c26beff76c05effe8f2eca6a54e7332872c,false
1ebd7cb784a49bd553392ade25fe313d2e9d00d1,false
2e467c99c0d039178fbbc3cf11f955a9aba5d0c7,false
549e365010ac184c532a12f49debc6fd7da02a5f,true
9019bbc00a9e6c33142545c03b9129db35d4f098,true
e7886f055e773c9e1c3c4532ab833bb05a39e9ae,true
3e389514bf53dc8a25f977ad9f37757bc8872cf2,true
351aeed82e7a3f78d3a8a147a8dc365f4c5983f2,false
1669e97fdfc51b3fcbd8ddd36dfb8ebe75e46828,false
7958f96905fdd927c545509474d38dc4174725e6,true
534fe6ac95552d8e764861bc95f2834b7f3f81e2,true
021b68360bc130c29214fa8247d271a63eec8a00,true
4e907f600a63ee8d653395dc7589f5ab14af91f6,true
5bc62b62104ece210dae69cb5554205287977730,false
687facb8025e2dafa176bc77113040b6fdfd1033,false
90e433ff61eee8b6f94e5b6ff0fdc14044d0126a,false
57fdbf763ee3a25fd5d5af5d987120ba237aff31,false
1cc8f9b5727a685b7548ae05ee183485e6c7f9aa,false
b814c0288bce8cceedbeb1e936146811128aba48,false
6d282aae59b73e3cb3d885157cb90398a9de9368,false
a8cceefe9a9f3eb32f24c1032d25bdb7f668ca28,false
2a2e2bfdd98c732730a5790bd62bb2ed60a8b917,false
b3c038ca5aa02d3c05cef20c62b2af99fe87f2ad,true
0da71b8b7b553d8233e327e5730f8b392c006520,true
25a0f65dbd4a06c816dd88dcdc1e47713a646c3f,false
67da2db49c979d4a05c6e1376a6b9de1fdf20fbb,false
5f4f61738d1a99d0ee4150fd8d77ab80eb17fc07,true
93def8b6b72b841e5476b37d6b56ea4318b4007d,true
518529acacd00895380df2c7e5077e64658509c1,false
07f9d42a29b4de852b976fa7a0101e3526ea2ae3,false
253f566f7e6297da6e429cf6c884d7675398fdc6,false
a052d48816b74c3188442475c345c7d52e4a7cdd,false
9b4a7a3a646f54ce050fe59cc0b1dc7d1c7234d1,false
e0fec978fbfb91496fbcc5603daea0e9195d2d44,false
ee3b280455b1502a707fcb07e03b369acf79fbe9,false
5997caee4ed177f249c83755b32f4c1ed3a02649,false
2bb72b1da1c378332194fe88eb7c88b8292c5a27,false
89475d0cc5736ec46e4fbf63aa6984859b4e33f1,false
9278d2f78540f8d9594714dba70d1c3c187b2880,false
a4dcc2baec21f5535c6d344c0a45758a53def319,false
bdd4972cf2c195689d3caedd16fbf7511ab5572e,false
55c8a9932b7dd7be6f0a311b1d916d2a6d2962fc,false
fbabe60308bbe9bfa2ff0f402e2363d1d59eeffa,false
0bf8089f47290463537d9c5fbd31b7e84a1de255,false
f84a39f5b4f7bfb241ecc3a0cdd5904f34b8d15d,false
0104fa7ab8e2f19728da91a4324dfd35e45c0673,false
334dd8c8af1ea47480c42e1303c569c66f4b0f2b,false
456ebabf76e36dc66a85cf355585fab3b12d18ce,false
c5cccdcbf72ec801c71c22dada6a491893a40800,false
fa9ffe87f93828c09970cd3564c20d9bf82ac1e1,false
e60d0c0711b274f6e05abd18331a885410715b20,false
d27e85b06a34c79ae217ef4e5eb6f9c4b8c96bc0,false
6567a0bc47018308f9f1ee3fa0d93ba8a59a37ab,false
9af84220a47630d47427084720d39b28a3865be7,false
1c15cdf53c069bc9abec91d163086645f8941783,false
652be4a01e0ad640d7fc71812d96ed29de1b9cb9,false
36f98962c3811772e0c1b6aff2b72400bb70949f,false
5aa2f737b31dbb67084a5b799328fc226ec1bd04,false
92c367ec40238401ad88f1f5a5436add6b4db987,false
2df97d243cb8e348af17705dcff77ac36a7c82e3,false
4b7b97648284956d7796af8172d7417056ac2181,false
38449de6e2d8ba1ec41591df01ac2cd356732cac,false
d2b9ee6178878a3fd9977b727ed559b638a91933,false
dd82aa471958fb1e107c1c0fcfcd792ae8a4e1f2,false
7fe4ebd89890dbbb83613bba2948e5dfed6fc076,true
ad0fb028ea5045191ba76f868b8241c3a321501b,true
abc16166b530d7639a52dba7aa550fa24d49fb45,true
6b2b233e5cd8de71157884f2f4a0ac58a1ce80e6,true
6c30fe10d295362fc28748752b55893abd4c9590,true
e01fe72afb58088f6cfeb7093eba8a59c84fb78e,true
8d8e6b726ed729117504c85b0aa08f45af9e0010,true
c9046d9486f461df06dc49483571b6977f93a265,true
e794d57959a4e522cf37a7771f4da2ec1e7a237f,true
37db58f4497a77fc9d4408ce137e8c8fde605d54,true
e0d269d1ebf3ebcb39f0303941e274b7734c6c2f,false
6d407e1c4553d38689b78764848ce202f1b0cf09,false
896c1fcae5689cf890e414a964ef57b02ddd087f,true
cb541fa5cfac60b3b725483ef4fb62550ccafa37,true
309f960bb2cab6c97f85041211f7972beefd6f43,false
b618b68badf94e3796ec79c4fcd826ec09f79edd,false
a28c8b68d06f65d4d846b011ebc01bcb62ce2fc6,true
4c4c1d5038302980cf582ffdf2dd728cf5e6dc85,true
d974eca6251229e734dcd540840e76366119e0f7,false
9a539753da9f0aa7009cfa9dd2048bbad38a139b,false
7ad8823849fe86c19f454f7b7189f00798bbaeda,true
7f14759b0de7a63e373274f12901b10d5e03628e,true
10b8a45ea5cb632cf59797cb7f305511d6062fc0,true
7927d58cba9fca1c5fa5722dbfa85e91eacc5651,true
080ee092863dec887f57fdcdca9d6266182bcecd,true
f7cd57812accfba6eab8f1c2df79c372c78f4abe,true
f4bc38fd4dedd7c6bb73a1c2f26def8496396469,false
ba5d85100139d00e2d2cbd033daa54fd632e217a,false
886df9b44c4d2061a9429f86bc0932c1c15624e7,false
f3a7671d4905f567324934ff3b96c6c6566cd951,false
93c61aef3b3ed622b7cd9d96aeb709b8bef91359,false
0e72cf5c8c0942d30f4750ad0b0ebb7d419de361,false
4d53b8cfa93e60ed30fb0e1adf2516e24760ca8f,false
64299fbcfd6e40e088e08b5cc2c7055af716f56d,false
5d3091ec970eb9ee164e838e1e456ecd62786ba4,false
1539baf6eaeaeb3ffac52dde2912021cfe4581c7,false
92cc6c6b4981d105091fccd771238de1bad40057,false
2bda2ae16fc2ab35a1f4d0840379a7024c1ddf55,false
0dc462bb8475464248c99ad76f69ac405dee111e,true
03283119619a8f9f1d3ae1c8e87afce8efaffd3f,true
6dc1e79d104915d4c318720d809d515b9e2015aa,false
a8be9bb9b10fb0ecacba00ab74c3eabbdba1b4bb,false
accad7c554ccfc395c57955dcef9f651794b0041,false
132ed09f50ff54f37f552783966f8be0c3cceb39,false
50a6be43689960d3fb8cb2571dca838601a3eddf,true
4f32a18a15f2cf85fc43313a695da45c20c12699,true
7d8b0a7369b7f6afb7519962818f2fcc26cc5154,true
7b5feb29aaaf4e4105feec73f810df6263e88a25,true
e8e67678328e771b3d9be115ea522a128b9fac26,false
60ace2bf70bd02150db7ca402f3ca0ee7f5411b0,false
ad53779ad7d018cfb79ec3d4a7f8e7a176bebf39,false
520516689a45e51381d47ec7c1cabe6dc94bcad9,false
71d83ecfe757f6881f82c240a29f3435bed131a5,false
d1a04405d9be9cefe89f63ee73d1dc9f6a99ddc3,false
ecfa4fd3ab84b902225da487eaa861be784e4c98,false
a6da46725f7e397cb55665d6573f12971d870ddb,false
c59e892a2fdf52d94e215fb2e4a2a7de2f32eb3d,false
2a74f726dc6383616fcea9ff0d3e4decfaca704c,false
3bfe3e735a72df7afd60830ac417614ab8f9d102,true
7a6799b656e94222dbced2d66e5190ac05117632,true
258986f6928b407f894e795306e992792e3c8f8b,false
a6789592a0d5949694b17e4df2def847fe125485,false
e834986ee5fd68f1e9fe29bd57f3c50203ad7525,false
c53793514b4562cb7cf33bd64556eabb752e40c1,false
dfe78100fe11105d7c9bc90ce7f1493e02537cdb,true
03e071cfb326886711b19171244451c77ba54756,true
fbd570a83b4926c19e68e96def7a88a282f0ad45,false
bd3437a6955afdff3c01241402e0ac1f30885b7b,false
7c0d10f7ce450325ae9ad918932bef51d9d09032,false
d6923f8dbbf21ffb0600d8ccf89c58be9ed2567b,false
a8a0154c79c88b48ffbc3ce9256c06dc0eaf4f37,false
87257648c1271a7e61014e52743ffaa2c8308c01,false
127c7f8e5a79ca1cae8e647443c1dfee1c99c71e,false
deda3603007b636bd0909acc1da6dbf19fb04b2f,false
3fcd4f28e2997c655a5912f133d8dc8b6addb8a1,true
17e4e08c717e1ad89adaeb2fbe3fa03c6667be2e,true
280d2e0a3003ae8d79e6c64da36786120308a902,false
9f5ae73addfe16aad5eb96d4820205c655acb18d,false
b0dbff93deaa16a5265819da8aa03424f49fbc13,false
d0c8472428434cb9e9b419239f5b261c95cc4d86,false
bfa7a502d93507fbd6ed948e970f51c32a587493,false
077ceeddc52dec1e81d5d3a010891966c5a0f04e,false
5c2f8d1d5f4455593e8d9f47e422d3711a35d160,false
02867084c74b71de493f8849db915c34cdb75104,false
1664be8020b032512641cff8987dd8f74ecb5978,true
140a968e08bff2be198ddc8a849f8fc741130f6b,true
641aca44583c29113521bb2bba8405824d52f14c,false
9574ad06ae9e534c74dbee4bdffb6ca7e01a8854,false
0bac8157af0cb22b004467844332dab4f74bab7d,false
6877dec3ed2b0057ace8a87b1523ac60229c2928,false
9b451fb6549852aa0f11a2362820a34f83427d18,false
790ea075290b13e5e6c49f43e2aeeb8628b333e5,false
2e2c68bf7d8e4396d554b5c6e4f175cdd5b63756,false
06b66aa3db8165b280da4a4ffd0257569348b206,false
3f5a5af6bcde6f6c9d00e38803fa1651ed2706af,false
6832cd7f0657e9ee05256cc211e34f9536ed9f68,false
1da2b370e4d13b8ccb70d24a4e1d14d9fb69a9a3,false
295ec671e6267c9a6d19ef45b6c6a4825bd6733d,false
629dcc92757bbb0f34582de051e3910ddffb0f90,false
cc3c1a05425fa2eeaafe1870d102d9ba6fe73129,false
4dc52e96d602c4d6848426d5a2854237eb44d8ce,true
ca878948bb544405295e0dfc9e5d879d51541588,true
ac3714357c406e8c8f76489ee0f95eba989ba92a,false
705caf99999b194ccfe721cd8e191e03e45606b4,false
83d52c1a3f5f8925c7088aca5f124dc2791ee8aa,false
7c3ce463c7fc6fb18e671950ad395b968eba3566,false
7e7444324553fda2642423d539db1f5f754c37a8,false
1925e5a10e26f38888d5309689bfa9f2d5abeace,false
f010613f84adb255a54ec85ac03af0ce066b27c8,false
62522b476c66a1e0eb017aa58c7f24b8abac7563,false
176b78a86a80d31006b2fa1ab304ea664d2075da,false
6d40560471978933c87b5a9adc6f6a7501ba8c05,false
b4a39cf55725efad88390e9e158e8e9b4ce5e0c0,false
b410b00eade6e15b67309416a3f8ca58c7bf9545,false
bb0e43536e02e111294c8f065a365598c64aa87e,false
c80c63f4813390b7aac41e7d27b503b7ccf2c109,true
c78a0660ec845f2fe89ababafc90caf42d0e6b34,true
159a0ce24abf2e7a31cafb6844fde3eb90ae9b4a,false
17a8eb5b80f80ed2c86b329962817b4e1e193fdf,false
55e880f51fc1a529dc041f492527905526c0b9e9,false
3b8d3a5f768b96c6e30959a98d1680e8e5b2a2ca,false
6c0a88758e337a24da2bb99a4234018ef7295eda,true
e311bfbe35050b918d6f30150c4fddde0c2d2a00,true
13ebd62ee174af22cf5de356aa0c6ca1750e14fb,true
21cdd8cf4fd4b664a74ccfd8d98980c77ec97eca,true
b666704dbc697d6b5cc7b4117082a8c332835ac5,false
771d5f7beaf133025867e6abf4994bd67b0c8be7,false
ab8e522b114aef504b377f8c101479c8336a412e,true
4912337081510ab6485d34ed6640f3ca6a830fdb,true
c80ce09086ea1913f2e39f7f2f2378801aa0dc11,false
b505bda30247338a23517e94b0dc6d33d243a5b6,false
79181e3d4b64b67468d3f5f5014fb9b1e11707bd,false
05b08096b90c7a6dce7a7cb734d1a1e0fdc85ced,false
8e5436c61edff359d8254b9639ca711cb1da609d,true
8f69d23c7ac6e4acdc264dd6b7758a4e85c1c55d,true
e2a8b9fd88f337d721b8b9b56f289fdccb3a35c3,false
1d7927d3c6427cb5649f93b617bfc2a074b45085,false
90b677adf84b3d33666f814b893c5952a2f6d71f,false
50b496426c31efafc1f50f99e3182235aa7814a0,false
95172d22dd0eba4cf6075b4d344243f6844971a2,false
3f967d467f7cd4fa63bda674f667ed7bb7c497f4,false
f13ef1375c0cc844cc50d75da58da8bdd71e981a,false
6703fda2ddd8d79e1d48b796156e438b66662c9c,false
5057c6adde2ff079f790d5929e82539729ffe696,false
fcf4126a2e97d3e915d7e00930ab2f8dcc594473,false
a3ba7e7af70043793f774321b9a4b27d9846f1ea,false
3908f2153ea9c3ab1966d160de33b0e8e20b4639,false
f2193d85edb2f70fde60bf2501db350c4191ef53,false
a173a6898e90634743cf260fd1d525cfd9f2e54b,false
770b7ec3ad696b50ec5ef45c8ef43d627c3149e8,false
d758ce7a0bf8039b70e42563b7ce2db818330746,false
3b3bd97330fe11ab3c270ce4db60361783f31a12,false
52e724bf77dcbb14244e0d80fa0df123b804e66f,false
2e5b71aa697dd0d52d54c6cf08d203394e0e0f4c,false
5e5d7c12161685d9429d63e4b06204acf94a9d50,false
bcba6625043eee54353efd1b05ecf5c40045bf66,true
48af4de8b3a9407cd10e57a6f76c798d736b538a,true
4984b4844501235f624e65dc295190de37dcc3cd,false
f29f9f1859642d5ec4fff4aa50efa8ebad06950a,false
28128be31a1b8964b9a1668aef8167d059e6d7b2,false
3404330c31f2f72a99df7787e293a122ad14d105,false
e7bd54b867beabe76ca8bab2c5980aff76ff1161,false
e0e7961001eb954d24d7929ab52ebc524e390f50,false
29e64541366597d906352746eb6f2d74cbe4a2e5,false
c208609d2bbbaf315189e6dd708ab8a33af6ca2e,false
33da2dce1b32c3053989960dc026fac7dce6acc6,true
b03613ffbe826420896a3d61517190c298b6f714,true
da3bc9a31b32ec5fd57dd57c07e5c06ddc01b8fb,true
7db6885af3a25648dbc8ee12f721140e0f964dfd,true
438e498cbc97027cf9ecc782f1f2aaeba9d792d8,false
d4a38a24117031e214df83fea6ea6c78ff9d0515,false
3a99b2fd7e440258c7e61e328b7fac4c1c780c27,true
ee75decb081b1cf8ab08316d0c2ca6ad2ea42639,true
94f0c8b8afbfce94d0b8a6ea9c45c288685d62e2,false
e107c59882cd17e23d28b015b548e0af08c50e6f,false
db9c94ab582fe626e04bba7e29c588b497c7aec3,true
6e01bbae06a08e8f064c5fa19265695011e7bf54,true
388ced2c79fbb9bc0a9e34f56404cd5bf0605e85,false
1a203f21758a0989122f619b78973ee2ed8bd595,false
c1522889147e27cc4cfdb5150c710afc864e7c59,true
bf3dff9c6a5774e68e77a74ef62d9b61f0ed6869,true
9c5b96abfaa0eb6533745f9cc52b2c51a069cc44,false
b965e9d5ad646a83499197f91edcdd2351c98dfe,false
c6331ed79addd5cee2b1f08494feb9c5fcdb3612,true
75d054c18bee8bdbf991f0b77f14b1272f5468d7,true
23e56033c6b164a634ed1f7e4c781cd90f946ce0,true
82d890d71a28824372249e5556d5ebd2cc29bf8a,true
2dd7184b3ecf39d359d148f867ea537d3f0e7689,false
100e8131e0cebb0141cab2276bed9f8866f89d11,false
bae2ab4fd174a5be017661f4a88026addb98783f,false
d77db01bdc1607e84bb66841f8c9695ee6e8cd75,false
ec120bd3ad3f8510b021ac337917aa1676cc525e,true
d289cf86927804eb2dbabcbe8a3938a548788954,true
6c2f07dd67357aaca75a1cf110bffe17c791b0cf,false
2dd536e4ea7b27c10f86075f7725d494f15c1f12,false
5698c7cd584d4669002dadee62cfb6732c9d5fac,false
2483214138befeb7516397eab0a0fcf550121f71,false
44112f300a9a99fa96a184b1081f6de10b4ca3bc,false
2d39361aac5dfc41d426c8345643ef3101c5cc0f,false
207746c69b6995890e0ede20675675957986a362,true
de0ced4e58c0434678e4a2e7a33d807b388bd26a,true
0989690b23ffecc104105482493f1621509b5420,false
9b639521b3a106aefc5f11165402f2e2d3ae0599,false
347e105fc138e9c1f2f952bbf6b4fb0d6f74258d,true
e8a066f31959c42cc3166c30bca64b59c30cb369,true
41b49c264d106c0673872b5a49f3a26d4394811f,true
5f332f6ee8072b8c1050a0329c2bbe5743ceecbc,true
bb7c2bffd25ec3e2f1f01936c04edda664bf828c,false
07a8b48c0656beb53f1642686be63e86a8ff1005,false
8d57cb1c936e3c849713805843cc5cddcd7fd70e,false
f1fe86a28a41e04c3198269cf883100019786294,false
7ba7080811702a876bf26b77fba6801f6863ec13,false
777a47ef729311b631e6402a37102d0d34a07093,false
e96398f5d7645ecb765f490c349d32ef7c742200,true
00b0d7bf25312f3cd4dff28e1b66955db8848998,true
54b692d5ea6524b60fb62118b7ea7726c4d115ed,false
4fdab85e88bbbde2904a1bd3482cc3cc64e216df,false
8f0ed2330582c717365d958fd09490001282cd33,true
252424027eaec5edce17bd65623ea948a6d46ca3,true
32f3e46bfcc871d65e3083d67c0f8f436819df9a,false
488a436900b58a69af01eb51c93324f57a303727,false
1abce3fdd4cc9279ea98fc943088bbd52ff1bcea,true
1e260f05c897afeb269b96b096ec43ac9a467683,true
88c1053a9aef080906a209b4a41fcf75262c6ee7,false
8c810f4b19671e11cf0dcd6b272230c2d4f0823c,false
3ac7257cebd9b728b0421e5a4a16296c25ce802a,false
3bbbe7ac3d6f1b5e2cee708e9acc92539e39d9bf,false
75d24e7d552aa42e1c48f7910b4f397d8ce98f08,false
1eee0bd7bc34ec8a9778b60c825f57cd07491ffe,false
6aa63a603dd9e37bbf0f8ada0e4c58f9e7ccc8af,false
c24148127af9121d73d0f9ffd6e0cea613008acf,false
3d0cfa4d744f1d3dfd523f69862dc3c0146dd32a,true
e7cf22df6c1a74e012838bb43d1438502f235f57,true
84a22f81c1841db405b86f8ca21283a6475104fa,true
ca99225691655c0fc9925cfa24aa5cc0978999e7,true
620ea312c0b46f5fde335f8f77fb11a52f9946e6,false
9da0c397d0d276556f26d0a61de9caaf43a6372b,false
b66cd7ee9591e91b906b8fa4f1d35bf77dda5246,false
100e172aa7d065ee730c5c1e81f4fc2cb3a51f61,false
6452d213f2cf63765ab23fbf5d1711bd03826d15,true
03c0a7e951dd79beb300045fba6df4a21f8dad40,true
3301cbe16580806caa9f22320703070398f0ac34,false
34557cb76bd5cf3bc7ad81437541cdccda619034,false
2663f70f687240ee3d4c4c9d54a769ebff12c9ce,true
5e12bb4e2c2a79b5af4dd4ab5e3547066e866580,true
3f2c12b7223b979aba49052a8e9e05a2c39b5563,false
822ef4fca081745f3274c50cdf11d3989db63171,false
84b56295b5b337e304c64ea00ec97b3cd17ad6b0,false
388847730c7bcf1bcea378ccd6e5a175338689f2,false
cc1230d95f8b352c09d99932a2da3e01e4589a5d,false
dec2689fb742d5e2e47d1dd3fe9609f3c5fae5f0,false
a76b793ed76d6f74abd34978eb08180018137eb1,true
788757bf383983882cfd58be70b6548b9a781dbf,true
b43ec8b7ff43c5f7d5b82074a75d276f770277e9,false
017150ab4c703520d633e0b668f1b79401d03db1,false
58ad363255c9e6ee90e697a8a1cd6d9d9f42a22b,true
c6b04c5e5cbf36fbde961453d866370aa13f1234,true
bb9bb020bc8e97df236d9e5f3a5eaa38738a31f3,false
ced2e37af53300352c7d171f95e571817d56ed81,false
14fcd9c8ae6f2604a56be5e3005500f216c1ffdd,true
6e3cf9d730bd15f0b0de71a27cd7e97f50d8a03d,true
bc74b84ba35374a1492fc9ec4d05e831611f557b,false
65d20cc9e457f57ee4c4ad5d8f995dadbc0f0d6c,false
773a99cfbfc4195580e98b504f6cc0d2f2d35659,false
c11018c958774f4faf6189a80cdcc7cfd910e628,false
a82971de29c2d25b8eec213373d719727164556b,true
f49e48aae1da626023b9cea09eeb1c8018bae2a8,true
2e3feeb53a4edc1a9f17c4210ae10cd872cfe843,true
272fb77a45323f7e49093ace698056fe6b0cfd62,true
f263deec75b7b2e77fbcaf6afa7e8f0b5cf30912,false
f774916a6d55081c87fe7eed4b60f333a79e7182,false
e11efa53171777ae2f878bf04d7d8611b61581ba,true
a4db4ed33117f9cd1686828f1f099cd686690f8a,true
6e320cf1eb1f5b63059b40a57254445a21d1ddee,false
ffa41c252ad3e2f3f4e3756740a7b4ddb0a65a0f,false
1aa26e07350fd3d9a2004679fca5987941354637,false
9b9aaf76c0c0df1df6bbf6074896eae165003502,false
e56b7376b24188d55b461b5c3456f26bf8601735,false
aa5e686c28d753418547d3a5341ed133c81eb62e,false
7ef0a5adcc07518b5c3e89afdb167f38be406cdd,false
ef7350a4bb241b239cc64f5a3861aa40fed4d863,false
4d47ee9b885d71e2b543cab3efff2bec028ee804,true
be2bb5e8f27c49c840c59ff58b1f9732c6ed5b65,true
f11370cade2fbb099b1d230dcd8dce73c7cfca21,false
eea23121e1765a6f05a998ea3312348c32c5ad16,false
12a68e66bcf8b7777bfbaa70a1d27065697c43db,false
cde283e83d182b9d6c6477fa069256885b628fd2,false
9b0e37c76e6b4cddecb546b5e60562ca613541b8,false
211be8f07e9ec26fed1f7a449bae032388bc9173,false
c7666eccb03d9167a3eed33d5beaaf426d8dde12,false
26d637d0a770fd06e5c847339ca54689a73e56e4,false
03179caed7f823f80e5317a7b3dced7d3371c858,false
7a3eb35acecc3663ffcf8cdf618d31a47ddf36c7,false
aa4e87452d95f595c26dd93ba69d1ae173a85f55,true
d4576842583e62ce4377e8e4ee2588c65e0c06cd,true
dbfe8f0abfdae455ecb5332377efb033d96db088,false
be6bbd3c5850e4dea598d3fd7ccb46e5a578f201,false
8c72c112e87e6cb1bedcc56e8aee00c1aa22bd35,true
43a76e0c063cddb78e91030226007b03312d59d8,true
c3b4c0daa0739ee6fa4b0de88e0256d166a85fd9,false
f42b970edf961c55348d0ec857b9508e6f7e5767,false
f6a54e53eba7cb8e7e5ba34239b487f37aa17ea7,false
2934593edf614a574c0cb2ce4822eca70ed852b1,false
1104f407cb8b7b8f021f8a6d3b912f7b7d9b6a9c,true
1e431abdef17629f59fbe95893eeddd3c5808ec5,true
9b23b008cb6beca2ab5e6798cdd6a0a7f3ddd2eb,false
282625030f9c00d3ef4ba5eb165237946dcd73c3,false
b2dc2cebde0e7fd2f879f5d39237b1ccefbffb42,true
f2bb8c026dc96fc6c3d0356ae31427326e65deb8,true
523aa2d0eebaadbe4001ab9fa6d45ee4ec8234d2,true
8593cbdfe29a52f5ea03a84c97f395fbcff48ab5,true
d0f377c971fa03fa91a052dde9b5e8e3344fa029,false
fd44398337db721309ee0605d7e77e646d345fc9,false
f6ba1791d426fdaeeb18c3a270f249b3d970e830,false
636ead76fbb339b2dc48ce605f0717464960b910,false
a3c94e7b72cb407f87511cbfa9591f4e9c67604b,false
96abce0461883812aa73b42b2ff37784452f9d63,false
b64d4c6c5775245befefa453d08523c3f3fe93c9,false
c33dbca5e1bc10da5fb74984040a1e2c8c8855a4,false
e250b33e0bc43ba92ae5abfa30c24ac5fa1d738d,false
c8ab932832a44bbbde19902a19318b6250a1e4c2,false
0200834c904a241114df4e3389e30678346961cb,false
927f1bf626f47055e9cac00863f41d279ca301fb,false
3c9dffa965900e71e564cfc3f59e4529eee885f9,false
dfd335592b664f30fbb73a420a0381d017b9b3fe,false
a88819f51f77affd0fdf3c5636e30a4f21c767a0,true
e2f033cfc3ca62e1c2a7e0a1bfff1c05be94fa69,true
7d800de98175f5d1fba725ae644267e8700f8081,true
9f55a2b94026e5d546e1f0193b4ffe40b540a170,true
ae8e8d98e006b9eed51cb096a0e85d6dc6cc29bc,false
29b6ec7d6d3f633731b91f3e9e6cb1074234fc77,false
d34de0a29d5a151a46bf3c17b6dee16da778a9b6,false
4735b081f57ea48d5344dcefc297f45e42275af3,false
d1e4391f4af186cbb212073b607a419123ae1e0d,true
f98b21367353d7010b64e87b6b0a794c457839d9,true
215726fa1aba7afe28f42ffc38fd588d69833496,false
59d126ac3925dc8e0927bd192e4ad4c04ff94175,false
61030b89988cc94df019dbfe4f1b8ecaf7429c59,true
83459ec002f745c04d908bbb7fa04ec2063eaf00,true
cb8faae06b55353a207ed03c01d207d431aa18df,false
f614f8ba6b3c08a8689bc5dbdf94f4a4835c552e,false
15a9774a8eb39b93dc29e1b1147ab5b50a2e2d7b,false
bc2e992cd5dd0dca0ff49796df0236a7781b0586,false
9493aa9020fb44f1077735a7c94b051172f10c73,true
47ef417bf468a082fe960d075445f0f4cb4161c6,true
bd6d0fdfddbf360e325c22dc5f62f6d3e31db7ea,false
7fc24796045ce7a352fd19a4172e955037748874,false
befa5471ec95796248a14296d5f8b6d0976d639e,false
d193811577764326dba032f32130c9a48a937b28,false
724b6536cc352a353b57d17f08c49e073bc24a02,false
a7053b7c3f1b8d7c198fbc6457044d65eb7c0d21,false
e9af843e922e9e42aad9e832c7d0f615bb039b39,false
4811da898e7c500912f6ae284bc16ee426409d8f,false
ae0769ee69e4725cb8726c64485e2bddefb145b6,false
e1f92c2eefbdc6d53b3db94a3c193893150f2b1b,false
ed365b4a88cbe6a38795be79e92593fef1375f00,false
9151c52119fa8226233994524c082f72b5b373d9,false
aabf138913e754f47d0b31e51a669d05e6b34a74,true
e6cfcfc48403a51160c2012d14bf87a2c939bd09,true
1727eb97d3434b2b071e3ebb4c22380e51e4e8c4,false
d67d397857c34befc3b2e4a21de3a0d86dad5837,false
df7c48f336a7281102e6c9ab70ada6992e2002d4,true
6c73761d4e2ebf14d07ea14899349245ac5363e8,true
3a99e80c67ce5781b17d10a6a1644af7b332b6f5,false
6ad64f84181ba218a057eb6dbb95465b0240c829,false
774b492ec9472e1f1c73b2d6500c366b9447349f,false
fa96fd9aacb5409edb9998e0343e5bb994edc8d9,false
a55eba7eabb8bdfc2bba2a48edeedc83eea05389,true
9b4686bbd05863eb41c68c4981a378a44225b21d,true
7e9538e784d671b32301e9de11604f519f856af5,false
9f97488e25ff299888c0ab3c255195af54ea7605,false
686f00101c267adfbf94c16d1ef51f0407c2687f,false
36561bc822e52b10e6ebbfa89b7166e449805dbf,false
fb5d1b335f527fcdfd10bf2b0648c5b86a0e430c,false
8b6fddf735374d86efdc362b3682516f96d1144f,false
d237e812f04fb875b45a5973b25e4296754b7d55,false
1fce0a60eee67a69c0b4c8fac3900ea78a97f420,false
219b8669155e16941cff85f15ffd4142139a1753,false
11ee989d24bd9aa73746898231137a91d28d8918,false
a1052f08e32da31d3a20d56ffe13a313007975a3,false
d7e5d6afa2fea1343ebfb7712a99cee24b7d9d8a,false
52f12a927f46cbd98c8e4cfc19585a7b970e5ad8,false
bf477c7efdc141712534b934cec2def6930a4a35,false
34d7a50c0875757db5f810b41c6fb080d0989875,true
8b8f5313cccc281950f35ceb5431fe8dfa01662a,true
1f170d1d5d35041be83f7c19f66162ce0c89bbb9,false
e26baf8c0a8faa7638b52506bbebbdc93df54616,false
48ec3ef228995e5527237cc304d4556d898e6293,false
7796497cda2881a4fe259196ee66f665b5d9b46c,false
c5cba664d21ea579d4307df865b9922b6d2e24ae,true
c32e5fb9fe30104227fc76aa0e4e62e4b1061098,true
1b0085f138a33df9c2fe522a981c4333a58e17c9,false
679ad38f7041e41816f87b1daf62ad296234df24,false
a1748bb45d25ddf7d6417f9716f628d726417554,false
d8f20b2e4da246d6d7a3fe86cf93197d2fb77191,false
83cddaa7f724f3b8610d6ebe451210bbeb3f4ede,false
fbb26a6cc4e6151e7f158634e08b7cd378f40f15,false
f20e2cfa069cd2091486690a823ad4d6d2e94275,true
8519121932dfceceb6dcf6a6fa9110cd343e016f,true
c065256433cff7d534d7f6cc1c0773dddc4c4762,true
509814e6a75d249f2598fcb095ab8efe7b3c73d1,true
ab5dd099a51b2a1e00f46ce53c49041dccab7933,true
e491ccdf772c0bf21fe13fae8c70d27b4de21c2f,true
758407230454580992067f52ccb2ceaeaecc3818,false
3c37d3f18d9de339c1bc7d5de8eb57b8fb2b3e21,false
baaaec7d4e8c991d5d13c0c042c689fd0d02f873,false
9e5c96b7ef6875189ab079938338e9d3c7be649d,false
f35f6543921bf9ec81970f9f1c8e2c89983dd21e,false
2e306cb55bce96ef3ded4f2c56d80d678c8c8bb1,false
755bd8e3f44e455d5b7e2c02d9b8ed06bca06b96,true
71e095a628ea95f70855857efad28c23a7777877,true
a750164a7b2cb2aba0e2f464a225ff308d1b95c5,false
e2b0c18931ca00d39b67ccf1ff4a2a23115de893,false
f0d6c8c9c4812c917ff1c87c7d17e71485ed851d,true
55cca8aa40624931b17efe770be2ecf2922b24f3,true
e0245348ac1b661a156f4ced89c8f1f47b1fca91,false
c9cfc812a3be77fde9f388b27777713cea13e2d7,false
868fd4e2e0b8550e1e7c4bc7504154c6f855fe27,true
cc21aa78d45410eae09bda77100f6a2f2cac8581,true
36f1a36e3d4b4b7f15e96b2a7525e94bb536ee69,true
9abf5df28cb13821189ecb58aa037bf934300219,true
afe796bffbf54fc298400c1fc986d7fca503f927,true
a8dd26ab395df55edf5b28fbc4bbedacadb2958f,true
e29ac3668096ae837ba3d2f4f1fd53119ee4e07c,true
17df5fdffb7376e8bdda64a0b8fec7f81666bdb1,true
f4c67c33087ac86f870eccb54268176e73482393,false
bec1f380c06d585809e0f6c6ef22ee2c8a7a1c6e,false
f49ce8ca2fd5b53015a3b33844ddbd9ba1788a6a,false
a454c50fa9968fa8d16f53134a7212e481041d05,false
50096aa55b80e9ffee0019b06cb6c7c746903eba,false
9b35e7f2f31284f4e58113dfa4867ba3b62573f6,false
8215fae4daa40ae4a20ea141e09cffd57452de45,false
2d2de345a15bcf4254888cc30fe8d9166e7c54bb,false
558a1b06623e80561576941316f3d78a2ca2b60e,false
afac832be5075b38f14a663775da9a012373dd38,false
318f8d4c0edf72133838cbd61ebfbb2a22ab701b,false
32badaa710ceb677efcc88c224ba5dcf0aad1ebc,false
7f23eb6d84da55ac1a85d5f6b38964333e1dd348,false
7872fde7905f1be841df7d80468bab8e6cf78ed9,false
60b5720f19638ea89f7094a2e66bcd52d7411d78,false
caa131d778ba36db10b6e1c7f28d628d1ccc292b,false
be57e21b74f17a171dcb72da80f3353e727ea924,false
9679cebac1883d5a98e75e24c76302b0b822781d,false
5e6a91cf040933950aad471ce04aaabad72e7460,false
8b5556cfcc0559af6a9be587b83160e8fccc704a,false
5ac52e2f4c874b3dca0f86803b1ab6e1a4691f8d,true
03ad27aaf76e2ff59f7815e0ba78b43218169faa,true
445424ed64b806fe8070fdfcb997b1b32376b221,false
c86822402cea26cd7f0427dc969816be42574d52,false
e978408d7fd61035cfb20ba7902c85082e3d7fea,false
9b680676d3407bc6444bb3eed75ebde03f55b02e,false
54606949f699fe48a16952b4b6ccc5dc621555fb,false
4fa4627e45d197c777840f440277e456e9caef75,false
dd8fcd7396d1a1ac3c27ac60f603bc34bfecc5e5,true
538f4941a4076395f4dca1a68b85b0ca06fe4ab3,true
03460a480a2193e4ada9fd47543bb186d31267b4,false
876ee7fa2909a5b2d8c1edad0b21418ff4b5f639,false
af30154b1133a3076bd56ecfb6186392473caa2d,false
270bfce87458c4753333ac1db75e02c2ed2b74a0,false
31cf76f7e01e7b525d58367235f0952eb12b12a2,false
1d9217f26cae95ccd4af2fe97e75802d9b7008c7,false
e97c6a117cc5007be5d661dec4ac9552b4c562e2,false
db2ba619bac2ac38e64e0b7b2b735030bcddd1aa,false
0f5e29267fce58d8b1c8f9e0b0c95474a7a1903d,false
abb0bfa10ae9c3670846efa1341c6b445368204f,false
b9565335907cafd9d66e2b3c465b0aea95f7cab4,false
16432a4bf922efc4ff499cdcbe8658c7063c998d,false
4223271454a8606667cbeca317b8de441416b5bf,false
6904af048b55304190c63aaa45d202814d2cacfe,false
64a08bf6d179f6314d00f514b6d7b63c602c143d,false
2a40fc7a5e58ccca7e31295f5f30f31477c00ab0,false
b9d3bd14a7a06a3148acbbc6a13f1528e95f682a,false
7f8884e68f868982f4e60e266dd7497d00858b86,false
dc1e12c32205e3a3259ce47afd3491b77b0f7144,true
1e739deeb626636b85da5d8a2332b4cc4f49a18d,true
a9e73aa3725b538cebfaf7d7b236a17d8ba5fea5,false
d4f67c74742f82b2fbf61765b1f5ffa791fc3a04,false
eb5eff95934d560fb9a5d8670f73217690faa409,false
b80fefe000f3e3d9b53486616c21bd01ade747bb,false
efdbf5bc77d2051f4b9cbd74546fb1b4b37cfe16,false
4246c5f17042404a0d94b132ab8527f41a91ebcc,false
5cebb8c0b3a569862a262e6541542da764f9606a,true
c417d2240f5d36f6f8a4095ad66aca2eb633eec0,true
ac529eafd34ec217bba0f52f42ecfd48aeb10b30,false
c0d90a1bc38c3d27c8fcef9da5f1a9a3d9c3e36b,false
6dca596ae5b8b97b63e8d77c7cf587572db75094,false
33520d27cc6289f5f4042f460f833305b189cc32,false
f52c11d1aa512e82d4bd72f17008bdb1c4aca882,true
878a80623ccf4c9ce822f7dcf9a4d18196a4b404,true
2f59008cdd9e373be2352967ffcef8935c3dc279,false
7dbc66e22d421927981b76fef4cd963d30a436f2,false
6ced42c6c56c8af2e5b0ff8784d9067acd855565,false
3a36c8ace6fe28b30767df9707bd98ef751b20c4,false
126732a1b658c52794ecddd92d40270565c7adc2,false
4fc9c2d125372d938b4b8c1ec08bd55d98ae5919,false
50a9632851dba6c3ab37d9e8b94bc0a425e27b69,false
9abeb83b807c3f05dd99cad2e85d33511f7316cb,false
ab3d37fa2186dcfe63dcf1fb991a91fd85993cda,false
2ea8327a50bd7f449ac57487de0943320180c7be,false
eee872f02afdeb340d36ae3588633c9026a29d1e,true
36b9659def89d5b838a1388cfd1021ee3fd8966c,true
a03c8630d0b01313db376af45470c29f97c60c74,true
eb2ff277675936c8b058f0866e0df8e6de4da6d8,true
cf2cbb5729e2b0c3ba76053c54cf3a95062507c5,false
1cec3c90ca858a6e6363c1601f5dbb8340c34e54,false
efa3303a52c5b232d02246b08b07efbc7d3839d5,true
03db4201167261c56edfd26fd52eb229eff2fac5,true
adcc8c388b70e93dc3259a4c61981ef5e553169d,false
7664b3160b6e42d562628e078e5c679bcf101c7b,false
b57a7aa22c7247ee8b08f6526d31fd9582c9ad38,false
ad49f522d46d04906a123ebc0d3c3137d1b61bd5,false
9b0fb81f5eb58b28bbc9d7970e8674e7849280c5,false
5a92958063a1a4b678b1edc0695a53e745414f5e,false
fdef30edb3feace3c716005216d092aa3b1e95cf,false
1d86b4fca782c93f6a2bb66aaf01a1a3f94e923d,false
9171d75003c5fc9a4f483aaa029643cdabd2de86,false
bb386284fd1c30c3f48a59e7ddb10a038f8aa932,false
2067af689a40163c3c633648f8c641c33c88d580,false
fd8ed25ab0a1370d513f2700cb0a71782f1c80cb,false
7ee6a36324335ff0cd258ef81b57caacbaddd4dd,false
a0a1b58e2be381f7b1ee0b552682bbb8cb1f0b74,false
dc63c2fc38052484aca83efd424cfd1c58514a38,false
c4ed2e13c808c83fc938ff376574a83742291108,false
9c6be0832dcc6426985b12f5b495f80575d01e0c,false
8806541b88b00953c815adb1d7244c2b55980a92,false
5c2236d133e6d8d1807dd2cbea61d66f80c84f91,true
1473b4a50021815983266b030cd2f650e72d4384,true
6af727bfcd5243eaad1d588eb13b967e4340e29f,false
a9a8cf05cbf4854ca10a7ff93412690a4bb1f070,false
e352f679bf4ef2d6cd75faf196546aea578be6b1,true
802694f9be973d9e0c84338a9f3bb1e3720ebcce,true
1a58803016ea8367823241e007b948150c5c3920,false
64e13b8b901b443fa5657d6942d46565634ad61f,false
89211a215eaf21e2f0e2a6ea520c1db440746ea2,false
968eba061322c5b384b6f130b1ca793053a442d8,false
fb1405c2d1e9fe300b016e64491131727f75aa45,false
fd6b14c44e94b8c514e4d1e00aed230271681e00,false
26e6f431f45373ad7fa52d01dfc544d1da516824,false
1a2c657f7774981bdbbb5f485d616fa97d843b1e,false
6803de539ad1653cd988c0d0e75ae415ac17a170,true
972c278ce6e7d7480e35bc758b62c3f947adc9f2,true
2c7f5304bda6ea73176f805febbd2d8d09dd4904,true
ce3b15673c90d21e6c11ab44ade858f0b422d57d,true
c8d43732a701d715e908e45f25725e51e0e7c177,false
c1737070f245f89eb7efb9e65baedf71189548f4,false
7538a7e1e4d77d5212f78cf14b82fd95694a5de7,false
b1771f5a39ed9c9b6927c2af33d59414f35e76b8,false
ac681ed74ccafb4652d6a61646d7ed7c9d6df4d4,false
7a7f9b3855098af6b0e62128de50e8f50a08be9d,false
35827008f590cd690887a0b72519d796fe7e9d14,true
c0e6440c147f6e991b87de68511b224686fa97eb,true
50f85a313027e8f66d6a4da9133f4d96e02be183,false
61abb9720e51d41f23957e5e932dfaf078cb0bba,false
9ea85e6a155f5a1a16c4d72ec921410272b54997,false
e69525c68a6f4107a014064ebe4f967aea5f4c4c,false
401511c1b363759659a580b84fe3351f1a8a50c7,false
f32a6816f4ca636b5e0edd79130db41af8be33d7,false
fbbde0dbae22fc47e741c4603ae6e09bbd04e27f,true
004aa61568a89dac044668e87510779439cac691,true
c5d8d8ce5bab019323884c95782f139a3304b357,false
e136a1061f62183c75523a2b24a539b3f341e543,false
8edd56bccb27782686107c246b8cd187ea68999a,true
13274543facb901abf0214a95ab5a43ebf3159dd,true
3f666f1dcf1e9360fb0a227b8808099e7abbf95d,false
b226cacfbbdc45ca49e9df40aae6c7d345eddb64,false
48710870ce6a1f56fee1f2bf43d89ec10276ef1b,false
b62acc151d2ed3bc466866a36816b4ac8825d0b0,false
1e4d2659ef96ed1ef4d7be6390131c54f612b7c0,false
0ecc5191b438951aa1aabff6e0bf4d8d22eb171d,false
a45edf81c7761ac0c7757e508aeafc961b4fbb2f,false
6486c3ea97605d95941fe6e728dd96bf35b54c1e,false
fc65d4516e31ae9e55dce0aeda8daf9c947e805d,false
dc039b3e75adad079491c59f7246498d98af63fb,false
d8f817ca3534789d27de5d6e40f0eca1f7012357,false
e5f28f8e68aa681aed4c197f5c108a4e27e3efbc,false
af5205b44f1772cf7f18da64f9512dfa7d489293,false
5ba4b5a65d743f58d807163670d470922b142ade,false
05fd5f1af0acd2498d9cf3c99a59f2da83255d75,false
d5cfa6fc0699b97d03b2c257a4d7d56a6e8b38e3,false
24d51a21690d5cea9f39cd79b9b1ad0564f17e35,false
22e0f0d32dc0db0b956c47c74e489d90138467f6,false
12b228af73745e03cdcc894b8df442eddf7cdd44,true
e1a11b8f50958018def921eea2da29e5db332da3,true
08b0253f886ca9a8dc8767c3d12d1f110fac7c16,false
1ecb344e693216d7ac609601be48adb72432a805,false
9b717e2df8daf08cae8694d1b25ecdf0dec219e4,false
f367dde42536bba18cd4e7e9c57f417dcc7761f3,false
2038d57c1be12af6938535b7acbe692113a6606f,false
9f0306a60a24f476fec3508958c0c4ee82622a01,false
a8a458c25944726c802830b2ff06ec09f24650d5,false
66fd234db16246419e5683ad333746ca1ddf8d3f,false
eb0fa4e6ca5586137c36c2a91d9c92d89cd8ae18,false
148ba78fb27dbc2ceae67caaf651311e9a6ddb11,false
e36e40f3e8c201b944e6aa5ae29bd10491400a4f,false
f91d4f667f6bd711dab4b59dfe417073a1171222,false
4d7650fca7c36858ea2c6f1b10f15ec0545cfa9a,true
a3df58f5bb6132a94d90dfb4afdf7719657a82b7,true
4a948f97be7f79c517bc2968dfe19564e98925ae,false
626b0ac77a67d2aff4007caaca4b3da1f9a699dd,false
3ac376aec85cfd9b42147770796de79a1354ae0a,true
602edcf3b279010e80cb7c7090ac4071745810a9,true
936a195ada5072fcc78f8a2c5dbdc7303c7c5643,false
ff54f92c8b000a9add34591c0fa79c4e5efb526c,false
6df1ec743e1e4906a9a4c698a35450b669f95d46,true
7489177e7a25e38bcada0c067e6d31313bd6077f,true
d257d7bc18b6dc60adcd0c5652d23681e25ed915,false
74915262e0391c1c4fd78c426eec85f82f72c89d,false
3476aff1df1bac455f45e145f7e39078b6e6bf5c,false
df690666ab8b0af58572df894a084275e3941310,false
29b36c4ea471b410f42c031baf493022dd40e509,true
6471f7d40f7ab32555ce1d56b646c5766438ba3e,true
bf22fcfa6b81fb336e26b04f39e8af9948c47bd3,true
bc0df834a2fcab61542d1253e4daddcd47cafe3d,true
1d5598ae404dc3b3401fae1aa915c715c9a17b2c,false
aab21ea32daaa279c7fa1579efe4bab850377952,false
e223b3c48c6de656aa810060e2ec980ab8e86faa,true
2f5272b1f7c72db2d712370bcf480101b2334f3c,true
55133fd4b9fde6ccf3ab665d9d025b2451a2a8d0,false
0d5662160dbd71529203ec536c54cac228cc654c,false
0fe3d060f54d5aacd030aba22e3d277856dac20e,false
e326c3ac6943a093d4743850f027b3e5d0f9133c,false
52b8a67347e23ca21c4483015c34ce1ebf09aff3,false
6a87ed00db027fbe045ad36c5e778aaa8c62582f,false
1c33127c7bfd54cfcc7b58299cacaab9939d5b33,false
e0b84d2ef636cc1eb6233c30bb6b00c5269db07f,false
4cbf3aef9b2ed782b4d021dffaa1833ffc9b0223,false
6ee3a18c37cc176ba463ca6e673837ca38fbe9d5,false
ef19bba094cfc01725c71f731db90f40844b5368,false
d9d901960dee665df5c3ebc48e7b5f89df1cd033,false
2db02667459b4179187b5149dcfe51021157b1b5,false
f8be6b73ebcf356db1bbfec6abe1967162539e5c,false
d49ec1d06ce5d7b6596cf5536b4b3b4b42a4cd1b,true
93a002552190fe776215637a1ca7445d39425382,true
77a1d35967b15efc8e18cf402e64176435326fc4,false
8e1167fa9a19ad5e976bc79f18f99a09062c761d,false
86bcf5b7a43dba9f5c7c36d09bd89fdedf62121b,false
05b9b4392a221f1ff40523535c8f06c5c309f739,false
5a4604ab6e8b30460a3b22caa43a7b9baa0751de,false
08b6d67a4b28f99fefb465e99258ffaac7f08522,false
3caa448533e0c87456c23b43fbc5edbf79a835bd,false
aadeca62998460364a9af1d9ec8ce5de4ee10bff,false
823d9d0ddb38979543da23aa9e4ed2cb54bca064,false
d251e37394e9c3ed6e91988ce6331d0b0bbb9cbf,false
de1618d46249008c5b16730b2fb607e2355d05ff,true
6800890cb9e99e5a1f0b84785540dc769ae29359,true
0e59f6c1a58d87a449a73758e20a4c398956cc23,true
fc8d09e8b64aeaf4e0ba5cfe729a4bd2278b382f,true
14a6168be49f44416c3b9512f42288e5c455317e,true
d1a3180d207d6549aece58cc1a9577588409e066,true
a455c34d87a8817e4619a31f999fb01b6bd0227b,true
d48a8e8698bd4b164b7d9c393987d54a2e2adc4a,true
059fb7006e6e398cb4b58a6d123ef20b06f8aa1c,true
bc358588a1b669f48898e0eb20ffd71c6eb1c7c9,true
5f8c8ebaf9b2d19d3e5269869f6c2c1c769a4a72,false
ddcb3f32c716c9b60418939d3dd46f8a1c3ad410,false
320b82985db8b781ef59061411bc5042500c01c4,true
5cfb4e20947cb43e7df9ecb7ad5cc8f47c941de4,true
7b299bb23efeaa8c058652657a4d80ff186919b4,true
7026657b5e3a50823eafcb8aab8923b66514e945,true
c65bf9095de1a6f691c32bb26a8431aeb6ae46c5,true
9942579aa9f92fb19185f6ce70b9c94996eb7216,true
cc69e421b0384062d3acf6559684702837cdd771,false
b8ac91eaea733558a9aad475e3f82517f97eb66e,false
cf4ac27a5df9db27c35f8311cfee0d49999e6f69,false
13eaac420edf4f7b6738ba88cb76e397875c529a,false
07b2aac6d8f9e35f3c0bd836ef2af3cc269bd61f,false
11d52396d803aff1132685ec8e3719251ebb75d9,false
753ddedeef6851e0615c245b59a7230a901d5d5e,false
f4786d182e30120419632a46ed4a47a2abdf9572,false
f790f8c0b94f82111eb7d49868434ee60eeb0626,false
16af35b170f547f467f6353a3e9f71a5195e61b8,false
9535b3351a125e02b5398ed0c12ca45b75bf5f2a,true
f51c2601ff629b13b29951e3c8ae903412fa5905,true
f649d5f44fe82e41f22a5897cde337b9b13f4af9,false
87fc55d8345aae10fb2f8f44118f7bc35459a2b8,false
de304bdab37aa718dd46c1590f1b0cc095c66cd4,false
49828c879e03c76ee063132d95ca6be52ffc677b,false
67385f7c606447baf9a705d4329f71940d1fe082,true
42b9786a04c572abbcf32a89ea378470ba38a6f8,true
6a5bf3a9ec5e6ed34a259419e0c919ad55df3580,true
181d3f2396798e7b6f153dc0a17176e6dc78a341,true
8e55af65ee7fade174db3f0a154bcc68d2c5d030,false
2d8cc10bac75d9f30d37dd09cebec6413a763396,false
0d17ab1f9cbfb7cbed3f1d4f167f831ecd609714,true
90be854cc7359d7134caa9c87c8619435bff3397,true
590d4a504e3561b7c3e05b3c55c42fdf2c5e1504,false
cf5f09a86377cb72cf5bc0f1fce5e3b6db8514d3,false
f82defa818721f5011539ba093a52eca7291e5df,false
98a7f12575512128d9cf19ee32809355e1c775d7,false
a7c641290f9ceefa9aee5a4c718066da152e6b44,false
6183570b91abefe30e3dc0d0d2dbecb04e3588af,false
1c7a7a08584d03ebe09cdf3cf2cdaac79c08bdf2,false
d8cee0b10a864dafc3c7a7b0b69f3c436b7bd258,false
7b0a52550f1938f4d42dc2ff29b6e78f63a2edc7,true
eedce4340b469b2a6fde10b04adcc43cb4761cb9,true
a38355b701204f679edb79fd5ec02f1d94ed8427,false
9f26b4ee013b4eebe1f233b771b117ca44060d80,false
3ed5b615b569ddaecfee656e75dd6988261acda4,false
f95f5a5df3680138a7053af4f513eb8e340f7714,false
298997302a07d5cc3bb3210dc5786a0f088c06df,true
7ccff43cf39e772ca770041a0ce27fd7927a5b8d,true
0cc7199d426c1a148f52274c05b966986f06102c,true
8ff54dedbdb88726146e1d3f30d96731c807b026,true
a5ee7d142ad934b23f3b0030ffae8da47513a688,false
f81f73be16ea2fc3a8c0fd9a872d9273de278182,false
485c0bac8c7b3056f7c13414675b45a6cc6c7994,true
ae939a1b1f602654999a76ecb3cb098fc4c85505,true
f8c4917b83659d4ea71c16a145d64933e1a8c753,true
36e26b2ee5342694bd955d46c52bd953f5c5e9e1,true
e1b0c0072c60e010176af682ea734d96be8598e9,false
999ad87f8f4a65e073e1fd8cbd10b5ff17b6c81b,false
4c458acba7712b2421ab248127e91670f0453816,false
95b62c04b9dee5fc700e1c5b90431aaf21ff2a76,false
f91e5999be9391bb2c64beee5c7edd69169a6091,false
05cd36b83f8d9dc8a82bb0f3fb3d40f5fa53d633,false
91b471c96873b740442150657bfd26ab61ed0ecd,true
b175ba12b83922e1cf73e4b2fd854c5cd27c1dee,true
51b7aa7f5000628ad4f4b4c05075a646c1022794,true
b9e61b8123abbdf6f93dd33613d99f2180d309ef,true
f59da66a15b2ee188834a85d8d38ae2777f8e05f,true
84471f6edc0c243fa8a12dbcb05aa16cbebaca8b,true
afc727b4b1c34adaf8e5be98b9e341cda491474e,false
3dc009a7f32c7595cbc3bffe1913d6435c091ca4,false
06d06a35f4e026c97d0d16292901b28eeb0fbf66,true
26b78194338826e3b4e94cf860909e1dff1ae687,true
a1c97a0189efc69fa80c9b2dc5a97a02eb5fdc85,true
f694db27582f7f1b7c43cc2e4c5a59d5a2c2e40d,true
a8465b50b3f0acd0c4acc472882a503afe1be5cf,true
65edbce460e9a1c2da60b01f0890ae9eeced344c,true
9984aac5409710c1e12db48c499093d8d6e9376e,false
8816190b2bf6d25cd78746b775561b9dfe1bd3b4,false
1dea5a373892ec311fe5f510ef1efd482109ae73,true
1d47c72150fdc7b34cee07d33c9fb67e5de0d0f1,true
98d01ddfb6d1517702d84995a63b2ab00991552b,false
9193c1c5b5115afdc42ea52831766874b400cdcb,false
ef92583dab871700297fee61c1e66168b8f1069a,false
48dbd6c856466d537df6027f9ecb6315d51d9937,false
29b41814fc78ff2e1b2069ba223ab737b296d4c0,false
90ee6ddf5f8808360ea8d517f3e21796e8df4892,false
10b80e5cd7af76114111abcd341000f4e3c8df50,false
10e717f44b6aa85fc0d9e227481cb2fcb0aae113,false
e71a20c73505be36b9a43ae2a724bec567cb9d73,true
59acb2658e8375c43f3838c30e2be0447908c496,true
81a5790b0380999c7eb4f089a7d316ff81f7266a,true
d029087f3880187e37a635d9c044096f13ea5890,true
23c6f64b136f9f961d427dda00a7a800165e201e,false
5fbe39eb68a1d691a7d6c2ec116b8a710053e0e7,false
db23648135080f158797375dba2f76240c300e1d,true
8a19a47a7cb1d46a4f5240acb21523fc8bb03cdc,true
74907f4728a819a95e384a6f65eb7625521962ab,true
a1dbc1749351ec68e2a8ec7cc18ef6642fe3d12a,true
e139fba6888c940ceafcff18f1fd29a58865d51c,false
64a220b707674bcffb45220643bb80fcc4bdf4a4,false
ed71a9623fee2ddbbc1b2a5e8d7c2e5450878610,false
f62370e2d893511abc5150587483e03d414917f6,false
455ab0660556c0c3e51d60d677f1282eaca1c8ba,false
ca4e041b26d45d112bc6543e0187841a4b0eeaac,false
740dd41b560750131bcfa9a03c8a0700557dac55,true
44dc43066dd59cc9a018dbba02435852c3065138,true
e9a345aaaeba8d713e6129ceaddfa2725386aa2a,true
55e085736fedb13ed7016c8b91b22b3311d44743,true
e6429daa1ee275ad6b761337e7861516659ad487,false
6dda063d2ba3ecd9fa5d75a62765f8190a05e4a7,false
ddb113a660630b9be8aaf72a2154a39547ab7dd4,false
28a40d21e119be5cd07c6cb1c08f0c8a23b14021,false
ef11886bf2190370a0f3fd287616763826239c48,true
fb1a1ca0d397301efc3cc702e4836b9bca169251,true
738d558f02a1d9eb4a00ae3220219bb438632d0e,false
78b4cf72b655a81c1c1976b0fc828437ac3cb3c2,false
143cd8567ef7ea270c67ffc9fbaca8d20302a649,false
f2523f325162e5382198bce38d9b963fcf2f73ea,false
191c913ca03a34be0cd1d1cc192da5146cfbfa8a,false
0b9b543194a951985efc035be61254f73001cb53,false
a9cba86a08efd37fbed3d3ac27059de893f03745,false
aaf1324cf56d9f23ab391b54a04df261dd41865d,false
e0a6b1bcb43500f6206d1c5a647fed33277f529a,false
e4d975b7c74985523c6ffc8d5fa1cc40e49fb041,false
b51c4b3fb9011a0509c92b0a197a4a8568832fa0,false
6cb982a5f117dc5b4657efefdf7adeb07969a33d,false
2808222bfa8155f6514bd6d225c690731e573523,true
89b3975c1e81e164c92441b59775e7a84e2f29ac,true
a156fdfc647ea970c24518906b31c5d08aef63a8,false
eb94feee1a65b69fb57e664109eb04e80faa7237,false
c34b2a11c78c7bfd2e96053dec099731a665b211,true
12fe992fe2166dbb0910d8622c1dc1d8325b0f54,true
02e669d06b7077d01e63d1384cf69fc56648e9f0,true
052560c9a04075aa9d80520162ba732cbe9bb7bb,true
b1a5a2788e4a309e59361c5843efb4dcc8cb4894,false
5213d3f3e76589182501b7afc09aaa3b0bd52ac5,false
72820426c73e717a19572631053a4f7e3700ce7b,false
ae0b247d54c9742124422f947a716462eb5ade96,false
7f9cfc381ec914e60e6ea20d67d9d75499b34cf6,false
dea167f8d83ec39b3cb3e8454c7c4522ab5117d1,false
51a4109f96dbba293700fe9eb420ca01d36cbea3,false
cbe0b9cfe39e37902e0ce1719b26822897db1db0,false
5e1dc4fd0e4f2a7114dc38171beb816669903d54,false
cfc0355f7189ab5f909df63d09395ba6f780037e,false
b68e66449370cfe5b94f98ba24593b3a89c4d00f,true
44af512c39145f356ec3ef7d17f68ff8c928bc00,true
db93815a9c1417ca41652b3549f9f110948d3adf,false
47a09023a5af1ea91e2d0821cc6e2ac59662411f,false
915c8fdc924d7fce0f559bb05f6435f302d8dbc4,false
b8dc8ba825d7fe940483a63c1b3b685facce19c5,false
0ab8dd9b65b9bb1fd80a946900b93ce803b0f617,true
35e1f837b39652869070a5daa771f30ad049f81a,true
8bc72e3dd9a54c8e828d89881cabfff3b0e31f19,true
fd9caf42a44b2c5db36836fec78c8a58747d4866,true
6044b51904133c59ebf552de5e6ee2a384d6b328,true
0fd61a928d58e767b575f2da10b6df8db496f6ec,true
0c8718bef0386bebd1a2eed4d53848d6b130c7ba,true
fbf5b48c2dbece1c280ee374dfbca19a782b1004,true
68f0476fb7b8970566ca7d7e62ffd86a210393aa,true
edcda68ec00fc15de720f78ba399ce407590699b,true
acad97179dfba306ce396967a6aa0b49bd7ab6b8,false
0ad998504e6e02b90ed052b4a5656d2752edd27a,false
90bc7de6c0635198fc6fb6059e7efb8ac0397411,false
4f80f10f220dbfadeac548ad2705df8339e04dda,false
7486a70f4fa045e08bc35e1c01bf682486be4d12,false
5b54a6de1526b750746305f506f55bf9d369b0f3,false
6f66b770d6a86e77eecebcf75084364d0921d4bc,true
d03258684534a2df5c97b184c06f4130262d568b,true
9cf8cb254eb79ceebb1164087fec8dda07fd5899,false
3c0ee4f090b74fec0f417824ccf7310d53a3aba7,false
2decefa4e1633c45c9590464c615267daffbd7da,true
ce4e541fb60f293dab0416a3f14a1320ccec6664,true
953c67ae44af4596bfc022eeab8170530bab1485,true
2ad4aac80f60e705c1af6f5edcc5e167ddf97da9,true
75be4f4fcd673e1d5d5ffe780ad56d14a682667d,false
17197651258b540b5c39795224e8bba0f7754b68,false
e1204bde6379cc41e1544bee07d0146a4f10ad21,false
8d926b7b262847aa0bc6ec1d3602897275537d02,false
e659bde5a9ba8c93e3a59d3f14e65f733a53b835,false
bc60dc64aaa29b1f4ae256543faea00f8f2ebb69,false
2da517426d5e1b8aa78479d65085ebfc5c3dacc0,true
e4983952880be38a34aa4d40483334293a46b0b7,true
ca9545237c9b2afcf5bceba775a81a99c87f4794,true
085d05f5bc4675b33319cd4663eaf582ec2ba457,true
2d274e79327f86a87d7e8323af92949f04b7ccd4,false
1163ddc7ac140feedb99b5b464a11630fe58cacc,false
6d24620a47e147e9d252820363806c5e9513b610,false
0e12cee137068b740b5d8cafdaaf661951a54d60,false
81f167509fd05e79dc7e41d7e6a8e1c05abfe9f3,false
e54859148c9c654d37bf4eeb1b9af76808b1d78b,false
bf19d326fdad239d59d13e77ede2f3f537fce4f6,true
09c639fb29f44f912b363ebec2100c90aa307268,true
0f8c3accb07cfb5ff7dab6243ddbe95d9abbe661,false
583bb6d5a176a15136a5eefc641983d648c43696,false
0c465eb31de2b802b8b6bec428f8933745694dc0,true
df21172edb083859031a9cc98e1d66d0d2c8a02a,true
3acaa90713f35773aa2b91875f19d0c68bb3ed0e,false
0612ef4bad988542549a49b829390a4218106abd,false
a139467676bbe6b93ccb52b196423f65474fe09b,true
db3bf8885c8879600d679ee527cde819d6023ab5,true
efc0b1f3d47a5726d854404578ad9755480fc3ea,false
b29f8d34022ecc053508b10377747aca3e09dad2,false
919789f6a6c59d7a566f18cb529cf547161b04eb,false
86dee20159362c19a54006e75b3a07cf5c5c772f,false
2df9fd0adfe56041d7a1d0a2bfa71b62238d4ab8,true
d5a68d21fd3d3a7b2755f8e69d1bfa7a193cfa28,true
bb9322c121396251769ceb012869a7a23995cf3c,false
0e75183a054c5ef808f077e9aa079ab3f9d785d1,false
8dbc9f70da97738814a1c3813f15754e00a35f3a,true
0fda287d34cc27b77a143a90247e6df91d721c98,true
69a664a86ef1c6548d5e9d858bbdbdfa3ad46bb7,false
7f9725fd563f631fb0db13ae62bf0d3b0ac26030,false
d62939c347d4b6ca299975ff18f32414ffcd6d92,false
c0d057a11be786db36045c7a62d0ee543e81a1c1,false
5f896a7dde99006366bf148fcd3057dd52c589a9,false
883c076facd5852dfb9aa27e6231aecc89f77387,false
572f8fb5d258196052ad5ae7b55e9e3fd8a39874,false
c1fdf587ee129da955f0ddad509c36b0f81a94c2,false
ccd94e317423f00753c97cbabbb6528eccb25bec,true
8ddfecf8303c85bcdb7c37496fcc1889f239860a,true
90d1a8061f50890e7153b06beef70473cf5ca4ff,false
e245ca4b72c35c906dba148657b403ca7048c468,false
d1cd9f7c66d76b2f21ee3abf18cd9405ee0e2dd3,false
17dfde23bfbe60e9021a8751066e2efeab08ea43,false
c0dfa2db0808237955d68ec52047db0a8e9d2f9f,true
8ce5613175ec86244896902e1f8c2ae0708a3cb4,true
d20a2372f122e7f8e83635dc0300eab04ce61d32,true
ba8d95042f4c41dfc348b2fd7b88a319fbf4b85a,true
94445bc714021fa8ce818797b7888f42786e86c2,false
550129ea1d88b9802f02036d534eea6b59657751,false
5afa72447cafbab7987ea0e4448d4145b857eb59,false
44ca499f16fe88b1ebd8a3020b03373d81727c0a,false
a8266b78d60ee2d789d9e5dc6e478213388a683c,true
e6c0cef1c62345b7d0134472ea0f5721855840d2,true
93bd0790c90ab34ba6764263e9dfd8f6010715bd,true
231a45ec9ef05d480fc771997b5184b88ff4fd29,true
f765cfd8dfb270e82f69902b94c1b1b2cecbe89e,true
5651fa55ece03ed7971e9cf86f979113c64ca30f,true
65b9decb45b796ea0f25dafa33c752381d225930,false
642d23977318e9ff62efb4d9e40385ae5208821a,false
7fc667e8893af2c8580068b9d215cbf79412d740,false
82ce6067a70c22e4eea8eb5621b396fe608f32b2,false
6932117bbedcf104d203b2953bbcf07400c39598,false
647cfb1ca98dd15606b8bcc851ce9429583aabb7,false
8ca8fea27132a763f8eb3aaeaeb509a017e1c654,true
efda580d70357fdaf3c727523e90d092f79a9495,true
75fc8ca4f47473035551a8735a1305c362c65e43,false
30c835a206517052e9eb76fd2a0ca13c2bcfad98,false
a0b53221142377cda20587b443708bcb2696c769,false
7c49001112151fef4914d9ba6195c5269a5724f3,false
759778ddff779a8c8cf7a4ae43a2aff6880149ff,true
39e6087c384e063f6db9e240ee2769912054ec74,true
61f69a275950f95110bcc577d2146ed987cc5603,false
39f11e448be3a4adb26603f02ff3d751e12775e9,false
df068c66439e97e34ed386c5350f9e8da5cdbf3e,false
13c4a3974fd78a89d219e9e0ade9d1fa719db148,false
6f5b1ae9c6d88e75e44ce02e1c54e55fbcef7325,true
8299ad66f653c44044cf6ca02d8d09d171dd8a1f,true
8bf9cb7b973b36cf3f975d23f7561eb02a35192f,true
cc9130141743afd6cd287d5192263f5ca6c7af96,true
fa649c595dd916a48a6632feba8d859b1b6024b3,true
d4674a6d5bf1a6d9498be1cecb60697b76e457c6,true
8ab54457e8fbd1b7f4ac5bb03ba3038c409e8a90,false
180d3a527d9d3be50d40725d902575ebb4cb3045,false
f314fcc003c260d40b85ef5c825699ab794cbbe8,true
d1e29ebb5ecae823f8007dfc4f5ab5dfe8704ec5,true
93aba7ab0fcfc7561d41312bb8a77ded981ce425,false
53b57216df9aace684d1f7a22312e1722d8b872e,false
e749f8ec8cce56f94a6e1f881cca7522c578a398,true
33c2b4e0e8869629110e2a9db4d00f23d2910013,true
5f1f30aa7809e5508ed62987b4dff701ad42ccf6,true
665b30ed542a9119272f62e51364f1778efddefb,true
96c64900d84a448b3814b4ab43dcd078e30dd64a,false
ac667a202491c01a3a4bd01344ff04997734aed3,false
6d71539dcf414b4ff8dbea40ce3056af169e86c2,true
5b636b0e86cb9bceaaee56d4b1365639fbf1aa78,true
a7e92642e6b4f3925d7f310a487befcaacbb9367,false
7497e760fd1469a5b774ba303cc3de4b5bc3a2a5,false
d44173c157ccf4c55aab89e1309ec82d22b637c8,false
81b7619ae602acac2ed8a13341138d2d7691ff2f,false
d542504a8666a3e72ec75e4ad8c522647428dda3,false
4eddd93a8d20501b24c16e2d3d8198d40e47989d,false
b29aebe736a5d92593e2367c6fcd52e5e33e3450,true
adb61a39c9ba9c74f8e7befdddc79e1b22731f0f,true
8d46ad10f1deaed75ad0f030d1440908e5c0feeb,false
286a65d41f6153f78efd77ea320f8bc33eece3b6,false
f58402615d863f7b17859e3e660869e1d5803096,false
87f12f9be419ef020eb52a173ddc7d167c7794ca,false
868f60854a488f515f4faa65efe83ab2c9790ee9,false
edbf809583cc7c69f0678923f40e5f8e75001bed,false
9bae425085a66473c9bbce2a14443b9d2d807072,false
6d1f754128c8f10a98866f4809ba845da6a9ac32,false
093f747a538ba0308306e7d6abd7b78ac9793f2b,true
e6db00b3f90ae2f9802c16294541e94738385da5,true
99b88543c78f5a729a9f4509af5da74e0acd434c,true
465a7deb5c3f24102cd5802bff29b2feb4b9831f,true
a7ede945acb744dafb93a4e2a90c0525a23c3d28,true
7cca8d444a8121a5ebacfcb3260271a3186b67d5,true
a8e960cffb178804566de0641092a6e111d55f19,false
2f00526856d9dbc9d39e4fd0d600877f251e5737,false
e66fb0b1582e7c168f2d5065c1494288b96063d1,false
d94c35f7815fcb233ab1562907a3a1b3b2d599d2,false
85c840089830ef11599ea6f31948e26976c210b6,true
9576defdc736df73b98ce0e07be1980353ce0997,true
b3994c2e92073c031378dc0244ecab436ed631cf,false
b557a36eccf984e7adc1319bf96477e3c3f5aa63,false
c359d3fb91bce3ff5d7a53e5c1ef86e03d7c99f1,false
9d40664af91121663a32e2f78632e592c3df4d08,false
06fb79a2198e96d1b60f9c360c9ca91bebf0e267,false
f3831abf18e3fc2763eeb6962d4887365942a970,false
80e0235b40eb94f33fb0e036a2cb22504f1d4588,false
ebbb7516e2c7ae70714540b28d61fd1141ec9197,false
e88dea79695ec137300c9d39b40ed6f23d8b3a51,true
717a9203b58b3ba2987212556ef5d22f965bc9b6,true
2cc80b12153f333a44f79a0c0fadb4c0305619cc,false
b950f782baa92d85f41e4ca73ca24ec2df685a36,false
9a87c3ccae4890ea1150b5913dac6f85d3e0be4e,false
2a3a127a9be23a9141194bbeaf79a761b35af2e0,false
aee0f988bd7cfb11f1137e0e9ffc62b770c9c41c,true
bdd213c67dac1c68c49b03a217d60ea7efb9978d,true
00333daf11dbeff775a9e5358fa74b5225cf196b,false
68b346a68545de041091babb68d26b3b53c6c355,false
77ba9737e8abf043a3092fd739c6f8e2951133d0,false
fa7973b2df74291d7aae3c17a1930b4e48c15f49,false
ac71538dcd5c64749ea53c119094da77abd21477,false
eaf95eec717525c8ba2ecbe9fc32e12bc0fa26c9,false
5cefaf415dab58557ac7048111c23bc4686b85ce,false
570284285b47abf8d9f0054a3ca68702621f0abb,false
87d96d33e34af80af270cbb679839077e02130bd,false
bd8b011c4907f8f77d7773f1344fd3b9c4705bb9,false
43fd061f1fe8978d04149ce06e8ad14675ce8543,true
080b18852815989180254759bd0ddc7361c48178,true
31e63e1ef967e0c50f7897b66eafc325502f0f3e,false
c375f3b82ea0d5f310eeb57816388e93b4baa201,false
4f58d93edac5fa6fd55e0e8ef7cdda4e7dca2d6c,true
bafa240418f047df47293c1e9bd5b730a2eb7db1,true
2c96e71da0716887bb1645aadbf3ff493445a07e,false
d30e37cf1f63b08e8919caf714b224aec8c3ce19,false
01f40cb2f50ded333fd733ac5832ebde6d3a7cb3,true
c19c552e1db9b9011d2af8e2c2c3011bdde14b7d,true
88b909fdc6afe93bf4dbd939491f0de611e562e9,false
66421aff65ef2646041786c1ac40dc949f34f35a,false
f370ba35cb9ccd33878b82be82d03d9047896448,true
72c5b48e82365b976d5dce4b7267de8ebb3e5ef0,true
57c56624e908234032d0edc3cdf602d340b4a044,false
77a7880c44ed75bdf150eadca9fc14ffc9fb414a,false
3c7c77de9545648169b668483947b58562b5022a,true
f717842da9c06be7299e267d6b4c16aeb623c000,true
51564e3dd93e0c8b83e6b69f3ff9e7254acb24c1,true
ed87576ad14110f35ca7917c6bedc337dd0e7a2e,true
775ffc37d66e43052f85118cbb29e6a670fb20ba,false
855e64e2b346e14efe7757d8e572e45f4b71ae20,false
62dffdecb701d7920caaba159cf9325ad65f2fa1,false
829d0bfc55f401c79cbe1c5e48b595c21c82a15e,false
0506ac99fed70afb8dcbf66f36fb8a4975438bde,false
5457a9704b3fcf2dfc39788688f1f2bb1aa9f007,false
c800b28bd16705a3567b13bd3a50a5675a3c3d37,true
a5a525e40b2be90c60068d2a4ce2c3a79051464e,true
022d42e76de701b2154b1c498d0b22e56efc9fcd,true
53dd91c98d292a8b403e97318effee0cb824b076,true
4712332988e9b888807803e9a796f15c6d6bc7f6,true
4e9331d7cc979237d85b77a896e1bf3f1e7178c9,true
bff841b3a3e6052bb204023ff6066f3bdbbf6515,false
d2ee288e12e55f53e6599c188170cde488f6704d,false
11ce46980d1d2fbbb6a80a25ada816fdb73f9da1,false
abefbae6c4e0a84c82e6c4a126243ad35d8ea0f0,false
dde19ebf9c6072df69f3444944e30a3c5ee62c76,false
b4ffd04c1f2f75f1b7dd28ae7c5b4b0011065892,false
bee22e5212a7b8a694e808a1b85c5aafed755436,false
40fee5bc164e2f716529518784afa76c946db308,false
568d331b49ef0600bdcc88603f30a1b4b2aafc07,false
8b2110424d19b557a69cbf7f00f26704d4846218,false
d2dc78d419454470fda9016c2b1b2e0e68ffc67a,false
a2caebb1fb162ac1f56064e4bf4cc4923f4cbc0d,false
7712a66f1b1940e7f67a0b2a5324c8b193a023c7,false
db7ae45071e329fd12fa586e5d5d267f2eb9808b,false
12a2c651f7da19fa686f90be23813bd0500c28ec,false
54fa3833648d21d1bba554374aaa3096e154936c,false
2ed132e20cabee75c6d91fdb15850ffad8b5b3fa,false
04d42460309b995b2929f9bb3288121c10a3bb5d,false
c3130ff571f22f6de3bb424b1ba03996d4c9f383,false
a84316986cf30c7e156708768f902f3d4b7bca2d,false
d72e2036a962d436209a7d047037ed970d4718b9,true
b685db655178258eb79a814b88b0835ce7966456,true
8b299b7a05364d312f64233822ab34ce08218b9f,true
bf905fae56485da675f483c2eca76059ead89388,true
ea67e641f03850d3d11494b2e450bfc5f8576241,false
15531c775b29c2e2b55e271599ceea99b441d1e7,false
46f8b8b1b3f7713bfc4c6d43e2e793f519da3388,false
3ee7a8ae5c0a2110b67ed8cc5333ec935e4940ad,false
d8fb5e993aa087d73a97300887ff876943933ade,true
0a7722aa3ef4a5bd5f9bf3698537676baa21c3b0,true
f8730e81df704ac03ed970128c9da5fa9a55edfb,true
27fa365a33b806934f560a3f0442e1d663fb4220,true
de2383db213c7f695b5620a6815000e5b2d342ff,true
10c39941a00a47af08638133159ae66a2158f26a,true
43fcca94b404cc6658c7b89a21e9d4e21bf260db,false
68ae71b650b17ad97b04ee6ab6557195577dac2a,false
cb1dc659281f50d33e4039bbc2804a724f08649c,true
ed5e5d7b4665a39f7141d266098f21f29620e976,true
614dbb302ca47483f2120440f29cb5f558b7bc96,true
58690dfdcac4640f9d214a60698f34ed4af57e8c,true
7a3c90795aa4a79622926af2b26852f35f0a422c,false
ba371fe53b11337991595b46684f0ae19a3dddf3,false
37185215d716ceef10e5b1ab2e0e414f9b14f5d4,true
8514f94e69fedc3f6e2396f8cda9cc69bdba15ff,true
dfc4aa6db48a63ab18512f494a0b549644609b0e,false
2745ded2bd422606d5bf7a1b5e53c61899c9de0d,false
e785bc65ee8dc5ede3b9a3dcc50cc28a6e5fa5fc,true
59dca48d6db4040bb544159c1fb8c136920f306d,true
cc110c35d75d72c3eb85a5504c1def398a9bfcc6,true
6d9193824e23bc042c70f9e4a7a577de27e0c50d,true
3f0d318eb276617d8be202e366938402d8255532,true
d1cd51a0f594378f93d735031901735d62c08371,true
024a8313bbb01f8f5dbf47d9a3129eb72a08a436,true
be7421e9f3e78e38214f2653d45d22d0189b5467,true
9de114ba4c293ba45c60ce97e99beb7872f127bb,false
cfcb6b793d528c44b4c1aa27276e1e3865127e89,false
0eb89f556c2148258aff54752953cc1cc98e2ecf,true
3b88ae5e63b933b4f281006d0672fdc3316039b1,true
67269bff56124592745512e10114b13986862898,true
69fab6455b7573453dc1dac3b8e9851c16b1ff01,true
cbb4e11b8b8981c22619f7c5a81a0ad5716fdcee,true
0f4f1a289434c08f28a846bd5c9a71aa2aabb239,true
4fab69390ab0a8bdbae9d4bf5e2fb3001427ed20,true
af7fc3b1c80bc88e47bdb79f27c2bc81b3dbe47a,true
bbf775ab5345ead8d06fdfbe92443c46ce8f3db3,false
ac13b70d3752366295d1a9338dcdcf14e057bd50,false
dfbff13fe78dbb0b779358cc9f633fb21214d230,false
528ce951555a1f206b2b55aaf86d5c9daf37fbda,false
97438757fbe7274ab2f3d3c9bb55361aa1409e30,false
2d8a85a9ab808f50031e10bdd377a34089c54712,false
b991ae2387d88708988238d30a748adc72480084,true
cc4e08b1960bf482cc20dabba0a3814ecea209c5,true
8c5aaa6064361342e88e277c3f3f748d1bd91347,false
623d3582e776c6d45553d5778641751cb6d6052a,false
7a798134685ccb9a2930e6295649b06755541b78,true
1919f4cfc9853208aeda7379b3884eca79327f05,true
27cd211c217028d63b14f6b4cf5a706bed7943f4,false
8104bf4783ded3694eb3000af176ecd0ae85988e,false
d286188461c545bcd56363cd21a9c82246a9f780,false
4de14c43bb2ab0054a0c453de5563273ce1b2e18,false
52dc2dc747401b9625b4a5a63b715ea78a256e09,true
64e05950983e1ea3714998b0b015b6a6bfda36d3,true
8f6b5e567ba4050b04bc298ba936f12e05e9875c,true
a53542693c5a88a62ed4a60e307858b4b9755e38,true
135c27a1b7373f3cb3d5fd389a6d1c24c094447f,true
fa402539f188a6e10934687779a8ad79775be031,true
a9d9a9062cb697c27458d74ae45fb541875c608e,false
207e238a092a2ce23e4b063162a6f14d18fd60b2,false
85f6d5faea2a31e50368eafc7396378f0de779ba,true
94fb44d926001ecc29d0e705758863eddb372d3c,true
27c87c2b1be5f13b70f74142e7959ccd876a84a2,true
717755b7bf1d0d8c1904201f4f47fa90e6d8984f,true
4220c28e966d81a3e68eeeacade9cab2f2eaa83d,true
dddf1ad1d7a39637e9e76e5673202c71b4f6b249,true
10ea77e830c719ddc26e3ab962bdfad9532be0f4,false
0d39d133cd0e9f06849866c7f65956799fa3be80,false
86ec2fbce3049f40243319bd6d57ae668a99809f,true
7be7878b6df82ffa6ad1a1eb48c3e8efcf754af4,true
2bc89a1e3dfa3819a02b5574470e1907e83b4948,false
63b5bb226e56f21fcf8dc8075fc0937da1f1001e,false
ca2e027b781c67c71ce0a62f66f7ef2760624a5f,false
ce1dafb90fabf12c656d5ab111c19ec59d95a225,false
7e88f7e0ad9f71a69971e559c8503e41d2a061bb,false
d3014015ee46a6f2aae5cbf3dec5ea5fcdad6b82,false
4d2021d945748110b62007cce851c727ffff28f4,false
9d10f067bd91d36806179761ad24dcfceb0dc1d5,false
d2b03b45426889d363d889816507ae4a69bba9b4,false
28e9dc8527ab3dbd878e1d2c41979d7c698b21f0,false
da407cb64af87353431ef2b224811787ea1d6679,false
609c7b14226f8ec300c054f6c2bd799b22763eba,false
964909362885e802472177227ae6e1582cfccc35,true
e8d850dbfb5b41816a9ac8632bcbd06e07393451,true
23c8d291579491e165f36b2e5ed02d3c6051e715,true
855df45289ede14e4c810072b4cea5816d5dc6c4,true
4c8fbe8c84cf5dcef9aee53d3460e70b99fbcbac,false
c0b88e3b32ed635ee1ad33251fabd3c90b1e7021,false
b3f2f99b1d8a149089f0a5d1b916592e23f06103,false
a523b9caddd4f29997b961818b1d837d56a08f6e,false
37db9bb8cd21424fefd73ffc36f302f0b5985a1d,false
484e3a8ebbaa4b9bc86364715c4f85f4d10a8581,false
6b46649466fa41386ab25a58ceb4c520e4de83ff,true
f63bf587109929907e45545946519e9643ad4024,true
9f1d4da8b5f99fe9fa06667d62d3c81abdadf4d2,false
f06ead759b83f723266ad14a0cbe897aa4305825,false
c6d515b9a6eb9a7468d4ebb81195d59712492a08,false
4c42c1ad6f50f9f3cbc1424b50bf306d36e222df,false
8b666db88cb1c6029968635ecf9e4ae934b3dfac,false
d4dcd8628250407c4300c536b94c84665e507523,false
b7b4d3f679c9acd7ed8a0b4c52b6fe41cf240941,false
e3d325e67419f2abffc042ff7b87e084af0ceee5,false
7216dff8179732636e551246b6a55afdef27acf5,true
1940c4ef5a102c7a0d44dfc29896ba75c5013d0f,true
9c6d3c4e12d1c364fd64defd3c7c6fba5e689fb9,true
215c80267b9ea3a0d58a52dd4a7b05daedbd51d0,true
dbbf30e515ab249bf94e225372affc7371c267dd,false
f4ec8c591b01acc7bcee11245b1a63abfd41f6b6,false
4a591b773a0f5c9266d2e732b65d4c4ab19857aa,false
59e9b23fbca794960d506ea7dba2412e6c07e951,false
3dcfe9237d2785d6cabb4aa3c3f6ba3502e6df0c,true
477ed1ecdbeeedb78e8328fba5da059812dba698,true
c79a37da032af5e7c7dcd506630a4985653d7e4f,true
d84c24a83c18eb8b6c1ee26a1ed9f34b6c376868,true
122cf18f6d63a99eb91543d853e6fb453854358f,false
5001ded3dd9dc7c43358edce5ab92bed47ea4052,false
d2e9d7f3f97bffbeeeb7e42655b0ccba474b90fc,false
f18518ab88b8061c9b8a4e7075a1690d3dbffde7,false
ab817133c91a1111bc962b07acc7b2912a9f30c0,true
2a586587b65a1c16811e181f3aa439c7d8217e14,true
2744c5cfe7b2cb988baf886068cadbdededed071,true
9f1ead25ffeeb88e15414d9e7f34ece6d9555a61,true
dade5e9a90f51a5c6e68f2ec5b82d92592735953,false
7ac88c678d78c37bc569bb185730b0f972f96c50,false
0cc4648f5e2817bf2d5ad044d7628ad088b31af4,false
c4f1299be73d1714065e57b7ad2d6c62cdc78f5e,false
0b032818a541cdfcc654cbb6f34c9bdac2410471,false
d045abcd03aebb66c003fd33fc52e07cdd4bb95a,false
d3009e2a53c858aaf7fcd5c133ce60b9296d9cd2,true
31713359c213807760395dc9d231415af12defc8,true
e92598e77e163131706eab2ea8dcb0d17e9dc7d1,false
f8d364bbf89869fccc49743addae059dcbed2b4c,false
41107d2c07463e5baafcaf589f42e88002f4fc43,false
8259e79c8c2beac3163fa613b6d51bc5bed7b41e,false
8fc14f61a48a94104dc0913a738f941fd6c4064e,true
1048c99bf9090cbcc17a16cbabfb1657d1fa56cd,true
6f70484d246419e0b8722f92fe0298d29e6ff716,false
5ed1227e4c25ed40123c76ab1a8c6b9b5f475f4b,false
b693776285346e2809070343c69bc549d86378aa,true
8faae1a9bb1841095e098271ed9aeae20c30cc18,true
b2f60ab09422dac59313fec2f7a38644cff65010,false
7d4a885e5b27bd8fd7c39059cfb619ce95cafff8,false
3c5ef996fb75c42abf0b040f10a9551dd36fa5ab,true
da979a32e508ba3d2937f150bc9cd8a228075906,true
efcea4d9ba9d44c3f4efa27fa86392aeb32ef00b,true
e1a5c6c5210ca56172412a162820892f0148a128,true
09c579e16befbf1574d571beed07c9a506f4c1e0,false
32bc9236d2990e0479ba08027d5660f4f129312f,false
7be716c2c762f333509faa36dceeb50eaeffbf24,true
f7105e8f2e2e20bdf9bd69c68d3cefce89a5d059,true
0f3d327e842c9ad1aeebb5f056730df817f50dcf,true
063d2fd06fca2cb21bf93acc33f6ef1483cfba42,true
1269952f01bb7ee0e86d7bb1378efbe1fa4655a1,true
580912b96fe98b159ec6e408a98dda344a5f7147,true
18c013cb30647477c45d62da036daf78dcbb6464,false
1aa688c341041e07f889405be4a3b5ee7c3b7c40,false
e8eb5107979741e389307c111776d9171ac5f811,false
854cae2b5bc1f164eacc232822ef68eb7c19c723,false
b30fc92f036dabd98c480118bc9eb83d7cbf67be,false
dd9f19e659723f65a5c6394ba3909f951e48c766,false
104bec18b8a53d66a980b27cb3f93662e5873ae0,false
a0846e01aacc442d40716eae907b8e66c1454f28,false
1f39e823f7d90c8de9bafb422a9fcfc4fef797e6,false
a07595563628ef5b875acab9314d7b6886a77d7e,false
c6112daefe4303bcfad0aeafe61f2c2a91ef935c,false
2d5cddad9640ea71561d8e90af9cdd9e5b20e94c,false
3a59b4b81797c4165ef0f3c5d12efb8a4ebc26d6,true
42c72faa290107c08e2c0b53670bdb4b51f2efba,true
b019505c5c2d67ee9ac80f9496d28dbd10838c74,false
3a3add6c27fcc6be538d2ab9d483a1759ce748a7,false
14593b7bd7667a5ad6370c611145de036ea483c7,true
d5c7092318bc42857998e8265499db74584663e3,true
513bb8b3d9cbfed34fb71ec20e3fb859b001a3af,false
c31dab8555a41711e4c1ea0b9cc4ad98b97d06da,false
e83fadbb9b2784f15178ecad0703dc4b349373d7,true
c966ae47a8bfad3771dd700541a6ece85ccd3076,true
f78a99419e41e1cd1ccc6b39b5bcf0567dd49f82,false
7d70dd47db19b574664195bb97d280a446e05ce5,false
655b1c11034b487acd630dc1fc942d365515ee1a,false
19d585e32b177eafda420d0e16f7e18485b513d1,false
de01380d8991ee4d19e0ce4d4af9228d0b4bed71,true
a6e41984df65850d2858cc98f273027a65e7697d,true
810f76ec5b9b2a886672d198adb75aa3e2c8ff3b,false
e4d2b2e1fbef8626fc1b761f57638b99f9d989c3,false
2a144b7f1f3a06539006e85aa53ea63d53027240,false
7c2367aacb4357f299503e424f2cb0ba7599216d,false
61c1ce24871825ae99a38bcd1776a1d761af583a,true
d46a3a4101b9d1b8fb96c51f217c8a06ca50f575,true
8c74c373fd44bec376d30609b7fa29c9270a66a2,false
86bb1a2a63ff20ad835915762ea206966ab4fd98,false
7f50f6d23e1a68d046c60173bc1855bec185c423,true
74eac9fd87ee915afae5cf9ed32777c7d4beb1db,true
602eee058c414b6cbf1579d06858e30668a8f9a1,false
5e3f81c36deb404b7e9c0d3142e884a18c2f78f9,false
bf1548fc69ac2f9842cc4f27cc4d6ecbd5c34099,false
5cd22fe7144016ef907752903813115c7443fcf8,false
44f3a2a4fd58ee3f406ee3b7e73a193a75739230,true
9ce87c28e8dc8b5494f6cc8b7075c2bb84385b0b,true
c472b6b875db282bcb426a1e1289cdc54637e6f6,false
f00347e99de66bd4dfd69b95c0106b0611b829c2,false
dac276327aa7a1f7ab9abc9d702eaca08594da43,false
45b4e5ce04cab993f3ff6cbc6ff8c97426502413,false
dbe7498f2d6af5f334bd8c20fac0895467c0be06,false
def83fec3d3e4edcab7d4dc3829df422b7ef034d,false
3eb8668e063276fd97ed02330b9c655a96da3bbd,false
af7e5c04d79cb66804211cf07b6f375e85444b2c,false
f6d183f7204682f18ebf31841b4069ae410272f5,true
f707610989d108844a7cd26854fc58f5f7813776,true
c2e113c396815cee955b48fedc1e7578252da6c3,true
fa84cf740d6bf2a8efcc0e3809b68b7a35cf56a9,true
56a2ed1f9e79090e04721b3f4643dee3e67cc9ce,false
65015f2c40ec01210601b718a70783f2080ca3e7,false
8e9dfd6ca5e908e98c95d9f10b8356e300826cb2,true
fd08919efabb80f0eed92b5c53da542a1896ce36,true
95c3c4b8fa42ed4cecdce614b721ca9936c2cfff,true
fe6e19461f4d512dc20778d66d654662fda28d10,true
64a35f2bac11db1c42d7bf853778dfdc2e40d76e,false
bcbef81734dcfb70369ac940196ace86e2b969bb,false
99afb00bc5d69341d03f42fdc573c5b5b3c002fb,true
d1ee7a75e60cc235ddef952c2a4e7e42229a5df8,true
9a06d920755f2be5c7179c38cd57978f4b6cb115,true
4d2efe7b7258cb36cff772c763baa5a098fb255e,true
584e4dd216702f03a73bab8f28d7e80da81fe400,true
5b2764346cfddac6ccd4dcadef4e0b6e78aa97f2,true
4e783231a55c12ec756216beaed6a4c9535c2b32,false
67ec729aaecf6897b5009a372a45fd7ee87e0168,false
6760bb2343f87263295e1ff73b8369a1c1e199c7,false
8b6b9f6cf3af7164482848375f20c04f3c503ce5,false
1f748c537765520e128c67459250012e3c6df735,true
420d027f6047964fd70a82e1c76abeb4ab02138c,true
07e36ddebe48ab4acf0c2aff359b7f284a5cec92,true
d4b3c694f28625e29347de8dfc3cd94c4ba9f155,true
199acbe5764ea5ec39c1b36d7a28721671f17dd3,false
744770affacdd41104e16fb323703fe042d7564e,false
7a610a758c76d567f4c86e0c90b56ebbb4dd12a8,true
579e06e25894182b0c2e4432ddd7e2c97d5086a2,true
98f235d93a78eadac41e273b19056af78fd99e1e,true
98e7a8f8dab204915d1a9462f490be5e4f6a73ad,true
43fa909034490a247e4d8ab9c416e26dc101ded5,true
07cd99b181fd032a8421ee49829b1828c55b24d8,true
1328af7c3531c274f862e417f7738983ab41e52a,true
fccdb3f5fadc4a705293bf579d10004bdbf3246d,true
e6517edb5167af161005feb35ba7f66eed228f54,false
fe44fab82636a5453965d85f92d4d12d17ca0461,false
6a3e3ad9d4eec60dff4bab447564c6e17a690679,true
591a4e17e62869865fb18f6d9ba92e34ed51c65c,true
8a442d7691bc57b1111143c24c2055c53b59591b,false
71fac10f080cade3c39559bd37e172e3a3925dbc,false
e6776f99dc8a98717b9bde2efffaaa07dc952523,false
a09f1caa8c0070e81b4e2c34909b0347b7bbed39,false
f2d3fdd76e95f7783e530e4c3e7b4f0b7d48a852,true
13068bdc3db446335875692ef9c4b6111fc3900d,true
c92990629931262bc6d24c502ad6204d988f6046,false
fc69fd593bb368f3fda51407b1097c51df4d40ba,false
e1aba81d0e0595b17f9c09740f1a8968f27f8788,false
83ca1e401e8d2b9ff130132ea84c93a29bd1d346,false
d57d0aeb66e0417da30336180b956a910e1c9fef,false
57c0eab4a1c2893979d2c14b726bf9e15c25ea38,false
63a5a94d504c58bfcbc32dbec07c630f3590dacc,false
0bd36728e51da99bb985c98dfe22ebef13bb4a9b,false
73079252a7dce76a132a61a78ab3a028d4e9fc1a,false
bd08e443978f7d55eadd5d7e027ca960f7220e06,false
1853a237324f09e132a6198c771adabfcf924731,false
8e8e9f32941e70c8430f10030396acffd051ed6b,false
2ac773ea94c118023ee8c0625070c8daf9820909,false
2b836da7c3b4091575ec705d9b9af55495187ef4,false
cb2821b15159f4cbc5db4acdf97fd3e9b4e206f1,true
3bd986533b137fa7eeace771250a42519361ef12,true
fb8720729e5910c8bfa5dcb10c1638552b876cfe,false
33fe441d1e6dddc869269861d897e7b31a1dc19a,false
7d96163ed1d846d2fc40f3d28f5ca25056a5a228,true
689e05fb2eb8a756eaf4dbe5e5aa6678f825b879,true
63ddd3d67d0d3f711a5ddbb63bb1d28d06680754,true
782d771cb639990ea8cf292cefa2cf15fd37e7ca,true
c1966f6944c9e9fd01dcad0ba257afa6bae7cdfc,false
52b720e01fecdf30b23d8bf6a4b1f4c8d42962c2,false
1fab5b57f66358799a8b8d0bf0289922842da972,true
340bbcdeab8f94a6c4d31b1ce7a4edd199944ee7,true
f7d85b005995fdf1249674c597d0f7e9280c2fe8,false
0de88e42525e0a27eabaa21010dd7ddb1d102efd,false
bec3965513914aa079481d016809fd1b6e5e96a0,true
31c3a0656c03bf9a5ec72a37ba68f06b25b3f5fa,true
96671b696fa3212ac38e9ad4ba1b4b11f76fc859,false
bb5d645ece8a5708c45ccba3a6d94907216f615a,false
5ac99778f323c9b3515d09a51b82e49b52e3f84b,true
442929ecccb605c7d6d3d2e71f6bc18be627bd2a,true
84950aa4bc5edef827740cf5e0eed5d411323346,false
9f02a1c1decf552a3998e6c16f1f204dba52a052,false
a7e3259e76072c44e4518e6a0c514bd45ebbc19c,false
dfcc4d931902eb7f7c82cf9b7bd1355c88926b68,false
4f149c15316febb6ed2a68bab24dc334d7df4f87,true
c54ff4a24ef95cc7ae889712c9c5be21eb4c1c48,true
a69095002b7dcae3d0aeee0debab754473b289e0,false
e087a254c2f84da2e38ab3c9957b08025df692e7,false
92a036ca9f7b52655495e7b8984d23750619b662,false
b6d980fb5cfcd70ce5626aa3d5e0139be9e29d57,false
4d8ef26c2b4d2d576ed670c7a5f972c12594d913,false
cd73098200621444701a982ae826b14f91ef4e39,false
766c157592684e3d7da481acdc6018911d0f68d7,true
d8997ab3b198884f5e58cb5479dd2a54d76ad74c,true
7898c30c1a81ac33062e3cc74a38f4d322c7356d,true
94f41c6e3ac748930fed23564e91069712e219bf,true
275c78e6bc6e35021fce6a57e804b362df39badb,false
c0d2aed1cff434453e0b6a189db6181b2cf12e36,false
698452c4d5c01322a7b00480b7bda49d92995830,false
b19b916b813c4fb3dac99b345fb9e001390018bc,false
62704ee763c5c7de2a730b4f7f8dd9a39d6f49a2,false
b0ef882e81430406be1e349a324e2b4f3dee2ce5,false
2eea8b59fe9a053359665797883e36d7c8f999ce,true
41f830a4ceaedc953f97e8efd116ad0162ff53b5,true
a4feba47fff8d5cfd8ab65fe22cdc861de2dceee,false
1cf6a9a901217845eb2c17e68ca90d1d4ae0ff33,false
ec4bd476ad2a680db2d437acc21e1520b693b298,false
a165966ee7a263aaef3173f10cd278c5197a5c2a,false
cc52c5a98d1f63b5bf80ad644a6ad45d477b1cf0,false
aab8804d2a211857ec1363c23094248c8ff65315,false
e86924ff2b4663712012447c1425794d2c0a78ea,true
49dd882c720ec4dc85137a2a271d6c535847018b,true
68b6a6cf34ad171fc559130c69291f45ef8f0144,true
9f1eb2f8e55d535ba4ee7e8807ba60e85bd4a170,true
fcdbf07b0a240628ee2c62f38fd88343ef5e7831,false
4e3036051aaed2f8eeb5b6ec159bd8e4862e5240,false
70177cc01d6699b201b8955e37f897e8cae07f5f,true
7f12fd50bb50d59749b30ec3af91eb06436c7045,true
4e47cfcfdaf148c298fca2f58138e83b3b2bae27,false
6c6dd9f3168d46f806b3bbda1b7f4b4e5ef4ec24,false
b012da82dade16de73d8e14243e87165bb080e77,false
2bf5da6612651573cc400ad40a8e08427c6682c0,false
a4f321688a43b4dd781992672b738fd9c3d1df6d,false
6fd79d11bfd951ba3077ecf4ed40b56e6a5f486d,false
b5e51cb619f9cbf56748f16d8c481c01c348b98f,false
ea0ba327fee150fd9e3eae74c5c8b3f48092eb41,false
641fcc8ee0df484b6d49044f1126e8515d6e4c39,true
f0e58564d35172587e371f1dae6afae4abd67493,true
ccbc12d2ce77756fb1aa57025b143e8d248fe1e4,false
a4f03f84cf3398d246983b98f39b47935daaa791,false
0c8805d5ce1f8203de8f3a4e89952a35902c930b,false
25d7a150d784f027fcdcfc683e7563a8f164cb6d,false
df015943543e42c7e9a41c07674fdc3ec41d7301,false
0d74970bfbba57eb2049cd9d791849ae9c900bb1,false
44868bcf5a2154dca9c20c9b6c80ee4278d8d179,true
becfa5530ed5620a98f7842e5fa10f6015c7c8aa,true
eca305bdbd0a278a5600ee24cc35a7add81f07a2,false
6073c1a92a825c505c06b98a823b78e8d855ecfc,false
b76d8f28e193cd9b626d7f2999e1cc2956d0cd26,false
2f037b8fe4994e26852a54e0dbc33d80dd51ed57,false
573fdf1e1fac4625d175a7bdb0ce01d662146306,false
afa2d3262d7721b933794e1ab116e92635ec513a,false
708a2136b7dab8f698d468f52a05f535cba3026f,true
5237ba21fe124fb9f26e58c82ba2dbc9627e72d3,true
42f58f2479945fbb8962e1b1104b6c31da76a36f,false
6d000489be38a557bae32e305cd3f3c3c4fa38d8,false
6a251483d8be838c7dc679939ced27b5df8f0b31,false
4bb20c0693b6ec8f5bbe0f6b5484abaf5d5747c0,false
0aaf789d2cfbc2e16fd904617ffe60c269c8e3ee,true
3207d52086c803639d0d23f636eab2003c8bf2a6,true
f9d815235b30b692f0ec45bdd7f7cad444b8483c,false
b6e050a86a169f8eb297172078ef98529fcde126,false
0fdc75420f9183dd44b2231e4e0cd93c75a88f88,false
13c3779e4587a063cf9d8752ab1b0872066011d4,false
69c6c99fcb44133b2757e327c22543669b071bf9,true
efa396565faa2f65b3186f88dff53d7582173c4b,true
8c4b745806b5faba8588f6b711840561e0ecad09,true
0648b1150d28f36aa6a02d3df7f6435b9a644c82,true
8a4e224b7790703cb7ce008758a3bde5fcc6aa80,true
32267cfc90ad79136367a78103db9412a7a8e523,true
1992d7f04eb2de71e5d5603890e3da8e12352c7c,true
50be8bafa71474788054f9dd6dab9f304b70ef9e,true
7b9ecf06235d281669d6ec50399aa0ef55f3d6d3,false
99f1aef84c08ee9b9f3ba6dee85f5d4bbaa79af4,false
26c6fb809f21c1295640864c990ba4b1d4726960,true
596022ddaf7e5e78912acbeae5d19c84200f3c67,true
760d95a95157405794d7dfa38cc6b78a60201057,true
0d32104f1e6db7a016070f36ac67d9c995032921,true
9d1ba3d33d3174fb6d9c17741bd1717338a1b304,false
074b2b3b22b5ab92c2f83f68433345a93a0165bf,false
63a3ddc4be8d093fa4bb8c5e396d13603260ec2a,false
2468a70f0a4c0d21199e3fa44729428daa08f315,false
77391fa88dcdaa055795986da7fe48f5930a8521,false
529fdb8db36697275f3534fd9ad879a50698e9f4,false
9a00c1db02cfa089ff2285f61f8fac8c9f7c8951,true
2792059beb08fe456ea472d7231752c8f95d5b2e,true
fd3604dbc58e11326d0f8a360326f768ec7729f7,true
a8507bc6aae08107825c93fe622ad3baa84778ed,true
fa57a72b86a1ade23a0e1e84f813c32c53590550,false
47c820ca7908b0ebc8e29feea6779c81b8d714a3,false
00c81af45e3fa12b3b624d5407e42bae39e4b6a7,false
ed89815c031bcc812c0de3e70553c2e431fb12d7,false
a02e3ae9da3a4cf0f54a2e6684e0e79579b47c67,false
39a4ddec4af6b17dba810b98efbb5f6e985b01a8,false
53067e425775e7c792c6a3ef231c4ab05477a20f,false
71d6b502f7d258625a6de883b06c7095b9eedcb8,false
a0c5bc91b08aee0565d19e3d6e6d5be1cc7cb1dc,false
b426cfcc5e0c5a0c4293a405c26863cd82105eb9,false
9eded99ccbd59f304b27865fe0b3d0b7d26ff547,false
a4870aa2e9a3de86687910527a3ce9a59e0a66dc,false
79e06fd7a7d53814644643fb3504fb360a88443a,true
198a4c3f4b84ef21a4b2cb31f58844b65d5e6f95,true
852436710441d64ac64ea831ad92a4d3d4815c07,false
e2facc0520a1fa7b9ee93c499af8eb4d9f320265,false
a590514c4dfd41945026e60ca5957d5316fe1cb5,true
3c4e1b250118037b7ffc974412285e4610ce8973,true
5af75d6201d67726fa878a4b7ccd067316bd0f23,true
db4a785325b6c5c37bf8f4789cd2a870995d22b9,true
afb375b010259ede02c87539c9fdd91b5784c460,false
2a69f4f41f28cf0012944a6f7d253346e69b2ec1,false
26ed24501d086d061160e992328d9c878808a8eb,false
ca42ba899f590c9cfed5f1f89a7fb809f34c153f,false
22a6ef4bf766aa523ee537416177c04a00d9b03c,false
73c9dd94036125d25ced478d0628f0f703ac31e3,false
7bc347addfabc7d6eab14522807f69e744f992cd,true
e352f40af59fc08b06db0e97189b1158077b280d,true
69746d670bb2d845076abc534ead63287b47457d,false
da8b085bbf00b2505c2d2f0a1ea45acff361cbdb,false
478fedc0f8d17fcc7c1f3780cd0c423763a2b17c,true
7193caebe0020e075e0d3235da19d9d751e1972e,true
7e20930331474e57aed02832027ff2514b208528,true
a770039cb7d14a8d4bf1ea37b2c3e179a52e5292,true
b50aaa17f23fd2131208abdff7e2400e0de97b7b,false
7cd502736313a04176d6c1c6f3d136129554e62d,false
6eb76aeb219ba12e3223f7e0b647010e17ca44a2,false
aead19fbf3d84dac051ff53b0bc50029caecc8ad,false
ee7260a4ad9ef7d885869ee9f61cf5915a783c87,true
6632591dcb0f0dd7d5ac4ba869e7a2a9b20bc02d,true
5944c23121c9cda16228bc6d8dc6e34de6110915,false
ba043b156da13f883895b43986cec5fab41b0ccb,false
981a48d2d44b9d1a49c8958c96d58ab828512e47,false
6a891faf12aafb4aa14f3d15a55481d2ac4d0b28,false
10ffe3408905ba3644532edaaf0faceb09a88fff,true
7e2c6107e584df0eddf1fa70796a7aabb1547e8f,true
43353d30d1bdd0923a00255881b34f2b2a3d8cef,true
8cb8a33215903d6ce7fdeedd7710a32c928d10e0,true
99d6837b35ed2b02272dcea3f7dbe8e4bd2700a7,true
319e4b869c9472530c878291f9a0f76dd80a0382,true
5c313360c1b0ca44ef42eb302c0a0cec2b6b5a4b,false
5741c0f7f30ef0cf34896d7cf0697194881ac15d,false
65d7f251ae7931206be94eeb853e3af86b333563,true
65c69981b76bedfa4525278ccd5012bab7814878,true
baea09407671062d16ba3cf73cf565bb303149cd,true
95075bf6ea205883a1387d4149557ffeb2fb5554,true
7c8146a4a2b4b64b8a2272b880353010c6281639,false
37f8984e8f6bdd7b6d34673b63cb8b732cc77c46,false
a00d5d1b6ed60fd0949e2d80b1a409e8e9229252,false
fbf62d18ced4da2687d2d0729e690c7fa6261b0d,false
9312947c2f7ed7510365d57a9814b06e0abffbda,false
a9f47e1e5004585aad4157330c3dd05fed633760,false
829fd32aa06d0a0955f153f7195b0c2a920d66ce,true
7cd08c376636f89a3f9b50c90fedab26910799f2,true
b713b7bd669586b1e3c9617fe8d2fc222db51932,false
85b59e0d8d5bf5ae58e9b3b4152792512a16c18b,false
d0e627bf5fadd24c6fc38961144c1564b4f01f05,true
ac9a01140cfba1b5ce0d6c5cd5967342a7ef47ea,true
b1cb1d3a96cc33f78ec362257f0362b6207b788f,true
f70b132d2eb52e68e365ba80214e7bfe1e89b08e,true
251bc67e55d2e4997300625512ad0702151feb25,false
801ac4b9d6992772757adce7be1dd4dd91983b75,false
9dda3cdefc861445288490eb75db0c57589da4c6,false
adf199663af894004213e8659f08f6113ba24013,false
c72806c375f9fbea7e67aa0f0ec6aa81bbbc674a,false
9eb223b72cb55898d65d7d15bb63292c613c57fa,false
9808629f9a9910c4d0fa85235e6cf88fafe503be,true
6cbbdd3a645bf838037fedd4f2698de6156382c6,true
730626b557e5d9524b3e5aa83be60c13ed276cfb,false
3599dd0a9a89050eae9f30cda217c37153744835,false
0e0089bab4dd9e1958ce49d1f55d2c5291633ae5,false
e6a50ce457b473c1e61a3fea54b1152dd803e57e,false
c3ce9df1c418a1a2a70c3283317ae44fea6c4e8d,false
76b086f3dafe7f41f951cb452e924c1eb5703a5e,false
2bfd8316db1fba7ba49012d164deee505683010b,false
bf1475a088465f5a468b8b3c53065b917a58c279,false
7eb3872ee6f296c065646b0c4af26abd6130ab32,false
b633c5437aa38ad5fc8886931e8eadd03e407478,false
0ebd5844c15aa4088a2f2fd5bc0105dba46acf1b,false
1dfb7897eada6a50184a6033a2309b9e9d829fdf,false
7f88d19a14cc258071d24e4d9d4e0b9d0063126b,true
f0fdf91354d6a0f79571d3ff38df16d4ce7f952e,true
3f2b8e12bb629bca8acab913454546a03138c8c8,true
e137df1cd178c8fe8a79f5340d62a48d854f82d8,true
0839fb686c4d773628333f064e78ed44774268fb,false
8d112dbd275c20ce913610f3b08498fad75daecd,false
d41ba9449e8e6b445b27cdcbbba24e1035358079,true
fa55a7cbf4c3a48f034ffe0431df6482f283a5f2,true
6f4172f63e6f7810c94c2a3b863923ae05d6a27b,true
9e9b991ed4d2600502b09e1e1fcf551fe57af213,true
ab181d9f5c1e14d4ff159bffa32fab88807aa777,false
0c1d737a2e6a8344c4315aadf68ce047a5c62d97,false
5a00c88fee7fa4f92fc8bfc2946a4f3ccd357d91,false
a42750418d1607c4c506fca28c1ba4e0e422306a,false
c224bacc727805b09c783a1dd8a2eb65eb6a3dbc,true
f1f44afce58fe94f8c6217cf82064b313d90f4eb,true
40dcee02f22f1fbf369bb277e8b286bdf430cd8d,true
33607fc3b02163337370a9b0c97b9a8e581c721f,true
e9040af55971fcb8795009f301aab7a1c636bec3,false
a16f8074699829011a503069c15eae03c39889ec,false
18a592f93afc0e8a7ebba3f0e6c57729c8bcd3b2,false
05947887f24d92a55b10d96fbb516e717ccd8d64,false
773c8521f9dc80d70e6b9cae15c303d25dbe0b74,true
b28d7b187d979d4653841378d71e440a318d1854,true
102c27e02ff7c0f2fe37c70baad407a8fec8b2b4,true
fe14d0ab8db642bee6cb61d587387d56bc805c36,true
014deedb6c557a6334a0c8ab959df2a404172ed3,false
7066d7d637b760988f012e5628487bf37dfccdd5,false
55b7de4f61601c45994a1f97b8a97215d7984dea,false
c4458a3504eb38153d269b13a7503dab75f6e934,false
9eefa8c7e22612ab9b65c156e0bb82e942f4697b,false
4453eb50bf30d18422f98ffbcab6a617cf0785f7,false
a24cc003cb42557584c969fdc8b6cffc65af7072,true
077e2fe62b1c9eb661028983af6d3405ebd81449,true
031e888b13212586267ef4a2138724322cfcd115,true
17a08a63f7045c3ba4abc62b43b299759f0f0c50,true
fd0e39ba8e70f3118f9936f81efc7ea9730ce426,false
3b8b4cf5fe348c672cfe1b954b0aade7f562f11a,false
36e83335ffdeb552285f084428a1e234845aaff6,false
8c119df6ce6dfeef7d165307b7fab16b5a2420e7,false
9ce8bda26e053074e5350657eda89b5a477e4d1c,false
2f2237334619981b44b447004c4f1777fbf2de43,false
93df823a54d73f206d767b3163cc3d07eeaa5fb2,false
675cd37ee2ee15e71b951203c16dc1e17f394c24,false
d3e316ce75397841f2600f27dd513c2164b29f30,false
601125c80e2ef7f0f94e8f55d2cd05cea759cd8b,false
531eb9c16f7abccbd85bf8091787cbcc61085251,false
e02e713d95ab2c1c2d5bf4e45d16461da1e2f99e,false
8c2167b5490378d5f25e77f6540b123da1990202,false
5702a894703416dadcdc3350696a3cbdfa17c7cf,false
09ddf2c60cb2eb4ff8d1319103f1e4ab15cd78de,false
0eb1f45a04cdb449063334888d39e71cd0087ec8,false
30057cbcce21a7f597e9cb83399765148ab966a4,true
cb21d64927b95ab5929a5b2081ea8aea5e6244f0,true
853e0c835b0607b74f539d30a7ac5983f705ec38,false
a0f5770559b0d5901506ba16070502acd5038d6e,false
db36628059417a5f4ffe9de84bd6bb9a7268de97,false
fd707135bbd7da6c6c427112f3f4cf6f2387e6fc,false
a28b658c41f146ec42d631afd13cb7d70e0e10e6,false
cf355469deecdba147c19475cf14dcd3d42f7c4e,false
fb8adf4f5e195ba70b03d9623c445c38ea2df635,false
a9c4b090b7eb51e0dbf0caafa0135d229897b58d,false
852be4425f9432b55dfbd4abb85c79c44c9246f8,false
4312c6bbcabb0edeaf5a2abd4590e95f682db49e,true
03ef089e7552c1626dd2c5db4b717622d9b3e106,true
5e6c4d1c4197bc85ce0bdd3df9aefe5dd93dc51c,false
060263cef9ea84a48f837e24a19834729d9940a0,false
149e89466f08d03bdd5a6d40933c87049e475b00,true
d98e18e31566637010e8d6dc95d946e9c63ac4ce,true
6a78b0a8c495100251a5269de6b020f144a809ca,false
335f61af0859a00df531c282a649d16e82ed40ec,false
3f08c00fe696f3a568c7237371997e3426aa436c,false
1240ad9a2376090c6a5068d84abd7d867ff71f4b,false
8d85335f05affdf5583cbe919e4c30b8b0a5f090,false
e8f3118b78d70f14a434bbfebf67a0ef01f68247,false
b984c57e2780cff7d3b9f8ce53fce09c00dae95d,true
d34a485945be8403a6ce33e2e9065c77a7c6920d,true
14a0e003321f4310fd3c80974464b4da3d2e210d,false
64fed1a96ad0218e9a29447a892b990afcf2f156,false
c5227ec3ed17056805069fd98a37392c82252d77,true
031555ebe2af676a9737149dbe3d2a83b790f91f,true
4508f345f289e5d703600a986106629546d58bc6,false
b5ec21e66ed1b1e1cd7f40d2a631968b28447708,false
f73099c2c8aba0af1c2946d0fbf1f0938b41f421,true
8f183d29612786952131f8852bf52a7d0b8dc207,true
14d6c87a47286289f3c2074d7cd894361608a993,true
a206ddc182c6d84b5b193f441aab3802435b6bb8,true
c5abc8bdcfd435f9ac12677e002653c2319cd9e4,false
68ca0563c7509709bcc5140ccf725d1bdaa91142,false
7ca54576dec0b2235468ddb755f70268224826d5,true
4817a5f4e415cff1e95321c4161d3fe3d1dac436,true
0c93015405949b75a44e9b6398ce2113725f17fc,true
128b0287e3a03eee5b4ae055dc5bd4684f985a95,true
01b7e970bb8380e3ccb5c401f2ffca73a08ba17d,false
48d9b24efcf6292f6487f0f43246b303c6739b95,false
74508879ea071b2beec0546465a19d1c21501e1a,true
bb6ce67986307be21d78f120209df33232c35df7,true
52ef3b2a618e230b43959f69b3df3333b015d411,false
fc4b85b9045dea12b8fa2007021104ef6b0f098b,false
2e3cefade424dbaf5e66fdd348235588f0867fef,true
3a379970ccad3788d53453bcaa1a916fd6d55358,true
71db86349630e5ccf46ca6786efb1a677c090ee3,false
2f7c1c4a13caefaeca379b45e821de654e340c8b,false
0012c2049208f44a69d5e9e606d85b584182960a,false
931cdf0c0a51671b46148f8ab4f068f63dc6820b,false
9eab668fe5508d47886c955fc580fff95af83da6,true
b092872c0d82e5f43b5bedd2c644e43b1849524c,true
b432bc79813c4a558da2e542d97f5afdc5e0c012,false
40fe9ce103e53681680bafef387399cdb97c7230,false
7c33b91e31c0439c6939b6a21988fdd0e43c6f52,false
0995d532da8405da891e5d5a7e51cb56b8bc1bd3,false
efbe74f40444f02418d6bf62d1fa929cdd3d7a4e,false
c6fbb6dbcc7dbc26ca06c50432ce3f3b860997f1,false
9a14daef45e5319a9a2c21c3f8d620e3d1b142c4,false
326943ee6032fa2df947e7c15266c59e3b1cb4dd,false
bd8f57397b38fe3400c7ddda1da590f4b6634c26,false
ef2ff73bcda78898867d0fb14bc137ec7630aaf3,false
44e4dce96427c4a0d613b497b3e99912f77be435,true
2fe18760f3999a73ca02783ff3ec1fd3a5218a57,true
21dd87d6618a3b021d6d8126f78d2200c1996b46,false
2eb1d0e74bf85d2af32915bdeac02752a889e8ff,false
8e41d68d116c9d323e527f8eb7377719ccd28c54,true
428feaa65998602825f4aeb73fa46eb1dac637f8,true
b89cc954a29617b0c6c2c24e1a47a07722baae65,true
35e93a607fe8c896b7713f42206599938bec9702,true
076f12c7abf394befc3475d278bf7d49c58bed40,false
d4bb454ec02698cda4ed68d7710ae5d18648d044,false
0ed5312638851802be04c800e3f62656dc589b0a,false
415f4618dce6b4fed4f1108e338dd9093f059e1d,false
34e3096c7d31910a9aa57eb6af0d0f9eb399e846,true
6bcfc3c70233aa62e2bece6bcc8eb934d3be4026,true
4b8e1ce12b54458bf9fe9e3049ec33e3333d0ed3,false
0b53c4f6b7ab5b215861aab5fc7f9b11a7414351,false
5c18143cc88ce7a0e2d8cc6fdb4008a474ee9a19,false
aab8882fc6a0648dc10954944152a87e996cd7d5,false
dc9b3f84522c36ae9e8d1f7c8014fde634f6ab76,false
5415b261e1cb4955ca282e165a7f62f1a68bc663,false
836778f91a73e19f01239310ac4a593127655e3a,false
5974448cb5974d55115c1e16a0e6f65eaa4e93a0,false
9f38716dbcb8455e6c772c8fcc701556631a729b,true
5527e4ac04e60b3b1e340195edd9cff941cc9461,true
6a04c11d52f27575e95351203e281ab16ea7d046,true
24de444f8ea0d8f0f7510922c17ffb4658775a3d,true
72de0cf3eead1b2eb0cba231192c8a731370d55e,true
a534322f5501fde5424351cab0931c715c672f5a,true
2fc49e123e4a8925f57b87958f233879461d84f2,false
8e80c501b91400c09cad20418949a6325a54baae,false
9b97255b9794963c883f91fc9151a4a807272847,false
5129668fce2aa88ef3059a6a34ce013afa716a31,false
5d0342963aa060bf10c7cfb2293a94ac65d109a4,true
860528b5a2737803996071eb445e1a86e9d12561,true
6d21638b388bfac1ac26f9e95a81ea35f9dfcced,false
63765d8836409baeb23e597b18d83f203704373c,false
a6568d53867547f1959cbf107795a9fb3ec73ca1,false
e59158e0c29ff1fb2774a8e0c4d365d4dd040fcd,false
7212886945d84abc6f9930df52b6b971011eb9d5,false
d99cd5488cb61a9044cec14f54b68c0c592d2bca,false
16733034bb1603bb0a7cf0952f6a9aee8fdb3417,true
90c20b7ade2696ae0a9688953b0d7fc564930b79,true
96f58a9c0108b335f2fb3c76e7f057f9813bc285,false
1f32ed1648b9f13b3f48304b52cff1077e13d85a,false
9a1c98cf85954da20abaf06c49d13e85cb88763f,false
9dd0fa7efd452c15aa10ea2fffc0e068c7b9df49,false
1015cdf34e33470412b22259de290c3b902b0010,true
1da4ce634bb80a863d6b82100debd56e5d6aab7e,true
4634ec86375cfa1750bee10c42c89cab80c57502,true
6138774e21bd9e712127d48a492146060271ac59,true
6ab8308adcac18a04075d0043411967670958c9c,false
fe609293b2a03d9ccea16598253b8def123bfa11,false
bb522136da5cbdf819bdf617f13acdb8170ae435,false
44e83e89baae83a3f1c8e1227a0482b0410e8ef0,false
bbb34f52ab9f5a31e6b84b7794d6c4b44cc75803,false
8c60746aed7c45341d146c44642b6656d2929a04,false
4f9729c1e4937ce06bac604bb6e35cae95fb2cc2,false
d924ecec0199512674fd448013bac72a25021b1e,false
c4592e9216fc3db284a649fd8bb32cba3fffc518,false
79a1b2d85b471f3063b1b7148e63a3807c6101f5,false
806a8544b076f90a8cf164c71c0049b62cf5ddce,false
1026a75f5bfdfe8c1f2f6388b5fd8809fe4d9531,false
7d7cd893fbe79b308ef57da175aa5e89497a76d7,false
959e5fc8e0ed6babb71b6ff1d3a111d3592f618d,false
d4eb795e241128d599cf9609c9e4434032adb52f,false
02a5fd10d971897ea53d6f90bb3a1d314f946c87,false
b7e4b1f5cd57d43ebb0c00be6e37fb15db19befd,false
384334f6c097f629d8d9b45f113997cc22b5e3f4,false
0c7e6c0b5b5107ccce4f420e28fd59773bb33c9f,false
e36195864389148effe6a5185fa2a422e7f1a056,false
b8b7f2e0f93a1e95c16c9b55fb4edc6c471a1ed3,false
c73dab9af307bd7204ca21d43bba3164b3bfcb96,false
2e975466d0c9254ec89d6c8b54ce03cb68ec97b5,false
e1e1163646fadf2db770278090091b94e0f4e365,false
e7d8d6d39fcacea8bf1b19d9e6ec6991c9643a71,false
f090598ee2c64294edea7e01234b122befb067ec,false
e6fcf04746983fbec267bb71f0806a3d744ae2f6,true
955ffa83c3d40715c8d00aa45ab5b67b6533f60d,true
56c5840075fe8b8360e37db3860cc66818fa2314,true
1c5b4d3c2c4cbaae58cbfab266768ca5281011c5,true
941f11427a1530620a6233538e14cfc48b5785da,true
e681b30df927ff1a19f06957e2696aaf82a797f1,true
b6163044ce89415e7be034d6b267c63b28890f77,false
def98161e71d8732642f6e0c2a9f8dcdd0a61372,false
f1ab60b5305cf396b3996d792e49c663e40badf4,false
a14c6aa9ac227a9c950de26f04553f192a873798,false
4a1d28efe5ff7f162dbf64be79cfb5f743e5c771,false
6a6f3e0ccb904793dadf0076d223b59b220d747a,false
d59f991a25204d503c992944c0e13163ff6d3373,false
ddb11158b1ad3efee5ec65dd6bad95e2c0479421,false
516522c39ca9255343ecee769b195fbc40a37fc4,true
706f058f5dde8ff7792c892eec4fa5c10dba670c,true
910cdcf91ed7ff167682beb2d1783517feddf04f,true
87f2c4d59afc0b2875708eac612bbca44f2c8083,true
6272e3e6f3ddb3d658c83ba4c7ab76e8c7b647a0,false
6af247474cc1d202bf96b124e9602b7dc3fa8f7f,false
c57001641665cdbb13a130a7896818e6648c4b90,true
b59459b97d5dd1634402989c4d68d394e82c616c,true
8ce3c85f5f5d6f8e5d29f8e1074f877954b31674,false
482380b13ecda862727441e6fab953b1b124edb1,false
df4d420c251aec6a6d27134c9790ee689d082cfd,true
dfe5aec7611107dd6030f4d5e0016e98e4c2f550,true
180dffdb6cdf192e9d4121c061e3ce9f8304bb74,false
1d082a7ff9a0760fd8089beb6990a8720365dad1,false
a4507a29b7fe69d64b66882a6b5fe3c56d89046e,true
49d9424ecb8988962577064e88fefa58a8ee502b,true
36ed0586c9d9f950d054b702b0263a983b5e98f9,true
a73651bd64c3be9ce2184dd8a906751d897542e4,true
2561c64892e9d41b333f32cd4a31aa7b585b9e63,true
239f57e2a392de0b20ae036b37c2df4ed0088abd,true
cf0e2f261b82b7dc12c554d9f83d7dc5c249ee4b,true
ae200ce0d0babf1507c71ae504d0b32fc73a55ad,true
1fe8bc988d0b88ed1d738ede6d99c5c8fb317b07,false
cca32ad2478d33a3881bf8c5c1df0069aefb5164,false
7781ed28c87c383bc5d3e607eb7c9a358b1c5170,false
a84928e2653c712dc10f86e948fa15390ee8e72d,false
ef86b1f23c3f91f21260a80c8d0050655429a10f,false
c9aa68a39f2d2a496743fc7abcbf494dea179879,false
8e361311f5660e421824bdd380aafacdf9294027,false
096bd72e660f9b06a5a34ba34f0c6373cd1091fc,false
c39c0932e11d489077606ea907a2bbcbcda55c7b,false
1a4b4d33ac0f546bad51656bea02364bfebd30eb,false
bede554288efcf54645f18128ebee0f36372de22,false
0fa77d424d24734f3e29031da7f9849d739337c5,false
ca45ce44e639dae7eee638cfb054ebd0bea1b14e,false
6d47869e713ce2f000ef78c646944388ed1baba8,false
925be30c532c0aefd6f0caf3d8189e350875a4df,true
e270616d7dfded37daa85e2e5bad6c1d1045b7dd,true
f2bde4cf1e19a2c5c1b051fe22ba534212af1314,false
ccda4ebfdae2627ba73165fd5bb821488ef4e7c3,false
fac6dd5b510edc40e5e8a1a96b2da9c6da01ac5c,false
148011240341b671ba09b7697d8d927774868c81,false
702510222098965a2d50651061c957a6d6493c0c,true
7975a7fe0d4f9836282b3130e7ccbe9bc033a2c4,true
f8fbeb5004c0d2a04db7751b1b420fb6f42f2f03,true
cc935e5733e418a2692552b689654c9b92c81b5d,true
682cbdbcbc8ff264ee6d20a677db6f2404277e54,false
056bf1c186b35d5d09d7da728a61671e49fea493,false
0009f017ff2ecd34a0643bb863fc1ce6e30ec3bd,true
68009a76f9754c1908728e453ab17b7b87a814c2,true
7acbe74b5e944ec5a2c33c22975eccac1e17f5f0,false
37181ab38d2e4b3bbf93466d51076c2c9faeb971,false
290e928bbd6a7c2a3933a102aa063f50e0aec753,false
0249b759e4bc632e94d69cac7d1b3cba2bd5d7c5,false
74bfa918aca7be0592e89b55e66b41811620bb35,true
10e0741d61525322db14c05711392d7f07e6dc21,true
aba6024949a2396af63ee30a35873946461b3234,false
6e6d50f1667a4e46afdb96dda73ca5d31340aab6,false
917e235a21337a3871fe6bf2a37fbdd329080b88,false
111aef1595f17246d4d9c22dc981a52960655da9,false
f6867e39d9c159b62dda689f058ff71419e235af,false
7c6c28264bf501a69b89a6a2a29b4bc26775d766,false
c56042fa044b178746a9aee2937da3795aef029b,false
33715a703ccac722cb1173626db4991c507c8753,false
40e2d3f40d1fa7d749c80fc51457753a690dcec4,false
bc313c67998e624d6edb72b78c0be8de5c776a53,false
ea3a461f051ccb5e7e5ac865718e1c3bc91319d2,false
f806c14f0ee84c4664346f578ff437a8921bf83f,false
ada1b80195a9c245cbd389c70f0e8e5aecd2788b,false
7614862eb3fab49798f283dee326aaf5d7dd70e6,false
b4b6096d63e9246795597fe99d183c6b27d6bec8,false
8c644a9d33ddbf61bd72f8e3defb86471ecaca27,false
c6e46e3e7c20c5b323e6605706a917d6fd46bf77,false
5d4fc13b5861d78a19905ffc3d920dfc7c31fccf,false
e7fc30d9a37de0958e336905d75ef53712644b05,false
8213f777dceb5988cfca098b153c8fc1a5f51537,false
e5c8a61442c1a0488e824160db86349da0aac84f,false
33144fc9e4da008fde6a9e5d7562801e91ba6f4a,false
cde95c126a6340864093d1d5f8ae68406bb89db5,false
00ee4bc074dc6523a8120cbc2f2131eabc944931,false
d178ff3d278f8cb8b8f24067dc4e0811767c8cd2,false
86cbaa6daa437d2a696f9d7412806a8887ce7ee4,false
829739fa918836e7bc50bc016d2c7a5df91e8160,false
7c1a9d92a7266c11ab8acbdd0bea7f5475babb0c,false
351c3d98cf78df4fdae9bcc639b11fe2a26d67fd,false
1cf169c934708036dac2dc5fc25cf363bc9162e9,false
a4afa8509a4452b3abaaf0cf6d09d983cce11e4e,false
554e850cebda0c19e86b79396d830be7a90e9ea1,false
cf049a7ca5d775482bba8bdf5e52d3658e27cb70,false
84fc0fa3db65b65cddc87d922eff9351f7f08940,false
ef3a11ef054afa9df7f94e5b4e2d0b7207a2777a,false
a26e37c96fba2fdf389c696e47f8ec9eba281d94,false
aeec576bb9fe5f6a2b17f8126e9beb94e36d33d7,false
6a4f13a5740386e3b9a797cf422b28f2e36bc93f,false
cabb833d178fb6b8f8b3ea567fb5f5b5548ae3da,true
66b02bb24d495b71bb8c8c00ec525f555199095d,true
96134f04af01d33159616f546f05a4ce654b9b56,false
66a1fab6826d5dda4d2d0b0cd2413d66cfcd557c,false
584440f23222eaf791a5b5e7f9edb1b4b91cdefd,false
8347b87e1586427d2366d0d22bc61618eac3e8af,false
bd6e7af2de92be1de4cde62fe20838918e4ccb36,true
44f066576b2c83e3c9559cacd87dc1c9483ec7dc,true
2ffe1fad04ee7a1f7f9ccdb202f4e69440a2e4d6,false
eba1b9392c7136430785061a0099b2b0311a9218,false
118c68180d6712779e7bcc47740709ff1f6fdfff,false
449be5763483291c6474c9f7db90fdd6ecd62242,false
da4cce2ed8357bf44a47beb6f6458fb3483d8bf3,true
e0f9c48cd4a6dfe69133a7398c415f01422b9a9f,true
37290f35248755c19d3a3fa41ff09587f208f8fa,true
97c015f919900a080887a59e3c9e2ddce61d44d8,true
6f7c0b9aaa9667ced12b56b075f24f36cbea43d5,true
d75749109273ab5555f6ce2b50337ab6ed225d23,true
1202c281e97fd5f7ff91d12c503a6af992d9bc8c,true
217138bbf46d2d5a0380d91c3f45d79830c6505d,true
f92aa1fd80b1c071e7a1e7d94771e2d9185564a7,true
a968501dc487a0e7b77d74e5bffcdd4295b63dca,true
7a5d002d793ea0955913f91594636e07a9121718,true
87db772eb27f8accc7e0dac71a53ccba5f0c4739,true
5f412347a8ea51e916f65a23ce7a4cab7da38bbb,true
71e86b89a95ff5fd589437d089902c205a4ffce7,true
c664024fa66b66fa8a209e2bbb3bc5e1bb55df54,false
53c22c4e00f28df3b88b9fedd9a9d90225d2a2f1,false
4dd1202e9d772bfcf85315c5848617ea9e19ecc2,false
fb55cf4339053b0016b647de791836bdd0d45d92,false
3a7d66fc73c785c973a0ca774fc88a391d353ac8,false
9bb4af0e007c705eb53eee705b7dd235f9b27ec7,false
bda2abcccc26a310509802f0720f47d83d08daca,true
1c07d27bef56dcd9f259151f436eb23492b4a7e1,true
779b928bfbb953eda7df65bf9daf048a53b0bea0,true
c69b8b442ecdeba4a7a3378cc00c672ee6976724,true
ef4ec2611acdce6d31fcff57285d6d8d93ceb423,true
863394d7eddcb118d2c67550e19b361d38a4c240,true
c56deba4e62f3504e227bcab238890c1b9a027ac,false
5dabba93cc386a6a76199c2c055114f51e129a82,false
786bad0e271f19ff3d91892e963308d0faa443d0,true
b506f48321a13ba0f7bdfe0212f1243142450d97,true
305cb445c191554aa333a5156a6c8247832b60ae,false
a9f6d817c96c4e487c2f5ad099a7b77cb8403c9e,false
75d0d00fbb63f245e6d717c9268b391415738671,false
db196cb8d0cc932683c67f7b6315429b47de29cc,false
60bb65cc25c34f6687ad424d2ffc418b3dad6ac4,false
b1a9db5bf2d12c321c870cb827d4a56d843edee5,false
c10d66d04a37feaeb06f5e88a1a9660972e98a6e,false
53aa51e322a928a3be8524c1050a3fbfa6f59242,false
0502f4fe328c8051e9968b0dd67536e00250e0bf,false
c2b88d3a63d5d09d6bdd9601b6f86be8f75aca33,false
2b700fb8fa8d0b3f9bbc81d9aa4b03e8c3986849,true
a3e9dbdc3daa66b7cd053a03b02249c0b99fa804,true
3e73b704ecb63d8ca25b26ecc12b7bf12e69e40f,false
6c8f6bde54676f590d69e61a522c84a194b25283,false
ddcedaf59928f946f1ec96c1b7e467587ebafd08,false
814f27a253c1184ac5c0b2e98f2c4b46f57f942a,false
a20144a87028317b8b3f27d5c2a6c90f98d9dcaf,false
3304f362d648631c5cfe2a10e3e749bf61071142,false
80f1adae8cb00ed3722f8d85bd939ac0d99c9b14,false
dac0549a290f4530f4f5b644e71f0f930b0ae3b0,false
844d0f43acfc318d7b135dfb4994b15460473b11,false
306e7e89a25c47f3248b394c02b64185ffb4e6e4,false
481460093387f7057a291cdd7660418116dc64d8,false
a8ffe9eb040964188c34530a21fc169c5cfc3c78,false
2a6024401362c2f0d5c1564693c2cd326e2ee38e,true
cc8f71e2de0081c234a2504692c5a7257e50b786,true
f4f29cbd925c4561b540dbd93565da2aa5b85794,false
00b15748e3abb9fb1bdc014f7f2e8c942c54ba66,false
70974d20f003185a0ab7385fda71110451d60e01,true
4eba83d68817a81094674df451eeaa80a0cd8a31,true
b28bd2b4cccbbf9db371bc500846653a50c86da3,true
12d3940bd7f0de63db4873946b47390cb199dd85,true
957014a2a1ca63e5f107637d5b4adb41014183c7,true
8c220fa8be6f0b343bef4ad0f7657e22f954f8ba,true
ab39eec378ed10d5fa34c8c15a72726038ef5109,true
28078efc5773894d4e7605e4e99c4bf760230697,true
f30ae6c28804e737ed6a05e0a7ba67a8f98a45cd,true
78e41118329d9a87f19fa46f2ad5f65fc1baf048,true
50bb29e45f902e9b139f061d4998ea91262186bd,true
49647ebfeb2dcbbe42524f3757513879f9664edb,true
32239b17b2ab791e4db181692adf48de8233f809,false
82ab88845aa98b09289a7cb45889813ad0c681bc,false
72e074fbbf99bc31038319a3a496b7804889635b,true
b0e0d61278599c9724f014f99a253403053e3d97,true
2d2ef03bd599311f31be84efa8c152b00f5433fa,false
8c0dc1ecd61c82c0662ba7ad2b56c19e5419c0b2,false
dfbcf9831cd2b16776403e058683932fa84cae11,true
9106f05185ca217f39626477be3bc88f227a3f39,true
29b8e7e41c442d303a9f61fb8de4145cc9570c99,false
15048c8951436660570edefd68150649c9b3d3c4,false
850585137d4b1f65a58b2b69cda7b7638c7aafd3,false
b29ef392c064226c21847b38dbe6b99e455e8657,false
da7ed60a55234d488aec61adba5a5ac60641a41b,true
ca47e9add9f318901d19b93f6d4a4c01d19fb0be,true
2c857dde4f20830ff157a786c52e17b82498c999,true
8ed968187a22cc787f106d7cf093564703048685,true
a32b2132c9809c0fdd3063d332d8b2e21837d74f,false
9d9a4a490f4fde0b104e7053eb2d1d91f7afc2d3,false
db2d27bce77c67f651bd3c14f4a01fe94fc84d71,true
889e60746f096369bea1f4c62a7fd125c6029db9,true
17e8de4afea9f229f01f764cc2b6f5bbb1e0f193,false
73c4ac7e3daeac941cce8ee6be53e1d8948a1555,false
0906d110a9a25321294c8ca88d11492814a5483f,false
f0e8c166e16242924c82651f31e8826b14019b2c,false
9ac56ae98f9d5aad515910d3eb39749f3bcac61c,true
4b8119d378ac41a040a472c936e56d41b1c178c9,true
a882a02640a32118716c0dee52999229f2ffcbd4,true
e5d5fdad79c6192e3d2558bd6e10e40b58bb23b0,true
cbc44a77a572d7be632b71b6bbfda3d06cf75768,false
503e12895ef291df4e19a7132837a8d6eae9704c,false
0ae72fa09055748808465f02c1fac7c82e8b72c4,false
faa7cc880659a4126cf481004f901d0f2b3fc515,false
52b0b68c74ab7892128991731e554f564020e723,false
04219d59a2f6773efa6f5197148719491788debc,false
af1353ce2e79336059e9037ccd26764659673507,false
5e5661c699c05dca23544296ad4f5ca2a076ad4f,false
87948fefd6a967562d9cb31d7a1372dfd351c9ed,false
3392508588ab8e3d5cfc45ffc0a9849b3c1cb5ea,false
60e7a79e9655804b9ff63b34ea5e94219d1a72e0,false
5ec355804b3dc59d4e04961ebbc81314c3f352a0,false
c4e247a8cbb67bffc13103029e25822a647623a4,false
4f88f79720347ef57cf05a0547abc9633e4bee5e,false
ca9f6a83631c67a401c50a7fa8dec2463240a2d4,false
cd0a04f01e905ebbde9aa67df0893fc3535b1495,false
dae673f31e61d4bd7cad076d459ac36fdc3d10c5,false
618007d9b35a35068bd3b1053eee68ac0710d370,false
5eb92e51db56f815cb4da8f0164ff65e1bbfe5fa,false
1e925c56c5bb10309c03a6eaaffb9c8b060af085,false
94db85547293858f252d9b99376498f1c6ba6277,false
17d1bb9e92326ee9ab6e213067f9c3369894cee3,false
dbe06d0e25ce04fa4be31fb70fc23f22266d25e2,true
12bc60a6beb9b4a7a55d850df23578449475f7a0,true
9316f82450e01d9589aa89daf130c5733c56b587,false
38e4e20853a02c8ef0f85440701f406c88584a09,false
80e50891db480a6dbfc0c15312afb09349a38b7b,true
103d660e840f772cd579b26df3ac19c99bb7a772,true
c6476db1e40068f56a89cc0987bf274b749e3bb5,false
80306d9fc7d33b7d65e8a532faf579873183c0f2,false
1e986d8383c94af5cf8aa77e1a5eae124b77c50d,false
7e7f841ba3cb2db5d44cbfb47af40e93336dab71,false
0504fc42e47d45b6bc4a2cda4262f8d5f3b9dc4b,false
4edf6ac37284a62c58f2c94e059175d698074770,false
89eddbe000ef35a4e478f68713ce74edae387dea,false
6e94c5561b17e83b2bcc29ab152f2b69ae8021f5,false
47a35e42189445c883f307cf4df633f771b8e797,false
8cefaed4c381ba47fcfa806e6451a6280cb52f92,false
b41ef6f339b62baef27f6da4cc6a957be2551190,false
bcf79b6c6f91ba544315ce95e30140502b4bf97e,false
4575f5d6f02c10cb6369ccd32a53cb37f5597a30,false
b04b99d327e61e73384685c8cbd38397eab45ca9,false
200fce9a2130e3c59d1ab1ff905065b2338a24ba,true
fba7404d609b8b3148ee3c189090bc55b9260366,true
fe9a9a1abb5645466ad15022aadbbbbc7a4c4802,true
1d23bd054844f4e839d8f8c7ed13e928934e290c,true
f0611dff89c552a4e8260fcd593c75d65e9f1ed9,false
41f0804515a7c8be5039290875e7dd828da25871,true
92866e544772fa4fe13b7adc1e62e74b02486f0b,false
13e2bb0b70815ee5228de18aff4f16a94aa272f0,false
9de4f7d00e4e33d71805ed73fa0080c5b90e6c54,false
17daa82a833f206f160477e013ca745a8d9386de,false
8ab162024b183cfa54891362c1e69e4f711c1519,true
be1d4c3e1669064dcb4ba5113f4b1e8bf189cb83,true
97659655225c89376c0985e34ec4318863abf534,false
5b06231f2191593edf182cd761f95d1f4a88b253,false
1bd9c7319a3005ecb130515739bef0bceed04933,false
4689eaf8eac3f7229ea68bb4695b7ed76b16e202,false
887c406861b605594958e5c84ec31ffb411864e4,false
d8a43783df124b0dfca84561f423f9471ef03c4f,false
424644ab7adad2a2f9b34f3de7dd4e9794e5c93a,false
aeb40df59ecdb540d5d360316aed4f1040ab75f0,false
f6844fdf473e413475166f58dbf9c3f6d605452f,false
c10892d3fdc62869bbf7d3ad71fd39346cdf05d2,false
c86fead9e11603c32c88d7ea2857d1923bff2b84,false
a686fbfe8b3d130525d4201f26e10e5d6d17f248,false
c773c303e0455dec7cea667a7bffddcdd116323f,true
c0a84f342becacd1063749d65781c9476d439cfd,true
8bea9c5cb3555a691d04618aa9f5cf27286cc520,false
3c29e875477873c70b613f631129c69e3db04785,false
085118e840887eb4c27c07332fd020d786901d16,false
257ebec308aefe46ea8b91cf5aa63737eafb3717,false
6f4c5b7f615f3583d86401b1af7fff7ef1e099ab,true
7008a3d0a56770e122ad4dc695f475529a82eaef,true
35302e598c5a4adda12a8c822652babd929747ca,true
44b450142020a2a3fe030ab5afeb73399b453b30,true
73376adc635645f7212e3b44072697d41547c6f8,true
ed80b1414babe7abf30d84c09a08890c0d2a31bc,true
68b8c96c72ac34a9a15d63ad9205cd82068a2096,true
3f9686756384ed6bb84883fec98465f94cb3b392,true
ed337d3f5a0b6477835c5b6f58921889ec7ad042,false
d3ddeeb022a7e54e28940339b33223f1e66dabc1,false
6dc8453db5ab0f5ca38510b5205f6720d3fb4bc5,false
732a8595bba85ec840896e87049209dea26bcab1,false
2914d1bb0eb629fc921b622137108d3329d6f715,false
577adadf46f0225f574fc743c61b1ab9931eec9f,false
0e670bd4625d16634b7d00038268cd53a0d23c61,true
d08943cd2caed6c477b4411bc5dd07db3fd5727e,true
591daee6a5995b46db3846b88be1ecb5df38fde2,false
90f8816d7510bbf9990dd70c9cd6cc5a5bfb02c2,false
3817b50f59f3149469d597a6e0c27eac80dc57df,false
3b89e0d022b64e7f79961368a5b3f0896fb15872,false
e0e9998cdb4bea0c488f19e48001bd473e173ec3,false
9a71dd2a8d0599b3e42dd498452fa10ba4606eaa,false
72eabb57eb21c0abd741a19395cbcd7deb21bb9d,true
1fbee6df9d481459c392cbd5e99a0bbdf8954694,true
390632b4e2cbba2fb48327db33dd366dd0c9b3bc,false
b3a26800b0854c90aba78f9cfbee7d2c4eac0b24,false
e7a5e19f60c0ddd324b6b89b83d90b346e19f846,false
ad5d33d2c13eff9156503efcdcb5fbd922afb5c9,false
405ef3a984caded668a63681044460be394313c4,false
939998b365e92e2da57024abb4dd87efa21054f3,false
ee984d1f9dfe7005f8a72a953367fb689e7e64c7,true
f2001a028bd5255cdc3764691474918071360bb6,true
5590c523562b4744738178bf23019a403c712e42,false
ac2da1e004354c49bc8597223fc3b57a679306de,false
9ce36b020a43bf520f8b6adcf6ca365452c3cfdd,false
da166cccfd9c6cde68ee5107383ac46489d6bb34,false
651bcb50896ad721bce2bff6ddf9b23f1847ecfc,false
7bbcefefdee7dc77eff7ee835b6fda580958d468,false
c5fa82ba44114837a4a8cf3ab8fc49871e1e5a1b,false
333756de0970a3f5029d705f529ba6ffe80d0b81,false
c11243d4db8123c3785dedcc29d4487d161caa0b,true
1760810c9ff3f21bed06401f1f2e3e18bfff7a84,true
d2f82a4f0f23b67361a42ea7beff9fac76a750c6,false
768938db0be0e1dfd7dee41c98a15dd5d4d68193,false
d4d36077627a6fc1d78e7c1206a15d7194ccfe63,true
60c67bcc40dd52db13e7299b3f3349cc056f5768,true
ae8c0e481e42d39174624b0c168410014d87faa0,true
6cd69dc729573453ca991bc5391c2d9a7a83f63a,true
f4d6f43601a115bafb80a8faf02000cafa07af45,false
e866be1437a5de80ee31bdf783a32f70099e7eec,false
a66a99af1b544031b854e1262c01366a4aaf55a9,true
a8220db5a56d8676e276a8671b55d8b3c077d6f3,true
6ab3fb2759e81f8594a1ae64934c847280ae3d60,false
6e6c8cb15fe41c64b2c5fa87e3d439808d14ad3d,false
c581d6f95091ab01e22687e579d017ffecb0fec9,false
2c9b144d63d0ce8885ff73aa0860b47fcc7a2b89,false
b21e3e09b40b3f1331ddd2440a6b8dfcb6bc360a,false
325f076d2d34042a946148ce6ba20c95cb4e7199,false
39d637a9882b55df58eea7204b6f13a52292ee73,false
17cf9c2da4374c329a0d66ad6f5767bb82be2547,false
0cecfdb40289f2b0aec0c8b9d7682070c9d893c4,false
bc5d34bb360794b7c043a4a488677a04e77eb133,false
54a3febcd17aa1ef6bf10f1facd3e63b73707066,false
e1e03635cbd7fa12180761238fe660838440bbba,false
1c21c656d0d9df4e187c09ad196314866d9e117b,true
a9eb557c04310a58b98190f22e7a5f5e8d7cc55e,true
0ba3b76bb05ec44c296ad03d51aea7e760948527,true
8c3f3c281b50632bdea6ab7ba7ac10ba3e7d3ca4,true
6856c4563ebbbd91d0024b32bfe8dff937571f70,false
24e4dfd238cdba45eaa11a8b95671d91350dcef0,false
3dd28f317e7697be9fa06fbfc8fc831027293ddc,true
0a3ece0ec96edffb0533ce82ea96e87ae1833434,true
85289807c8b1cbf03421250938aa5e2e549aa7da,false
b3abb08f4ed223c246130ac9d2f33f86a6c14e3c,false
b7ae1e73e37deb584a46505598cd24bd2c97b75e,false
f6ea6b68e551985918beaa443fa2d70fcf21a32d,false
3fc13b44eefa066ce8a9171b44dc47272d30b163,false
4a6d0b35fb3d65823bcfa61eac081aeee2e4119d,false
e59df4f4461084a4240854ba5eeb8bb4dc3f9cf6,false
3d99be9b888478c86d00b359b3e6a8654d1fa6b1,false
9cfd76472f8fbbf3209eb63480b2e9822905c5c6,false
ba4b93adc093a0d606ae76a063ba8337c4844104,false
c83e093527e913319731cb7739c9820e36e3e422,false
a4f0cb72f97078e78e0caa78afce2b3e6d1473e8,false
180b654ff082ffed866290ef297ff56681926eeb,true
ffebcc6a354cd2411d35af9cbfcf66cb5afaae65,true
ffb08d292582822bfa04ffa7d32771ae5bf796e1,true
171e6ac72cee9f3aad9a9301cb28afb7632c0581,true
1c65315ce92ed6f3eb23cff02caa1d8c729c2c4b,false
218df027de4314e43e214800d0fe1b210342322f,false
de81d76fc0cdb0b67c79552423050397d1a9a569,false
66ee4b1679056e6d4170143076ed6a57c961a821,false
7b05fafa399baa41e21af21f1e279f1874ba334f,false
57e7ff8da758224178afb9fbdb1ca595490c1cdf,false
2cc2e05d029805a701e79b6b9f769413d4a99b8e,false
464c224873af2948355666f9bf8c87cdf156034d,false
e01578d4405e7503803d1208f889f9a8c09c97b7,true
19d1272e2db2ed1775c98d079dcd6c8bdfcf48ca,true
bddd51f053772a08751776a5c111e3013455fc4d,false
f1f44264d9b158f01758c4ce9d24dbe79714d7cd,false
ff233d15747b52e6ae2eba71f73afc9137f09e86,false
0646c47aa47578b5a5b5349285278d4af99ead41,false
198cded5d2f28bf493038cba0e7d12b1c730894d,false
152ca1e16039652bafe53620424b27d666d0fded,false
2a05e3128af0802395bda009a5fa1ef29e0322b0,false
6c304fb861926c65fa3d28bdd2606e54e83b0b31,false
1c578bce7d75406e604a04c8c6f9c3caaf56b2f1,false
f4ce41fb8b803fb0d977f88e6930514efb1fbd3f,true
e67a69eaece26b031aa4d4962dfc6cb74ae51abd,true
021c39af0067e57c613715034b6847573429df3c,true
9d984e52b9f1967d997a4c12b55a2ce0742bac7a,true
2a8f84396165c68d5fc1dadda57c0ba60f438399,false
612aa4cb696019301cdd80a01d3ed2ad971263b7,false
5b7bab4f9eb66cee098047bcdf490c61e713fe4a,false
9e0d66ed88a5ed0b7b2d7c89e2d951cd728bfef9,false
443976ad2ccaa5362a92a2689b1985c3d52052fd,false
a431ec18c141c0ecaf041c25b7baac7a559d05da,false
9c22840186429e327ae3d1f2450c7c965dd1a38c,false
3ff728a70289748cdb2e9744bce34c2c1986fd05,false
0504427502f927c82edcb6f914b5ae3d3bda24b1,false
7e4f3413fc53702be74e82b4ac850777c8fbed5b,false
80cd0302c5dd01e39c89033335bea018993bdec9,false
d1c5b320e06149ad8ee7ed486ec3f0da77018f96,false
c73166100b027b9c24f814904c8aeb6f64a3849a,false
b1354d61160519f91b354be20b57a6e8712649df,false
e99affb4328f2fd5990df8b086469fe3769b82e1,false
7dc230292486b53e1cbd96ee6740014d291a3292,false
953c72322827544d9ae82054bfeb8c5be8e6b929,false
719a0873f8e14168652c8519a25665f439d1f935,false
0a8415e14822c327e26264237d620d5ad1bb2eb3,false
f6e861efec534969012730f0064fc472bf690c27,false
f6975d9b6778cba6e02474fb037b7ba8aa79a302,true
dabb1320417db2f31842b89ae6376a9d98219676,true
b1fed0db9d48a8a94c6fd28fd58afa214f49572f,false
1d5fc000b22ce3e6016bfedf4cbe24fe32597732,false
3490e535bfec89b0ac36e4aa177611ca807665e7,false
3178475738b439b5ca8f610664e9cdc8593608a9,false
6c5c7cad09701577cd64a00479f6e73296dd2deb,true
dc110f7fff791ca1e21998d0432cc0786e2f5131,true
95e9fd1f683b8b14bafa51a3fab7d64f8829a840,false
8e8a8a2359b091dba0c8a5489cd0e085a6cfa4c0,false
1abd80c1acc454c52e78c62732d35524f1fd880c,true
2aa09c57ea00cd529b09b2b9228372ef5b5a7df2,true
289687254f3b471718501ec59e9a610d4fd14bc6,false
66d3bb11edcc22068a4647d793ea729bf066961f,false
80bebc3d4a41fda7ca1e8c8fe1b3434924714cc3,false
154702a8903f2b18d62f30302d46763425989d81,false
7ab5918ddaf5a782248736e0edf9b708de4584f7,false
53d0d756320f614e469b4a3113a1b4023df74bd0,false
85541affc507543a23eae2ec668216544d63a5a7,false
dfc722cf0104cae3dbc193cb09a5f56f3e95b135,false
b62a7655a7357e53d59c6e09ebcf8a15924cab6d,false
ca166c7fb68dccfb96338c02703be6cdb63be56e,false
d777635fe23cface85c4e4f90cb97387d4bce8b0,false
d7e705039d027267ab94b2e3f07e72af067cadf3,false
8f2b53cf519a262181ef2a904a2a92d1486fde20,false
885da0f73c73b93d492ef543fc56216a162043ad,false
bd3ac1d508ad61ac503c4c3e3e8f511fb464ce09,false
5aa98ed2f89c2fbd8d32682c2f2708e349e136a5,false
e9d76d40ebdfc6a4ea2205236d383bf4201bd6cf,true
7527535db438e538a70d579ba47fa12c5d8b01f0,true
84765646c3d57dfa94e1fe02e09462bbb8f73143,false
2ae6f45af6feb840a7489fdde9ecf17fb2b31060,false
87e58b0514737f4f2198c7d05d7a1c5f7ad6820d,false
d7ad702cec951655c52ded3a626aa5bab17d3a49,false
32eb96043d81a183f9a2ae35546b4dc7b525d7fc,true
66ab24201cffd16930e4c4bf02831bca15c8876d,true
77c9ac65af71b398d6388f3aaed4882939bec0ba,false
88ae7a1fd9880c9f623b3b1c6a4aabe587c9d99f,false
4ade140758c841e77abedb4694d35a88e39dfe35,true
2f61b538f10e4b1045f1bc7b85633916aaaa72bb,true
9f84e36faa03abe4d09b0931de564b0ce45db7f4,false
b1d550cf4419f6bbc1c2efbbcab453ba138e7578,false
32829df21936fd0fd82db745ed9066618eafeec3,false
febf57489461079eb28df6b69af0d0baf377e20f,false
7bf229db9102a1945c6c6f01b326b68c9770b92c,false
ffbd8c1f020d0dd45308229997eeef481fc64574,false
894bdd68f1e9a88ed2a68f0cb7b3b378e08293d0,true
a23cfd1e82793da20cd5c6ce1208f84aca34c5fa,true
bd5a37358d8579258bc9f875f226819c12591990,false
3ea3c2b1ecdacd88c6b5c836210f3a93bd94ad1f,false
b231b148f14549197a2bffcbbc5ffef5ef9d0543,false
acee11dd330da11280657baf2c181450493167c0,false
48be22bd0ddcc87986761f8c564e3abea0d7c325,false
d7da2783d40c66af38c55892a3894f7e8b4f1e84,false
0b94de20a9297a139b5cd70b1b80d6c5f2e42b4a,true
af24067579d30a3975c73ef7e3a6d33b3471a64f,true
98bd7fb8ff0754f9ee49b5de129d872859691e58,true
b3c603c4c4be546c342e2f0ab09f005e08b6a5e7,true
4f2a54b26161ccb9b50313053077dd850fbce893,true
ccecfdc12781eb8858c162cd4d1aa1fbb509aa25,true
2b68d899fa8bdd32d5b818d72a07cc93a94fab83,false
60eb29f5c496eddbb3ff014cea591ed39fcfb63d,false
e1c35919a338d9927e14cc5467c81121e8c64903,false
6fdccb70e037279cf938e3879be75915063b041d,false
a10b1aed36d8ae57f942303797df7c9d6cb000f8,false
866d490753960cbf2ae97b8101fc7855b093459a,false
a0dbab6d3c5335e3caf54f4b182f91425bfd4336,false
0f1c0e76d1a4c2b5268f50ce04c60ae3be351872,false
896e7d7e7d6eb95960138fa067097d1ddbea082f,true
b66a1658b826256a9840c8c81a272012885f67b5,true
a243c4862ede039ae13982b483b1ce982043a823,true
cbb44e0c2501cbbc5a4d8376c35a6fe7b36c6a2d,true
8ca46c5712e64d1e47d6aa1ca20191d91d93768e,true
132b848a2c9e5cc67db96bc697397e94e3f3cbc9,true
a14f4ac8641f1f5a84ca5f05b6413e4614247a44,false
34efc0b4e6f5b2b652d269c91a42c3b0ccb8f348,false
fcbf2cbfbc8e9a1d8ba3cb61f5571c9497dbeb8d,true
781d6470d392ef0a66c38b9d722432177c1b9d9c,true
680bc237e42060d3e0127ebf62ea20a40c307347,true
ae31326768eb6b4abb185f09515cdd68977b8a67,true
07827aec5f6c0969b86e5c80a2dcf69eb0136921,false
87c7843ae9731ff9e8655c9cc1ed8567e07a5d4f,false
9f9790e6e89dda6f6ffe5f42de0b98c1296c724e,false
3759155a679e908267f5def87886afaa74bd1bbb,false
6e922a23660f6832c7c0458761f809162b60531f,false
881d41a25e3e6bca7fc42d90bf180396b0c13c8a,false
a3c2eaa1872ec26a8bab77e12b04a5ca1596975a,false
3966225f3caf2597b05f43145c25220c79d65723,false
15d5901ae344816efc4d314093e02a3560fb0401,false
91adda80da41bd537dc5494f9d74bd5b6d0b1808,false
46487bca26e1982b9e3b0a27ce5f18cfdb26edb9,false
02b784b01ee4d1c8cfa838fb3e0f6bd1294c1063,false
af519995b013548fa18a96765169164690812448,false
15d975cb1ce32e28484a23ef2e63f484f1217a5e,false
97ca538e3e8c4bb1b9bcf3ab32e56f9d69fbf2e0,true
a43c3f8811287075b7a488d3944311dafc906f7a,true
283cc1cdac304e6892f6a59ed8fe0f8e60d65d40,false
d62dd7232f6ada598ea50eb608bde0f2af749c65,false
f29b53499537e2f1ea5dc74d3adc7e3527d435bf,true
aed49f679dfddc3c71633c57ff3131796116466d,true
4a53635dcac0d3cb407c22c15fc9ce4b25041a3b,false
47fd6b377df9759d4f3223754f6b664d7e0fee66,false
1bc5e5ca9106909f3f85682433c17aab9edd77a9,true
edd53dbee4ef0145615656254acd34ca74d8bbf7,true
2eac83a9a7e6995bec3d2f44d353c06ba05f4b4e,false
f003df8c497f3a4d46fb7f4abcb931835852f110,false
edb938899cc552839798efedfa33a70eb9a1b42a,true
edeb7c03294f529e57e0342cc77822acb43c3f74,true
2b2d729c57053c283eea9901a489365dfc69e014,true
22fda47ce436ee05706fabb43cbcd6d7ebb430dc,true
867086b319a560d4fb2b0505922c03cee82efc24,false
183abca2c2602f5568432a22249763f9cf1e569c,false
3a3189f1dd5aa37aa18551ff47f7d82af6d371f8,true
384e62b41fd43d6ced1d4a928e979d35547bfdc8,true
49857f483c3af069d38f5429516c1880b1591c34,false
baa3f7ba792cdc7694da7fcb22fcb408614145c9,false
d55e1a9c2af04d0264c35a20bbebb81bff6f79d1,true
a99689496e16e4ca77cc3a69abc47155f2d95cc2,true
5e892d6b930107300fc092301949fb9e7e5baf80,true
8c19a2965e48ed13b93bcaed887c5684efffb7dc,true
0e520d3719428d8d631f9dda59c27d190c80f117,true
9f54b8fef580499b2282af608739b005686296e4,true
cd65dfd56acdc30742f22220a9ca19bc5dee4c3c,true
c85f934b9a6cc74b868e44b499bbaab1994fcab2,true
60d4351fd8fbe6f273e71484c9b5f2ad2ae37ef4,true
5abece7a9ebb4092ce066b8de64348af634bd019,true
a6b8808ce8e41426ce8989897dce524c439e2817,true
8cb0d6f8c7c50d8ed6224aea5b9cdfed9f09632d,true
87b590c815f2aec36265dfc1c9bc054b763403db,true
d093d23bc926bfbcbc9f3a0d85ebaa2088e732a1,true
db8ad41f18fa4020f962be8583768a07f30a859a,false
4f41e7cf6eb547a801b664ab13b165db3a5bcca5,false
5d7d563314e5e50ec25e29cb75489b889cf6d11d,true
7c7bc5271a504f38cd6a438c8c43a28d5ebd1928,true
df9b75e322e2aee72c5d9fb6bd0d0e46cde43b36,true
16d810aea6e67301b9d9c095e0d7092429bb1ff9,true
66ba78f4341d6ae805b7925fb62412676bb951cd,true
a52b2844367bc289b1a03cfe041b95bcf58e3db4,true
a24c1d5115c2ba15a512eb7d838b9ee757b7af48,true
41f60533b59cee6a53d0c9066e0d19c738d3c284,true
cfdaa6674bbf61f4138afba6c714b7ed9cc70340,false
3191d4a8ceebf33fd3bcf7b0e521e50be5b5cd66,false
eda56e1dc3afa2a0270d454afb79befc72ff8f07,false
e7b4805e7c7d9c5e635e9c265e4b340f73976ecc,false
3b206a4dabf9f0e47a337f9f2a6e84e3ef399abe,false
ca1cf662f37496be417a994ab75c9258a8390c12,false
60c328ff726cafa15548397f9253a22ac681768f,true
1ebbbace58603433a87eca1cc5fe9870cd363f1e,true
08b572c9d2aa1b71d752f3d93e76906d714760a8,false
9df04137ce25cd9bd5495912427561a3f968118e,false
1c65a79bec55964e9288dc49af2802babeb32013,false
263c11bc23b1748b861773bbb066baeca24ef88a,false
71fdc224c67c6fda92aa8e89592745a281dcafb6,false
f10f38fbd8243f61adce6ac5e8e04e1665f42ced,false
e2efffc72002968f835a0ea6a70f8e7762752b15,false
66c325e004dc7d1ffb6b97e8af093a8455756d53,false
22c20b0d3506a939de6a587e635d3fd9e775f579,true
2dd477331db05ac9867d6c7f207263e6a4a0480d,true
f0b05ec219035fbe3f8af9d15285dac6f4a0ba21,false
52f8cf485c129b4976b184d51fb3faafe669c63c,false
e56a1d6f7ae7de205abd41abb8d9caebb9f85449,true
2552a731a3504cd370a11b53a0e7c7b5ce4b1480,true
411dadf60c33a3cd1bc815222e3b280986256ccb,true
3bb8f66532af9a088ca12c8863ad7f6d3f369a27,true
8266a0f4056e51bf86713d5b25aaa2a55466ddec,false
5d7002b3ef2ce593b63c22c479cad41707981d8b,false
d1e8cc59bd4e1d6f4534e514cdcc1e2ded73878b,false
ec42973d9e7f3149c7e375ae6443f338279e159d,false
de71ec3110c9b8310ddc2711af6fc408e42c126b,false
ca2a3895733aa92c4cebdbf40ce89ff4020c41ed,false
fc8b462ecd5700c59c28432901cb10c5a67e5683,false
db12205050643cb50fdc259bb159096f8cd4534c,false
24ab5d92673bbfec60bef87884f825107ba622cc,false
685416886ae5856e7f4e56b4c4640a764a93e831,false
71ac3a42d4c7aa97c1115019a09e6038bc6ca7a4,false
9e2d637edc7ed6346f97957ae217bf0f340b3b80,false
b67085385df81e37323913ac57499bea281f65a9,false
ac32b833f774114adcd4dab8467e8e4c53cc7008,false
5007932771c21fdc5a353602fdade2ce4cc3653c,false
1ee2dbbe4116b89e761d3a2003b18e1450e6cdc4,false
355ce9cdae6952812531de0b86d1a882d0563e94,true
5cc47300e596b31be01346a5fe341e811c729105,true
eab50b81042f6d2d683e0a9749057cac31aabc9c,false
e0365293f79e2ef9d1ba32e5bf0a6bb5e931f3ce,false
3e3da13953f09176d3203a0a35db3503dd314d03,false
8777a248c0d989a7a574299137f3fef0e7f20866,false
317cf10e718ef727995e8a230c0f84bcb31cb8d1,false
3ffc9060d3af8bd15619ab411afbc91a1b095362,false
16366835f6b378bde040cda87ce05a81e4aadd6e,false
160cfcfc44bb78cd01c4f199dffa0a317ca2bbfd,false
c93af471991c8693378649d14e0a3b3a23428348,false
716dd745245541e74d7697cd458d69d13e1e19eb,false
b734ede354427c754361b07cd5a62cdef5dd4d46,false
00b2affd6aec0c5282dff14efdb58bf0d14d9491,false
37f9315654efd6fd0eb44e5ceb2d54352dabcb1c,false
0b1dd56473e169f1cc099a3a7b1a01ba15be8651,false
b7b4fc21327ee567d9539b7145b675e9586f2613,false
cb21818288626668f15a8c6ca438faf8d1dd5f56,false
da563771660743fc7e32b7dd7db9ffd4f153fbec,false
bfd7d2b39075b87879c3d3314383058fd77b4094,false
7eec103dfa118db9413b8b8a8c7ddcfea1d614bd,false
52edd51044e52d6a462e4e646a2d5d9977408cae,false
6fb8bbefe5eac85714ee36d12e7b81a766747f31,false
d27cceace9a30933f5ba77025580188f5b56f3fe,false
4ede507604a2c929c6252dbcc8dfeacf28b3821e,false
7a953410992e3b50ea1bf0e83bdc0f1aef215050,false
f35df4f6541316505262a4c4976cc32012d54324,false
3cb1b5b8bc04a88fd56c090eacc57bf37b0961ec,false
c6b2d21b331337a41d4008664e165966bb7680ff,false
daf323952d44ae20b179ddd0ac02bfa861d351af,false
bc9c0fd1e1eb1e3b6648234276d7d2b40827c589,false
806a6602d2c1a3d324f7fd4ab74f793321e71869,false
885a962daeca8a75838041dbd50f8f9fcc2ef012,true
eff344ec95da4afa3ed213329c48d3a6d12b98f9,true
fa11f11e8be571c6d0b9a5e611f47dc44bf5a1e6,true
b0ab659ef9040a7feb5f10344ed4e0865e79970a,true
84cb8571e002005d914c04386773132e4cd7cddc,false
e80b08968a5af186cf3ee142eab04d0dc1637e38,false
f9b0e676e9e201b203ccdade30a4ccb739babdf1,false
91f7a56deebad5be626e1863d11bf3fda9c31f7a,false
f45decae21cc9dd75ad15402a2644dd906e3d35a,false
d911e6037382feefa94d4398029ea08e54d7cb7c,false
93336562c5fd021a9a8c8d1ed87ecce948be5d23,false
95d7cda7d8b97091db2f0b7a1bdaaf4acad185b1,false
c17d3bcedb4f1758358f573bd752ead1bdc5a501,true
f5dcbe2aa6c6c324cc6b6cca41ebef986da9161d,true
c56c227d39434a61b9f8587bba0fc278ccaaa3c5,false
5b4ccd1775764b3efde032545537c45491edca22,false
7f87af6ec89d779a3b206536e5b22c76eeadd112,true
9c1b13389ff1eb6a492cb180caa112d5349633a3,true
a4c209778cd2e834698979cb210e3f36eeaeade3,true
21ecf5e9d95a034ed6463c68a8b3f4d3670255f7,true
6f7a1b8b2bfe750c06ac5340748050e0da37f90f,true
c107536f49cf40bfb5ecb26fb0c38ace8438a38a,true
1d466234e8e0c14fe3319c670f89a8c7e7d927da,true
a8671a829ca92598d3205bb00b6a1ab0f50c9219,true
50b30456d33eda2960a501a3cf4967f3226043c1,false
f915c0419d84dac0610e48ba54c978a12226b443,false
5ac4ea675aa85d4edc441a0e8526c96766d918e3,false
b544ab74176606a8cf825b5f27c3f04a8b4830e5,false
626699a7db9ebc54ee7b6d39b90763008cc66416,true
c6c8b6e4f888d8553cb51fb55e244bdf3f8150bb,true
254367a1bd8ebf11117e0a41c24dab02ba4c7dd3,true
30bd755de5ea29cfced07be9ba8b8bca481423be,true
397b26e0e1893f5c8a0e946b3e4038c067abf512,false
a459d817a75f9a668af9c8aa7ff3a4ceadeaa95f,false
0dc1d18aec584a15148808b3fd42fa604884d639,false
e3bdbf71eb64ff1f95c0a9799e3eb948cf3a5e11,false
fe5aee16b5587555f1b271cb0501e6221a222308,true
5324948dfce247a72e03b6b660dc0a48f994c899,true
061ddcbbb2e18fc8c0cab97caa62d1dc01774b75,false
b23851d44dc4824514ef8988facebc7d0ebfa7fd,false
23c364165057c26d57c6a3cd5871acdaca86cb33,false
e578db1b430f1e9674b337400a6db0f58b3097a3,false
29e9827856d8b3c31bd55c8943bffa672e08783f,false
fa1357ce42867a636e1c4912a725ecd41553736e,false
3325f25ce0c2681079b2180d0ed1360208c2db51,false
3ae86922cad7b3c57ae449c49b1e60ece7333f66,false
42e841f93f30fa74eeaf9814d7ec09a2a4273d8f,true
1da5ada3b28b0a63ce9fbd05748480a6b938be4d,true
24f7ae633fc1a3114c6139f370a8b7fe2d737375,false
c11f44de610b9d5e7bdfae66fa60b1e0f1d1e737,false
1692532361df627b5e3ac2910103e503c613e6eb,true
3782329896031e00e6a78ace68c6b2a389846ce4,true
bd192f4403c1c1180352fb093633480c6fa022d5,true
69963216ffb86b32aa14af5e558e10f1027305e1,true
47503256290af7f0437c96d1e709bb48864d6baa,false
7825efcdcad2169b269e76bb15c5b4222ac0197b,false
393c85bfded1377cdc390c9bafab23d6cd0d9962,true
4a191da6fa143e6446a6a39e02f71976d438f1db,true
e972df48d734d78ac2a93967df42ba9f038f0074,false
c411fcf58d5e0a558c8dc34e90594e64955a62e6,false
043328a9333e10e9a44967f7416dc1bca64f8203,false
2e484f4bb2e2d39f31d0ea0f87c47968f06d7287,false
a423cc59f981becc81e1e036f3e72107361c73e0,true
9d26158b142eefcd386ba3e36cee7eb749b225da,true
f142bd2ec686d2132caadccd6f17893044a4ed36,false
bb7de626b2922381ab5929ee7870827be57ded5b,false
41a1e23aec6d5137349524ac34fee3eacc764662,false
ca606b4ae39e6dcbd7515566ae60ba643d438926,false
4363356acb5e3fc37259b0f2cbc850905cad73b8,false
da8d131b23e6abdba1c68c46e79e5b91e543400f,false
6ff9e9bed4d578f993ed06fbc3ffbb61b8b3f30c,false
31e5e4d7e9e889104457e2ef9bdf620ca4934e00,false
5e439e22fdc2ca23c5c4e2edf3306b0727fdc588,true
1790761903bffd52fd36191eb7749d6608764944,true
96f88b3162e4649ed249764500eb763032bd8e06,false
d32186379d916905793459a9a9b148dcb0aa35d2,false
79bbb323e59f835627a751a1f44feed5bfcdeb56,true
ce6f5815d3d4da2cc03726a2d3cd98db55fa689f,true
719dc3ff6754678740f7fc31224313b57e81ffb9,false
b4a0f5563d91559bdcdcb3ad7744b5c5e8a6c9d2,false
c908c705f781bead1429f0e38b00a0759677af6a,false
a9f428e5945143c63ba8baaf770c61b33c8002ca,false
307e46b492da16a926a5fe51ead4e6b7ff6c2b38,false
72f979f53c763b30158180a7bfc1f5fb745e1496,false
600b28d1db1df1f8825e963b07c23e5fdd1d33ab,false
7d824adbf7ec82723677a505c6ce934ccf955a81,false
3c3d8941329b042f94a5476e8866ed1527b40bcf,true
b54f028a63ff9e1c57c70904d567d5a1ffdc5b83,true
32f9ad7ad22f3eb373786bb1e12facee4849dfc7,false
f0eecb6cde9acac5a6f0b79dda0be0db7ead6596,false
5282fe77549f761553f497833d3131a9299a6ae8,true
33eaf744a16c25b0588f406fce159a9b2eca5670,true
f907a35eca32b804de5c9a4e2e7ddcd7c2866aaa,false
1eba731f0c46455aac4a765f25f7f1da9013d12f,false
3271e06dcf6ccc8f6c7fb1f6331d6592e8819054,false
c346795d5337d8b0e7cb11df75a7552351f61d04,false
c698be97921f24c97bbf5a4226cf576ef97073f1,true
7d72732fef127122d52675061168cbe3ccfbf1d1,true
6e512b259a30e939c3c9b6262b1be49bdfaba281,true
c7ac6c7382cbb66d1908590f91c0fa0643975086,true
d09888d3c889b13099982596181ac0bdd11d1a24,true
ab6072c6938c2aa09e8b4c9a31a4e6665b0bb131,true
bcbbee58e9b1c82d0e7c0e0393f5548a81869ce8,true
96cd36abc19e111d7fe3b2abfff768a2cc7486fb,true
fe8b96b53e1f69ba9cdf93a861d7fba19b4ccfb3,true
f77361c4962add0128980b45f846b634548922c2,true
1ab1bc81df4f11acd71f9822456eed3c957a4fa0,true
c1a937c5c9d678132cb808ccfdf0fd1f80cf5161,true
7cf5c166c493821492f3fcb51424a2965bc15347,false
e4dea7ff2ff29e4b3adf66e8f981cae724dcf492,false
4a4d0044673bc8b5c76d3e133daff33eb7165064,true
05c8578d52acaba7988f9712efd1165df70fe448,true
418c544a7de9822d22f5398f7ad3c4b31379a1c0,true
2e1316f28947e024c9705524c951060647daaa85,true
bd3db60925743f19bf5a7ce98560a56b47e0a3cc,true
74a169f1e52a76dcda72e97ed65995978f00dd2c,true
b2616a87cf8438711a3f731533b35036a6f40165,true
3f25e4f73740765156ed0e6129d37dab4e8fdafe,true
853ea3f425f1665f6721d8de584a0d2579034b77,false
52b0b792f5c042e5cf65b85a53f8facb67e4dfc6,false
00d39380c2955018d21387b68143bd4f8179476f,false
c240a4d9f1a579bc8be297de16d8ca16b2598980,false
361275fc655c86e36420ad1016d830fcaee5ad6f,false
98ea93662c8d2b84631c95ff6f6d60ed046bd034,false
eba5a2587e9f33aa484dedca5e7fc04a9a24afdf,true
69d3da68b6315b83904b8aaa4a2b4d6745fe0a84,true
d3d9e376fce9dec03977c8134bd37a5885d61792,false
d50726fa8a3296351189469d1ef52d864bb2dcd3,false
f292bfeb0b2558d02aaea851024b1b259fd47a78,true
eb5973ec5ee4f095a8641c363fc3e2114c379870,true
8403b008e9294583c02378bc396911927ca7c7c8,false
c2c53ffabacac3830bd5130d538d1758c364a803,false
b719fb5d531f755c32cb09d6c775a8499b27daa0,false
f00c0ce9a7eadabe853b7c5ed79fcf9515093e5f,false
b7e742feca26c675c06c6bfe0ca4eab7865e2e09,false
e63a5b1b100c45b819515cb637c56a3a5d49bb90,false
2525f8191cf6289a8d350b8979487ded6a779117,true
5a090a99a8a67950741ebb6c7f43ab5a40686f8b,true
210a23759d5ac5acedf1c8270dfdc4fb75f00b59,true
dfb9e065bbd4fd8f13574e0883e5232b4a881af9,true
2038d7b7fc44a70d2f8914525c2612a51c72f9d4,false
c9cea8cecb309b9ae91babc515cb93f88ce10318,false
f6e65a645b23d2203bc74a35c4df653e21234d05,false
d8dc29afb156d84f2411428355800acfba1ad8a1,false
2be733737c4537f2a186b377a13e3b16180407a5,false
087aa8b98b60881de5ccc6b8402aa64c04cbcc09,false
3b2f1bac5689b2b5ef3d2faacc1279aad956dc6d,false
db62d54c85eadcbfe6ef6ead6e1ede43b717da77,false
6158b2e12cdccb946ac723075cdee8fb2e4f9466,false
df3e1e0777e792eadd719d3a4a9b80c85a2a9902,false
dfa59465bcf1cc473347e07fef41eff73a185c1f,false
c7a4e0cc2633b957213116644a4f88b289af22f6,false
7934cd16a58156e8845f655824679fdc3e8098b6,false
cbb514f66efa95ba37de01e22bbe38a552f4f656,false
c30867de647c8772e4c14c495e189dde2d54c31b,false
2f923498a88bdc4231ba91a2b27316762abc8776,false
cea4a14e2e4962bd6a18fd9f37031a18e6f08a42,true
e5c92239d06d0c51a655a0225accaed315180410,true
eb7c5c18938e438fdb3d3157d96824a36380c4e6,false
1c7cc29303b5954380485fc480ba78b904010077,false
f1895416018e56017ca37f9bea8da73267383195,true
1b721d0908067087694ed3d7aaf762837018050f,true
7441508d92bfa49bd4a4f93bd2351cd7353e9238,true
4e7376b742bafecc151bf30bfbb0c34e71eba42e,true
0b114790b48ff4827926618f197609e08e60c543,false
55290f3f6967c10066c698e37020e5cf4e3bd068,false
8b7dbdc62fd0212f2b0fdfc682d6f9287c3133e5,false
f4d0645caa42cb14cf7029c7b2b9b5c0e51e239a,false
39fe176ad29d4f99cc32b0684705784760d26b35,true
a48b77860ae74e8f7b9710a53793ab94cb2cd7df,true
753969dfe98f14f636d03858b3364d3793b270c6,false
07629d7f4a9e31333ef8cab4a03e57640a0cf6a8,false
70e6035fdc8f2cf7cc8ae7b2400d2746e362eedb,false
8e3314fcf7fcddfd485129317e297ed26c118ae7,false
1e8df48fedddaa2953190d950c3ce6f561cf8209,false
940f47241941999f53f99045ee65494176b201bc,false
187a84c39adf2a75a8da3836ae6bb8ddd6b4ef26,false
d7b78e20166187c0ea2825010a9c4a48cf353355,false
ae17b10e9389f37b3ff2228297b251cb78b502d7,true
c4c492bad42c977aae4a6ea0090ebcaeb2a7c1d1,true
78de2ce52fea3a07797b95712a51e0133cca48dc,false
d85e68cdef6431860aed70a39d58d96f1af5982b,false
3d1c6558713a1c1100d5c8dcb66c15893035fca1,true
40bfa5327dfd53b33716ad7f4eb5487f299538df,true
61bed072b4d0a40f2a2c0637532e46ba275513aa,false
3013ebfc0cf183e44c6668e359f735d1be6137d9,false
0c38ab0c06468f943f5194f1229ba3993f7baed0,false
3fda9fba945c27c82123271d7ed7cbf0546b7415,false
f4c8d7b81743f42df16d2e1eb1db3854a5acdbcc,true
82c44a2eec9dfaf0d41664a7f21eaa12085e7a3b,true
7648bacc240044d2d4ca4ba1dbca5f5e209ae5c4,false
406b92e9bbfa0e44f337a9f615ba4a4b721fc077,false
9a96db5a6e336bfbe7f2b7e4ad01b8acdc35bfb6,true
9a3e75ee9059ce4e37df3fc9adafad68450b9598,true
0793eec47685e7fcc89473caa8f32df56ed67aac,false
9f8a66b01992bb546edcdb10e53dc9418615a72c,false
b735adbd2b2a403487fcacb2ab4740ee64d955f2,false
9259b84e5872322afe2984f376415361d5a10fc4,false
ee8b4167242d6a1cd4e0716eeb0f13ee9002580c,false
cea3f236779fc68be6e416db8b7820b4360f9a2d,false
5bb6177e6e2b8788aa0e9be643864cd52945511a,false
5dcf3406b28a034f364eed60e2907156ef2bb197,false
1925d671927d984d546974be7aa457a7859bfea6,false
f22fc584473707e7feef68d4830c59fb92613f57,false
595c68da10f2ec959d7c0221af4d65cffcc7e51c,false
ee943faf807a132afecfbf9ca54af37aed76e794,false
40fa80bb0509e2d2983148eeb31d168c6b2b0020,false
a9ea4ef1f86e34d25aa7f0a1f14eabca0fd7ed12,false
7ee7b24078428cdd428985ee33b42c30000029a8,true
6a0dbd4d2ee85fcacf5ad673226be3de272ba60e,true
cfaf171f3c67526e9cf19bad8a8ea9be18e51b4e,false
f247f39d2edbc5f86bffb0a1a7b02d0459b518a8,false
a60db87c06885baa8e811ae5ff3c7f1342d7bcc7,false
ee93efa7314ea7760367baa1fc3505792436bc13,false
092e1d55dac541c4466f3d1be3e05dd0e6606b3f,false
64dd9430c86d7cb29a80be77d96c7e8b984751e6,false
64b225dccd0a1ea6803fa61d712fcc37657f2fb6,false
79cc0692a3f3fb69bfacea286902077646e4a642,false
5e0805ad4dc1ed4a54006c4a4a4178e4ee56f65b,true
3804e9081d46cb882317992a6dcc7a8639198f9f,true
27790398e1688dbcdedcfc66ae0f79b3b1561151,false
fd6625fd12b664e9d9752ffdd3425ca39301c409,false
f765de6151b7c620e3b14695ffb4cd960eaeb525,false
494e8ec8d773c2b452ed9955c9318769e1ad532c,false
877310f326d83b3aee798b12e3dad3957e2ff835,false
fc388bf7be2720e9e838ebcb02d37c394cc27f7e,false
3115933eb617e99abd8596d1c3eacfc2db8f7bf1,true
b2abcf7780c20547a6d113e468cf53c918e642d7,true
daae9e807f427f9b0b1c2008370c3d241ef5e24b,false
0b239a1806eff499dffb35114ccb1f2b1c256be3,false
b2d759cb81d8978efa804ce0cd19ca8f01d0c1b6,false
453d63d686ef45fa03f60c40b234c74601f7b5c0,false
cc7ba19384019def9bd62df177d54dfabcbbed77,false
b0b080f5c90efd86d5049f29ea8bda555fd6d023,false
961a9af5898930ba93b18db9f40d55661d09c3f7,false
7d528a45a231b097dc9b5d7a017b3178cc29c0f0,false
eb17d13b5a262f2ac8c1857f8c3f3306fddb1626,true
49fc41cb0f5a8001782e9b6884f818bf33751ff0,true
30c958583cb047b00829430a082e41b89a8e6e71,false
9026a3e6b84c20c8a066dbbb6c86e8ae4dc08585,false
96599af9df376d970f386381d43a2157d4113b79,false
c6dfaf04858cbb97b37b8d0da65e2308083ef0e6,false
0e922e1b29a24bfcc4b630bf2bf288ccd5f67d05,false
44685894e5c30e10573f7c13379b7c7930d48ca8,false
eb241ea71d20853c30d4fe9358aebf2356ead39d,false
a9b0efad19e8f413a8a9ab689e98a90fa7c6caf4,false
beff572c92e0ccb38a2d182eac8a50a7dacd8ec1,true
d5873d7728264e640b1350f79da4e016c0b1fa59,true
b0690aa278d231f66cd25f537a7f9f00b3b8cbc0,false
53dd4408f2d41abba0d1d2b1fbc0f43dc85313a6,false
12c344672df26a22072614a78774713abb5ef155,false
93776cccfff32d3e538dce55bcffb9b0316d0732,false
8c1d02e47cac5d59381a2e0bea67db412f64a04a,false
e718b13034b5e4a179815c4e798def66debbd3f9,false
87a9b20b38a3ccaba90f29381dd661610207a270,false
bf1015f86fa7b8941329ccda29c3c75e9c07a2d5,false
fcc283841637d76122dd1c0e0ca3eb9cffb02bf1,true
2056375d3c30fd51280026c4b0f28f1001b35fd6,true
6e9baf4fa7cdbf93a7555add6a633ec7f0218bf0,false
ead5bc3ca4e580ac5db31fd8e43efbee80666169,false
ddb3d7137a427fd9e7628f764e2d6fb335753c7f,false
b9c86f6130632d462b2713e3111a7fcb9c93b11b,false
98c56da5e6544f18d932bc3244c937fbab9a18b7,true
e34d149022e2566f94f31a1da2a223a656107b79,true
437859ec8130e9368990ba36ab18a94510d80c15,true
10930cf0015105690f5677751d0d754658a96771,true
89a1b9b08ffd6d080d52e9fd4a3a386d0600bd7d,false
8128c5f7d0107d7498236d0496c62e3da6e7056b,false
8240a90e3a2fd3c4d5d79c9463416cbd7fcab51f,true
188076444470829f0b3d738a8de5d4fa7141ef9c,true
dc7397f314db396e3f2348479658915603be3b28,true
261b3a16a980230b812279564934f2fb77fd2289,true
63f585cacc3b2ee3a0daba37670821f3a04efc93,true
406067b6c152420f4175af09784e2bac6557e578,true
690260f6d06a523c896ee6670bec99fcf60b11c3,true
cbe72af0c33891e989c8e0500ccf7553034e4817,true
afa993f949beab79f9c69998bf2afbc954492d64,true
9f9a8ed4179d03bf6f612022887da770ff5ebd13,true
46f1f22a9b5fbd67962a807c5bdae9ad4ea06f0a,false
821f8f0893fe20ab25e84463f3c40e87748f0d42,false
16269ad7b1e43cc632e3455c6fb644c39d28dff3,false
3a0356ab5eb7b03346f387f9d1ae12164fc5a2f2,false
831c8c78d274eac0e856c781cd2ec09099cc4d32,true
7ebbf994d9d93255cd9f0b71dcad81cb540738dd,true
42be0f1f0ed0247e4f1c5cb7b0a76c15b3a1f021,false
86230ea3bd320c61020f5227d006021468b928b9,false
ad2ae57642453bf97258d95d90b5092783b6c11c,true
5b6d8a8c3629cdb46daae1698d21a556c4afc689,true
ac4d3c37010e0da63ae747ce1cde6013ac9bf8fe,true
6539501fb440ec5c7c604f60d36f6d6e6d2999c5,true
f2ee4bb38f6ab4953887c382a7c3554de6c8098e,true
c4d24047a65b5902cae7645c71f77b3277ed1b51,true
3efa3ee3fc9c4ebbef52070a74b548e4ac0dbf42,false
1f38d884ff1ddfa521fb444ec259add412c596de,false
bcabd07f0b05921a3e1ad432513ada66841bd6af,true
c31ad65f8bea702beedde01487ecf1fd8bc4ade5,true
ce4baf684a824c7bfe7732ea0cabd405f608e126,false
3ae9d76d934198fc71465342b0471c4b89e45ef7,false
7bfd3aae6b981f11052284a371e159045624dbcb,true
5fa1d49308de06e59097885cd74938e956e33275,true
1053c4b8fe67417a7acaa124641138a3f013e48a,false
0243cf5a71294055172a939213426966dc2a08f0,false
912175c1ba6684d742e6a18e40e64b3859a4c4fe,true
e4140112f7c8fc7af0065f61c83df48fff0ca6f9,true
4fcd919a0eb3efcc40fc79c41e61e3a72760be1f,true
79e010892a52b6fa15c09b794c703c691d9e8113,true
959bdbf460b15aa42fb810167573f54329d26631,true
c198ac742ac52622f490cf90ac4b8eea3e43d250,true
6f558d7ac4746419465a3cd9b82bfe14d5423540,false
f83f988242929079e9a6a75c5820cbc5f9f10571,false
23b6af41be9c69946bfe60492dca2b76d8d59106,true
e1de39b50c32403f9011bb293c3936a70a2635c3,true
acd21056e153c4e5a2d5a4c3e4bc3ee0a0d3cd9d,false
1f3598010c70947feda42716f82fcb77f989f4d1,false
ac3c31f9c3f8eb43e383055cbbcb2b956fae10ee,false
0a58069eb5a3b6ceffb957d077edc8dd73813cff,false
78f0f14d0e93e3e70ec3ce165c84a672a5b033fc,false
ae38f65a582948b7abbc62f5fa6e1a31eabccd8d,false
f32d91136d44c08347d45afb80e6654246056690,false
08e39d3c1c17a04e200f2423c620534d455e6d50,false
f5122d687da58907d85b2bb1e506adcf2e8aaefa,true
62b0ee2f5aabb2429ba3d328b5a4e0c0844fd2e7,true
5ae2d8344fb93585e3b2370824696472591a8665,false
2299838d5ce5f3ad5b2ed02b4c76807ca46dce7f,false
e37b47715fab51e8e33f772e853d45ff26488b8a,true
5b1cb8a2109aa33767e656e4f995e598f89bfb22,true
8d93e2dd0330f71b09c9ed673e6804e756686e67,true
04ee3984e3e63659653f7cc088d8f9a554b4b16c,true
057ad463832a1b5e83ecdfec447ca0eae6730be5,false
3d399b3abc0d37bfeb814a48ccd918729f1e5b82,false
6fadb3f2b4c46415eece296f9fb2e252af0f4f74,false
c8aa8a432a1f30fd7d3514b13ac0816f5b0b3100,false
7829a170434e3f4b5a0c1459f4f4bdb2e90cd708,false
2e4dc1b5c8b90231afb7f5437c61b23d1067d0dd,false
cce0f973251df78562e11d0bd06af0e67c9d1295,false
dbb6241938e93fc9f9668be04a1731777012c210,false
b57017c93eaba53439a7dc0cd0494ae5a490423d,false
773a5e94b385678507a2b1bd434979e0d302e833,false
15d8ba9e16c6c97ba344cb0107d36ca866ef35a7,false
80f70a9c841206229286ed4207078532506d6b1a,false
ba4bdc0152653e73176153948dfa71621515bd8f,true
9b692250ff5f1d8d37660b01fb23411e11e59bc4,true
bd3900e2fb2a02d1c24c2cba5bd278961f431fa9,true
dd0ba9c805f070960e3f40148f3d946c8084a662,true
a52adad4a38a6a4622521bd45da8e667a3e76ca9,true
bd449a0d88b7182da164bf56ab897f7fb07151f9,true
ca1ea523622340165c896ef0e72cb0c3a9722489,true
54ce1332b6ef86259d2f1b51ddd4f9011f38bcd4,true
3e107933a9054ba1edf50bd1ccaf056083ef6b79,true
b5845ec68aac911a10dddc886167b110d478aab2,true
760de94cb7f721e25145e65f2e78f42b0930ff19,false
671dd980f10486b882ff97088a307a5cf6e89726,false
c099da77e4463f1cf2569913f9112c6e56b645a2,false
bb22b6244eaf94329f0fe61dfd3d8ff361bd947e,false
1f2669853d8e841be38064bc8da2a78843b274fe,true
c6aae1fdec576ec9ceb5ff99f34a19d9fe332981,true
844e777c69dfd8a78dbad4761f9d0ba892d233ed,false
9180f912b8e4e381389b90a68e69d1678d8041fc,false
25edc2c1e9294dde6caa354688181f3ee00047fd,false
8f8b204a84ba83dc32e594998e190671c682cf1f,false
56b0f3d0d0af7dd6bacb99b023eb70da40fd007f,false
fdc009caf0ead094492ad82b27ccf74f027f8323,false
a7a9a896ea6ca03448a5c597efe9b58bef867118,true
218734d82c55b813edf2c7361744d39872c14e95,true
ae2b14bd068fba0255027dc22d41c709129cf1ec,false
a2dbd8ff2a00d5357db2e96847f7855ac1857af3,false
6bb3493fc6b442397dc98a0e9ca1f1b1f4b0932e,false
e69e99f0e5c6536e3f64f60a7ebeeffde454baac,false
2be79ba6bcb009199eba5e696a700b181c008b64,false
d2b83dd9a88b60829981b66347cce6e8e206220b,false
d413f26df457bac0966aa52bd42ae63adee0a442,false
9325eda700d567f2d53d490b218e3ccbe86ccfa0,false
906353eb29cb10aefe5f2f8e116aaf65e0e92ac9,false
3ad80d0cbffd155352e9922764b68297958caa75,false
5e77b7718ec73bfff1940b913b3028e4dbf998c2,false
56a91b48f7d88b6dcb8afccca38dd2a1a0cd5558,false
8dd0cdcffde5051f086f6d315c33b156b34366d3,false
b93e0a3d8eb95a54b60f8abd293ea45ad3eca2d3,false
f6c3a8a4c115d322a9793f79746dc7a4a810645d,false
d1778d760fe9af5393d25fa20797620bbeb1cde0,false
2df7d2414aedcdec4e96310e2fe473f86c90a6a1,false
63dd1080643fa53197dc7bd853428f308e5f77fc,false
4e9168c48280e8497ccbb152b816cef0fdce6067,false
dd93c443ef3f4e16c86eb73ee0b765edb2681fb7,false
1a3ae6a0e3bb1f84965055437da1623e30b64fc0,false
5be44a978a40a07ec1b4dc44351311dd45356a44,false
f2fca7eadcf78fc3e067b0d374b083ac62a8faca,false
4e7d7ce64c110cc517fd145353e7d7d00899801e,false
aeaff384217b6bb34f063f92e9d3848202a16d33,true
17c104d47384f23c939e5968f77f1c6ac0cabe1c,true
15fb3a38699de8fc177f79959d555cf97bef7a82,true
e7ecce6c27409adaa1464a76ad8e16174e2b08cc,true
083579075ffefe7acb6e0586b69386ea68428430,true
8cbc147ba93e70bee34af8777a1abf194f8e5398,true
bf6f59efe0267af7108c0cb4a561051bf96be244,false
c613802e3ee16fbe281d1ad74b60d70efc96073b,false
feab453f3a21487e37e8808a2727d3e3370251db,true
f45b44c6a5df8f2b99338ca7c1be4745a96816bb,true
4ca267068e322174f92007ba65e218813894bbb2,false
e64c81b2af77831899da6fc119552769b4bdbf81,false
28045ae23b8f118f5d33dec2472116ed999dd0ff,false
e111a14ddf304ca3ae78f95de2b48fe0c745b174,false
608f4240332335353bf4c47251ea75973b5463a5,false
643c0456f550b204a1e38c66a48c690aee1d107f,false
2e7d1e04304cafadd346e92a49ed8602d1e64246,true
ebe355fe4dfd73e72ee338ff9fbaef837239032b,true
402ca8b985c42c1e616d9aebea2c4447abd58e1f,true
4cbfcddd61efa31ea99527dae4fb8a95f2d67db8,true
7cbcf68d986a89ba6189cdee7b9f0226e5160dde,false
f1f01ffe5f253b0759dab7489995e9fd7c3a5b47,false
944d66ea6671041d815759ade0b6af69e2a2a91f,true
d8bda9c348bcbf795fb56fd9ba958894aeca85df,true
8d6692ba1443ee4f4ef627ab7ed8fd831379f2d2,true
f8866dc40af03b768904c3938663d3ae8f7c6d43,true
fbe49e8d63ba8dcbfd8cee5ff1e0263ab2cc9d6d,false
835e99f5c8094547a7b4d23f12fc2dc3a4c53fc6,false
aad9e52bee9f1ce2c5bfd877dd00a8dd64063e34,false
3eea2c6a0ca3f3bdeb5e6b2ee4cf3afa00807b8a,false
f3f6c0964d614b1ee64ac19df833f0d2172b697c,false
c5d8275b7dfe60291ea2d49069816212d6d98567,false
7ffbd4e6c750bb6ba29733cbe44acd4764978086,true
3063a2a01a6bada890341cc329e14353db72223b,true
3494a986b9cc8be5b8b0a121390c1711503b8563,false
e529730154e36c2c07eacdb863b6c10587515439,false
378086cfa5914d4ba7e01e2a7292976d911301d6,false
f1974020f249aa9bb443dbb289d04f4d71dd385d,false
85e4bce339ece4ad1140c95d09714d8a35aade32,false
b48e8fa5bd6e00fb851a21dc5737bebd555afab0,false
373ff027b63d8e4889b412dd76e2979ee9f6d95a,false
4300e08612f2ef220d64ca6eb607958e9849deae,false
fa8a02ce568712493d1ac94485a97ee005a3263d,false
983287dcc59646da32aa073f4629abca5dec893a,false
47682db45478517662207924f3ade8690a06071a,true
803108d7d5d81f341a036a5547ce8cf572afaa6d,true
cd0ac365d43e9409e0ca2ab3cebe6b19ad1364ed,true
3c808c78aa61620b9fa937a423b4960069ac8595,true
0134ad07bd1d736d9985ccba292d64afc1caa316,false
a595839267c6a08e2c284bba100c301d63eb9bb8,false
b83b531ebfad9168174654faeb70e0fe42a14b10,true
cdf917c91c7007d5aba588b88eba139eba75ad87,true
3bfa1b735da3a11905b621ffd543fdd0b84837b4,false
6c8d4ea11ae04b1d2cf2bfc8854fda567c659c7f,false
d2a3f9685020b602b8837e7dd3ecb244b3dd6535,false
28c4b628a1ad52369f3d5a5577ab3c1706fa90f3,false
4bc708d9bf2dce0ac35c95a04ec2bcb7ca5c5bfb,true
7e12382cdceddc01bd413c9d99d6e99dd11fc32c,true
47d84c405f01b96b41ad4e961447ba1804dbbcaa,false
c4e9a7464b3ddbf5f4e771df60fcfb1fce8d363e,false
26bde0b925c17f3318ee5dac1dd3c8890b97a937,true
e4ae1975c33dfd1a52549b04a585b5eb40623743,true
3e6fa2d90c4ccd1be5afa2de021ecc60a22036be,true
3a118dcc52c4ecb98ba3652f134d7850290b8b47,true
2e4ddb9209b77daa7dcf730c654d28158c0a7bf0,true
86aa41fad17de7bcfc086fa36b87d43dd7ca8866,true
11f2f447f672c105939f1c0af97a59cda282c3f7,false
ded547d213c1708b6f1c995bb4fe52a02860e780,false
9f1899c7e0d3542841bf120e8464bc4991413a64,true
aab65455cc026fb72157837607525361e78d99fd,true
0cf685888e6a7d59a83f76246d76afe8cb086346,false
d684a010bfde7e8c2eb62ccf2501bf2e3b8ed3aa,false
40058b05ac93205abac9a28b7ca76ef9954cae7c,true
d46b3333427754b023f67ed0843294d236f16ce9,true
eef241f280971b1e1e0c71217456ba1c44af22d0,true
f1a7ba261addf3aa2610546d76cdea5ddfd14574,true
42131a97e91ba27da0ad7c4990e0ae6778c1a065,false
0ad0cdcdc8fdf5b51b9bfb1b40c36254cca42f25,false
73f43aa7b44df5bc44c0da4b488bcd36e624be4d,false
fc32a9574448695fd1e96e9ff911a6603ab594d8,true
9c4245a451e6286dc55e6dbbc935778656c214f1,true
58e2311116b2b7eab93c2f26a2ddc823d56e5375,true
5924329db91d304964119a1cf1989b5b2c82f85e,true
7eead026335ba6eec940d1d10e4aa921ff2b79a0,true
8a6d66b9c897852d83c87855ab5127df5cba4ff1,true
c98c85e1abfca9d1bd26461cee947b335929bad4,false
0bfe9872ba04b64e1305747bb79cffa0beaea1de,false
4fff45254e5332a1b608a88d6daa83e7a330daf7,true
2d435488a0a76b79f7cea47d1cad032743659cbe,true
3e3ec7b9abebc1ea6be16161475e6960ba6bc17d,false
f23fb0d2b0e77a1fc79244654a9b7b402e6614cc,false
40c06b17a00f869eb6a8ff4a6e816fafd0ab9993,true
46ad746a7c553add8783ab672c703fce305136fb,true
0bd5b52dbc9b4837266b9af3b9ee0fb042fe4700,true
b7ec2a7f1f6a16f3acedb292b52b59e1be696d7a,true
0ce88e5bd34ca295458fcb0396bb3357491b2acb,true
bfb88336e3c93da33d6a996ada37309cdb39671f,true
0c187419da170f3028329d407510abe18b7a8af2,false
20c3e886e74f2aace9d742dfdd365feff3569ef6,false
f8d278fe37db3f41735b89ef557d42da47e95228,true
cddf42c30c1b839e44c03e017ccdb3619d3aa967,true
0734e5eb3fe46c4138319ac5d2b6a635bd898aaa,true
5847d49377337c13d55d8fd62ae9d444cdd75c22,true
066a2e9f3258df0ec637df83f8b20e6d7f8df43b,true
bf8ee5c5b076570fd6f73ae1efe9bd563508f763,true
d61ecdac5fab1dc9fd2fbab6aca32684c06ccc5e,true
7d674ac7f7abe9405d02ec7ade34805f9026067f,true
11fc859e8748026cb9a850b549e7b3b3985245cc,true
c06f4d9727caa540883fc8673f9881fbdd51cd77,true
40c1c32ae1a4065595b3bc3e6c46c3129bc7081d,false
6f8cdaf840052dc824f113baee60953ff9142324,false
5ec48cde7df07a457a011cd92ec2730bed221543,true
2dbcbed388cd38fad5a9258d7a6df12f8bebdf44,true
b2c8b9117aa0d1038cc21ab4ce698a87ee1872b8,false
d3ecc20a2e9f1b581e5f2f606a9ece615739cf39,false
d812e3dc70887ff3fc5e9d9aff3a6c125d961665,true
7ae5984458711fd43a33d2da5a8a522db36d35b4,true
cd16d4170043bc0c4f4e19488d813bb6cdbc1727,false
70c0515778f8d8890b6e8a884118912114696924,false
57634b6921a0d40e0cedb8150a7051c9cc466a5a,true
b73af3917eec722c20c0cd75547590158072cbd9,true
853a0e51ac7aa8a9b4ae209835718b8bbe28934e,false
707981e612269fbc6e899b6ae1e047a7f4b38ce1,false
bb4c5f1de9186ac2a17d9d5091500aa00977c8c7,false
e0f8ccf1ad0151cd70b20532f1bc3085433733b0,false
b79d49bb8b5725beb5af2f9cc65e2b7726d294f8,true
07eeb7211ed80e4b70b5fe4a8bd3b9ba45a9d842,true
2daf19905c334aa5d25104f2cfd225dd072480a0,false
9e7356d36ae0de5fb1a9d2ba9107d295bb4875d6,false
f519ad75efc0c33fd0dffe665d93e958880c3e74,false
cc923b22547d16ce9c541c67008cf1f608e45ee2,false
cba338ab260a013cd9d3ad8a7507df6a8e331d92,false
e30c459222b0d0aaf7e2695bcbd371c7064faa15,false
676825759ab73dd8a876a4ead691a0320a7f81f8,false
8046864b3a6365b9fdfa6209fe32a5bdc641f7a2,false
301bab89f7a32ac58ab7a6d93387a981290477da,false
b0fd790d8ea7edefa044b1709d43977e1ee244d3,false
0c89955d2208b4f06590473da37946c759248603,false
7ab067fce7c4dce89d3db07a22a0ce2640ab8bde,false
586e5ea96d0463f93defe1d74f407f3db547cabc,false
d81c2b1baecbe107a7c78e9020788e16c8e80cbf,true
9ab1ff63b9324599a9b7a8c1b590cbc039feeb8b,true
df55ba63a46c3413fb17b63d575ac2c0f6435dd1,true
60ef971bd7d05e0435bd9eb761a079723a7f8be0,true
9f90206095944225746660d972ab2069d820488f,true
c3eba106ec3130758cf544c347becc148d19fab6,true
ffb22540b504c27396654e974198519943efe37e,true
8c3c0c9e6569554f616b9dc0b6476e4c4007f579,true
42fe1d800d6e826e2142512cdf5d773211533ad7,true
2aa1621883ba0ede157c4906279d5b608bf3345f,true
ac93c62ec0c64035f376e159e69fb4cdb85e8641,true
767d4787dba9716ce642395c659d99bbc13809e3,true
d021de992739de12d610306eb04ef2bbc9989674,false
634cd10fcf6643322c0795d1f11a1119fbfc2c53,false
51b66576eeb22e339c93a95449f7365b1cb25438,true
13d570aa84f469809e4f40c41b469a3a23570d55,true
ae1e1523331282297b12b13eb37bec433224716c,false
e49c2740a859aaf857baea960b436d6aa627fca2,false
b962640eff05e5908feff12489304cb8f4189fa6,false
49350b1e9ed1006842e8125f3273a170c4e05681,false
45db6f0fc293409686451241ce549b4bd48626e8,false
19e9519dd7d441a0c60961479654a793fb9e34ab,false
14c8aa6bd66a9b025e873a4dd5e00e24e26eebf4,false
fda47d50a9405404b4a283ea4870d7100455890e,false
74743345d95590cc69039b0f29480ef5b0008184,true
528983e778fed5c3f44c5a402fd999f3509cd015,true
afd2b7dcdd5000f2f0b825bef01f55b95bf5c6ef,false
091cac853109d4cbe22e4922e967a912b636af85,false
cfa4fa05179b7ee1b0810e4aa4f16bf2167a4771,true
ab1c8b2fd467287863704231bdc484eb8e4652e1,true
2addf9977df8b0ab8bbdfa423e876e9fdc7828ba,true
99b20f626c41e1ca3890ac8a9b346028f65b6bbd,true
53734e9bf51471c69261f28ee4abb023a1b4e3eb,true
621e5d68ef88c01da1e66bcc0bb18f9a574a58d4,true
3445297559223f13ad252198c3d96e60754784fc,true
0a67ab23fed217dfd73302d90bbfe179ff1c3f5d,true
f78602490e6fda76c9a3455fe7ba1e4dbb9009a5,false
a89a9568ddcd9cbf607c60c875a9d9b08e559bdd,false
008c2cc9b48440c43a88689585b1858b434260fa,true
e29dbc178fcf4ae8db28e7d9429d99e26f5fa0b8,true
955d1f8446f5c895cabdc782f51ead6b42045529,false
e0813d2e2043c94107947dbccf06eea1f28f5bde,false
f049b3271c9dead321e65fcc9e53cc44afbdde4c,true
3fd7126b6cf01935dae951cd9d483893bf58143f,true
d95e0ea0d53298c3c8f726a8293862b0258d620a,true
f92c0a90bcf51f18f1584b88200698e962972dd9,true
e446312bbcca1d869f89fa25385bed0fe01d7d99,false
16731fd990c87c3bea153ff493b9dd38c4cb4140,false
9742de84d6614487dfc14772a801ae7d895cb9ec,false
0b7e4f8c866572dd8afc9c803183f522b6b520cd,false
1f913053b347127413d07cd143689caace3ca36e,false
c2bd85b097776b6835df83128cfac3a01aa3d241,false
47d1cb12ba49aaa936eb92caf7624c1741a7a2de,false
25b464d40bd6832c1612285f3c503b7f800936e1,false
33bc0e518292630095c919a728f4a3032930477d,true
80aba9f77ce6ffd7641f370971801557fb68a159,true
2ed8b637b88ba65b36f9fea59b64be5099309e24,true
6c3b2b42af7cac08b5cade2b47ad3e763c1c73d6,true
e8f4950b081d1ca5c506e50613d7e1fb0625a99c,true
1c564a9ed149bd9ec260517384473e7b1ea8294a,true
ab305c2c9fae7c435a7b60fc5a667da5e45df4de,true
0bb73f7719353045c3d94cd25202ee64329b783e,true
04fc892c62ae71982d0b1c47788e2ab6222c6702,true
44415d280b1abfdfcdbb1d3ffd9383d47a3d08e7,true
d2c223838d53995fec52016a20803f52b9ff4a49,false
cbca96a13bcde02b571c09a0ba3609ac9981ae74,false
ef5f2fc01611a1d3b9f6a8c58aa45a0a30de96b4,false
6c268ae6f139c11e38d760b75d83005cd9edfa9c,false
c3a3f5b122d5460e04570c1a4d01681ef3b94e0f,false
e2336b3d0eed7cddf35ac8af2154151573998063,false
e9dbc0ee315015d59cc47343b69b2c6928b1b88e,false
38fd5e7aab653a7b8a42cec262a8baab28cf1819,false
c5dcf8f142eb5b014cc16cb9149057d01e7167dc,false
c7828813c5a5d9fd5b218c23350eee1a18af3dce,false
57e8c5d0f455ef8a083b6c4077d483ab879ccf2f,false
18b9b56b4d39398e1c284695dcc2e8ed38102253,false
91da0874e645f0ab48e041b94a96b99f2be865ff,false
2f695e7ed5f8f2c6f6c3dc142af73774fcf2eb3b,false
953952398676cc30b705ef332bc615f2c6dc963c,false
157b0ed20610c1dc7f7beddedc1375f3aec675d4,false
39d24070ebb031aaa903d4d3d76ded20f644a4c8,false
ff3660171a91ed68ff944e7888ae46d4ef2d5b21,false
8a0bea219702fffbd9c3cfbbb16cae2220ca25c8,false
c06dd28743cfbf2b4ef51e458218cc2b8b73d763,false
d259c85291b79d17e9b9002ec6c7774eb7944e2c,false
8bd241198429c15b1301c5d0db96950e5fb4cf9c,false
4f100c29417578345ed7c09985a38f1101d7c620,false
e182516acb3c2e83fb662580939e9c684db7b9fc,false
018dacafb4d81780e280731c4e48e2ef87c69b1e,false
b4b55039a36d1458ed456e42fc7dcee1479c3273,false
b02bfa76594d4d8bcb68dca490b31f9ec4aed9ac,false
32f88d3beb8425e1b1cb3c1d61cca297f2e10355,false
810f7b1a9fd862522bed032bcdd5348b21f5c0ff,false
48dd736175443877303b95b13d65d4109d3caae8,false
89cad92ff7e214a389138821bb04295b301f239d,false
431a12ff5361a98077fb0b83c0d4120b51aa6d13,false
78a41cf2cafa4faef6badb551501d28421f37f72,false
4696912de7bc322f6133eecfa0e0a104ebc534f1,false
51df6a77b694bb216860c32c361e50ecdce01d8e,false
93a7f49b8704b2f7a6222628f9f170f6161b26cb,false
ac04fb6285f09869521de4a6a7174c710f2ec6c2,true
f8eb1c99ece6f57f197d080e66bcc42587a7fa39,true
e4e63eaa51c7609afe480f30606b3e0960754384,false
76cc1806e1a71b8097cba2ff65fa363d57ff1aea,false
fc114293e46bcf07c3e38e4c9c883332f38250cf,true
9449dd74e9890caf4cbe2f593ef39b702cf045f5,true
877fa8e584dac3cb17c9e3587229c4a99e5c4a99,false
b70f96d1ff4bd60c0223562880b5b532fa121bf8,false
9bcfa3fae8aae209b9cc6273ccedae3caafde9b7,false
43ea522f76e9ade3850e0de6e8807c58bc3bb1f7,false
62fdb59458ad553c3c5d20d6f243136e6a07159d,false
935fa039effa1dd9e5efc3572a342af649119ec1,false
4d1ffd7fdbb014b5faf2e01dd779df43d59190f4,false
06e6f914bf50a08918cd0b5124df5cb690bfb310,false
8c931a92b5b1fe4b39152de0b62317aa7d595d02,false
96a0b0048f374bcfd33acef52e9557308633b8ba,false
79b9927461c08908236b24460430298fca959704,false
4c21e99aee0a46c30f2ad6215a00b6da9aed8fbd,false
8225e895d0ed1122a8d00fb974063315697b18ce,false
5c2ca1f0c0f8cc55d3dbe6a04c2316fdda7d3b69,false
c4974806c64d0974168259bf150fc721649821f3,false
b5383ca127cb8a13700e3b71f443ab2bd0a5bda0,false
eadd56c5f9fb4479d5724ce0b021eb683da6970a,false
b3235ac43cde62fb435ebc1e3f50651fdb55477a,false
f531b2a32776bb5aab36bbd0985d343273f585e0,false
0324d7162ca2eb0a7189a735510c085ccd7fe808,false
57df4e487d128e41bdfede884d4a597469691906,false
1214d648a22f69dfe59b39d05ad1d7197d0b8a39,false
52ce93c4e404ee3da865b980dc48991850c614b7,false
9ca14c2a9ee8ac9341f217af7729b7d620792d46,false
175a3fbac49592fa0da4c15e6cfc74fda8a32d30,false
323f41a8e14c3154b87d8af6c6cca82fd0a42423,false
b285bd44b8705f68dedf8d1e13fe836ada453a12,true
761c62437b801068c85d6e9a6efb2f7804e24747,true
fb5308b03b906b2da2d1bf3524a68db58b876d76,false
6b46679df0aef4ab23f9cd82814f22b1d71bedc0,false
19454f8b577e1759c7e46e1a3b7b7f0093adb761,false
5d0d72e67053b6118c42b2680fb08f127a707e74,false
7c207e5a5662b2ffa272a3c9dab3bf9d577b557c,false
e1fbcbd95f110529e103afa50f84455561449305,false
ebec6f0eab316b31d3fdea6e95015b68d3c00784,false
32b92afc8ca344478704351daff5ab9387490ab0,false
901a218a74b4d9c1667e03b7ae136c875d4d80ff,false
3f2648c5d4c2d2748c5e45a6812f5bbf26de9f9a,false
b74b435cf65aad4d6b8fa089505376dc5d78d35a,false
322bcd7b23bc6e2720c55b4e83b24cfa6722e39e,false
fc21d37dd17053a2657c3172f7026d1f1552f69c,false
0a7c99b51a19b3dae87506b1e066b4262fb0e1d5,false
c9d4e7d4d0513c3f3271dc9a924d0f3f422649e0,false
1a16d24172a6037837cbeaa5018e1171abacdc59,false
b7c6a9d0fb8f8b51b814e0f761023016558c7e20,true
c45707f7c8af7d5ff0dbd9655f1137e6be3f1691,true
0ece6595c66602cfadf653bcbdb461be32f59400,false
3e8778f912b6119e50ca516ccde357b4266dc41e,false
35ee9a172c48ce2f4010d758322c7f421d33260b,false
84d654d49b0f140e80f1e89f32b1d4391e313d42,false
2479e6b703e96f92f051bc97cdce5fcfbe803ab7,false
c198d1a9b7f62a9cf7481c2267687b95881679e4,false
e7946876a930aee9e1daad7bb2c479b7095a33a7,false
8b35500ec96ed378d11cd6e0af01e4aa373f024d,false
fe3f4e92860275617a83fcc6b675f8e07f05d1d7,false
5fad0217a4d30f2eac3b8ab521a88087db47d4d7,false
b8aa02e67fa8e9114bdd83b0bd0cf80d1a555fa4,false
68cc359697234dd20c2b4c4cff7c15dee6b766d7,false
1e4e7234a99dd7af04e260fc55263f880f87794f,false
82e25510be80a33a0fe945d920d321bd4cf797b5,false
290a8c9b54b3f88084eaaa2958bad2456d0972b5,false
127e2f69d4a030d6c111e0a3f336fb9203d197ae,false
26000c401ffdba167a0f8be66473a9eafff4ae0b,false
c8388d62629bbb8792d34c63c67cb18f91c4276b,false
1670743a89e2c792a0170c8e5b87bcc0ff6fb63c,false
4d9ccadb0a423a25c615d08d8e7c3129e9a0b6d8,false
9a418782477c29a4e48329b5afc0c954f284dc18,false
e151fb1c42e753ebeaf06571d5c30e351120abce,false
6efc4bedf92f7d7f90fc064974b0ab2e7a7f5475,false
79dd3d492e5b17884a17e698028a8ce4beb98753,false
a1d198772be1beed86a2f643915e1541aa6ed116,false
e488f04932f331df325a795aca7356664f6fb77e,false
11b96c562c2bbf1314f706af72ae741a88be873e,false
bcf9a5cc9eaa246a9fa5a138516c732303dd037e,false
932d3445e919c8a4714206617b516699bdc20d20,false
6f412cf59230c71e6b91c9eaf66cf9a4bf296158,false
a8b34fbd547f4685f707ac6abde0dbd17b30b0f7,false
fd9cbc3d304bb083fc98c6eaa0935ed5622734af,false
98aea17aaad162cc7e31c665acdaa496e64e9742,false
38a89c619ce2594e58dbd0f236159c977ec65209,false
9cab5cb49197f9a183039cb8270a67257c150245,false
393a95daf16a572b98b206d758e452df6fffb8ba,false
2ea301e6ce596cc18fdd9f8dfa416c36777e8a00,false
f7561a5d2bd68f9577ff3b49bff648b4098ac866,false
57fbe68c2c21d0ccbfc629155577aae18eb00af2,false
3917c4e32cb01741048a30bda139aa9a095dc561,false
05a971f40964243c9d0d9b871ac81d554ca7803e,false
80912f3c8ed934bb203fc865d939a2fd7fc52605,false
5c4cbf6bd04f1be4976def28cfed4f844bcccf76,true
7986890a7958da181785a41fa764f905a852282c,true
24ad2b7b374d57f5be5b9261ac537c5b66ebfb5a,false
818fb32139f3b436df9ad1ba715cd81afe438d5f,false
24b3db967144f36107f2e9fa2376e8234dc402f8,false
34f17343b994d9d4ddf770a78c07329d61c0b6da,false
d7ee96d958e9d0e55052b3ffbe34752925a7cd21,false
f6d272b4c57d15c07ef8e15540b80f13035be0be,false
da587407d62a7aeeb99464f0be818e00ba22f6c9,true
c49ea9c54415b7b9d4778b41f95df3d4212dc213,true
d91cb26f97e240c94b1cd585d21627581f15e85c,true
83fb91a0b0ec7b00f54f48970fa966048c0bfc2b,true
647dab1bf361a09f59fa6adec5bdc3cf000dfa6d,false
1a317dfa83b62f9a528fefd61428755e06d37b91,false
a73953e8d680b7f68eb257c2a27a3abfba2b8ab9,false
102090bfa051cad8a6c7ef5374e39d6320ed057c,false
031a563d2d6718e710af47c1b26c46429954d807,false
1ec101227489466f12d4e24e8413bc65276f5abe,false
5d0fb42ee27ba831df5a3b046e66b392b1d86776,true
bd178850248fced8b5f4f0359bda0f965b48c5f8,true
3715e08409199744454e1d7283185af2662dbdf6,true
8f22899488d006c08b224178f5f1aa5e6777ea6c,true
34445c8bc5d59f3778797bd69585915ddee3d8a2,false
14e5cbf292236030b30425fb2e8aad52a69a1b38,false
abf4e69be4c5d9bbf7bdf935cfb34e61fdbe090b,false
5878c1f0d65994208e41a6cb2234c5498828e3e1,false
b8430458f9c5227949a40f6ed165017b3cff66ad,false
d27be7cf131cff58da818cba5105a3b1ff4566fd,false
6a7bb02ea6fff322bc3c7c114d8bff0ea02f670f,false
18614d30093b9c29b98425daa57b924060d493c9,false
ca9b864c1fc8af9cc72adbfaa114bff001c4220f,false
de0e66d399808667bcb79cbaa655e94feddcd5f9,false
1eebcbce0ca9e0b238a7a66971b6342d97d54936,true
6d110f86d881df6ea2ab1608bc68f1975e4df059,true
a7745c1c7c00f8eca109ecec9d1a4417045c2eaf,false
c2934cab3604320709529f22a5f912010d664464,false
8fb87c93228d554a2ea4f3cc775965db24f283a3,true
3a0f89b2b68870de75a4b17b658732eb1dbd54d2,true
fd9e934ae31a0bbfe550f58d3b54fe9c7766ee9f,true
d5a8fd04850da517bd28022a65b35aea7eecaf89,true
fa8c95d0bd11990fc323c91d2fc21c864fa7f736,false
e7ef84edf28ef21484c40adf16d553f09076e965,false
fd5ed0db93a3938bfd550f6ff71a0f7bf8539d2a,false
47a0dddc27c3b31a429020ae4fc314a8aa099648,false
11203f5306f4708a7e71d5a376b197830d4ccbdd,false
f6586f733caae7b88b56a42789630a120c5b65a9,false
8702270a180aeb22022b0fed146e0e0fd66338b9,true
01df2ad1ff410b8c1e9b14662102e07b4181b57a,true
d604fd214e18f98ee20a05fd423bc028efab2255,true
d27b7f9a5a545342e0c17718fec8afbf81c6b108,true
981bac83aacecdcac3a96bf070c93eacb1546d0f,true
a2ec3e3c216c23e052b312c382bdbf77976fc159,true
e0efc17d4f660749028821b3266cc66741f3a444,true
f5bc3810aef01a1e1b666b9b1db3fd1fa090a8f9,true
2fd6e8da89b9e50cbd3272ade71ad39b5a822aa0,true
f52dc61393cb5830095e5b7cf2db4bfb64bdc6d1,true
714b98e1fa46645cc9460eddeaead555c9b0b454,false
a76c9e9e4df07e6b03a643582f4d988501c8b9e1,false
0d726d6f178d8ec2331cd6e42739889697a5744c,false
b4b9233124e310b99fffab252aab680f87de2532,false
14585fb8088e30575950a04c8281ff4e2ef5a327,true
9be3edb439dff1b7eecc176e0cb3874f18f90f69,true
fabd0b8ecdb48b1ddaf21d392e7fe873210ecf1e,true
0c0c15c9f8c0da21549fe34846c736b27a4bb3aa,true
7842ec7cb54af512ab715581457d3c9bdf1603c1,false
40a7a2fda212404702975017cd081ada300dc143,false
0aaa50b2f3ec8585f1043ffaf9570806ffc5b5e3,false
db9c895f4cb8d58252ad08e129a80a8700a5fef7,false
8b2f3bf00fd0f23f730d37225a21ec0326758834,false
b58b8d986fd628240f266613c3fc7b73a819e9e0,false
c1e1ba2ef8153c33736f5d2c3b728b5262c25bc6,true
4fd169427fc05bc046781abf615c984f2f5d2043,true
8b17b431f834a1f1f739c9942b2f06f350165a80,true
4f227f0824d3619d881c40397c6b6d0a7d40a6df,true
993914cf9d1cd3d7e3968ef1571c78946af7170e,true
a065b9a26a7f09acc573bfaaf748b3ef879c4d74,true
bdb4dcc172c93cdf56cfe73ff30506f223f93996,false
e35ffbd0d227a9ea31960cb744b0ec8682c128ad,false
e9e5a4e19bf22a1a35c23372fd448630264a1489,false
ad2d7c62d9442ca37f50e0223d7ecfa696ab5f50,false
dbb0899991a5d3f44bedcef8e0666ce31adaeebe,false
852ce66ecbdc39d870db77788bb0690d2c3a6212,false
c3c544927e089bbaad2631d05d5820c4e00cc3cf,false
7aa6dc35129709b3cd4d6e113b94f37c3ed12ddb,false
efbc2ba0d01c41258471c7bfab08a2420c1f443d,false
401375faa2834033dd925a19c1d88e38f1609217,false
661051519d6ea00713e78c11eed83258eab1bedb,true
35d42e8925e945c987dda7d895213f2bb1a6042b,true
29483992e324db8cda8e1155f471591222f4a25e,true
8ad8bae3c0c6f2a753cc275c247abc04b1e10c96,true
00d2ba5bc20ec9f8dd407ca3e08631cd6e979938,true
d6e9445c382d80db4d85a00d0527f982afc75cfc,true
cba527d89f5b8941f045efadf3afc73aa977e7b5,true
446bcaf300ea7f68483a4896381db91cb8d164da,true
07c7dd485506b511de206689b0e806f3d8411aab,true
9eb93dadbdf6ae3eefbc90a035275723c34bb2d3,true
dbf099e38ac11b6a5e31791f5ccbbb2511fabbf8,true
e22b5521a7a0f4c76a10f8a8c7b50d931ec3eda5,true
9f1af618b6489ac40ae502dd537cfc2b746d46b1,false
ee4a9d4bd771f9174e87d3488aa556d76b7388c3,false
7b144b4e1ad51aca54e1861d7ebd3dec6a0a6435,true
fc6402d84a1f16b12d44446ae3dec537e53f4609,true
dd2ed6e2d4b7b82b0a0594ea8a9aedb7d091de01,false
80e9b6ce5fef4c94ffa3303390e255309774344e,false
254c73aed8f9c60e6d239b2f73f5f7c173a66ffa,false
4b727c6db4d1d6487cc2fc00dd4c0b43e6a42fa3,false
c46aacf2926a185c6d75d90a9ef31825c0821fa7,true
5cfd1e4257c2a7138b0812e530a6d47afd9c286f,true
9f328945d690a3a0dfecd48dd64a7034b04e9bf6,false
d443a31186fb9f921047316c7ce8708363d4c4b4,false
1ae3fa7d90ed119807fa203cc09452ce986c126b,true
a06ab60a37d558c60364427b556a8c054329ce4b,true
611e3a8d1be460a6fa1542e28babf682cb8cacc5,true
af8c30680a24f53bbf3f16d7c4ef0d0fc8ef238e,true
ae6b3163f842232e4510558f484633e09f467f6e,true
cf19ebe9f6fba094f5645697e111c1b34dc776a9,true
8374c7ee4a25a3219d3a2317d022fbd0f8a49bc5,true
82ed1f65355ae89c42fadcbedac567d926873ead,true
efae858a58571942b53b927dca67a24ec6a64ba1,false
3582d511e062bfd1002663cc4587df83a64b4003,false
6c5d3e9944197335240aa3a73c533f8f9dffaa24,false
e849e55807f7e58cb6e2753fd29421ffdea47b67,false
85b3b315046cfe61eece4644482d212346e61e8d,false
f16af8e9b57fc98c92578160599c1af8b187e068,false
03a0ae3604aaef5bdbfbdc7df974a3104943270b,true
6e665a07ca4a3d9af388e9f4e2be4eac836b6a8a,true
8149e19e578c7381b9f7e03d55905ecb6d8ae8ba,false
c27ecfdf67ac9f2438305a3652057deb96d05649,false
956067a6678f4e459f3a79d7c3c002e0e778b108,true
22a12d4497ff5341088fbd14e549b877948b7a55,true
ba51900f5d8edd975e9a36aebb08d9d15df502fd,false
940c4f38b8a86f30764433d81288c20fd418bc40,false
d6e2c85ceb4eaedc002d296543c739047d2ef3fe,false
d27db3146ef97256812340a784bdd8219bebea6a,false
ab8d98774baf0d0137ace4a4f6d12ff2f59c3275,false
e583ca61da59287b4d30eabffae9fc94eecc9db7,false
f245fac252ec74169910b266219e5bfddbc9b6ea,false
bb60fcf3b86c608b6ddc1d83da5ed3ba1955bca0,false
93813c1d51773ceeb98dfa3f811f4a612c75109a,false
bd49a18004297360290e2d7b6d4788062fb68d8e,false
d8966bcb59038dad7f4e7de3ecae373ae91d84fa,true
5add9982c37b4e18845224314bb7cb0d97f6c13f,true
ab4f9784d6755fc2a65b0a32ef91dbadfaaf11f2,true
82fa077803283f403cfc281c80421c278a87e555,true
4a04687c5029d187d0f27f9bdb7155ed75e24fb4,false
7fa5d9b06557eeec7c0ca824268c160e37a08ee0,false
9706616fd4281e71865bc93d4130ef7a17376e27,false
6f5792be4431802d0deab486b0b6c4a02b45910c,false
53a4a316ae952bbb3f215446c3d696b4b6ab3a46,false
b129133991412e12e7b92c4b1680d13ec0ea1083,false
cfebfa778638fbb17639a27edc2a136483b4ef92,true
70d94ffd43d82d53cd6b522e8a313b21f2f85373,true
f08cd374512bed42d1d8cb1aabda7e5692ac2245,true
294824cf1335cc490120467ddb174fc5203c0061,true
69f0acc9e387958a3d65fcc6ff84f1c6df900430,true
5e23c7b74767968d5ca3f832e4eb8726cb732536,true
cc2b6c8b9696f5da937cb36765144ed68cae1d56,false
5e25029b77031a3b0d3078c0a6aa37865ade7f39,false
d7f6162e5020a207aa153852de6a209459f0b707,true
58c5fca601fbcf8b67c72f3250c18f94d5fd9c19,true
f341b6c916bd0643d412bf194b24b1c3a5d54036,false
483e8a7ee941d103c694308400602191612cc46a,false
40c927fd61b3927d2e468612201a0d1f466bb3f0,false
bffe24ee841edc8358f01ced6bb09999089f6041,false
166fb594f18f286fa217dfe9bc87444ac8b7cfaf,true
4afca846191a40b8e2ed15538b1935d721d6d3d5,true
35b48bcf9381ef8fb74d010c5c5a8c417cfbaa44,false
6970c612f0a93aab63d364788f337608004d5b80,false
e7bc41edefc645ed5314fb19c64a5ad2bcf935f1,false
020126fd83016702d10a57881d5cb49982a7f594,false
caafdd7869aa4f20f88597fe462d675add6895d0,true
a8cb4252dec054f7e011e57915d3d918883de4bd,true
1670cb710d1f9be2c666c8348445a8b70723c846,true
8519a708f9cd3f0c9863aab89f583420dceb4ac9,true
1edbef2ee364baac6ed428aea6b502592ce9f0d3,false
07b7a11faaaa3863d1120fd3681b750d0a8f30f2,false
a2f4e1d4c8239197320d1da716a51029d99d6d3d,false
d648fee3e3c845834ec7c0d2a2dfa311b57e39db,false
f781d514918f51ff3ebf647c6cf6da91046b2690,false
96f6b7efa49bd223ebae4a4b73dced9586c70000,false
f8e661190af7768c979f386c01f8e020254103c2,true
e60694ff732784ad7ac5a1b3038436b984c114f6,true
83b42a0c55eeca65654fa828418eb313d3c1aa27,false
4f875c5135338b1dda301fe7bed535de609b328b,false
920efda7de64e5b2f5d526e91456e6454add6832,false
42a350a7b2be60a5d6aacb0546717150ed1e65f6,false
475e273e6d85bbaa025516449e4ed31a723498a8,false
701259bb1902d691c59bb7cdeac4363a4d2b7dd8,false
ac41f1510f458e9554b2c784ed1484df957ecff5,false
c7ed3cf88dcc796f14f87743ea71c99ec92e7581,false
59ce841ebdb79b9b4c47dd2230836ba941c004b9,true
ea5c27e1bc80af3e03019ff1c58bb1f024451d80,true
16d91c1ff04cb7e2b65b929fe8880f3dc014116c,false
0ee6c2710689effb5eceed3bc975a9bc9158d69f,false
8b417ae0f1b57752ef46f83087681039f35312f9,false
11d9386a2f28ef9f202c7ff81361e477ceddf299,false
8d6ac8302f135153b499fbd251f4e57a9b1ebbe1,true
552f1b1e3cd71febf092fcf25ea029a203738369,true
e7f966d3d8da83173fb79e9c3aac05f2f5c838b6,false
4f52d3cd06e3bb4225e6ffe621bb2feab3f70352,false
cf3206146e3e11e21e5a3f870a782dd816d984c0,true
cd2e9213be362c5b87e8027bf94dfcf39063f87b,true
2275578b18b24c35b8f4b0e59f41c4e52c1e5135,false
6c9c7687982dd64b3896ec23b7dbbe9e0655483c,false
ba407059792c1f5b8065269586375d04ab2dd5d1,true
7911b8940060993e72ae68d17715f572c056aa7b,true
2307d4939dbf66db21b2e77f80c83f4629822a9b,false
ff724133d7f71b472c6845a1f48ac14ec1d2b700,false
f8f61d4a9e413d5b8b12916adad5050638c8fe1b,false
476b31b609fb29dc40ca84293aa20a3a70d93564,false
0baad4e32a063a023b786bd193dfd32492224368,true
93d9782e98aea8fafc4780dba3a988b573fd3ba2,true
7b1b3b5732dd4b79b105d04870b848bbf59f1555,true
d869547f3c7e8812f054af81f461f3d4f6092508,true
48f2ebe516d39af672f47c220d41fc0573c7139a,true
05e0eabbe16cbdd02f9c6f2a835cb4560d5636a1,true
a0fba4d278adcc696bbf839d4730f156c704931d,false
7f5171f6cbf36c685bbdb7d589f1c957667926e6,false
23eacf6e1b72df1134353859be8e9d445daf7c64,true
0d4679b4eaac140e7cd82356f14d294d16ee1381,true
6e7b4af2441461c2159969421aca92fdb2e58a92,true
5fa672b39ec34536d5e42ee163190b3c5369ad72,true
bf111682f455bb39b82c6fb463dc1afd4b9f9472,false
b416797d114100a0db1c52ccbf3e5cbee116a115,false
452d08a2f66ea90c6bbcf97d3ecd5d2c0c61f509,false
ddc38c3794e2b70362085a95bd91578164a44aea,false
b4971139043e6f6837ad4a451e223a6b59663c2e,true
a4e7967fb4a7700942ca70794bd2cb27cfa7660a,true
69da6ffa34fcdeb6fa16863e6593cb9589322dd7,true
18667aa43b324d69ec5a749fae6195f3111858a5,true
ba4f6898f1ac536ae88c07db33d6e780db449cc8,true
bc0fc257e15c788f5f855013e83f36cde156c223,true
c8c0c2463899430f34376c1c92d0ea23c2f6e9c7,true
b93301d5b5757cdfa2bf55a7cfdf7e69db4a8178,true
c17f9b828e1029153ac07e633b85039c1f70a6ab,false
878fa9414b0d6328db8615aaa0d67e1e6d27d5b9,false
d4a78ac1ff4d8c565a37d465411dfa28f6be87b6,false
e64a459ed5a9e884ba51ba82bbd3ce39d4366921,false
ce43ab58b5e525ec673bfef0c53bcb97dafc24ba,true
76e7e8d716c7e39a039bf8ef66f984582051d843,true
39184d184fd49b60406125789180c9700e0ea638,false
2485d9286cf48c430dbc1efea588946de127c5f1,false
d53609671470b9dbfacbeb37d2891903888ddeee,false
326aaf7db8bd49e36f4c1014aa027006b2231169,false
a919ba5fca750fd14711d004babddad6a8346514,true
f92e00ff4a001c72633c5ed91930e0453032a185,true
855213235e917efa7ee5196665c69faf010ec9fc,false
27cac582af8edb64f0dcf4fcb8b65f2104c9baa2,false
624fef393765c774a733189e65593e2b6ae9e097,false
ba55413fcfe32c4ed08d2657179f772f5307ef85,false
114f99b58e7345ebec28da69e7fa47e928225c48,true
7e2c6a592a74e62dc632a21dbe6cb869dae783c7,true
691aff812c85f5016e5ce0eeacb65ad0613bd5e9,true
e36b23659ea55b193eeefcf5bf6dab8bcf9246fd,true
4a86485235831fea9c758a5a58802c8b06ac4555,false
9e3bb3f7da0381828595929d1120afcaa55b6cb4,false
219d2075b494491b628b492ecfc89833257a567b,false
4730ad052a4da3a417e53aa8d89598c335a64a67,false
bbd71e401f03bbe93ae342de5fbe616d9c6033f3,false
801d2535b212c6f2d9a3a148b7f38bb8331e6d77,false
b580658834f98123a482cf04c14765639f8a24da,false
fe44ee29c89c58634c5ca4af9c2f88dc8562711d,false
8425ca87aca4f67eaf450d4bf30473dc642c77a5,false
e648579768a5b9fe4b78ed5f3f198475bb9ad36e,false
945efe8acc5b147115e579fde2c6126498cde677,false
b6e90b13e088431aab988e86cdc6ecfe43d214ac,false
b066349ed9809b9b5b5fb85201087cddb95d9321,false
9d35c6823529f5323863b049ff6b43f069bc80f6,false
3d3ce13f4f41a4998d194f043c652e177a310c58,false
caba49b6c81c00baf3eeba55be51b09043b2cb3a,false
7eae71f5f80a16c0efb933a11b55eee70640070d,false
8200b6503133ac42e29ce1334fcaac1b3b002db3,false
0d33828bc37a7c802e0a25524f325f9e9d225eac,false
74a13221c55e97dd19178bff27866c997470e703,false
da3fe9ba3ef610eebda38bb099c8d3ec8a0ff5f4,false
002f9efb8eecc19a096515965e1168b2acafc12d,false
4ffd2ed81f69b9626ae5824336d881046a979d2f,true
d621ead303d9bcd3cf5940fb23177352bc3568c2,true
0d6ee2ee43e5e452bb8500e0d2f4a6e34bb61e3b,false
cf10e8e8a717dd58e144538605408bed27323676,false
abb9227965d11f1ef82fef0229ec0638cb3d0faf,false
508c049c275b8ab6a4cd7f445ab7f2ae718e6318,false
bf2b10fe316d868de81f1b154fd04822f751bafa,true
723af27070f4af3fd2b09106afb87f51f742b2c4,true
c257af96c35d082c8e725a9fd2d23c389ad243bf,false
3e32dd033b5f10898979003c581fbfe384e86efa,false
005db37fb0c5a1c05d266d66608a64bff0465889,false
4a956a43052858dcad3729327a382e4c72464aa9,false
15776b4a6ab638c9f862cc08c546d144afb5fb18,false
990bc393dba97ed6764a7df1956450c2859954b0,false
042b85ac1d3792b1c966d97befb834238198bf94,false
e35e54b0bd6c4283d0b84b1a7532d5384215959f,false
eb2afcc634f9e0a87ece5c019e7167c6e08ba65c,false
18ac5845e21d995f3a022c0e10e42aa01b968727,false
ebaea8f6233a6394175e592cf51ae1c9bc4dabec,true
0825b475835484bb55d24cbc7c850fca0fabeba1,true
0ce40b98cbf1ff92bf1296dfb55c6f0a2233e3bd,false
b3d754cf411745542d17c8f8b6d7b2f6925073b6,false
99fb7a993f378f24d28b9db8b13b065e5b6940aa,true
df64ee858e43ef054448a9dec9a02acba00832c1,true
c62583d076cae68f7930c38ff1f1b70ea7f07a0f,false
18faefba1822bdd854bedf88ad55549f4ebd2241,false
a477b5d390ae522f6e09b5c3025ff9b4d9bae969,false
81bbcda14244edc8e5c2338913e8636c9806d68a,false
6dfde5eb6fe7512880485f45d56e0542d066e5c9,false
6f09104203ce3f4f169e55ef3a296f9818edc7ec,false
beb8a1506bf81a6f527ad654f93b519737990c61,false
973f311d6ff5758afbf7cf7a485525516584ce1f,false
033870e439bf693065a00cbddabf6f48b5737cd7,false
24a2494380ef3ce92edb5810ae13b092e3548673,false
bef2256a85b7f53a5fcbd2c63fd88807884568cb,true
c16218277407438d85119bdac6c4f37137ca5af8,true
ccea505ac307d9f0c804b0f8180344b2c82cd41a,false
4496107a9c298bec79eaa29de380b99260ced41a,false
45b2351418b3eb78bd1af05db48f64f89eefc2b7,false
d2b2b5f7f11e10aea42762fa14122ced7d9f28d1,false
0a3428ad03588b653ef7c5bd9f151d6a7a8caf9d,true
e9cb2dc7a6fae1be05a1137b1bc4acc26ffd9c81,true
9dc9bf4abb3d7018c33d6ca8d8c611546f2aff3f,false
142580720363bdf70d0d2cec79e73df3be36b252,false
954605a66da81cd4900ddcecff62d6d3c2ee8af0,false
e25e108d570cce605ac58e4722980dfb66fd69ca,false
37f00cf0ef45112d067fc01e6c5f6eb0bc46a86e,true
60bc79b6b873eba8da0ef8bb23f4d3edb91b527a,true
b35dfd80eac6782e0f9911903c1135e06b306684,false
4cff89937bbf9232c0c0667172b6a4ba7664df2b,false
6d6e3dc4d7c85c917edb5a7c3b51fba8aa2b687d,false
b4bfad313153db2b2464b726c4c5518960057719,false
919976ca59fd1b3681412ac8a18c4d702a2895bd,false
ae0b4887f8b665185a73fb18533b54df62a470a5,false
ac2363e8dbd8c66ed6faaad3de762b4d1d32ffa4,false
e39701213ce38c6dbd3402fccff98d3cf24fa1d9,false
59b7cfa8034618ca6cd45a7ab59628f1987cbf25,true
481f549e9f4955fc13800ea50eeb0d5bca7d4446,true
677d77dc87ae8afd7ee2d7c1748d65b9824ced56,true
05ed7c908d569783ac9f0007d271e3f58fe82e1f,true
b7d3e6d9769b18b2fa763872064789e70b19944c,false
9474205fbb35595ae7ad00117f8f2ac53d90edd3,false
b533e49185343e5b9c3073b98034d1fbf0ab5b19,false
4f269cb346de02f9c3d016adca45e4a07af41285,false
6c41f9d76a02e5789e9b1d472f2aa28264e2391e,false
5490c2036123aea28d03cabe2079fa2a8bc3d9f3,false
7bf9773141171a6e2b53ab8916b19268a4c6c1ed,false
c3afc413ad7dc8381a59912274b4f6bdc24c2356,false
c6579c9661917b2e0a4a2c6a011df6a97a730f45,false
c6afd328ff2b827ce6549125f69bc3a3d73b2c0d,false
17cdcb36728b82716f2c29f2b2da4e2b04045adc,false
6b59a17df7c8290c37c5391330782f942a0a0ef1,false
0a891fd2a3f32c70ce4fde87ff29ab58c462284d,false
1cbb2cca7809392e33c5ea6359e999f7c584e822,false
e6200d66a2558596d51226e7cffdf174719ac9ac,false
3846cb89167cd94fc90897a561fa24fbf3a857c8,false
7032fc1c716f09fc02f553433307928c3949e962,false
d130d54b70f20aa9da758ec7a999a88c2bf967ba,false
b28057b1711eccb502d36a0a3e8bb6c833f01bc4,false
8fe2b79347f5e51f0a147b299675a1f4d6e5dd84,false
67fc1c176279638f2965eba0e5463ed88d3e717c,false
15232b4050f0531bd20d903f8a9c6d7046da103f,false
7b9597ca09172038cff997ce1783537ee9c4987f,false
2227985970da7b80ae3fa02f042b66046618ad4d,false
811b39ccadbd654a43a2ce65149f0d386dca7d2f,false
7e814d82a68bffffe0984a07bb9e8e987754993d,false
2d15c09061c1eafea0ad7f79cc3e889ee55104c9,false
8ae1c2bd860559431b6483beb594e8b4cb5fd5b4,false
31d63f3f2ae8bc82dfc8fa64553cd2004450bf95,false
f272613304f6c6ed292722bb4007735ec64cbbea,false
1ac24a2ceaff3706858272731a9c9deb61972fca,false
20dec0eb680400814648afdc888fc324696a3a13,false
82cdeaa6ed3cddad798065d8c1438ddcea89295c,false
90f1cc5b703e9edeb33bf4e71b4109ccc6ca3da9,false
0033b0455f8877c3e4b72413af81897d28341894,false
9665a5219a7aaa76ea87c3786fc95ac10aec0b73,false
6bb3c1cd75efc8225d4ba487de8b14c50abf1b75,false
20f1f1e1325919726a2d28ae691a61abc75d45fd,false
415bb91f5350846f8640d77ee0d3be5449b9b5ab,false
e606851bf36ce5873b3efdfdf787f2aac53c71b0,false
cdd9704b619bd62d8d9680e177ed321e63b5c47f,false
d4103a22dbce771a93a889f975a1b7c84fe1cfe9,false
69e292e2c38a8fb079aa1b270cc8001cdfda1352,false
c11eefb25851e4e88e82b87008df949239872f06,false
70fa6a7f65a3fda69016194c8d99d001e74cc9ca,false
730bfa12f2ff6d943af1acda2b13a777fef06444,false
9793ea3ba0299aa56aaa1b81f401d3c3cd134134,false
d37ebe57618541aa5d92f870697b483c737bae86,false
7f968c912d19a32d2f76b7447c1466213ef4c5d9,false
28686db4b781c29ef7fc663d11bab0320aa5d0d0,false
0411b6926c24c1dedf6e15433973f894b5676e38,false
27ab2120c220a4147b3814a65cfcc9405b0a82df,false
ae108fe31db3056f71cfd07f109b464ea9f7ba37,false
9baa88c00a255e492ed0ea8e8995caac5b875125,false
187bcf61c7b42f034dee96c20f8a8823ec2a3248,false
60384142fa9b0bc5f4b7992c13cdd0dc05165754,false
597dd21b9f5ebdedd642db8ea71f6e384a57b547,false
00d38595ccf875592e225678de11efe3870b98a9,false
84cf1f70e5190b2807bbd61cbef4baca64a3b1bb,false
bed41589472f6fe5badcb3f85c9a9207362a67c0,false
d57edb1a8b92bafc934f277069e8bd06190e45be,false
702226602b8a80181551601459adc229a9635eea,false
5c03205bd476560985df4b6195e9940f075566d7,false
837f40a25a601266988cfd1dfe6b4dcf6a789d7d,false
13aac6d94ee2d15e4b4a0dad79241c1fc7218c77,false
299fd1657b29f89ec0dfc901e817eb81a1ad8d77,false
5ddbaa990ce995573eda165baae9fb54b3ac5094,false
2ebaf24198b4679987069a2d1b0044417312bf87,false
bfe2b5be62f20178515551838fed4616b9929b42,true
7becafac6c6bb950be43b4bd87709f9c060827ec,true
079ae1c70586b75dafa904704bc960c15477e111,false
fb987d876a93513400955eb21766a47069cd29f4,false
a774ff03fdec50276cbc5637874b7ff0b0f63a10,false
a00b943c268341cb0643173283388eaa96feaaa7,false
eb915b856a222543c47b063489dd0dbacd93385c,true
84defbaea177db5e7cfab176fa3a934ff81094e4,true
f5f97eaf926ee16e272c5329807ad915969d06d4,false
63b90cd604ae8a3eace98d105ffaecec0f4ea0b7,false
38f54f060b1a90dcf39b62368650c9fa496e2f0d,true
aa020723a33cc7292289f439cb035c03415d68e5,true
68d1dfce3bb6e26000745d036e607658900db4db,false
c25c03a9b23ee9c8ad60605b2d438269c1470f3d,false
ae443853f2098fa4d533d35f33e35b67d8d4af2f,false
f0a8710744d551686b2641fa567375e4533a52eb,false
0e46b6566375265d0f55bd19546209437c7965df,false
7ad277f05449da57ed29bd4e6a0c7e5c8ee7984c,false
3a260ea89c62ded4a874209f6b918461d804baf6,true
574f21040d4df6e5ba11d24f497e90d311ceadb3,true
8926e79cf78544f5ad4d694d72a32322a84fdc0a,false
cb2e33d0a4508ab2ddbd2a49a25c4b9557b4500f,false
88daecae1a12a76a13482206e9a2f363d4025b00,false
455ba06593964c2cd798c765bae8879906ab6b9b,false
577886f0a37b6fb2a86f1f4b59e54bf8dce927d6,false
ee6f6d5cdc954d73b6d0c9ee25908732e641fe70,false
8fb2b502c8a680fed4478ae158208c4c2b8408ab,false
08a3c84a32f10a792e33fe1c3eeac26c440dc3dd,false
8b05c7efa281970728c77f96e4f2a372f6c9fc3e,true
649e2305844786adb3d47a5d407b3d6423bfffe1,true
f293c93a434d4e4f701074ae4f072160796bb5cb,false
4394901b4513afa1a1dc0544ee938c9451b50aa2,false
5736917d8f117fd0274657722a8e55346c007d0a,false
234e18e5f67cdd61792fc565b2e98fd54ee6eb3c,false
172ffec8df892bd0b446ea439df2717194f68ec0,false
9e19b306c425d906dd32b5a9286e89372666d3fc,false
e47f66ef8c11f04e1dd42fa46dc06010e464cb92,false
ede7122b55aba030bb21338c175bbe135172f4b1,false
43406f20e9e9f3c234d30955fb94a83a9023d908,false
bc7f7559becc9895cae4d01c4dfba05ffe0d5141,false
6f4e9d19c674f4888441b7b1893a991313b79e4b,false
83707cd5128f582985b779cec211afb6bb670cec,false
71d0b4bd15df4c83c4d55a4e9a143ca1e02f7d74,false
8bc5f2f59a2350d6f73f38900feadcd28c051d93,false
1e60a1394da00e5d0ba2c24f0e6f18e140eeeb8d,false
f499ca502f19180e1db6a4bbd02a5d6b05ba528f,false
1ae264d5901b88a6b9b1bb7341f4c56d4ed07923,false
d65a5d45e19b7ea2c60903fc6a9fea063212dcc4,false
956b28776ccf2827cc1406d6ceb06170a94b1382,false
ce1a2a3d8a96689ab78efff900f075a6d4cdba7f,false
4ffc81bed137836c3112720aaafa0fba1c6be372,false
f1b1ba22adce504f14a5adbf6fae779f48f0e99f,false
c49188a516387f490157d3c5be5a459f54d430e4,true
eaaaa242df8208201e08e1c410298978f922ff6d,true
ec064bbfc46751c67296609341e31cf4f2dfa5a0,false
f1dd64abca394ea81c2b855401301a3b3f649b4d,false
0ac2fffb3f0788ced07dc50ed930e3cac92d7eed,false
3b78edd8024f94b29fcc1401c118f80bba6f8b63,false
2751a1a01b8832801a8a8c102144e5e9a6cdc062,false
ed8b4043159b73d0143177d211b41fe15f7c34e8,false
aa9f880b18f6cf6b2f09d80caa72a9bae2821589,false
78f59c6802a7d28e81f31d33b50b260bcf601a9f,false
54aedf56c7c7b1fcbd1536e84555eb71e40d54be,false
c26810c682dc577a36352b15b7bcc60dfe4e5eb2,false
187c39b6066ab95c3b9a22a044156d5e616d8be0,false
621ba3fef409464865c819039d38ac6593a69147,false
2cfb9c36f9eb329233bfeda40adcaa17aad89102,false
6da3d1696960c6531d691c4821a8b1021455ce3c,false
763ccb94470b2a04c064e22ccf4d5dc47eba40e1,false
f32017614cdb9ade15f5706acf08340f37645b7b,false
5b6fd447d6ea61c0a21ff899afd79d52d4a236c7,false
e069eb7d4af5f6143635e3012c5ad710c9cf4161,false
b84b32b04726215f973c991d222d199f007589fd,true
96082f55a801bd1a548a946e920b87c2d1c0a256,true
3a5b69a4c63f5c520ef1012dfb17112e39797bc4,false
7a6ccf912d532d440f3512a74c52799b212c45e0,false
c6cb3f64c88c26dd267534ad769255eac7223a02,false
ec2fbf9923f2e16b5b5f26df03aa9fd8a4c4e1ae,false
e28dc1be2eaa4cb52361fe8cbec97b1e87cee459,false
73dafa6bb2be77d5ed5a33a2795f211968a2a91e,false
963ff30d29a3ea02445174f9d9060cd1904783c5,false
2b06bed2e7b62ee4541f7b30df71d3e497a7a3a5,false
59e69006b9b07f264a73ada9ba4de5e1d46e6d0f,false
fac82bda733cc311a4a14de9d6300a9aa075b81a,false
e2edf65f17f0c2d95638de1d4695a4625e825c00,false
72ad8dfdbf74d1ee411d5fb93af93320450598d4,false
80946f5b54a5c45ecee9e00d497d13ac3af99b65,false
45286f5f290d778b80821309ebb1c0747c989a08,false
b7491b0532e41392bec13376aff015cfab01278f,false
fb689bef7ee3c11f571952e435fcc5178adc6f53,false
353d892f9ba4f778a0d8c2f1899984e632ef929f,false
330c330b6fc3873481eb850d12f59a1dc6592a65,false
4281be72a9ea379db6dfd7eb1c3f64931c36e04a,false
e9d21177fb97d76249c4de48e4a10833724d210f,false
129eae031cf23ad698d77e38adde610ac64e8812,false
315e3e51f7544ddec893c902592000ba03ff1367,false
bd7344cd5d0dd6fa7ee87790f65e9bc2dee63ce7,false
3d28c04a95c90ea57e7f3fee6645242aa3b49561,false
d76a77c518c99924244a98a8e2b63cd96a4b43ac,false
c3a1cf62067917152105525a778c78581f030ee9,false
a63c1224df2398574d95ef0f630c0bb2efe3f165,true
f762eb0b4dc112c53a8900b59574dcbc3d69df13,true
fa02ac8ddf868590c8e7cd2e4cd042ad4bd93906,false
ea2a6dc277e9da2dce7761221728e4fb6ef51ec4,false
e3047c532038134132a6db77be91abbdbd12bb66,true
a82ee22bbb9fe9945d34930907b63fdb768081a0,true
ac73d3272f46a707f5184cbf9f784258102ed9fc,false
35428b0bd288f200b5b359de89c63e32cd4fa1a3,true
365653e25a1e2714068f7054f91a1e0989d9eab0,true
f1e7b6f22bbff55472c4a1797774878469a26179,true
c204dd265a3e74dfca53a860d902b8b4a9006ff5,true
793c41ac9c8b21e35421c376fa63747e760150e7,true
4a272bb235f08d0ffca05867d0a1bc8e9d2ff063,false
a713a0e58c07ff43250872fbc48dc41ebe715297,false
37f9c4e0c042758d59f040c6819ae37e7bf1f19a,false
fe370dc9963849dc5abb8ea2eee1c6127da44852,false
14439bc053e26519784a0a3116bb9300ca7bd06f,false
d8dcd8ec34bd2665639f7e6a8d7e7a4283a16abb,false
a4c826d0ab46c4f0e376d4798267efcf77b73ba0,true
266bc19ebf06aad2da9def0c8174850be8573b30,true
e5a39a49ad04854d032c8a587c328a18faa2b92d,false
085a47e7b70ef777926b3faa8517e0ede7d897cd,false
9a87eeb9a777683423f687fe2debeb977a74f0f8,true
cd245a4b1cffffe89cf13b3ad7368c0f102a2a76,true
04bc537b1b06f5bbc285cb0a373f3f6c5ba64293,false
f8c7e4a4e1df922107763d42faffccb7c67d9cc1,false
85c02906b2e545b615be331c1ad7027eb7833649,false
2cb49f7d6d3e75458bd1d686a770a00bd700a3ad,false
3b93665769b05ce23eee73c79e479f24a89fc287,false
bdb97b37d35b7e850d7b3b8846aaa52cdee15845,false
9e523acaf6b43b481cee63567c7a4eebbb47776e,false
6db5f31dc6dc419b4e74e599679232b1a9b99be6,false
f62357b4cd9630a7e310a062ad899e23571a58ca,true
392502b1e635f28c43693e0037cff0c56c1d8d01,true
2d879d07e063649067d1f73fde58a8f80f458400,false
a3e49ab388bcd5a2e9dca4f7ba3d47fe649e0069,false
89ab4b840e856a1badbd26019608533a462f32d4,false
5cb0a9f890ff76ed1f364bdb40e5dc0a00afa43a,false
ec0e52eb321eea13c596b893b00039676ace1648,true
4e43ad25be2360544021c399afbe813c967b1b7f,true
676fc8bb4274b8b32f6dbb2566fe1b5366ac65f8,false
073f422c6cdf40f14d9419d5eee1a491c740f715,false
a403ebe70938dfede81a2c0bdd6553b03e7ab5f1,false
0a2603fb2746eeaaebe8e922bde86dcd3393994c,false
5114e6ee19a2e555b1e528799266612eec7d1fd7,false
a71bd8038cb70b8b07569c1bca05761ec4102345,false
8f07f1959155aff039ee913f3c0c33a6506805f2,false
0dcc299a5a6b04e3f0503a3e6efa946f0aa85ddc,false
19cc09d04399cda7740a83c7a4c177dc60fb5700,false
730fd46730caebb9f8e0165980c74f5502549b87,false
2ef9ea0eb018f37fb1a1493da11799c3120c4410,false
6ad540676ad62c185194a7c5860e2c178535e29c,false
94c454385f1ab585c5a5a910a8ca6157e1d39454,true
2d4fd0c03956199d5c4e569ae4f4748063c47fe8,true
e67beb2d8cf0aabd29afbfa944d28941441284f3,false
e77e549c7c4a562a765832d9bb0197e71a43b2e1,false
c34cd106b1edda6d24c614b65a535cbc589dc76a,false
acb9924fa923da0bdf3f2e0f5992f92dd6b63465,false
376e5ccc52d397d571b4ca2bb3915f54eb0d5585,true
a1022cf7c79e65461d351c770a26b86c2fe15321,true
b28f17b498d09c957eab43c14aae422ae794acbd,true
cc4be2691cab9ca20323b73181fd5d5983aac276,true
b643a4af7638d78b9f9753caff0699a6798ff5cc,true
b595aaf5d7486a7147f661d380968793087e3c7e,true
89e3404e9a85ab77f92a19a8ba86db1d5d4861a4,false
e1ac1a42cbabb8fa8fc3d85a71002dcc1b568d5f,false
f63b1c158bcd3010f81f70a11c7228aa3ab23f7f,false
4d2610fa10b23d13fbe93e97e55f0e3be225ec62,false
3d0058082f451663500ec95d1fff9c9fa2db5a1f,true
09c22c0eb86a1730f1138e961e75004e8d53fbe0,true
f2e03e0a537f2e97b4a642ab698fe0f0fae37765,true
4be958c947fffe0a5a26920f5efbd27d1d2e5c76,true
eeed495ab70e18a6517783b6d5b51e573f38fcd8,true
1e5c3e0c12ca1597a68546d85857e2f649056eab,true
940793e330f9307350799042e3de61e0d2ecf414,false
45f44f2943942b50f3d35d7f6c4409fe4c012cee,false
0b523327ebb8d9e95a02e11465ab634766dbcdf8,true
be9e00aa0db8dd93869975c34173453dc1bda0aa,true
c6a9ac514efb9c97191315a7aeaa9944ae247c10,true
2d71646668fb668a7929b30f18255945314143ca,true
cba385f76c23a75bba6312914adc07adc497165a,false
136e846fb4a76666d1571695e5d590fef7bfa7b0,false
a2bac144b80bde497865b4d19b50df1e472beacb,true
dff7b3c07423d95d14c449a26e7ac8fe86033558,true
98633cea7ebac578687283c3526376fe0d059d3c,false
90114eb29defbd91f0dd1583338bbea6eda95564,false
7d4a17ccd36b58d34fb273314839754242697ad7,true
6c9a751e8d6fdf4b56d1f4da3c33cbc2c93d7f5b,true
0d0d7b25c44c696463b54d25361b0f3342816a76,false
b4ffef1cfb6dcc8edabce5044ad2961a2c5a8092,false
e0c0a3b1d425b0ffd69e2a29cf7b93de3e26a28e,false
59e19e530f969c17650186363cf5f92675eca1ca,false
ca56c7c607d15fd48ad7894917bcb957e2ea8ddf,false
d1c530f318a191e5938beac206cd5ce5bc3255b2,false
f16476ddd9a4a4052a412a4b83d50364fc479f51,false
ece4bb8da21b47f6848735bed60f3cb844da9113,false
921d3047a7d43ec0003717dd7db16026aa3cd474,true
2c63e261170eae8662ed5364d8a5b68da7165918,true
0e43422249b99862af480673cbab0b50610bef7a,false
411c5ef277493d6372bb0d5d95e7b6c1ff662fc1,false
c724b1d754e1f1b47f03d4746538846ebd56e357,false
c86c1c876ab2233d9ee6d8c882fbefebb1283b80,false
4db98d4260b1a2d9489fd3ad57881a2c5676c398,false
7d5e66fabc4186aceda3dc804bb6ce73caeeb32c,false
f98786913862e4428426031b978695326186c2ec,false
94ab6a2ccc8447788d3dd800bd978b9b595ed18f,false
3a05214e5af7dfcea97fd9d17e1364af50fd4db4,false
9f9fb003bd93b04a358c234ec7fa51c5b26b4b27,false
33286f6d7e2d31b1bc0d6b95c6c504d50677d046,false
97febed8f1d2bd47cfbfa038cc017bcb6736e6ef,false
f15d18428129beab54633512a5a78163fa083873,false
358f35e70859f67899895015f09035247ee01771,false
28a68f94cc62e5fec839c90de078d95cc6b6d950,false
908469049524fa1b08fb0e88a3477004cd13ad1a,false
9212e360437f053b5c926626252adc30aed44951,false
21e97f8fb73cd99a1557de71eafc7b89c6d79496,false
6167de30974f9131564ab54c0ab71a5cf898248a,true
ef0b7530009e47fe4a1fd0c45ced0fc85b77c4a1,true
2d79d3457293f02b592b705a31f18d616bff5712,true
fd26a60dcfaa1912d670856ab134dcd25be6e7e7,true
650171da6be75ab0b638e8b11261c0249a609c5c,false
6f1ab9dd63a725d1b36e6bddfb14984dbf1d23a6,false
191cb7124bf06b13bd6b655a8551e6800e834b8c,false
ec36ef36b85e03314b411990454b52b367001be9,false
867d2c796300980b7cfa16d9df5c7751b9da4ce4,false
f0b688f02fd6d2c155b62a60c4c395f379cfb5ba,false
ae929c95bf7c27e9fe2a4d065e65ac22d88dbdd3,false
992d40f93b1f5c26895fd54f431d11aa91c1fa09,false
ec0f7017a9939ed4bdacb1181f4757af769b60bc,false
99f320533ba97af111d321636f41c07a2b29182a,false
7a377462ee37a25772a2571283f659fd818bc441,true
b37b0d18be6db6aba2cb6641bff3ca4d0fb107cc,true
51faa1e987cc3051d4426e2b852a1d5c547e1689,true
7d065cc19947acf120ecf4b9a39b6fcd23621dd4,true
34e6d85e0dc6b0f7e339a8568c61579140f9b0cc,false
1cfcf779cafad06655c2aab8fae586c31ee6c064,false
6f98bd84ff8f3f73e44fb4a278f012a2120ebeee,false
c297740b7076c432b93389e28a3e97eb071031bd,false
59a30d45cd813b90feda37b14f4a3daca2361f0c,false
48a0ce99ea154b1c048f1975e071474b6857c641,false
58dda123ef2e005336654c7605b80e5d63ad525a,true
8e8b39d5cb8c8cc60ff4b88084c117472eb81a39,true
fc95e1b39ae769a36f2c726f5671071ce02f4eed,false
b5fbf8fad30c5f0aa772210551d49c2fb8ac8e12,false
66d5850840e114c4bb897d30dda107e1b5ea4f56,false
52a2813047702c84e078f85f1ef1d02584c58e9f,false
18a9105dfce44f2f5ce4d9a6bc17d1403272df99,false
3fa1c5be12a61555936f092c9b098f40effcaf63,false
55874f4b66e3638d9d1e3caac9e0ac27814ee155,false
c87b86391a32143dd78a9a605f6f0e68c3125396,false
cf61d66f3c8836b23d9cf40ef8d09d9bf628bcd3,true
44b4b70294b4a29083b7863530a6b8977803423b,true
0178e5cfed75d5e8ee260c1012fb0f444f746572,false
85d573d8cc59c0bddd7bdcd6d48d688e7334bfeb,false
0d12ee7e469cbf9dcc9506e5b5815d43bf12ebf7,false
efdf5f48a81c5d951d082fd3d01ec6960a5324af,false
f576cd070d218820268410c8ef1312f05d380ae3,false
e14e5befb666ce0a331355b4aaab2af3b269150a,false
9569ad6155257ae6639ebe10e54b2867e06bea61,true
a14e817448279638695e2b38c0f3293d79b23b85,true
9d05326c5e2583ce7c72d1a2ec71977c394583a0,false
cd90b5fd2bc9353d527b215df9b5a700b661604a,false
d884bf628072f7c059e9285b6f2d4afb12f3660a,false
52084dcfecd9bfab65b4d6973a6d1dbdc36d0020,false
6b4a6bf1aeee739ae2d28913ed4602337f5ef419,false
c9aa28c920eeee2f58c32f6fb6cc3d18507a1785,false
a6935860806b21e13cfe403ae18524d1d104f744,false
7bef6ef56cd4af80c4e1e3e1f1151ffd31858069,false
c1f76cfed6878144f6bdfc6b392755ae0081b767,false
213595b12770344d198de62741a736ef0987bfe1,false
ffef458e714d17bfb3d8186582c0299182fc0e1e,false
b4eab5923e0d32a74f806a2431f7315e2efd51d8,false
dcdff3b3c46a3ef8227de8ce94261e52acd82e84,false
c57bf189944ce300eedc56f0e1e2a1ef5a265fa0,false
eafdadf91c5dad53fbbce25ff133ad8f9215df10,false
d6276dadc751d9994ed0a69e105ffd2be0adcef4,false
1a6fde348e49371f7f4ffcc55648fcd465464c7f,false
ba8b5cb9528958dbdb2d65b9bc5f970e93bc36fc,false
6be2e5610d803081630304bc58a95b538d9191e5,false
4e692aee458384a4d3e486cee728e8d90f0e42a2,false
04b91919b939f223be05943d5b239b5c34bf952f,false
6319b25d609fde5789d56058b67ea7f31fa13d8d,false
cc99f79a7a4d4c65c0b261cb9f0f0da6e1c13ab3,false
96c1b08c8c27274653ec7fbfe86845f98d804bf1,false
697fb6dc1e8dc24052fe53cb1668110726c6a6e1,false
3218ec1566602f2d32b5df60e6ce897d7dc4a295,false
f3f8a49c7859dd94e707f3d0518fdaa49b246555,true
f0db203bf0aad36464ffda976fe395c267af1c4c,true
d3d52673cd2d2ab546f7ffb9645a698202c10463,true
f2906a4ef19375237bb88f5e4b9b07b99cc87145,true
4d916da5b91e763879b2a5b50e2cbe2ec43876e0,false
db713241c9586e8b7d8b8c7d88b846b5ded2f920,false
43fa99fd4200d14f2196e312afdba5d863ee2814,true
335ed6114c523cea9ccdc0ce561ce04acbf68a1e,true
7244712ff9e85f9f4b06162189725628a3d75ab7,false
6917a0de30781a9c7f405f1da09e5c03b21e2b19,false
983d7f661f4fb72dd7c5a8fdff076182e9be1bbb,false
b06b3f6914dc1465b0e62a3ac72eed1ff714b155,false
bd9ba83d5f7f9a78ca8e3cb2bbe5161c68e08e36,false
b928405c41bb27fe4947c9d0c85bfaac345d37dc,false
6a6fdde92213d178773ef1af851e3260d7dc0f4b,true
28da0c339c57e48621ad9036600d42ddfe7541d9,true
5830adab82d55f163975d15da839bfb56611a26d,true
c57f2ab300e4efdba09f651613f125fa2828871c,true
63ee98f1aabe81b5b8d579a849e1a7e8fcdb1eef,true
4a7a9dc81723c5b8b35332c0e90b4b1312a6575d,true
72efd0472e53994cfd9163960f52e12bd639884a,true
7d587b90e217143191f231959c4984fdc96fc17f,true
989d6a2579e129a0ceed25c2a7c06b6baa0ba935,true
3cb065e2e21e94e8127a1a9fb67161c312e14196,true
c2f9f62f983791b209a43f793534b641926fa910,true
9e882977599eecdb7c1e73040469af06408d2651,true
6904559620c7390101de82a299033132ccb9bbcd,false
e335256094c769af9e93921454e73c084c4362bf,false
22f570b4c350cb01fa937cd0f40191b34d4bdce2,true
a26cf7b8c92471ed41ddeb8ed9cecce73e3d4cc2,true
457c5d831ef4eff2617d40d495826dba14f65c84,true
73cc8dcbccf0daf468697a8de7d95a3ed08d3a7b,true
ea1c44c6590913a3df1272f6f909611eca86288e,true
0c48e0c7a6e6576089befc4ba1eeed0f4eff7429,true
2b902019af784cf0d74f0decb161444103d58d4f,false
9f853b1a138d654c82b753428da0ab193c2654dc,false
62a4d0e7fa3143800a9f1c4c95a4d4816de38462,true
dee66894a092971901ff171bef017727e0005701,true
2ba876c4bd0374a8217e7fed2c08f0b1df6c8aaf,false
ec1343e0aff63f907c3162fdc21ccd0f48ec1702,false
afea0cb94287dbd7158f1f38cf44684f681ec7e4,false
20d3b188e0143846572fa4b32ce307867e85aef1,false
d1d4378b5162280beb195ee9cdcd49dcc57d23c9,false
63379389760029a338cf27fd6a4bf1e77d0e26d3,false
bea0a5747065e77bb2d1992255523b2bc68f46ff,false
558198ce21e9a6b122c5de2130d25032f615a2af,false
bf0865e312b1b08da35b50e21276b419632883b3,false
07cfa00a38a9d9ffdcc59ce397038c1e1ae5dd47,false
d5f76de3476d6f0f2bc43b38c07d2f92c290cc8f,false
8db9ef7a7ea887a7eb7adc06e43b121b0e9e9f0f,false
95de8fc93f61fc0679768d06381ff57879c4da67,true
2dfc430269be33da9a70a9ab6abb588c0fb57702,true
3d73f9591c3d1d896008ae136129c56b1e1eb32c,false
c734fdc6913be5fc8c9220f547dc14b9542a813d,false
42fb295a17652d006b5fdb539166d41b06e9e92a,true
2b3a5b6b5a44fdc661aa5da3ffcf1330ca546cc2,true
4e5865d094b8188d33dcb91d444941343724d2da,true
7b95b0c9204936bd2c934271cd67f32161d30a68,true
b7a57a43f5e572b1c9688933022337bdde94ac09,true
633398568b77f4f16f394419c95e3f986ac0e1be,true
6edf594181202fc2d09afd05658747ce5ac22ea1,false
3d9ff50ffbb040b583a19a8100fa76fa2a90cac3,false
6ed4a1e49dd08f06ec12d48cd2ec896a883951ff,false
bb2decf4aac168501eee59b2da1aeedcab3dddad,false
fac1f312bb4f9c24129d0ce3122e2c88be75c200,true
2edd573636a7dbad4b96a8e3c695e3f944d4e98b,true
1e9f0da2ae22444d6cca52719b9a8a34648e01e5,true
f8fba0a68dce9ff71c3e2acd3a013a340c5b6fb8,true
0054f31a20b6f279ae1d5539910b64bf7813c8ec,false
52865efa3a6aeb5ecfab178acb67c2dca0c0d6ae,false
844a41e146d7987dcf8b7bd862884288bc1299ac,false
59e249ab9beff54e950cbf031ec9274321d2e407,false
937c641e5533a9c5e57ea56384d8378ad176de95,true
ba497f52859ae17df633ba17e3cdde647a372d28,true
56eced21f44eeb8b6f92dbc37c0acf2bd7f99525,false
de6e8fb0b975a8992a05d3473a41d4ee74e2e57b,false
94bb892015d9ae4bc7a7a3585bdba748a228cd94,false
052daecf312dab6775310897cf08761d644662a3,false
79efcea17f319db056107d06c1eab77e3aeca9f4,false
70e32a90fea87933b588d2dc07d2d08270b6ecd0,false
46e71592f37a445ef9dd05f7444d50b05af0e9ef,false
7a7db29f03792f5aa759c74944491845d79b74d3,false
9f92b7e2fbdd77f13694bc849959b7212ecd756d,false
ae476580594004d4e0d93d673d75eda1d6fbb295,false
c3b2d5b94e153a7949ec8a32040766c4196751ba,false
9673ce57b63f2b3d1c9d323e2638a6d8f1b325f5,false
b635e551bc6a4be578a540b87ac0063955526c34,false
f9c8f9dc156c0f05b52abe9310f2a7ee391c1a08,false
75d0840c267f3822db376d8f461b92cf2735ebcd,false
7ddf5637659c6e4e127e5628f69fb9b5fef29365,false
99d12512c9d6300dd912343673ce812775c81102,true
8cca46bb3a4deaa807a0344ddb7ff686f74a7b93,true
a67906a3643d99150e43068356d2446b5a6ebf12,false
99d48fddd7c1af6594d0271edb1b373fd1ecc625,false
5fc1764926fd81fb93208f90e0edde7a06968e8a,false
021fd5ace588ed1e09b2da755f328cd14d84a28a,false
5e6cb769cf0854792af1a9f460b28499c4593511,false
a5885a4c49d7e58a13326bd99c7ac54c052d70f6,false
dddb4e2641159d620eee65d140c64dbe174eaa77,false
2d1869948e54862f91ded874c505e97dd4d71a42,false
ac7594f486dc7572070eecd823e06ff8b830eb3d,true
90ada809c75f208bf93094100b0899d3a742d1c7,true
60132c7c63ad983fdeaa93e2c7e50a73b737fee3,false
c1e6146da5be946c50a0dedcc4abc61e3578650a,false
1f1d9ee7206004d9681d19a902106bd06134a597,false
1a0aa0d5af78dbc19cf493553e5219555f94113a,false
89e0a27fd1a10121579628dc6648be450045c014,false
b55f791048f052acb7f0f50cf8ae7231a15e3862,false
135b3624d9f0c324a6d79bc1761db5b81b909c60,false
6494129a4fb2a9115b16e74df96d7e248b7fb296,false
240cc593380ea3369b3778789e29e8820173d831,false
fc9ba217d0513bc80fb5621939612c4eba94cf75,false
ffc6bc9d8252df2c0fa80d11105fc64c279c2921,false
dedd74b5af19ffeeb3de70e745c113180985c57e,false
27cca8682d91b8a7a0fa911bd57735531ebb3e24,false
bff4183fdc0a4afea6b60d91ba3f3fe49d7e80cf,false
ef8ae5afb4010ea8de72b777c3201af03262c77e,false
06d629e58d228a805a03cb77bf39ab86d4e7037f,false
55982f278cdafc7c35165ef2a0388d5d11e2889e,false
ecce51f52a506a9d1492da6eb557f8ee4b29d744,false
49ff9900cc5615ae72e3cc9d60a26b7862885052,false
d597c6a18c74077aacf729596bac485bae2ebc70,false
750bd45b2583ebc4d476d519512e8086212c0187,true
4ccbac00ca6652fa2cd75ddad45474800287f9c5,true
bd814e88c15e6e197ec569b07a08c2a5c5449d0e,false
1a5907e8e98bc44ad159c75d4c099b785d005ac5,false
c5111ed29b4e9b12ea07f325dff281b7c2eb22c5,false
b7e25f9c76823b3d49298120f9fb3cce46fad074,false
f6ccf0812239c56d17b946759a526d4ef4975245,true
cee1f7169af18571fdd770a106cbbcfe19e9af7b,true
a55bd21087d758d631a04725039543be6b9480a6,false
242a7ca38960df81aafe5721278ab29c259f7674,false
f7980041a7d43b80d799746745fa85e01d7fb605,true
a1914d056146c017c3414341956d033c615f8400,true
1f3250904bc867da626257a1c6b0970980b4766f,false
48de159464e0fff14653c6fc0763782325b7efc3,false
28adc1ad571d44a6cd592b2ac32a2b5010761156,false
31b3c08f1635978303d6cb97c8624ba3378412ec,false
5d3745b3ab9282cb72fa369431a807cbaf537a0e,false
6c2ae6aeec93137480c032115d55becc7981e8f2,false
2a2e92360b0b6d7df7ea534df6330dcfb35215bc,false
54e6f8c3b311420f0fedaae20aeafc659e108e73,false
a196643f1b6abbdb5f0b96976a2bacfa528a3364,false
46a070f07ecf51b97eb46f102f5b8994794b39cd,false
004ac0dc8cfff5f1ea54f56707497568b65ceda3,true
5b2c8c5dea117aef851469bb33dfcd515fd0984e,true
fc7b7144d5046d7dfd5d9e4032e1f4e1d5ab293a,false
8979a86a957e00ece60f9a7dcc06404f776b9011,false
c4c3b1d2ff2fc09c41c464bc9f2c104d632d1226,true
9ec9a1c580598171fd214ff34994c9449314e8aa,true
86d13565ff86cccc34996eaa00c7bbf8a847cd41,false
fa9ba8cc32b3ca07b8db45a36a11efd4d4bfdc7c,false
fcae98fb033b9bc47bd68755ee485dcdf1cfeb37,false
95d43c6711092712a26083e2fb410d40d5ba1c44,false
8cb5e0a31bafb88fda5412b308bef313553026bc,false
0aa0d5251869f8dfe8ceed416f778e278504c818,false
587a5afe05e95873b999876b0d56eb14c5d3f16c,false
ad2b4a9d3b8b450b40b94959529d37940e860314,false
64f791a6d2b5d2032a41bce3df0d38295607c9b6,false
bff0d83afd717271b183575e440a56ea116ec39d,false
6f558e537e67509f9e19c24756f6e97c594be830,false
f3946d2d37b71fafc63d3d018fb3f2b5e3d8edba,false
3f976d4b446ab4c0cf6ef6dbb80560963192acc3,true
bad4e2251c1bfa3fb5b11653bd12a8965ea2184d,true
5e0283f2cc56318fb39e661e73cf98b87cfab023,true
7268d7073b96f2dfd1fff13b917a3de4f2d23a79,true
a0b084a740dad5d8b372c95eb1f94cd6607ea341,true
e86abc67467821f890f20f8e7123a87f5bfc502e,true
6c34c9c9b348bee4bd54ecef2e6c3f5f66157df9,true
8fbdbdb93dcb38e56f6bf08d855ef8e14fd57589,true
84a79bb291c5bc41427ddd011d894ccac2cb987e,true
56ac3431785257ccb9da10a6c01039ab82b9f6fa,true
9f662c09b5bc49937f66bbe94f00dc91510cb6a1,false
7d2efd99e6135fbc73660a5ae0821bc0dcdaad8d,false
d63a1ba7fac68295bf68417e279e665f68583cfd,true
52977339faa38c1e3cec34e26d3051cb3d120c84,true
40cd44be3789c0ef47e628cdbf6633714db55ab7,false
ae292c8e5a8dc299ab6b4aabd86a6bb0556ae83c,false
9331086bd1c8f56e8dfa6beab7a2a75fa58ae484,false
c5ead0b2c269fb799dcc2b8f70f2df94b8a47db1,false
561603c0d8077d8347ed1967f22bc94538f828c9,true
ce48caa4aab45e8aa22cd674c0cc8833748b4bd3,true
bfd843a4cb2a8e3fe908a483cb987c17ab81c94d,false
62da8c9583ea894e3df1a127ff78f0fc19ad062f,false
8d50516e89da94e53a2b02f995327352ee300ed7,false
286a08f82d5e6635c3dbe27c2eed98f4dd662f98,true
d8b811878f515ac41e05330c22d1ccd12c8b0e7d,true
84b1f2f0fabf34a9b81b0d99f719936dc92663cc,true
a7f1e6dd7ab160ff13a1d9222b54fc0fb2601aa4,true
ba31b73f9bcf66308c4f5aa99cde8cddf085737f,true
eef9af7dcb43cf98a620cf28648033e469744405,true
e7c16032a4b32b221103f2c005c1d65a1d980cd1,true
db9ba1e0e20b0fdc83af481ebec791e9ba411b88,true
901f5408fe49a1f2ec89925880a5c4d3bc9c367f,false
785128e6f0561896025a1da934f649e09e81595a,false
197eebecd402ff2c3566e2f7f5743a5621a50df3,false
1854f35812bdfdefea37b99fdefbea5a1067fa0a,false
b7bfe75fda70ca97aef3ed18b9753076e972083c,false
b9a14e2464df4d693063151d00b4bcbea2aeec9b,false
8d0664b9ecd9097cd59535be33d8450dcc4f0504,false
c9f5ab2963fedaa00849c9ee5638bdeae40e563b,false
16ed809cb66f78ea72215a4a67a53778723827ac,false
de2122ec56c9a418d362ce77e86e0d715b5fdc11,false
fdb24653a821274dddd24c012b28dc66e5273ec7,true
44d394d2ed8c656fdc165a88279b60cacd86c93f,true
da62f988ed16c37e0c36640227537a5c1a27379a,false
1d3f4bdee9482d4169d380d0b54bd907fc08bd70,false
8af84d7fa614cebb29759346f1ff00de026dcd76,false
b6623092862a8ac9c44a9a88f9070b966ba47c26,false
963c9d50b9c55d4288397812ec18b4e772e7fa5d,false
ee65b1db53a093983239609841cf5805622aea3f,false
e2343c852249858029d52627836b8d791f168a87,false
4f0bcd1fdddefeba020040b827d1c372122f5217,false
4792a9b35b5961d8326225b780f019a84f62f843,false
1eadd41a9e0cb0a64f990e0fcdfa438065eb066b,false
69f027fa7ce2eb99db6e00bc61272bd439ec0d2c,false
811f1bb8518250b05f25687e21b4a49bc617b647,false
136cc75bf0b698110feb36d9bf7942b49220eeae,false
5b0a85bdc17cee1194e9605cf179b5f9e14d4cb3,false
1ff5d8cffcff635f751de326ade157845d9f7101,false
47c50ff016a746cd5ebbd3ed37f7e531aeb150c9,false
9e6491d85923143f20984a18b221bd6acac5c3dc,false
039c4309795ca86af9f491d15f6091c93b398531,false
37e27db086d95bbe049e4a0cafe38544b547631d,false
ea7881d8fe867d294ac2275761ad16f334265fd9,false
1d6e0681defd46b8e5b1504597d5001821fc598f,false
5c82ff79c488c8d3d2b6690e799ccc3429bbf0db,false
249a8d7cb34daedd7727c5aa9639e11a1823bf7c,false
5f143b52626789b90f0344971feece9f774febbb,false
279f060d1f7336449e773d5f2296c008e4843d52,false
66fc377ee95d96362c688402bf1098192cf6bac2,false
a42157219cc7938f784eabbd8d5d5282224f51c3,true
238a046028555c0fbceacd3c4a1e95b06572ca3a,true
aaeb3edc990d45f645153700f9e6934929adc60c,true
dcff92d7c1933d6ea2c6add597fd854a506ea20e,true
f6effefea22e01cff57bd4c597051df281aeaaf3,false
e6841ff6a1e5db024b063e802209447b6fa5c1f7,false
cc1d04ce0856fb2a515a68a662da9c63f1f4bd41,false
bb166e0f852aad76a4a6be210f7f25870d5385fc,false
2bff7ea5e328cbf9064a6ed1ad885fb2b4e2e19a,true
222c3c4ff7006f21bc1ccf6b6e6188cdb2e90104,true
902dbd25c2b21a482bfcf425110b5c3a5d232b0e,false
bfbf753fd57a7c140677a12bdc6f1785e473a1be,false
4157eb15bebc25f630914cd23314054b9570631d,false
31fdeb36b09e3d0305106782c878a043474c46ad,false
abb1cba4b707efc02a52606087abaebdabf92fe5,true
289231ea6ef9c5599535866e70631cea39acf2b6,true
7c22c64064897d27b707c056e7871832ec660b84,true
abb47c674f762d401d0ed4f2f236b0229f6e6e6a,true
023ced32c15280dcea864436ae1ecb3861257ef7,false
284df58cd56b114d058d03e7ed15413bdf4612ed,false
01a7e41dfea3946011e5cbbd4400dfbc159c5990,false
0c3b60811f71b3e5b8b23fed3614e57c0b480f0d,false
1dbe7853fed08c7058a5753931b4650fad6457e4,false
9dbc0592f4214b95db6a8c8346a3bec482802d22,false
aa6af7a3a958c06063e18989e289c210495094cd,false
9b3484e3ba7f1449f0dd05cbe3e55e4cb0f5a069,false
a252dc4d12b9d47c7c0e03cc197ec333bd4acc3e,true
aa6048e1960ea705ca210f9e25f50c061f033b52,true
ccd806af8726d2390d736ce33eb53153c5315c88,true
88b51e999531cfe825ee598b80d74fcef741aa4d,true
8fb269ac950ce3270c692f6c0c9be6350992e035,false
1b5d3cbd1abe6fbb46b43aad5f9fbc366968f7c6,false
3e8a38d2c5cb82b0300359b1093e4ca30ee055cb,false
1d59d29399356b1225394ad407b118ed3f8c6426,false
9ce7b581752cfbb45d236443aeadaf86d3c9006f,false
9cb9d79d45fcb7b9803f2689a88764aa43fd0fa4,false
bf9288aec597f4aa41f28d0ae31b90d125346bc8,false
7cab634d06e9951d516dd8c26bdfdcf661e41fa3,false
d4aa2ecf848c30ae328c8e8fe68ab843e0cce112,false
30e8eb27bf127dbc78501f3c7de76aacb708bb1d,false
dc0780cf83b35914b249e36713ca24cc51c3a8a0,true
16e3eedc0d3d1848eb44a937160c5e9d8efdf457,true
a93198cf8ec165576d3b1b5b087d579e6441ac56,true
118a4839ae7bacb1fc88330a5a009dc56afeb3f7,true
64a8bb367656bb9c0f8c27308e793ad3d79baff4,false
953727ae5096c5a15a2925b05ad8b30e86113fc0,false
48a6b46086c3a61f5b9c7d0bb0683913537204aa,false
befde86db6eb4fe441dca3add951225d656fcaed,false
faf89f0c8797fa80543e0c8c2910386b2ac23931,false
dd4269c632f99d3631b4251845da7022f1644ec7,false
2d5e6f9b3585711cdcadbe9665b59e9458356dee,false
5cb54def47fb5c84d1df5db816f4ceeaac6ab5d0,false
289bb5e3af1775ab1bd9dcb1db2d6ba08b546ff7,false
2b0391f9d43647dd9aa7b9e2236c18fa06b23fac,false
3b024d0f45d562e1c297244b89411d5f8cfdbd11,false
a0dec75169e5fe1e73a3ae93a08c0dd7e6405af1,false
e648cf130506a38997d537d7f017678c8ccc394f,false
aa4587e172a90efa132b0ea52b457e9d7b184137,false
841b1b877a40be9198adf30d0dfc315848d4065a,false
e8a50f1e88872684893d4ee4d3017cb8fb52e814,false
c74e3031314ef2a257bf3c466d42523f14cbcd47,false
3305dfa157b4bd3b3143dbe7e984da099b472bc3,false
dd61e9ea396a85f284048407a6f7bf3ad0cf0090,false
abb98106fc495cd453a285a0113983474c602971,false
3b7492746b3b99d381476adadc3dd4bfe904e7eb,false
4e20d96a96f2fb509c5f5967033e578eed191bcd,false
52721b3b1d1c5e6f9bc439977c9fe8c50a7753d4,false
f7963889945e31ee50f30df8bb3346d433221702,false
b5b10c90fa4b506c812afe19ecb1632e58ea500b,false
36526d39d5eba6f8be08b4b9e23608e9bb24be85,false
d3f59871e8a4d32f0260d221bcf87ec4974ae709,false
c4689581fe13844cb75c878d9a5dbc91798eb4e6,false
5201264bb5b270bf3a8450038d03dfbdec31b554,false
a567b5d5c36edcb1b8afb069a0f425e1d240ddbd,true
c3a1eb75cf786a4a52456b033d1968f73627b4f2,true
58b3bf7cb2f5596508c6517c62430868f92e9481,true
ddec6bf21ada5a365eaa67db5885696b0341eb7e,false
fb752b2b6f69d441d7f2772babf8b08f640e8c94,true
844f9a1d3094362da3ec3a31aae981df1bcf96e9,false
73edc06748aad1e2f7429b9eab2a1cb564d966ee,false
b1c074de596def090458ad852b94f17b90dd33f5,false
eac65b32622a3e8a14e0bcf8e662f94ce2ea932f,true
032b5bd9f495e83f2ddbc95f786297fb15b00b72,true
fe9066d228cdb70fe541f3cd95868c5048bf666a,false
d85cc4b55daf790bf3fb305e585fc090e9baeb89,false
9f707dae8d0a098cd71a2547f72363d642e38c4b,false
064bc36eab18162eec1712b11001352eba86013e,false
4b9d5f2d2fc2ecef118312ade61d931bd23a3f2b,false
fc593cc828f8905253a7a14f6440e37c06154822,false
d541c6a5124008b0911409122fa161458bf8c37e,false
8254719e8473af44e4b4aeb2f837b2c374299fe3,true
eaad28f015cd15730d1298b48b910014be8d1f74,false
1fb2838dc6236da8adce265e336bc7292372b64f,false
4b0149b48bde4f02801efa0c3b2898383744c675,true
ba670a7ebf9bbb06116fcdd24248f77b05a59ef8,false
9e1a243b62bbde0563fe210f3c197eb3db2546dd,false
6116d4ec3d5cfcac6317d20803f21073032e3dd7,true
03a921f920a903290c7c6d7cc2e6c1b818b5c319,true
98e679149ed205c8eb2bf69ff003db20633a9bc5,true
9961ff99ac72b43cd9958ba8b178de4c288ebdf5,true
83cb6909b09be9a0eb99058befd6f6b0874d35cd,true
4062b3c4520b27d42acff1c1a5bff5b75752ad96,true
b88f0f26c061c8901f077e913fb36c4683b32f3f,false
bee6d8fb29bfce0a4a1365a4b669821a55e26b15,true
03fa5ff49728471564d03a017894c6d52fdc4dda,false
45dc2c6531bde53d37376ed56aea5648d386d3fb,false
11251697e8f466f3498ac30ed91a4e7f0c82b83b,false
998c8597f21e65c831654789a2f9b9c5fbb39d23,false
528a8627366d3552b505ddd8be9387fb980cb2cf,false
ced4043444a505e44b3470521b2d36c2f4c37df3,false
243215f9f43cb0399aa2519b831879586ef8cf51,false
127a10233d27a90a786a26f0136f816aa6de7229,false
115847372f39619eb64d9e157d358daefdce5b67,true
c44bcecdd32e1db3d56a7fc47e7f0bf683cca4ea,false
cb0c73296e39f785a054847dbc5a278ad136dea1,false
6132ad970967769d4adb808c42a86589d127999f,false
01fbcefa3cc3bacbd5564824aca77d6a7448d0be,false
e68540474ebaa09b0bf56a5a64af9b36ec7e8c9e,true
6b6291cc4dae748a5645311f6e3d1f2491158359,true
55d798f52c458471b621f2347ca4923792b55888,true
5fbf647593964032afbfc5dfd51ea1504b7e0545,true
fbe767b13a83c673a1c1a14c8365aa2a653f502b,true
69fe64ab65e5376366bbb86ce18ec69aef9bab4e,true
4db2e2e60837f191f042d4769edcf77915950537,true
dadda243daa1a3d2c4568383c4297cd59a221950,true
9e81e20c895325ac923ab7ce38960984b649d516,false
a28f81961ad7c980058952b7a00ba526c8492e5f,true
9c2791bf5ad0705312b1757b5374ce4ea1a97a37,true
773410c794062c315a75a0c02b384617d6f6e080,false
4043ca439bba0e1b6685b80d2ced0b48b60b93c9,true
b4723946075075539850d266a732e1f4dfca1dbd,true
659158792ebefd242bb39806176dd3eead957f10,true
ce3f5e7fb5fc13fec8cf2f7dd27faefa1464365e,true
0c580bb5faffef25106ef12cd3185c989394792c,true
b54c03b2c0e1d4ad3cf9044e67b94d82c36f8f43,false
6389ed4004ab8bb67cda5940890dab2a73cdcf70,true
2d9f50522c10ec24155c2254b50bc5cce7e56eb0,false
0daab8676e4e7875235034b48eba62c481185dc5,false
8ead79fd660e2d104a7e199e335cda15d3dd975f,false
7b7e90380e6f1104509160c70c7a3b4ade4b769c,false
73cc7ba5cb99a02776151791db8e478d0dd4c527,false
de26abbf898c373f49d14c3d572daca1ff177d9a,true
ccfa8412b22555262fd95a144f2d414efa30039f,true
88be79c9f02cf2d9d5b04f31418e5f091fab97d1,false
5961fee1ee0de978a505b007f029dc2f8d08ba76,false
2158277ecf6b4cda92f7b9a785f0efeb8e3da6f0,true
019a0975db5a0bb3ae2f79b9fa4769d462f17ed8,true
cec15b69115ceff245806ff9c9193bbac92602b8,true
1f38e19448a6445434e80caf95f141788e6de26d,false
110618ba27998ca996a6e685ad2e866d98e1bbf0,false
8815bec6b077637433fdc8c0a080b4dd08023656,false
ee243831b2383ac16d0da53259fc011d3976b072,false
6a7e6a2bf6e8f52d2fe3651ccc9c84f96ff331b5,true
f0f39a1a4b2a703fb8f41254c8159bece7f71238,false
b1b33d44d30cf57209fc092f59f93cc20e486c24,false
d1857160145b7c57f493d1f4f6c11e4fe565a06a,false
f90cd66e5f3ac8883a19f9c9fa2fafc0bbe24ceb,false
c840877e16349f9e653b0966541f6217560a2099,true
0cc5a366884e0e56273b58f2f736476a7ff50c3f,true
f42d315e996f2228f38592a6a050638bc1076bd9,true
e991d40abb4082c23fcb0c108ff6a0245b1af64d,true
ff879aa545fa15bab531a8d52af624c0aad1152e,false
799844befa79a5d4b8db89168535e51757f42567,true
e04aca507d12ac2295c898bb9d5d759005d14d5b,false
92a09b811e47ca8f452dbdbe1ed89266c380c4f3,true
2f36b512274f3cfa3863daa7e491d1597a0fda9c,true
9c519b0e52139446046b87d95e1b55c8ed504f71,false
8cea04f0dda2a390436fd2ee54d74231a54308ab,false
242ea3d17e5ab2609d1ad1a496bf5dcd314f639a,false
53a818e13f6a2e56dce2a09748cbb5ad0375d02a,false
27c6e9b880c661841ebabeaa4085f3fd8aa411b3,false
422f038050a8983a13ad7e87e2de221c2a1c7206,false
b5ba8aa1cf8077bb0547517375d67a0e075b0954,false
6508da327780a8c0a8798f7b78afc2efbd98164c,true
a83316a9de12c4259139c91c6266f6a4fe018b7f,true
cd98e044a512416db130977260b8d003148934e5,false
6837445b98e5a4269b2fd1d1e02a5252351d1d61,false
e8e320971d789c991288c9d623b72b7cdf31c35a,false
8fc70cb28b5eb4555d2180f2cdd7d85239d0bc46,true
1108549e004776cd68f3a77b72c82be67b273450,true
bd7cea8745ea97d85239abd1d427072dad655cc1,true
f1f2e7de4e9fc58a158361e660c1b5e813efa216,true
a0aef9f24e9f2292defff7ad7ce6308645434cf8,true
2ae767440a842a32fef20a37d5016b302d86f19a,true
a7723e2cbeffb250c829b04d011df32f96109e26,false
8943a1f2733549dd288cd659338db06ee3912913,true
b7f6b409e1086145c1250059ddfebe0d4442eb3b,true
07187535acaed93cd0558d0b25c50df7a895fea5,true
558b90d274773043e8c1dcbcdb55ff02721bf43f,true
75d5bae3dbe3962a179cb51b2e8c4ff4ec99156f,true
922c3524145872e8e10f6b65abd2e3d6433860ef,false
adfe8e0ef99c341be0d4ec57f1b692d4a32a723a,false
a292ec1578ea3e1ceb956732116ff0dd1ef5912c,false
9e46aea8e83a0717bdff51723d2deffb0a8df091,false
7b73c730ff88b68c47abfd29f4dd2ffbb657605c,false
c054f84be3d1f8b7ed0b7bd806356b787e159429,false
f279269a0bdddb905f99fc74c0ead2367e109870,false
4bf7e11a7336816b9b0a6895ccc6286eac99de76,true
2cc784ffa114960a49ff6ebea4310c14cee1fab2,false
430698300756ce5ecc7e780e17606288eea76d53,true
a128985875959edf28c8d606fd12d128f842d748,true
7ddb5ed51368b022c866abe0d587c055b256f771,false
a761f7289161ccafaafffb51b44db543d3242423,false
baa2d1412eaf06bb8472451132e7b60c300c6f74,false
79d26de8d08c50a0c06c895354720d85f20acf5a,true
8c3de167ac7089941282ff00cd07ba433c2ad83f,false
a9b12133d777efa8ba3c311ddd6f97563a7a92a5,true
2349b293feab376de32eb7b453d6d410dba13a92,true
812df98f144a626925a0402f398df5d64544ff5c,true
c19134c55f636efcc0d6fc00826acbcb702519aa,true
b9fd61c94f5088b77e5210945525752165d4882d,true
e2687305e0403f0c976e1c09e0443713fc2fb4ee,true
1d2e401e10fea78199ded9fe8acf7833d1838e46,true
0adc1d9d4c28fc09d135a8be71001b8342c71353,true
fd363bf83693aac3e588e20218c2b8c9d106834d,true
02752906b7865cb5d122f3e2b6beebb88eda47fc,true
4481964c0c9c53e5e2ed84faed2c4304cf2650c0,true
e1b2c77973eb9e3507cd503afa90d79d4470d772,true
62561eef6cf73ada0e7623f288e3486c35812993,true
8e3d79be7102f49ff3535c90de6dee9a2f6113f1,true
26766e6f6d261a7b51603d4b334a5f12103e4959,true
c097feab6d2d617454820d38e0a682679bc5f32e,false
3684d17f0a6b0736a7413d34e280b4c9a795bd33,true
03befc4c7af9644b5b610dffe78bc7c02d6e2506,true
dda8d126b54e38819a6a43e2953246ab9a1aa3b2,false
674c6e79a35f050d724688797315cdb41f981619,false
0abf35495aa6ac432a40cc47b7a4b69cb4e59f69,true
973a5e5070611e873e78a221dd80ee6022041a3e,true
2b90ade6cbb95f2fd27ca218914f4d9b72b90076,false
3f3aa418d09af10762500a85865ffd93f381d91e,true
a0f762f2b16b910c088c4109875746bb61f7e88c,true
5479617b6bb14b2505e908ef050ca1bd3807de0b,false
451f07201bae3d15acecff7bcda72f200ec9781f,true
ec68543dca7695a0e464d1467c6419895b1ef004,true
854d8617e1e61dc671c3c176a77e7e18e4bee752,true
8b0014280a33a847a496b489756806be50549d68,true
3a1a5cdd0e18ff710d1ddee21995f525be36f211,true
624d845da470add683b36cfe44a74e6b999e88c4,true
c8f6d71057d6e7797f06ce07167ebc78141b35fc,false
05fa218664366b08888c56f8f63bc3e5debb9606,true
13cd31490d7ac97751ac7a94bd6c14b3276498f3,true
8de63a85e85505ac40fc9793f0b60dfa4a7c64ef,false
915fc70632a679f56d062eaa3b6407fceaaf77a9,false
4d30568d29ed70b594474a03ff541c2ab7074b7f,false
575259f50a965f7988f61c86cf03c222bb509377,true
71c55c60b4f9533c26c70a9efb35f0241c564910,true
7797fd5141b4493904f79b8cd04d604687eca437,false
cf161c81f76b947017178e675c649fc2c969a9d2,false
c20d452554486f08a4e642529557fd4ec5597148,false
59e29114ae67dd1a27cea87cb78290168eb3fa11,false
16ff16e06f772529b64437701057555cff76a8e7,false
092d3fbbca275861001bfb8b29bc937d2f6653c8,false
84b0298353f79b2746fae78999fd6a9b56e40dc0,true
65472465230bfec4daf6bbd720ab081166d88675,true
aaddbe79d1c9a16a02389a9f6759805c98cb01ff,true
b66a553ea116cf484f2727ada5f0f8f0041e70ec,true
ff530d7e3f722b0a0efa1ce8447fd15bacdaf17c,false
6fcc4a0a674c55e8126b2907719f9504ae406525,false
32fddac99d31945e8065e40cb01602a87fc2bc51,false
b1b81c9a04ecb81b238bc30f60e9d560820d41a4,false
a56229aa43888cc6d95bc62dd30e77b817116c20,false
4704e683e523be2aca6223d5a803cb98339cda4d,false
5d12593ff0b962155ce2edcf48a4f013981b8fd0,true
3126d23af0b3453f6f4d9cd02da66216547b4ef7,true
8174b3a6a5d93ea8cf54d7b8a6b1ce127ab404ba,true
03788919c041b0cd1f3bd7ef4959be4c4225d769,true
77575d1043f0d468af0309f30b33fe5e27489055,true
ab020483d89ffd80cccdcafbeae577f42898e6ee,false
6c694bcc12816fb306a9d2961a2a2d91e9e92b28,true
1ae320015296184ee0fce991972b21f3f5362492,true
f29a143444b6f90220e0afc83d100cddc1d2ebd3,false
b4947b50cbe7661ce437c242012166f7b717e70b,false
f337956af838dd6b8f54cc27f27859fd6223454d,false
1c26cc1ab98e1a745fabec79902fef0fee18ed9a,false
dcb14af83825c3788a9e4d0fa504b7fd864d34f1,true
74bcff6508049c9270e746eb19a847da9da5714c,true
2af8389817f9f673e7501b54a29150f3eb94f9db,true
8795bec0b894a31b0dd0a9996763aec21aefaaac,true
3bd1270521782f7c5d93ad33470aa7da9b33e40a,false
a94aad9b613018ac31c6556f08a9c6710f605d79,false
d9addd487ea506c4286f8f507d0afd1ed502e368,false
eb7f308faa7dd5b33863409df338fd029c7e32e5,false
fe8036e777611dad000037c660c0b5ff979033d9,true
4749e7881538d03778ecd431e35f844abca6eba5,false
03eb54046e45068d2e12069046146d4f32e05419,true
433c4da95eaed9850246813d4c887bf988205c02,true
2a7754f0a6766fc44082236e0bd8e316bccffbff,true
8bf58164630901f80343ea06c04cee31d87130fc,true
9429ff7b2817f8ed68a6b20ab2593e8a58ff9aea,false
db7288e6d7764c9e33766435e4642858e8cc53b9,false
cbf0b7559111b198794a7fa497222e390af99125,true
0210365c89b86cb4106947cfd6f61a9a01d158a1,true
fa9711d04704d0fefe4f0339128fec8d55f8a674,true
4a14fe194b8163a6b7b0c97c436e2d173c7929c0,false
d54a7a3c2b9590b859aaad542eb975b90c9a5ecd,false
dcdd8683b463944deba3530c9bf404603fca3cc3,true
9067f414b046dab8d54a8d68c3dd4827058562e3,true
0525d5a7416376654941c391ff0ef09910dfd419,false
a362d057984ba098378c426fead055aed1ef90c9,false
4016491d957f54860f85181fde3ff3c2dbdbc32a,true
bf235551e2f94e1eb8bfce240b96764b9c1ca1c4,true
03ea6735d32639ca4b90d0010ccc2369939e9e93,true
50593041c02a445f9a4a0c6f7c0011c22c5befee,true
cd742cd5a5d4dca99acae13eda8d45813507dbf0,false
fa8bb74d82a6b0f6c870497432f5e5148269bc81,false
76f7dba7ca298c17b869b1b88421eec2b467114f,true
7e8ee760c08c61b156e94ef018ddf7a6f53ef0e6,true
9a9aedf89322cc604e5c2e2e9ae0bb05c0678dba,true
9135f37ee2c7b05a632dadf87f58f8756c2ba1ab,false
2cee29350bd5bfe8b04e6235b6763b630feece93,false
8f40fb31981646b508e4c71439886747d608d4d2,false
46df19728c728fe0baf25ba99f474475950b3003,false
356bcc5de6fc5327226560583a6562f5514337e2,true
2ad556e290c884481b2eb2fcdcd35676c7ec6cf0,true
d259243679e2302180824231b7d70d4cca41b13a,false
17700d40ceab6e4e9e1278d5a4a0f1cd63bb0d57,false
da8bbb1f75962c361ae0c9305d13ba155b4eb4bc,false
20c8cb5a15ae638b3af04cadeaf37393d0546517,false
508320140e36d9409d84d430b829aff3e62d03c3,false
3a0c970d265ae859708f11327e3c38f86b770fe0,false
cb09f0197d9066f246b44701cfe80db9b1bd074f,true
e73f233a6d7edab839de83158fff5522e040537d,false
86f8c7aa17199568084c516492053141b917efc8,false
643dfa260d4e136e24262b29826b355f8339d17a,true
75adbd1e10e2e6a666426e2341fc31b24e72de30,false
4f0706abb253f7881ba29fd2c299fd0e541600d3,true
99b92039ee388fc0b1d3a268a38118a359f6a296,true
ae049c29fd295186c4829bd7104096300665ecfc,true
4506f8467f0e88f1acbf9e19d73df9b16fe94b15,true
5fed698ba296bedd8472cedd177d5f5b0474e5d1,true
32d4429850c797eb46f0e129a27cd98fc38d6382,true
fed08eca5f501312bf6f572db318f2050587f1b3,true
1dd788e9c8925db86a9c9e1e849c1420bb726f81,false
84ca1933365ae0f4a637f317c1642e4f73a143ca,false
befe476e7fcc006ec9cf91d557166028978beb66,true
b25f81c3110276c393a967364c0e770e78356aee,false
ba860edbb0bcec13b37880adec35285742c21882,false
44e6d9b12630e18cfc6800cf97c33aad9ef4b6c7,false
756c4d51f34f075c49bfcd54f4837b41970878ae,false
604a003c184698aa5cea685d14719affa33f19b4,false
1bb5ad4b5ff3ff286128b2e9642c27108615c560,false
acb0d5ff73203b38da0c370c7587ec26c1a0c939,false
2b988a1d1ece70e7fb3a99d48f559ba6e0488875,true
bd3d2e92d1cec71fb58b0d22892bede364d235e9,false
bd2bc141ea5e61ad47d9791c8e8aebf64a106097,false
9a8d04d0ca62412043b49591f3fe8aca20a41877,false
edffae934d1a40c4d324361198df4768c3fb640a,true
2a24713696ae257e09b1f1b899701d525529d331,false
f457b4ee2d396439f3b4b74ee35fe0e098bd0416,true
f7fe7f12fbd347e10d747725d153f4a09bdc9e52,true
18190d1f3e0d04a31aa2d0e0e39ea25843b23bb6,false
3c9283ebbff02fe4d75370c220bfb8dfa1adbfae,true
cf2f97aa237679cb47e3f215c0e24070e4efef14,false
52547e3158fc95a82bd0efa234afac8f4c7f7b8b,false
633179617016ef23789b0c70eded13f9f74f6be1,true
6b0896ac07a75b98ca8f999d2449100c226e044d,false
9f9fa9ba5ec3e17341674fb870e56d63a07a9544,false
0f556497b49f742d78195b588918452a03c64c71,false
20db70c927590d49513688c09ed5009e7f34ecde,true
ebe986af2a12a10df8a13b09038926696a727bf2,false
05fe2198a2296e6212ececd7df1a009e8a143190,false
9e1611f8ecd2ead6b25d983be155b7425e82b531,false
446fb1520446d27631f166dd4f2cdc6fc30f7975,true
8f18119068f343804c9213a8e009bb25a449f0a2,true
4f8b767a438d76b7074c61c27444f859697706c9,false
fa567bbc3cda95b36066268354d3e2591ae7ff76,false
3d5bca43266496a0b3df22bba570c22808aab33e,false
f50d372e245075dcfca1128a75f0b602227fee0f,false
ec690cd619935347855950e7568b79a77bbafd5e,true
057c2167a1c84de2a685f0af615f4802444d12c9,true
c1625fd69248e6bd8f8edbec45cd6bafee6c48f6,false
cea1d799181f3385b8a89ef369253ce19161ccf9,false
129454c7050aaa831f371491369be37f444b2853,true
caa4b7dd2808bd0ff759f7e3ddc9f6458e576155,true
c204bd0d0294d7a97c370452e11a36b5af0ec154,false
62405d5c006718a311c7b5e6a5711fda6fe49498,false
6a675ca4c37f45a2b9295cfb179b39a1224bbda8,false
901b4bee72f1812a713aca96ca4bf6dc797d0f5d,false
9d4642e4fba7355fb8f209193660c8600a7eb1f8,false
4d267d3962d1e33c8c263e8f7bd6704f74e38417,true
d40205768ab7f29052faa4aa3f61ea4f106a88aa,false
9bdbb980036e72adce36c643b2fcd3902c7eaf83,false
d09983fe3a96536cb21a7630f2f90082eb298564,true
281a4dd6ad834929192d988e674716912050db42,true
2381a7b9ce0e41575b2675f1ba0e11dd5d0ec708,true
c444e348f6ac556709f07f0b606075aed7e94d0e,true
2bed84e7b5d69f7dffa35f827fb15aee13bfdac6,false
43d05e653e6179be87f316c193e38a94f2035b4d,false
dc3802cf552d8df57ef92f352a1731a4a53913f0,false
9e9e969a0861d8369c9bf493f7c188b6f1ab7b28,false
3896aa7537c4bc94e408a49b5d24bc3fd5768832,false
26354a28950e0dba10f98ef172702f2bad35402f,false
426ce3ce7bae481e82ac0dfea97cb6ce09ab195d,true
cd4e1e496466e85c9d9bf7fb9e9689565ccad583,true
e8d4a3d2c9929742024d2cdf4e2493ca229a72fe,false
923aa47797c87bb502e2d46e3ffa0e962c7aa48d,false
b113430f45267cf40033ec9e8b0d3085fdd22501,false
7246d3652fb77c773419592b73c3844879026b39,false
2b8d4a8c3a761ed4389400b00f6db49193961622,false
4582ce914de60278cf4ad3ec0e172761d1de9fdd,true
3f794b42e0efd5d377ee3475abd43aed56832f4d,true
743d933c784d6e5efdca8867c7687af79ae09075,true
2b0c177e39da7655590760a7732398d8de587795,true
b59e592fb1db261c1b4e58f7e1c7a00faad97ef3,false
64374d09d9a12ed8e9b5020d964c638c0f70ebf7,false
6e25cb01d617e28de99b1049179906f5f932cd74,true
b22f39f0d55e4325e7ff3a20e64509bf6d949f36,true
bd71747742afa60f8ee6e69c933078e65afb6d76,true
c7e311b69f2e57195022e7184f0481ad80dde6de,false
bdfc7ebdba42540a48560a50ff68658c49311689,false
dedc5127d55049e308ab18bdbb04b732d3cb876f,false
6c8cf93b2da6340749bf0356d1a4a6cd8062d536,false
49d9cb2d6ce4291f3475941cf84eca72e99e4f29,false
7fda2233950a621835c1847d44a75fd436ba6f16,false
7cf9621caa5ca111747d298c35c91807280e1023,true
0c7539c8bae10e5209d80d01ae7465f891f093dd,false
c9b972e9d9919f99ddc7d3ebee172cae55589f14,false
558c66e7b3a4d68a28b4df6c50f41c67d5710560,false
88a1d2af531ed31c717b6ef0784692893ff92a99,false
6abee71bec44e09b77ad8dcca82b2e318a52ae5e,true
fcb1ba2985ffd9e13fe2e34e585ae62ea1e48c38,false
70527d0f5da99095664aad5e85c7d96e1ed8d51e,false
3d86cb3e0e9e3c84f4684131cbc83145be0406ba,true
cc1f79dc064335b3d923d218a4d2f9b264dbdc06,true
0c2e97b769404769052fd0853ce48b235252336e,false
1033bbb9669f9519b886cad52e36e2ebd1704074,false
7281445f1857aaef8d8dbc58085d562e5c8b6992,false
6814e49f912f138093f0887457796715c6eae102,false
7cba5052cb843a2e8654f88c1ee3c22cb6ace206,false
b75d9ef1eed65cac9609201f87954c84670128d3,false
ce656d41f4ffe963b35c6e22f2d65788b7f082bf,true
67275f7aad3a8ccb8118d43f94ec582ff443098b,true
77ec674a836ad003d0b9dab9dbb7966bac44624c,true
c72cd04a5b9ad0dc1b2c73cc9e3291115a227a2f,true
8c9d5fb666c72e780b60f1678ac3777686b486a4,true
36f62921aa511f8b70e4e2f700f08bb3a918956c,true
c7a47017c76b969e4250069daff10260bb20bdae,true
963ec86e767ff768d3cfb83194669aa6a1579db8,true
f8240e81fd5b97dd81e279e44a0bc2af555957a5,true
1f14467026d3eac4dc30cf295506ed6c1ee3cb9a,true
dc259fab3ae65a46763f5d9f57b49c71489e48dc,false
0ee8bbcc59efbb5a38df8f460ea0f4df90f6e112,true
76ee89430e42d4ba0a24cb085d42c5ffe6000094,true
89c1223287dd747a58c17b75ac987c78746cdb57,true
5248e7e413271c08a96c00e56f9d6d82cf3eb66f,false
5c684629d86e7cdb7fc2e984e6e7ed7aa071a218,true
b97c5d49819f22ba2368e39900d9f55c5955c04a,false
46418dfd1d3cb2ce18916c3c30cba77950ad1cbd,false
30158bb4e8a687d1338140649ca02efcc2b3d60a,false
a65b0769f001fd8dc5a54b25c7e7ceec1eed633b,false
230d5ca265efa791db84ce93e95fe9ac5c3d25ad,false
6aa07aa3242fce4d754941fa9c31c1db28762eeb,false
f84ba21b59f79cb097b145aff6c590e43c2ca551,false
2887b9effc85262507d9076de8e8df8679d1bc6b,true
57fedd99909025a2d28f73d45dcbdfa1c4a8b857,true
7216adb0392af747d0b1b6747d45aaf3aa003171,false
dfa3f4917f863fbf66b890863bbe3370c100335e,false
69df797022a7e6b5e8a871b7e6c2afec3772c46c,false
d1a1564f278fc66449b6025337aba06318107ae7,false
3e44d80a4396a3f55ad8153fea48059a3f9c632b,false
b2fac94fc6c72edef1c9f0129ecac972659bfdfb,false
d6b7fd19e1d4d01968332560424130c183571bb6,false
c64d34bce8c9df151760f6549fcfa2fee1609460,false
1226dec06efc26434a47243bc64fc4010d1efd88,false
fcb73340751b4e0cf83f548aa5ab85697e6f2901,false
d1594b667f5aba3c445364af3f80154b70942d46,false
bf437654b2ec32f1332045344aa6c1a0886c4990,false
3b797c80af54e166b4d02f161f82a644903c09d6,false
67395c59dde27494741bfe05a9875ff74860fbfc,false
add8df6bb1cf3d58d34fbd1945ae4763c7ffc343,false
8ac266e240f983343fed5836048d9696a868d3d6,false
b0d7035f12469ce147e069fcfd2e5f0895cbb9cb,false
e12173dedc568a3a58ac2f8306cfe06a78bd1056,false
de66cf340a36c4af79ecb3e8c6af4cb22295413b,false
aa84c5d2ac9c1cd294fd5249f214bd445a10ce24,false
c42c51ace118021a1a81c64d1a08936056f7b5ca,true
ac0ec8828a8083c584cdb64f437c04382a5566d1,true
9a6a9c2a93ee130e483f3c83fa35acbf49f39ef0,false
73dcf557e868f5f6b79bb1728a19551877e02d0d,false
c4c02c904bbfe4755e6500025081f016c478e157,false
8e303937d69cfa186b1c012ec3fd9224df592bad,true
3c81432a6eb1c2ff66a53eeae4b5c40134599f71,true
20af86c88c06cb24f5359a8cdbe1b17cad04af8b,true
f61f3c0a130218e3560242db4a13b6370c0cadaf,false
18f43d9875b7b7ae69c8386b9f72b84af5440ba0,true
0accee200593c540f8a8208c96428ddab546fcda,true
bd1ca50537ef6d328d081458e550bc7bced736c0,false
953686a5394fcd9ef70aeb0a837c550e2792ad95,false
00d08d1b72664d563bde19d6a4c2844c53b519e5,false
1eca90b58a6b416c0ccb7e9da5d661ecc461853d,false
f74544dab0660c3d0077a7b1fe550cfdcf55dd5f,false
f7d406eb71de588638b3b64e17e6d32517e9bd90,true
2371d7d90265474078603b7e9b532b18eb72edd2,false
ab3c312544029343fc974caa03168a1c3a7e21e4,false
bdcf67df04484b97c1a5b349c6dc7898361f3bc0,false
23c10f600f2fb7e534f80ad3c37e355493921210,false
5125170e28a18ce86bd922156ecfab482e39e37a,true
cee3b890b7c9a95936a50951d503adf0de74c452,true
53f6920929a7e40f680806fd727c195314f92414,true
b640776f066b802e248c143b3ebcfc07beb6b721,true
01558e8cc581cc5345908b36afad95b4b5df2d9c,true
5d146c5c60921bcd8588642f1292ba6df99d941b,true
275d1c9f3267b875d35716a1de805da63d9826bf,true
6c25ccde9bba54028968edb78d265ae8f3ebf705,true
3c88f5d6c5b8a2c2e1cf271091b0c533641b39d3,false
332e3328f33b2e0a8923bb743d0cc5bae61bfdb8,false
779001f7232b6b7c50ad63fd0340595d9e03926e,true
13c1b907040bfc9e773ca77a65c492fe9e50f269,false
1776bd4a3567b8e36f58a954f21a9c91fd53a75d,true
b1a25ddf397f7b91cbd968300c119068d0d40130,true
5e3191dd52100793b9c73b9ed089fba1bed65c55,true
fc3ebe43a65a6810d65c24cec93d9e1d69945d8d,true
d68f7efc739064ab801b60783ef33d55c87156f1,true
087c747a21bc7f075d493a9b5b968880ebccf850,true
83dcf2a6b9da90ba4ee804ed953b99132f3f0a8c,false
24a4facc55c4f3488f0b49b12750e18fab340b66,false
d10c156e80a4107f72a642c09114fc285cd2208b,false
b19f7095bb518c51a0d0b15a842fabf5f4770201,false
6adfa193b24a2da473eabc83a79934c45dcd4cea,false
7f70fdfd9608b4362a60243956a2878d49702118,false
26d543aeaacf96f1346e356ac5d358e7b2f1ccb9,true
ad4e75f73f4656ecae1c0369583bfa5e3e248d40,false
fe35477c4c31e5974aac77add42a3b4838c458be,false
3ea20240bfccbd17538500e3e42993686fdcdd64,true
720fb77ebfe95faaff1021e3458a71c5f19560a9,true
e57544c267edb9db81a4967ec537f44bbbb2a0c7,true
3f23d2c177ed6f0f5f3803618d4535cdef16b7ed,true
4fa738f7872e258f04f1b14d862ffaa1c841ddc1,true
42a31f8a732f079c8254fc4700176e74da28cd46,false
9e136247a874ee7a630375b630bde11fc1a5be3b,false
9a2263aee0505a17c76ccb9e73cf4cc30df18702,false
0be86f389352a6d6bc5c9a9796a8b79cd12b874d,false
3a921ccbd9c87c7f8ec428262fe3cc8dd5f84a35,false
5ce33e94a4204ae0a82de0d494447aa417ba4d9c,false
93084fc8a36273874be4b4195065761827bd88dc,false
b24f70a69605390d8d8cb928a389314f5ae3cbab,false
16ef4923153de25742bdd37e6d96ee0f2bb25243,false
6ada94eb6785f07dc95501347a1282438b2c7017,false
44f0f0409c13cc391d5cd13f6bcb6b0c3300ef53,false
54edfff2e9a821e0bdf9e676f9737595cc089b71,false
f412cfd20521bbff44d62f9e36b729454d63b7db,true
d68081e10dad0e04a5a185b24c134b76dbfd6a26,false
d43a9b8fc5ef0774c6ca97d390c0964a4e6bb32a,false
ed973497148419a6701d3b3a338e6a667639a17d,false
e625c1e34ad396edc024876778698c8c4bc686f7,false
8223a5d594f0699d6af4ef3e60212cda198a4188,false
619bd4f81d3205dd36ac5bf0f8d14e9725e6e724,true
ae4db791779e12e851772a242aabc5e80f3e440f,false
711cb0682423cee8ef4cd93406c5037c59d1c709,false
b3f96028ed82c7f5a6a5047359d7f9864684b421,true
3cf7c7906aaa294c43e989f846789493f38efeb8,false
56b4dd536eeccf5eb746fd0e5aa56c4ed37ef869,true
545dc6fab8a018ea1308f0d9785d76824d9586c7,false
fcfc5423dcd2039f455bd1c36724fe05a2c21c94,false
f46c63ba580ce9e7defecd0d7d1b4a5b79bbc5f7,true
f86f8eff7715e3709da103f9e97bfe8939558e1c,true
43df7b14f8699dabb99eed1a54290d97b29c3fa9,false
0ac5f09df80020290f44b65ea8edacf024d9eebc,true
800e8c344db3982a2c9b58ba355b0c0a4873d39a,false
c96047efe3a257f635fbf231c2140629a3e6974e,false
6d388023b2ac69d9025a4afd428bc0c37a50c9b8,true
1624ddf49619153596ecab6f4546ca00f483b2bc,true
c4888f22cc2c84525e1ef65f1010d34a19147e52,true
100afa4a31478cb311deb45696174c6314c99f68,true
984f968b54fb6d0a38085f27d0d352c18258c7ee,true
5a30c3918ce0b2912fbfc7dcf91ddfd452f696aa,true
af27122417acfd54d679747255529904db4e4426,true
014fdd1b001e690462ca30a2a7b267bf1aeb015a,true
4d30f2cd51283542ec10eb6a6ac527194faa9be8,true
db824766425cdadacadbd9ca7c70380cead99849,true
3c8b0f11e6bae06c1fc156bf7ea37f6b8f85ad11,true
0fc8ba49edec5579ea68e405f7605cdaa19e32bc,true
28e93b7066f6fe0c55a8dbb6a4194d9159783243,true
f45bbc15f586b8df8f04b50b059fb0d48a37e60d,true
6935867c78aa40c65ce8cc2080a8c5b3717925c4,true
dbe5976ea066b059aeec82ef80a6ad978e6b848f,true
7f751c9d80bf8974b579dbf9b394d748da015dac,false
d0577cc2cecfa67fb498d5bce80bbedf960d1dad,false
6cc667eced8b4492513788fad27bb835ca418169,false
152378dfda82e33e3e4ce92d41359866f059d1fb,true
3af9d5e2cbc4755566b8f672e8e8379530712f6d,true
1ab9eac4fb59c0248053808b5fb22e518c07f0fb,false
c367cbf3e1a8156dccd83fb3e6ce716eea067abe,false
57d77b58dcdeaca9264f6daefe17de091da4ebbc,false
42faabd4c7d129553fcb3a06e731e0131dd5fd41,false
987d70c0046445ce39dbbdf82e234f48e8fb2b9a,true
4f60e9f2b687b9a8a0f302c5d3f9436230223290,true
194f46357d43ffef4ca30778455258f0a5aab679,true
6f15ad0461b374719cc9edc71f041194583f9605,false
2918384f2f013a965957f497c0e247dbc2f9b752,false
b7d6d657d45b0d032385556884435a4e1989b13f,false
2c7258ce02bf80fe5e218ca5cfabe3606a6b73eb,false
944028a4bee19d15596a7c861341b8d78601899f,false
964dd9e85c31c0b9e611408b42b79e7e2b6e41f6,false
b27e2149c5e237fec82ac344c6ea144904bae1ad,true
65ff9e8ce66338619a4761f65b2b068dc0cc3cc2,true
61ee8b7ff296dafb15ced2359d7fdf51331d107e,false
7efc9d0de87156198de13b01b2190e1780780167,false
c886f2c6993978e481d5998bf5bbec2051134b90,false
c580006ee370aec5f6dd43b3a07d15652d5576c7,false
f335d224664a22acce76a56ed3abee0a9d5543be,false
f3b2c04d6ca87eb03db43f92e3595a49efba9d60,false
fb8196ebe8f80aec3ecdd4905805f899ffd20b81,true
4ec43380347e21ad889515553ab6ac980ed60fb0,true
3451754e05b8c4dc7b9573b58291bcee2372fe4b,false
115353347b7f43512509be0e3dea6fd2ea05ab34,false
b1b259189ea10cfc3cdbf5787251e81490f0b3a1,true
0874f4856768603a1707ca70369657444a8a37cd,true
6842b9638669fcbdda5965ac977d800684ed22d7,true
dcce0b3368c60aa2d5bd067a3c782d6e0f0d0959,false
b64b15b8b064e9bec5e0fb4b1ed2fe8e2724b929,false
bc064e63a9ab3c23a632ed51c0fd92b316cfcc37,true
b62a426764f267fd10dad1090f64fa954739ac21,true
8df938b7dace05e090aa305c48b03b138cba91d8,true
30f1978e0a8ce75402082d9f34e91394f36e797f,false
5e97258c10b0c418fec76c7b27b0e3f170be1c0d,false
262e332332e0b70a0a3cbba7808af98f15b277c5,false
7660741b96f1be766ca51917c38171343ccb5fd3,false
120dae270da6a0b8b4d86e83a49c685823a1b541,false
05dd74310308afb00a1a3eddbc28f2b4bb568cfd,false
2cdce797f9bcf9752ff821d9e988793731e2f956,false
951a465c2fce4162255f0163743a811c290c0bf7,false
42f6bad09589f34c496ab86bfef7dd0adc697ef4,true
75c383759791b44e572e7a38193aa38a5f494bd5,false
82cf192621ddd948711b88fb6aea398e8826f651,false
da0868b5c7862b3d09e615466b5ff9665a941c4b,false
9567e381c07fa1d761cd4eb93d0eb24cc28c50b8,false
8ef3f3c5cec381f33482fd79aa6752102d12afeb,false
0174d0af8b41401aadd00c4126c126f56ba1cc61,false
44741759ecb345d7060211bdcadbf55e5fbb7ab0,false
95497a27b9feec37af9c7b4db0bf5f953a36657b,false
47897879a7dc1bfb4702de876ff29aaa87ad04f4,false
ac221b0846542898ea91b68df5bced44696048b2,false
01a66ae8ec0e8b7d33530af64964c78119c206c1,false
419923d2a3de473c2723cdf94cd6021c220cbd4d,true
d5689cc1ba3fa8c6d996e8586ab635db8e1696fd,false
516c5f659733c06876ab88c0684638f5754738bb,false
e3a9f8f94aa2febdb23c7c0ec03be96ec497175c,false
e2e5947519f009480c8c83ebe443db211c8de1c8,true
1f3437ba0075f84d7b2e0f3d1fe273d2f5c9da14,false
06e50ef24ba4ae709e57afe016989b33fe5f1636,true
a097b4a1a82bdaedc35907c205b93a587db013e1,true
bc9934e961057f7786143bf8083b9338136d19ad,false
39f7b8eaef2e43b2eb42670d55b1e21748ea4faa,true
10ec69eec70b55bcead4229a99581dbe138280d2,false
d3ed04ee34dfda1b37bfed4b0a26ad0bd8a18b38,false
6402cc31467809b26189d393cf1c796b31d0f4e9,false
678f191c8a47126c4ff86d1096bdf479f4821cb5,true
e83306b5111cff83b1ffc1ff11a044d8d4acce9a,false
21db650b35331511e5843325b83c327c89838590,false
315c29cb1a51f1794203777e7ab5176b1a54ed65,true
1cbf4d28460d2adf0bcd3acba6fdded14f401c64,true
4e3fe6e1b609493c2d2b8a19482a30c2ff083f58,true
1849e3b52b65ba014f7c47d0fa730b1731cb1e82,false
c7d4cd114bf3442e8280d2c921b1daec1e6e220a,false
32c555c33ea63020d863e032eb78d856add61e3f,false
3edd20f1df433951774f26c1451b6ad01a284d26,true
49c3f6464a81b6c4a26c1fbbdc57cee664846eed,true
007a83e91bef209ea67f6082ab80eb604ed4f61a,true
7a5ef176e73ddfa6c29ef2b7c7d0a9faba6ebfb1,true
c9df406f77b2b4ffbcbd788d2fd118c7f2cfc262,false
9e5f76b66ffa51dc5ab4a20034e7f712be12fa4b,false
62dedde1d51be06b81b3b08d297787392e87ebf4,false
dc0ed38b2578bdba72d801e25d6e025a57094c18,false
8f51be71e9b86e990e1a762789d14f6891117767,false
57d3a42d41469c8b6c24b5b3c03d7090d40561d8,false
07f6b38cb4faaad23fc9d0c5cd96bff65b1e4846,true
b4ffa9d33e6cd9d15ec8bf8c60b2d30f582e0976,true
f52949d6870864a45b40c9662bbc3bb1057a204a,true
7df3240159cf9494c54bc9d4e0a5c26e8682ca53,true
bc170c11cc4c9306c5b7de5c5069d57006c2a0bf,false
151c6c4ca99fc59154d599a5eb2108635692d5de,false
d01c837b2e3e21f676c0551e52f10eb229f86166,false
e68a3e034aa6e862ee1aa62e9d523e90a9631cba,false
c12dd3642c33424b77d814f1bc12436cb02fc121,false
774134e23cf0907444ec70fb6a5168f38aba13a4,false
db4d05e23e37c267c071425c9b08482457b1bd59,false
5a6711ffa8f7f5508d68c743fe630c1c608fd3cc,true
756cd51e9f92ede34f85d2b31ee4cddd94ad6f8b,true
7faef48ac9dcaa8a833069822be6dce4705c9e0f,true
4ab57e05715980cb3f33a80ff5c2f0f1aebdc39b,false
499d53fe2fe3d4fcba948b17da1ce4337e1ce418,false
130f46c59649628a74bb56bcb95774ad3a80c629,true
adaeeb5a2332a383e2b43619330ed2258f8fea92,false
b371a2b96f672ee9d8ec43c92b8c54428dca752d,false
a28e9b4afb703eb25a50ea3a0fec4a9747d2249a,false
60a6603f984957f4f9fca36aded40510fd9c52a1,true
5c19f4f6255dd99dead52e40c516d0e1367944c2,false
1f7c7d53583fe30fa03ef8d05ed56445c5024cc1,false
b39ad10a550c9d00802d0db6f3b5919a27605938,false
5146f9e6a16dee4f15ca12d2114ae9b7289ebab3,false
c590d5f6875becf19ae77b9aac1b90a5df570f45,false
42067d2e30db238ffc2d5763ac47b5fd604936ce,false
6a19e98267fac66b27d1db0c8eb5217746b6916b,false
4a95ccd8aa8773d0198aafa124b5a7e9c1e1fd89,false
6021b0d8bd6649c02e2e64acca71a23c4059c875,true
9255e76beda7daa528a4ea9b51689d7a789c6be5,true
efe56ecc0fd54b1ba5c0be81f9517aeb9a31a536,true
efb6960f028b677cb475c0517b9cfe97a9c652d5,false
df3284133ad8e6efb63bb69e3c9374fff8adeab8,false
acabb4e986c8cba7e0c6d674c2faf4b5d23a792a,false
80c29c1536b779897624436732d994982d60d307,true
e1d1acb89333fb38772fc0fe235d3d8a0e472dad,false
5b76164c7801d3bc745a45e2fcc698b362179c97,false
9262157b40ab0ece2902788ffdff4c8464b92e48,false
ed3f4936688d5ecdffdae09e1f2239b70915668c,false
ed94b9cb76c2616707548e036937f94a1b90c526,false
cfbed056a46c9b2dfeee573f95f17d2f45acf48f,false
d4a9883f594d1bac138ff55c2e108f80f055f488,false
4bb0845a11d5622e8745e0fb61fb6249da12bbb0,false
ce2351534a97dd7ab9c4e7628430e44ed353459d,false
2be4ae522254f79761ffa6fc18a52c7342c02d4d,false
cadaaa4a322e95662507d6cb52dc1fb1bf0e5c03,false
3d985b7ed19ade3624e09ef2bab6ab8cb0b57f26,false
8b475f18017989a3d930ee4c62bd9e350da95a32,false
114fe4b4733167c21c9df1ced9388083dec117ff,true
d03ac63aa0bff13823f231603570c8e00dd36adb,false
0961abfa5fe0eeb340b5bae272f8e80a259c9ece,false
381c1e4da436f34a37efc9584304fc3aabfb7ea3,true
040d075ed76af84f46463ca6ac88e88baa38774f,true
d8fc16fd8a26f390597e948d352d93eb36efa2a5,false
4c0263efc8ef6d5a98bc5e26a71ca624d9a7d99a,false
1e8a6d55523a4041a0693a12cbbcc452dbd83917,false
a066d4cdc127b948cf709339ea23decc43f9d7eb,false
9cca54717548501492163d90578bfcdb25936647,false
dc3b2bc9a0dd4f10b8cdbde2bd1f181d2ad3a162,false
3234bb3291ac66416bf6d474eddbfda3cfcdfa2f,false
25aa55df331fb221326b65cdaf6cc1f98b233a94,false
cb09ccdf209801162658ecc3cf09cea075a9c5c3,false
50db0f2e8a0500a93448fbc2fe1af6ee31071823,false
de8d5d2c9ea4da03406273ed9fcacca8eec3bd8e,false
aade5ffcecf5c012b891d97d32ca5fe6ed5331db,false
6de9748241f4c2a8b08aa5a071fd0b1ea681d018,false
28f788be3cd9b562f7a9006cc3b6392b9fbafa3a,false
4f92734d9f6a7ba5f62af3564766c6197f8dca23,false
98ed4c81551b1937a7b94a3bc03fc4c7c6c3bf7e,false
1c617ea4bb7bc2c1f4841b175ec76ddfe72f0eea,false
388e2d79951e0c4d39b47e91920d323e12204215,true
7a59e4f34bf91496bf53e6d64d9bd64f9f481f37,false
69c795f9ff6c7d9915d2451291ae8d3e4798c5ce,false
3a3f703f9373ebb6d76917406d7fb6f006c1434e,true
97038f19dac6f90d88950c55f743aa92fda264dc,true
8aa231ddb0ca01d42bbd835806f6bfe632bbf212,true
91eb514d433b36057457bd3569976c149a4679bd,true
4ac1462491e9252b913a98fc0b14c0beab44b4c6,false
39b458f8b4dd67d7898020931c539eaa9a47f468,false
77f335205566506f3db93a991e76fc523507799b,false
7250b60f66dfd11629b1c09ab3daf1b904aec4cd,false
644bfdfd6fcc6281cf37a4b23451c538947ae721,false
aca559c5f4f97dd9df617cf820bf7c5c95b74712,false
721012657c9421b40ecbe1ceb450e58bd86901f9,true
ff790e25419da1d14ea7ff640f47e2f487426b74,true
303bab2b306bcf6185c5a485eb2b69f9085ba3dd,false
58e2d7d6a1a1e4eb5914f4b216eee296cb66b92f,false
4b6c11c9c6808f9670e145690c694d59a64412c2,true
c68af1ed766b26cf6dac8818f97d0e3cad846cf6,true
721c30138027eab0763a99366e01d2fb63596f93,false
0a86daad39f07ad54405004a042e1f42304afc2e,false
7ee6ef0c18e0e15fb3f561744fb7e377ae86370f,false
f3b9cbee682bf5cca60b0de57bec54949068504b,false
d30c039b31ac83383b646200b31848d8d8259db9,false
b39cc77ed51c532fc58d951820a3e52a69008710,false
4d352c19b1b19e75cc786934bb829618e60b9ab2,false
1e2719d53dfade7ad38ccb7c1a16c2a4e0cc9c13,false
c38f56311a493fcbfeff38b096d6c51588d7d459,false
01145357332f2f1567a6423b409f62391d38f02b,false
22224df60d4b6cd0cd6d964b3b674078bfec52b9,false
fb42073ead69a677c29423ff084b3480191f80bb,false
30511b1f6437af14ed506ebd8cb4fc80c80aa37b,true
e9af96aadac42443e4c27bd454f64a8c73efa5e2,true
bba5aa2f213c916bb65738106a5f564dc1cf971e,false
b7e04cb75ca47dae63ef2dc9c9fccd4262b33c7d,false
b19ba653f5c87da135acd4a047a9a587c3008581,false
56e8144921913a923179941c7e0660801857814e,false
a2b1b9be0b0d8ac4706c5cb1611f8882d8870289,true
a018fbb792a73ad62038150caa399b5379ec7800,true
89a56db8eed77755a9217f32a723f1acb35a9fa3,false
15d941ae4843bb46c04300e298ea4763c838d506,false
357e3ba5bc833d72d3a7c2ab9c771d619df230cc,false
32e5588974b022a423e675e97e921842d783533e,false
e27c4f1175ad2a79d421884514968fa57ad504ae,true
58d9a605da2a476396f69128624a9230c2d158b4,true
ded34e464ddd709fc3d7be4e702fd3fe615d0319,false
ed6c0bc8321ee3f49c05ed350a33b5183f436e4f,false
b612b1c8258db5b35101a7a91e7d97f3a6fc7a59,false
7c08e988b40e04b83c748c262d046b060c225c96,false
dbf7513e3f081ef5bc10fb79917a8a25d7a5df8c,false
dbd808d87b74a714428572175aadf7112a4ea890,false
4086ec3c8c93874df571c245789c01e9939c7ccb,true
31b69c05e2d9e5f0196e85b54d5307ae09ac3c77,true
713e1aed45cc068934b236ffba85f771a37ced01,true
8902fd02f96dce118d371d245f04b26d4092b788,true
3f58fda271fb8ffa165b9ce1292ed0b052a5843e,true
1d66c8e62367a5beb204b2aafbdfc921b6fd2035,true
ad10f3e6ad42668d687850bb91b5c5b98e39f01b,false
04585e49668d20f7e13195bffd3fb3f49afe0d6d,false
4dd2a93953b47759922efc83477243df2d13c15b,false
b50bb86f5bf172d3c4259cba90bbab8f348d8f25,true
0f241c0ef1a8ecd485bed2314f20c8f2be33c3fb,true
cc7e5bd4d5f8ff4935b6de2eb8a08f0bf6bade90,true
3ad3d8b0432abb14d2231e245ff7661073d3ae1f,false
df5b885fb0c6973f80827f4b3857c9e327feb596,true
5ccad24ca44252dcf1535debce697b6938c95502,true
2c4ab1162a615086098114b20f712574dc123dc4,false
bb9d2be501c3a65539bbfb0d865f09e639966532,false
75365875de5718525bd36120b8f8686d765e6ba5,false
c36679ab46e4ef52f3f25eb19a91bafdf1307ba5,true
6c7b85f86de5e90fd88810513f7c2366c6b07aa0,false
a5c636a1551be7cec82b6be81a2ca6e096492392,false
784b2d4bed9011803495bbf7483539fae62c1a98,false
fb7c545afae832ea28afa3ba8a5cf7db7852c7e8,false
a375c74ff0ad492fc9c6be049ecf0c654d402117,false
34304723561c5cde49f263bc5c14d822748a8ce7,true
d7c05b658137a590e4a45e44e3011f23136fa1f5,true
d36442044b8e8162b86f035ec39c62e5e299cabb,true
f2fc1ac7680c88dd99cc81451c6da22271ffb81e,false
05947c709583ac6b5d61c466e9ca4af3da950fb7,true
505cd1bf1a4b0345ef14541072a17c50cf12709a,true
a2ec4cfc1f45aadf43a9e62e1272fd93e7181024,true
811164ec1dbd662106b1789bb50098d1fb7cb7f8,true
9dd974dcd1bd81173dd4ac9291a88746133c49ea,true
34025f41d328ff900b281db0c2f28dd5d2ca5622,false
7385ea5628852a66054f6dec4f604723b2627232,true
fc245c3f38839fbe515682e54587e039428dfd47,true
e56ce2f40b58f766db805afaac7cfe0b1d8df1f6,false
e4dfa7c917be1000650b43b09194ddda5893c5a2,true
04eb4b687d9558b1ab1fde9a624b8d12484ddc0b,true
d1611314a690a71f437af5254e5b1a6e4e3eb10d,true
06d0a1670125dafeee0886ea0218280dbec1f657,true
5869b4779be1d0a0880a027e655524eb90cc3c11,true
4db36c85f31821d69a3404e43794c9fb4e4b117b,true
f6da571013c0767e39aa88821ec07d13e5549451,true
80df6a05a366620982776eeb75c37e6473fd2d90,true
4ce3f5ff548303b50d515135bd11080a02fd71a0,true
97fe4457a6685f6b2d692e6f93f9c4ac6ab44c4a,true
e5b7dd7d7d94dac7bb5ed615f1c52cf702f71f73,false
a3fad3918c897d3ecf040ed3bc5bda0fb4593bf7,false
4a8bea5fb9e3719cdec14509f5c02f72fed59afa,false
9807b6bf9f15d5ecc35169aa7005e1a7cfff19dd,true
9ecdda6a2dd00e713cf1e4e17fb235066b195a1e,false
a3e6702c078f89d6e7d04f9469a7503207b0c29a,false
386b0abd6e7dc6e2b7c5c21f26360fa83116d4d3,true
480df185e204b18e8b3c95d2a2b32519c7dd6ced,false
681a30f6eeeddefac9d1581511d8ea75a32faa97,false
65b1fdda33becd47f3d7a6c71dbdef93737cb281,false
ae0fa70f6f6c9032bfb4a9c805431744d17545cf,true
7d8d639729c8041a6e80df66d84192676f2172ae,true
83ccdf60a62855c1fd1dc1dc40e2b093bb95dc2d,true
f963c577a24fa91224dc821f6cb2d6155692b0e8,true
de329401eda321d8ab852c98e413c671778aec93,true
406971eeb17bea1cf1763756382f5e02288fedd6,true
bb1cad9378d640e2d04ce6b6dce1f01c048fd3f3,true
3e44129361e92193bd4fcd24a559cb3c42491f1e,true
d61ee26699610b74fcf7a23ae377a94ed4604603,true
0b84a32a0eed91381e453519b8246490f5c314a2,true
91d0f7f9152931884f45e70dd23f625c7e28490e,true
c6d616c77713d777ca82783cc07885270b9bbf28,false
82aaab44cad1474a750c4b10247600ed1f838965,true
4fe7eb7e34490f74e4b91c95b2e6991fa7bb86fc,true
19a9d49c7562cfe9f6012c67abbb136c7d6856a6,true
1da95ebb7eec75e203b3d8f3383cf924d2d20e36,true
a5df7ac3acc81dbd6e38b192b2bbdfccb884159d,false
c2c8a288026c402aff1f0186ee74e5d5033167ec,false
f05ed694f63daafaa4ef34547a9b315d3549da47,false
884330143ddf84c2ffeb1ffdcac80ee1779f7e9e,false
5c7c75b22a40980ef0e6c12c9f2a66e7860999db,false
92f743302e490031fc83ac7ce973dc15d78d9f22,true
0b2b347eb532043be7b68cdcfa36428b712d4868,false
ea6258e073d3d923c8691913a864b72b3b6c9374,false
cf7865f7fbb724479090656bdb5be77751ff352d,false
6969d57cbdbd708eb002eb968a23380e2f7c6736,false
00be572c61b8a725f8ab78beb8cb44573b7865c4,false
8d354f3426972fa037754653e5265f3793a8a08a,false
e78f8ab7df5f90e1c09cff4d9110918fe70976d9,false
67adb3dd622e0dd3c82e74c99ec188366994e5c9,false
fe395878c1d968c50fb825173c6d4a925b1f29b3,false
32ddfc93eefdbb6839d5b21136af11ed3995aa0d,false
e1ea513354f0fb4ba6f30c5dac7ba8dcf836b334,true
9a15f640737e1301b78fd76d3bdc05bab4e2dd12,true
6ae1244000b8508dd20ad465c7c93411613a583d,false
72c47d43ab3b451b48350b5103cef85825a537bb,false
0052dd55f5d22a480e80e905401530364865ada1,false
7932358da8194ef18be1ce23e0b72b0c4f51a63a,false
0b58b90068d98a126578119591d80fd756d1a47d,false
f22106da5c3bab383e1792cf08cb7fa1b48d4a39,false
c4ee8524ba2d0124f11dc06ae25a6a1fc2a00053,false
f997eebf7e32fbd602fb923a99183668c5beaffa,false
517015ede1c23e5cccc4ed303a5f391e6eed0d94,false
9b5b6fb5909dd4f1a14c57219337ba152b3db930,false
bc8d3e1e7fb679b22977fdd0a0b1c6eaef34ac02,false
ea6c6e0f441eec8aa76e75d5ea0a04b7ad4d7614,false
dc4c547246dcf46aa2ff0dcb5e43caee7cd5f1d7,true
fbfca920581377e81c1610ddb3e443e1d34308b4,true
268c6894e4e8d2a4d7db0ece83f61d5dc0785e2a,true
29eae1d038bc6036af4903c9b43f42a157b10a1a,true
7f5de658827eac2d84e94f1f556a0fc05625b709,true
4faa495b54aef4b45f64ca0f9bddfb1ec4ed526e,true
01aa706e7f0ffbdb223ee57cd4a04d476a0226ba,true
7c36bef7b45060c0aedc959eb9fddf6466a5a74e,false
834cf985ebb36731067d255f85049f1165543d94,false
bd1af974ae683871d5ed5a10cfc067adbce1dcbc,false
802209cd5c112fa4f6e0b4ec91499e1dd6e061bf,true
8290a8859fc1c27d05e76f4ca0a6ba9c904a0729,true
f501a5540ac43323f6e03cf756820177ab979f3c,false
38bb4af786f9efac52aaf5decd604823a0ab7840,false
e6328103fac0d263aa60dd929c1fabd6d736a962,false
f336d1c06b43db058dc940a3ddf4da7e2f260980,false
914a526d1c596d7731563042ef53adfc00f0a781,false
c3129679f5546357842a8bc0884c75cd1f6e4f86,false
09b737b02814b83c086796ee88a8aaff084711e4,true
029f4beb47226d0e68cc07f38cd1f6b48670703f,true
557d72ebc4cd7ee7724deab4fbeb0ce2c1cbe8a5,false
448b950ec4f0d54e75f6d2f2d72f0e3016a94e85,false
6601906029f04b9390647cc871aeb0484096f971,false
df77bbeb85bb6a9ea6eb2e545f17e4b35e9c0802,false
ffb6a938b4346403fc95cd6d4eb53c08602f8fb0,false
d5132b71741802fbe7744db8c309b3e9f3dfb153,false
3e812879f156c8379718e3d9625bd87f51fafff2,false
2b0b984d0f4b76f3db8c4bab1290cb5874be20a3,false
db8e987b12c1cb8a2c25aa8f83e07c69ec923bab,true
cb01197705bca3aed6a14caf1b1016c42b7731b7,false
2ae895f2292b733c1bfadeb857d5c3fb31c7df52,false
f203e3d65b2b7124baf510f4b8b9c46df1b52882,false
61f14c6fe679bea650bf256ce6382b4f9ae59dba,false
b2973a3a04ebbba374e7ab37ad0eb42c1226a863,false
a62f52507e189e51dd4d6c7cef247d8486b5999a,false
cf27b48a041a333921a68f84aea5127d6efb2d73,true
c32da0842452088750731817903ee433801a1a3d,true
a27540686ffd9b94493a342333c134b755c61cf3,true
ed37d8285dbb0db25cee4cf4dea6c648450a0fa6,false
940384648442de19f045b9f89c086162aece4aea,true
b2afa83be7684e9cf8fc7a355ffecbf5170ee95d,true
b1bda467773ac41ce22d8c378cc8c4e1250aa881,true
a4f0be330880dbdfdb212bf188cf9729624f58cd,true
7212f6a478f165c06c59caf08d594b18534bf0a3,true
7bb1d40419dec5acf9a9de88cd7f0ac5b63aa6e9,true
924ae3263cd754f456615ec6eb261cf982a1b6b1,false
b56f7a1efc14c3cdb800af5a104cc923c0942ab6,false
4a4c7233c81efb708345b808d059b2eb1aebc6cf,false
7f1df7d747f6932f8581a3b09e3d203163e44236,true
42a6e5f6b7d05cc9b9ed858d02eee9328d3f2573,true
7fa93e93320bee10b8bae0a4bb3ebe25064c76a9,false
18a44da774214f0fec0190f49222fedf4a001780,false
957e3b03bac54d97b21dc670f44c581f6a3a18a1,false
24769a7dc0ce2db40bc112c4ae847b9c5f960bbb,false
65876f0dfde5d85c47043b123af0be49f4e7b8e4,false
3a0e638ed25f29989af7bce5e8528591cbff4395,true
2727eac26c138cc1da6fe090034e0fb6fe262e73,false
3259a905a4e0b322de364208507f1d89c1dbf305,true
be024a79be3f064b99712cc99d70603eef002884,true
9e8085a7ed3e6f1f9989eb432be46f962832db60,true
e1d7090c9fd73d88a7e648d22cbba25fe88510e9,false
2274569e1fa138f18ea2c1a827d794d16cb930e7,false
5966954640f22767f926fa77816755697953ebd6,true
5924f556796107adf2bc4b0f2345e2185e10b0cf,true
c93a54b6b6eb5b072a422e9d8bfb0ef09185fb04,true
1c53e891aa9e9e2a3cd06094330ad9b204eef0fa,true
665dc6b64bb996e1699038fec62a3a83a891ad23,true
942f21bb9b382e1b21702b5c6e8349847b8da065,true
55804b9418814771b3fa1a3b0173474d5b89bd40,true
3011175d57ed59beef25dddd530961e7dd59d423,false
7d2a689efdf8a340f31fb82d3d95dba9c460ffa7,false
60446d1cfe678c014ecf62a1749f51bf01f8b772,false
f02a402903f3e4a8adf3c0feed94806828be131a,true
1b1d542298ec784a2a86297fb2b1cd15346c962e,false
22ba2ced5ae7fd643b7f5f00a07b78967cedbc64,false
5406e77315410f41ccf54568e6e806ed0183f6aa,true
426726aed169eadcfcfbabe1a677fd1b46fe75ab,true
d640ae3379b6ace30c80a9af98c347adc93edaa4,true
212c73cc1f6a7fd8408ac00125e7d8f26db405d5,true
85ae2f28e7b51549e1c67200f4819c76d4251810,true
b53e442eb72a641df9c60af82a5484780a72f9bc,true
fa4b87ec636eade6e3c6d2b0ca67481b33385236,true
37bb7a292e574228316388e35d14645155121e39,true
f7cd631b84335bd498328a8a2c75ebe5de1baeb4,true
16de92a78980dc006057bda2c6adc6c1c75c5aa2,true
3c774d4935989b5275b0c1547436b044a3ca1ad5,true
7fad1cc372200a1620e185ac0257f43cca8e22bb,true
faab780ca28f4167aea07c4f7309b2480f1d1064,false
73e6fe9c93e27a6c02a9050cce101b72987052f5,false
c2420f3884f175af326ca9767466bfdd5f347910,true
5dad37437d70ef2a2537dbe1af3d10ee05d81df1,true
642336a5ebd63733ea77549a8bdc5e4688f97049,true
cb3e03fdba6da2c20656f7dc38144ec3a727c11d,true
0c3e1c26b82c0c957818c5abf2b8bad70fccc0b3,true
e24827d0213be109689354f9ab0d5bba82994c92,true
942de8665f4f0b4f705735c092dcab11b1fb3a65,true
ccdcdb3ed57cd15659569a86a338db5e2ac0b94b,true
d12fd6564b11ef74e9a71fc6fee3535055df387d,false
bff4f5289daed9d473274390d7b9d74b29f20488,true
836b2bd3c57f0388353af8d60fa870a1af8a1cfd,true
d9303ba066d8eedd4828c1abbb49dcab7f8699e5,true
cb8aafe06238696fbbda0d28dfd5d59d39939b53,true
8e63bce50c003cb34b940280e6aefde86be232e8,true
fccba8d5594f9872a21ec410b031cc1cf3643578,false
af51efc28700d9fb52df36852486082d0bb22920,true
d78794f1866493a56967166c21ca8927ce7094fb,true
b325b2501593473e3901a316bc4ccf7fa865b6f8,false
3759a5500e04bde1369c091bf661233080476cb9,false
1bc2f29330c9e5d1b76f4dff1c5ec1a410791308,false
20912e7992011f96cf1156ab21da5b98d9151521,true
7c9f87296f251f643ed05599014bcda65dfe5f5e,true
1359e3e99c55c8fac69a4b755a551910ab3314ed,true
be24227aed7f169f858533280ad23c3cc47b649c,false
cb3b83123958709fa4fe0d1e45c57f0d27b5d0f6,false
9ef7a58c9b35416604529f1923e833aeb1ad9b29,true
df1e3a3ce206de4bf6c9377b94f80175f64822b2,true
98ef7841ca38fff8b860e13048ac678d7eb84b9b,true
fd0b3fa77959d52975a057a88dbf76c91fa8caed,false
fdaebbe39b1af3eda43a66016d2578365452da48,false
497f06a3ce66616e0e40374ddf5040fe4fb70337,false
bd7fc6ad566f7bae1f0d3ca15fc98edd398f46a9,false
d02b80a16707ed5942f525b4c127ebc70bf69cb1,false
35e0a7a4f16c0ff8472612c11e0fe0c006dc7e53,false
0ff918438e050241184d15814022f0b2af6035a1,false
ff908eabc2d086549981d0f8cb88bde838b98c2a,false
d80d48fcf4b812f5b4d5df3f4cd65e310dbc35a1,true
b9c238fc9e0e5735016102257d68ef21b54cfdff,true
63dad4b878aa4ee03201ec8669a1ba0edfa5e999,true
afdba49238fbfce5761d893d26de1932554d58b2,true
57bd96fdc19ccc1ca5549d1ff91ec0cb10bc8ad1,true
b899fb1649744a356267d56355fdd03ddd174ce9,true
cd6cdf2d8635b89f1d325b7e36019521b9b60ad2,false
3688c54bfb372143fd9c9e48b4eccbdc1a73ffe5,true
3c8b1c3e977953182318497c032c5ed079f27fdd,true
ef89247dfe0aabc521d8f28692f63204aa1c95dc,true
7067e5a45703e1dcef2098fbdcd01ed485059fc5,true
9b4e71a9a06ad7cbb3b74b1d475cd48e3786cd0e,true
2a9ab7e2fbf6eea018290aa34408dbe95b1047b6,false
3b7dd42a384b3c06f2a88aef2c763643cf44f604,false
7c242c81785a612e3c88657dbc15c04e9a7373bb,true
a669b1a57e048004767712e63fb7446b4cd51128,false
7f2fd9319342294529f7ecf7114ff0880bd060a6,true
a33246d8e76d5d82371eef82da716c79fa0ae8e4,true
95cc99fe9389c9f85b3bb29ccce350e76b6fc69c,false
70315846434f2b53cc9e6abf7f7224d6316cb7c9,false
f8e9b16fadba4f9ac39467e48f1cfaf6bb123b7a,false
3139ba52607c4474c8d190d4e685448144906c63,false
68f4b1ea015b677607695bca7cbff1d7e36a5c96,false
3510d6227cbe1269e39c42ba3833adcdf2265053,false
3fa451eb59edf11df90b310d214b540f3e05ee7e,false
b8de233c15105ab70b528d374e6dabe12f885e8a,false
0cc0df897d4b9bc92a23da575b79b479f0e1d59d,false
f9da6c0647f1851031700b7f4e536ee8bc140979,false
5165dca3b9b53d8c0dd073f7bb5b604565adcea7,false
79c17ac0403f75b283f8a465c05a566a647c94db,false
90f63c424e41977630e696b8a76f4ce85600980b,false
4234ef1dd49e1b5c91e5b178b19a4131812fecdb,false
fa90a9dea7e8fad5892f5a78dfb34aeeedf3dbfd,false
e437e0661010acd36584caba18287167734384ae,false
e07f75559349b1729023a71d2706669202103a3f,false
bdfefbc9c93a249b4e9a4da2b8f6a50d606cc662,false
ed5d146542836d98bb592d96fa9dd0bc1867c133,false
2465f33187d01d2ea704af2d1c8c2414273b1159,false
bb94864ee47f3c91009f6eff62c061e5a5f23200,false
7648d4727f59bcff5fd39e1644833f59acd6e27d,false
6547bebab80945e7d3cbee4bab418a8667362fe7,false
a4408d49e1500c0277f136659b96f3556e2f2715,false
21aea2fa787406a8c27278cd6fa6e09b8acde5fc,true
4bea3a520f631875b0394f435e904c4620cb792e,false
ce20e7add1a12f40b923d4a7ee02e4662893369a,false
00f5f659df132b2d16ca523faca922d82698d2c5,false
a7d6e777c43fff1b144366faa2f5acc39b588564,false
eeb55a3efbe43b14433d1ccf53cb8b124633eecc,true
098beeb8b116f445a5f01f729ca4d3d8c3720333,true
5c1674eb43fcfaf2c6040185e29a140dbbcd99e7,true
9e4fc87fc5a607aeb21a39d4f89ccf888d2aff6f,true
8175a02aa35a457f18416f9f39bab35559f1eb49,true
a7faf4addcb312d4b47344eb89d6bf7f14f2aaf0,true
72079a45fb5beeae04b112330b38048c2c9211e5,false
6fb45f47b790c8a29a8a603c5d6fe8082f846864,true
03935eccf678463e1c11710377ad1c992b132d60,true
aa616a5be57c7cd7ad0300c97e30c2001c05263f,true
4954c1c13bce5c7c6d42008ee3f26625bd7257d0,true
c735c250f75eb84dc3846baaf2ef2cff271de86c,false
299ceb4ef60aa955594fc26fcc3ad51d6ea45af3,false
376011b4dfd114eea7f79dcc1c2e03395c421ac2,false
2b70e552fa53293a102cf2f12bad08672e101a4a,true
9f9de4d245f61e19434a46f26c0265357d95e545,false
88ec79507956a839a74eefcc6252b211adb186d0,false
b4224308ef541519e10cb9743224dc790a7d1bb5,false
d503988a3268fc4e6cb466e6c4d5ca3cf50ca724,true
f644e3fcb9f136ab0b5669da01731871b48d619b,true
f6e2f711ff657d403ef4a93b61663171b8a8eb39,true
fa25e7bb377090d18940e378758a910e06ee9834,false
eec46924efb280d28017b76ad18bfa913fc6b2d8,false
ad12f862705d3c2d2ec1996ddfebf6818ceacff2,true
9a8487645b41775627e81c9ac347438f9ad6a8d0,true
37f7d4a18b369025e12c8535be125b3f4d584307,true
8068722a750ecdecc572d6a70ece6492158f6e06,true
0abc5877d601e982b26cb21bf7350fc09bb49459,true
9156822eca49babe86fa5e5601c7ac2ad19c14c2,true
fcf1f61b5404a813e1df675fa68c775f05b8cadd,true
2a4e6ce5b314123d4fa968ebc703b0d3bed52b79,true
2a30ceac9d4ba69a68f989042f8e803f13fbeaaa,true
2db05cd59608de2b9d545b7ab059ea04b29e7b84,false
e44c2e32c770d76473f049ab84fdc7fc39e55366,false
fed205e92fb7d80bbc934750642834cb0493e483,false
c0475bdd38cffd7c87b7677993265453b953b820,true
94626aafa761278c000544ebc1ca7e22fe463ae5,true
eb4b289605727ae751d3d45c17832f77ce31c815,true
65d72bf44c34530f4a55d260680228e3573e7c89,false
4ed8151cf84e55aaf07b51e21404f3feff97c6ca,false
1f7ce6e1e7caae17ea3fdf8ec93bbe3e6b06d051,true
ad1b297a86eacacf9e14cf107f09465784c75668,true
834b23ae70592c0558e9f30d7ea1b7e1d5406e35,true
6436d3f288da8ca81d2e5ebf8a03e54a80aad442,false
a8efb4aa29904919c7d32345a25661cb6b50edaa,false
08ba530f313f871ccd3048888dbfa1b379e579b6,true
33b54838f7efe4ec29146e996888763b3121fa53,false
61596d19a1ce84386ee1b9df15380bd80c9e6429,false
c3f2b266faebb38c28790745e27d6989b9d881da,false
c2411bcd269ea7e02e76c73823016cffc6e5d8da,false
05bc559ef10d43e6774c4c596c0e0a2d62d11bbd,false
14584b91d150d03bb1da3c953fc4e10b3324d60c,false
2e2d4d090808ce13c7e86c3bc89e7470e4462726,false
9eacc4b4cb06359ffeb182c42d971e5375304e5a,false
ab72d922dd886d224f4bd447063330ee7c851c81,false
e57b60291302d8154f7c10371c7283be603f1fee,false
62a204fbe8a55e3c83b32c5dfae8c67763cc3f90,true
293e3dfb6001b67532ace1173a34738edc10b8d3,false
0f361d357525b05be8b64feb8d31454003c7a81c,false
1e0799735153970ef209317e0cf41a86391d5446,false
7f447de1b7c76e70d14378cb0374b09b865f86f6,false
d7eb41ba2fe7b9b44e645ec0f99fa0b8d9ed45a0,true
ca095d0d919dccea748ef0a1a9258586c98d1347,true
77145044566aaaa9d2f89928659f5647cacec944,true
fe386ff1eb087e3c754cbb1c3b7c07d1ba0ef4e2,true
5f205933048fc4418f6b0fddf62156dd7e6b3510,true
7a40c2c81d9c537354063bc3f694e8baf5632679,true
bb6e28fb3f3ad1b6377d79f1c286a3a92e69ce12,true
c42fafa8e37df2c94b1a8223ef1f7950c2140ee8,true
fcfe2eb504f145026e6c5bbc9fc4f7817b70f19c,true
5cf7aca2bfdd5eb7363bd698dd809be7bfd344b0,true
9f1da88df93a3b560ac2231dfe210dfaed38b2a7,true
3d543419a51a49b2614e6309cbedd8932d9a0d1b,true
21be38bb06264390332ad89c6ea45e8e8da0285c,false
ee0776fa1a02ef32822228eb4e809800e2271c6a,true
4bdfcc9e5f522a8e64f294559139960dd0b2559f,false
ed06bac2ee21f20ef34e9d24e80adcad8c4c3b6d,false
01273a400e3bd1f0d44993995a5bd4428ae4a307,true
42a119d31c9c8464c00150db05f2a6c4ee21188c,true
c7cb429b5b98c3915bc1815d56d3680f6c1d7949,true
09f504b4985d7893731d1f1f5da2272c74801569,true
0646afc77f4c5639a7dce0bab9677d5447bc6ab2,false
fdf8f1ca6389e5304a624663e7213cf9f61cfced,false
a4eb1ad819034205d2a887b2696b93dc066e1996,false
425abcb486ddd1deafe411772ef5f35a0fea542b,true
c5197d29df746cb4d8f7f0ca36c143690dafd2b2,true
b79f9e1101e82e4136a54089686fa05af65b0469,false
0f5bd27ceb4c22da004e49492282cbb51772699a,false
52f0d96183db2d0cd83b41fede11f76628c9fe5d,true
02dd59de0a2ee2fec22cd7b3b0dd9a6afd7b6cd7,false
1be55e814deb29b6f6cd20d15f536574b6c573c4,true
70fe99ab81be15864d224ceb9bfa4c0ff0a32235,false
92e71ff5fa5385a7cc915625e689a564935bef72,true
73cd82d32c1efc8e4082501f6678eb84c4e03419,false
3b6886b45f00f885deba142747eaabeacc906b2c,false
9472bdb23efde7870ae4c02022773279b956f778,false
671a72de4089758777a007678298297b22747aaf,true
b8fee922594f5de39fdecaf9912199c3a2f3f59e,false
65370466d3927ad0f457197ba0b27ee16eff8bf5,false
4c4c179ec0015c7c4b8a449a21f21bfa8f52b250,false
77e57f44d69a4fa1fd8ee64fb7fc58d09bb9e75c,false
302605340a9136ecf79eba330735d7934f3563df,false
48e4c814009f79f5e1d94b1637d083912e6b950d,false
446c322248b117dccedb2b8f26aa12d2a1093078,false
ae18d8f0c5c0055f67052db60cff66526e900b96,false
98539e1fc8f962b741b4e0bdf2ff7c03b1a83047,true
0091a025cd0dd3eb328effdd030262250bb770bf,true
ca4e60322785b85ec2adcbbb73fa5b685ee977fd,true
5baa717816d76c6f41dbaa9df8df9d7990358d17,false
e73ee61cdf7fc42e46dfc2afbd14345270bc9910,false
8f651705c253dbf345bf987a96c4ea051bfb07ab,false
510b24aa35e9c07b2b52d0a29250a5b413c775cf,false
c419e97c5d4969580e9d8a3bcd069a22fa599925,false
cc22a657870b10593cb86b958dfe9001c69cb3b9,false
721946dcfbbef4254807dedceec51a94cde7de99,false
cb4f7698691346942f2ffe38fd852253a9ac1012,false
467d341d40ee9e331c4214cb2d78267e15caeefb,false
4fe45ea13794a8fe749bae87d8042f313aa3399b,false
a278c6f720d0cd66fdea04367a4bf514b785750b,false
49e11f60b5f60d1bea598a52295c58e6eea2344f,false
d87d3039f291f7ed9445be3503a63df15a294e10,false
cb396e5ba27c702201eaf887ebffba1317d8a62d,false
06584157d530a662960042da856ad00c9a4806ec,false
534a5b5f21d113677cbb051d866dad2118456c99,false
3df1933745738c79b2928cf6735a114f2b0b6804,false
9591121f232f0ba7a3d88c9c39974522ce93e42d,false
02b2cd25ab5ebdfb6954f7431e6289de8606941c,false
e12f5a43b7b823fdb00666b4b560783e1cf3620f,false
15b97a12a18c85e1f45520cb515b30b13f9dd2de,false
82a4ce5667e368996579350ce58c2b4a1ac00c1c,false
d8814b646e9df611cf3d9283469af2670467d1cc,false
929b1c2b4a2cea280217194fdaf2af38599019d6,false
34a131fbb86efafd82981a35cf948c78af34ca4b,false
27a5e6d16ef1a6bfdecc36af39937112b11235fa,true
0f9c48987e055acf7bca2ff033d156f0c2544339,false
7ef3d87cee20c8062c9c4ac87e26de0671374ff8,false
7706d17d1608262d20c8e11a4dea2320a5e859c9,false
2d8c0335ed0c1af6b7b9281f503c59c79798bc6b,false
c7034735a2d428c9fcae7155a1ab67042c8d8399,false
94c91fb9d2b7358986218387e480cffd7c3a8de4,false
3aae131dc5855e7391e5d032d7f682f4f8d2fe4d,false
85faf178d720da606c16bb332cbc6c26bc52cb4c,false
e0ce2b9038abc3c8f278cfcd9dc3a659b721adca,false
1d64891d5f0b9cf05992a3f419221b3817b8f5e0,true
3f7805748a61affcf7d124bb496d57067ae79bd9,false
03c379f213c25302960656ae1938c9bda5d85e42,false
e684627f854fddcc116e6abe29f7febdb1388d24,false
f955eb2af695cc90f7e81ea5709055209a8e03f0,false
3913b634b78f600d91bc39a689caa18586198754,false
c46871d106eb14d60d2c3e832dc044f9f9b258ce,true
aed5b596cd726ae24b8fc800044acdd4717ccfbd,true
34516c40631ede7d3099f15c27d585acc2f2023d,true
e3668fc8dbe87d3c825639eaf2052a3265119112,false
5acbb64c71ae17b8e955dc7317d3c17e1298923d,false
392705bbe7f2763552da081b1403180f8aeb077f,false
0e63088281102cd9453ee9451d22baec0cf83c7b,false
7e2f6878c96ca7f3f0e76a215a6479ab9c91daf6,false
c15b9f4e0b308ecf855f9f48ea389bde4c90163d,false
c8a7829b52d5abdf8c759a5b48edd2ece35531b1,true
52e0d783edee9ac516c83055b9efb7bbe2ad5344,true
18014a14f3e6b06cc414d7c58de4c1aadda75420,true
fb0b84180433d3a02b6f4b4db574dc9742d3a051,false
051a4eaba0fb50212fd5b6d7bab43a544579e39b,false
cd3fe7ad31d4914a15fa2557330395e010119403,false
585af116f80d9e71898620a1d29dc9215a3ac6f1,true
e204706f12cd2160543e42cb4a373e2362d3cdd4,true
b32316ea3365540c4b044f3c1af3fdf0f467c2eb,true
6e96f7ddeb06a85b2b0157a6d01030f28105906c,false
9b14be5ea1495c8563c957c4360ccd6740dbcb93,false
e47b1cf7337bdf3a028663f95b4603cc0b4ff8b1,false
9636a444e2d47b2b8b4dbac554a832fc952bceaf,false
9617f6c1038a92a917788374bcc971a979e70b93,true
5320cc1c1c1c74448c05b72526d8010bc025f583,true
24983de04444722c9b6483dc82d04434147b0115,true
9116915c80ea9dd7c27e0da03c948bbffdbbcea5,false
b392c84ead7ca70d205d0e102e80da7c5ef98ae3,false
65963b3865333c477afe6e7b297860d9fa6ee3a9,false
1309231de1d46a2f34edd14299b3081cfbad5521,false
3df191a3e118c32c192ced1542153328782f9284,false
f13936796a7a1ef60ed218a142d9eadfa556ae51,false
82d2e4b79a0f89f3911970991c71a4b10cf2df7a,false
8eb99de5a5b450a69d7c36ef308f7d15a0fe35cb,true
5702c366279b39644e7512d186d945e7b83d15a8,true
54f58ef23b60b921efa1cf92dc78eb1211eef4ad,true
edfa88e9fef7a3ab87d5e07a266a944f67a9e83d,false
17f2b940fb440a7f8862274533a291bf10eec2b5,false
75295629047785aae6f638313f3d69457798727c,false
e02fb2c4df5d6dd564af146ec309b82f025aeedb,false
b1a1c5adf4363e89647f98759759c4814273cc39,false
6b4bc9c683d38a9d9723c17ee34f3164c17fb18b,false
6816c18432630b551f4dbf59c33dcd5dde235354,false
85d278c80868c522f8566559f3820009c94054a2,false
7cc0e671d38f185bd48b23d29844dd383ea9db4b,false
bf81ec520fc00c943772ef5480b9443cd97c52cb,false
3d4d7a223714b8616dbebad81c43d796d9e29006,false
982eba3b75eb823d7b6b973566b10257eb4d84b8,true
38aa60fef94575c5a354c4e288ad580551f32d7c,true
789e4335e68bf26a76e6f3a034e1466f3c545ae6,false
6d2816f6eeb1ac26a1a89d3d2f27cf4f03fe3b41,false
fecd86e3f924113dd6701952b86fd53637bea78a,false
c04a36abf9efe872b2baf6c7e376e78d80ecc824,false
96c761de67bc822400d171b5452826c917716aad,true
d170b9b3ca99eca5de85fdb171902faea358ebe5,false
b3f8f065d254625b42e28836a81546921286cd73,false
ccb05e527785c8c9fc6381bab8af33538e454a04,true
0c48b21a5dcedca614fb6226aa047b68aa3e6309,false
5001a1493f96e0c503c7d850acdab0f995d545c8,false
f21ed64f9d000ea667a2a2bc572d2c9fee0e4103,false
ecea8005e0d760d5cad2386f054600cecdbddef0,false
5dab35a859f7add71d7ec1e6f0f17e8253a3214e,false
00771dad72b4d5846980373aeb893818397f39bd,false
a17dc53035123ae80509cd5d1edaa7917c47f3c8,false
bc082e49670f737b18f593fe7efa309edd3a478b,false
c19d771495cbdc82f664bea26b5ea305d5651033,false
da5d0878882595b4c09455747039eb89592e1034,false
36c1a35a2d402619b0a69fd5166008b9be80724f,false
dbf8c506bc6e5846999cd48b36a74eec85cf11d9,true
0328a8edc84ce822016517de933f7c222a69de17,false
87fac977d5fec6035ba4dad1888360ba7ad0b3c2,false
79df237dd6ac4bd0e0addac47a5fc563fcf5bf25,true
491b2470c7640b2d9e613b547d5adaa117f7d276,false
00d52565fc7047090c947eb7d34ca0392cf47002,true
9dbc7974a5544ec3b8870a4da64373a0ba2f96a1,true
b95ffc531bad15a644509d7f7fa5a32ddf6904cf,true
9f9090504e9574eb47526e2838b597a33d620ed1,true
0c02a5aed0d5c57cece49fbc94089b960583ad9e,true
49e2c0b06aa9f7755cf5b2bf6c227ca58ce83cc1,false
44ad9bfd7459e91490d2a2832b692037ee76b752,false
56e79632540c195d14ef74b97b7cc74a9486aac5,false
a28f6e41b550a39fe74a91ae5cc134c671447256,false
dee728da402100f538af594e3cc9a36e9c5b6258,true
847f24733c9ab99705c2f99714cc6b3d3798c434,false
f64d41ebdb4cb0f5d8276e7a589b94b60502363d,false
e5f236eaa59f25ff0ec425dd01cefe978bf40411,false
1b0d81fb0df188c53cf592a6ddc0c1d7e24bc078,false
8be6584728da41001b89a485178b095321bc227b,false
b49a0ffa0a27bacd1d58a7742d25df489dd05515,false
3f7689f18d61f4312b5905d0ccd157087f1b617d,false
788ab9768f00e37bc5c3b227e32c4a9e870ee247,false
117bef5e260dd216273a247912aa7fd9781b8053,false
f49008f30a3a2ebee098e880d7a83e2c25d32f2e,true
4d1cef3d2608d7414391d7d73b6c866ea90fd090,true
52029aebb79e4140d3b22cb227576a2d24f0b82e,true
054606099a513ff38b52c6d37d7f3f9c310f52e1,false
1f4d3020db760077e5ea251f6704da26ba13e155,true
679afebc166509fef63e09f06af6d38928d8ed21,false
fc5d7e165d038eac1a64b097780c618b1d169863,false
e37a60d1a1b76fec5318f8009a42f00df8b1a05d,false
b69a175f97b585834f060f0de36f45c458314287,false
7a591a0d56cd3031ca98fd6c6b2f032d860dfc7d,false
3c005c56e1605ba1cd8d779cc1e993320b61e4e0,true
bc6de55a93ac93bce97443838d8ca34527fb2cb7,true
16145e2411ae5386ce48a2abb36a2729231a26f7,false
8dfe244d1ddcf0be7bc056beee8fc35c2979ec03,false
2ea88f4d7d910399af961fefce28a4b0f8e80877,false
ca9ef35758b6ffb92b34c016d069f20284ad872b,false
373412513e24067b361a56ab3d1532f068880554,false
7515eac82afc14924eaa48c0524a2368139d1ae4,false
fdbc406e279971a96fc79630c9b84d25c6142729,false
f79c7dfddca2b910e9891e69e0b1ba6f1c5bcb06,true
80ab194bb6030d678226db615978cd98cf66d183,false
1457a01c04f1a730039121b12ffb8a7f574967f5,true
0be15721caa16979cdb5db070ad4b85d72e3abfb,false
cfc23280c77fcdb571f323303faa33160846ac78,false
1fa99a18501dec8bf77fe167e06295b485d75d4e,false
c720c1186cefb8c85c82cfede8630ba5c5a0d787,true
60557be829e05d5879fdde7227c4c7c1fe76b297,false
b271ac779a85e41377eddf8645f4a8ae2e57ed55,false
6fdc3a7ba98d7373d14a995a15abd2570c9440d3,false
7a0a0c89557e30f1597d2c49c9a20f75f7a8128b,false
3aaf90822ad87a3dbcde949a918527a509ad3b30,false
abe797464d36e35c4bb9109e1d1e24354ffded00,false
b4572c35d70569be3cc99853675f8b5d8ba0972c,false
ded5fa0df3e5c17ac26f4cb639334637bb5cadc0,false
a2fa169bea896fd4fb676429ada886666d25e3dc,true
97c2b45cb8ce1c63df59a8ad173fa056b529bd3d,true
d8702301b24e37be728079177e7d4b16adbb404a,true
f2d29ad1189dfcdf61a9712742de8adeb91f8091,true
c5ec9af53d99bcdaf50b257e1d55c2cc16f78def,true
47bda414412ed39a4de75b8a3f4a14e074140ea7,true
4a5c5517852c0abb3ec13f5318e399aa780b208b,true
1adb674ce762219d55848b808334dc03f499a262,true
1f066350bd3ec8271e068b9bb433e374b00121cf,true
59a8b598fa7ae7bc190135245b31854b66530847,true
10d005384ecc77a6c280c5281a4a0af9f7b7dd20,true
e0e76e9e912f6337724d33a220a03694e8d31bf3,true
ad3379fb9089eebd0ce5215a14ae2e2e5eb4aa57,true
b22671e813a4d686b46acfe18e9d9f95816c8d5c,false
82b0acd3f05d6fc0f71b7996917c6228e6213f6d,true
c89099129b07ead70558116df9a27982f3f54a63,true
3b577a865ad3b0481ab8c047b5ea00f599841a99,false
e708f940c1e4c7cb9bc73e7496cbdcb996471ded,false
f6fe0bc53b0a1e5156a7166874b9c9bd0c43bf85,false
f3960cff4bd954da47a032626b1c4fe0fa05a425,false
6112a6629c798ce257191cc2993f67e0d49b8490,false
775be186407513aad12a070cab8f10b8955f5ae4,false
824df978f5ca0bbc8a45701bef04fece604a1d1f,false
9d6ad48e43db6f52925a6a50f8958742a532e884,true
e3d0b8cb46af851f3c57a794cb6133b2e52825b5,false
48b5d5c23eebe72d2a1213e685335d0049053dc8,false
b5367d0a846b6935b69c3efdbdc1fad4c5eff629,true
01fbdae9402dbb13baae1568368900eb00666d7f,true
399b3335e8d50c937e9cb1ae585ab8521de9be68,true
6d01d4d3d1ff770aa58de3664b34f3a31ad72e33,true
1b8505dea6ca5109b1d069f420dfde260ddaffa7,false
fdcc6742970f2c2bb6f96671e276534ed2984fe9,false
8d694115c79b49a8c9c170ace83c4274de127d0f,false
e96303f635a514ead7a156a1aef9e42191333783,false
8bc8a4a743457cbedd30b4c726d912cc5d33218b,false
e4dff0073c8d8c180dd0024e0abbf49ba24ccdf0,false
1bce1bf19db6bb199d0dfa9513751c302874a27e,false
056f88a2bd9381beb55b0a804e3d89ec3e97f5a4,false
619b0a35605678b240b7375f256f7c9eb5ecb9c7,false
5c494c1230c6033856f2b9cadf461dcb21eec7bf,false
cc613bf6f2c4c017c29b8a99b94c4cc69740c90e,false
e617b404d5f2b70187331158dcd7db08311a2b1f,false
f1ff17ad989a327f5e4abddeaba553821cd23bd3,false
89f11a34bb34d1eb208f18d61be7c8de24b1379f,true
03d3ca53d0854438d16e805fcc4f28bb1b053768,false
cfcf42afb0ccdeea0079cb5e1b605d3bc8c696a6,false
3b50b0763458b3d7f90c25b159f533fec29b24ec,false
08e96830a502e35ca6792f36051b20f07880fba5,false
421a4d20aa71973755246b7e92d4c9056e71d7ef,false
3e63751548d3f20b2a27e7fafabe86f8bac32283,false
d67976c1aebf614bdc87c9d3ed6448187c795768,false
2e88c22bed25ab88f3f7593a788fe9feefb6b87e,false
362e3148c85a7da2c0f4875e7d89903ebfbc863f,false
37470d8b8c58d4ed95cd4a885b7a7cb2bee4a3ea,false
717d22a46340f972b5827ea78a7e0c7b3d2e67e8,false
a5431f93cfdf3f2cda161108dd2c8baf04cf3d9c,false
79b096abdea5f48f4ad602e5910424fafddfcfe4,false
08e2c87a22cbe3071b0af4202650422a5f4619d1,false
1a3057fe8485a21673ab5e448725a44dc869f64b,false
a8449ab15c5b79124db630f97623644a07418e34,false
8b6d4d51b79b0673fdeab21cacc725530f8382e5,false
8f303e6a608ef45db6e965043fe1083a2aa6016f,false
d702e810b201888bfe791b095f024b2befcee5b5,false
c1433d93ca3b3a1dc3010afe5171e151db3309a7,true
f9baa8a42f48be1fa02d10bfa32e659cb91d72f5,true
7496ef86ceac19b2d9fd5352721f0331afebe6b8,true
eb377248fd3102b92b152dd288c36371bd509bf0,true
b279d3488970538bfdea0ba01a665ca22497b7d4,true
0385d877e3cb81e65e2192c2c5e28328a1662627,true
0487cfd6c76ac1b8477545d674b7ebb10c953738,false
f9f637587ac7ad46e8162873471cfbc3b9c1f7f0,false
4f706e79d34eec430ee75a711cc2dca2fcb59eb4,false
3b7f8add1450d3898e610c9294066563a0e7433a,false
7a2cf435f23882277a3b841c4cb81fbe773b7899,false
ef2dc8cdd920be3972a8af38a7544f61fcba148a,false
1d736b73b41915bc9da3b1e4a8f8a24b5576a8a6,false
8fd978ddd9091169a81f282e9c80f12665128c7e,false
702ae3d7a97ce61a0cdca6134d20567ea4b10ef2,false
c7fb281678ef8605d32c186512e912544ce6f755,false
7d780066c04ae5833ead5aee19112ef02b1ed25e,true
42730466e5be9bdee14bafc2282a653714a8d57f,true
4d18c58ebbf3d512be6f13550ac6af29b22ef8a7,true
53983bb3949f93923418c4fab80c21dc3e017737,false
4d87d57b68bbddfd90172494ffe5b910dc1c31c5,false
53469fddc2e95a5a930b1a2057175d8afc759c54,false
c6b4f610096bd81c85875f516bb84594a23d3c4e,false
2b862d5951bf66f75e89c480dceb529da3a1e0db,false
05241683e831b4c13ad88a6c162063ed26bd3fbe,false
cdb88b24c18b92486de54bf3a4dc33e50832fa69,false
e369471952e333374c5ab9dc53e0e27bc5962b2d,false
0c049b9b46464c87deb22fc2f9b39ab43ebfeab1,true
bd469b2e3b44d41de7af80d5a1720965812e9872,false
2710406318c9baf8ab0a4ff4e3d8e323b00f3ee1,true
e4172b74bc397123cf55ca613a781b91c631b85f,false
0d6e54222a531cf8945721b1358ba62419d5ae6d,true
ac3054552126661a412af98df7a237af6aa3eff6,true
108a2971acd9b205400ce68e4c9ed08aaee32c71,false
18a5ebf9f27888a1724c3c7c2096540543b0dd1f,true
1c4530a2da0e1bdffa5cb3fd17c80382fb1b4eeb,true
373da799327d5618eaa5f68fc9b843866d0389a1,true
998d3ddff7dcbeba54c82078302ffa0a39eb7621,true
298a8b6a9bbee1930127b1e861fc996d23b43bcd,true
84d0516f6c0af94117a465fe20f0deab76aaf1d1,true
f5e5121982cb78719c8e1cab6621ff15a45a758e,true
46b96b239701383d2d9b4a9e5f581c3eb3719a68,true
8967c8cdcc9fd90632d0d4a16bdb697f991653fd,true
e8d71d29ac394675b08dbdbd53af78b5f819abd1,true
b99a94a229d53bcc94b2c0ec8477c0a0e779e94c,false
0042a3c5108944db7145ddeebd9a2b85bd635e88,false
fa0c5088e9dc5e4f449dc83e48c417ae3737819e,false
fd4ff4defee98c5527cb2c6884538836581f95c0,false
4cc953b171389715f0572c714d564414bae40fd3,false
7c32276b90aeb6770d75cb4c26c351b2fc319857,false
af3554aec73746dc11cc061293b0bb41d48bed40,false
f05ca28ddeecf736c3efe04fca34a7cc12487962,false
bba7beaa81ab4a81d454f265de8947bf4631ffd4,false
8a4c89fce923c2a83736acd0d045aa4f0f59f14c,true
1c38bf95b62644e19d9be1f291e73d32c3e99aaf,true
8541dc0a29e2e2e44927164c80be256adedfaace,false
38fa0976313c8f7de8558294c240697b376f77b7,true
f00fc0a0094304bf42a4d115ec21241cd72ec396,true
329fbbf9d757fadc223aee62ef72a1867ad51eef,false
947716f57d402ec55b6a0476a15d98ef134af006,false
120860269c6aa62df8da3de79ce0d4033ba3edc5,false
dbe254d2e9c322623ee0d12ba13ab6209693ef8b,false
fea43882ef553698db50d67004f909f467427473,false
264fd504bbb2725c0fd106ff435f27f7682199ef,true
899c402c2e8198d85015c2a4b2909ee614d7cfbd,false
0434b4130f1bd6d684c04240d28c000b9820f972,false
b9b5f26a5d7eee146800cc4ed556eacdf100b885,false
6c632d62c5d16560a5a004709875b3308e3dadc0,false
db81ec74563145abb606d48b341c8d7de1e7811c,false
a751e554b487840f898f6c570506c9d9b92feae6,false
a71f71cdf69a342a17b666e578bc8293f7012047,false
717a39c401db3e917859b65cb06204da72344b3d,false
4ebb107cb74cd15a0223769be8057335ed6bcd16,false
298a99bc17255c144ecfd34e4e89f8c3262049e5,false
f64a42c606d1bd44bb555c33cf3a6eabca8d1c15,false
6719cef5e84365a9d799a41204e371b358063a23,true
94081501fd0622f20f085b6d595d6f980423a98c,true
e93f0d336c5b3fb34afaddd63d4e06053b619635,true
fc02b1d84e8d8a09549b86786f43064105b808b1,true
4f0ed50ab0944164e91d15b96ed4e78afdeb6848,false
336f6e9590c5e9bbb243ac8a3595e7871a752e47,false
ff7662488499934748f4d75228415fb2a029daec,false
2ff82ebbe26485771e44dcbb67562faaf2ddf935,false
407955095bba3b568942f03f3a5eb166b0aceaf3,false
b63f86e32c07523c6862e160e562206530064b7f,false
dcdca6a93c80450aab6917a31c10a7aaee858b83,false
4f73b40ae91271492cf8e3780b4f99cb7b536fa4,false
5b92188e040cb27afd6105ffb2c9a50b4adbd849,false
ed36218f50016d67623d0206414922f572b2e4dd,false
6d0ccd8c6e97718427f3d76139f8e54798981868,false
d3e0bd58e27f6a417c1b6b97c2644d07f403078f,false
13d8741fb3b1c25902eff98b22a5945970df2aa7,false
50e50b6ae0dfc6889e05be8390603790655d3205,false
097dca2cbe98d4e16a51959f91b20e88d9dbf026,false
b2ccaae1903fec41a0a82bb4771ff06a25594190,false
1a046e719a3121be92b0f9089cdfb15c17f42514,false
29f6d7db51f2ffea9e17bbc60dd764567981687a,false
cc3afd9a15c598db69e2479049d0661e1bb18c20,false
afadbd5829bc6cbf2b243de28d4efe9590a0ed37,false
f49400e77b302853166968b08f775471b427b76f,false
3af777f34da3584e65a0707fcb2f25b4a4039dce,false
44eefb90946249b274fe8785c3517df7e7af03ab,false
b5f7f1e3cfce250165361eb5f59cebc90a832369,false
ae34b6629b07b0977928f5d4703500cad25cb541,true
df653a2908fb1950fd9393dffc7e75a63d730f02,false
00b145669e73451cdbb881f5befd489de8c53ba0,false
510d97df8aecea547bd2587c5b1582f393a578d5,false
e75b925efb4d41e4ea0fc591420a40fec8da9fe7,false
970ea8be181a7b1a52670ec8998f1f8d23e086d8,false
ffc2d3b62948fd4a6ea1c131e7dc15f02dae7ecb,false
438fb55a853773576be33c6b9c6357acbd21d247,false
53a740444f5b254d1b1a0694d50a4aa0eca97731,true
3f9f0549737f7a3ec39f38c8742eaaee0d809ecd,false
ac3bf43559f81716185d361b8b35d3bda2091b25,true
aa03151e369dfc2ebf301bcf4c978e5e74902124,true
51f7dae282376fd9eab535031e44a19c45ae5f43,true
dedf9d2c667695bae0a05ce80262ad07093c15e9,true
3639a9633689cbf4fa34a7621a745113a8002022,true
c0e78d48b4b23a40cde398fc155c8991e446cb81,true
ce3911c45a15d71ed09c18c5236bbe581eee1426,true
32df7c53a0ecda1a2aad004d8ef61e170a3b7d4a,true
8f67640549c2dd77d555bfed696d5c2fc6083bf2,true
34607b337cdbe62ea1c62799312e80feb5ed6a4d,true
38b38ad120674a758048e3f92a76ad5cdee65186,true
7a8f0545c3f3317222c8a79d6482a52d942f2c98,true
55afd385fed61a4e9a3a5d752fe4c7340b1f57fc,false
1bdf3fbd581d7327fb2b25b2b0e538a2e827f7c9,false
5ab6c9ac5ab65cfbb5bd99c9f8c6195620934849,false
efe6bb242ce6a27f7e71f1ca0ee54eaeeb50f832,false
6e6a4b6f4cd901d01461a14160968672ae390f2a,false
ca6273fad482dc51e4f61fc527dde8e35eb9461c,false
c33e64b58fccb1497b04b36fe841e9c84cd5e95d,false
d5def8a8578dba19083ed173bdc906873ea7ccf5,false
3d6c3def0150e53da41d8f3f45548c919c685af0,true
10d672255a4aa56fd834af69ae835e38dafae283,true
f03180ef7a9343133fa484bd490d8bc003aecfca,false
e4cf76b1c03adb167a6052dcfd05fe29586af304,false
4ed10d0f3da3cc798260fa2ee5d575d6667bcd57,false
821266e544562758ed87741c265b535635f9ea84,false
a21edb62ebd0057c6c9895b17735d393719210f8,false
a7a72edc2876bbd21c102fe2712b8c01ee8a3d92,false
c356bb51895279eee77d32bea15b3079e7c1ee5a,false
7e3bb45f5522ff6888140cc9b87f94aa410038aa,false
486e69d26cb131555da03cc26b2160070362596e,false
82f7807af4e0123e8347e4c8b7081e33c1fbfe77,false
6b5b98770b5f8266687e4d1dea8a6758255bf219,false
663885933a130e4ce35d413146688578a125586e,true
c1214df549d00a58653e35c60180de15b8c8b773,false
0434840a485609632f6f7fdfcad515194c629488,true
575502fbb2c51a676c3532e31564f3d685229abc,false
0a6e94580d2a601819152d55a0a0242904e66d7c,false
9d87b4964b8b2587a451473ff218ce1459cc97b4,true
cccbfc3e3796c6062ad68c7e7fbf60ca0712b015,false
69932bd5d38cfc689985eba7603edd5a1753e854,true
98a180bb7fa8ec943748d6cc61d92ec597bb60cd,true
66d499e127cd07978f8575a4140b8fb3e160c321,true
5abe4b1116e441c3b66247a4d8812b0b2c3e71c2,false
58df765f915654dd80529071fefaec5cac75cf1c,true
dba6545b814ce9934ce74a7fe0a9dce5dfc03388,false
736f637043b267cdb91c85c8a1a94156d6b14b4c,false
af516afc023cafaf36cc07940df5ee6a545db25e,false
cb937d34c8bba4cac4cee727931dddc8371bd38f,true
c8fe889a5125e5bd80cb353a47ab4e3e87739ba4,true
99bd2140d354fb492094b4e1557def9b5c643800,true
292071ecf4753b0d35971f84a7651ef13931009c,false
fd066aeb114d6d8994723972613e234de327bb66,false
2d6d4626daffc616573400cff2a4ce667a0faf4c,true
9594bb69b3fb64ad02526bf1cc7bf29e02623b91,true
c4fb5beca4946992f3d210347099f95b8c4a2708,true
f1d3725cd702e80bc7af65278ec98bf20aae874f,false
8e69da28829ff2827361eb9791c0a8c204b8b57f,false
1fbdb92171a1891ef296d3e4bc9e6b47fa4b0472,false
951f1929117790ae0df8bc9b8a74c8a33f419c22,false
ee0fab561061f1b2556932a5e3772abcf0c2994d,true
466d37e4f3e64146065f688c0e7af17312c4e0d0,true
e1c4ec0a5b6d8a147dcaa70ca3bd2e8e04bbbf79,false
d03cfc8b700666d99aec3fe6fb93a2d05c19b62b,true
a9cba04ac48f4802913403ddc2ada62a675576cd,true
2383e43f8f139e84fc731b4f95c1f637b61725d9,true
8560389ac9e5cfee5495036078b4331ff4c28e5e,false
fe1b283d2441bb2b78b9ab8144490d42b8eeb663,true
407986fb4c491e36c40bde657d28b424eae619a9,true
1f21b672da655a1785b409c6c6a746b876ef6afa,true
a7e17a79764e403afd90d7b4419be42ff9cde1b2,true
23e202801da2fc413976b4e173b9cf27dad73e9d,true
ca2bb63bcd429df76a9b28d0ac30ef78bcf80293,true
d051799a5b137902fe05df3a872a0028dba08d84,true
6a31cf0ed041bc101ac116d402f8f185d46661c2,true
9dc07544923f2707435a37a629c8cdbcea3924fe,true
6404707de2fba14cba75f3c728425ca466d4d88f,true
d0fb2af1b5affdf39d6ae7f4c29afe57c3a4b5c0,false
cacf4751948e2370f75b11b96f48083827c1d863,true
c27c9a4f5925a5a3c582afa1c460071dd8954bdf,true
4a0923891581f4bdd7371c28f8f1ba0dbfa9553d,true
e4a06597b633f80ef11a4403e8938059ef12327e,true
7efc99f9ee64b0249b26a9543e64c7f3954f079c,true
47071a8569984bc5696ae3f88f6f7996fb7fefee,false
0a0800574dd66fe8ce14b8b595a7e344dbb0d967,false
90da2a07000840127f81f79d6538541f9497efe3,false
f1693b0efa91a9d219669366923e86fbdc1da700,false
559712ae684828f3634db6fe88f1c7df487a17e0,false
8ab86900625d09163d558bd7840043420503af6b,false
d6683d7a2ec72295c4beb49fe36858eb639ee032,false
34834a764b75d6617cf2f340a3b05cd2731b94fc,false
12fd6238aa1f17a45775348eae76047818b35daa,true
3716e57a03e57a6d5d45c91fb3418f14be9fa150,false
9824b21d28a8d2fd85e0b12bf6782b8c127d30a8,false
7cac1fbef31c8d46c06d766fba38b204946e6787,true
286f6f94b94555454bcb68fc9d606aa4eaeee5b3,true
f221f715f8534751340ef568a7b5b4a1263e12b4,true
b0c16c66b625fb1eac2c9ee0568b4c0cae3f83f5,false
1a13c16787fabc2d90cc12964848ea27fdd927a3,true
cbc7984c49e6dcb8ae94f1566a3adbd467bc4510,false
b3771f46722866a3daf6ed89c26e509973aea51a,false
bad4ea8b03c023f8da72b57c8671aa74eee23463,false
a53151f7be4a4be76291b096499b8ff303e2f299,false
1e8f1da9645205f9ab7817d785fd2627cdc28363,true
f26d7047cf47c4dba96cf4eba60803b34a0c719a,true
cfafb984dab13f1cda5cfbf44d170351908b3daf,false
1cc3489447faaf15f58b9bc72784e97ea84fb325,true
10579904eddc230f87271207c31d576f94235087,true
a2d235fba7c47df049d908b2f761e489ad010048,false
97555b4022773cd9d2ddfcd346dd15f1025a3494,false
860e10d69a0cba7b44ca2efb28678b70d786ff54,false
8f2187a115481134cef620a75ca9d1968fcf5dca,false
9b7bda8b5ee85d8b2ab0839679d36714e84d1eee,false
face989dd7a6641888bdec68b8b458b937e8d1e1,true
ec7736cee7947139d8097efd05f728f8cf1dd367,false
dde875ba384dbfa7069fcf25cfc43cd31a13b7a3,false
1288cf2bf0b5eb40914773217973e3bb4bec9aee,false
63ed0b4a4add004a354bec996dd76d027fd16fdb,true
cbcfc7b16e779c64bf52a52a829ad51da2e65f4f,true
5ca620e7150ae87d02f5193c1f05e5398747ad6d,false
18e9293fa7f0e5b7e732ead39ec7781ea8c4932e,false
8af0985c6889bfedcfbc2254caffe9a24f17a1a9,false
e812261001759b00dd67c9cc2fea0578046ae13e,false
85182d548a269024f7a562899f3da31f95422614,false
4110c3d7d15ab9eb31c8b0a87017419f7b0d5eeb,false
0532b85e7f595dfa7526657f278e0f9e0408465b,false
8683bf4bd55ba29033f765987050cb29371f70a8,false
4b3cdbc760466a65fa20e1795a257fdb6e6d1773,false
64c514058ba1f00f1db54013cdbb216a78d2236f,false
75eb08cd1411cc4c11bb84d199bac67a81d32bab,false
19e9e814ff45123554be41fa9deed0a6e6936337,false
b8ebfb1b5e6035af18150b29490a0687dc4200ed,false
8f1cc7e30cc29342b199eeec835e2d7e2d947f89,false
40dea409d3b504699852d29c674e30f3051fc906,false
dc99e15af3f8c4ca1ba18e33d8c668f389d28731,false
12226f717ba0e4ebcbd6f01dfebfdd58835df1ff,false
0fb1687cf9a424962da5627eb9d935869c5fc140,false
75d08e018d1886bf2e8bc7be10b1dd301a61b328,true
a2aef97efe9d3d117d4240afc17e2f55f4c95d8c,true
46e81486ba609b09ace919af8c8c52bb497ec679,false
9ca2c786e257f0a8bd946c22574ec1cf20709fdc,false
8dbd4d1730d9aa8cc2ad6728980a78af6a2de7fa,false
5694839733e233e14873d278c2ae62a3d9100be6,false
9dd9467d6bd51bbb66486edced5f07e0e249b75d,false
9a3bca94f55a946ab400c5b4f03160c75e5554a0,false
cf21662de9e47476ad1cc1c16baef8c864841dea,false
884d13133e9fe68936203b71141c7f1aa9794e47,false
697411144b53887e2c770419038e59c69f87ecb8,false
ee544be054f06e62c818bf2c750bb2f26b7cae3d,false
e0ef3e992fb3dc691add4763d4f8e4b4d56a59ff,true
efe907df91596c3eff4cc2eb80ee2bbe09d1f373,true
9a194693f7d05668019967776473ab6e7c44f506,false
5ff9a6cb6cf7028832964a63b864a1cff9c8b48d,false
6d8d8f63301faa8f1b8c4eaeade59b750efe1a2d,false
4004d16ce142076b31fc12f753442c1003069133,false
d258675d4825c5c9973065ce9667f4392ff46cf0,false
157e4a3304532143fcf350c158695d5bf65b7060,false
41416e92c7b59f326a6c16a93ed3a51a014febda,false
5a18031be554426a9cb9361b11794407f8ac51be,false
cc6de9047d769eb8d6100940ffdfbe311a4abe7f,false
557c04edac3aec4ca7fccd22001447abd1bcba0c,false
f56cca00146753a13a2d35c8a98f00b43596e3f7,true
9fb0edfc295cd3ec41c132724d2a73412c1b0c43,false
734f128fa2a07d535be2a6ba50de71a11ad583ce,false
a402549f80c0647320dafaed2efcb6edea3d7329,false
cb78ceb3031dc10c69af7fd047dd88fddf922895,false
d948ec306260c1a3d4411adfbd5ec1d1a155440f,false
337158b899e6b7831c1b822d1592d8b5b207a721,false
a67c6b1ea5577d8928dec7adaf652b5d4486f871,false
1d2551a3357195ff8b2f75d7e3c669883d06794d,false
f1b94564fc491867c3be4dc80c2f6a2a1b0758d6,false
4db9719671a66e6e341cf197ddc592f8b2462631,false
d6a9d78c9a0322caa41a25c8940b8badd251c757,false
0dcbc35f6719150dee9e96e1389515de6ed672ab,false
6ea5ce4d05f7c2fe561c84ac86f995e48cca2dfe,false
ea5b4ca32b6faea4b609467565cdc8e34abf2615,false
cacbc16e3b9ee54ce92b2a30140b98ea3670c9e3,false
9adf8eddc09756f0c8eeda33cf8c6a4def99663c,true
e0566b8192ff89c10253d1a1845ccb1458ce6065,true
4aa449f4307fa12f6ffa8c540e36c901c622f230,false
f8306811455be0a51332da7f5b651158518080a8,false
36cbdc157565ec411d18f0e5ac8bb1be6125f586,false
3b1c79b8fb305c99a2677a6849eb7f29f8171c1f,false
ea9fa99767ba003ea2afabd6a42488c1280d1110,false
75de16415c7f84edb24fee1a822c72e0132fbe1b,false
6d482f2613b8e969fbd600ca541e40055cd25d8f,false
4163e064c22a05fab63ff6076a49342d0cf97eb4,false
9eea90d748324e1e7159f88e6c5341696b9e41a5,true
6e666b36d7c7970bcf42ae12753fad799d7d0971,false
854ee8073f6a1ec13da47491ead3af794568d903,true
b8da574f76fe1295b53f4269a695130b2a53623a,true
9492a097ff489c858f856c311c7cc8108834d813,false
e547407e968ff296ffb8d79d42a8b2798d98f15b,false
458aa8748181a9429f28887562acc1424b573b9e,true
b1967ae3ed8e0a3e4534c0a0b6fdba6686a19a92,false
e57ebc1a60ae3b3105f58d7e9426c35765624cb4,true
e4bb1f60ba5f8b55e8ee034e3b7cdbe7fb45344b,true
f5530585c47ae3de771adca5d3660784655cb01d,true
a18355118896121f58787080a006769293cb4db2,true
488609396e1e6651ad48335173e56e7e3b48275c,false
450984bc6f750d068b5566c4628b80bdf1cf58bf,false
2b3df12c65e15f4352e98606aa0f005b85211a93,true
106d0e8f0d94b2ecded51eb41ad3c398069568cf,true
f8c4fcf5c1f575b6913dd417f206c897ac88d507,false
32d89a25b86141dfaeb7792b225e3c06b906e05a,true
c9ec65496d43979f77a10def9c426cd51c274200,false
eed069b2872295f2fc76230ec74ede4d245d8bec,false
9d3f4bdeb76b92a9bb0a44172b90db96f39b7522,true
fd3c52287ac4bfc9b098c4c2b3486070eca1449f,true
f6bad81406150ac3b7e97dc718b5ba4f7add2e30,true
efa1cbe402434b1e9a1418b38a8b68372714a304,false
3a45afa7597d91f73ead734c6f54d479e8e5529b,false
ce4156bde5514c4c573222a090d55640af134bb3,false
94f4d0acd957ae192b93a1c41a2f4f2bb53d5c96,false
c8d65741674e2ab23a992706854d2f25265a43e7,false
173b4a40f9f8bbd5ecdd0eb2c44bf5fb88ab84ae,false
2d2d541cb8616ce9281fa742721f48d9caabd8f7,false
f380ac2a4fa1eb3a1622f6fe6c9711adb6dc1502,false
d737446d23f7670726bef44697d5128cc15516cf,false
b44716b69923af8e8fc4629f739863b1533281ed,false
a2f1215f484af6b4ad043c12302d35354ba98806,false
720abfea4765a8d9374233abefb6c7628c87f641,true
5ca28db189842b0307f8dcabb256f3594b4e0ef0,false
641978fbd511fed34da3d8e6aad14df5610a7ce1,false
dd3aff6d23303b8bf00b11f59edffacd893be133,false
4ff41225bd6c310bd7a8cefd3e4ceaacc30111ed,false
b525a3b6c5c677d3073d9149cb9bca4d2634f919,false
ae0957ee9075f591fcd83686a3a1288141b06c01,false
34d76e2169c293649f6bbf79908ff7ab437cce0a,false
bd00320100d8862deebea827e70e30104cab546b,false
571a42c06473ed6a084e6f77b9cd1abb1f5ca928,false
fc850a571bf2e97168baadd11bb3726cad27742f,true
3be35aaec09a0b600ee3a39f2b093c474b0cbdf8,false
3093652c1ac01f91802edd139bcaa367edb92c7a,false
f18f4831b11cc6a05284930c1b424f946133b5b4,false
7428e2acd4e2eb3ddc6d214d8a3fd24e8e43db73,false
ae6d66ea4c5c551bb075a8a5dc3e547422efe14b,false
89838da29033d608665df2af330be3aa46a24f7f,false
9e39322be999979e61f2cff9e2c4e0171d224b18,false
8a7c4c558578bf91c029b07528c8f3f55cb7c51a,false
e374a4c37825bbe530cdf9a449906f6d8a0c18a9,false
77caa5daa9719e5ec290f8888459e4bedbfebf44,false
6d0cbc8e80e29eb4b6d62aa3a8a93311fd037c8c,false
cf1d3b19601be5af9472a7dd4a4768043e37c03e,false
a8321808aeea4c3751a467cdcbe170c3af8181a2,false
986f236c1f83fdcceef6c2e2cbc846d21f7c7ec6,true
f54298baa6495e7813e3bf8fa6beab5787e9db4c,false
07717c1721a2fd2783bc2a214fdba63eaad44e77,false
e873e4fc783750a7a829b69eb5a533c1867baf4f,true
1f19afc17c723e8533aa173b042527c6a38c6865,false
a4c54ebce07f50626af419ee8262743e3e053dff,false
4bf0469504a2714af55524fa6565b4965f02c9b8,false
c26c504f3aeb5f2c8a9093b7da9df8bf34ad52bd,false
657d824973631f793dec1e046bc2077476f7856d,true
2f888dceb5bdb71589beaaddf47d66a20fda689d,false
edf5f9414989c9dd1001015d24c5fce0b6ed2b70,true
d9730ffdc6d0ed6209869549aa5217492bf94127,true
a75b5064802245b087357c2632f269d49522ba15,false
1470a171251f4830877928fa6dc7bd8eef9e9b72,false
4d5b9441a202bae5a22e36fadfd46c11521ecc41,false
3940f04989ae7bb7a5d9dec40017b575c2066988,false
adbfb1f872cabce8bbfec69ab68b68a7f5d95670,true
fb9f998f5a415226a0a2cd5be4c8a7701aefaf4d,true
6514e3e7b204b0e5830278a76506af738b6f2972,false
9bca5fbb532d047de9a30718d7f453f3c478cff9,true
30d626774d43d07f6867908a5539e9414b6a3cb2,true
c5db9c39e4663bbf220649fe09f4bf5c0edbe528,true
3d00f6c605677d0effa88f6e54922ce047b4bc4c,true
5ad546ab69a29eb82993b0e58cdc5fa9ed1faf2a,false
e04e6ea72ad0f2c82b97bf642efd0e7fa37ec870,false
004cfecab62279660f6f6c83b2587ca49c5cb8d2,true
5e2325526c45b0f8de63557b0f518f86efc4bd29,false
25fdefd06c0f21b60888100fb46dfd0b4f305ae6,false
b57f8ee9416f0711b6fa02d0842542662e6a7ad9,false
c7dc341aa3f633ea1512d45801bdd19b43eb02c5,false
e395247e8eae228525516c9801b19e33b294d4a8,true
b57b8683137ec50a72464eaeb0f769771ce6aae7,true
bad4433acdc46c39278885978c4c25e94a54fed6,true
e12275c1f5df3b34823334fef10d1a6b346ab419,true
de82db912fe8b523bdaad404e974c961c14e6a35,false
460097e66a7d909dd72cfa07db0258f9fa3a937e,true
87e99439c10bb20fb56211e1dace7b380fe82ed1,true
7195b0e6892e90dabe29b296cb43f4ebff77b8ce,false
6a94622e3ea90d1eb2dc0db8de30d6344cf6477b,false
a4031443153174c48d0ff5dc2a93829bcb00f498,false
e83356e5b2cb52b77568f1d8e8dc755b5d040939,false
a2e350f8f3291e854cd1e198ef593c109e213047,false
69d66f7616e058d82161ad8c4b8508d00fe182eb,false
b575965567acf0b126d08e36abdc65b104d97bb6,true
74cd4e18641f028aa93ab11add98a0b5ec2882c9,true
ed8ba7ef0fb8b3a18c9d1dcfbc2b8bfb090704ed,false
6be824b12bb94670748d3d5236d44455f3a7eb43,false
bef6031441f92c26cac55c7f73136a86ffcad987,false
c7a3cbc5b590519f40f5affab7515479bf16373a,false
1be739b164a4276a0be640a2d73d4a4c9d558f45,false
c845b83d17c97d74843002712729af982cda17db,false
074723a3724c34495bee354601a52cfe81dcae41,false
38829a43ee4721fad5413ebad7949eb8f8c5e83c,false
877c4f93633133816344c93645ef9e859397291a,true
de5ae730232f93baa2eb09be58c27f262d337d14,true
f32836a0f8390af23a593a72c2e607ad357d2c07,false
ca500a26f509834a2e2ea69dd8d1821d06e2c494,false
a3be04ffc20ed6beb96a5f235d34a89439fc8c60,false
8bdd269dd3e57d0564839a263aef8849a61619b2,false
ae1fc050bfd44d1e2fb32104eb8f09b175e31be8,false
99fb3b2bc45d514ed18b10b59885c20a6327b03e,false
6e7b6b4e539271d7f1e69a71569f0b140059239e,true
6afb0b96a06203bcf3b3e4e3c567ed3014e0bdc4,true
c67cd20825619c8b6fd193b5f09db98422d61554,false
597af49c981adb4ba1606e7633364b143398227c,true
832c8321ad444dd37d0679bc9a9a9ff7d35e1a6c,false
f6d1c190fc614236e7c2d6a8037ff6e709dbfccd,false
4e14193c67876dc23ef150536cefd347eee4c79c,false
552441a707dd7df68a02d7adf7c14c6018345d57,false
ec8a03a92af3c8cafecfc76a7bb3417d8b656fda,false
e9ef9c33bd9baa55d7788d97a9539b1522b9de5c,false
fd7eea4a02eac7700d37a97bd8b555cc79515404,true
d09c3eae36ad57071b141a96bc3edee328b1c5f9,true
af4d35f2306d0e4a22c6067efca43c7f13b5ebca,true
c55a44b6918caeb2e32f21c35e1d9040a4f2f9fc,true
96a64fa2f39c5f52fe00f1e4b6010a44f8b5c236,true
40a4a60742d164fcfea00f9a29b5dcae56649b32,true
d5c478a3a425d19ca75441ac78de64dd12ef3b6a,true
7cd7bf551f1be7e93759ffe35a6fa35cc1209b33,false
fbad4a7ca36d62301fc148179c72505433f8cbf9,false
cdd5189f8f73f2ee5f59666fc77cc7641f34eefa,false
a4f63a007c9b462d1d8e5169de764c83f536d923,false
5591dd11d462e387c898420a9f047e51e9205bef,false
342def5271e1b5267dd1c95783989ed8e76211df,true
76d661d76198a4c2d578d2a4aa6f60d64164077b,false
33a64f25ea4298589bd551d874806895a58992ee,false
96f91c19797e4bdef9cdb0c43ac392c422c14207,true
fa9c8cb2ddc180fbfa40f1b8730cda860deb5aa6,false
244b2a5edbd7ad42c2ebdbd9980b45a3d430b24f,false
3e2b3d0924a98fccf8e8d2d3824a523373669ccc,false
6528622af02c513107c27c7603fc9c4ad6b5be3e,false
5a5d9a7502e935f197f8542d4f4611d1d4dc2dc7,false
24dc5302450551b9805bdfaacd7bf0ed439f8979,false
a39ef620dd1437a36de2b68f1dae7412a80ef941,false
8ad7aa38b641e7ea429c2f37bd6361a54134b605,false
3dfe6bade74a977396175e760cd1aa4da209c79e,false
d0f269ef0f200215bbcf6c0b45d9b02146ff2e21,false
059c287456b8cec762fe7b4ab434969f6e9af703,true
4594353b9587fe12e8d4951ea08a7c1660a87b03,true
17651d9b9c20e27b12c82d465dd3765b2de94459,false
ee2d1c63c8d211f3804e2d9a1cb3f41b9bf9c1b0,false
26ad5e26ceb9e8dfa4c6cb2f972f2ec3508e35e0,false
fe31e67478711a741d6d1921833c1a779c80358d,false
0029be04cc280e9a38a7d436ca3e61ce0731458b,false
c6770a467e06ef099fb3e4beb3b47111f3af7ba3,false
1ae5621cf19a8b6dde835a1cfcf67363b71734cd,false
c05280e162d6018bdcec0cde7e3ea7b247eae29b,false
28937bde3c349b2ca630f82785238765ec90c499,false
16051c862fdabe4e3a6acb36a60004b52dcb8e2d,false
2d353b02e6f4da5cad089e1b8f598c2c10274556,false
eb50015f6c38bc76921486c6646ab3c73098f372,false
d77af242bee13ea218558421c08e2ba47e542c24,false
7e2480fadc371bf5649b123de6b1b0ce1b6934b5,false
3070b405293d294e3877bf60790c2847d7d284d5,false
9049766826938b0fd2107c163e635f7f193eaf20,false
06c706af3d1da0b5315bef8bf3a984f0487a935f,false
9c21656f2054371d3a664da386cfd1f05e9d49f8,false
85ce810e4fbcf6c6ad4ade9d520852e4757e67eb,false
e5df9900871a8eca47be8add73b9e33aee2b7b43,false
8a25dcb2c8fac0591f54dc708f519385d6e47e20,true
ffe6f8e47642b25a4943cf15a00f0ca5f9523ebd,false
d9d8ef63b9df374a662523437435c7c8c7736999,true
baab0a2b6fd0d8491510087f73b3716864045150,true
7523ba551bd71aa9552d77d73aa300ee99e3768a,true
bdd78fc935034e2bfdfd00e64d9f5e8061b6d9f3,false
2202c9445b58458b5dfadf17db72bff16d2bc4c9,false
37fd4f8066c73c3ffaa191c5e736040cdbc64d71,false
bd42f7d591b91af32bc29a99ad2786fa57b5a5f6,false
9ebe479bd5b4e0d2381945dee033aa2610be5052,false
34523077d25be350375581ab4caf77c44e924feb,false
c6521bc7c7afe0f980ffd7238467dd266751caaf,true
63d0954ccbfa3f580c446d0f28444878ff80a5ed,false
397a8f78560e2c97abf270364423510318ca3b8f,false
2ac4ccdb79105f3d842cbf5541a6ecb96165ddf6,false
9b00c68d922d2c4ab6d4e2da0d908ab8f0b113ff,false
5a3ea71e0d5646806d153e31d4bfcc9b71fd8016,false
1540bfde823f4b081d4ba2c19798342941ac646c,true
aa9781771408e75fb8077dc2243e07d4b5cd4b69,true
6e31ee2e9d1528c1097e18408e04b2aa212a62f7,false
f1f265a461f3a1febf744e17dd5b7647c2deda36,false
60c7474a6d33bd45efcaaec483922196ae4d6765,false
b3483385a365aef9e5443bb2e7f3e2a9cd346688,false
1f6d15421babbff9a9e71e588e66348bf0f45ed3,false
ea0f89cf0aa44a2a279534dbfaf209923d731576,false
d4bbbf16a23b026bf6915dea2456b9ff19c9785a,false
516c4f560c99b4561c03b1178ea9ee1ca016c71a,false
5f7d22896e7dedbf9ac318f65a2ce3f033879d04,false
7d98cfbb6690266819de5bc39555f90130d7ac22,false
de5d524c3590e96ef09d891f13a72ef26dc129ee,false
32f33fca7debde09138620e24097913f945caebb,false
b9b88eb6ef6859ea1ae91622b1283b3d595515f6,false
d9536a44f3534ddd19bc0b94ac762b1212bab296,false
59608fe45ea6b5e897d1bdf565b9889d91aada4b,true
4b954e97e88110e10a8d65b6d5f590be48ff66bf,true
0d0ace1911fd780b7ae8dfb2bec3fc4cb4e279bc,false
903bbfacfcea7e7009cf17ca26c29f47721d48c1,true
921e43f1342f581a8aba026e3408ba194df9c5c6,false
f71717f5b0022771a7aad004e7864a5359de8ba5,true
506d3623e7af240864a2c7b75c8ea832158b6362,false
fd249dbe6eaea66ea34fed04229c26142cd9b529,false
6c08b19463753cf6087bc996cace54253a3700f9,false
f4ce9abc1e80408c90522d6bf99f93bc32a1908b,false
4b018f7577e7c680504482f475fdfebd423e30fe,false
dfff906d02320ba68df310503863ab2c2fa85563,false
f3d7a71f8d06a71f3f957e14dd828ce8ada6615d,false
225d8cd669d2e31ba80b0f39bd381b1ebc8c11d7,false
33ac8c423d455bb31a6b1d36ccaf55b6c535cd86,false
6195491009b063546afb9a58b1b05d891eebaadf,false
66ba357b7392d09f3505c8ea01a40674adbc80d9,true
d708f003101fd46c076c2387803af50549571120,true
be91b77cc5e21c96344113c10944e16d18f34431,true
c03de62e37cd26cdbe974502e022eb8d89d45b80,false
d1a9a8ea8bf563abb068fe26b6af13276abcddee,false
d6b5b72f2e2d22a8f1c29f9e75085faa882f6d24,false
67b60eae093e89415bb2c16ee63f91ac465837ca,true
97b6fdd209913587f44dbdc6d9c34b98fb933da6,false
378d01b0088aed0b06be270293cab56976ed4aa4,false
c6c99403158246379cf60c70300bb18125cac513,true
cf3133a6d6f44acc9951980266cf96cf79d4a275,true
174b4b0621ffdcd5262e0cff9c8528d4bfbb092f,false
1c87a92e7fb1d09cf596c97dd730c620906880e3,true
15b9e84ed428fc41eaa0971deab7fccf9a900d36,true
5c2aa0cdb2447ec97f719aa4d9fba422dd109cc8,false
56a8dea9ffc5fe2b3bc797a4677f13423f0a8de7,true
18dffce437e8680a55113180cefec898812c5a97,true
1bdf90e8ecbfcc194df2c42567c1d5babb24f978,true
c71141f6b558b5708f038e8b9a19ce8f59cfb281,true
340cdeeecd9cae622ef8d04d57e44c1d25cfe5c5,false
b12a27cef6aedc9645a98bae0499a5f5a8145188,false
252605696f7e9341c43d91edbe7657847915d24d,false
8818deca146c5295cc30e2ad5bafb60d3cfb8494,false
94fafffe7af6c76f4e8bc2295508a10ae748b372,false
e6ead755ff59fad3bbadf09be45759f21cf61b5d,false
b2dade51bef9a68d017126fb65135043fbdb49c4,false
eecd7a780adcef9c2566e7424c4537f4f845af70,true
21bbdfbaa30e4044c4660b83bbed1b521a3e1462,false
f1018a1b4b68b2b6bafa430c039cc1f40ec57169,false
0225f7ed360e15d2fa451529b3c9d6f6123d4905,false
1053c2463cfa92199803c53b657e627fbb699fcf,false
c40949327d7ba5931c866eb0ef5e92acd06058de,false
c346de8b0d1a597083288454a555f37d4fa8f9de,true
8b3652674c3c3f0f5accb7902424525a6ee1e360,true
332c036938e409de61ee7001332523cca9870a98,true
05f866c10f82f4db895ba2c2a14e4a778e1d2392,false
f1f160b195baeafdbc88ebdb1f42187e032ffd07,false
47c12e21cdff37f045f25ae6f052c334b98706b3,false
756b3836de624317efeb3414e0d2cc3008eee2f1,false
b6b58e5ec67b0debd14f3f5ce64182a046656eb1,false
5642a254bda603b86c1b4c7ac35faaf1df7b7002,false
831bd93de6b0ee889a4f24651fcfa34ca4a48ac3,false
8f9d1885afce7f3a5602feefdd99609f4cbeeadd,false
4b7de296288f6524a51b3a4708a5b77d4d8f9ae0,true
e763091ac7a7ca26cb0cb6f3791135e518ec2fc7,true
c8d49d7786b2f66d1da883a0cec9317b553fd66a,false
be7b9f9d4f7134ae2c46884161a21d241028e62c,false
2ea9fda350d0e4fd117edd04c6aa14b0dc599fe8,false
a6d972dba45157112bf89aa961545853bfe81ddc,false
453a9d5b4383ddd985fd3551f23b3e211bd86ace,false
edd953d8861803a78a702b4dbaab037eadc9b3c4,true
13a466bebdd71470dfb5891cb57d86d9b3554999,false
8b701929b52d009b096b0482f5629e4619d9206d,false
23911fab8721a17a7d4dd552b8bd4a8ba655fde6,false
b5b13ce45a5573383af66c1cfeb4ab9f54327e29,false
27447aba19cfd47ad7bdc662f55d289e5bcc2f6a,false
2e4451b6ba6768e19667871ec8b53f0b096047e3,false
4560e439dcfea72e19a8416ba8bb2022cff2d5a4,false
60e77ca5a10f2bb51560c17fbfeb64045056fbbe,false
e5f19152067f691ca3deea55f9362c1bbe6cefec,false
a83f635ceb503c8fa74899e1a03a7d1b457854ae,false
25ec8a454af909af05126ed9e2abec5b61522a04,false
0d6ae5bbe858a891b11ef15d88cf927a05029e61,false
4232a75845ff64f92c8952c01300f1b329da8d1d,false
7260b1d411284d01baeabff8e38f19a8c9194982,false
9f77070eb6f0f46cb4a152df795387f7747400ad,false
fba34116dcc0275773e99e486eb53625dc006ba1,false
468fd7d9eea95a3c9acd6419deac1034fc821269,false
accf5c055755919d4aa5525084124c9bd25f47d3,false
689ef90a14b1ccda6e6ec6a4a800dea779f6b9e5,false
f43f0c383d24033a09cfafc8098435e096638979,false
448afa333c9bccc8552f47789e6a81a92e0792a1,true
ea02a8b4fe11845779ba6ac0938bcc11f598040d,true
207303de56caeef71c0910dab1bd92c854afee5b,false
01e8f8913a6ca48773ac63a12615e7ac941634db,false
ad51da7839cc0edcb5d9101f4a3770acdeb00769,false
9510ec83730068f98f5ce974415b909d7cb9b0ef,false
8561a92134d227a118c2ef0ef3f26e976beaed69,false
8834817287603fd479b5a64480f2d6e4be020e70,false
7a7d4b55ceac6c8b8e13e67d5357e3e49c772b33,false
233045eec9bb6812339776038defbb4695fe7057,false
c447032a8f3976373638893b8fcb24d88b12b03f,false
ab3b9b13c9f3ec42e90bfed5aa6c17a2505a5681,false
a3be8ee9e18ec209d528172ad4a90dc251a8bb0c,false
a1adcf609098eb1b224e259ea5d4f0aced9b520f,false
42de5441cf16fd27f449a4e88e5dfad378a40cea,false
0cc85766f62217c41e9a67b0497ee2d4c9721801,false
8404245b6c82e8a72f25629f3d5d354fc9afe24f,true
88e3f058733cd76f33e7f8e3e250d8cfc408178e,false
2019690f8d589dade7c0ee1155e27ca761d93ef1,false
316d1297b7f7320631ba6759dfc783b1e6b93cb1,true
cf2d378089fa6466b58ebc2c15f51b35b7b6571a,true
2529954ae4b0497cde2ab110c789926e296d98a2,true
d855d560b35f2dc08c9df7b0dd14790e92ed5940,false
a997e2963944a450f5bf7da528b17a7b95a4e918,false
c22964c089c4e01c353a36745378484b80403710,false
ff038ca050cba68238954d62a5c68b1ceb4eaac5,true
423533341ddd94b1136bf9552c1d4f4a41ca32d6,false
a2bb67e463bb49aeb77c63239ccc60d19cdd7cf8,true
81d0750607e1fd40475682c5ee455334743c81b4,true
319646e8f912b788e317b92d0d1d34b045d48cfe,true
a0dd03bee39cb7f2aae446ffed1cd97cee905a91,true
91116b99bb008ceee59508cad34d6a548f6a3d04,true
14c55c82ddbf72605409f9b7e241e8cc654bb6f5,false
09388688a8b72cc1b01255703a96ed6b114626ae,true
8b9b74226ffa77c37385fcaf18b12e80550f666d,true
e9813cd65929bfb18decd603c1d832a1954e93e1,false
077186b837cec407ddca0d9e3c487f00c7e47685,false
385ad5336b87f7bac0225b187ec17599a49adcd2,true
41f320bc29dbe2d40f9a2cf2e4445650e9e56cea,true
516aa67cc050c19acc55a4db0a849f64102a0035,false
e97647e7e074216325c726a06c2f8b583cb59684,false
35093914b0f3797a355bd9ea6f7c8148768a8d67,true
2082d923ff4d3015eefa06e2e383dbe9fa3de2c5,true
42b055c50113e8c4309cd1336b89ea38116744b8,false
2144b4c6f11bca074d1a3bbf6b0f78781744d668,false
31950f699ccd1723af9b549b279701e6a8a313a8,true
1b9b756c764f2d3ce0003cd2e2be2d657750a583,true
945d5c614752c02e9a826d08c77c12b5064ebd04,true
ac9bb64c8f7b11beac45775bddd34fdb52370d4e,true
9b875510c018a2fdaf60df5f5bbb2ff0e965ad65,false
75cad5f8e30e2fffafe0efd438f74f0b7d7b3c7b,false
445459fa5fe713c936048a4bb27e3e9c82e83de9,false
07316639d4c52fd8c2935f6733afdf6f3a3079b9,false
840e55cb9fb794d3321f53d928afc20c5eb6b7ba,true
cda25d93e01904bd7d3f2e2bd93ed6c508bb3609,true
573b613f1c6a592c72e1042b5ad7998c9c55370f,true
a8b769f82bcd736d8f670fb344bb94e7a58a3d66,true
69448c0a800245544567d141b20110bcdefd6b58,false
e8e792187958556684a6bb98c0d59a51009233d2,true
114faf2df8f751390d27e6b49c82706808cdaf4e,false
08278ece7f0acc9468721ec2c29b6392c936c48c,true
dbfc6ad52d1022c62526d80b51a354672e7095a5,false
2ed08d1a2fc9665cd384103fa6f2288df1b2eb55,true
a9e1e60d4c9c11886f92d60bbbef018fea2c796e,true
02f534cd04408225b4e67bd042f752211d846fd6,false
25eab95cfc3f38e5cb3dfb884fb969f73de370e0,true
c4ec0956daafb140123cf0c861e8f010f4541bb4,false
323f379eb60b914033f4e4e5a15daf91d5484ddf,true
a1230a73ea3f22b2477451eee7fe7987a10a2ed2,true
2e5e86e16035fbe5ee422a0193fce50c9d01cfed,true
56a1f030495242ae701c200f4a91ed247b2c20da,true
a40c5e7f0ab81ed97ce0e26b710d53945aab8dbd,false
c46297c1e4d9a5183489c1eb93946e0c41c87f63,true
9491c9fe9a44096b68dd4ae636864fa58b26fcdd,false
1ea1d2034950d3ee18d6f923eaa608b68b334587,false
14079791c770a624688e147f3ab05c5190ef948b,false
5ef04092da1984d1923b01934b9f99f3b5d80119,false
6797ccb5d19f22fe9674c7dd941d7b848fa1d426,false
c10413c839f3c8b9f61be35c1387999b7674f624,false
c18f79f7eb7db1e1c50fadee871db06ae21ae233,true
a215d413fcc43264c97fbd60fca625d78312e0dd,false
b8ade276b99728ee85bc549cbabe3978ebeabc09,true
1bb850ec14744f70ee268c00c8dce4ee6e330bd1,false
6967628d126f454bf287db1a7d6998643dc7fc1d,false
bd75067b6eb764f7480be1754a33b89de7ac2ef8,true
43c339c67073fc87ecc60c5192542075fc7c29ce,true
864942209fe0b902bed6e3754e4bc6d1928cd473,false
2cf03b9c917cf0c21a14ef9b13230bf1d669b67c,true
c2d9590c182be463662f1e316662e23d353acb55,true
3efc34fcb1304e6b6489053b72122ce7cacbc8a1,false
64d33455bbb89aa177b261f09a97ac66f1de911d,true
38c528e6c2f0632e09df41551766e33fab14aa1e,false
923e6abf4d2754b27b976a86dce14cdde3283b3a,false
b8413831d87c10f5deab020d85fa39a9a8d11646,false
f7e22a0043d6907468a5d6254aa2dff8de3ac926,false
5969f92e9f9b2d346d48d1584c20b20b9c07c1a5,false
42d4eb2d348e2dbfb182f2f0bbe0a64e6d4f565c,false
b0fdde87558700b36a68ed78645f8dcdcc9c29b4,false
d43c893dbc974a1697048e4b017c108999b010fd,false
cc853a97f78a1c1151976241d26c601d8ccc9fe7,true
35cea870088cc365e14ba97de89d19502ecf5945,true
bad764b8a739f5323f5b50c819edb1d369a0aaec,true
11411b795dc2f68ff5a23ae600baf710586ebd23,false
26438334f0addc4b09e101df7f10321f609572d9,false
a2573ddb094a24ca9fd227ec723b4b46359e7edc,false
40d3853b75e399653624bfaa95ec7400d476c3fd,false
efbeb9cf9ba1b067ddbb7695d2b70bd72043fe7e,false
06bb383dd7d68312bb5b6d0a8c595f71496c867e,true
0ec7c949df7e24bd96a92ca288ccfaf5ce6593a9,false
2d0db8aa754b619860cb77794654e6be98401ec5,false
42d61ccc6bee0cb9932c735efd69e316b9c6e50a,false
fce76a005aaae0a080d3788c71f7c39bb957bce0,false
fe7834e32981a5f8e1606a0139df42e1b922da9b,false
dfe27425a5c8259de54a0cc881be0974a2133276,false
878bd364b19334cda5c629c61d2216bd0f8714ce,false
0ceec9fc60e1317bf9775d9b64ce7eee46113516,false
f972a2ddffcfeca6f4e4eb9ed61c039281033e9c,false
0758208dd59b4b81d7b4da83d6752b6de4d8fc20,false
b23ed5f5de4e19cd4f7520d9bbef521a6291ae36,true
479891edbf4feb88117623985434b749d0e8dbc0,true
0df51b42b3f4dd41eb6cf22dbf3b2e8238ed714d,true
146cd66855b4f569f6288c3d937069206ee4b336,true
7c881f6d8f556bc6bcbcb8abbe01e9d6553d5333,false
46c539f0d135076ab57f8bdbfbeafa6408110d87,false
3deb9b207bca469bbd4543ed72d7b572941c44a0,true
cbdd569557574176fe617a629e75a317acfba22e,true
37b5bee77f7e4a0bfb6954c1e40fdf08dd74aa16,false
71af97dc2135836e8395f69cd3746a91d88dd9b1,false
523fc60af55f0f3e0f95f3d30e3aec313d78f52a,false
7a456ba5ebd512df6e2dc358e0ef56961aaf979a,false
9e2c963095ded71d307dff82dcff98b2977136d0,false
be945a81895675331f15e1aa6ecffb1d5265e782,false
fb96ee943004ab362454aa8770c00c1ca8957518,false
7ed1e615755fbf9331a1e618b2f9dca736a7e251,true
47f13499e02d51125abf3dc17e888dafcb2cbd21,true
a9040d22f6fa1c3f7861e106c4bb28322231b922,true
e11119bc527c9e5744e56d30e642ad0ca62b6ac8,false
0cdf6d7a8b755e513d264d1ecfb65d2ea35be0a7,false
769bf7d09600e664414cbd49c2b0a770fb7e6d4e,false
7f2dca6a23dd8fa79c4fde7317d5036b9c6d2679,false
fbea3b76d5cc0ccc66fe41d7ebed0c26763ca11b,true
960cb16a0caea42dd48b28f400d966f443457852,false
abe78c566c0e464bad58b2ffaa70ce0f4bf39d66,false
b09f64d1d98bb774171fd90a758c1fad4465f67e,false
0dc9fb0cffc7627eb896658800235b892701cbda,true
6ccff9b2968ad99fa64590ee8647c0a37b730e42,false
70c99cbe4d4706040031a48e66b7597ddef664af,false
868c16df75481e50d3023fd319800f8ab7c55604,false
dbeff54ee2295154ae939e45448f52fecff677b1,true
62c5efd3528bfb62a4213287c01f84b29b028db6,true
a145d1570fdd9d2fd8959b35ee9d6531ee7f50f8,true
a692ed56b0b57bb78a079929e3ed56df51867946,true
dfa7532a69eb28423e8b4c3cb4c0abf798e71830,true
5577322fe8583b1b22b99f9599c0cecebed2e0f1,true
781d925e1d5814ab7f5a15aedf2f7dad7159f8ca,false
cd2bf8005be29e20155502c3d189bad532cd8c3c,false
6998a8a55d479f0e21a016ecc8e52c88c91db1f6,false
b08423cdacb8371ee8aeaf4f1a6aac9dae7aa344,false
90fa76541c0db24f2f6197b89a05f96fe26db0ed,false
bae3f32ed9ffccb16e8b9695dc26bc2a95f6a00e,true
b6495f04087012637c2d5dc36e53f35b298a449f,false
bb71cbd68a29c9d22467915ba3107866fb4a588c,true
6fe2ac4c7e6272a4b457d2a60fdb0c0f8bf7573e,false
6456b6beb086255d5c531035a997b2a6096ed8cc,false
7f16052e1f2ba884a137a964112de48d42614058,false
e60d95e4cca33ea8129a069db16fa8ddb9540430,false
42b28d38baf02fc649fb5f2771a04c8859685bc3,false
8d39599dd0658162d112f3a2f30ce6740a2a1780,false
f5c5af660a32df03873932e8956fd37469b6409a,false
af1732ea24428ef1065c7ec75559cd89b5e8bf1f,true
7ad9ad93b139ef47b4ccb9eca8d96e515734bc0c,true
b75519dd17a893a0bba1e327b19f4ddbb1000182,false
c81a72c2f5d1f96d6058b1d36568de0ce37134b1,false
e1ae35efbb5b891022ed01661b20aaf64fbc1f12,true
8c9ef17156db1ce425e4affc49817e6917185d4d,false
9026fc5ea13121af8a688a2fb80adc2f540bf1e6,false
2906c95fb11ed0c6d219a76d7f484f4ca420546c,true
a5906fdaed33003f19007c6469aba91f66473e35,false
131314bcabdcd1404a3374b9db6f8fb8c7b6b084,false
896553923c2d3243f91eb0577c08f2ab49cf144d,false
85ec9203c10e3c0b466546fee534991ecf3896a4,false
096ac4fea53f30270c69a4bc9728b35a0475f0fa,true
85c1255125bf9d021e91144df704ff72a464d327,false
4a532a507981b29fc538111562b14cbb33172c83,false
de7fd1bd259ebb7ab95eb18659cbb19fd680cd3e,false
8616f0513ad8b63a177ef1d7fdf46ab0b05dbcd7,true
87903c9b0f4ca7fb6e630d204a857b4969046ee5,true
79d94c383050744c0df87b480226c513a9c94961,false
8f8795469b9b17ba1c8163832ad333972c437253,false
ac3cc3cf4ad35ed1a0f0833acb7ca6033f1d2a6c,false
2d8af36c0fcb351ce1a00b606495469edecdf4be,false
a726e94e42e717215984e8774a9b730ed99064e3,false
ec07f0f7428adb81436e4b7ac33c14dd31ea2629,false
aaee716ae87800569af3fcdb00693a8ed20d36ee,false
63d880bfb3b33bbacebf8d89826b7746e31c684b,true
6d2df202326977c1ad3e19be4f59ece57f12b2a8,true
89a10ad8c37e2527fc237b0ef1f27e4dd43b69c6,true
ffdc062e12b0c7e76e361bc40bafbe6a49c73575,false
a0f3c860fc5afad1251c1723193eb225e47c3df4,false
58ac62041074fc4b29be3fdd830311b568a1e012,true
684fa136475ad6f7ab74bb44ae45bc78671e217a,true
16862a7f32ae664e546ec0fd6e10978371de2fe3,true
0a263a90f43f6ab2e67a60f2c002cbae625e5ad5,false
ec95851290e6e6ba2a687536d97946578f3e96fe,true
a1990c14b93d7ea5e99ef3d77e2445f15cb5be2f,false
88111b78a2efa5433b7f16289a39e03d6f403342,false
73cd1cbc0553d1dffd6420b248d5921ff530fb73,false
f535e9752db3922268833ed9313c209c8a7a2824,false
4b223f426b2fd24925252a1be907bca65b48ec96,false
9c7f4fb4bf1347628557edf0d078e33b98d66dd1,false
5ef22ecae5afc76c253a7123a554b9cd69529bec,false
fe98f3a281e6256106f8eea8179927fae00e07fa,false
b4f1df4be0ce186d7a20a0456a26b1c9f1182ff5,false
051b565fe2bdbc644e41629260c06d7271977c41,true
959a6dba1664b2fd8b2bd107187975d9d3e0696a,false
63d84bab046145eb50d10b586921fb80ce52099c,true
8928bd8ba55b583ff65eb3a245a7f59c08068d69,false
41994b319aba59e79b04c3f09fa48c75ad8ef786,false
5410b7e9a54f1722c3cd2930843e11c24aaef590,false
167f705bf1e1292d342d9c1909c4c08eb36b4814,true
4dfc37729dfd13cab9eb8b8bc01c85581f42cb54,false
85245c047c6b4aebd47c04b6d48cc468a14fe3d4,true
576dd37105bde2cdc57d1d21b21b50fb00ba108d,false
ca2960a192c833a7e361b835dae35ce2a328aa13,false
020749478667e4c1e4bad6608866ee9e05fbdb56,true
2b86f49e290ea15aef5b3d321bfc089c697e970e,false
d686c740234def6d6054ad630831edda3cfeabaf,false
d098d4d1c41d7ae9b9113f14593349312bbf7530,false
94daadd793db6905ad2bfa53e47b6fd33fccc48b,true
94ef0dfc05c2c76f2dcce7beb03feff64ddfbac4,false
de8c00565c56c93265ca8f14efdfbbee6fd12fa1,false
48a68e6ee133f076f56802ea2fa738bd76010d88,false
8b270f21e01690b87e2f18bd90130e8a569727d3,false
a7895e18dee3bce31937e0f4897b3f920d681879,false
aab254abf3df9e217654c72c8f4e1cdd434e21a7,true
887190c233ca22cb598600fa50b502356611a0d4,false
a3959ec9d89fd68271800dd7ac4879e192dd8fab,false
70ae7e3bbc9f9e2ec0bce5c13a12871d35093b70,false
b1474337712e4a78b97b4f95e85fde5c147df75b,true
4bb3df3f7b9db35b63af0d5f4225c8c09b38bf50,false
c758e5e709185bcaea8990d0ab91fbc131c4c012,false
0fe4760556a75a297a1a0a6e449510e0279672a7,true
cdd0d5838100c730b2214eb4ba324377505b4d37,true
4991eacc22482a07069c84027de015271db697bd,false
a9586d5772d2dea857915dd06d8602eb2735d2da,false
76b55c2eb2d6c1a728e87c4761d435e7f9e0456c,false
914c3c3c612b21b6b408d5cce9838fce7be1e16c,false
2142a960c952e66c3e139fa136612e524ef11a9d,false
2252d65082f164bc74eaabe797b1f73f99d9ad93,false
0a53179f51b24a43b53717b76172e0e074710035,false
11ba1107fda8d88cf295456e05ff4a89a0b7b785,false
6bec7a390e7edaa7118dfedd205621ebc293c208,false
323cf7808d9ee39d76c3b06f0897d617a19b6e1b,false
1fa7ebd15c6474140d3360184d405d41f8171344,false
b2889f14e85ae1f55f763a1c109df4fdb40caf9b,false
117174655d5e01e1d19b5815c8dd3bcde113c8f0,false
e37a2e967a5130d1846d92f1f2dd3fe8d51b2b8b,false
dd5368ce3bc73db24dcfbdcdc9bd0e11e94b683e,false
df3b3b43d0d34a96d7ad7021c417ebac6abf4da0,false
df9ab3470f613bd08bf4c733709c6e8df3aa1cca,false
179d5419589ca6951bfba52c6d6380038dff5bf4,true
80ab000ed663086890f5285c799b59f0de15d37d,true
b6312e4c00788a1657410b4f5d28069e0e1d7814,false
2ff133f2bf1b35616c598fe2ac4a95bea8315eae,true
36cff7101c18d845788c277a7f5c2c246e6317ab,false
8896b02935557139cf6c5921dd82a19c00efea71,false
e0213ce0b517eba9942214135b8de98d0e4d7e44,false
23b96b23dab8e79be7bf7aa4ee17cdb66f03d9ec,false
652ca745b289b64f76f3e3ef5949b29f09ee9e9b,false
a102fc80fb6275ba0b87a986a1069f9ea0a6a9d7,true
85129fe7db67ca15a60e6303482cc091196b7c13,true
a6b5b2172270d391d521a717aa6b35b3a23fd739,true
09948bb7ed94a67065175262570f1f132fe01ead,false
0c7564b3ea57d6bec6fe0d31c9b4c08836bd6043,false
7297fb32adbabf34da94a1305c8029621f5c12a9,false
a04064ff010342b4c81eba33e4c72b42ce3c869f,false
f033255ea7a40ea2424e411b467881d4018018ee,false
242721067004e81336a7eff4cf86eeaf1eff6595,false
86d872ee7cf211d57295505cf008e5f61eb78ce8,false
24b866ce98d89a5b81d2600f53047bed13446fe9,false
41822c85993565235871009d3f6382ed4de59132,true
9830c6ee7a1974bbd3295f8202f400b7a39de834,true
b449b95d057ce4813697b67fd1959d3da3fe0356,true
cec2f0db75e73fa898bacbded691560c42210684,true
a7a61075df0c8497c936416f67fb075b7ac65bd4,false
802c60518991724482a6aefc55af0140791a02c5,false
a19e732b6f6af50892db515c28adad5e4aa2060e,false
3e493caa1229451d4f2430e15897aabe575bc9ab,true
a8ab9aac8f4c3fb81b07bc3fb4dc23231df91526,false
ff55d3d31bfa9de5386d391187d04f5bc5acad5d,true
97cd57d749da251fc51e38fba9180fbae296b9f4,true
f3de4b6b16c2fc6e7a45cb404a2e87dc912297b2,false
eb9bf721d2b39bd1876e55191410d2232899c663,true
08a949e671d7d31461ed99b2c4c6c87b354c7220,true
7c4b1269cbeb06ac5f27f21e56f466dce9651ed7,false
e76fc6ba7ead0a5298d34f1aec4de9c9ef2ae53f,true
2a7b420eef7646aabd756c83f5991b291697c1c5,true
7cc59d9fa4558c15684da32593209c6756484b79,true
ad0aab9ae450a9c0bdfa34c8742865fa86d4babc,true
21d803cd13f268294c4cc193a87d55b52ef72978,false
62cfdd26cb15d828a524a8fc7cecfc9d6a795c25,false
e439a88d6bfaa690662eccab44690228d24ef427,true
2e380fd2be8b74e742b191cd1ac8bc95cd294d5a,false
791fb6c1b143a3d6a94b528b378cfa0ceab6fabb,true
3944a813b2ce68b0a103d693bdaafae05ebc2461,true
29ef2412b690087f05c604d04809e695d8b41fab,false
c015a7e8b3c1a58cc96ff37c903ced47d32580e8,false
baa04728a651628c6f575e48f25e698838da763e,true
eed7b28126d07677e2f70eb7251bb88cca3e3fad,true
9fe81003b34f4cd673f972a870f20d03a87bf9e1,false
8d9b60b784e8be911f126de034db73d89ec33b1a,true
388fce51d3fced45a6c1aa0d7b59aa6dc9494f4e,false
f10e1aaa79476ab7f5f4ee4a5a9457b4f2217e82,true
ce6e8b3e38b87c1a93aca864ddd3075830fcd509,true
8e59fd5857289d5957ad8fad175eda1a39019694,true
74a4cd0a2aa60675cc1a1701c52d149ad8deeb03,true
213a2f99a01de98028c0e3718a33e9f722e29710,true
eb901429a01d407758c39a9fecbce83c0f54845a,false
a397104484980e60d5f3e969637142b988b2b412,true
ab39d63de1aad72d6f1bfeee8325a78ba39d4d68,false
4e778abfb9c5ce2328f6588cd153c58216dc4b9a,false
f645f186e26c8b59a8b54ae6176add102f6d9056,true
5e05a373259891f3c6ab13b8b7c538d947261e6d,true
616f5528204b289fd53046af85720aac217fb6ab,false
72194938b961275715c09a26ac6aecacd03ff103,false
c7014f9a41c1e472b9ea2d2e4ca557d72a601f16,false
3c4427b1e7b849b4042ff5c9feab7d2bdfc62d8f,false
d68caf17de8e7c6fd59bdc4ac61e9929afb26b6a,false
492bd6851bf5e26361ee273b9afc45cb05f1fe65,true
7cc9370eadaa035b1ae0ffc09672d6d8d6c8cd47,false
98c22c0aaa14259cfa7c07e1ef1d9b39083f335e,true
93403054f208a7bb9ae20304736668fa8012839c,true
14ee1bff69323605ec4c54db7570263172685dd4,true
7823ab719f1c7869dc42d19ec337392a736a453d,false
68ca307767d7f9a42ad2193a17b69b7df38a126f,true
4ce7b5c270647aef556b827b79ef30553c8927fa,true
af6addf0fce30cebd674e4b09baa433ede3365c4,true
ef3aac6551fb3c94701a8fc103f1ccd0c7d91957,true
9b2cc948b6af4155ffa2b9d06944b3f715ab8dc8,false
ffc9294f90c41cdb45864935f63fc30103c93100,true
22b2d369d5ed17d43928827fc84d81da12921888,false
f9e94c3c1cf78ad865465ed324bd6880416f6f54,false
e6d1632df3817b930dc3386ce90db1b50e0932f5,false
eb7281130efe7bca8f9cb2695e340ca5966ff9fb,true
6c26027a78c7e2000c8f9d18b0e90ec5d7c07698,true
fa44f20d43a19c922a477a1ea57925c923d5dbcf,false
4ed9cae2a0b54f64ff077c4506fb41247a731205,false
f747ce47961117ada7b2aa39e648037b704461c1,false
c0fe318f0a706ad39df8b68a47ca701a6f3f6b02,false
d5ee0d6b6c85194c666055c91b33c063ad799f7b,false
457c1d1e68ce62c702c84b53d1c5447c7ce815c2,false
16982240a1856940edcfb8b025b27ab22dff12db,false
3ba8cf25fb7df27715f2e55d7a2d1b4672aeecf6,false
f7975e89e4142a4a1fcda7579e21f88350187db1,false
a1dfb508f6099759933d499712b150f78ffebfd1,true
1b2be073ef78bd906a0cadfac7f500cfe69e4fd7,false
dbf374b277d0cef169c0aed52f2e45154dd6df23,false
b5b82d42c00e24e6752867964f27f8d4f1c86ba5,false
638ec5cb20041dc557c53ae1c965d7da01e58bc2,false
f9804f5bb6173bc7a1add1ee6d62975bac0bf426,true
a9d96c5c947baf034e85cf81cb6f584cb6e1e872,true
2a23a2ef2405cedfb56a70059c109e55c778fd94,false
77fa552666ea48bb10442bd825cab24b6cf2bedf,false
466cd8b825f8f73a13687c9adf25e4141c07e1db,true
860a84e99e844792afc856b586dffb3f203b10a7,true
0a6ba01c8957df94f7d4f94918157ee590babeea,false
0ca7ace04a6c3e103407b09476c7e20279a81ee7,true
baec936078b41cf00b8a5189e8e8401062e7a0c7,true
76b43f51c2d737e00996e31b3f70853b311ee224,false
61fc1af2eabdb23b50703eefef71b43e121c0f01,true
965c09d325fbe0bf471a9674907579715b04e181,true
36f03d17af2ac9b014de350b81864702eab9ed86,false
6aecd36b6e9c11a882241c457c0567ffe878276f,false
9add0e287a3c9d5094bbaa2f2b6c0ac95effe57b,false
9729271fb581adff01a4c323465c6e99c1b7cc39,false
57525b113145323a3298f2e16fcd5d9c3bead16c,false
539307a086f813de1adb853e61de633fe9f28ae4,false
14914f962c21ed06248d46bd4d85e8059c36a6c8,false
0a9f66276487f765ef1df0eb3c1d9b559bdd8f83,false
3d2266e741661d5eab2e0b7645a8fe2c03f6bd14,false
106cab3401a3c434ab3054363a8af9315705600f,false
2b4b7ac636ba41e9f14a90bd7f24ea203d6b78bd,false
6375e182f2903bb882c06cd2aefe8c4dee86e472,false
dd05a899e3fe3349e07e2d389879e4a5488946fb,true
cb0143b95a59bfaeaca268c2bd3f9e708c453dac,false
76d93baac58181b06c586b39847a1e93d4e59ae3,false
b94765c6936f74d7ab771ff5ec5c07963f8e107d,false
5ee50aedff520ca3db584bc097fd2d6af3087ac3,false
8bf5387e97e3db527ad7075d2cea0b53b378a93b,true
d7def624f6ac46bd18acdca910b3a8e4dfd0445b,false
d948ecf8c79b31dc6a68aabb8f29ce911495d0fb,false
46bdca0fabb3b17b7a5710b46477b048c85dd415,false
79237cd1c48e12186ae8e00a2fbd93ff1b162522,false
b1bcefb0a62db3919c5af170bb937f775ec99227,false
db560e3687692740bb36fa775b6131e6ed60fd69,false
01afc078eb0b1ffd9c982a6506ed337df559fc4c,false
1e211ff34deee370c4cf2696bc7f315f9b29ae14,true
8dda4d037fb8bb35ba7ac326370f29c28f61d49c,false
8f8b56b0356c7f38a4165c3ba4f38521cfcf293e,false
c5c487678ecea9d8c0d014f44794dbd9c91d527b,true
af9a9f35f5ff17a4e44e95bd4060d44cbe6da929,false
7e5083e967a408b75187f29c6a5655440924a923,true
27c2d8e4419bb5617a99d0c6199281c7a3b391e8,false
2785f88c707c5ead60dd85cf9c5e4ffb7ec7e29c,false
a7f8796d3d2252c115c83c9dbd4353ee4a294c6c,false
2eacf04d88af1dcced5cf2ef1587dcdec284ef4d,false
9542a04806a853686859bf69394fc57f900a91cb,true
b598f281edf6c17fd54ce83dacd9fcfe14516b77,true
55cd035fdc2c9d4052cffab32be10a551380012a,true
f70754a4fa45298662bf9f14b45ebe6d6f4e981e,false
8e3096cae54b7a772e6ad94cc45dae6344e92ab7,true
f757782c4908410e22ed058416cd8675e6bb8a58,false
12396aadccfd5c4801435eb8e4111496ec2e5b5b,false
1566fa7921f6071a38c7e383a1c7d0a076e7f170,false
92bd88f78c31d4e37a743fabe2005a579e300f6c,true
0be5408023ff52e6acf6baa6922c66f768e9dcdd,false
56c743b869668cef595160db7b6247c9d2c4bde8,false
788f17bef1ee997c7652cf6c560682d37edc24eb,false
fc891e64984bfbec817a664c1229a6fc6d5c15cc,false
171f0cfeaf649a0bc26479b8968001d82d9db934,false
bf40931d8fad0ef622106e267048787181270588,false
5f275756f147f6ebdbbd0b36695a74d60f7a1480,true
9037e4653a744d7aca630a71ec4843f52c51f26a,false
bad513cf97172523685e4b1835b08fe149edd858,false
6249afd304f1571da7cd92563c39d22dfc6e3c58,false
2525aaf744dfc716635ee0c937d23d7d62914644,false
e3273597628f4fbeaedaed8a3756aaf3fe15f1b7,false
d3bdfae4823dedc7618b4a752fa7255332ce8f4e,true
94b684115865861b8b4eb808a07295092291b183,true
24752972d6d202a3734c7e5ad7d71b96cd9d7e28,true
f46beff5a4548943c0b20160700285825f5dc533,false
7aded681978e0c382d914927d7b72d147af6704b,false
39ead7dc397231cf41ae901809e22d55dbbfb2cc,true
7eefb75070ad997c87b8f7995b4c179063606053,false
20d9055100e98dd16002a3a70d3d4768357c886c,true
c2a2419ed72a86c2f4e42a7307e8cd1af5258cf2,false
7b4dee4d9fe9a1697ba1561e8478998f3199e6c8,false
77b80d9e0373e9345d805f5136637ddb4b5b2fe3,true
0b227ca8e6a370b6488903953977f20dd777f7b1,true
e0a7c2b8b950fe4687b666459232b00f2a486662,false
cebb56d9a123a47ff420c0ade74239d2c3d8c426,false
2466cce4c5d5c7f7ee7786c09b87c379fcde2b81,false
7519cccf5897400f180e302e193fa2cedfaa31e6,false
b29820bd5d4f400125a9c4a957a32306bb27550b,false
97464e2a89c0cf53afc3db0ed073e891fbb25e55,false
5daf803899315235cc3292217c56283fb7622202,false
4764752200209a0329e77b20aa1ca372c5518ccc,false
29027e26467c51ee225c46a0a6db68c84448ddf5,false
3616c7e7ebc7fd48d766e5328ff963dfd7ae7d49,false
9c146da559eca4c63293da344bee92d41a13ae64,false
c6779ba7e1c8b778d0da66763dcc305f3db529ae,false
85be21fdaff661d91ed009a3ed06e36268795b6d,false
d805baecec551129cbcb07c9ecb7a1b47bd19d47,false
f1c8e2a0191d3cd9147363409b84d745cc0f739d,false
e423b3955d9743042b913c4b05138b248617b3c2,true
7a551f1657af08cb6874f25b6e992f43072b0e4d,false
3eb81239f2874d371c1b1bddd864a9f4ca7e0be9,false
4ceecfb49dc4812f34744eba4109f7d45ef053f5,true
96fb5b042328eb055ee3c66496f2937cad2dad9d,true
c01b78fce28fefa5623905c5a0875dbc31a08e55,false
e204d5fd6fc898e05d4e518ed9b83dfcb464a8d7,false
3f223415c9907019b8e44673aecc1e7506bd6754,true
140dd6147dc300187b62c97e2c82908c3c05fd5e,false
260514da9e581480181d2ee8cb21646755d355b7,false
80705c7e839f47e47365a6530aebfe8e7d0c9010,false
3d5c6230155fef8ddd7324b3283bcf2e349fd5f6,false
7029613fac959ed8beca222c6543c08a6136fce6,false
89cef52dec69088a72c3138be1301decf0408db3,false
dc0748bb1f48fabdb0ece1c947161ae096d6cf76,true
a7289b412773bf9e4f8d8fa1eb0dbcc5dc314dde,false
2c321f979af952c682fef68fb27b62fa9f3a13ac,false
46d1bfbe59903f4f56ad6f3696c4df0702446b77,true
ea4e8449dac09f670d580eaabda2c5b756f2fdb3,true
06309fa5469185682514f1eb36f75108fd3bc37e,false
c177795e06dc291df0ed59fb74c1ab41ff140c0a,false
b8cf6eb5498ba84a2733f188936b23885f8fbf63,false
ab8d4670cff018b2d355cc91893a3a796d84fcc9,false
9017c976549fff34e665cc7b5bf64645b4127e76,false
89f096ccdb9da1eb1669bb71ae11e7120e1c77f7,false
32ad9b4b5483e59fa298fed22a6f6e1ec1917d28,false
b1177d42df90bb47079f286f5e5b087bab75ac7b,false
eddf9f6e26738d9e51f3005c05130c15eeded8c2,false
5ad405c45a80b0750528d51b7287c9f908e51256,false
b3f04817bb1636e73d79f1b4d5fc55a2d62165db,false
7c519cc09b654d539514662e59c5e5c5f2c27643,false
50bc140d298bbd800fd5fac2c5f3f8a7401b028a,false
c77d8fddf6f7b7f4d3844daf7f32e94211b9f1d6,true
af9f8a898a7dbefcddd3fbe725e0be06d99c8400,false
6cb8fb4dbb86580d188b124182bf85edc2bebf6b,false
4dae610463992c2489a25398e7b25893e0d50de6,false
df3b6417ce7a2f9427c3afd38d81c61ec08eae4d,false
ed03fefbfb8a428d634ab77017f47f584d23656b,true
643358b5291b8155e82a912acbb59f0c19f079b3,false
66d994e325a3dba350aa10cfef66f0af4875a009,false
b80eb73a3813cf3f1b33871c8540ce72c50d4287,true
996ddca7c8c64ac87f7c2a54addf81f923b82966,true
a5dd869d6ef28c9c711b94a691c7d09f789e8322,false
b21b6c75eccfa2df8e5e3b9bd45cb90cd53d8bf6,false
fc49c704082ffcb04868ccf0c858b15ce0be0bcd,false
c7559a9b00f0d2edb1403d0c050425c0cb6ea4e4,false
07bc0408830c4166e2f69767908651d08eb80123,false
24e631e53e946d45525a8a05686f66e3eaacb0f3,false
a567f6d80e5b01bc1e0b22be8fcdb2e168ec0ab9,false
00a079acc112e8a71fb4d4e806c360c1ae033d12,false
bfe938a2e2ae5118148ea8aabb75bf48013d6f77,false
67b5799a7b227b023ece11912e750f0debd444b9,true
9cddcf7753ca9462682e7d56c074a243b1638da8,false
571f23ab35b299c10b8bb865526924edc767fbf2,false
249b80552f9057df5e4526a721bb20104f8a85a5,false
d515c5a524683188ddddcc4778351d6b8e79dade,false
a33ce4f828fd958ce3375b4c3c692d896b9d991b,false
8122b9bcb81a9cfe52cb3e75b1c91c54caba6f54,false
213a38dac9859c92b1a0fa1eab7cce94faae7e58,false
d2c2423f611202395393569a19a686bc5e2d0d13,false
46664c4f4f41ef7ea55a586c0b60b24ee17d6c3c,false
3c3b01026b54d61cdaa53b883b6b0f8587ad18b5,false
fbdf9783daf1271595ac42e530cc7dc080cfad85,true
b67474540ed0e24472f6ea0aff5d7ac65380aee9,false
aa251cdbde52d564ca66b3c5951a34dc6b2a8a6b,true
7bce797c06f4b6751fa1e9464cf2281c903510d1,true
a436b40602c4d9b334e978676e654fe7f12a1a8a,false
894724b9a4c776d58498ddcd78ab0d7d704a085a,false
b33b5e229460aabf9db4d0621c8901e1c18c89c7,false
8ff5bf0378f124860d01e27401fae889bb8fef51,false
08b59ccee0f658877c99194a9bc6f3d488dfa6e5,false
18f07521cb19c3aa948e2c38dafcfca9a4781be9,false
4058914414bcc52d7444b7364c8e58fba31dbf84,false
32c2dc8e0361c9db1a9be55407ce61c4f1a5b078,false
d99f9298d3035fb038b51fa1e427fcf5f83096b1,false
0b7dd753b94e52b61abea42e85d7e6259a520d5f,false
a4231598f83814f23838c4a1e4c01b491d51861f,false
f6d17fab1d47eaa0fef6b81f6693a6dbcd30c4df,false
9037467770e3b524d5fe239593ec810c9cf58486,true
753b05e89e85a826d1d342ac0955bd59deae1830,true
4a77c0dcfeab35c45bd4a8eaf9f53f5116b6358c,false
678b1b26b74d499a062cb5f41707c926ba32a2c9,false
8c10360b467535decdba482b1aeb83ed14e01937,false
ee41a749759a8c73166910d2e31eab7cae0d1ba6,false
b53948cff64fa74ee5911063393036a7f1036c46,false
2e04b5b09fc12640317a41c659ccd97c164a79d2,false
8e869e9d5ebbc234ee6f3c02f5fa455ad21c3a79,true
742ef2ad6020fcd56ea4b8c4e7bf02ef1543d839,false
f77b88d5e338a92a04228d7cd52af762aea730b8,true
91c2dc97b24990d92cf3ebe82044f4c3f0f108b8,false
ae924a9e58fde29ade31baee46a427531892210c,false
55d85e8c79df620ba9f51b27b3f98b0011bb0fee,true
7cb67115b209983bde118fcd6c63f49396ca0eb4,true
fd7cffc05858d66c5c32baa0e00d95dee7d43d59,false
050a6e781c6bc4947efb36a9131f6dcee76c58a5,false
d7f47b713b9145effa1f60a03ac12f6f9f77941b,false
07e19c3b29e45c536925ffcce038e59532cd2d42,false
b86594b34078cb53bccf029021ba568a66996980,false
ce5fa9aefa5d5ff959d7e44ddc0d979f42828c80,false
095939641a2d1cbeb669f58ff868d3c919e1dcd7,true
67c9f035ff34a90e00c014dfbcb8cb4d209690e9,true
0d029be4c129e9f71e8c60b85eb510781b30c9d7,true
e8dca618e273cd125f0005fbcf76f48b646433c9,true
f412d88070beb61dba7591023087e21dc344c1f3,true
356c82c27a28ecb4f114f46e24b5430b08e21a25,false
8958afe318f32d88e3f1f83d01e75f7f081feb06,false
dc833ef607f8a2b3dd0da4d2fcfae57a02b1c89a,false
30a4a3c329c288dc98ad865eb77392562cca98fb,true
5a156368c50f3ac51755a297dbf39a1544d4dea9,true
1850c17f0d1cb437ee26ff9d0dde9cc1b1c1d706,true
98042dc67400340398488d3503c5860a4121f159,true
b7c6b443c3c737ae6bfbe97d040509587555c38a,false
4d30b5e5a3a82559c78360eec418d1aaca97ed68,false
78238602a82863687fc142532b4f839c08ddf5dd,false
788ec592a1ee281d599bb7d0f3f5b5c330aed752,false
450d16926c44f4f2d6fc78386937163e24128c52,false
ac4635dba0ba5e1bd353b24cc2552c8cc372a0d2,false
c022c55b6085388f860ea4619973f2c1b7e435d5,true
ee8e44dc03bf676ccb80dd43774de2dba66812f4,false
3f43fd61b19ee5b54b54aea7428cfb14ae247388,false
4bb246992fc379da887f4c4b2ad6b53805033686,false
6b7b11ce8d9424789a66c7e8e272031585b4076d,true
0f813469096bc2ff777a04798737979fc83023ca,true
a66acae4e2551d190e012ffc6f5b4624a85172ef,false
97f38e201ba310da704880fe906550deffbf0561,true
1adb490974aa0d69fcb64a58f59576424993cb41,true
356532c0cb1200a24abae7329b0f46f9822fde19,true
a28af06a486f015050fcf5f009e57d7c25b4df6b,false
7388d92138239223f87faa8560e3d31f5f2c0fe8,false
5d5afb75e8f6e73883fee579495f1fcb3eb88b15,false
90eb610f03ea0663b04966f88141f125c2c43cb8,false
01c11623d98a3092bd9543a5d06d55a15d6c7618,false
dbd7c5e92736f23397242ed36f5dee63fa02d5e0,false
a14c942ab0c75956bce903eb9be1c7d00119b650,false
312ba4238e15b4f95054ca33ee1b3604afbd8d74,true
301d79c8b12c40f5bff4ff5963a69e8060960370,true
62fcb20d5cdfb96d9188b35358b50d62a98d89a6,true
1941264b1baaa207212d846fb6dbc84865a68dfa,true
9837497b177c19a3a805e7ba93f6b9d6ed150cc8,true
0971c3c2f6c431a621bf9c449397c5745f8eb6bb,true
3c7a234782841d8a86edf0642b632fe86c3cc9f7,false
2c3d4ee3972e7a2a68c8d7437c0b58033df72210,true
f86b0dd5a94aa7f46c1d07944db0278da937185e,true
97d4ca6cdc94bf27760490992d483721748f8caa,true
24fc6aa3e0284575b547ee493e80fa8d713f4199,true
291bfaad28341cad6daf72e7fe0c2a22a4978eff,false
fefd87aec6cd72d0ff719b1a3c3be7246c0ed349,false
6bd553991931a73806c0aeeb9e6f1ba6727ba8b5,false
b8189ae36bca21a16660e21d780f22b6007092a6,true
36f7747119eac793a4871a13263c0ca82eed61db,true
34e124e638fbe811ef6cbd44a67875ca7dbe6740,false
57e40e3d9b75158da95608e375b38785e2284624,true
2911563fb54fe0d48593935aeb225f5dd0ae7bb6,true
3a35690fe6c54361cb992ff8072df8c60b9bea80,true
83e84cebe78b5841203ff50e768c798a7a40abad,false
936c85ba548269af46cc7bafc1107a01ec6fde6b,false
b28754ce6ccdbb0ad3d79545279d860877afedaa,true
1a146663ec5e51d0abd53241ea01032d9da1fbfa,true
0d9365c06d530e96c9e99da49ea58752e3e2b4ad,true
b5a0eecf72db33e1f408a097cb3237ca5dd58b01,false
13c1292e6bbf4519fa27f2822a8c4ee949fd6896,false
0b21b13f9dfef610f5814e8db68f3eee012a7095,false
e61a11285e03943b56721365789cbefde4c417a4,false
842692906aa0b3496a44e2d958175701686e7780,false
cc0c5608cb6f1d054b0c408ee6a1022cd075ed37,false
62c700db2c826be0f3d8414851601721f5237748,true
085fb5bd450f9d650b312fa49ff63ca6453ea015,true
5d92276117c8929ace46b34ef3179a23d81275ff,true
7816d91dd34b15a1a9edf000a90ed4c413778657,true
117eaed29198ccca156bda508022acf3f69b9e78,true
786548c5c8240089c7f9e6b2f8def504f4b1ba78,true
df71737f87865dbf87367fbb2c8d004c4e0a7ff8,false
ecec564f1c950cb12a84642363ac5a577a2ce81a,false
2542d46e9b038462c01b0e1b831129bb0c4ba255,false
97d2afa77aa290c8e867886e9a05242f4ca94327,false
364372d492a27442e56261e278008b0a8b4b10ce,true
07e74c77d757c4ac26b024951760e8c6caf54138,false
9017ecfb77b0309093b599816fee8133611e9ba8,false
f3bcad8e395e0003f991fcdd4b44d6f785077bde,false
be4707bac2b594fe74663515c1f078092218c871,false
c6c927a53ad9ea97e2ce9cc3ba809a2f0b510151,false
4f472b5f036161d5763435fc0e3b006ca97b9820,true
eb4edec91e0b9286d625629dd9ce1c54973d2328,false
fa3dcfa4b33021ef35433976fd12f947127a29c6,false
d3bd8b7703163ac4e84df8b06f7160031762dc55,false
2de7ba970fd36591f0877ba5943ebd9832485b0e,false
ee810da5187f519fb18eab0f34cc8225f7aa15da,true
d0f1c349ef95774e81961018a6ebdc0982be94bb,true
7440288c0663457dc6d69c3509b66b99cad4a11d,false
5a7acb00cc8ca41b08b68d729625a3594ce9a5ec,false
dc478deafea31688522b62285cbab545b84a4b17,false
5d30f9a7e625b78bbe07218782b4e294e7422a83,false
bf79c321dba55c723cb1098c7914a79f392b2ca7,false
9af5f483c5eabd7f1d4627a4cde5d503f5f3c47b,true
90fe416aa015ae9ef75bd4544d5bbd0a4e62666b,true
fb737bc2ad9108a6a9de8a23ec68829252249d4e,true
4011c9fd82acda13f453ecc4bae4ad70329942ca,false
522b2332c88127aea3e848071174035b09b54ffc,false
4b251be643453d7472495ff681d44d11dd6fa9a0,false
b3cd3e315e9bc3a664beb3ad5828213db3289c4c,false
611b9206526188e8a4b7ccd7b751e15042d6cb49,false
882baa8fa060db157b611069f7be31fc828f4969,false
a7b3da738f607a1509bd2913d9f7f9415140ed01,true
52f45a1407227ac1ed214b21f467ab4e688095de,false
0fedaff631dd819fb9d7b1a80b7ff70423604f2a,true
76f2aeda1e38168367e8993738e3a5c2c90f8168,false
af4145fdee6049d5c441b35b7d5b98becc79bfb3,false
eceb9813a64b08158219be01e3879ab89842f69f,false
8e7870039ffda3a3074383a9d5c80d7a06585fb9,false
8a98beb4f58e51faaffa8af24a824248dbe95344,false
f7590e2b695693d4a4d51244cedeeeb58d56d879,false
08f1df68b3f1603a4a0a4603c4091f11eb63e819,false
bf481a998f206b8993dd350b2d8c1c21c760ed3f,true
b604382dce9c689630955fc4b3533c8e7ef00ade,true
69e661134ba112b85625a4f9f18c973b25fe916a,false
a369bc1f3612dd1ede9e1341a51c2f21d6c93ef6,false
c5b7701a91100272c3f8b1dbff6fba7c0cd0d7cc,true
1c956ab3d823a844e2bce4b09f975ad5b8362f07,false
be53750096aa63a290c777cd8f0f0e75a3ffdcf9,false
a0810994cb4eb8f744057cc5318313692f90cb88,false
db8098507fae50c5b6eb6d272457cd8467cc9284,false
3a480b8da7cda190b1dc86b82d547dfc7980b2ee,false
c36a5b894f13715955e6c4056cfbb71400680395,false
49a5595d766da66a58290f52ff76045da2b846e3,false
113b99249f040a4bc1f39a884e4d712ab8bc9d29,false
fa8e361769559c0774ea73b519573740918f3f47,false
14f43d1827e410cc27d21224728bdc8111e2e339,false
617152d551d91d30e813c01dd085ad47642bbca5,false
de552e49d9b66c90949df6e342ab6e5065de1e44,false
9daed536b5e5a973c62204f1d3b402eebd64d247,false
eeddc725140e6c77b8ef3a90c6cd765a7eae96df,true
1105e7768700005f23df421e786329e8447a4bf8,false
fc1196f608273a8e92f596b62e9b8dfc96a38aac,true
990202207f1aa4e163957528821c6349b49bce09,false
b83b4ec078679f556c7805b721a6d2cf975f0ca0,false
336630f4bc9b7a20b543728d2b844e890defd221,false
ed93df9142f279db68ae86d3d5545731a51ff0b9,false
a9ac679def91af55ac245da79b8d947d55e42b36,true
ceaf0990acac3f1e89cbcb288e1810d619953429,true
dc9a8d7746cb89ada49129770b43b3e4a917cc6e,false
d308f32a9aef0d47f444bdd54b4425e0e6501558,false
5632725aba04c92e6916d439900eb6e91fff8feb,false
292dc4e7118850ec1a29786b76a3a03c4e7269ce,true
03eba150d2511f4b1d84abd078f3eda25cf2ff89,true
0436f1b922a6c44b02be46eaa1db0c44a984fe53,false
5d66058c78730f5754b4634589da3762f7955812,false
c8c378afb4b3faf06cfc59baf47512f80d2ae612,false
ff26467b5c8d355961322c17af1f2031ecc7347e,false
f8479dbc6461b9956ab7e25ddfd84c6d1db212a8,true
38b5c239afaa71cac0190ba558722520d47e9056,false
6d6bd4b604ddcab525516b484db7c6f7fdc3383d,false
eb93031dca47285b28d0dc4233cd6e02a91c3f7b,false
32aeffc208c9e948b1aba8e383eac1b863c9d8d4,false
8c8b594acc1a87617b3d6aa5bde0b21fdf8be496,false
57e26046a1cccc5bc484dc8d68cba8f1f8a23d12,false
259d1b03e61fffe498a35e24ef5c368ad9bbbe7e,false
2d3b5d59320191da9bc54d83463a3a385c27343d,false
aec4e8643712ebeff907574baf763f455da7d7d2,false
1917327b4df6f3078e8fddb498246928109ea082,false
0d4d58db70a696ad9c6351e6ce942331b8a4bca1,false
f0b83796279bee171515498033eb77a89c3955bc,false
f613499d7fb427293763e93537451c821cfb294a,false
0d1b89a637fdb84d4b005c583954f1e72f14aeac,false
ce227b2b682509647cccb928288cf60cc5edb3b5,false
8376daccb6ee522873a610586ef5551d7cdf2f3f,false
bbbd57292ca66e6a2533eb647a9ce1986e40b7d3,false
f1150420a1a6f3933503f7889e4c7fa451111305,false
08712630cc31508a23bc1c27f0825299e895292c,false
ac2cbdabebe4b52b26c4f8bd3549219919e71559,true
382780037910e700120ae9488fb33af8791b1a97,false
cb72448ff96649cb4c28472a034fac0a6ab07417,false
69454ccf2d737587b0ea22d2d20adccd61723d50,false
c0a6b26ac0f9e76e6ad47e67793e765b2baa62b9,true
a1387203e6e01e67a6c8a9b7b6e838bac7b7ad17,false
e527aef0464d9672a54f2f8eabd9702f2cb1e970,false
471566e6543dfa2f59e2b806638c906fa45bad8f,false
2c6bfb781be192903809bae216fdf15f0821a231,false
9aa78961b2a6c79e06737488dce140c9381b99cc,false
639196ddda835b7bfb4d6ce04821b61f7412f77b,false
fbac0fa769ae17f90422d86862218390d0a87a05,false
48f45904f6bfe57e20bf026f0ef05c0fb9d4a63e,false
98cefe5cff8e1f8fb85e4ff9e36635657e102d3b,false
c12b027051cadf544cae4c581f56f0b2a6355935,true
8ca9824a2e6f6eaaf89223a0047ec810932743fa,false
c0a19022cbc1e097575b1fe006a2095f61491c99,false
c3891a10f736ff571ae0e9b095432ede74cc4034,false
d09463f632528f67f0d9b919510ebf6af6d04261,true
48dd468ad8fea7057eec1e4df36a51f5dec2c326,true
d748fb73ba1e896d5a05f222b9a50311449ac841,false
3c0ffe5bcb1d900872374e695f2da324dcbd91be,true
2f55c3ee7717dab99b9b21db2a68cb85e583abc9,true
a477802468d830fc673587b8aaba678ae1803eed,true
ad74f95de94fa9e46797e9c472557d21de9a1002,false
d31a7df1fd634e8032185a997571cb8772475325,false
d1416d27e83d7486bb76d8885b56e5f207a752d7,false
9a52788bfd427675c04a40ba048f1b5f145a9041,true
794f2ca9d28477bc34dad0151603a1e10257ecaf,false
4617326ef65a999baaa5108390cdd2bcd0e18f72,false
7de58a78fb6fa88dbb0dd257973fea4d48154e3d,true
4f64fff66047be362703ef3a547921b312204258,false
ba7fddfc979e710f35bdc2de766be6b4d463d60b,false
7a01a345812f0a0a1499ed92c1a4e14f64670167,false
b7cc835c8f2f1c069876f3a0f6c5621c785d0c5b,true
19659577ea451b03f80a1dc3ee4edb55edd637c6,false
acc9735be604c8d640acb29ecba674c95c0d167f,true
08c3d51ba8ec05a2d966e358a852880f5ec74018,false
c50a0bc63245655b16ed4a5b9b2d4ae8a3cdfdb5,false
f87016248d46bf01709cf7c690f87e6ffda31dfd,true
484106bb9d421f42f2bc20145cafc75efd851bfc,true
09a3c233b7663c2fc0d98faa595136d1e1154de3,true
f3177c2f58cedc49f4b2b86e0aca01b32c928502,true
29542cd6732797f628df4c3eca19dc396950c58c,false
8d8e5e1ab3095ad404b2412471056a635761cf26,false
e6b5558f86bb2c870322bb64981dcc0b521d7949,false
6f4635f09ec67fd55338ad366a5a61617809e182,false
8e1a5483cc2712be5f7082e7b4e2f12135ccc42c,false
99c68e1b6a9287e1affdf0d8dff78de8ab74ffcf,false
e7d0ac7b675b5e79fe6bc1116c7fc2e66bf59532,true
09e6105fc10e7e0c108c33a0330bf1f760f6f815,false
a49f6913a54577235560c6e9e24001aef37fd916,false
699d808537ef0d577f98847081c7e9c909d1f6b0,false
f2b359c1e456c5bdf211e3f896d5d42dddbac8b9,false
f755417447748e68035f8c73553796f37320207d,true
a0a573fa656f0d8ee6c51d9b00f2ec4e038235ae,true
ea4559aea3306384863695341f89d6e577bdb52d,false
bbae7bfe1ad8f8a4d79f0ef2a0290fc712fd3685,true
d2edced2d05fd4bc303d876a423882578a1e8d5f,false
38d51ce8c6f12a77bb0362b23a44e5476fdffaea,false
6c5b1205526a53e2327f802adf31e1f4e340d93f,true
fc41dd2d1167fd139bd777a09ba21d48409abb0e,false
2a7e253cce580e099079df33c341d3eddd23b5cf,false
0921888face15a4782da9807fa0ca017dc13283a,false
309a389d246f1083eedf44ccd13e69af2eca8969,false
b661e72cd661196c159eea654b1546c52e22ce73,false
161bbb15f245759c1be47cf441cef1ce89b67be7,false
6060489127e3d243435fde7ea038bb50cf73db06,false
82a1d304ee5ecda61ee0948a830f919938868ae4,true
985baae8afefc7a3b44eaddc6ac4ecbdc255821c,false
b66bc5c0e4d44f9ec67b78e5efda082c1bba8752,false
6360b0e78ee98f75eef10bf37d7cbda2e67d5ce9,false
d7ec52c68ee77ec0d1c56d5defe4b32603a6d193,false
2e3c7cf50dfe292f3915afe61aeb9650c84714ef,false
cbdac8db748d86324f3e90eda57d503308b2492d,false
45b70e2fdc585f3449d77522554f0921017a564c,false
62d67594b61cc04c7536614101dc8feedeeb08b0,false
c40f3d95e3f72f676c8226faf731349c77e15653,false
39be2c34cae59c85eeefd3d0370b5e8fd1e91264,false
ac741be8c5dd24e1fcbdd6b2e7581849a8ceeb14,true
3d895da4a33f7c411cc80bc827612597e0537384,false
ea18c311086207b1d30692131ef9957ccc142487,false
588d4fc40f558bccfe705052a7f98054641db2b6,false
6648fd24baa96bcd52ff5b7e369d3caa3a6567bf,false
8d6b450e87604a44840f8c45caeb8a9834acf36e,false
09385a5867b0131e6b683be9cb24a01e802eafe4,false
37687f29663fd0d37d6d98b1ed279031bb583733,true
f17b46094c0cb18f63224b9d313e6432208a30c7,false
cbf33a00068d0c61acf33efbe4edd468d7ab778d,false
b30ddfc672ce1d9e8a60cdddba16df816c1e5b60,false
3de1cb62c3e9ace085c7cedb2784fbfdd4fa68bc,true
ced8f8d7186a07b546696cde7043b82f8ed91e31,false
f7ebacb06ed42776034afff06aabfda2dc693123,false
2bc1af0d88299b9403fecd145d32128d6653524c,false
9fe1fe6995dcaa6d78a51c730b781e4041dc90b6,false
eddd54042bbe869599452f3d00d39d88d9b252b1,false
1991560d0c72fb8ad837579b4190ec9a948dd5aa,false
13f0fce69f35b829dc51018e2200365513e9929c,false
f3b4bb7c3d36065409d2057380f5f942b62d33fd,false
560b09e510e7a597ce4b47e48a2390f978cfb1ff,false
571a9449fa8c83aa71ab8fc8bcd504f579196dfb,false
b42691940e96fa6c5d48442e04fa50812fca6f41,true
f70fbfa479cd8f7656b466885e196e17f649411c,false
fad9d2484bf54594bb51ed6d39bd63d50082359b,false
5a194f2fba66bfa04423009a992edc4e8398e94b,false
5e5d6fb9909d7e757d005860c2d17af44180661d,false
a2e4eb1a4c1dbc371b282a8a6061c7092b39f809,false
485e01a3c7a217b12cfd34663d08eb1f88806804,false
66ce8cd73d208d3eedeaa5cc48480bf181dd5f76,false
37678645bcf48cb4e7bc5883d99987b4a1a11fd6,false
0d981acaf6c143d194917607f73752cf03a9f46e,false
657d819a15afea176e846bcee3785fc506bce3f7,false
9d08da2434c727889f9c4f82f691e0e1ad8a03ef,false
9c31bbfa91463ee158c50f53410a78ba04bf9c15,false
7fed1251b9baf3de32f5f22b0a0e2b8b56ef27fd,true
ddc5ba96a7e756459fd32cef7773766e6381d974,true
d1e00c94ba62b0d002217e7c0de1ff605c34dc9e,false
23cf0e32b6fb2b9bddbd7d7faeb3dbdf97b41c9d,false
9e0f455ffe49fd0662aeb190f9313b93d17fef67,false
16178510bb3cb2133e0accc9312689cc87bc61ef,false
9e62a2071ba0aa193dd011c7b62581fb6e2cffaa,false
2bbd26a58aff20dc70b554542ed7b5e06b18a10f,true
ca627b5952be40b8a7ed1973ccde7bf65d352594,false
97c27c77b60d76e2d3dda7569565163818b3e262,false
683e3bfcb51bfce48fa7e85423ce96dad7f4f866,true
74b4341ab86b0ab20894ee0b9aad32c372e24bac,false
a47d42ebf0fdea8084ff8c42e26591de05efa962,false
b7ec49018f8203325c63638cc223828086951d65,true
b0bfeeccde2a7283f77be56c70fb0fa4540b07bc,false
04f8aa7806271455761d186029bf017b04b56265,false
582a2d03939e75180b87e0d77cb0b3ffd7ccb271,false
303e8010759bd9a13163e51deb68c2b169328542,false
2a8d39c14e2e91b847da1c2ec1748cbf7ea119c1,true
b7d00c6ca5671f9fe2dcdf90a670c98e67c666b3,false
7606cd022d227385f348fda2a4938bb7e97483d6,false
bc394f15490cda37d008e8424c3c614e3b81e39f,false
c09b4d7186bfd6eaba7c5dc4f721696313516593,false
358de98ed9954c3eb0b9b31031f7dffe0ee8a9b1,false
ffa219f7f2bf55d96a6cb46db1da066ac873db1f,false
d038d656531f80761a30168fbae641bff1603f87,false
388ca0614d9bb08bbde6a6e345fe12ae01d9b805,true
1f9bb47fb1d1f4ce424270a5d89242d76c368ff9,false
c5ee5ea2a7634856f4ecae20a5240e7e003ea47b,false
3012c546ba9cf5063b878a6b2fe2d9a61a50239e,false
3863412cbe38438c6e50ab6bcea732bd99fc6ca0,false
a9502a30d2accd89ff7ed5b1f92156dc3d060c4a,false
d12abfe3784ecfb4cbe29496d05d71e2d41cb4da,true
0dea61445e535c22979a35a875d0e6a494398b5b,false
7253a879522bec2d3be21c25512005c4508c2318,false
351620dc148c10f7dc64f3027d91efbc65962dbe,false
8aa4c94fc2cb3396e53b83ed4a0a92dc01225363,false
de902d11cff02ad0611e0c03ab47a3177d005af2,false
84bb0b98b8d50f428d3aad62d3d859bf2756e40d,false
647066c55dca7a2aad18d9a328c9b9a4f9cea0e2,false
6da02d94eb6105dae72c53f426c308c0ecdebaeb,true
f3a834e9e8aa1a6db5dce29d2cd02f4bd40c86a8,true
c5533f30997fdd494648e9bd7ed7f8aeff8d0ed9,false
85fa223396479407d4c859242d21907a6816f6af,true
4d9b5f44353accb303ff974635675a34b8d31b2b,false
9826ac2cbc748273cb8d14967215a4d0dc7a9550,true
5a228e0f63ef785659cc641b33bec9d71ebabf3e,true
5993bd468155b49747d906d6c8901744f76bae3f,true
7ab4014c0afcd608ab54e3c7080dbb99f44f904d,true
e40c3d4c3610a29b5eb8ad8f8c337a2cfa91209b,false
dcdaf002d0acb1e59126671d001c98e491badac9,false
4e5f4aee4965d52e7c57391612800acafc5e311c,false
8a8c4d96706fda0fb38a41e66e49d9206b7b69e6,false
ff984a0e58f79928715dba79be87a15385c40353,false
0c3a1a73389fe8144082bf46b706022a9c56484c,true
4e9826143ffadebaafea1e53920e453bde2c85d1,false
2677e0f64ebe7b4f5379eda7075c0dabaa6f77aa,false
38120f112be439d246cca24a3b1031c7be7046b2,false
4e3763091fd5ca6267c75539db2aff984fbfd5cf,false
19591f91d7384c5c8c799e65199e00d90e913340,false
a644a2d234eaea3a969004a298863d79585d9125,false
2d422688db1bfea9bb1651719d95d2d9af4479b2,false
f88bbb273fbe426598be4937d80e31c62407ae7b,true
f3a8e610b62bfb62505d1b80cea5d960daed9204,false
142e5c60ea66defbf5b367424b7ba4d41871596a,true
e6af6c591407d4b1eed56351bad39fd839543fde,false
840f8ea73af18e19d50da353e0e9ce717e7167f8,true
48540475d9e41550be859481e9f52e07287db087,false
44606b3927eb5e7b0d9b6f2ad4ee9e7e411ca430,true
d9af11e3e77039553f084d3ecb9d8d8b4fe578e5,false
67deaff3a8765aaa3412dbb5a72b788659d473ab,true
983f6d715f0298b8b0d91d226594635382c3272e,false
4779d954473eeba1381fc6edf4003dcaab45293c,true
2cc35efad1565290eae8ed7829300f8d10674800,false
59f12ba72371b28c6160f06ed68c5a7418f76edb,false
7486483cdbcb8e05bdf0c81b623ec8bed9d227fd,false
4d88b28a1d97da812e6f88472e3ed483c9b5d5f6,false
8dfa847268fd20f7a24e662c3b9021ff90300f3f,false
d27777b6e7c317415b8ae1deb0855b70a36635d9,false
a2f9ed33dd6c424232556222cb2997c60f94f3a2,true
bfd76ad272ee1b00516c72a4ba74c52a0b672931,false
5a3546d570eae94cbad8f2a99473d968a8f69880,false
469bda52dd934d580702603ed276627e64c3dd81,false
09c31aa0e86a3e533c664da06806d86e1df233e3,false
0d397f4bc4b9b9a9ba7909b71cd4ce2183139320,true
be8d7be2e6a05671fc1f150d362870000db5c5b8,false
7a3af31022114dbd665c87582861eba81985be9a,false
aebca2306c22f1f2468495066ff83ff113d691cc,false
85492da41962a9e15cde9b7ed495ed0a0d506108,false
8f6d0f7de0a7573b990fa0c25460b71d9908acd7,false
5f2af1174d0af9003b81ef6e5b99b9cf64e013b6,false
61f79a100361ab46bed3008cf7ae90305d72629b,false
faf53228b1cceab6f7485f89ea6f4536360ea5d5,false
87aed7880e8364beb7f540df8593127f1019de48,false
b761caa0183c781c07b19dadcee84621a3a99642,false
a7371080c1bb214435fea08a0847b0d14559cc9b,false
ed004d3af2c0056b403b84a1e6fa7918fe952f66,false
dbcaae53ddfb6a6724f6dabb4bb16354e57edae1,false
66031024f10d5887aadf547854280b3780dc1be8,false
2cead7a7949d3ab4f95768ec7590e348f3cccab8,false
a5533030bea6f50c2859daa9e028bdbe52fbd3dc,false
9b693424338ab54f80beef28f10932a30b31aa4f,false
b1306163745b1c6a1fdb8416ce3d87475f652f62,false
3808bfcab596e72ea9487504800a8262da124ded,true
75a01e8c3d9f06e5395f9d23f30a194392eed1b3,true
4724e755f5a522cfe75f222c576b2360fce3762f,false
a719c92cde4f8094c56ce3f330509d45ba065e7c,false
7e69b4dad60e60826ecaee9e82c5fdb2c1eafae0,false
280c4acf2549c5aa232c756e4d976e6ff6d5ddad,false
d149f360d353149bfa48ecc7ed86dd586dec66f6,true
d153f243a22c9974b4263e20796e09c49f4616bb,false
2cae2849d9b50aa17199134d287acf0420aae056,false
3a5239c81441658d8f39c522926cc61d62c485a3,false
ce2167b31b4289cfd9a8f40930af6340f9701a4c,true
1c516a687862c405c099120f9bd52e594c144446,true
e6cc36f475131cea791b3062a2055d1db215014f,false
0ed421cdd24e8e17d6b98d7498839de5ea18159c,true
64a87aa12d7fcddd6199e773f2c89b16fb44495a,true
e0a3233dc6b7d57c4cbbca00aaf4c442dd4cf47b,false
da7fd735a562fdb3d31f9f8032239ab102031bfd,false
08c9bc3a94fb1363e1bb28f66e666a39c5fb0e54,false
f2d99ca3f3ec8c7afea99bbe60d7d402cbaf7414,false
2d2b4b8aeb18d4a985b370de0e572488bde4452a,false
edb4b985654cf0fb7912cad755483a0c6caaa81d,true
709df1844b5890abce5a6e2eb4a8e28b21df6e65,false
cd1f18393b7ce804efa343d7d1e2a1e1c3d0eced,false
d2c480d847cf9edf1c5073e0221cf7a653ebed3c,false
52b19b83c52de30847c43dce09f8d5c51c94d2ec,false
0ea76fa367ac1dc94dfa4953d360ec22160297f2,false
cbd72b476f00e12582a5dc04c4aa33dc19cd95bf,false
032c3c9ee1c81e360640fca877c86a91fa669e0c,true
2f2e21e895e7e5cf2e2d8a1bcc1bc5ec228e3607,false
8da2602db87a8408eab5e9bbebd7af06216ecd25,true
be2de9cde462e2eae98e9efadfbee01439bef3c3,false
47dd43db8716b954209604ffa321bbea119c99d7,false
0de8e7bc2161829ab8ae727e45005d391e3f04ec,false
f0584c76e7aa66855eb7aaf2aa6928d56e8dfb53,true
c057f4e12e93db21d477a76b80610aa4bbcd277d,false
1917187230989167e8bea29776b8675bebe69887,false
4eb52bb36a5f0564d16a310b11ca5725fb3768fc,false
e7ec2d3ec92391a3cf7f1e91475a0f21e57e540f,false
47250ec0a0a77bb452fe6e066f04688057399265,false
14029f743af7482f775ff9f5a0cd10e3d8b2a9c1,false
a19689e557d9abb9d145bfeba9b8119d1c90d1b8,false
bf6fd599c74f30ca2e1180a09e09735eb5baa6dd,false
86573b375260c16dfa5d492088d780e44d0595e3,false
f081bf0dcf6e9bd92bfda7366424c76890c02ad8,true
edd033936460c6d34ea8543deef781852d7a1999,false
720f548ae89f01a17c5865ffa023399170a867f7,false
c1b7d42d30069758be06afdbe4083759622cfd66,false
4adc72d7054a875e33ad32e5f5d7609789933e13,false
a50d75a218509b761d2b279520f048ab7a7d253f,true
85644a27b54d730ad4e575752e9932d351f00191,false
42d155370cd0c5f7de967d402bc5869e5828756d,true
4b546375bd2ceac5e35cc52d5ac823d1f4befec9,false
303171be9377867d1c0a335cf4db5046d915d87b,false
d8f47fefe14364d26a7effa20223464cfd6838bc,false
d5deed194fb92637b3ca324e6057c3cc1c1d3703,false
27c2ea8592bef516802ac63619d9156156b629f1,false
9e63ce0b84ca68880f2e6ed91baae57405dbbfd3,true
25cdab259e15f54394c344d7ba0f7eac8c82cdac,false
297639e0fd6eaaade2addf3166b59408f70815cb,false
1e84d0b96c374c5e1d5de41ae9592a634efa611a,false
64b539db0ea6f18fd8a54b6f50e8a72e5a4afad9,false
316b83c62096a0cdc5479e20a5ffd06f291acac8,false
17c17f2971f50b7e65e34ee422df3ec1b41a62f5,false
68d9064008a884875a705841d9b7e137017a2856,false
5721191466cba7603ba814662aba00a640154e45,false
5188d611ef245e9c228df9bd13c386747572bf8e,false
41f31b4e931f049099c86faf3983516d7a501a56,false
3cd29baccd45c78f1eb765f4d628ca1f9a4b4387,false
d271606bf51d2560b092ae2e79f2e6caf52c3c90,false
21ff56164e66ddef6675c366e3bedaadb244c596,false
cb407327c7f550fd56d4f9e911ee309eff22b3da,false
ee3d190ff5d69b15aaeb313e1728f9db2fd84839,false
19968f85af4736c382b22be0c64ed029d5e77dd1,false
97d5100edb59c30f95afc6b4e8a1a559846a232e,false
73cb57c8150d402e5204b9b7d21507303fed6268,false
2515d9b1d39c228d70402c3b089c86dcb00d12ec,false
cfa698b19357ca12e0dfab446a8c43c63b28fd63,false
06756485fc57a702875e237dd7ae637e9c2e4f2c,false
cb7b6cae06814b1594f1d644fbbe6b2cee4f0b5c,true
2f1719627accfb65951af3b5012ac0379e9ce5b4,false
fa49537b8b3e012ba593918bd2ad1bee41880369,false
799b71ad38b6224fd6f6370745477858e62f227e,false
298c65d0070c798beeeb025a0daf1a8c4dcad755,false
c648131d4cfed7e33b122212ec20e9fe8cd289f9,false
cf7b09e9427077e0fb4d9b8a5a2d4c9f9a2052da,false
0a08e06d0bfb7b7f0810a1443d9586f6687da3be,false
39463ebbb788b66c107d7b6387b4357d47894701,false
db7eb06d5eb04070f69e42f1629bc05cdad8d5c6,false
3cf4c5cd6080df20f1888b49cb9a85c43d345edf,true
73bcb6525cd2b6f6c72f475aeefcb5a20ca3b940,false
45de13cb98464fe15a5f0f22c26ffd6c3b071db4,false
1a9f304b0459118a7e57297449622da9de30e77f,false
1ba55049ea85955c0a2089f23ac44cbae998f338,false
9793fcec2efd120fc6176fa7fcb0a0705d9070ad,true
667c5ff864c5fb6b3a858be6831b3161d509d49e,true
8a59c24d8e11342d9b852e786af69b699a690bbe,false
d5ea805bcca68053ea66db3d5c8f6a745f35dbf0,false
f56438d3617d10340558d17c727e1c50f1e86daf,false
1288f4d9ebf63d21a6f176ff7164c535d68cdd64,false
4f9a2793b7507fbf03cf273fb7cb67d72eb130b8,false
97740f2e04a8384a0044afa8fb4ff2201521fbfe,true
ef50284541f200ba4df1cfcb366db8623d128684,false
ebe7507c65177bf3b7af6ee7494053360d6773ab,true
fe5172772417e11be11e047fdcb0867f909747fc,false
d1e3c64a51149372b71a286e3601cd6ad295c03f,false
04a0d6684bfb1a5875e45d666ce5a5b38a845a03,false
5c280d076c49b4553e134cc10d1c0b584229e34e,false
afa1f735b01c4228f8ef75e51cb71a787d7a105c,false
02ad3cb83dee85cf4e6bcc60ae4905d1eaefa16d,false
aa0698abb3306b483b58fed95b9b44d1452af8cf,false
2c7079443ad4b9fa7d7944289b4a0e30eee4f8f0,false
e62012d07773a39c74238e4a95150268eaff2dd1,false
8451a1714909a14d26db166d82a81a332789027a,false
3a20ea27401ce812d73f21d26e34153d6539697a,false
50f32d73b190ddf895e5696a7f8e30d4a6725281,false
39c783d63e7a0b3996c6639640ed50547a8e333c,true
ef61a0cab6d5a4f4df6d663917e8478faa40bf36,false
0d8d38785ea39c8687b049d2c8cef62687ed3c41,false
f6a7565986eb6ba48666e1bad6a48ed137586809,false
05b88a9b399d99072618fc5d03b9d2eb0254fe29,true
dfb59a9e68b9bb0863b1397ddd0df1fa15eccdb8,true
b53085bdfbef2ad0c9ac7f59822a02ee006b41b7,true
b54304f90aaa12e7ffc6b51b808d95e500b3fce4,false
88802efa392807184f759e02c8187631f880528f,false
87dce904ef02a942534ee284e610789f1bc9a19e,false
3d3c086e6e48fb4af96f5c6fa3e6eeb8c0f38b62,false
3a6b9953441a0cc414cb208e82f61e27b4d4b6e8,true
255090220216b94bf0eeb14e1da3325e8b5f527c,false
7b6e6e2f776aafc3ad397ab6430c77ed25a20857,false
5b301b5de9e33036fcc738c5e8325bb279289d5a,false
d4281f57922665921c925ddf9de25bdd0dadc247,false
5d0fb518a96d0b69bbe97939c45bc0b60e35c0de,false
36c69cff69921fabb58dacbaf15e7c55d5bdabef,false
2e81755b96bb18f7de9fbfb8ce057e5e27ab3354,false
d20da4d7d7ac02c0d24ac588d803272f8100d65d,false
8260d34248073682718c5b2e6fb69a0e50c2a972,true
bdb6c7b8604a9367459af12152218b80730e78f7,false
05d46f1fadcc177ed4584bb3f976df205a890a50,false
cd39b06a1b151125943fa3763ccb6f81f3df4a09,false
e570c145f6882c7127bc7c4c2c61f80c98c96e39,false
249b2c67a28855ece39c7b16b8da3bd4594a6f4f,false
2e69429fbdc832ef0244e7523f258e95673dba8a,false
11e0a7677b5d40e77113241aed29e8fd39d0d824,false
f88def22b1d91d18bd1b9ef01e708d7667f9ade7,false
fbdd22ba3175691c71025fbc5c0974662e736e3c,false
8944f1659e802e7b1a50fe296d3095463d28e760,false
d9eb970d5c046e434f53bdf2d42c738e7f311f26,false
21026f44b48e4562de3ecb9ed07ba880ac1d7fee,true
ed1d9dc9a44c648a49a23dabbc15fc9761e5ca9f,false
66f0eb3ee5dd13d1501ba3308cecb3f11f9cc1fe,true
749a4950f7098a55699b3b74cabb9326f415a6b7,false
4e40eccd6d81c24bda7f917d65d09f0bf26c2d3c,false
32e20470b583e89a08d66d8af87e144da3eba682,false
c03c3fb62a12643f9e153aac26cd6e922ef8d5f5,true
0797dc998e3c6bc18bc0ecbe1f178338403beccd,false
9faa028cdd96ba6024e94bb0815d16c85efea589,false
b0dabd38741fd087d1b9fd28c0e28251e8833373,true
4f4aa728c3362e51d698e6e22d7aec8c648a35c6,false
1d59b0b1bdde4bd879a8413d2324553386ed5924,false
d83df04b5f508a7bcbfb2838690e01d24e126b39,false
488c8df405c2c12fe7803374c4b3156af2c40ce3,false
2e9bcfa430c8077f9bb9b57e93e9bc289ac4822f,false
dd101e58df6eafe41bc8207fd9b3c466fba4b3a0,false
06d2a9e371cad615853a55e869decab3ce4c52cd,false
540fd9faac932714d3aa8800a7bdda65e58278ae,false
9232e0cf8732dd6db46ca19ad5bbab00512fb3c0,true
a5bc0b9dee8e084584d3eee8c9ba940ef68259f7,false
1df5601c31b5f65ab69283e62da0abd9e349b96e,false
3640de69f1d2a9671b46e43cd537c66ca8bd6257,false
65e4877e8101b93134c82d1885b26be871d65b8e,false
025292db74f22961f8cffa440b99cb729b3a0eb9,false
18a7bec9cd84a8b68a3c86749c135a8ea5cd9569,false
f79fbadb13335d654fbfa1e1e057204457321e0a,false
cc26eaafd6806fee9d9f1b0efb69c15c836b6aa5,false
d06cf95b00231f48a45de8349d6b206f4252b589,false
ee76c3e95a6983d9f60a7af7122b6b587bd5aed1,false
14686bafc063e78e15711a567cb41ab90bb003a4,false
8d2405417dcd4b1a2b1fe32425b5370ba4123522,false
732a906684e59c7b29209c51311235d245f31e05,false
b527b9680f5d3c05653d0aaced78295ea47e9d38,true
ef7b6da845e59cfdeadbeeed16933c6424390bbe,false
aa780f7440f48b7f8c8b6b18d4fd38922ecac7b9,false
3dde070f155058f17e239574808753430555106f,false
b3e6c2c7f1ff7646be7c237840b714a4003bfb5a,false
5c0907e0044bc856c5243ae86c1ed65122dc103a,false
a31a431f415fa02987b5f889a6a6dafe232b4165,false
b25df4b81f2bca4e6ba43796512625dab248a9cf,true
0a0de43bf6458bddb3adbd30d81a97d8fec9deb3,false
97dc0ab1bd49e5d7644b91bc07c56d759aa84cfa,true
fb11d2e817fc846bab44e44911a068b4d9e62042,false
f36b3739e04e90c48e4ee142d23a05c57d93343d,false
c16aa3028e299dfdfe48a4b2848b8be11bc83976,true
3a9e9482027a93b4ce18f69a7b942412dead8ea5,false
4fac51c671be12a2e6965c43ea97b9bcae88153d,false
27efb86cd953b15ace6c9a02ee7375150e5b1289,false
db6745c9811f50c5e6882d982fbdaad3391f3904,true
219f8178d3a8bb02f183476f80de22129615da87,false
04791e456a736b5178424c08ff08362d963b4ef3,false
af594d33d702d97c0f23f7fd6e11defcf22c147b,false
7c8cc31c1f9c58305bb8d2108479e9fef6f37e6b,false
6ad3b892dfe41fddd3a76362178bf742a8253db3,true
a2e7eb888446bf594cde90cb0d8adca33a9f70c0,false
4144b0ddf8cd9ddf8ca855481670ba614163c15b,false
a2bdd703432a34c77f5ada14d2920e0b161fb647,false
c8a50260878850d7fcfbd51fe8ae2c3e0aee3dea,false
8ceb103fc8e2b451b9b51dbef6a3baa6d1e7822c,true
c91a4295eea6f4848baaabf918042ae65bbb1a77,false
27d6c00df20a556de9aadc29af21214ee978c98d,false
d7794df391b8303ecf5c1d844a7387eec7bf42c7,false
a81faa1816ee566f32505f040a50c34641a88f1f,false
f75f4264da7078608411a3301a3e5fb69dac85b8,false
1ee551c0527b718683ad4f6749d1fce8678d80af,false
c8f1a82defacddbe79170e8643eaf310f1967034,false
e82fcb1096c2e2f46cb0bcd3b94c69a0c8cabed6,false
455f21167d3b04b597cdba2e82e60b20afe3d8aa,false
5ed8fd7cd7792910e043f3a13ff52d2abbb0ad18,false
ed4fd043f3f999b3e9ccb6def918c8c2cbb9b76e,true
bdb9eda6a57e8ee1b38292d5af31c35d907b561d,true
518d69990e3f888902efcd9d31ce5963eaa26226,false
73e7b2de79d94771b49d91f5d69105100278c418,false
bbc479055101258599b0cdb58976734c5eef9b89,false
bcb08332704468df06630e04cc6fdeb6246dd439,false
eb8f6a36237a5343c690a57db2f4e01792176ccc,false
db7520aca88218871bec2ef0a64f844b87262837,false
94e63dea9e32bc5537168c5bc89cbb9b31f364d6,false
8e10c46d320a26c6a0fb12dbed59ecc77724e2f0,false
db284a19f386a66b492658cd86a2ed1f2202d8e0,false
f98656d3805bfb5ec031fa1fe6b632578ff89e40,false
f94a2c27f7bf007e98b549e4938b8989b5f4d00e,true
cf9f6e1f29d66fab9e80ffc7723f461fa3327b22,true
eafd3ade119ca6238946e1ff657b2668f7f3a1bb,true
ae60df456b79021b7f0499499ac53100bb8c4430,false
8871a6ab62dc6e1fae17b7ea8ee0d73bfee7dc80,false
b1f6420ab8f3b5190319657a74f71393612baf19,false
9fd7cf122d231051bbd2eb731f1451a0f8e1af13,true
273e80b5bf32f9d32b9040fc71dade9c57823889,false
e06dacac1358fea29d8df4357685da65940fe92b,false
4681fd37fc4c44da524f770865eb37a900355e64,false
ae21c2c2749acd5532c0b210d4a6c06a374b07da,true
517b4fd2cb1e755ef9aae3e25732c5f48f016555,false
001a0537d5bd37e79632d025c61e2578cc8211d8,false
af097f2f7d568be31948461c79d22c6df47c2db3,false
3bd31e84b79382e59ff883d9706b922ab2d7c025,false
bab6e3e35cf9b96ef3ea3f2c16992b0de9057e44,false
33030683a45006fe9623d08c7b697827f1e1cfca,false
71026b90d32e98454ded08f2f1653904ff743d94,false
b853f9cf1044c25bf1cdf4b6ad2d06d9bd032951,false
180205159618d424f7ba6a7b39727fadc5d6a9b4,false
46d56f8f0f008d7308153772f6bd834c33a86c37,false
357d109a27a8c84c31632298769474098a0ef292,false
334724a98827f92d516cf510439894ecf9508e6d,false
babbe52393ee12650979ffdd3955982488a85316,true
eee9f956237478500a379af60ea496e5efee0c98,false
176bd64d08a8d2aa40dda454193fd2e6640dea0e,false
95a472188d7bae570d9c884b333aeb79482f8456,false
a432591951c545f91937a0ba58ed70f08ecfacde,true
4b92bf31efce5efb5c1a01367f665e6b44cf053d,false
72b94fa55cecb4443208303d2c1ca11c882bd1c4,false
2a72379d688ca7fda7f3b3b0aa020777060dc992,false
88c8a7cc31f13f8c50c55cec26fc8769d33bdadb,false
0c238a4490c6f71365dada4aad11ef17d2c52782,false
13ed7cc28db8c61ef7dbbcde5e23736c0dfeb0aa,false
3c4d4161d23f3e3b5117e6fe8a3dae2d664b30f7,false
e79787aba935a173296ac9dc7e11f0afea3455c2,false
671f44a16d3c8c8a4df8d18b5b141f4641e5fea0,false
7ab5b3334730d822ac71cdeeef7f5fbeb1dbf8cf,false
c86fb5414d8fce49d2fa2404ad2d2b2ac78c9ebb,false
5ccbfd48a03771c3b8e555ad592ca578db5c837b,false
26ea84db5149df91e326aa59e988e35a9f3e0a9c,true
2930fc8508ede7d3147cb1bf64233d3f95bc01e6,false
dfa396663a28d761118b973a1a1538d5fb5c09bc,false
72cf0fb32204ef96d10a9bc0964588107e95fe60,false
5261a87971a56257406d3367662203c8b39d0011,false
d21a494d7769242630755b57476cf16804e51a65,false
4692e978820c074d8745e0b7c8cfd2e949ee5dfa,false
9c989d75314f9fba6e5d680bb64b22cc3c9712c4,false
99284e73145fda35dbc6d6181945582816cd95be,false
f19be283869de68cde5155022b9d8adf6b2666c1,false
5ad6a65b77655694a214b81ea235c317f99b011e,false
b738e2f7e9cf78ef15f12ab4c845ffd0ea397546,false
439377cdef7877785db93c561412e475723d46b4,false
f1dfa069450edd699b8775b472ebec8e3aa6a8bc,false
f338537806efe0540a42920e8a3fe4e3618700fb,false
1555f99243c23377e29e23e097ad6c2245afa7ca,false
0fee18533ce0b44983a1e8e17d2244e04a9fc0b3,false
e5de1e6c71396c5f152a4ee248c5af84ec300565,false
be6116e6eb89819964176f5ec3f6e56546d49afd,false
d846c3fa80d8552ea6fd1b4f36cbdda1373db5e0,false
e532b3704eae01d1cc6c0d2c5bbffeb3e8f58e83,false
104015449644e6f7b3e7a91ac906ba6c67b2761d,false
13c0dab4d28f17a92935ea7a9571945dc49bf227,false
989c8ec17dab8619991ca9b7afb9895173a37a59,false
1c42eee63ac556c50586fef952ddc61cae00c78a,false
57897187706ac56749b988c2b9d1e8d43909e63e,true
332b3717f6bac885301d46ff7a3f9fb1f139c75c,false
d938f186b7d35a3784b19cafe9cf49277d185541,false
7ebd23bebbbe245b9c8091ee02e5d0960349fa2e,false
c88337144c764eccbc2b2d423b6d559ebcf3269a,false
4e44e9a910646da9f89802a0c3ca8f9dffd840e7,false
b3e015e47ff921d0cd457ad77ba3daee9847a5b9,false
78456fb3b0cc23fa6084b424f69ea95cf3540c9a,false
14458eb9dd3cd246e96fed9eec293e668c2a5e17,false
8300f4086fb81ff8f794dced3a3918c909b6ea12,true
ba6641f93e71a631633a2c5c65dce9e4088fc4e9,false
4227c8b5930a4eb2ab2dec88e19f79c1e829dd0c,false
e75e637e97deb0479950ebbe4261d27c7ae43f8d,false
08d7c8cfc1c30fe29dce3f583c51d0ceb66e0b12,false
f06c751029ed58ffd232b80a35dbbaf43a5480fb,false
ccd0cef96a4609ad4d899c46f1c23621d289b1cb,false
3dcf4c6be5a0486caddc0add0d5cdebb221c5cee,false
772e3ce1fc7acce205086f68458666f76d2cb822,false
fbec70e2c500897d1cbb8edfdbae6ff55efda7b1,false
6ad9d86e76d3169e3d50e2045dc5bb32fab5f897,false
f3944462c6f5b88c7481a4e420e6d83d2abea2b1,false
d1abac0a00c7b3a387cfb28bdcc3e781f6bac5fa,false
e68e31d92283d876b172d2bb113bc16feae20ce0,false
ac6927b01be93cf542ddfff14aceec7e46e83344,false
8d2787f0eb53d26011b8c7c9b29c66eb74a4b2af,false
52b86952a3c44048b6d6578471da371e1b338d83,false
fa64a3a266b8c5a6775c8df4cfdc6fff1c77119a,false
20c8a0ae58f74be763167d20de9c945fe2bb2662,false
f087380d20795e6e062368b66edf17c47c284dd9,false
85419543583dbe6619bbc05d3a65c84233bfe305,false
8a0acb2ba0aedb55aabeca71c77273a2c4c1d200,false
216e0e161d5e1a71df11bccf32df34b401989bad,false
30fe90d26c76dbe41b557ab22d39483f56a42589,false
62b8bf83840311b8fc81559a712f2d11732a4a68,true
3723e8c4f92c76e99a96c449dfd8a677054f157b,false
f00b9f0222048e8884a3b366ab08a0bc857a0589,false
df704f694e7ebff91064c13011b70a010fba17ee,false
9445bd4f04a0f7853a2395850036e2566641e0b3,false
e2f91b7a15b62d38a08b233f4467002129044d20,false
8e3486a4fd7f9d370edfb16f4143bbdbcf6cb0ae,false
60a675df29b8469e97c59140349030985fd8e9d2,true
80ba451d84f3e8545d6a7b56446846a57593f618,false
a915558c3818fabc1380ce3646f5aad3d27412b2,false
c39a27aefaa7284b414d5b8fb0d179316fcf750e,false
8cbe3a7f3d4c4a44757d596d3fa61e2ff7af808f,false
70113380bed4b21e1c958bbea1d8eecede86c337,false
a12b02aa74d28217929ee36d2c8ab00398b780ed,true
20dd5d3cd8236e2cb25b58249950e89268545690,true
4be23f6bc572e01344a827b81cb2d8f812dafac8,false
098587f044bcc0cc3acc85fedaeec42fba235fff,false
32dddfd727d5c0d331c76d5a62d9479dc6c98bbb,false
707684ba0668b757b287409a5130e9cbb6503775,true
3d7e18f686a458ae9d1d9b692cba0ef6cbe323cf,false
23455804be6f2a594f8a96d640f2f51e362d5e60,false
c0b554191624b617f16bc3c795b2d57fa6ed0578,false
0d49d777c8fd94f737f5f49fa7b81efdb6250f22,true
f5d4becf3e1446fee38537b69e532f1fe7653353,false
8c3fb72d5dc0d6259b6d2a46d0f1628bdaec969f,true
c6a436b3d2927ce10167788488a84c68740dc6a3,false
be598dec02b8e9864cd39c9ff7366740d1c91517,true
449eb021f59d4af549ff21359db09611840d663b,false
6384c5397b11eac88ccdb0c206f207abe2b5652a,false
76543065a77e34e276317f7367a14e9684c914d8,false
9529a9b1d0b5ece6cbe316bf1511aba2ae053714,false
578f4d99ffbfa029e1586bb6a49da9db78954847,false
27b51645dd05aeeec5fc1689f7e8a87bc39d870b,false
7897f5eb317d7754c73880d703cb9647bb312d06,false
2a0d4e50a137520ab0007bacf6636c0fe1df51b0,false
0c83af20634f25cbc34f86c521cc112a4b015827,false
609fd18e6b7e63bde22e79115297a0879f8cb391,false
e95710693a70114faa133828b12095831b5b015f,false
3283fb7c2278ef2b55b9a35e1ddf8cbf44a3b15d,false
69a0728d291c95926b8a69ac4dc617ed9ec0c04b,false
211470ebef1f19c939d786b0b09687bfa8104ba2,false
5e20987d144913233ba28e5475e52d4c1a56ed01,true
c9f0a36c184ba89abde704803641f13fefa1c50c,false
aefb86f1372c3c94aa4cce4887765059dbc1f440,false
aa028186932045403e720f2c41d7eff652687d5d,false
78fc498ab06b34e8d0663d4b56dc8e549330a3a0,false
65b2d1b29783135d448135d13e6f0008bd25e2a0,false
c07efc0a10c040e5933c6722527806c5174627d7,false
712d83f8b4fb4c81b788fdce18e3b62c55207ded,false
1ec16b652fdb9b95cd5ffa85485de12124af065d,false
f21277f7fb922f6ba054b73c967e22ac6dd6dd5e,false
2e894b6b8c2ec64f878fc78b3f407ee59c6038f0,false
f7a0ed5ac1005a42b0e29dd49e922501a7c2226b,true
5733221ec4a0119c4eef180d6ef744f397208271,false
7826f8a6d7c961c3d2b27717c785f9d0b9afc47c,false
6a9457b4891ba1dbc6205ea087a04b68161eca8c,false
6561dcaa161c7908ddeef710563483c7e697b7dc,false
5d5f3c2f941d41f814bc29acff2d2eeb3e1914ec,false
a1bc3039307f194e023d2e52be50b0e4205cfb28,false
fbc340531cfd0ce6fc6904416b7817d8fad421b4,true
c56bd025da788f2b22748109061609bcd8ede95f,false
96209fa0140fd5405dd9a578ab53d79ad708a03f,false
fed5ccd8aa87f2f1710aad0471af37f7ecbfcbe0,false
b5932da74a127ed7491cc14f6c30b11d34395a78,false
95276494adcf7e71ebae897a37704bb781d66f07,false
786a43a8f70b38429a301bb5d1ce0121c6121606,false
c7a8971ff92a125d63a94c872cce4fe39e6e6f9b,false
d03d07cffe8b56ee447cc943dd6038e8e76512f2,true
4f5cfa5d736190a8ac97d9f4e9a4f0e94cf02644,false
4e95bda5c6d198fa909304a212c37f80edc870a0,false
f76513cc8e1b08f26ee3b9a5c89b7a865ba88e79,false
04f86dce981faaa75e8b63d227ec702133d22a20,false
1a26e9f8aafcc2ac6031aee8c24356a9fe7d1cf8,true
16ce3878b53cd34e422970732a42d9721fb9a860,false
9cf900269764c086608d883ff675adbd9f3d6d4d,false
59d59bc4936c04b03d7d5a2b4dfc8d07b160b07b,false
e57b7aa15c28472b44da364f368e7174838357bc,false
afd9a95a98ab475ceedafd764376616eaf2e95e2,false
f56355f2dbd55f2eafb53034835244174fc728e7,false
01b80ca6e2bedec3ccdfbe5a715a5dd024484880,false
f07cb8c69ebc8dba82c08a3c8f5a065a22155745,false
0ab41d9936b7ca1392c9e2b43904ada9b4c87318,false
72e8287b597ce4389178c53756271a3386702dc2,false
5654e3c3f8f81b6ed9e27f739ba12cc15965ab5b,false
e676443e87c3db12f703ef115317adc0876e58b0,false
584cf8d1c1866956fa76e4abd5ed8110f7439777,false
1293ca1469c716d784f7db18b8784205ac8641ca,false
b4b3ec7c14201400aba23b55f250249f3e7c59c2,false
0d869134f46037e128dc312306cafb89114f8118,true
2bc65a626e4920969c989a45667f3bd84cbbca80,false
41f7c7a1063c861049d656cedca70bb1252bbd1a,false
e3c5268cf4d1070e0b5051ad984481b44600a18c,true
f6e02ac804e140765a89e0f983c794be1b3ffa14,true
938ff400e28f3fb4e1ca00a21d41d1f64c1e647e,false
0293e5bb553e7b593ca4ddb82134065aa764c0f3,false
c3af386b62b5f3c15a06de38d3189204ba4b0130,false
0b9e87a0be58c93542f50bace41535eaac694c84,false
13786e54ac1bd6fb2fd5188150e8eeacdde9e986,true
e1604d9fef0c9a5dbadb067b5c31ce699d7ad8fe,true
b21f6d1b40d8eeec33668a5d74f078609a4948a9,false
f7eae9a88b6e4abba8e2bb50ba94232bf71d9dae,true
552fc4ea035448add692204d047821320c33b586,true
f3836a4414361d00837c1ba684b8bc3e33738794,false
fc169a096babe07420cd1d51956ea0c4d11bd7eb,true
33871522223f5a191d8ac2f40bb5581295cb5921,true
c76a65865ef57f167765858eac931607ae313363,true
4035598b75d8f2335f14244748d1bb02f6ae34df,false
fb110d4fb2811e55e3498714cc8c240a368b0a0c,false
210f08b4e9e7c61ecae6c9bd7aae95e383aee203,false
1d95c409932ccc9019d022e3ee892acc797f9c2f,false
015077bfe569082836868981d5a343d87d0c6ecc,false
2e2340b8a6304808285823ca71fa3e1f2f963e1f,false
e549c222655bd0c050163f055d13805acd959229,false
8839e6f90a55c818b1bab3162b08d3017af4e420,false
0a54ebeecf539ba7e58eb527bb7922b9f36651e3,false
8630efb2ec0a668ba20db628f23053cf214ad110,false
30dd63710eced1525a1f34bd2f600daf02255438,true
8af808f8634aa56bfae83b598ee0e277a9b89df3,false
472cee3c89ebb9d4588deb6880bdc7e15ae2f9de,false
5d2245130606ffbbfcaa82d8552690fcb98a1446,false
02d1db5e76d3088028d56fddc3c1d36742828278,true
604f245e0cb12813820bdbc6cce14480376b4273,true
4fa1e3784af0fdaab8dda83fb63ce70fca0d1a2d,false
c02f6a8ee51d47f37cca9f1a956f99cf9e9d5162,true
2b9d02240a5c7d2ef30bf99829d9430c22b429db,false
15cb709284662720c0dc390836ced0417113efa6,false
3d5f7257a443313e8fea12dd828d62b80b937368,false
26036d40e31291cad7b3d3b4afa34c512c5b1600,false
1d56c389813c6b2a0354d04bf3d16e1453fc2b15,false
706158a92441040f23b33ec73b87a176da7cd7b9,true
1c56c9097a48399c238522106038f883eb95e49b,true
95703528a614bc9fd1113291fd2ef624f00093e4,true
2c0e06fcc5a15c0c15d7f420d326102284f34449,true
51ea02ef639cc949f0086849a389ebd0c20bf852,false
353a0262e756e93072238706d472e3dc3b3a6c99,false
45bb2beb8b5544664afefc6f34a4069ff3f377af,false
0dad90bab3c7968729b3a73e3654b9f498cf2646,true
33a33e7027fab2a60815289bc69272fe4d440ba0,false
f9b1bd4253419a0b51a8e97171f482ac06d40e15,false
7699e3617231300f17340fc4d2dbd4097ac07759,false
afc1ac4b8bc590682c1508d4cec072e320949c5b,false
1cd05ce27ee2a0349e04a8f9f77fa482b2928bac,true
ee3a641c82ad1acdea578ba11065313d48589f33,false
8db3e64f0d630e6b583c2397f7a74ebec5652778,false
582164d63f7e8a479a388a53540a88f795d81349,false
efc4d564063560c402f584173ec2982a24eed46b,false
3f1141eb897c83b3bb78b12a193e8313087516df,false
14f394f3ba6d5999ddacb86187e6106fc4995cdb,true
c8231eccb018f90ef254ea71a7c091fb5936b1c3,true
afcae623f9b82eeb04ffa860e749078ebea7969e,false
6036f40555ba31359e00f33021740df9836d3ac9,true
c782f3b28b6a303ca30a4fbe84b8605a89e56d81,false
79c7671f6f7cb2f8cd6cb153fb0d0ee05d6a8c05,false
fa399876d6194ce0e2f2c62620b0236554340b25,false
6b9c0a4e35f0d48ec6077842130ec6bda535499c,true
4a1bfd579047649f22177bbca3f48983bfe416c7,true
e59808ee4989dab8d1abd50131ddd972550577c5,false
09966b49a3f93a49c1a57fbabd0932dbfe0253f7,false
65abeb9cc6409b718d2ffaba3ac9edda872b9b0f,true
abe79804338a9b5ee0b27909a38a579eb7bd204d,false
c0958e4a4d8b5e15450ef66449c0ef24817042a0,false
9de8c13543f941d103c4e24212935111e31bdf39,true
41c4577defb2e5017d7c3870cb30c160bf1af8f7,true
d7a152dd6088ae3fdb232150b0de49399f15d5cf,false
36a48b2dc1bfa137f6d8de5265ca91c0a8d34640,false
8ae3ebe6134e6697feb09db140b1d24e8409d725,false
082f8f535bc800c5e1b2c6f7e69741ae6f997782,false
ce5df980634cbd2f36a003bcf640efc67da5b09f,false
95b5d0242fa9a060d40f1a303d7d0a462ba6469f,false
cd27f7a5ad6ad99565f93f9ac1e67b54213f5bff,false
23761abf3b05f4c7b012f4a226fde785be89010c,false
9b3e6f8b04a510ce69137f9f1de1db12e6002a75,true
4def96325c2994cff972403243db775470cd1e54,false
6beb0ecd79019aa38567c847c0d29b384bf4dd13,true
aab4c2ee8673367815e880bca0ec0d58242a9650,false
08373994c2c1def880f44f7502c8617133b31d4d,false
f433adc644f951c218ec16e6b1847ce30c239faa,false
ccbd1df7adc75c3f2386d252949398228dd2776d,false
8eae656da553e4d75e6a4b7bc8dcc58641138ee2,false
fc5c2120ddc56cc04aadd5e7c9a07cf9ae7e2835,false
a1ae46120384f7975a37d67ae48511889d4ca198,true
23d894af3b1fc6d246a6ee76a5ef53fceb54251a,false
1d489ff5fc81ec42ec93871ced15aa567f556add,false
cba7fc9c222348b3afec1292fdbfbb05bac81eb8,true
ef22843133087c66a074864c334c0222fc658877,false
a6392f0e2f7d4587107c3fa44afbf7ae1c74874d,false
27e82ecd2036ee14fafbb00f90c533d11ab00e1a,true
5ae0fef3975693ee53ae5c648c3785110645db9b,false
c5efaa8d52106090e040b7214eed095281b046d8,false
2959528a15d084aed80f31e1b6d4718bcb7b2e94,false
bb47254fa1a1d228dfe64cbef8f132b921dbb1b3,true
8299710d51fc11d9e1a89f29aabc8b3840f36559,false
97a375dccbfffdeca1b0c1261896fa4c5a6e8a99,false
dc076530ee780d1f1f59d0f4944d331c4b5d2bc5,false
1aaacfd1d684711ed0c17250b92eb1912c9d3bdd,false
e0795d40d130d05dc060487c767c8a1304532977,false
60340cde5548703ec86b9a95b9d92ce3d4edd60a,false
26e6ee7bc233a4effe1b0510f2ebd4ffb7634db5,false
a872337c63d7f5754ebe23fe631bee5689a43474,false
36a41e438131ff56e6b26a20f0fa9491d34e6148,false
f79c3202552dd525b091148771201817ee36514d,false
5ee76c776233bd9fa8e09f636c3b4e0bf311a713,false
359a907a786eca5d08c39921441f222d3989817a,false
ed14239ae1d91e7014d1f583a9958bab0cde40db,true
191cbbfcacf8471e048ece6502cf13921a7d3372,false
d4296caa401be9f6998bb0c7d869e51275b92a45,false
8ad5c39c2600e5952656a42bc13762feda2956d4,false
f081ecb2c5ae0416a1a95fe9c54b87e2477b580d,false
3ac84b34d287e93d6fbad447eeb1fc9c8e6773ba,false
02fd226f723cae669785aa3f38fd2814acbbd136,false
80174f475633c1d5b0b0a90f3d16a808b0650769,true
c7b7500d03eb0149021e7fa35ae20eb37701c630,true
a71f33504597d034d8f5782fbf9fb0f08d4b7992,false
05c83a3d9445c4c9f014e58bb9737458acb9ce97,false
a4582641131feda0f9b74bb4f745238a7767a5d2,false
967c9d890cc5fdcab91fda6b1fdc8d4d2fce478e,true
e07a7b8bcd1e3abc3f3ea5559c8c74a6f8f8ccdc,true
bcaafe652203c1662a8f76282084363e5c3af391,false
27b97426ce2c4135fa676507c1e1788381303451,true
45c852ab040cda23c71a9c0892a1522ddee165b1,false
7aea3e8c01f815ceb1dfc7ed0eb7f55bd5037e3f,false
5ef6223bf1eb5d9ac2a3f0ad4eb77d08c258966b,false
b20b5d7152fbf48daa81b96e18249187428c78dc,false
7c13fb80212be503667d4608d50cc77f466fb44e,false
097556eecd6ec152aa197594a68e0a2f9937748a,true
612a271ad3a3e50289b3fe62771394b5c445ae10,false
1156c31838747e9ef8484a1654f5cec416b537d6,false
aa471701442335842eb1cd1a02790f057e50905b,false
cc00b0155ad843eb80962db13958959937ee3987,false
abb470e1b2fd14de1b18fd3441ba6356c7ab6b92,false
f396c291ec3d181bec2f26800e73793e44fcd705,true
28c11a4b3be3fcc787ab2bfa6daa33847e9df0a2,false
dce6eb5f056806d618fc6c767a54af80cd06f8f9,false
5528027a81c855dd51538e415b546d443bbd36d8,false
0343c9e730dcf503418d431736cd7434d70c9499,false
9beff951f67d946cc29971d9ff75abfbc2e8f798,false
103f9f75b9b6c844a61efdf0f72e1bfb8608b703,false
7986456d4a141eb9fc2631f53117f138f1544586,false
47e2597de14ee077845c513b96aff250ef5a4337,false
00ca0b060b88e2517444ffb6e0ae152ac5b561e2,false
f4af5ddd8c1269c20e3c2a4422743d4852a9ce4e,false
ad9ce0b89446c07c3a5ba1092d167d2620625ab1,false
8b54030faa8f0e3f0f9c56e32ec14aa7e096c3ec,false
038aa1c853fbeb82696377a4e7a02edfddcf94f0,true
6c7cbbaa44367186c702371653f2f105c0541dcc,false
b705aa930b9f3038b5124a694f60519659f4031d,false
4dd545bba33bce01ad4195a8f9d8fd6097eea2b7,true
c588af5eddc2c565a6459e9a5c54926a81073fbb,false
32f2ab602a7799d29199ef92e0d716da8078ee8b,false
66db25dde021274aeefc90d2a525b41016dbf3a3,true
794456e6c4a74bf761e2cd9649daf881dc122a55,false
f8d17ccc6d9a6ac809fbb70725bde1c03c9f20c0,false
e92f9579b72bebeba430bdeebc080ba278884be4,false
4147c3e64bfbcbacd0e8827f733d73c33431ac08,false
7a67b94fdedca7895bb2c0fb417a0fe1d119a105,false
5670f7a2aa611b2c93385c99c485450b6eee6353,false
4cb485e41c38d23402d56569a5e5f984cd2e4f34,false
601226c98de97c11d9cc54d859b6440ab05c825b,false
cb77f997ff13d7311a09b6c9f560ec87f75204fd,false
aecc9d6087dd35176a9b01f4ab1a992fdbff1832,false
adc56e8a12fa61b65c8437326fd15d03fdf98819,false
35b27e8d9490a3dcc4297f7a9536e6914b3ab16a,false
3c1a3b7d1867ea138377005ae6365ee5d3379dc1,false
a7295479d104057669a8636c1d337d047ed2d5cf,false
e811ca43c3a9186dbded6cf53ea69c17cb9921a4,false
8f05c8ad04c3dfd04d906d7b974656ed129351ff,false
c2af66d65b68f4356e681feac8888921a2550740,true
85eefcc2922967bcea063484dec4cc372ff153eb,false
f2557b18be4f70e26c690e8479b35c6837f0fbda,false
c85119b17a27e1d99a9aa24a9ff5c93d6845efc4,false
7e7ca9d5fc6c2aa75f0b923d0d69bfdbb505eaed,false
e59fe43f99ade8302f55603ffa3a4d3f8620d889,false
e96a807fa531793f61cacb1b2606b0869b9389be,false
d41e15b52a124e5c64da1c5b90b527c647e3cd0d,false
d957fac5037200f248b9d0527a06419690b42312,true
4294fc6bcb5158bf2d231505cb706ff8b57bd55c,false
2038b0a41bb1ea09297fb85f7007335c3ddd2951,false
9637ed494d6987559a4bc7eade842b6e3fc7bb29,false
ff5aba8c8f088000c0bdb3d7df2e306555b5be1e,true
47509d989546fac654ce8e8982c5657dde4c73a9,false
a475deab165d32783affa9f24fb5cec8b60915b8,false
fb5beee42de0310cd997d05aa416a1b207f0b2e5,false
b4e05ea2ff43a3d8cf7418a44484b9fb86712c48,false
0476d048f7d3d76f99e0570d70349d2c756cd15f,false
0f9c419fe66676f2c4f33c319558698ee0b843f9,true
a37f9df620166dad47edfdbd486d812d66813e63,false
f85327aeb5f06de0218607ab6496d1ea29b0bd5c,false
59e924ce45cefa8a6b0e7dc4f8021902024b9fd7,false
dce7e3aef3428566529d37869bd814066229405a,false
a766da1b13781f91b086f9beca5ffd20e4bb4798,true
e42282378ac480d6a13627e2f305ba7bd954bfef,false
902543bcde32c35b36d002ffcebb5c5efa97dd2b,true
5b04b21fe7daef79cfc9af8d4d989334d3b4857d,true
0dc65364404be1e673fbdec80556ebb0ac79add0,true
392802e73b9e1eb30f1b3fa4c365d8a0d4a902f6,true
7b8309de81cfc27e018fef0d7e92caf55905ddb8,false
a801800972e9ba6706ac1327863a776e106c78f3,false
5bd90b2ab41ca8a793b8d3c738d7494243ef588b,true
1343c372d8bb2f0b57968e694346e71b1a223ae1,false
c4d96e456d26f766d8db92995a81d83852e8dd7d,false
1a20b84d1e661bcce377c4b9a4c1fa6aef55a10d,false
557b92d5baf143a840b6aafccdede0e62d30e424,false
564990ca12b6d25adaa50085dd8bff78e7dc9a07,false
167641532cd82e2b38d9658a5e1b3b449c748ebb,false
abfc53ae3cf7c9dc4704afbda1ec5533592c2495,false
ab1f64d53b292469dbb328bba7034abbace32d01,false
dcf417c18c7aa24d8cd1bdaa808dc0fce94235bd,false
1691e9cad178796a910b45e48df4e119602f838a,false
a5d64128ca02fab97f6895971d5eda84cc97c24b,false
ba086e4a229005d53f5de1e761f81e2a096054d8,false
b984cd16ca248d484aa8cbb617653220d12ec4a0,false
ee2335addcd405650b093143e14f0d06d2d3670f,true
210b467fcdd2c94390294cf22bd50394405feced,true
1a03f0ce08ee15528028785bc7ec84a3a47b69d2,true
05292d9845584ec82eae55fc947e987f0e3ed279,false
44032c55991df7bb3e072bc7fa00acd173bfcb54,false
ee5f4c688e8632d8174523b1bd216007c7eb952e,false
8371e8a9c619ccab6f5f826e654bdee45b0f8163,false
d26c7b0f4cf8577940d48a384cf239fd5332e843,false
92b319075d38b0c1ee2600904a0465138332f752,false
8e0546a98d7b30b3610a015bb72b35273ad94a85,true
8aad02f327b69e08ca0063c0041935a1279180d0,false
27423e4969a818284b4f6ac03126871efc09ea1b,false
95e388ff8535ffef49475ea57ccb66566a74cb03,false
eec722d09399e1b289d66d7b4f53fc4844ad2543,false
8d7d25b284c25e86aa53d16ab9dd7a7c629dd3ac,false
1a563248f395acf626db68039f3e91d9fdc2e238,false
51e2dae3b462bbff406522118ce3a0375138fee0,true
b17c387807b58d100c5106f14661b0deae8fbee2,false
8f783541e684f5411ee3368426d77caa2d492a09,false
19e972e773ab84eae58bbdc694988ff2193ff12c,false
4f6bc29cc8950d6382bf4d175d2acee8e3b9a445,false
4ab8562b2b00567670b0c314282a8fa7e5e1ad5b,false
acdc29bbcfb2fa3462a7a669d96ef385008f6a9b,true
2859347d5280cab76fef6ed849f65d2ef93056c9,false
05e0e30c2ca912f544baa116e76f7acd07630c8d,false
d79a166b8d0c8eeb57e4fdfdaa02e6e9ca691c6e,false
d0177149170ec15f331d13fcaa91960c49e836b3,false
1d1ccf9c2b3dd112881d42ffc70d664084e9f77a,false
f77d6da3ff3696468404e61adeefe4245899d3ba,false
2883290e0b38205f734c9a58748c7cbdf8be41b3,true
9ead141cc76d890629e36544d883b6f9e196f944,false
2fe8f21b10964ccbf9486f71da9b24b7eb99ef58,true
108a08a92cb99e75b72d4953e3144d6a0d52a746,true
4918359a6ba4fd5980610e902077c12e260455cc,false
2a25bd8759e216b3bb65f473a1f32dc2b0eb1bf7,true
d601e73032064e51ad487dac257cd7da1b685e99,false
23a18c6e806570e0db007a7feb20669313f906b3,true
c69384cc631ccc831484463556211658067de6bf,false
2fefe9576c8a5fb60fa92e1ad36f9d6aeafe3333,false
b0e54b8c4d8f8a58d987bdf7bdcae3ef56c84469,false
53a24d9d6626bac2a79c7cf352888f30257d959d,false
310c1012e8b5d0fa043d3ec248cb9b3fc958e404,false
c4e351cd2f1b24951e93d0ee7bfe73cf5768a8db,true
720103a929963c999625effab7d2de43a1b6465f,true
6aa04b8638347f800891195485c5704d5fa02670,false
3050ef692469f2e606ae5dafa2cfd1de25883b14,true
4acea48aa97ccad2e6482f484c9c4cb97d42f2b7,false
dcbf02a3a0e64ba6288251b8d3d08b20c99d1b3d,false
ae9883c9c74bbe002d167557b852e12fed085019,true
420feb379e3a3bf0b95d2983ba57cd12e352918b,false
a4aacf4b4fea4e463ca5159ddd572c17587b6902,false
824428c6ea49b2b0b477fbfbd18fe31344419288,false
a64a372fc4ccf2921d47f17e566da8f0725b6464,false
31b54245a0211aea1d2c6707ebd89fd515b71297,false
f607e0ebf115450fbde1c953d6734ff8e317d358,true
58c47c80486fc891faf206b81a7cba4986c3b139,false
f6528709e0ce21205bc9418f7f5ed401f3361055,false
28eacef7a2eb603cb0d0e93690ae51849a24a3e2,false
991bed4169a047f7d2f4203f5813039ce8780742,true
df1cde50e3a3981ba1b05611d659f8d0abcc1b72,true
3fccdc5f33a2990ae6ab9bbbda6b0d08fcd22bbc,true
dce7d1a7c4ac81a4bb7fe978b7c0f0a375a1cdca,false
d51e43a4cd8b6a7ce580f4da57f2ec168157b8f2,false
cb8b3b225348124d169e3e65ed537a207dd4858e,false
cf8a65b329bdb4684c8afbc15913c02f38b48bec,false
01fec049c0fb6b1c326d802687f3093b502123e0,true
7539e27a56a23cb772949837059dcaeeabf63379,false
672850c45af8822be70ebd25643c111bfd51d51c,false
312c26b5ea90296a0cbfae20e4dd40d2c749e7f7,false
108d2bfd4d619ed861a36709bb2775763ed6b9ab,false
648a64ea6a36778dd19407386a53eb1e6784282e,false
9fb5b017e698ea8831d3d8226c9cd974e48204c4,false
ebd30d3b2bee221c764d5ee88f061212915c40ef,false
08e0bc1ddac0499972d491103d72c313aef77128,false
e217ac34cdfb000f6cfc341f5e4c68067a264458,false
8155a771f2a5aed52078eca21ac2f8382f36ab08,false
35727217df1e878f19fcf5e625a9dac1260c4b7d,true
72695858672f14c214f9ad8336788afcfe44aae4,false
8e73bdc88c7ad2610583a14f2719b6e71638c6bc,true
ce831848e26a42ab82b7ae90f873f08b350a9ed2,false
688f5d6a57faf76cb77da7144ae93f5502e93a4a,false
0dc1822e9d8646516dc545887b89218ed503b69a,true
59c1b7b58c7032ce261a96e992a9358a848f5c0c,false
5b649f625650aa762638b4399e431583980d54ea,false
7b023764dfb38b6e84c3abc34617a5f5ebe84c8b,false
565d71bea8a7ded6029b02b8c677c50fe6e49f72,false
eaac3ab6b5a97b8bfa94e3b781a4e992f8327fbe,false
2cbd7ffd79603bd4a705b4bddc73950df4e0ddb2,false
ca74e955a5ba6d642bd2021eef6abc8200208a18,false
f581267fc31b1e2b588ee620f7d75f35fb6ba17a,false
fe6f121ac860ca5eff16a36d7fa706d2f14beb77,false
73921ead06fa8d5d6b3fb9ac25d18b93d6f97a52,false
21bcb6f4716a1681660357de916cf137c4b0562a,false
ca072594e00a59a3e92f2b6a1f2936e4913ac4b2,false
5e345a94e0ab52b1afe9674b99145c87490e2b4a,true
9e9f586fd4cba6fa8bd96fb7d51c09bd6a1421cc,false
5a9ecce3b7078f4c00ee34c1bf5c54b210c98acb,false
e3b3940e3316eaacbddfee9fcf8024f3ac8a2f2d,false
0272020d89fc0975c6547a7f4743c0a6ff6b0264,false
adccb94b51697edf0374ecbaaec5b9ff99c4c4b5,false
1b210fefbf6c076ce506cd308d98d920584a776f,true
55c0ca893617189cfccab7dce3954b73869285ce,false
1e2a4d1a7fd9c3857aadd36d6a50ad4c108c7f36,false
41da0f6467a6c9a03f1cfc35b9269c0a24136171,false
67e63972324e5742c8ba17ea1edf6d12e762b502,false
4b24bd0ff12a20b9ca459ad11937621512061cd3,false
ba5d4636896e1f651821c0096f8bf48eb2ffef42,false
93d60c17438361cff4445f48af7b273cff93a162,true
bbf8d5e5d4a570c04f288f8984b59a21091d28bf,false
4ab3ef0cbf5a6ce9b3ff4b5f5b04ac5a87310ff9,false
237ee60a3359f091c7885839ff88082585bb5c49,false
d33440c84616c9e3b0a7433cb45477dda6f233fb,false
a690116fc0c51b2938d7527051b765f149b3b2a8,false
795ad4117f55098ba1e8d044e928a88668233fcd,true
c3a11776a6cf07324f599ba869776c9f3ef9a601,false
75c9931645b4c908328b2f7758f5bbd32b825172,true
2d28a621105d69188a286d0b560e0993fdfdf887,false
14c3557ac151ba04dcec1650f2361f889572ed8d,false
4c8b0f2e95449c173f18bf188184fd3fb82bc01b,false
56d23e9d6ace7c989d826ae4d38c7f3f43891baa,true
3a9c0ecbc2d9543976498ddd59ef2d1e662d4900,true
5ff41cdcbbcddf83a885ed55045fd33c25671453,true
461a7ab37dd8893921ed37b91170aafc4fe16030,false
9d5e5bb5085316d2d07598c793439d7fec5a4da1,true
abdfcb0b2719f8d621707c810eed52227c15b55e,true
dc48a374cb752446f3791ad00477fee90f21b1db,false
41aef09876880ccf0ccab015aba89a010bb07daf,false
dc8af1a7e19bdb0c7531159671bea9a1542ed9fe,true
64e8142bc682e6ba3891356ab01d4a7cc60f7c28,false
48921ef55f65d97ff3b3df2eca59f1599ab06e1f,true
3e2fa96d6e5636edea14ccf8a00e4e6b1b148797,false
de8bf1321ad4c4d63d9878a845c09553e06acaad,false
fd9f8d6b7dfcba6aa1112a285b29b10a40ea390b,false
600ac3a6b3a48f405074f9eec97b0f40c4a9425f,true
367d95ae80288f62763fc671785bd2a969939c79,false
be1c036a8463f2a93a12b024f855fc508ee77ff8,false
85602523f854798a5a248d9f153498a1339892e9,false
aee6f9ef19f1fe308d88b450f6d6e5f2520328c8,false
6ca258db89860c0975f82ab7b94ec476d81b7752,false
2ebda8e3600f664d2f34cf086b48c3cbda61aeea,true
61dd28e4ffdbbd02a8357f9ed50ea187234c0eab,false
b5e1ccdda366e6f7cd72c1d33e0c7f0109076ff6,false
f7a7dacccad5196dd8a649b9e18cd34b597c7b33,true
cc8882cdaa734ee3fce8025775b8529a88aa16ab,false
515a4ef61e13ed1f3ddc8f602f3e5b111b320511,false
9d2991cab6dd4c6361b5b6cebce6aa16163d91a6,false
239eb151fc79fdeeac0552500cbf062934904f76,true
e1d19b840766b2d28ac317bfc5dd1cb25b7a802f,true
b8da381a34f74c88959e622d2bfb42a3925a34d4,false
ee12c7cd1881efdcef737d27740123f32af5a901,false
8ceffb91c4981bc93b664c3e4e8498479ce5b457,true
d8ea99e1c7544a346d525f025f293214713f04ea,false
338e771ea2adcef304b0f2e8002dfdb326153d6e,true
586ec2453942f474ef1d3ea625bfa0876ed4e1fd,false
f39d80f84c083eed4c5465b1f73b90e0a2fb164f,true
3f74118e6e29d318361b5c91670ecd7890cbc6cf,false
f662dba26241e65251c7c5cd81715a0531a410f0,false
198629609e68cb3087520b654f985541e059b0a8,true
936dce547a86dad1545baa2b2cf6b887131bc317,false
8a6d900e612a0a2996ecf3172feec4f9d7a995f0,false
dd27dfd1dc8a33afaed2504a8d11e22f144f465b,false
018000ecf2c44feb381d805579619c779dfb2b11,false
bd5a8b0f294672f3fdf348270d41252c444d3d05,false
18531f3338d6a865dc351da8770e88a6443efbdb,true
7c1f69050538021ced671a10fda1861d05a078cb,false
4ed42e404b196faff3de9bfa424de70230232757,true
d1e999fd48e929872e993ec0190d17b1d025cab8,true
f10bebefef9ada684f6b11d0de6fa0d377400c34,false
9748db2436dbbd6aab5cc026cc0e998db176f801,false
9b39b1f5123050c505fda3624cae6c5784218dd0,false
4e7e9319d6101858e35b288956eeccebc21c4083,true
f38b8ad2db1a2fdd6c64a751b4b840dab747db26,false
4021f0558ffb75f2523fdacd8ecb8c639fbc8daa,false
0e8cda11ba408bfcf558972c07cebd3b9e9e4f2d,false
2ace3fff6b4ebcccdb047be24e11e3723a6740f9,false
4be239e50f8b8fb7753cddb8558dd9251e7d9615,false
64eec76a1b57338ddfdecf21e0a0747c1e2ad5ab,false
9c5d7cd4b1ba6b9da80e0730060a9967663e5a05,false
012bbbdb7c5809ed36b3483c721d6eafa30cd660,false
e6ef6057f870a276d3e07d75c4686250482f2f77,false
6aa5ae19e59bb396b069efabdaa306abb8c14857,false
89d806cd7b69e9efc6947c891dc48e74cccee6bc,true
0efc4212b5957bc35acb927151ecb24f32fe2bcf,false
141f40a93cdf5fa028c92f5e14fcc82368923ebe,false
6a0e15b3f823a37dcf33c2baa4183c619e438bf6,false
627b400fcf877feef0ec6feaa6d023403a56e31a,false
059e1cfb09a8d07f5e4b621152495d28d9f9e7df,false
ef016891c192949e55ea4e4e1b79e07afd68cf46,false
223acd86b40b7415a02eeb36d9188802acb88d08,false
95db9b935c3b0f4650e6fd13d807bb44e223ca95,true
cc23826c6130c82ef52df6341c30a47ba45707c7,false
43287a2afbef122505abea69eb0a6612be84f3af,false
2099c35f95e53c7a4d3ae71390382a5d869402f1,true
96e61a8d884ba0b0418689ef342ee15c63e53554,false
a9af400c493674c768c9fe00b1892ed1bd39d7f5,false
9c8225272ef304a5cc979e03ded82087153cfad5,false
53e35983237935cdf20d1c764ded83c60f697233,false
91f808ddf89b480806219a34a504bcf6babc61fb,true
a5dd7bd85f5aa3d66fbb5d1aee088eed31056219,true
26063649c2dcb70f29afaf5809182797c645e11a,false
f5dbcf52f3c80950da8610fa1cdfe147542be7eb,false
9534cdb4feebf764e4c9501342369ad62bf1b45b,true
f494993d5dc7167d7c8d102e00755689b76885da,false
cffe985c9dce9933a2978ecf137d5c2a8b17eed3,true
7a9ecc287e586f9f7a8f9b2e31ec34f77e45b347,false
a628bd733c08a1afebe7efaccace27b3478a8190,false
0e373f67b93371d906f07f546b73f706f3574d9b,true
c37f0bad60bc9e47f36a2d382e05a337a09cee02,false
01e5eaff5e7322c3f45376519376a74f7fb47da4,false
c7b43aa58a0bec8af6658ce36ae165ee04fe6a92,false
d9f52bd6a653da33b6c0de802fb7bf41f77b2210,false
c2fcd08f9a34e51ada6a2c0f11ccbbee59c996d7,true
2bd32a6db27c88276c46061f4ce1887ccfe50aaf,false
42fb600f3051876326e3e6e4a2fa029207c65cae,true
9671166f808777db3efb0e72ebe5927b04100a6a,false
e7be747c45e01988d1739a8f010569b7a5f04faa,false
c016f96c3d1ffa5d0ed9c6648242bc46e5415112,false
4bce29543194f979a846b60f0f8a4b8ac3a0c03f,true
2342f9363f079376b67fff3d45c72cb0beae9636,false
bad52d34cafe733425f7edbddf525381ee07ae7b,true
1270a9d2a8d2427161301bbd0ed6a5566f986b07,false
cb17f702c7e62f7fc739adaa595e011a8e6d3c54,false
004d0eb86649e73f0cf03de0b36e25455f59d420,false
00cf631b746c787e773231b8c5b5c8330ec21bae,true
b78608fe754d2f372bf9ba7d79f00265c06268c6,true
e99b30becf842f91fec3c529791597b7097e93ac,true
d5aa05e879fc01ac42b6e62f1b7cffa794a337ca,false
283cca00c0eb18f88cf2fe29de74e76ec0417faf,true
7924ae0b4e9f693e5877e12fce02b854c478c91d,false
5a6a33a11fbe6f1e0d6224ed8de30a6946f3880f,false
c31b60a668934a59fc5599f5336865d8061661dd,false
eb6cedee47bb5b4359ac1bd31b874952e0ab3e13,false
7b4f6a35225c95165623dd2509644219d3a43a02,false
4bd12d4625b4fb8b1a47c300a5db94836bd5d333,false
7213f5e4753a8af9d5ba38f1031d695f4d483079,false
3c7145fc55ba87da7c8b3e658c2dfc92e7093cbe,true
fce21e1f34ecfdb5f942b0eabfd6c49ee88f0395,false
602de29f878ab57983dd401d35d30dfa69acf155,false
5250bb208a938bd464f98c763965675c3755d9af,false
fcb5ce0b9315919cf5c7d717cf44377bb8873396,true
6ad9d36eb43752afb2238a906582eb7281652cd4,true
4dc902413a4de1756d06270d23c721280ffd36f9,true
da4da1fb44f1b6945e145b543f6ff7ca80caba16,false
7125ece82831d7d515a46d51a565f37938d3b47f,false
1d88e4f4c13a80ff47b55e277d65e8d46c2a6356,false
b616680aad306bf9b239386e8fb7d1ff7614e9d8,true
e3171c9b79e1089d6ac46a979a1ea170a411482f,false
c940a7b90429268a8f0cf8f0bd32aaf5733d1e5c,false
0f1f76780e465d5337950422de118a8bc0680d8f,false
8def95976dc91d63d116b1d87d50b9ec427474b1,false
228eb99a8281c46392e5c480a2ebac45b6337a01,false
50020d38a1c9f607600f4a162e563bb9b6103599,true
89dcceeb93ef16c31d0398710999341ce9c9d1d4,false
5bcbc42eff301023fe8e2389e3cefbdf6ff51dde,false
64734a27d3931774e766669bd9c1fcf3d0a052e4,false
e144f640e1308d065282bc2b2cd01833cdeb57e8,false
1fb1de0cd8008d64284da71f49d56c435f7d153b,true
7a662fb31d05986e71a2899dcc4bcdee82c71c63,true
94580cf28567503eac076feded6ed3851ee3d5bd,false
91146e1a93384c49543f93111a9ba359705fe3fd,false
654057c5727b2e8a0a14643ec623a810f4f41ea0,false
990fb0239e84297a10caa6ace0739ee11e7a74a9,false
6ec9f7359545cc413f560401396b276523b9584d,false
8354f51f9107162e68b58605339d29e83f5d03c4,true
2d21e297b35059a577f6e111614bbebef3505632,true
f441da3bded718e13e82cdb8167af28ac59ff106,true
b3f6e071ac82633df91586bebc389851249a289c,false
9e2dd08167fc62d94ca4d80db999b315cedce881,false
bc5062321665fa86097bfed1cc55784e87fce278,true
cac67ea2baa38d4574ff34ae8d6afc6b2f30e21b,false
74112db4ea84278405e616e1787ed1f8f3a7b508,true
915297054036d89875d1f580925e142b0dc7a9eb,false
5fcae146bf61da5bc94bfd96e92f3e5fea79a719,false
9fb2bdc19afcb670128ebb82174d6068abd746f9,true
a8d12a05430fbaded76ffb55bee96bd5acb90281,false
2063a30349305cb2ccb7618cf259c8d91492766c,false
1e2ede1782facd0afc97ea7a12857bad3ebf3cc5,false
6b973c72078817ff08481a9646095ab9ff2f956d,true
dc865c960688b87649ef8283a9d2076ba2246a9a,false
2b1d0e2db590583ab64511581d0bc1f8a8b79f55,false
89c415f56c48e5b4f9e4238754d5c6a584c4114d,false
ca4398c2656b9d0c07f1f2741bd481ff5a0e24be,false
da8747963d2e78b4a7b8935a895d78075a0e6e2b,false
621db4505c37cb9e5f824a16c2bd4aad6b90844b,false
9538f922efe93ecef55cd7b3fbefd5821cad4b2e,true
d2f63c1fd0ff660ba70f17f8698449c18e5255c3,true
e37a89de5e547cb011a3ff1ad8162737585e6ca4,false
1b9d6b8b6da7f0afab8052ad6cf6e5edd7b7dc90,false
fea8305d6288d982b655a7c1b37f3fe47d57aa3d,false
3fb4e1a1880dbb878929ff5a6beb7c696f9b905b,false
98984f5711cb16e8941d30a948eac5dab6c7ff8f,false
ed119bd962516b147ba6de258dc4d09c35762a55,true
e0d74d01d91cd2ff22ea29608e6d43b1454c696e,true
33b173009f2b55679db3f08974b2891b9a4a7c5c,false
57028746b5818c4abdb24873c6d1c4e8e5c20d79,false
5dbde3c1946fc1b1a323be902f2e982b52079c57,true
271892ad1cd77223e9aa57f2a3f33b52554e6c69,true
58249e366e7e327c663dc5018efd26d271961ec3,true
c6ad6d9d9205373dead7d1bd7fda21bfde7e6320,true
93fd37b760d3e58ba1d1f165ba1b81226d3dd67e,false
2988ceff05fb97dd5dd67d75cc2f03ec96f5f48b,false
c0a77c6d968b9cf212203d9ef03486af0562c9b6,false
7fbbdf679a7cb13df1ec42653c879baad4734443,true
a2510f351b7b27b31d7d70af2fa16c200199378b,false
d7cea061e677b5e419e2a28c57cf4ed146b7e9ae,true
2c29668e11bf8e1acb335d730b503ea2ba0e45c0,false
864b36a4d2422c647a91d4cd317a85215f6f1284,false
ab539363c94905db5db2a8c6461a70af7eb33112,false
65dac8f29752012e931e92826043570da774c784,false
465c1e7115b4d04ddb1f5c9fa7415952ce9e6fc0,false
010be735a79865ed954a95400addf76ab8dfdb70,false
6a6c767c9a20a716cbb440ea66bd79a807a4adcb,false
d46f72d23fcbe8fb19ef6184e5220186cfe0f42d,false
807501a66ebc63596a918a457f2e9a0b7938d04f,false
1712392cd59472eaa5079c02bfe9ecf661f53e04,true
60fedcbd31053d7b2e4e065c92f30371243d765a,false
f9b9664e4eb226ae5526ef69c8589c969fa399f3,false
763c3a0918977992bbb9c7b1708ae9062e7df749,true
b9efb3c0af627bd4131a4a6719ed132ea0d2cc1f,false
a08d63322e92a77d2787e56c4488428c3f9c1995,false
a8047ad3abc15d9b885dcefb2698620ee3a9c281,false
86f299c4d2074fba4f6484605598ef1f63ad002b,true
6cfe91792a004e52709c54131188273a18ea049c,false
d8c095bac0c02f1c73f63d9fd6fe899b54e9a0a2,false
115ade007088a95a49c459ac7a4644a83c9d480a,false
d080533fe353e5b4c6c234a529bff0822dc2f86c,false
9f091dad55b5468b25e568f032af14ed9ac219c7,false
df2330fd934d76112d7c37ac77aa65b71091020a,false
42bbf00039780f649f6f828874bc1d657e505045,false
5bc5529033e9f4cc1931d48126d73ac11002e4a6,false
6104473f4499d6125c55551e83455f0d7b030f36,true
14618021929a773e25be78d8f26a03aa99198b54,false
d611c40ad3b2ef57af9675d6227760a9acfaaf62,false
26cfff5337be76f5af3b8e60604f02a7b5001816,false
18c870b5541dd7cb8ce049c34ef926e4b4f894f3,false
125b29aad577c29ba8946547a18b108d7aec6414,false
e07f1a8caf18fe03699495f73712f2279afb448c,true
6e67449c7ac675e028730ea5b6d66f5ecd28242e,false
aec94cb69fc0ec37313264c8f32afbed5f052f8f,false
c3abb6b4771d928e7c35f7c9ea7dd8e75f4058c4,false
ff9bc247ba0b0ad7fd5e4cb254c99c39b685374c,true
a1e5724620bbd73742a12787b21560b6df9530bf,true
90f4027715d2d6cd44636d69163e42c10a3a4ec8,false
9f4f36bec08d8985aa462bbc9325749bf3767b87,false
311765c1da2f3219f3b19b81b2d63ca822ad076b,false
079204a8663f93aeef2a39f5a8c7a8daf85c4ab7,true
e83f30a86d515aba50d5f62d4c4b9b056ae9c989,true
50d93f23f4dd632978b35b388326efd3f5b627ea,false
455c3cac3002fabc6d22e5daab9acf721dd63db2,false
b0f7286cbfa77c1b97f1fcff959f18c67daf8c9f,true
b2f09659f7dcafda6cd32bde0be58ec875321be2,true
8b021bea08e5fee259ee1b1890a341edab246aba,false
b79b3256add4efbd2f48876bd2cabaa9ecf2c280,false
5a9ce7f3700989711fa5a65dc17ab04fd0142b94,false
9ce7f12157417ceb74c214b2102296e44d1256c1,true
38dd87ffe7666abd31924e8cb9cd8084adb23949,true
0ab813a518163bb55ed45f65648877d3935765a4,true
ad816434cc519b8e20a95da6c02ab484cb8b8989,false
5e1fcaf7f1cd7144a38906b1c88dbb7bd49f2b26,true
bf93e6558e0d931249bf10644a48a645e64a531f,false
aefe6e91994e11fa247cce72929b6caf6066d824,true
2dd817fb924436ccbfec3cbf6630a96ed9c2f785,false
d4bec46ea16407f11a0aa3b53156da8f418e57b3,false
835b3bbde00052c733fad74b2420bb501ecdac1e,false
f88c8a5a2dc1076d3259db9347768b7a7e0b429a,true
1f5901c13699ea723501a4eabb447802894b71f2,false
31858cf335817c6f02bee1eabcc5b378c1fc9c37,false
fdc34da3f20a6b129d366d57ccc0b44f378d0a8e,true
c5183d6bbbe643bfe44b0fd1ce7bea1e67a7c630,false
1493392dde0f43b2590e7238fce8810898318843,true
63e6b4e1d857c665fd6ea34c2988cd8806ba00dc,false
007c1a7777eddc48ef7e3e88c2532598753a1562,true
2f86fa835f7d30d6a2646d9388a9453101b8b2dd,false
1a343ca114aacae2e393f5c3c910ce3d33d602e9,false
8e1a354d75e864dbd90879fbb338d3a7df848582,false
6d39e4efe0d9e7f56c004ce03443c1e9c2e8c24f,false
f55c0acd2b55043c1afb76512f718b2e732b2547,false
3c09ca8a4b6d8ad3f46f0e1320bf868bae5f1420,false
5537823c054e583698db54e6ca6a7febb27ac7bb,false
2103e9fb1ca2e8bdd4b7e97687cab8a7744ed74e,false
80aa3e09d51d69c03f32fcf29d0f0dea71ff647e,false
99dd84f9ed5c4125d6f7b3137f16a155f673a83e,false
29278cb691a3f8ac43f69e8b8537e3c3e128db98,false
c68a856577a6b0a57af70a8fd485aa23e960e05d,false
ec424d641f7c41f83158c25e7188c86111407003,false
c842d0a1d0bbecf3fe8c53d7b8c0bcbe1802b539,true
e01f75ff488c4243158a451a18c8028d9a12ee7c,true
ab841baa9b55bde22bf9c3eb290e5be0e9388868,true
f2e6002be940e5280136cb1a70d79eb32168c701,false
e1327981b7940be423db22cbfdef0af18506a1e6,false
35a8cf85bbb25e323719b695469c09905aa2b202,true
5a58a4ac4be0bee7c3ab573f6bf325f68cb3df85,true
e882d0fff973bd8a417a66a8fff258d999f581e9,true
220649cf40ae2053d6bcd67477f1473f894a775b,false
7a61d2b09de69dd01f1fe0a01ce36103ad7ab55a,false
fd3e3daefc03760951938a679fa5dbac7219ec04,false
28b44d5e97de03106d451c6c437b7d30badb07c9,true
afe4a1222b9047d3417398fd8aba7d6b17cd9340,false
b8a12c851c8d4d202d4231f9a55612dc1b571b7e,false
6286adf98d057421969738d43fa08f9e9effb43b,false
d974937c5357520b7ce23b6d243be9462a767db6,false
3916c326a8c91b3dcc0183c85893e0c4c48dd7a1,false
5beff5e3ef832bc1ceadec383e0ff98971ae5afa,false
1cf3b5d75e77eaf5d9d424741b4c6d6c38e96c99,false
67d72b7af708e99c70d0358cf482a23d58df09ad,false
3e244a2993152cf19fde6a3a1aebe17e83bae447,false
71b3205c6dc2dcb6d4435154099244175d03c863,false
d252946e16da5efec63e7f235593dec49c4d4615,true
372af63e37b9098a8109a97a216d23fe26c6d53d,false
2e44f20e3f7675235ce4dac08befec894a742bc3,false
81af284b87c0224e335d9c1d7b2c16cf0c711347,false
5593d75779ca148f655b09385be3b54f1df32b74,false
e7ed1046850d957fe4305c296073053a439e8bc5,false
09d1d57bd76ca835fa6e70ef943abee306640d4c,false
9f587914055a9978368807acf8acf8872c9311ae,true
f2827f1efb8fe1fb023560e6d6e41cd9454ebd87,false
a117dabf90c656def8b6713d35363d1376a9bcf7,true
8a5d9679f302f8cf0244f8220d151a09ef8321aa,true
9bd6833e310825e7a768b40b9e0dfe88d4f1c8d6,false
41207c6c8a065a5af97be14807a7fe2cb965fe0b,false
efc02f44f6fec2ce59b0b2fa60326f4e10a1a4b4,true
69f8b2fc75713c3334c341646c3c408e2ed7cdc5,true
ff470557a204ac4eb2bedec41499ecf9a74d9c43,true
e22c34f6611d69b7a4f2e0cfaa051ee882dd5fd8,true
c44a0010739e02d8660c2100bf096bc5ba3acc0a,false
4638b77ab49e0f66e1c07b49ab5ff187afcc0576,false
36f71405ee04602e76844b255e44f146bb476161,true
33e22112649fd2a5c05c175221aa777402050e25,false
58af2665cba0fe5ed8812f2c29839a8f968e8d0c,false
8f1be70f033e21d138b0be92d43e780378282437,false
01ee8d7c7abb61fa77b2597590a19e0e3a4a87e3,false
f106a48d797ac9b5842aafe8b1495fd0d026b91b,true
8480d4d41a0b4b44b7888cef1e5766dadded9802,false
4f7e5dfd82449750c3beb016693192cbd6162e1e,false
c78afa17308f0ed45e0aa36268ca6e24eccb2ac8,false
a48899f7f2b4fd6b20a20f5c35b771cffb034b4a,false
21c15467552e352f9595479fc1fd838a236a0f3e,false
10c7f3a5126fcca5b5152848e248ced99f222ec7,false
ae83e9256f4a36fa4c2dbd7157bb8a084dbcad1e,false
8378e52bcb610155984c38c0501bbc4d3cc15fd0,false
3d6455528e1156ee55f551d973e472b9fde8a97b,false
7a09f6f331a1036b4d59c58c82608797e1c7369c,false
da12f21c545d8c4994dccbd2d08bc4c962811d9d,false
44d051e62d2fe00b49bccf6d8e64dbf1048aa27d,true
8a0366083e89885dd1c67612b14b3808f0719ec6,false
6427491acaa8a162448a7424a00a126e7914a53e,true
fa37524acc14139f2d1e8fc28cf11ab1bc6cc4f3,false
15890aefd49dc2f5bd273fb4ad23f361bf6228dc,false
a97a4783e1fd6aca7c2f459060d944d198ed15c5,false
e7fd63531fd3e3beae8d7cc87ba0a65bd26f00e2,false
8a4c207d250a7be6702f7dbe8be296b44a28fcae,false
fa07368d953435c6e5e3ffe95981421aebbaa1d5,false
264696cf4ff4a7c781f56dba8947767a7b25853b,false
dc5adb47fa46a0c0f555af6d50ea8941b51c4cf1,false
c122a4d3f0498c29dbb879a22cfefd288bd5a312,true
c4b40b453ec4718940239589475caca702b4c64c,false
237e42000dc2ffb99588d37b4ad71bf5b371a47d,false
40057269a9dfc7a8038ffd3a8cad1afca9a65097,false
45163975074b3e8c576a365982a3303b1eb60ddb,true
29493e6c7112773592060c25cddf9ffbc50a3a71,true
59809c3259e4c660e27f7bf39e479dbbaa30d62a,true
7d3e86bcc308bd4ddab7077534cb8f5f47b532ab,false
d0ea7c640404c7d73af50b77a63adc0ace7c18de,false
f06174ce3788cd0284e3e5949e6a62136dc896a9,false
97f4500bfb3e8709e1c11405b233db9b435208e1,false
5b958163a73abe257bc9ae199ac40f6661f0b6bd,false
286da9aa346ba8005aa1dec2c97256287d063f57,true
bb20a1332154aa2daf6f1c43624e8d05c7eb30c8,false
0933e3a3f44a40a5d2401a0cc0962f961e0a9b82,true
d86c2b3999568d631a10b16dba5481d0ea3f4b3c,false
27359ca714bd33964045b187fe5eb959992386d0,false
a326113e41f100b5189b0e50b393a105d2ee2b72,false
b66c3b394f1b84bef2ba2fc6669cfc62849f4731,true
b318ce3b18cc5a1f976e41fdaa905f6a88bb6bc1,false
8f1ce8880cf48f7685e33b4bc195a55afe60516b,false
e173452ee164b61ed3ebd64d141c2678a8540252,false
49c794648c63d98429e00dc9c6bd57756a9a65d1,true
56a31aeb2f1543c81c515bd4908987af2cb025b6,false
5fe838fa49a64b322af2167db461e1dbbf78bb3f,false
8ad5f52f412037984f8099adfb0a66c31344c9ad,false
712ebab613b2e1c4398c3bc363ffcef5a517e744,false
305062b819936058dc4e90785d8019511d8da0c4,true
a9e2a9ec361d0d57e62282a484f3ebc3312f6790,false
930863800143bef97c6ad3bbced682c6746b5c5f,false
0e77635712d9e88411374cf9a1ad80b0301127cb,false
0815560d1301c433a46ef2817d907a100e94122d,true
09a798bab63a66204600786f5ea6707dece2b9e8,true
6ceb703b287f79ffe9a32799462e0443f33958f8,true
d275f65b34824501b5ac9f1494f1fd7578e12e4d,true
63fdfb15e94f7bec6886ef3a48a39498e52e908d,true
ebb17695fb98d27afc27228fd11e18bb6d72f7d3,false
51f83d6a70fb23cd41da2b907ed81a4e2bec3240,false
7b611bb8535332ab4ecfec102d77e631068737a9,true
e20cd6d5463bb3d2444b1ce064e2fc43f8dccca1,true
fb7cb35271cd3966197fe3d4b10eb909fa937e76,true
c99841ee6c45f482bf1baa9d04c18f69bb48807e,false
555d2ecc672e31761baabf4f832b0e0b73d57bad,true
20e1c6223e1354aadf6cab5d32303a94df5e8d50,false
7f284b5bcad558ca598846d9037133b2461f625b,false
8a081c854b303b1097aa5699022483b9d1092ec5,false
432b17e18872a8896f9d458a4a96399af43effb4,false
22f2567ae1003d1c01720021ef73d417ea5c717d,false
73b9ff82211864a20c8fcd0280333c84afb2a0d9,true
b0d5f027c01a59ffe5cff05fd12d7e58e193defa,true
287a77d6408f108d2cc5d1b700e4887e038aecaa,true
88801935e4fdfe69d4de824a7cda012143dc268d,false
2b832a9e55c53d6420f67bf121047e3368949d4f,false
39686cc725fd4e2a3558a16a02d9b226e7068aa1,false
e3e2b9a2af4366cd672f4e4c0e03ff957190c9dc,true
fb20e54c0f5ea11c6231520e5c35011e7bb6586e,false
95b7ee1247a25cd2535f04f2b81d33957c95de80,false
af32012972dd1586bc6e9d057269a9692d2c336c,false
ac96a314e0c61c7157becdd1d6d9992ed46e5f2a,true
2a3509c7803caa3d5313f6ec04254f0b89cacaf4,false
4d6bf772d53dd7379e823924b3f20ed0e040b9e1,false
78289b7214396623011850e242935fcc82d97a8f,false
3a308de51e7724683eafcbcc6bad0ba81289fd6b,true
21939a597e6a5c943d615d8f242c04f864e307f4,false
cecc932e9883a25db142cbc2fb72ec145cd50dcc,true
1eb8e5e2d356984e95a21ce811ff9e52e16802ff,false
e78811b41ddb95c0d7c498bde0cf0b144c333dbf,false
daf2d4f2280e2832ccb393db63ddd7e2a1ed857b,true
72ec7ce62db51ced9024810d85108bfd4673e753,false
5b0f4df1d7b83b7fe46110cd1071b53a81cee811,false
bc8e1e80aa17b2b62924a1c7ff6dfc03e0aeed5f,false
4c9a10281e7b06522a959cb4cf782ab47c219306,false
5891db69a84fc2b1604bf62fec9648e8120325be,true
dc6de4091c4f385db036cf570ea9253761401481,true
922e6898e62b29d8f3406c81578f209b24a79af1,true
95075392b5c295d7ca5e94244ea5338dcaae7ae3,false
23494c0b7a807171a829d2b8fb6094b3bf57ae77,false
add39fb39a92b58ab31c5b37288251dcbeae6df9,false
37a95f6cddb476e8f1d9e7bde6a5a37c2a449fc3,false
3aed0484426ff710d5a6579be157e8d2c348bddc,false
027918f1d7b53dd0bdbdf6b53eb68a2c180e04fc,false
daf1d510ebbbefb1245ee243de7ab0e206f0756b,false
ec31ab1687c32ea4a5b7c85d23186b0de747e4b4,false
51fdcb2c5b11993ed44cd624e17892105c363ead,false
e932a44816ff272b43e983be19dd4b3a6948b425,false
11e90f2b3e4798751c02dad64e4aefdfa5ee7556,false
ae54d9470534fa3f65c45b9f298f03d2334d1d27,false
09af61021fc06ac846baac00514b92fed9b88e5e,false
0dbf54eaa40db884549683077ff65cdcbd1b31be,false
dc264f760be3c9e52bb3be916aff08dc38baa174,false
b818792734a37367e3f58ae5705eff3fe77b941b,false
a6485c2f191168498a2a5048e47e5ce421d67ddc,false
2fc85c40ff4283cbfcbd9c63ef95830ad2871c02,false
27ad5ec14ffb5891687ccaca8f486dd1e9a7bc9e,false
9bfcce4bf2b32412f8c2269e91d123a716bff10d,false
b75d1542be2b6dadec45d941c61369f3ccbd6932,false
4e69f644a8363e96d6ac1d8c2eef8d34e29821e3,true
0c2ba56b8097e8403942d986b7fc8734ae4a1c64,false
c299ccd59b1c37d4efcc76441b434b4e7143dfd9,true
3cb7c165bc64cfa8935bfded4d630f14350c93e8,false
18562f8330d98ff9907d477e9193637f7d70df56,false
78aee3dd848b0dd53ba8d52965477180b017b68d,false
205f41fd617350eca21dd277a867675db4986111,true
ecd34bc1a08827fa06b4477cb2df100a2f05ce3a,false
8ab039cd19e7e41f9c1dfa5b7e087e450fa4a092,false
e9e4a2aa3435129487998cd4a64475ff8be0cfe2,false
f1120107f8fe5997ad8e2d736c272ae60bc7be98,false
7e6eeb9ce35ab06be2420c489e5980d87be7372d,false
4370eb0853d3caba583a6ecef215a28ffa7adfb8,false
419a8fa4e66a14cac93f9c565d864ac0eca0c4ac,false
3f74f2d1fddeb425f7224ce80db81c6da85ace4f,false
c630522b404701d4d7c83c2c391a9558d097008f,false
abc1e3646a994114c53aee7fcf1c97a6ed7529f2,false
388f9687afe086f95072d7d4028815d51e4ebc74,false
9a3a0aa6148de59e66aa4293d480454056203c99,false
97c7f07176499e70d2a86fb33f80435ee6d4c210,false
cb5fa3e022ef2f593430ac9d35a46149155890ca,false
f0a18987d7ea83935e28e7443b0af9bd3f0b4809,false
20865f2230f1dcc8a18649b56ba3bdba0ea4c895,false
855bf8c0a756a91d15ba5f9b44bf85759fd0f063,false
8605c7667e1f5c25b7df7eb3bd4dd222dff62df7,false
1cda3c287ed042690d67ab53bee54e41beb301fe,false
aac7243f539a932260066a54fbc35b853cc2abb6,false
f59c51573275e9f46f3e4474a7fd3357beb0fe7e,true
7d229c866aab64bd272eb3f6744ffc9b81ddf4d7,false
e72845c86bf3448ccac293f5d1e7931a8c7b7782,false
91c6be799f090fa3b1fe1a9c325cdb4b68da1905,false
9d68994a3d8175d01dc8500b76f5676911313723,false
041b4487f2d4758763f82c567a5a4a571c727cca,false
932ada1a73d5180edd53fae5701c750656e5600a,false
63c0a2dac8d918d1a26b741c3b4755c7819d4dac,false
8f0736f343cbd24aa97cf36307166cb00079e46a,false
0fdeec79e61ac7e2736b5d8050b6898638bfcdc1,false
d2d98693c44016428496719118a147cfb4455900,true
b69ff475314f76a905cf7858bb92b4a7738131bf,false
714031dfbef16a7e073ff8c733465401adc54b90,false
41d4204fdf425433e965d28211175a5349da031e,false
1b35759bde10520b56f753c8e557a4622040a9ae,false
c63f8add1df3f9786c1da49f737707ea096a111c,false
037c4fb6348452cbb76f294690dacaf3f5659a80,false
b761ce4931bdb6d7a55005546904efdac9bf64d6,false
cda0b7455a4f7df4ef979153b254031986dc9b70,false
6f0c1a281399783e9e611e62e3870e7d6b1db021,false
14b03a4d9a785200173c8750b882ce4d45c86b7e,true
8f88f489544dcbd9a899b4a5569aba01fd96ade2,false
5b434e3d18b9b676de983470111bba6dfb438cec,false
428de56c562147c04cb2a84dccdb6d9aebe1f6bf,true
0e59db13796c058b4c0e9234dc0305d576d580d4,false
2b3d0281e3b06bfdc992bbbb49fc8938a01b6fc1,false
8b928fed53690b856d02eab5393846761f3fedaf,false
9cc5000b10b4bf4c6dbd77f64b816843d09e12b4,false
031a7d8d619ccac11bf30462529790eef016b176,false
0392f27587abf054b9f7a753a987255213d1553c,false
7aab458a65adf321778274dabfec1dd353b40d09,false
c2bb945a7464de7b87ca4240b48df46cc653de29,false
900aa2acf8935cae0c0f851accd9f050d17e968c,false
fc5c31adf4d177b6b415f771a5df73df0816ea98,false
ae1dfe5790f6d87d7ec7350b693bdf003b10fa54,false
85390c2b714b379b976bdc6e058afbc040063dbe,false
f2a96ca4f2655977b45e22bba89ec5c27e3ccf07,true
772c19f2186f8b21b5c72b48f911afa464039165,false
97b7c9a44c82343d4f1c4533dff6bd3fd171458b,false
c0f122dbaff0e88746d480ff2c667fe64c61a608,false
f98c732cd828f4f4a9b0763b18c825d7cd4656a9,false
82db2a36bbda6ffd924e2c5675c8bf10dd0130a0,false
745b59cb0428e9fcd1b8b541b52d6aa44344a698,true
832e8f5ab4d31a0b4f27457e75c8a1e249d7b8c6,false
7b5f4d3715cc860301627fa9b95833eabc206e1f,true
e7def65e25639e92047c974d07ee8735084d3784,false
a12f6a443bb6b750d49a4ae9304475bc26a9a037,true
223ae889783a47b4e0a91c5020210dbd588e8081,true
636ff88ea7769ca68c7179faecce105794ffa66c,false
222b3f8431fa0cacbaa03998109261c30a8e3427,true
8d41b21f9227cea2ac0b54480145d70de5261d48,false
d684d3a33450926ee4ca008c97473fce593e87f5,true
52ed1413443374740f1ea1f6c353d817d52b8018,false
85a25464a722b292af384513622502d3dee8271f,false
e6b5e6aee3795f5325bb5823325a19a222a0c46a,false
622bc39ab67bfa0376fac3d777ee2bf3d22a4e39,false
2646d1757163ee03c87b37ad4b5f2604db50034d,false
ab2ba9c495d5df2eea285b21aaf5ebc4d0e53393,false
aa26c6e8744eab7177800ef97f2dd94048fa2d75,true
761d18f8af2866e9b4e88e2a624910a31b160993,false
00df74121933b6d7a45488d3e5c70f8b0ab8f635,false
0f7025f0b4f71b16ccbbe8bb8644f873e4b27019,false
34871768f9502efce05c05e4b035bf7a4eb94a62,true
df0e14359abd61ff3a5713e5e12e116b3fb1c3ed,false
df2638313bd7851fdba629ea00cd0192a895b356,false
37a968f250d8e6b6cfadebb046f2eb1295cd95e4,true
73fe87532ca020a1bf913a3b016c70aa6b31b883,true
be7d2ef1986121d92d7b543582ca4a039f453cd1,true
d90a33d42fe8fe22a00363e492e4b7fa9fd51986,false
cd7979058d7c30289f519807db97ef9590fb64dd,true
746511902712731bca1133c059083ee32a52c694,true
dd393898257e685bd4ff64739bc699379f57f90e,false
632b87c1400a323b855068738c12009fa9afa2bf,false
b6ae4f51fadeef12f0cdee2935021c1bb61dbc7d,false
0e259beaf08834856699ad7f81a4fbb713a9bb04,false
375ba6d8265a304b7e83f99d7778958904b26cb5,true
d6a738075147dffb441230bddf3d49d02897c5fa,false
dad37a1c9d9cd36227b3649e9b5dea512e132428,false
f3a2b08025b4e99dd875e319954fb2928bd27839,true
b13d64d1ee177c25c95e4ecf653f1924ad4643a8,true
72e77af1c12fec26fb0c3cf39c5f6536601fa1e6,true
ae7319e7866faa23b6210ba569117a1932a7c2c8,false
e46c47b13e2277c02596d55cd89e08d11996a3d1,true
a2c192f41cd39fbedced4cffea6513d90d2c08d6,false
e5f145769a118b779b61761fa098ac7639092422,false
f8c7ea5bfce02c9136ce4d8cc2a0b48b6343cedc,false
de295ea21b0647fbdf665d3f35dd75eff8ae84ff,true
4d31068dd99543eaabd85f84577e1b3e0529b2ab,false
938cb68b9a2b3877ed9b38f562f233bede34e59c,false
c1ea2dd0081916dedca3221c441db70e50bbfe3f,false
a8d52f718a2b8662f92018206226f0aa15206730,false
adcc3ad2173beda75d358ae66fb2fceadaa0c979,false
7c2731b0ff2f9a282d0102d31fb873ebddaf6919,false
e2c13bc32e2a8c27bcb181ac0d95eb2ad4dc2693,false
5b625ee44b67196408a7aa620360252d7cbb8d66,false
7ae3e77c0288809df8088d82d8d4a9e427fb5fe1,false
a82544d39853ae8e74774d3046f3de505d1114df,true
9cb10f2ee6ee744e918e1c5e9c115ee946aef531,false
36bab6297433ac7fa8ee5bdd10a161cd89a2098b,false
dee6b73ace849898cd6601533ba2e039340a2817,false
153c34e031eb6fc408669283f95195624bb5dcb3,false
4284054f6073ebeb76ae3a900ef00a862fed4b31,false
fb2a7800b3ced6feaeacd666cf491df702b55815,true
de1d3d66dd52b0afed41d07ff74429cc25fd7440,false
bf66dce7f606fdec7b78042d98298c27de8c918a,false
22b6d2a47fc40468b5d3e6247cdbbd460d6366f5,true
a820a788d2fe866dea00fd54f5ff3f206a1ed1fd,true
eb4d2d6998ce07d23bf22983f9d021902215c126,false
87e4b31bf384575c52c97e5d53b0e613ad20e032,true
cd426585a6e2f274f0a849700c70c171f50fc7c7,false
1372f1ba11c612f7497ec53864229e3db792b83f,false
7a06ceca934d6a95577fe4e17bf70eb47b1cfa01,false
5bacd7c26580540d285213e655bb272172f4558d,false
ef460aaa37b0a47848be5b1d5de6ab3a0767ae0c,true
f112d1fa04700424789bc0f0f1d20ee843791e87,false
70f2b4563e14c3db72ee687c34698aadc2b60261,false
669ebf12d0c3cd2e71c0eb8e83082ca61f608c96,false
b9d3a52ac4b4e1fcb5baf8ceace27e1736131204,false
02442ab255f36c319b541259ae0fda04e3518fb3,false
620c7b0d1bd54d0740d8ad9fa2efd545f729d113,true
4c8e0e70e45300dc56e9bf257799bc489ba5d50c,false
2b5c7a8b51ad8bead69d1bd6104d13022d318a71,false
7a5d2f9f77d3fab295686937494ca808f06b6857,false
6ea224f18e9d38c78c95b4cedda5235519e77539,false
81259e9ddc6460ace31a0c3e65f3aac68e8a1cfb,false
e6ba58db5b48c6b63303d373e00fbc7ade60a8d0,false
30434023d0a71cfeaf8e0615622673772dd66ba2,true
6eee47f9ce14b4e79b472727b4a642f26fc1b5ce,false
58314fbce327b68cbf7c1951c6c5a39656776a76,false
e8785df146298e90c66d45a1c5f38faee1e817ef,false
8716e922ed4b242eb5c3c43f3fa81e288553d307,true
0f856b8f6a23d55fb074a768d4274af7c59e6325,false
5e645fc95bf1a7d2031665c56af1c3b05e9f29d8,false
ea35db6b1c10826b94f8d9c50af0ed69cf9131d6,false
034ae027ae8c7ef7dd865c77fe0c74df042ce2eb,false
92a3cf4df17409bf04565618511603ee613ed025,false
1ef32e70818459a0d690941fca32b85cbaa5fed6,false
5dc05b437cd9464bc2433f19b12055a2286df661,true
e71642ed2180fcc2cfe798887f3dca3154074cc9,false
eb822d22a99adc1f827864078a5d12b87d3ba2f0,false
37f18d7edc3bcb9ce92c4bf33fcaa60b682a7ca5,true
681124705555cd2fc7a56b96d6f648a60ad6204b,false
412181c5b5d73af58fbfcb3c357ef8d25d10cc33,true
07cf6bd0ca6e281575c06a1e0d0938e5c5745d86,false
aba6404028afe4ad05eb29730b666a92ba6297ef,false
a601a5d3e363534036787a4cb7e3b8ad098dc65c,false
bc90ee862aa7a38d6aae1f98395206baf3d56bb4,false
3615e91d2a6a8bab4077ded5f7208ea104e11cb8,false
0f9aec94563ad72a899695411d35ebfa7d2ac980,false
841b87de9408ce7a955effc222cb48a19cd0a01d,false
a23ac68925837862ee6f1ad8d33994494d6472f1,false
5e1106f5369a9fce5d21e24931a6e03aaa2bc535,false
b1c343209de14865ac207be3845ff95c50d8b492,false
acd8ae94d507032b54b2d44381b89d2332510b18,false
52027fbdd70841177cb166ec2ae67a6b0883a23d,false
58f08eb1736c83851dff0e02d7a58f070ab7ac13,false
781f17315ff52f396f8c52658c7d8ff7e1e23f26,false
b112fad5492f3392e444397c813657bd205d6b1b,false
7723bcc1f82e65f8021a5439b8bb92b94b468a20,false
cf5b296d3cdd9bca8e73c713c0517faac2e432de,true
2047f1b62722cfa3eef9544f39a0d13587345360,false
1ca473a8c4b131d6f6175910018d3d1077db6333,false
43f92d51f39043e164757bfc9f10029876905cfc,false
3aec8d30368c114d7e92f5f10590efe47c377e9a,false
2aa6d51e9364c123c76b35258fe8bd7e21b4a372,false
37d388ce152e3a3e6c609be4502379cbb1695e23,false
212ce2f0fd7893431bc1eecb3de9c341c7d280fc,false
95049f46ae854244db23be7534f60e3e15460756,true
43c108427e6589eb4db49aef98bcd0fada63979c,false
c5cc6bd8d75114f3f2306d702c40f0659db15af6,true
a058c89ec1fa54c0ac7512b88e96971e42813de3,false
fcd4655613e40cd1642e38cf54e9ec14784e54fb,true
aee388c2c382a0152858fc4b84b04b27d87e47ac,false
d8a9a723d38c8154d08e9fe19b0a39c937b419f5,true
dcfd3dec82a79e1f01b1473581d2bd7fa518f633,false
fa373a4a3e9db79e339b968b2735c17db6e9393e,false
1464cd7f17140b136580c70d7f3f8114ab6f08e8,false
da3283724264b6c319a89cb89f5843d278c84759,false
a155105fee62835929bdda310218c2d3bdf64583,false
49484e4d9f3efe9e515ca716f4d40051d459dbb7,false
046bea1c54e4565ad15755b727bdb77e0edb6a6a,false
b12e7271f891084daa39378d0e5d794822786b4b,true
bc715cbd8f5bf18a93ebbebd59d5daecfa92ac29,false
9b546c6dd646ab9fe5837a154549c9cc10f9c46f,false
5af04698d67f30c296fd3ed55dd7c6011e90943a,false
0047e0238207a8b2b61c9ffde8f9b9e12b18168b,true
2f3091c1099c08555f6ba3e44d0ab887e2c15efe,false
27bad47f048cce2a0eceb6d4a2db54212ec2c55c,false
8e01dd6b9e2880702552cab5eb1785a673c47ec0,false
57a2e2d1b0fbef8f8d5dab2a6ff048f692164620,false
6bd0302396e101a630de884f27c3c6caa8501a3f,false
8d31192e340aabf266a53babe08fb2fcd614a7a4,false
fd94d8ed8f16f7c5a9766ae5474b80d4b4916150,false
c593b2fa80d74ac6bbcb58a4a578825af9189af6,false
2086c2f833551853ed551763fd8180428e75c256,false
952c9a76119c4121f13754388b3664a5ff52d135,false
6295a3211cf6fce6e854d8a9eaeb0edad55c9678,false
e435048bec9228699d97488b6abddc89c6392e93,false
c1d3c4b8533302063d8b93ac68ea2dec1d7410c5,false
4549ccbb608db16f5fd6f587b3475018b16ca43b,false
ea3b6f236f9a9cbba04393b1bd12528357e8c966,false
db40873d60bf7ce0f14a47fb6a31e6f511e3fc01,false
be88cea0f6413eda288ef534fcba3fe8bdd2f26f,true
3fa164f11828af219d08c7884eb57d9f936fe520,true
5a08d020dc6d22a529dc0d5fb7f791fd6fb1facd,false
720fe1c5cfd189ad572e4245c4248f65819b433f,false
f75e4ac301cdab87f62c351fc4d523c1ff4e1298,false
aa2eb43bbcf71a37726d4a2954cbd51637e7b451,false
8f1da54f3af8be7aa9818a28c4bf75094ac67b5f,true
deeeee515195b60e08ffbc489826f8104e27b77a,false
b29605f2f27fa43bc4b1fd8eaffb966ed9948fd8,false
a597e16dbe12c64f56894dc9c65774a3e17ed504,false
d1b979938234481a5402c6cbf96a232f5cce8ab3,false
0d9088e67c8930bea2311bb5c03f5ffe7eab521d,false
bd4aed98efe416a4c61d333a8aa8e78df23788ee,false
21c896368495edcaff1af3c4f4283c676c335460,false
485e1a7e1fc6af0f381a696b92190b835788c0ab,false
7a2b3d44289a0177f20f6db459c45c2d58b783fa,true
8bd9b8379dce862861c1b3b913793250dd12d22d,true
c2b9bb84e9cb3c21ceb612b865a0d59caf70d4af,false
04b27cc2e37de4fb98c4b85d21e3352ef6709c84,false
39bb7039ba8f008d4c4e05938c602b670e5babfe,false
40b2d881cba64c02c40d82364751af89e017f7b5,true
6fedc45ae6ab3827f489ceec7ecf8e73128d6d67,false
6c04812c5151d47d9e44e3093efe7e2b1a34b27a,false
19c7ae1b122fd575ec8ca3a59002b6617ff6c2ca,true
478044ad770fabb57fd109e1ca2f25079309438f,false
3e5556927a711c639ad7788c902d28cd1657734d,false
308e58dca1684ce743bc83ef4158fb03f969f575,false
e3dbf3bd30a63a1468cf3f569fca1f0bd3ebe330,false
7883a03fcd586be2aae553c038d51ab3a4595e47,false
197b316f6120dc153cfaa5097626e2cf5a1d8fa8,true
9103b899879f710b0cfaa53c212717db8f42e2cb,false
ed2412d9bcf718f0bf068c9113e8754fc8f358cd,false
79198a3b1a8400ebf543b630600bef5433aaa749,false
31dc087e7cf528adba832ded679f9e3721aef8bd,false
3f867cf590a4ee4bfbc5a82a0c6bc307c16aeb93,false
0855385acffca3a4e24a0988d9086aca19f29c68,false
4ce287f0ffa4ae87e24f55787ca13c618a8750d7,false
e7aabaa7b979c4ff3ee15c630a150754f4a346cd,false
dd8f405fe87b7242a4a97f1faa99f99a9b565359,false
e8c4496e9c8afb3b143a47d890436d112efa17e5,true
179976f40b01a7456cfbb7b9c442508ffc7e92b0,false
c0dcc83feced29578ec6f29678dc10b1ca3f46cf,false
685e0a27912f734923c8fb275ee74ca053122a09,true
962e412e1b088299619217f0399b5cc1058b5689,false
3508ead146e9fe03e8b3d5afd97b19f49461eddb,false
9239e5749a511eecfe267393c95e87b38691a933,false
394148f5f59b9fe54056097fc77c4b5eb9bf429d,false
2c052e33ee61f96c1930db49102e559d77f484c6,true
29071600d4f425ba09f205852c30f528e316aeb1,false
1bea2dc580fec825083535904b09c657a7dc6dd3,false
8fded514ddb126c1fafd913a3a64b79d63669b51,false
436c485cda420a260115119e50c56051220e8d61,false
495a1c733bc9c3ab0506de107e4f3fec4f0fa54a,false
c5ee0b3f4d42f632096dfe64038b36da102ec913,false
0b5eb3bf91d633d8897c6d7b9a327338b003569a,false
4917ba701b0759e2d4a29dab3bdf49936ba983c1,false
46c4688764ad83ab162bc21a44c287db94e8be43,false
553e63bb2d8812b68ffe381db577431dd6962b5c,false
10ddd28d8f4e63ba3f230c89a7c68a5363994a83,false
73a08a7d7c8255015bc765d07af708c8386cd92d,false
ec94d0a62ae59d7e33a35e845e24c7fe08a686bd,true
534f25c2de9c255896ff9d0accebf5d01821e145,false
2d5bd7542c1e7640fbe71f3465e5a145226635bf,false
729e704e1950fa153e2556a74196a1ce48695172,true
67a1a8c29d8c22eeee41a95b96612b226afdf0c2,false
0d445766054050ca594260dbfefafd3442690d9f,true
5e71b1f3f75faa5415a8bf8fad4d0e9531f3543b,false
1b5ee94bd9751c1fd50cd881b4045f909f16fe3d,false
2ab04de36a43875d9d2b2b0b0b2fa7e27d99bef7,false
f597847462d18b16f3a9f8e695c156f482ad34dd,false
00617d3c125c64c8f7b4e7550bad32f1678bd061,false
e8938bae8aa4e2fa1f9c7fd368dc4297e13cf868,false
46527d3cb594bd08cb5cf16495c0d1461235303d,false
fb1e831dc7929e004b486c06545a4cb4517914cb,false
b10ecade25bce9d7d11d2f9e3484c9d1d280a6d0,true
6839251753d211da38d91bf1d08dbf1811dff3e7,false
551eb87a875313e243e42c4b44a9daed29072715,false
100fd57c93fc6615327e52846526affa994f52c7,false
b386dd3ea1526e84a0a8a2b3f660b5743b73188f,false
af09673692dc12e88970cf32e26dbddea809a548,false
10f034a8e34ff840100f3ce341df118bd899012f,true
3fa67a92a2e3fe9c08d8172c2a67f2ddd035aa71,false
dbaf84c923646725a50a6b25740c2f5cb4c7a6d4,false
5830f6486cf6aa73442e1682585a77d828971610,false
a8a683b0bb44527b6d5ad95a73e1abc864cf9145,true
bffcc2034a452eec437a3b0f0050423af8d02951,false
c12986fcbd978246c8ed12f152d85c45df8e680f,true
f6bb7c1d3c3c2de8dab49d9b39d39c38afea7f62,false
6e467c3d2465b4638ff26049171cef1afd143b6e,true
be0f6ee0a1b98c16bd02ce476a80270a530e8dbb,false
b0b7fd47b2c73768e4050caccf6b7c51e11f678f,true
6bb65625c3661e3027433258b31a58cd05c6abad,true
037b9ab9a106dd04477fde97c0280879c1f52efb,true
bb58f376d53f91473374415a8cd3d95f78de1197,false
b2118c805b07f6834de813db065fc76e11615418,false
8c877d40adb7022b6f1afd9fc1fd4e85a08d75e5,false
c9eeb875f8c53b8a83a64adb2d190b9b9f92c124,false
704cf15d9f8a39df7f50824efa7d941421c19ae2,false
c36d0459b1582a0e5ba9dd0954771043f288f0ec,false
6f7de13f5e4d0b9e4d8ea553bfd92842cd0c161a,true
6abc370f9cba6b7046aea997215d926e372c6c94,false
0d782f2e3eebc306d1b4ecc617038606306bc4c2,false
bb8257df3feaec8f4cf9c5fefe524a0960428eff,false
ef6c3433dbf2f8d85ef23d4cf1ca0d3520ac2957,false
0804e59be5da525ce9dc6de5b8a255c44b8adfd1,true
6cc98201c385faba864fdfb081deec6a1a982ef7,false
8a6e83e2025f39c15f00d89e7314a8d3b39743b1,false
d23fa7162393ae63a2beecdcd6c9d06a7e7cea80,false
f7759885cb0628cbbbe97abe9c57123cdca3ca96,false
c3e8412748da7caebda9dfa069d1d33d0148f461,false
27260c15781dec02365bc6a78d7ea3eda8991f11,false
692e4f0e95acd7ad0beb3f252a98ad9e53bf23dd,true
6aa29b8df8dec7aefa19265011bb7cdc1c65fdc6,false
1c307d231ef78e3ac6a0ec5718d2304719f5af84,false
7b1ba68aee8f097f68d606b17dbb9cfafdf8c954,false
43c6017b6187542bf24ea805e16d6c700bd3f243,false
2e90a340c82588be7b6bb842a2427b0e6603e31d,true
ceeedb64bff3128310412629ac70b8b26db7c37b,false
4faf8e1a1089beeb9ac8f3f8a5a61b184c75039e,true
e89bfd091095e739ab815b35a1ee58a2cdbbcf0c,false
035ddd44472d39f8d3666b3fafc3c3ad7f43d234,false
c7022b0d854312e67352cc28cb38c19e92fa8038,false
81a9187075957fe58dfc08ee3fbd864afb837c9c,false
f7c971b4ba688b7808669f17afd37c731025c3e0,false
8d5ffb4fd9b80201d0505ab63f4d3e5591a6417d,false
f7dd36061329d77080f861fe022cd874f26da4fc,false
68817286ca092c3e8e3245625d6b39395f074452,true
b2c50e01e281c101e5ea5c137a6f158c25460c00,false
6b8379981d39a307a0b5dda87993bcc247921884,false
a0e8e4f276f40de68c6aa652cb5bf46c9fbbb4a6,true
003d6a5e37d9c30a4166d61f397bc41fcb7fd8e0,false
87a8ebc2975f12e7a14db77376a9959c9c46da78,false
68ede20ab70d4ea39e20c99dbb9482e5e56be424,true
d46be75832570fa3ef93700a425a1a794483b1cb,false
97d9203bcab5ef49993a2105610b830f18f26a23,false
845f05db7a304fd1eab16d707d6329f4aa2768a8,false
6b61aeb06e76c4beb2af2d325acfc36f822635aa,true
858104f67aeb0046afaa998f9ddf04609becf7af,true
072a4ea1fe9c04fdd998116ad9777945b5ead10a,false
44bbee6bac0705903c0e2ba3231d1d40225b4c50,false
5402602dd463454834620482b23686608a4e6a1b,false
652ecf2ba4642df56f41249fe86381c3bf863d3a,false
6b42f484081683a54af90fb68459cc5027f07478,true
11852eaa8de5dc22eac376b38b84ae80267b3882,false
926f8aeb93fc5136e8069576ec1b216a00fa1f0b,false
d8ca28dc10f815137026755d71205620b51bf1a4,false
3a960636ce970b03b4709cf4b17ca7e84f3a9946,true
139fc9dc8a6e7a953514c4060d21296d7257876b,true
211f7c2deba9c3d0feff31ea2d89ec46f7e21922,true
c204dba1cdfcb39902fdb4cf2428f8a18b5b212f,false
e420bf0d747038db0600b47a2d79fcf2c8f22726,false
781ac0a8c27826ac209ff01934a650fbf8bf4e81,false
0f2bc1f36da125e1e5199fc26329ac1022733376,true
0859a3180b670de1bc4a8dcb4861db3242d0bcca,true
623e03d3bf8ce6e4fd3462abda56ac5c293636fd,false
f2ea1e64a40707cad4a7480e5713e8ef4e872314,true
62bc930912dd482f28f7de8539c50c54eb91d25c,false
d6b60f2ff38a46407b20096d7d9f30741e5beadb,false
99c80524b835819531b1a6d9502dfebcfe972d6c,false
36b10c529daa408b4413a9b96b398620170e46a8,true
bd68d3b64e06e4322d5cef67f7112cdb023bf7bd,false
9c45407b08b69ad813634ab0e8ef696ca9da0657,false
e680cfeb39112a5163d54014b96a48b74d872632,false
0686d30e7808e3ef4dafec7335ec35200e9200bc,true
87ef7029397e65715ee1855cecfbd955eae51442,false
75410c2f22ef28d9f763ae49135cd0b97e95a87e,false
75fa95ea31ce64fbe68ad55b7aacd6bb23af84be,false
d65825b685453515f55e30504e9cd92ebaa3f759,false
633f1731bdb2a6e8f921f46ffa4356d9512738d6,false
33a56d9cdf96816c92543fad72981017edc329ab,true
d4f48d2abe704ea35992a04cacb7e0b8d5d72b24,false
13224d59e3a6d3b89ebb4cc10e2e730deed4428f,false
079b75d883f44959fa49670e49a5598bf115f677,true
5eb3a4cc7cda02aa93534fb58cd7215063405b73,false
3fd5086fc5c25af76cb7d3ae9afa00c895c4359b,false
e0c1708b89ce208633f05eced220b881d0f8aa70,false
8eb494a0db3c6d7105dcabed8c76ca2980ef1e56,false
4e50f29774736cb72fbaf608e2e57f3fd6367e37,false
cec351dbc2a3300a6f7428e0399b26155bc18761,true
9020829ad4436327ca65d68acd92174ff17b82c4,false
701bb604b78a70a1231ad807c6170bbd0810bcfd,false
85671ed93d779bcaa11ec3cdb18458e4649db031,false
a16b044e83a1cb7bf4114b453a3c7266c98b3dab,false
3baf03b970391cfc55b3851098fe4a5242cc3d22,false
23300ad9ddb9665ef94f62ddf9682d3d5903a6b9,false
5f478d96c2df048243c27a40d78984d6431bb70e,false
c40bb1cc3c032af329f373172c8c283144366d03,false
84823eb659c46674bb5e77a43d6789b0214609fe,false
5870a9a0fabdbfee761733676a40a81c8795a88e,false
873bdfa4cb7535e1e22ed676c82844accfdee84e,false
017c4a1c7b934cbb7b3b40eead4048ecf8391c08,false
7d4acc1564078fd3e54407db7f566b6db9cd88b5,false
d3979d4147456d3489047d1b85223143ed4908b6,false
5400e2aad6b72bd55510bf260afb8c1f9f77f5d4,false
1371b14974648795a0fdfb8910d88b441bcd5eb2,false
1aee892ed969d3362492ebefc7c24d2366cd1727,false
bbe5a44eb58db783828e427462b1968abfb1b0c0,false
e5548548317ce39f9be8e89dc35b6d841115344c,false
50695f0c3f22816bb22ef417fc85fcbd764185e1,false
b0997868b2861371d0fecf0cdff62bf32dfe1673,false
317a50e90ea54b326725b5e89b0197c01c1f044e,false
7bc18057288a581da4d8ecd6fc78e5fbc50f89f7,false
24a45032cd409b8e4839d041f38bd9edc4713a25,false
ffe8abe9669e33f985ae57e9567112f17ef1fc26,false
9493348ed2a623fdbd4a11f5f567a0c728abb939,false
3ecca9690dd67091c9c0089a29c3b336f8de79ac,false
9b97320682fa772d7d7f074ba6b78fea61e70c0c,false
4e9b5877a5ada7399be4aaea3223df492a4158b0,false
f226092772642df9ba63f6aba61a0b1991159cd3,false
298febab0d778df490ee16ffed8e04319e507706,false
5ab8a499cf3da7ae95434e15975eb5d33bff06ed,false
3dd3aa35b73bd97b7d5de46c7ca25bf01ac2085a,false
431da539c86c5c5f90bf884f8f9413555b7eaf57,false
fea855c8590c02b34976b262d2348d7c166e9060,false
1d9c0c28e31514e1153e884240122d31497d5e72,true
8372fcef53d0c450bb25bb5ab0b21f9cefc57cad,false
5183d2ec93d244a1c208568adb09aa30d19fe9bc,false
323a395b428db05303f5f983ad76cf87dcca3ed0,false
789d8d931cc48414e763f266c1cfaac08a4b6b94,false
078fb19f4de3bd4f9d666acabc863d539ae6c567,false
971ada09e1763cb9df57dc290958f0de34029788,false
35fbc63bd8566c1b7800fcfdd1e34a6640ef0bd4,true
5e56d4bc24fe4e0f1a9f3ef4366c82c4d19333a2,false
a8923132b8be9eec2438b100e60d11700d7863c7,false
049af0b7bec1807afb02e89c97064cc5833fdad1,false
c20f36c14f30a74792f5d919a661c208c4ac4422,false
739c46a0347445b90689e6bf492bad1a798ee82b,false
41fd1ecaf853015402b41f613c5ff09bbe5c278f,false
c8d0c683104677db96ba78caf1435f5d4ddfdc2f,false
ebbfc9074f3fc7805674809ddc653e617dda1fbd,false
3f7a2738ba089f3b4ef6d78aefb83253503caee3,false
be8a665c45dd1d94889a999409e822339a33a7c8,false
60be798f7b0967f22183efe45749d5268f542965,false
e798a0b28b62e211f0eb803b5cd03f012981a315,false
9b519177f232443580462b19993e0b412bfed87d,false
99e6f48ed332de05f2caf0a7654df19ee107ff02,false
4852fd2b25ae96773ff183878c85db8232fa722b,false
5fcfff7f5f1e95c086ddb8161e4324c09b06cb73,true
26755c66ccd403ddf09c835ef9ba4201b2401db7,false
61c2feb128065f5564f97b033d600ce3256c100c,true
52b5c869b7c3d45234c667ed2b9f34de87cad426,false
afbd24fd978cb050839c6fcf56da6e99dd2b4891,true
eed7c51069dfec8b846871ba4ab62ec7cc39f9ad,false
a07e72a443b3de2e74b90aa75d8e67058c77a885,false
2dc2e1187d01ffaa6f1f27b620b59d479f137eff,false
8591cdc842e5f1d73fe1bb6ae85781429465fbb0,false
d32f3025d87c262a084726ce0ab22871abfe41df,true
35180edc9e3664ed6549ab58cdd8419ca8f8aaf2,false
f001a994409af37c4a6791be8f1ae849c76d7318,false
df67517dfda71acf69b8a6fc1442bc0b735ba3ac,false
8808e7522d2d8918a7ea2e18681f272fa6b65187,false
227a3f3f0cc8e668ce75f45dc4ae6c31262eaac3,false
8810c80ab6b8b2b1585ddd4ddba26e674a14e82f,false
de40e08428677175b36428ade34423b3140568ba,false
645784007a8c8d82d61c06ff0d6b5495f958beba,false
3a6d5bbe9c3e0652701bfa4d3876f806ddcd8d06,false
3fae2d25b5a5c0834cdc7b766e27b214242d61d1,false
45f652d3cee237e393baf648443937de109158ae,false
c5a57ec59d327686c8d4ac8bf6d1e5cda896699b,false
a137f699bfec8d6739c9b66f61ff4e9bebaa4bf5,false
d03cbd9afabf9e3c878a6fa7730db71a114fdd94,false
4352cc13de888154415444d79170055ff001035a,false
b84785c7e95f5cd1c85addc4de9e06b54065c4d8,true
d6fe2be809f2183776f0fdb375bf6568b4876d2c,true
0de9eef6808c9d069fec19101e6ebbf91b3995d5,false
772a3d8de0933d70fb8cd4e75ef2376908936c96,false
b54af1370cd9c8f1a5601213ebf10aaf43666d2a,false
eae94fc1b85d982a016698bbc1a3430c50fc1f61,false
cdbf9421212f5f5d48fa9d92c42515e4c517f20c,false
5367c206299a293e4bf28c9da15f2f64974bb9f5,false
f102636e67686bde0a8e95d01f91f5e40a4d279d,false
ed3e33ab1e49bcb51b09b306147278265bec7916,false
7df324dcb43fcb9ee64ac39b305834672cd68bdd,false
83f1cf6060d2553d6bb6cab288287939fef34ddd,false
39a37875efcc718e37121edaf7487c32ad3c3ea2,false
bd5fbed76c930e8c7194a6dd91ea2a7f610333ee,true
2848f7af1a28a2e6606e3b45728507242803f2a0,false
bfb0953e8922bb6d32bf0e95a89660e7bae32f81,false
a0c0501954660d2f5b55baa42825882b6599dbeb,false
d49360d9c3955a8d9f11ce0943e1611899c36b4a,false
215c7eb2f191ad3e2bbc39510cbd3262250f415d,false
a7c376eeddea2edeb61e4af7639316aaab576952,false
b70240be1c36b8185ab3755675c031333ded7d48,false
6ed582b878ed449f36ff78e4f280abd2202581ef,false
73c642c8442b61e13b932aba807428131da5e592,false
a6de82625d35af662d7731fb9a317d4083509452,false
49dccb453eb32b4b49d36d76530f9b69ca1e9243,true
28d1b07ae2af466696ced95de0e57b19e45cdf44,false
698c690825488bc29e97f12dad73fe26e8cbfdeb,false
20e6306ed2ef5ffd507c8556c7b04febe3d49070,false
85ebf9460c5101ec084a2c429c498b5b8b24397e,true
a3731214dffed7a884e7e3963e20c7b4a12648b2,false
2da55993f40c43555f00ca4660242241bf285bc6,false
2baa535604ab58737a42dd3d90b8bd88012c7356,false
4f4caf73f37ada12fe615c4171208523f9533e9c,false
95b3ab3de2d8ec488d0ca0fcbcb1e8969d491313,true
a8c43f2eebac2b8558ca02f22c40a3f4954ad04f,false
9b364affda50ca83791a72891506d77cec9543e8,true
3ab4e8459a8da45692bdc49682d940e9e2f9f481,true
7fc098f38eb636f86270bb7c963bba0f5da22d31,false
31bd2eb036a15c8cfa254035d9f2c54ce1a2d8a9,false
9da9d597bb7ee36ac3df6e5de73723855c825655,false
13e49c3a0353c7c6bedf8b44c1c908e39271d76f,false
075ae108ce0e767fdf13d6fd1862b3e33a55872b,false
fc46fc5093096544086800527b7bb7aa635c6285,false
07b683b86cb4ed9522ce78193ada8c2fd5f01cd8,false
b56d1de5b4c6049dbac1fb92ab2257313d3f7ecf,true
fa9b62c21b99e72337ac916527e101ef2368410b,true
ccc7c020564982cad96d191b4cfe830e3aae760e,false
ca78ebb9f4d3d10f0dd87f01ad2bae2bf56ce9ff,false
77df3a88661c4564329693c1a28e59f02a98c2b7,false
786cafe6cd3d8ad6514f7a0fd03d7b6bb0677e81,false
8ef110c9b2d4a5ba655a902a0445d304daef7195,true
ab256a2fdf7f876d2ac09ad53d882ba56fc1a2f4,true
63d7854fc6f7cbeb016d7fc43f5d37265942c0d0,false
832f055c911cceb8ece66e2a040b663c5f9e4c1d,false
468b647c2eb6424a1bad9900948d9d431bfc4d2b,true
75f3e1de7e701b483ab955850a4f0998b5fc6e1b,false
1f9c5310445d95e664c87432918eb06c221fdef2,false
6fd079c097f53708c52c70a5fed3c6dfb215d7e3,true
819a3aff3cd12f71461aedc302bf6936fd72a681,false
1597cffff1b3ec833f2dec5c5f7641b5ea10460d,false
f8ebb0bdd541f8c5ff80868463112f0db57829ff,false
606eac6943d84304f20a504eff477b63d6569f07,false
ef9d300e3bf98ffa1dce6a321aed56c74542cabf,true
f6fa9df328baef792814b53a7f0b7caaf2acb2cd,false
bf89ce43bbc63f0c99f7a4aaf6d104f7bfb8bf26,false
283b54cb1e604431fcbb36127a0c5b179c6cba81,false
43f7693e0818c53cf949e2b2619ad6e8ad015744,false
c6bfdcf3e375e54a7fba93a6439631a5de3df50e,false
ee2b39ed4d278e53407c38b82e5d2a1b3989a7fd,true
1208bea8dad456229eb8ebafc3f1ed75d26aaab0,true
8e03a5c9bdbfda7901805ce1d87814bf64a48d22,false
42afe744c4f9fc53f6c3b2ce400ba046a461c161,true
1bde846cfbd00a29306f492c8682ab6ea71d4a08,false
be3bbbd78d52a93caf2724560d3554657f13ee51,false
055baa6c168764c82318d9221eb38b0fffff5412,true
e82ab8ece2c0009622d9ca62b8b60d0ab1458a3a,true
151f48e44e1e9f738aa45143594cc10b6f6db0a8,false
d36b0a9f1d4ba4d7fd2092f52f9aedd2bfb4c241,true
a92d6af98e280f8b3360966155d52679a537f223,true
2437111920f2cb296a5caa17012c292b8ba92614,false
b23bd16748c1f9dcb38e3013002060b0792a45dd,true
67ed491de453b10d67c6a554e9dd2c484d48e5fb,false
570fcb86f9d66b8a494ddc7823a45bdea985b40d,false
f53e550cd256a6d0c19a9803f506d6dfc0b67494,false
c4c1e0d5faaa116fe35adb6a212bb35deb5e5082,true
c5bf40bdb1fc68b8e0bdad1c9cfca1bfbc559237,false
0bfc4ec3ae0ce677a11e1fee251442e69da669c5,true
697b695b6e692d64213cc3530c4e9232fc941537,true
5f2d485bc719d1544ad456ad24338794d8324c1c,false
c1ee24a0f0130e437627d08beafa1479c2d72dbb,true
9e20b7df80221e11765310d1d743fc55e1e03104,false
1b894a820cbebf3773e85b6663523b317dd5db5f,false
9122a90d21b92c67da3fbee5168b66b9b696ef90,false
008b101aaae07cb61006beec703b3cc4e7f05a6b,false
e64c431db211421e23e480c24e896cc6f62d0216,false
1f2cc8ed651524c68d2cfc6bdca05bb2b93f8c48,false
e009dff7dbb5d912839c7f8cbec3445600b8de4e,false
864c976430a47b869fff8b17f668491e6774817f,false
95283c0af3a8f07a32cebdd2142df19df2db4d38,true
ee5982403f47f28db3840887144ac4fd7c0d1404,false
213597458d4d2cc120ea3ba367255e6c3a5ef3e5,false
de50f8336195b4e77ad332f417d3799cb35d1af5,false
6ec8e90f57d013c264b595ebb30e67ee9b5ba3ba,false
6c61dab44c836ad33607bcc94172d15b0971a62f,false
8b27a3ed6e2c5740d5171164fe45dcf2d1981bab,false
c3263911636d49b75a87a6f8b9c0852699a54190,false
c4ef694162a53fc6cab36e611929c18d248ef1b8,false
f8cb006d02ad7b7b566a994c0549dcc80c78ede9,true
16c9dcedca98e6cb923e563cd62adbf0a75542f9,false
95b7f6557cf0cb5c864923bb35fe54638da6ea8a,true
1438a57527b6d9b79db74984ab3f9f816f62a845,false
924eeba53d18ab06c8bd48d7b618f5aaab5dbc8d,false
a392359e0f01f6c3e6e78c4143463fdd94d3fd7e,false
6f2a1c3b5e4eaffc31101a303eedb0dd20fe7920,false
25e55a7d0538d1aa9dd0420b6e4d9e94a8161d65,false
b31e49ccff2cf4be2ec9e831c03f1f5c95ee1299,false
5a54caa7d1c92c0595ac80bc2e8d72ca21a61627,false
d4a619b3040d224758ab71c1b5156b71bdfcb5fd,false
0afea95902e4d43f5d1234076e57fd83c5b31225,false
eb8f15bbc74aa8cbd188c57edb50117452dd7102,false
a551fc095ce2f6e900bd0d727486ddaa5835d98c,false
40dfd84a3182e072f541992d70b0d064f88267e5,false
9eeccb4648d9f223e73d5e5836ac2b4284de7c37,true
ebb1d496e06adadde79929ec19329b4781e5dee5,true
61b25a7ff9d3d8574e4adcb79f3eadc70338f133,false
07440b9823d7c62342846d0e788dacbe069be8b0,false
15f98cff0ae691e6c4b4c4b79b425911f51e4a14,false
1c222ff062363b65982935e2fb989aae527b5b2e,false
8cd6e8c0cc8e1f849c9016e44fa6da534d51d3b3,true
f64a2332a9ca92a29739c3b8a7ccbe1165ba012f,false
662fb02bf3656d7046358bfcf8b7ee2f67f080b7,false
19b272f918ec18efb0812cdf27e7e2139d7de4f6,false
fec15a14b0e5f1e73851bce722469a0634e53cd0,false
21631fed98e812269dff5b6a6fbf295354cc18c7,false
7a8bdfff32cfd75858da5748d1a5370c1b7b0ffa,true
32733cb1f0d2ab6eec1cac74432855f1f574ea81,false
2be22b14bee53c04ed06bfdffa82c9a2ded61c57,true
462f78e44843eda2a9f53ee9768d7ca52a159256,true
b8312db143758895e83b08d42f1090cd6ed4f9ba,true
2687b9b92692f5cdbdb0c68d9d603f6f0ef514eb,false
84cdbb28fe2f8cc7e5a76f4abc80a853438de306,false
d0e693557d2d0d0a49aa2bb918efe340614e2db5,false
11c83b76e7f1223173db284c05cb0d60c4eaf05a,false
a129e2adba9ce2c92c1fe6b09c6b36435a285e23,false
324c8530b41b8f9456fbf543d9d33a7b61b97625,false
1e9f8cae2a9900b6563cd8c06ff02a3a92b9118f,false
9d5fd7841e46394b128f34fb3451a13cf0fd7315,false
ee64fcfbeba009e67640db2225d1e3a348f61221,false
60ab1b09e8d7b90a59ee711fd696612afcc6e60d,true
c27ef2b26c2be5eeb0e0ba23dcb7152c04fd73f3,true
7a2117106175f3e0673eb4c1e9f8c96789407c25,false
0284df9e1378dcc4526817b0fc543954051fbeba,false
bf7d798e9c552c628b6e6ce886c17454f725b40c,false
408b2617de6e864083dbe6686fd3091db99afa92,true
83692132bf21d62be84e635cf7e557b3b5f19f82,false
219b1cd9ea74a0f364d553dbd85d52ca041f34d7,false
e00b96073595c0f24dc406ab4e9d10a14877b9e9,false
2dc4015b6a78500dbc98dcef2535bfde14290766,false
ffa37d3ecca4f168bc82c95f0420e0c5c09e88b9,true
4255040da200f974e967fa4dbbe66bc68af593ad,false
92edb6deee26ae2df0161ed02c978fe2aa0ca993,false
293c4a142c8c32df815e9a624b6b6deba6907ee7,false
e81db15725e257d89a7d3ee9d46a6d7639ebfa18,false
ed9aea36d4fe4c0cd1b51fb1497dbf1b267656a0,true
36e05c7cee5a32aaa8c5e2dd7083c942d19182ea,false
63d153cf439483af4efb72191fc383b36764036d,false
322d1bad7a3b02c40513bfbe086af62b8f4d74ed,false
cb249baf05c61a51006566776a356de38f06ca47,true
831ee20f79cb4538d32272d5a02923d2629817e6,false
e8e0d7640e1a62cc97d9b36226572eb67d254d1b,false
82dadbfb0bdea0ec9f25d051bb494f7b683da43d,true
34349d91be38267e21d7949d2fe22be4ed9460da,false
f21202758a78a8a4ddbcf58f23d555244f2d5d7d,false
e11a2635ebab8f989e94d8944b356e66d6cd91f0,true
dc6fce5443d5311f548bde75b3b94cdfef1b41f9,false
82ac6e12f30e898f1844a4025c16df0525208a0f,true
e019db73cdf7a28027da3cf574511100bc7db355,true
92df16bc4e68d6c997a0efccd8081ab1c028a9aa,true
d16069f869c62e7beb9d4aab21a2ad669d672a0d,false
93938865721b60f9d30802e450af89a416a9befa,true
05375fcddcfb4d004929c2ff298880f993069afb,true
5ef3b6ea076cc79c43a518bcd11b7d161d3dd9c0,false
6ad865bf3e9b3e514da371f090f17268454c5476,true
5487390570163d186bf536ae3d659dfb1400dd13,true
2aefe99ca1cc6c9f1b0a81f5207d0bc47cd7d78e,false
db9f6add2dc7593411c74285183daf2af3f1d68c,false
e126e478251307c3efd97bc2b662d6abc77fc8a9,true
5ddd6c9304d90931aa0332c7453f7e89549068e3,false
cba6e4c571f8a40cf8108da4b4ceb07516f61080,false
9a7d8591a1163f7500684c254bc8c806f3192c5e,false
9e7f0879beef1b9dedc18ed0c88a6da5e4f5ac84,true
8444b6348188d6a71e34ae41b81935b1a99ed2c4,true
8e16a1233c7240995e70886eaf1a5197468c4052,false
e00a709253698b614d9907d81a8537476a1ebcdc,false
51d9b2ef1f3bc44df21afcb0a492cc0a4e976917,false
9fc74b59214b62eac2807e5c24310e8b87441f53,true
8080b65d32b7710c6aaad0cd7f055cbf0212e683,false
d2da5ef4101a97cae5b11c406e3e59ae7c013ecd,true
33a130cbaf763003d6e7da2141ac17c5a981dd87,false
1246307e027c26e1c58e30c373cfbe0185913901,true
39389322357c8d787a17112e27c1e80559dacdfa,false
a34a020f0acb2480a9656d6d0d0f2e0bb519999d,false
6957f27b07bc3a08768b592f1381734bd244b46e,false
aef625b30a59c496f6c3ed47f1cbaa30f0d7e44e,false
0128b1c74671018a608eed4176ca1ddfccf8deef,false
c0df1c4c9d972facd9e1f29aa6489e15316ccb7e,false
71503dbdf6e572d69efd2a0737e6075f0ea0063c,true
3f377d11a2fab43dcf285cdc66a767ebab52742e,false
4e2ba0fc5651f592511eaabaa74d4e70f4632680,false
0e2179949671320d3e00dafc3c07a7aef284c957,false
5907f715b49ccd8b6e6649ac3985ae6f3c4aee2a,false
cdaff15f4020db415f88011b11f56c50f57f094d,false
487043ea955f9eb8a10b2c99117c70d760c74300,false
acf7c5b184f6cea456c49334a11c2301ffb2e0b7,true
c57dfb67b2761d0801ce5c708c2e810e88c4c7ad,true
c8f371c289f5c19cf38dad251878e8a0e5da6864,false
2bbe8110719d54238de000243b4a4ac29175ce87,true
a86e8ef4efcfecb72b46ceb64c37a860dbd459e0,false
0ced9586f8ed0a2f1be3a9ca3d8b95c9a20ecce7,false
1d87d6714671ad7f18c91863dd3e8483e9f16d83,false
df148feaddd762ffe7394eabfbdc491eed5e28d0,true
067347f05b5496e5de4105ae33a3f115b581127d,true
d98373d8a0cc5163181a48fc0b64d43281c0e975,false
78461c00254a0c1d3b5413741555c2e45fa753f0,true
3badc2e4cb0b866d546f036b08181487b7d2c657,true
e1b2811a2d2a2635b8b3b53343b12372c5362ed4,true
e6fc3869109c616db5030b6fd9e277a2e39ef3b5,true
eadca2ddffd875f3c3d9b32273f28eb4e3a2e24e,false
e0636d2fc1b52bbcfd6f0f45457ee80ba29b5700,false
a93de48980f101b3168efc004d1602b161da978f,false
d663ec3a6010281ab5ffcba98a56d4a691d7749e,false
0078b29842858b8c5d4229f195d28b721adcfc2f,false
212bef82962382bcd7df2181e5a0a29cb70fa7e7,false
b95519d9fd1e5efa34983a700548474cd47313cb,true
fe36e2190fa849d14bdb737ec80bc89f35df7756,true
a61121bd400e54875038164a1ab4ef14a77ea35b,true
6472b66b69336657e7ff31f0487badd379a2afcf,false
898bf3b94629a292a28bd34b5e374a3d3f320369,false
59de9e786355af292abcc0b485f4ecd47a56a58e,true
e2a503c6290cf24a7293dcc6c28748f960620903,true
35b1e1f62715a2fd643d4f0cbc6ee2a7955694dc,true
dfac31d1512d0ca3c07106e302939ca5d3741afe,false
79660f80b1c4759525bec27198647841ba11c2d7,false
4b9ca17a19a6d1486384333ab978365e7465bfc8,false
e1c3f7896e91a34c3130b45d6d03d5cb9aa92f82,false
b3ea04004e7d9ec688605f15ea4abdfbae5b51c2,false
5e9af8a2819987d4c75a774d6c3159cbd70dce08,false
904d65a85cc01d6f9bc117ca86886a803ed34cac,true
72995397dd95fc197515c77a0b317b07fb566435,true
29a68fde91fd901b7ce371b9f83bf5946dcf3de1,true
2fcbbe84d02014bd365ef385b5bcaaf87f8956ce,false
6f1bad662f6219ab7f197500e9516c952568b18c,true
e76bbfb2126b975f8e3cea7a28c05358dd8dee0f,true
f767793b6ed4e1f1871ff86a1e75e7d771891ac5,true
ae677ec09e1e5a5b8622a00097405641ef7cccd7,true
ae27098f33dbfc09eedd2cc9a987aae122615e60,false
0819868e2163b17472abef2090b5fbf7525caff7,false
33f939fed74f68a37c8628a051250c4acc89af61,false
cc3b5a7aedb57bced3c98e62bedee789a5334f87,false
fcae7dd3df36dc30d0ffed131663f4f4f8de9edc,true
099d6539044b98f98b2627a82e2d7c2cb4e84a1e,false
6b55b67c68847424cec320af4ace4f45c19b8edc,false
1f3727b33ff28aafad52c4c5223056c311182539,false
4fba6363dc5e3865dcf166331a129c3b9066193b,true
3c1ecc42814f04cf1a63dec6aa4f85704ef643f7,true
6e98a8cf477171eeb085d72d72f058418a0968ba,true
2ffdf76a1b856bb5b7a99961ba672c65595595ae,true
c907036a92ed1fdb50baced672f7910cf1520d14,true
79952f5bbcc24eee78b2394da14f6e6300cd75f4,false
9446f7c2f1143b9d163ebe2130972f768468dd53,false
1398f41fcb7f69d4a03781a4635b33af9ac78615,false
f5ef7a77e80bc821895529dd245f8b2bd4be5a04,false
b33cae6e570d0b0195c9df751068dbaeed087694,false
b4fa170f7136b3f0b0678cd275f81ab0a3cfe202,true
c016290d754469d8abe1219551e09cc7fc6ad461,false
692ff644d67d90b6e973fa4cd523f4d16ef9515b,false
b196a68ad9ce3da8ac00c46e350398eb2adad530,false
9ada3a71ce94a21f837ee2601eab0e1bd57e86cb,true
b4c75fdee1e8867a7fccc9f643d43e04893b4740,true
6cf946646ef8357fccffd3d15ebed957a4639521,true
8669f1d3169130d2da7d65a050e62856b54f5d67,false
a57bbf3c4a96aa8b9502520ce0928a5facf75bee,false
ef0d944ed7862c671808d2311d660097323d1f06,false
d58944304cf96f86b150290a2a4a6eb44054de87,false
590efe9475c3945828e897787cc57682950a2236,false
17c22ce8bd13e7db312ad3af3a5dd163e5db5ac7,false
9a05f6c6edf6c007c3774eb1c3c9a3fbcadfd098,false
de99ca9b09cfcecb1f232c2aff4bd4039ee0703b,false
b6b800a00ad4880d905d0cc75c868a53557f8ce2,false
096e1079051f04a2acf8cb62bbb6807be4651fbd,false
d7228cb56a262d8a4672b1c78ac081845046dd11,false
b899e4fd76bb05bca25e28e841250823c099dbad,false
e037b58e798fd99a5a8a1f25cb059a3c7a033001,false
c550d2eaa693f0e0c522e6d59c6a850f01b5776d,false
1e84458acb17e00620cbce82f8ec1e5391f8d8f9,false
88398ad97d62207c9719362f2896220a0c3936cf,false
7ce4dfae9a4672dcb2037fe50ebb21c8acdedc07,false
e4d2ea970998b492de40bec0c17c1fa7e637e470,false
0906ea43ba5b42edbbff8c18feba6cb130270cf9,false
44ee1ea80acf8b4c2d2ab80ce61d0c7471285bfa,false
dedc6f5a7d91350a285cf699eeba49a7cf646985,false
48a084261310699930e81323f5fe11275ea65a28,false
27f14513ce9f767cf74280b5dab82de50eeae439,false
e597e85bbe4716054833daf934da18572b934eb7,false
4dc0e2cdc26663b9d36d226a9f7f9bda9fe7881c,false
5afe3546da630ebbaad5190726ed03a9b2f437ec,false
179938bd8c9187b327e00e8eafc8ef568b009dac,false
938eb4254ddd76d9c63b0b3e69d23b6cb1be58a1,false
31249268fb51544a1b47288dda360e97a5c49108,true
eeccac7ae121271ddbeda83e6465d9c5da7e65c0,false
9e93646d3c7ff9f9cd01e4557aba9fee9261eb89,false
76aa48db18ba406fa035742a51d0b14b226fe7ac,false
c7985422548b6100f0d12a2e6abc8e82209e1a7d,true
dbd321eca7fd7daca65b8579e4efcdd5bdd0422b,false
b70385cb6b74585bb8761b80b9cc74574de6def3,false
6744580c6a73a299b57991414f85619b8b95aeff,false
e5d036b1421d8906c2175ee1f09ce1f8fbcca646,false
8434ba4d66cd3736e357bb1563c9ed2ca8ef36b6,true
6d2f18e443d39a998f16e25f1140bc436209c047,true
8268091fb305d369c40b20c8f693835c52aa963c,false
1ff9d8f6c8e5366ab618714737c324cd205ac583,false
4f02ee1c7429139d42937d3918f92c77fa5679df,false
0e22191d0af605bb4aea336845d7c9243b8813ca,false
c6d61eac9579a069ae41c0410a85290428bb0007,true
66cca558e44c26cdc8d52b9951940a109b3c1ecc,false
b9f72acf9ce9a9c1651ad193139d1286c68dcb23,false
0b662c88e8352da41bb3ac6525557b4801bf3e48,false
9e0b4dcf8b10fd00b73c7a6d44f696b14406e633,false
ec057c8c1f6a11fa053285c37bb654777e75cdab,true
8f66c926847870545752df26b78c61a99be59af6,true
a5f453e8189d2f6d1eecf387a19fb29b4f5b0af7,false
d5abdcfe48e6f750915743d9e618a8e2620da189,false
cd32dbe903f934a2e898a54af159e369cb49991f,false
6483ffff986636fb754bb36b46e753c5b97c2461,false
412beacdfc872a095ba67d0708a062e15bb27123,false
b39aebc9e4bd6d6fee000171f13685175e6451e6,false
77b4ca5f32492710e6586cd0aaa324f60767f40f,false
6b43e64e91501308a7cc2656adbc78d2c6280db3,false
7db511a00a18e7e8e298b53ffdf7e56873b714f2,false
7e10d99f141a758715132987485c4ca07b9e97f0,false
9f3437356ef1ee8889ac9d983a138ec4aabf67f5,false
34f2a11b2769e9cc17859680a856688b7e806dc0,true
b28344de64ee55ed5147a5e787e6ec5b8abdeecc,false
30758af9364612a71a81612f3ab77f902c54b355,false
189103f33259021e52f716c9d7c9be6ff90a3baa,true
e83e017275f6a1482e901c5e7da9ff0058dc7f54,true
226bb4aa3596d08f1f6cd2370799e8ed0fc63591,false
e1d03eb5fe3b7515e83d60e215313e978b669299,true
420ee9dce15ac73216fa8ed7bcef19438235894c,true
863bde79a23aed94cabb234a9a627ef59d117d0b,false
1a086e9146e29ae9631e1926509092282ed1b854,false
acc73326a9d5cdbc934107b2e12410f41c0363b5,false
3db122ec1c092d92290058d401403f21fc44c395,false
0a0ba5a1bf5f684182aa3ac4c754f0659c3b758e,false
917fe9da35e4a003acd159e00afe1c93c5dc58b0,false
fa121b88354d13554c33b9d1e78afdf40dc510bf,false
dc2f7acf63a79e0da85c81685e4d58961a703b50,false
ff6765c8a315ae4d2a4f55ab031d45a73eccf88e,false
7dae07028a987cdcb2b9d3ee5b635574bcbb1a3c,false
435fc6b67c6b07892a1a0fbdfbc2812d457580b1,false
0bce86ce1292e2d8514b0b614d19f26ccffbcb9a,false
1dad2b1c068e48f654c23147e76bcc3cee40351f,false
b7cedccbe24464a503046fa8c5368291007cacfd,false
69e8ed451183d87da9d1bbb90e80de465bd5f3c5,false
89e86b7d050ae250f2be76af36f6b9fb5f43583b,false
62ef473e3ce7f7322ba776afd8931a4935443ea5,false
2d841363e5c6a088fea6abef08dbb140254e5197,false
9d960892b03cefc93a5700f6ac347ee723407a0c,false
a1b70e5654ee87535694c2c8537590c6aa5beee4,true
fece228f534dc74b8f9de2b247612ed56b1fd0f2,false
35809060b87fc32c921728351992b59a7f722c4b,false
1a6ddd5f22773400be1e1d2923342fd33442a39a,false
3da4e8111648252808dea90b53ecebefe6c37d78,false
627b40cbecbd40ca6ed49a9d2a94ad7516ac11b8,true
019544f07047ee8609d94f989b279788ab2ee24b,true
3a8d71767ace844f4db598856ffa9e2f532836b1,false
a70f8a69d8106530f8735b029b47fe581f50440b,true
2b9b2b89479b7d524ee0a1932eb48332cf8122a5,true
53b585fac980467449ee628ab7294edc4a5da20c,false
6227fbda830949ad7b4c0c424e19a43e6baeb1fd,true
2f5b7b798b7e0a0385b25d5be5d70cf7620c4d42,false
f05f8f57a7ebbf3b963009664e867a4e911f12b1,false
3bd1475687b1421b92fa0f9f6c6c859103ce33b3,false
93e5827912517da29478022e4dccb51e88b8bcbb,false
8f90cc92c2edab92eabd3325152a0d02de790617,false
ab6c08e7a537425bb0f23bbbdda5ab535e114e8b,false
ec10312ca5c209926cb37355024c60006bef78aa,false
47acf5a6d74c2644f4f7610caa811989b357a563,false
9aadb72ef0890a61af365606487bf073671b858f,true
9b977a18fcc759af9ad782110b18efe27175dd76,false
877962bd9f4ed4f7b6cdfa848a58a00c5b982d86,true
20ceeeb542d963dad8e1c4538ea81545c9652fbc,false
b54e3a904f49c21fd5738f6e65390a3f37cae4f9,false
f91198cfcaec7547234d98182fda8e2bd4f579f8,false
f0ede87b52484eda059334e12cd23f2483222656,false
3dff6abcef06fef2dddfbf26d814c838eadb1889,false
e78c0a2de1ac13be96cf76113824576d91a4c2c3,true
f51909926179e084f4ce4cc34f463f0bc773df22,false
512faa673bb362dd5dfd8b8a85ab3234ffda5abb,false
bd22637190a64accc909bd88ae21b8ce2e5e624e,false
1b38be9561c1f0c2ef54f6b92ba3f2491ac819fb,false
f636f3dcd602ca5fbd8b296acfae1a73e86bc0bf,false
283468a91ffd9f896773719395b8ce956a48e9f5,false
8b132a25c3bf2c4b264400d5f150445852a8d931,true
ee5148cd73c46fdae7163bda281bb241f92fbb79,false
8e93427a71d5f17a56025d1af76ad6ec328586a1,false
736a36981df61b958a8c6af550257abe27d376fc,false
d7ab42e1d679443e5f34f7e71fb61ac6df05e20f,false
61b3a9c8e1b3669cd7fa0a895299f8703ccfa77c,false
1b594537fd538d0814c17a7f94fe1308ea4fc23b,false
1f96b4a38eb349041ca87a878b226cf6378d98b9,true
7feaa073e8fd6f37744cb8d348222d81a68be458,false
c199dfd26275a7eb3f0b4b43193cef594ed55373,false
4ba5093ea9ac2d92d61bbf7328c93d5b10a67e47,false
85f2966105ac80a5c1e4fe51073bc9dfa3c95c07,true
8da90bfae2aba70959baca8cfaf66ce029cc0efc,true
692f752fef52756f2ff8bc707fb7dcca768ea67d,true
3ea3d01e65999f2887804c53d9deef5d0887fda3,true
6fae18e6bf10f5d854f6ffd9d94a97c22d19a38a,true
d1c3ee04ff2e26f5058129d3d7bf360891223ff8,true
5fc236b6b3d82fe6ccbf81242862d01a6dc6570a,false
ccc62234d7f85755d6c37b361ef566c437e1f2dd,false
b968308618e484186e5af02db3545460a6a196c4,false
6e1d120e49fe2bdc4bdcd5ae067a2b8f6b9fbf36,true
6de4a9757c4db8813e535e0decb33a313d36faca,true
65e0c43c19ad43555cd1c6d995f8549bc38d9f4f,true
f27c30cc6735a151361c1655df935db9694e9713,false
6c603801c5886cc08c71a497d18efb4e4ce52601,false
221fe59b2961e8398c31f3e58d117cae71594c48,true
163bb191a2d342a7c6192c2e9fc464dda619b050,false
b52c988a2cda0189b7c00ae9e9ee229ec679cd03,false
69e4a4eaaaad3b9b2a297273169770b6c6df974a,false
af3c94fec1674bc34b7d7c89f3a93dee6a3ac15d,false
9c705a0239edc2964ece2375f2e55aea575c3264,false
a97ec5f9d2baf20f0fd9b278ec1767a2827f5a9f,false
ba9a68a5c4a5f1e51c0a1a54eae0807da58fd858,false
10787d2b5970288354bc9d6940a3240c3dda0ea7,false
b45b6a8c41d40e1aced76e809fca6064a725027a,false
8fefe7faed4c3b4f93b1effd8d982adaf91db91a,false
11c2cc0e9dba167c516f813aa32b691a80c698a7,true
77d0054fc8398bb686d02e7d483626ec0f014529,false
e59ad961841ae9f65cfc751bb5fe3ceddf95d1bb,true
8c56a2cef76aca6853eb14e83cb2278d3ccc9a94,false
5c9d4cf46ea5dd8b7e43f8ed4ab1c716ad122728,false
f5d981669994a6049ea4730087654af58a59befd,true
879a555c7aa9fe401c88b09e3a8f9a47f2dc6ee0,true
a6078a5a5db7b25d6b53cd0dcac8ac1cf706b6ab,false
a44d412cdfb4bf8b7925ef988284ca11c0e0ff8f,false
f0b10cf70524cdf428c87b66f86a146fc3f42bd8,false
9aaf508a29f783339d61077b252b33009e5a4ed6,false
a7fd398f39e465dde1d120dbc787f9d6fb70df46,false
df4621c1928148d6a3c417c9fdee4004904fb63e,true
e36b91d42e5ae619de48ac303eb24cec892547fa,false
299710d65bea9bf5dd49daed9eb7fc23b0f5f2f3,true
a9a1fcee01ff6a8d40af6440be014a3b208ecc52,false
b0a58dff16d69533d717c7e9b732cc21f8d71b7c,false
9342a5d0e68cbde306df298a857dcccf3b08c5f6,false
b060cef9f7c769eb5265f0d458810db321a8c26e,false
5909737aaef6ee76e7dfad88c9a007aa0629eda1,true
a3b384a5da6f55220485e18ae2668900774319ac,true
bb984630defa435fd40ce7167372be543ba9eaae,false
87b6e4c062fd0f9545c5c34c4200943ce9a2962a,true
80234c679f046475f87edfe06ce6ba59722cae6d,false
f20b57d275721b27715c56e078748573b34d7785,false
dc3c44dd1874d3bacecfae3446e811ffabe4f159,false
2b58fba37a79e4df451bd82622b6f0df3b21b6fe,false
e5fb0bcf8bcdc0081b1e584fbf183bbccb234829,false
4f5dcd1adb0c6eaf63cdfa3326874b6c4543079b,false
60841d935914daf815085b1ec8ae4829ba64d415,false
1b4c1de462069f4f91f23f696739acad52ca89d0,false
b305ee4d618a0aead1b5e20bc2d5d35c44fc6884,false
1684758d8c6ecf0feb3fd94b67107feee0ef6b78,false
c09d7dfe8b1c0dd0bc9f150f86ef6d90f12f6790,true
b0390936342e3fe4df9b10333a1ac7cb2fe8b15f,false
44bfdeb518fd71590ca4393daf8e9fde5f6ee174,false
5f2ed781b1e88246dbbd50bd65f409f0e6facbb3,false
86ca77b1145aab5a24be8e91815d765d0a8a7311,false
42a4d721e52b3e87f6286f02c52d7a738eb42a39,false
ee5373c0828944857b7b241eda0d491be49b2ff4,false
0b59a781f80265f75ac5c2f33f164414b33d0553,false
526844e6d208da1751c922246a15ecc8096667db,false
d2abd12d4808fa628c3ace8e79276675e59a34cb,false
9d8c20a730501340100ff340cb2fd75dff6b2fd8,true
56cea08423e1ec0bdaea83aea8cd927806061345,false
63f06619b6106a4a45e1703fb63512580bc7579c,false
ff996cdb3de86a1677c570866630e4509659eed0,false
8fb29b9917a44500b81350b5d5d0b3da5a87d61a,false
54da7527d6be2eaa84895d75a7000b0dfd360453,false
0552089ce14c1c9fe07d18ff9ba504e425d50e81,false
30de1f8186c40343056c55071cdd6720aee2dfc4,false
05edb1a02d19b39f1b269adf952b99298cf5b15b,false
96494fea06f4ffb9428b956ec3c3f3dbd320745d,false
b6cec04ff920cd41fc8d28660093c084db1c437a,false
5035e19635341ec640fda426a5459b03ff6e08b4,false
d041208d3d538a07a01450999ab03bde27d52a19,false
9ae34fc55b87d25c9ce20967cafc926ba8cb0571,false
727a72a85f4ac7742aaf5c8eb23328b05bbcb97f,false
e6baadeabafae3506336590e606c13feed53a00c,false
bae2781ab12664b1b308246be934842ef737607f,false
71c165ff21960fb5deb945bd5391cfbf847f05b5,false
7110de102e4b5bacfa5b0be94a9d1fb317a62caf,false
05e1d9c286bc28a6637b1b1dc820d69a558e0ae0,false
c8d0c2bccbe3f7a8ba62bd2d2fcfff45b5dd9890,false
b3eebbfc1406cd4d373f8ae2ea4421af12937bca,false
402d6650f51e7e074447f3961c7e619578649ff0,false
5bec79c8ed646bc138e890600e6e16d9c95f1341,false
887aaae6e0dfe395b18593386435feb76da19457,false
c200cc9209b2e9b9639fe6811e39f22317ee3ccf,false
3ca8a248a8b80104943f726632cd278b6db12f09,false
4fa82423d7e9ad0b52afdc0f1eaca3b5f7a9f743,false
4791a15f97d7fc3bc95fe5ce60e20aae7dacae10,false
4d3954b5df582b357f562f1b837391881af220b2,false
236144acf4fbb9f2445914874996dd367f7ab71e,false
ffa5e6f814e3a049c798f35139211f98e7f9a9b8,false
863f98b4612ef59496e9844eec9b87c0ea4f3ddd,false
0c7113b6ed7941c2579b90fb7b874af442d4cc6d,false
7d9a823ca4ca5a2e0bb2bc9f651e2a52d83b8c0b,false
897056239bbf6bc36ed0a5c7f74ce0fd8e9904bb,false
bad48e459ae74698a0f95c52d1238474c49ccd12,false
aefeaa0348d2e90324fa52ecc358abb2b84af89d,false
1cf8d690a4e5a6addcc428c823d836075dad763d,false
fe145176b445bc3abb98cf42384fd4110bbbf6e7,false
ef9a176871db1ccf254358d9e479ff0d2a8db4e4,false
d2596e37d3c9206bc0e12e8499a17bec88bd073d,true
1a2cd5380c7281e59ca4bfc44e034d6eb5b0f75b,false
f1eaeb13e83638a661a0df95dc92d611aa405a2d,false
08c90fb7bb2d5fdc02db904c79365b28ae49366d,false
89e0fb7ab92937233db2e10cf037e68f8f515dbc,false
f80d37b0db2d44184c3dd71155113266f4a2bb3d,false
66de0820117a024a56a78de94b794e61eeacf0e5,false
39db1e0dc5ab24f962df3ab83140b1691db2076a,false
365f7551680de241c36ed93f08d51097c37bf0e5,false
8ffaa4fd3d905eda628af8f453339112afafbed8,false
dc5b043a3cb13e44f4454a3c2e7e22f0ce557448,false
3bf7c4d2948ba9b3609a223bdbef5f5b1b1842fc,false
d4f5750dc69659566d829aef6910a259885478d4,false
1a413763067ea6dda819314816db344ee3d60d76,false
4a25b845ea81c0c71229bd9ef8b03f9b7ac81908,false
ce7772d59b091f17c26c6a40cc930bf779a528d7,false
60e8ae52887b6974bb6c62386c2f0888fe03f2d1,false
448c8b6260f3921aff465af481c3da13ed977884,false
8935c8da0219d48e3c51eb1ee76a450f51b36c40,false
b5ae1b0dc924091dca98823b6de3d5e8084259bc,true
819be1714b4a229422aaad62b28749564b0c0f50,false
d43ce19c062232b9aa3065d4b7e5a4804db18c3c,false
571f3080b3d870dd7c1d3a00a01aab1fd3fe2295,false
f10df70b6f1cee6206eb55cf3b5d3f329d0be07a,false
279e4733df19bc6cc19fd8c537098fe74137ae04,false
19fee504b0448031e58ba2a04dbb68de4f9f3062,false
76b93340b7de6501cbda337278b53ee2583c8531,false
00da6e03a316b364977b8e582edfe5e053d1e618,false
506306f7cdec1ec6a3f025ccb276e8ba69bb289a,false
0c0bf8b20d41367abf41bfa67701222eb47b74e7,false
f7f83d7c00e9cd6b8a161b58cda0df1d794065e1,false
1bd8ab503ad35d9c8bfebdfe01e1154e11c2fb3b,false
b8a19169dc83e58ab06987ea3cfc8819f9d89417,false
6c51a50ef6c48083d6b9a1dd2e969837428aeee8,true
74f75f7b952471f1392c039189784d85fd915fb9,false
b50ee678f10d776b22e3198fe018e121c55ad425,false
deed24e61c638d9214486851362b6e401dc6627c,false
30b724f57fccf95fdb02c91a7724af9f09db988b,false
8639c210bed78049cf4c09b06af6800a8211ac5d,false
feeeaf23a5ebb94589147a6353feca79b5e88d79,false
f77eb09e9e49b86ae7b278d521ea5aadf6971253,false
159c0482e3e20f95d1c33da2926b2d317ad23605,false
e960a8dd28250dd30b676f265c8cba63ab88e95b,false
41b49d50dd860ff2c90c041cec8c8e79432a7fe0,false
194a560a0b9f28d5b01f4be8aa262030372250e8,false
44623ad5e8cff62b7dfb45b02319e2ad3d6dc5a1,false
7d5cac654ff5fa1272473115d0820d8185f74e07,false
28d28220f383bde36c2f38120e9a00f7629dab4b,false
4eee46b7747005e2733383efa0a4feb914ec10e2,true
43ec77ae834a0dc1a5c66c383c4b724b007c0e3c,false
2e33a0682f21079c21767ee46ac437be20261ded,false
d7f70a64d875f82d1d055524c08a9698e15b681e,false
bb9321da42788a5b91d0d4220588cb8a33bf8092,false
334c55b36cc6de1dc6cbd87049ae5f71a0843962,false
51d6f0289fe43b00b14b779a485a9e03a6ff8cb7,false
474705ac6da773c641ad3b4b86afde4336354e80,false
9a58b59bc93ed3621eaab0b0cf0752e4402f1623,false
a9bdc185b65fc77a777c8ef17943b55a417fa9fe,false
1621e97525303065647d930823ac3b747ef201ff,false
daba0256b7cf360824aebb3ff176d5937c862e46,false
9fd5bafcd8ea4d807a5c5038de53b322828f2317,false
f953060955fdac3905628c19cb58faee54f91ed2,false
6c9e31161914c28a05538fac655b6b0e01efbc4b,false
336c548d508369d187784e21412f4a7a23efa7e2,false
0e0ede5a02b931e68c7d8c538ef815c47561e92e,false
b7684892917fa80c681406786be8b757977bb1b6,false
f7e0bf47a2e42782a7f787d07d7d6760efbd4d6a,true
35a057f890477c50afb166d6b91f87603e5f357f,false
2b29a62ba43216c06c46ba43010b546c74f712be,false
ed51bbfcfe247a5677b9750f3a3f58ec9477eb7a,false
5fff3ec71c0ad078f34a5fc187ca0266dce4f025,false
2012ab3494795b7656ef4d2542d4f67ee10b168f,false
4bbfc6f4855abfe15c065b1a090c227f6d130130,false
6b305db75a5b15275c9ebbafe9b0d5d8966fb9c5,true
66b9f0f7e42928598e603edb73bb16cf9f91f944,false
5c6969404794b45244994c25ece8868d08f6b44e,false
f42c653594b3f69227c1e40b0f9b861d29d4fbd7,false
58f4e9b08a2f505efe5f741d0ea014c6adb43786,false
22d97e747655322d2309e0c21b580f4472535550,false
c064839b4a8b820d15430c95b0f64976eea92497,false
83b0f68f6fc266e36d213238db217c9fbe53d084,false
eb56f8ccc8026473eb42f443fcba819a22f89e93,false
3f2f4d015a2ef0d09b4f26dab9dd099c00e4b90a,false
1695eb7ec7d436b56a3de5c0821c64c2a73efbef,false
a0cd91742cf61738a7d48fda1ac8fdd111469614,false
d36e84be5afb578d2994b61faaa080c78d974319,false
e2a5df531ed0827595c8edab9ca7b5b76a6b00f1,false
3e9defdc296a7d4296732a89082b9f8c166f2da9,true
d6c2b56988f5d54427d765664a7f8e8789ca1170,false
a05edb057fc321facbbeefe4af43111eb97f9532,false
2f3ac9f9552d1db039baef2d13be83509f069798,false
2accd9373498e53f8c2ae066b615917989a231b3,false
45d9d3374bbbb66fdf84ad5498a2e0566cc6f4c9,false
4985500ea10d91b7dc970294b5bbebf167cb6c39,false
363d0e25e807b4a92f78bb158ff52a34fce6a618,false
06d267888fd1f6597cc99546a46e68ae2d46e985,false
ae5770cc3a86897618f70a60f69fc598d64234e0,false
c5e5a6c21d5159c43de40ce192dfb382297ed6f9,false
63447994445a90b09e488372a801630905422025,false
f884591b3ac6ff962add17dc1f2823032d399e73,false
8d9af2c31a96860ca5c3e68acdd461defb0668a2,false
e7fb074c40150458b86795de7dd47fb7d9c78197,false
ab5b9ac57be9a7935262a0ba62852c957445f1fe,false
e58f93aa310ddce0ab59d481fec48e72391eddfb,false
88b8255073ba16c1072403462f4736134c3b23c9,false
a8f89b771e71977c0e3b2e85e52466527150efce,false
6d52835bada49c5c8ca9ff5b9a6e83b48ef3d7f6,false
e4cb346ee8c63915c1261e8412340b8d0eb6ae16,false
0bae18e5ddfbb9d01825de58b4c89a0a246b92c6,false
bdc81ac166ff6dbbfddc46e2d5d400cda2deac51,false
0b4f9e5a618be64c526d56d14d6a33c8efb0e53e,true
04e93137944f1e84c7dc31b286cf8f763d5e4adf,false
97c176be614acdb843e8906c6f97615d37735fcd,false
9192554ce710d04e125a596ae84e0205cc6c4910,false
a4f7044579be718e9a17962d42934363b122ffe7,false
aac4c35417568fa828956edff8ab3992e88e82c0,true
6698933d601f8a6ec4263e5fb06c99c7e1e68d65,false
9d9bbd5821aceda97e1ea02e605906f74816117a,false
350433a0df478cbbdbc3be9b7df8b9d4b5289b82,false
e158dad4889911bfa89c0616603f38eba6b52703,false
0d7fbfe435749f8473beca7e700cb1fc618ee01e,false
d148b6740412e23cabaee827ad02d8b6a8030b6e,true
cf1ab6907d56140abfbbd7ce90faa653c171eab2,false
b5c4e1759871158f5386842df54c81acc6d83586,false
83b9364a0733821a0725e85e95f327afb841f34d,false
5c865d9877dda1d407c80e008a0dbc435c917359,true
154e633974a5ffd1f74e23df34acc751fb77ca36,false
21d7f429b7e55f73667d9fd4d42c1bec05d0c6e1,false
c014f2c6067e257d27a49783de7fb61085d810e2,false
2aed0560d7acc2039c23377a0fa3c89d928083c6,false
fbfc05dcf2ef614fbe1b5df0ea4c8d5f00ab61fb,true
e932437bbbacd1f5c4bd48553eb85cbf4cce14ae,false
a72954e5c3fd360f1a855ed42ae562478b06f065,false
9d1ddad682ecf4104699d061cf2c4d7e84687c8a,false
3c5ab54ad6ea3624f1afb8373b968a2a632be679,false
b8d1ea53779c668db91596be7619ea43ad6904e7,false
3efee206ceae5d0dd41d9f3f8138f8895754e91c,false
bd32c99aa62fdfc315c2d0d9c6822a53c9f27ea8,false
7fef9da77042736b2b4dcce7ae340f0861638837,false
1434a0409ec7e736405f7ac8128497b72c12a62f,false
7ce201ac7adc5a5e84ad335e3efca8f480fdbe17,false
0ec45d50ae5e550874cee70f14cf416a1760a19a,false
ecfe01efeef9fe79fefb64cc4d254c4f25010b2b,false
a91ee405f14b03614ec89f7123c873f3b469a3a2,false
c2f7c0d594e513b546f39f1e7e6bcfa82b6a3c6d,false
fcdef64b636c1473159d8dab7c2149dcef090535,false
a11702bc405f0c6b821428e1db362808f0221593,false
643fe740eb23294e256693e78e8511ee74d4df0f,false
5964330d4326da889448883d55413285c0fc267d,false
40276e1f83aa02270dbb654b8ba78951d1a24689,false
5f7588610e3abb8aee9b5ca0aec4be40ce96d7b6,false
003ef8cf142679fb584a7d04faed5dfc29a2c958,false
e8745aa482e83749526d640162d2172355439ee0,false
a08217036501a06e4ee5f1deecf32fbe0462889a,false
9b85c7a32eddf9a761a87883823c91ae358d3dd0,false
f2e8d0e13458c4a037805fc3ea9a68dc6076a498,false
16286e67f7183ca67df9c5ea1bd874d4a8796d01,true
15b0f7ae56e8f5856f745c1c2780b9cff64ec0ee,false
c0514cca01d29f8f92cfaee238847a709a0fd6f3,false
e09fe8da30de6f004cb18d72d9284276c360c0bd,false
b94b9869ad2702fe40cd518ebdf7c741a8f8248f,false
adbb1a5703490087d57bd51d611963fd4739fd40,false
30900b4e1368486cf5772a47957297100895142f,false
68e6aada7cc8ff5be16786be2ee6bd356b8e80fb,false
66d0d38c3df24354fc5d9680e7f690876c5ad325,false
2d16edd4b28c09ba7d6790e875df3b955d9a6e5e,false
0a7af1f17927b2880a3d0f49b78001ac9bb19f79,false
3814c44ac88784c4121b96cd903b37fe1fa7a4d8,false
a1ae660023bb40ffe56cebb6791be5528a39fec7,false
5c1ca751345ea4f09f52a95c5dad7b27594bcc04,false
39a9aa1fa7618cd2ddc26a2bf90b007144da454a,false
0e50afa2037586d864a38237597de9d64232efeb,false
b99cdc85526c08e7f6da3f4aab5ae5666f184e63,false
f766133495c84912b7857c5ed2bf300fc7715cd8,false
c2e23f69af7e88fff2d71e562b1fa21a089685d8,false
064c674d80df1a81d3cfa11ff2108728e978cd5c,false
e5ea00d332582b76935dcf05adf5ffe24126c2a7,false
c631fe9d7ba909b35e0d095746d5d0bc2724af29,false
7ccd5b39e749525f520fa01beb199062773efd58,false
c355e7605fda22a641b809ceb433729df7d2fa4d,false
e56018282aa6c3bf645f61751191a71f41f7e4f2,false
55548243a60aeb46b2ca164523b0c3e8fc8849e7,false
ba085f4ac8b2d60795b7c61f673a87bddcbac461,true
ad6e3b8b88fdcb7668aecd8b5d5b301957f3f527,false
74b301dc570bcfdc8d5e11b03700b6eb317d579c,false
60b20987eefeb7085ff21de1f2d62f4624b232b1,true
33f09c22718fce5e27e2aa1bd1ef406726e94e8f,true
f627ace996ff98bd8f2ddbc42df8015abf61f361,false
eba7a0a14e2ac86c5e55ab85b5f139ab972066b0,true
27db523b9444bfa490d3b9e26701907625e207d8,false
4c73247fa509245fe312957974222c256813f8cf,false
e9d460f52e6e93cc5b52d93622f5a289a7687f3a,false
88bbb68b729f59b1ee67a4411b7ef5a971a06ed5,false
6d6e4a568901a3606a7e1538d18fe48b5eb77b06,true
acf93745f5ce982d762974b5a0138feed1020e39,false
3dd6444e87121f0105222fd71e33f649f8accb63,false
5f51571edeb93934d4e151872428ab9b7f0f48c1,false
bcc3b5492c07c41c93b6a047335c384ccc76ad40,false
8ad1f5b89579529b4086f1ae2d2ed63da36f830f,true
2c427a65637b4d4fa26178c094d2ec628db587ef,false
311b89196dfd11f73b117b6c7a1292a2e8f186c1,false
fd9cfa9a9e4358d82c60218313d51aecb054fd28,false
7eafde62f5438c2632b7741a0f1ea01ba9084e29,false
bd101b57c69def40ebf3b83310eaf55e74e997c7,false
415974dc7618f33a3b1af815e946689d136c3568,false
3076d9b4a0d3ef8e92c0f08d4791f550423f9c0c,false
084dde5112e327d75e44494fc182710a434a2e13,false
c1d26c728149614a7c1dce1db7557308a16da46c,true
58bac16a8152307887741c1b2298c3d6581f15a1,false
7606d3e69fbf433a9ccb91241408b6124d826610,false
c5b7be974d702b82e8882692100714ab00a37717,false
03a0de8a406ba0cd6048a220c21347a0a49f1fb7,false
a6f51abfb616e4e672192901b65b31817b4dc60b,false
4f9b513a8f73c86a37af9322666e10a932fd9257,false
1c3542d361899b5fe5bb63b7f59b67ac58843799,false
fbdce639b8e4bf8ca15ec151959cdd79f0918ba7,true
724be5f9b6b5e362da5e034f15707f944dc72c3d,false
4fc4d6f0e0a97ee187274501af1f7ca2afa798fa,false
af1722d946b9a2dae3134ece062fabaf2a305218,false
455e45234790a876299a1fefb79acd937559fb17,true
de422c21dcb86298caf174f73199fc7123430676,false
834d9dec88773e41a4a723bb4a0b1a3606e2e8a9,true
c136144c7fbfb143012116bc2cb6fb6b84f0ca3c,true
a648272062ee1d3ab75f20049216979653e542c4,true
98c55a7a2cfb2c3c174184b86bc6f9ce6c226193,true
68755f31a1f50df79fad31409a085fe31da00078,true
8c88e1e0e2018ffa5a78b06d8a9eb511d8da7371,true
029b7920c2b32aac2c8a7ace467af8f2bedce9e9,true
0cee3d948376d3cc51293f12ab1861cfd585364e,true
1e3e11be6f08b0854529c2192ace7cf2c6dd7f16,false
88cc0231d2a741625c5e7fa8fdb8d948b3b25bc5,false
043ae207e1216ebea28fdbb06020afbab32d4872,true
2876a96379bbbdde13765353068fb400137e42ec,false
7047581bc56ffb4cc67a6a74410181d7558737c9,false
42b4339fa95ddaad4918cbc4b976b93af218f414,true
d9f2ec83c2d0be181baea115180d88bb88d054e1,false
769308fa43515937d66fc5cfe43f0cccff678753,false
4670f8e927db34834f36403450dabe0a639b806a,false
b96a0a75dba3daa0ca9625c55217f348391c2c2d,false
b8a88cedd250a4f53a3c1078b5fe2ba9adf58fd2,false
146d900151641e5530351f4b9809a438a62c4057,false
eae465dfce7be225041f0e33c3d808a1e511a748,false
75ebf4343bc0c981b2fe7d4a54911338e264e320,false
50cf2a18ed98e692035280ae46cee0b4867c5735,false
f879820c427496869dd6391212ece0a3f3803ea8,false
5c7d2747700d84884fa0149391c6549ccaba0d79,false
63ac917ce1cf8996269ff492d5a2ec510fee79c6,false
0d3efc1f51c1adf2695b4f0ddd37270f751950bf,true
fdf511bea249bace39c198196c7852988046da67,false
c5d47365ece4327b99c9665f2585dad4bd57d02d,false
d71528835463acbb122e8346cb42263c050ec004,false
602293acc4369230bf8e419fc00f93cce034af2c,false
f0c2937f4ee9a5d7bed75ee5b39db5b0a0654a4d,true
3fa7192857d66daa6c4d42ca56cb7296c2270ea2,false
73558b0b492b5d1f255844d23658f5d5acb99471,false
b93dcb2797a40525c435913f6c2887d14ffbf2de,true
78f91ab93bc6f0fec6769ac5ec9d536d830337d6,false
6c588abb0aa8e0fc817d2f76aa1ac227e58d989e,false
f1a1b7753345060946cd621bb59a145ed7974c40,false
861824173b5082edb249dc35625fb78bb2e210f0,false
7b08ab1065c00b18c65841fc182812410ba10f0d,false
c268916f2319dfc0401725b85966cff39a75bb93,false
8f4139c05df7751753f3c9297e88dbc47d098821,false
6d06f9e0331268f8b686ee0fb9a671733f7d0f91,false
99354f9b2c415d434457c33ca452311de019c26e,false
0af358310396ff43acda8496ba0b8ca19c02068a,false
c3a4609727d336416c4b3840c7f55f47001c8341,true
9748d265639ce067eab04d544c8832bda348d663,false
5ef66a28d1337756496132d502396fc88f49f0ae,false
af45d67fd55610e4a3c7604409dc79be83444f95,false
bfee25e6ab425a13666a82dd89e9b58ff3c4c512,false
fdf50f1e35f5afed130559708862c0f6a98ecbfb,false
646bdf51c4643e6273e7128f828a3fe8aecf44b6,false
fc0dd5ccd37bfd36cb3deb91ee59aec5ccc79e9c,true
1e0b59c927f1025487cc2502e994bf7508fc2edb,false
23cff5236827032dcc2bccdd35792efa3f928c87,false
d93b6dd9b61ec8924a3f99434192f2038aa3d457,false
891180b8b2a406521a52e27ebbcf6b34d5301cff,false
d237db5449e901f1be05e163f89bf559960d17b4,false
ca2ccfe88cb0b9b9d14f7cca9aabdc7c42cb1411,false
339758b83552f9938e55afc8d1c1b3098f4b6f2d,false
95641959f3a15ba5ae1a23d694114b9dbc466f12,false
8d79fe631ccaa40bada5eb4cbca8d2cd7c70de95,true
c7a8e88614472042d9dff2fa98bc248bbb1b3169,false
95b6148964ebcc435e86bbbdee374904d1a3429e,true
449e854c4a573f4d1048b383924c2b1b47fccbc1,false
e04594822fb19117fe665623cf9b9b11b4834dba,false
a8bd4e83db36374c09261cae0991ede5fecafa1b,false
672ef83b9aa653d1418b02030184b658808cd89e,false
f9ca2af33ea246c03f23bc1f177c88c7209c0fae,false
694202584d408ce5c505215ef3815333885a175e,false
ed0d4cf08d622ed87ccde385e02791a1f0ba122f,true
b06ae7c76628458e06d06af766d144c05bddfc68,false
bf04acd210c8494c07096c142b3e3256a2239bbb,false
e9c0b40e15530e5840a2389882acf94d6d120509,true
eec655d13da88ce87bbbc86b267c2bb20ea8e2f4,true
843f9c7e35a492b9ce9c55753daecd384349fb5a,true
d2a23f1f55bc4496f0576331248d1b20a2e48db5,false
0d8bf59a09a9f9e62c06c33126ce65d31b69834b,false
91aecd7822776ade37b06e906766a139b6b68189,false
8ba0ac3b9ef6871bd0f67f63e17a17c86f8b31e2,false
4d9afb3fc8977afafb6afda81a497fd0e3d8325b,false
0489802b05e1ed34220f4a666816f5f7c94b81b2,true
f1aa116e7c1a7f8af3a85426d2e7e2fbd1e4cdb2,true
722193d061bf6619508ed870fdf214c698f5f044,false
9a5f7345b697d50fdbf4611bc6a7ab639e1392aa,false
59aaaf5932702224f39f64eddef1563a8f293d35,false
006f7dc0617af5f2054192a183a3e7e5faa299ed,false
bd4e8ebae6f8b2004907a8a8491d5363d7dfbff7,false
1daed7cc185f6bf86cb702dd2062b12bff347dfc,false
b32475a931ec189c20b64c655be6738fd16d3bc8,false
238a212f5122d079f322c2ee12d1ad09848de238,false
4bafa272579fba8756a299df71de376b10b36126,false
716ef1c03ef5490359a7e457965c4556c2b52b64,false
9d7b687f4e8fb73b252f36f4f509bc142ea5aaf2,true
f2604d09badd2f490f4480e70dc3adef0f032c69,false
e878d72033023270f2084ecf6020f3ef958c11ed,false
b375bb74d1f28313d5c5cb5c7fa4d856686102e5,false
f10bf6d7bf222f98bd9feb9ea7fb84e5b9cf34cb,false
8e8d68da3d1fef2a9399bec64878599bb0f8eff2,true
ff7114f4284a249d8c625f1eba6c6ed200caafa7,false
0a44a0ee20819aff26e2e0f216510a89f9b947a0,true
e914e3de33ad0ae784976a3cb5893afedbb2bbbb,false
2a3f4fbed5a7a58c9ca3f1056661d1247fc0884a,false
7975947dce7f033693b5e99a740e3e52e0c4ad94,false
60eb596e5a2d15b1951e704f8ac79a4d20098baa,false
f9fdbf7992181bfe6ca181259d357ea4b77096cf,false
3cbd30ffe394f9df1b03e943a6e3458b49013ecb,false
06888eb14bd79a944a1f1065612c7e2e3a4d1b0a,false
b2ca08d47fcba444c4760b1789f35585c2174537,false
7f5b852a684d9cac0059c615051d6c3896e3b1fa,false
396052f40b6e8b008b51620fb4a04bd8bdd937a5,false
a2a573cbab44b23abb5936933797643ef9d8b277,false
cacb6950705e12c9fa6417ebc4c29be654378e22,false
3c69e6445220e13aee7d1ec177296095a611356a,false
e3103769aec85177b6bf75ab642dc9ece89feb0e,false
6ff387ffa18e76d4f7cf9c0ef75cef398f3b1650,false
83212fda8055b04f1d321a06a0aeb95b16fe0a81,false
637a5df3fe8fcc9629135a4f460653eefbcf7419,false
31456b307c922f1db0797191407a38ff28494571,false
f176a41519fbaec8eb4142a70c272c96f5df8fda,false
849e8a9c217425a655b3982fe86642b95d767b17,false
265fe283eb2deb1c09be4dd69d55dbee45e92d48,false
8a268fada4542e111f7d35c023c4f1f56ebaa5da,false
a61925239c8e37087937b2fee056b18b4215909a,false
82df4e47dd5bf4a300012c245b89db97f459d2c1,false
0b641fa196709a5f77e129d40051d583847affd2,false
859cb3ba9cb074957e93e4171a723215ebb0ec97,false
2d49e8f94f950b4a39a4041a3fe5af650e41de9b,false
93916de8244c44d1ec04031f8eb09159d4b8ab3f,true
14ecb7263283cb5903efd4011250fbbdf6c97a28,true
48386f10175bf557801706f76c79e1413067673b,false
82e6ace376885957d635aa3ab9dc1a8e56b487ac,true
e40fa6a606d49e7c9619a32243928323733af0ff,true
a4160fd13c5633d74a72d1d69cac440e3f0b92b1,true
cb5e23a932b4566228bfd5928b64081b00b161f6,false
e6a186fd38a7779844268049f9e399a11fb4e279,false
ee56f804baebc258307aacbbc08edb5355f40268,false
085e3b7e4df909e5a50320b7347035a04a53c6cd,false
ae748e3a5ef40d9ba00ae4d9750e173ebd23ed8f,false
8b690e5295eba00d84fc08ba7f80e98b41988217,false
b72b12e037bdffdf59fafe8623c6d9643cb5a016,false
c3b711778dc1670b258e16faa4d503afa5eb4b4e,false
b2e1048626bf054ac084fc1ff8783230e40d3404,true
e572d0f98927cc336812d5dd788744843c3c665c,false
2610de3fd66dd5ced4efa5c0d255f20ae79e1e0b,false
69e2ca7a1218e6719908616cc7c9cdb0bf66d00e,false
3d49f9c65a99bfb34d08fa2ba16cf331087e1adf,false
1e4622b37fbe4a145a6d0557b97887ef3eb70c94,false
06a610e1630e964cc0d574fcd76a726f522f332b,true
58a4d93c9f1fd514f84e99cd7ce4054f53db8ddd,false
e274ed36c163ba0eb51d41bc492ea9c2a2e99019,false
3bdb2cfd6841cec416136f6dbb92a22696649869,false
35c5230a482a29595cc88c8bb8424551a09971e2,true
9b23775d363df458b3c7b4fe0f6902ffc60a0e69,false
6abb97b0e74e19250501f5c56c916954e4047d61,false
4dc945a5c620efedac7f65dfec456e83b237ec62,false
7b2f6499c6ee0f2217ff305b0c0ff2a5022368fb,false
2d3f2cc60c965c683248484aa160b45b51ea9adb,false
a8981485259e824f74e66ba18a939fd1cb37294f,true
df05409b72948d0c03ed5524a9009e135dc299cf,false
68ba0ab90518876e5e7cbf0f3d84a0c0f627ff94,false
7a381152c54b5abe7743994ae9491b00aa2a32a9,false
a1c53fe113a90e62012f4bb4446fa189becd695b,false
45a6393503e68d0a77edd39bd2d10560ce0206ce,false
9847f2928dd45c90d351c961a35507e814b8d874,false
ae8a2cc3f03e6d7a03c29a8896b0c7dce1e7b2fb,false
9d267dfca35c36502c51a77a83289e6c5eac46c3,false
552209dca554571eadf4af5726d325b5b6924403,false
f2fdb819c1836e4fb5bfb23f14f8009f01cf39cd,false
78f73f5158f845704a033a4f0fcd5637f0c756e0,false
8eb6e4878493978d7bc6752f028b249c007eeb1c,false
6d09139465808c39b4541b7bcfa5e991a2eab12e,false
e1f28d80e660ee029e98082019e4803ad755ef88,false
fd58d43b2f5d06d79d8286c5b474e7c4039bc599,false
ae914c69a55a7e2c0e7d3f2142dcb0601ac34540,false
1bb69d6b314ab188005c7270247eb8f71b84abcd,false
c2235da8f88cf2d1b1bfe3d114228055ea42ba95,false
f666bf354a6437bc1a084e3bd643a78b407f864d,false
4cb4a20698cf44aaf556ad5ea24b957acf32fc43,false
255591e9b0a4e34b8a17da83a695d15d9ea8167c,false
11aa44e3f38cc45100d677354c525ccbaa713271,false
cc4698959686ba8b150c3ad24859abbe3ce9e294,false
fb652931e9419512b5b899eedbcda9a06e7a34d6,false
b715b93558ce03aa5a7a4e1464c4b35536d3440c,false
03d8d9004810f6efc022144eeb389f89b285ae82,false
21a7a421d04a742396b83e300a808f431af8651a,false
f5b96627cadbc5ad000638ea959f0940be820533,false
ce855d7d8e2e67f4ee38210dca29342b23b172fd,false
fbb11b3280c337a8fd49783520dfc87030395cdd,false
8470021d3db03b3ea9785be85f445c5a309b29ab,false
268d1fb6a724a7946e22a571fc4b5ce59c80ab73,false
8bdd5898a4959824562612216e40624a62bdf823,false
ab621acb26e245357fe07f7c775abf3bb5db9fe0,false
b264ac245b80956b851c67b6a80e2137897a24d1,false
0856bd2cc0952c45cb92824b77788ac143afa974,false
ef14740105eab4788a58068f4fb2e57478dc143f,false
fcc3812827f65e200ef37977d4352beee9584b62,false
eeaefaefc17099e63c4e0ec275773e7f1574d75c,false
1a0441893770fa40e4088151473053c14d43a792,true
6172ced77b098f3d345b76e1d0403ff1405c628b,false
f297d43092ed4c93ed5cd89bb623437a9f5f663c,false
88fe6094ba822292b7f4068e1b7f8996e57023b4,false
bbe0c038e0a13ae55ec584568f3a524cee737c2c,true
40f2dcfc9f5de69af40897a6a6c54d177f016295,false
7db5179ee3e12dccdd82d072b19fa5050d53ef17,false
1ec8187fe5f15ddd0a020dc3cfa256d35da16baa,false
cff2a2a8d6e9c6b1c16aa6dd30c51b0c53a5e4c4,false
6856bc8d8ab497bdf00c362a8f8779803ef69a36,false
854e9124cb7b3cf3ae289cf14ab787d7e6cbd868,false
9052546990c6f03a306b3eded9c543948a1cbdcc,true
0c836fc0b081e928ab405f3876e10502d3dbe848,true
6bab2e570e6c4b9e9f099f2dc7d565bceed63f98,true
2d2f17540ed5ef7bada8203e47e0cb430ed5300f,true
ad24fea21cdcb1a7c253dfa345aa77a0b1bfd58c,false
5a8cb37b647db431b40073ac53a55d012b62e5b2,false
8087ea3c5fd3020089262bf86aa62c1c3c7a8988,false
b90b7a4c8e0826e78613eeb542a64037bfc3085f,false
7ccdd102999819e24534c780b9a2ab942329c199,false
f6ccfd856ec824acbd90be369015b313ca8daa4c,false
dd2767b062459da89763b964d546fdffd2fc31bf,false
5e249338e02645fcfd02be28fee85d9a8f978414,false
073dc988ff1dc260ed901d86bbe6a466ac2e7e7c,false
3353c3d482bfd901da2d437498eaeb87ab582991,false
c83f83a9bcb4948d986b4c2497c5089a194cbb6f,false
11a3e15d5d624bb1f16812789ec3a941f124f5d1,false
c5178e9c63c4cb8d658385190cda3986a4221150,false
44fa5cce43e5807f70176a27cd0bab2aaf8c2895,false
0dfc989321ce74ad94db1c907a613a471030e2ca,false
664798455bf6ced29e3d46b897b024ac3f39b062,false
086a605313a51c61fe6b458000504b821c28dea2,false
40e557186e73cc3f4b2388f5f960850d8c1bd102,false
b59ec437e91724747d7ee735b30fdc76f58d1013,false
6f72978239d8034facc5491e9d95720064aa1afd,false
56da9a8bccfa3de49226204ea280fa72fa50188f,false
cd2030e9adbcd31445a16ee191a8f9493030019e,false
c676008ffa706425eb038b608dee8fcfacc14e77,false
44e24768e21ae86761f29fa909bdc6a445a07e2a,false
b2db43c2d2b6a52e1d4a8692b454b70d60da6c5f,false
c5677068a6de8633adae328528ccf3af64aa9ed7,false
4f5433db6d9abcfe3431135ab4c9221cc336ed74,false
bc59ab4d809fdfa70cf0ffd18e15a3c68c4fd864,false
8717efc42063ae128cd48d672b073c64f831d885,true
e57d2405c9fd5d46bfff576f2599d910749911e1,false
4e2e090307448473ab00290923dc3b00e27a7c52,false
0d35103955fef8fdd0e2b1913302555028b447c9,false
3fd4d3cb5b1ae64b6252fa81aea914376bffee6f,false
ab902d17eee809eae49e090ecf1c362c2626c1b7,false
175039d13129c3e222c8819a998b9fa3614709b5,false
13ddf0df1350d16f93085950cfe2a9f35532ba8e,false
a4e9b0348354f4ce64d4796b094ecd67b2652479,false
c8a58868494331954ee29cc98c10a7689e30faf9,false
051bbff70f4f76d19ab921b9e880ff3d75d4db2b,false
8f1ac052a9df572f6d2e7ea4ff9d2c4dc0756c8a,true
c81f90057e0c119d9b166bdc4bd38e2dd633ba3a,false
2a47e374ea5252f6e3e0d1602b7a90c23c4d1f8f,false
14a17d0b256a0486f165284efc9dcc9af89040d5,false
c0795dc9687fd4425b4330c16b58496b86f2e3cd,true
9678f7133b12ac1230ee45e9738702cbbe0bea13,false
bc5412bdf9321ceb480579531eddd81fe3c1a5c1,true
4b4ea70faf890e3e9924ec39aba48897360d46d9,false
f4b3addcfa82b5aee8c5047399b83a0b91389875,false
21bae2f8957b45e7d601ee44bf85861686d7451f,false
4fe32453a2e2528bd0d4704ee0a678ff8eb07b8e,false
8de2c00a3114938983955977826768cf530abd4a,true
0d871bf75e0a10f11fb6b03d4060e33da3d11c17,false
fbc1c383594c893216a5c5b2ee4d2ec3648aca14,false
d1819f391dd3a64cff606ecceedefeef909b914a,false
b59038ec28e08ce9fe61f094d0c0c8fb8b72070e,false
e6b7f32033b9069941e0abba8391528bca0503a7,true
fd8c0056d25f3ac27d29e160881b072561b7d168,false
d21fa3ecce4a6f5cc6bd1feb4cebedbe359c25cf,false
a647e647efbf0c75a80ebe5b9e1951ecb619f1e0,false
5b8f3ceeacd51091866a3b6b9c38b83d044d72fa,false
c36b34dce6672f9d17f495bd636bf4320086d506,false
1477f73c283762ab367637991a6fbcd8983d4139,false
64fa88373015e4aa542dcb1e4228a6becfefbc61,false
8f94c69531b52d48044fdec1506d6085b8d723d2,false
06f0cac11c5a780c780bb0c8a696ce98ef260bcb,false
7411f5cce4eba1dbc83a89de699f240d124c5502,false
f5132a1dda4a6a8fcbfe06a32dcbbe4b7a0a270d,false
cb9d5a6a9186e45680c93dbccc136428a6feee1e,false
ac3c31208a67e2f8264b713f23da3a2252877c37,false
6ecd6474952682c5d870e0240f7449961766ebdd,false
cca688ebebb0705de4226b5df74888735ca973e4,false
85325807ec89ed6ea6ad6dd6953f68d559792e2f,true
a5f16c65c5efa3180d1ec61b0f5c88e899d72484,false
244b6011aadb8f449bd837c9b4bd015632be6a25,false
c88b3059dbb9af68792fd2b9e5d3d93577dc1ba0,false
4e5b0c85ad36d7cd38d7df648b8b70087933e9a7,false
b3f31b9d461e236a7747b835ac8122cc764be1ad,false
21d2c7151dce50dcaf8aad0e26ccb490deea3d45,true
6305e62aad8742b68c16c658ab43971ee914adb1,false
9a8c09825ae204b5187028c8358f33915c58747e,false
e5d536ef274d0b201667f6a9650801a1a15e93a7,false
59160f1e9e4ca45501a3cf7624fc51246138fc76,false
0cf4a7feb09669c6d18248fca0196a3ddd098c9a,false
30d6ce99ee4490c9e128b1c03e65f0df969b6545,false
44845dfa71f7bb2e6c528c726e2cd813c17fad1f,false
2f64738491ca7b764175ac56cb27652f6adef58f,false
b2df095604287cbe664b5ff4c71807f41f2a38c0,false
3d4c93c04b0ee63dc7f6a18faa2c5f49c99f5f0e,false
44675e3a2cbaac23362b8639dfa97f03112f1db2,false
11b5b5479323412e964d90a454d67922434d886a,false
5bf1bf7eeaae9152b8c482e855cb631886261eef,false
0ef3549c57bb64a919c5a3a7625bd8f82fad6110,false
f2a6b48dd09283f22ce4f544151cf7e30eedd9de,false
7b5127232dc29d98c6efc71971258ebe435f8e27,false
861982ebe76fa19a7c5f43c50f6af07b76a0df8e,false
bb754ce3d4ba8f378125d41a3feaf98966851796,false
ed3d6a4cb77dfed59d6d195c26db902e8490eeb3,false
431d1e30187c2a11eb10e843eb394af3b9dd4be5,false
76344cd3c5745b84082bfd504d3cce5abd396100,false
f108b16101413252339786f85b0049c5676fa2b3,false
c3f3df88157db4b4d84b9b6880859c1f8a3c9120,false
a175f708e1e1d704dd30dfd165efd757b56de8aa,false
8c491132d226da6ed2b85be06ca21e8e66eea29f,false
61a1b3ef5ce0ef2b2612c2c7b54f4c5d3fd3becf,false
37342c954e482d67332afc02ea3badcb0fc4e584,false
270b273d07f585ecf3c5a0108a1ba77905c3b95d,true
d33ab88d966193833792047d7bb91796107da9de,false
9791bdbf5c4f4ad5d06deb89f362fca92110a3d6,false
5d89dd4a724edaf79960748a887af964f28c2d58,false
cc1af14783886afab7f55bc34fa9d92af00d8d52,false
5dca36a63296c66c5f6300525260f74d6dd2fc91,false
d33d8d5d2afe7472a50633aff5fc4a7b528339fb,false
d6b1b1c121141a80a32dcebb8db99c2b4956a666,false
3bd90cb07ebe9267d22c14a4c4d4183e6beb94b4,false
711922c23a5ddcd2e033b40abf94830b20c27dc7,false
3aa147c3571e1ba01f7b1ee3821fed7a604ddce8,false
b911562a6953ff8c77f5e4c50001876d3423ffb6,false
8ca33dccf23a095f2fba5ee97f7b296853e4eef9,false
4965f698ca50cd445c894edfa2de626026783dcf,false
f6cd7ca2f9cb1ec41b28a7ce7fedcc34b8f90d46,false
1747d5a45c96d3107fa32d7fae1810215a94ab9a,false
d5ce10de6ac0b6f5fd412fa9e129703de42b171d,false
dee1e8fc0c445f96e7fdfca690fc7235d2f969c3,false
33d7ebca048b1a5b32a84b008cf8d91cde8986e1,false
732eafc0cb64cec6162ab0ef21a1724f868cea7e,false
d8c4d79bf59c385fce39d83f830783631a8b8c10,false
36ed0f8ccf19f22d2f2791d5c04bfe5e24582e03,true
ddbffb7e3c16b08bd801cb0edbc1bac00b93ff3f,false
de87f24fb1808dd21b70f14b647322f3ac85bbbb,true
464aadf70e139369861326deda8db5b8e9ec84e7,false
6966e508c199e3b808718d155373fa695a961ee9,false
63a076ed890f0a78b8a70e03dace5f1ff1bd9b44,false
bff76ca17879db934f92e89cbaea602f6a86c5fc,false
f512bcdd964e64ef4c8159e1880baea5c042f29b,false
883dbca33d01c705843a5d4b43f6f109e23c1aff,false
8a52e4caf5674db9e9be66c2eed89e612677c34b,false
f9e69f6468b3d669d221bb7520a3a2b2923a8f75,false
ca69a25e3d2139e7127997f2beda7d5795fb3fc3,false
ff81902c6797b298b9e358b37428e32f82a7a30a,false
2800a1ca15090cc66bcd22f159a85537aecda8e1,false
0a091ddceb91fa2086ad8c4b0958d6daef6f8a73,false
a64d6f172c56656a579b58b34f6d3f0cb9792e68,false
55a6c06ba5335dff4993889481d7e324829f06d3,false
602ec1c998d99abb24a1f1b69939bc4397d0acb9,false
2b18ed7d586215fc1588b150de242a0394b1a3dd,false
57bef02a04c8adbfcfae3cdfa9f2c45b2333f38c,false
49ed1b1fb94018f4ef3a09a8f72b4b97b68d903d,false
8f27752402c29b9a61c298969e6273531281f9ce,false
75c0970e867987aebf388b8dfe1d8aefe77f453d,false
01447bea4e6419822ab5fe3a62b920c9a990c1ef,false
c415bc53bd4bbea3da51221345137f8df76eb07b,false
85ebfed8a89bc046fca9293526b6ed894b5189b6,false
30d2061035af09a9f5bb4d5eb2ea9cfc0db2f399,false
45bfb42e398bb566250b58269567147a0bafd1cc,false
30563c00b1ad385cb1c28d2fd95134ad981d549e,false
5be9cdc6e05f8689426fd371f6a7b33b46127226,false
c01de3763eadb8eb88e3be85fe312de82ab64a0b,false
0ffad4d32b4803de3a88991ec372e72dca5dfe2c,false
907a8d303ec68433a0be14744b34570055e6ecfd,false
30850f4ee5d2bdc57865cd5de5022c240e4af10e,false
c31a88b0e3ed09dbdd18ed25f5b8e5916afba9e1,false
907e5c939acbfa7cda2bc6253f37665d86967fda,false
2dc4fef47acd113d5f1276436bd49ccb3618a710,false
32078b52337af9521071c9f8b56c5cb48e001969,false
02eee464483404ccd24d055b366b56f7b64b9d87,false
3c380e37c5ac4823d6317062a0201a922449bd97,false
176d80a33d49a0879dda378db1b0b387d4f7d37c,false
18ae159d7f5b5cca0274ca578922d8bd06f48b8c,false
3dce1b6be819e4b3753b4df8e29e676ecb92c3de,false
2157ed7290f965249b209a8d912de33305495cdf,true
c7f7c640e6e1e6980c3a6585d215c806ca69d2ad,false
412aff620af27b2c718671381bc75c5f17490428,true
32ccdb01e0a78549eaa403760e93ba9234f1d2d8,false
5552fb757d787c922e9fdb7678446caeb56b4558,false
ee9d65eb57ba76dc172651a8c56269526da8b3ec,false
52c2c4fbc90cc694e2a20206d351a1f5dee4ba46,false
26be20d520a603ffec8078166c90cf62dd253ff9,false
b9cdc8aac0354cd0690a125ed111e2565d98fe4e,false
9cf26f9713f85cf83fc1694c87bc0941ade268c8,false
2683d61b35c8f43441b6e67ff01ba9739b5e01a0,false
d0822eb753009531d181ada9166ff9962f522a83,false
fcf28d56d0a9484bf57f78b381744994aea39660,true
f773bb911f806f9667ba3b7071796a096a09ee8f,false
3a8da742cef130c997e1f430a8638d35f20192fb,false
e4be754bf550acf52361897c7c1ab32ed623e8fb,false
bbca156dd92abb85332f83f7d16d1ffc359e0f97,false
e52553eccc97b63a2606fcf497f1f0b8a9f7c386,false
31e64b3f90144973d4b4d02abd68fb36162abce6,false
a2e9025f24b1397375cf7d4d75d800475176b253,false
61589a8795b852268bff12e803265090ead9a987,false
2a3c1b7bdd6647d688e497cd3f556ba232c950a0,false
b021f87163efec4df91e652edcb53f6ec660242f,false
baa0e6cbe90c3e830aa815581e30791fe6ef61cf,false
0ac584076afb0857ab8c678c5bff47b4e70a26e2,false
dc33df6a5a49c2c60002b6e1591fe520ca0daadf,false
f793961fc0ade6b113d2c49d13f8cae3f844c1ae,false
56d47e8a600f9926ad98d29e89d91682f4634272,false
06a5393ea5003e9a752c3d0e41e5890ca55cf670,false
b611763523e956837e901466aa56757a399f8594,false
1475c8a5855ff5d7aceab8803380f2745a68e70b,true
e8b441df51165959dfb9ad76343d8908a5548cc3,false
4b7461d5f4f55610e8704c8b1a87a04b32a9a5e6,true
81b0aa16a2c897d49d79cd55c122340da40c0386,false
57d54fb44604e285f360ca315389beb821edd1c6,false
2bf237237a4dfeb86372102b21890a693f97ad84,false
a86003f620265e274bf2be613c784105896ab751,false
0e494133d8504437e8674293a2da7ee08da3641a,false
aee524627da1a903dbe44771da0828ca9e538995,false
4d5fd904f1796078919e7b05407b1bd94538714d,false
0759d1451d1dec493189146785d02541f818cc6e,true
4d9d0e5b5db2ca8384128a46bfcf1d1c1dc66ae1,false
7403b907c5e31cd1d89f53dc695791000f6463ec,false
1d14c5964d0a37aeb70da5519518a51b32086bb3,false
0c37c7ecec435096016a4e8446deb99fb8be274e,false
b800f2d787802b27cb627bf177c0c04a682afbcc,false
329dff326085246e73afaef4e9958a69f3877dd3,false
c96259040419241ba7ed77ef949a09ee13e8477c,false
02b3f8a9c11f304e09e21631cf647e5b336de4ce,true
713dc2f8b568475b147fab210ecf46ca47a98fd0,false
d0109e54f503d86323dac1a89eb4395d91ec0218,false
92387fedf7347af32eecb9d38f9b70a2c42a752f,false
88866fb21ae5d247140d735dc2028987d8792e98,false
fd5373b314c3f1db04896e0994a9c7d8c40d4776,false
3fe6d73f215c0fd90b8f3b130da1203c6d9a3beb,false
43384374fba94d2aa0818a018cdc5de4e33f5fdf,true
6a9d79b08aa0374ba7b15882bb4c3320d00b5089,false
ae3eac4382285c91691d038f05a4fce7551d033f,false
c4e0c39b9df919bb217742053faf13de50a01a38,false
c58ff2e1862c82d3bd3d249de13445e0c94180f2,false
0a3d9e7c8a2e209fbd90db810f4a7e6bcf4941a0,false
5d886aacb5ec14fce94a6da4d39f04efb72d6186,true
18d809bbfeb424deaf147e7e9ffb695277742379,false
509e7f273139dd86858998ad8fcade4d5b0dc04b,true
dd3d4944b42fead44ac950a95170f2cd56694916,false
c1095065bceb9316b8c2fb5101d20af6259fd197,false
0e0e78b004f0aeba3b930db2dd21ddd129853946,false
4a0feb8da351088f25fdc4e6d324a1f277aa3410,false
55e26f6a7d039fb8df82cee965fb1ddf85624cca,false
0bdb74f6bfebfcf9759b9d6cb4f488fb0ea8b4a8,true
33f21956bde7f9fec7676d44fbb7996c6e717873,false
58995ef110f708044acd34f523a78a7cd4ecc95d,false
b80a2d568019606bb7742e00e916b361274ca46b,true
d5f79505b749ec0dd1290b33731c2d840d7d8fe7,false
3357c9b50ada0322e56918af9d50c041d0ab2a57,false
92e29fc4c3fadf851c8a0551536a5fedc8e5704a,false
9a56a6021fd36abd05123e17d28598a61c45b451,false
9f2155ce40bf5f0191ffbfd0e7f159dd32e63f21,false
567d861e091ee09b5a19bd1761f991c0be3d868c,false
3774597b5baf974a324834c3f80922fa2b145a19,true
580a61ecf1f894c03afcfe9dde6dda12f416580e,true
9cacae03e2d00cd2073eed48434497a8ae8b3bbd,false
20504f5ab02dfda2114bee34f79c64fe4b0957b4,false
b44b9a7633dc991395b12ed3f75fc46f7abe2e5d,true
d43c9a57f876c84372b67b7f57bef17845900872,false
917caf2265c70e0e32cd5f92644c9dcc47f6b845,true
d80bccc71408798bc37e06f1a561e64bec20f216,false
2eaf97f78d3bb794c3462a8f4e9bdc8c84852460,false
55bf777e286a1f8cd0e1a3a74b0cd4a8237a9a0a,false
3ddf77394c25e5e86e67fef4957e91b9b19e66a3,false
ae5bfe642128227c2be7df35a1ca93d3cf1830ce,false
a9949620fae0dc5eb498188f3a9cc669f886c2bb,false
29929ba04561e34ea6b1e1dde65c1aef0399386d,false
b9c5c0440c45bd87477f9ee5293c7313f2398a96,false
3e46b1794ac3ff532aa9f969a02efde58c437ba4,false
0e3bec31f6fe6013e6a28bd1998615275cf2f3e9,false
f056ddc89510a53729c29cb40ed000f02f69e636,false
bd1ce0995d80351044a92249eab1f014058a3aa8,false
7f4e1550039d12696d2ef9ee3d8940cb7b7a7d19,false
2afa831b3e79aba79e0ac4280931195a5f4c63a2,false
66e07194a036bc6ce94fe7bdd0bfaaf68c778e58,false
4a0911d572ee643a159f0279800d0e8186f7d1cb,false
e6d26edf47ab7113bdcd1720b5f364880c725477,false
7a512f1b6e9d76df92b4c564bd38dadba355e16b,false
d7bc370d22be69b58ecbd78a4ebcfa0c618b127a,true
08e4f656ea0c1c100b1a953323cfc4a4d3627ef3,false
b2dd6f36893870d973a4cb53c8d0af6bef835c63,false
5f2cf455123438a6910143c133bcc6accbbf3030,false
7dbe2962603f1e4cc9a8e2d06d0e1d5e149e16b1,false
acd49ef5b57361a1df1209060bc110db0d092f63,false
49736ff78d46cf4aae5a621f887c09b18d10ddf6,false
7a6f890930fc0c3c21cda8afbf5bf5675ed64e1a,true
41b1f277b228344d76035de06fce74b0604074f9,false
81a0d3276fd16aecb00b72dc04a4673b5a04fb36,false
23ccfbd45aaf2d2f0909ddcff4e6c958ad6a9350,false
220b35ff9eb65580103668cc41fff88250f64336,true
09ede185bc651c704b0abbf43ca06d671cd0d434,false
9592ef477e28e17605c625c318a277c944b7241e,false
65e183961d1569f9b2a10b7314c679a42a8920bb,false
8e971039e35d2057a84715c24d4f337d7cf06778,false
129e9df28eb59361cda7544fe50ed5ec4af6cc36,false
1de3807836eaa2f34db9852de8719e072f3007d6,false
acb8a1c6457d55e3717ddd1ca93bb76ff77e9e41,false
477de6254ea1c1a70dc62a25e3b7ce4e86b1e142,false
e581066d4ca8ab584cf7c4a27b2d6d76649e3e54,false
acd01ace270838e5fd94adc68c765417bb3d22c4,false
14e2742ddf239265b1986a10fef706fa40fd47ce,false
d81f37dc6d8dbf4e0fbb642cc33cf2711476be44,true
137cc57dff5743060fb0b557c2273178ed61cad8,true
9157f7853c185bc0b3bf034244a7c05ddb9bde6d,false
b8c4f41c3cd116f2b7070ae1db7373e80f25aab0,false
5039d20849172fac513dc606b2569623acc64311,false
96428dc85d8de51a4a93810c4c7d5bbe91cd689b,false
d66a30da8acf823763299499e6a55b21a52da3e2,false
3cd3a2c2c9170702cf715d6d2451a993bf666fb2,false
ee6459575982b54fbef0db9db113dc7d10a930f2,false
6e5f79052656002a52fe14ddf3e04afa18f00253,false
d4b0719995675f0c9c3329616f88cc94acfc4fe1,false
2e62157a81328117c9d82ad3c31802d03d0a36fe,false
088d50692d97e1d74d6ca5f3bfc2a9fba97027f4,false
aca6a6786e91d4cd0176043005fcff2d503706af,false
eefa51acd87132a157177756249fb7c91990082a,false
eb6c31c29684e658bd41e6d0189b13858286db7e,false
60d92bda69d0e46bda832e64bfd6b881320f911f,false
51819805db49b170860dd20fe20db0825fd71019,false
b27fe56184126066d000252dd843342f733ab3dc,false
613e5134aae8819b04353849982511b6c0708661,false
ae814ced440b0f516e7e173167016ba6a62636eb,false
59d2c2ab873667901e3b6a7ecad44016355b4629,false
9a3fd4aaaadcc1b4cf8720aa71640f2b7769e685,false
e13eed31f0534a416480b7c49ba0503e9a60c8b9,false
f358cddbcb759ce387692af28913e169423e37da,false
50512be6df114a96a083888aab26f1c1cd09b492,false
24a46e490a678bd99a3dc1f3d720121073627aca,false
8fc0c4246ed803a4aca133739179273d4334c2cb,true
ae4862667d62ee4544c4057cb5de04a8293e0e8b,true
8e1a5667b2bbbca147934c4ea29a0efd0a4283b7,false
c9996a61e8d920c1cbe5c1c8c0c4b3b3dd534fd4,false
1d76f1038403da3276aa9e2300f9cbb4c8a07c95,false
9e5e2cde05438b67b4adeffce2bfd370698cd0f6,false
5c2ba02272215401aa6308de69d91ec50c5f286e,false
c9a7af0e2765de6e996011e5f0ddafd6c15b402f,false
a8ecf8048e3f6694e3220039655f8ef1dd032af5,false
e0a17f563da24d472ce5dc6e26515a96c7cfea45,true
54604f10cd4e2e2fe4d14af46ccca659caaa1ef6,false
2b33e3de323cad4e27feed3ac947fae4aeafc973,false
6950a7d774f0cc3f035bafecc4bdd55515631769,false
3aa44734cb98dc7cc77974ae196f3ef63da8fee2,false
731168caa4e2adb01f8c96d0ad0c0f47513e3587,false
750428347aed88a7f34d2ee98f66e9d436f57425,false
28990338f2096229268ac668d367bedce96d3d63,false
a520540c08ca1515814c8b8d8d837ea9f0c683c8,false
f7829d717d5a5ebed47b14cf503644ac073252f0,false
9e474b6613b347a4fa68e08a4c6ac067f466dd1f,false
0853f0c6bc3415a1270606ba6a7dc9d89681730e,false
61178e8e6b0d17e265f2deeb4331c59edb5b92b7,false
3227e9e07b6eab26c82ea200aaa925bed49707f6,false
50f724ec419b199e7b07d2278a6c4f07c5821672,false
496f46a0dff3ad24b1b8e7a7c65fa59770616bd1,false
773fb4a90db147efc3cc5804fa5e9c8cce592828,false
59a04f1aeedd09149ed8c4e72a021f5457d3cead,false
95f06124597dd8c47c9cfb15e8d9153cb7501dd7,false
2d678e6d62b07297e991054b8adb71211ca1ccc8,false
bb1aa0d7537c5be03647a99c697e8823e63f4fff,false
b6f0be521f7a1d98c308c5bd0c8e7af847482cfe,false
4dcd0ec71b167a1744a546ae8d42ba89c4682a76,false
6edcff865abdedc6a78018e4feba962529c2853c,false
9f5b7361f180b5400a0a56e66444c9497c03ebaa,false
e2f95d0ffbc446526e72c4300b8288464e20c908,false
2980a2eeab0ca3bc0fc0062f9c26fecea1a2de8f,false
cb2acdce6fd4a91d36f97c4d2cead812200c6fc0,false
a7f793d7150bb818ea4a8e7dedc58ed77ed7a785,false
f9ba0d0fcb6410f896c37fbf57df730fdb490c2f,false
9c3a95fb93f63082711c84ce4724ab30c7b5dab1,false
4a0a626df29ca255d7c18d3a606e85fdde3f5e04,false
d5a78ab0c1867439ee9e76d177c56d925b6005f1,false
7f01c83e8276a4229c3c76098de314017888ecb5,false
3fa440b08399bdcd85c2ccaeae19340cbc6fb4ce,false
3883edf72fe0355cbdc327f36cbdd9dfd890ce06,false
a346ecbcfdc2a4c14cbed1be6a054ed362713690,false
a6deb9c564cc91d98e8715aef7df70f52edf0dde,false
10308a8ef447b4eb9ef3861d97d50ba73662d4f0,false
3577f4ff9351fa387924bd647f9ab6aec921a9f4,false
7755cecc098e48a59d54e754d2ef58dc02e56f9b,false
487bcf1379e473c04f360db016f1356aa27e96ae,false
a5c3bfc890132b3f50eb4febba5e1237a165778d,false
06593ec985c2e2064e13d172159b04f4398ca1ae,false
830974dbc8044423c4b9a712d760b78fa7419670,false
65e4b0ebebf4ea4e8b654ab0a7513daac5c96984,false
fcb5fdbcbd0e5ac5757bf1c6f3a5ada15a93612b,true
e93cab37324e3472faf6b2c21a7ecf72348b2843,true
8195ec610226b0ca114963896bfd95979ab23ee2,false
119013248dda3876d58e7dbaf48258c20f548c67,false
eac7f315a668bc2d02824a6f50c9ee2e817ddc9f,false
6e5995fe5167ab65b6139b4c0477bcc610d747fb,false
91d3aef8c381668ff6351b1d90b62196f9f4d870,false
18eaf689da8f800d6288c70c829f3f9f1020b8aa,true
fc5137f726b79e3e65483ced1c60135837186853,false
dcaedc0a43eb67fe522dcda32dd37543e608d1df,false
55e0f2df2368b21acaeeb2404ee1e280a43f2b3c,false
9dc05ff95ac3d94616c30e5669a7c73ec2f9b760,false
e73dadcfca4d25bebe07f6cfd7cbfa0d22cc2483,false
d4d62cfb0854846bbdedf53aa06c0143649b7f77,false
267f4df2ba3d683323e2938690f5bcef116318b6,false
b58caf1e8e13de88b280b83522b2df994653e40e,false
a789b485dd0d11bfc93b32ca21a5a91bf787b8a0,false
a7600d359821debe312d1d14b49cd4714481d7c0,false
34a42ea53643c4aa23ab9e78c1c398a3a1b11c8f,false
4874e66b67e7401c0eb236dc083fda14c3904648,false
9c4f6f7c5d725d73a7bdc68d4afc3595d646333a,false
640cd7dd47f65c02574458f4b25d8b114aa817ed,false
954a7ff61231ad2b3056c3531138a5003b6c48aa,false
7b8acca1b3788b53827989d84153908b6db147f7,false
0aacf195c61d35d4c957f8cfc12ac4584448b226,false
51261573a62afaf58f4f8f79ce3946863060f606,false
cc7a26b4c2e403de08bae117a193dfedb78c5219,false
e289780dd38cd8002e603dc6c94fbb4e65e4ceeb,false
3e6cde866a417b3f11b5af11c590cdbec24c317c,false
754cbf50975151da54cafe97e8d010f9d9735919,false
4454720287f137deebcf42cce9fc3a684eb6d629,false
00d1d451d7671ae11765f812b4543c8f4bc4841f,false
2e256d9e9b02f19e2267ab45deadd90e12fd5fca,false
9cc6c71f0d4fb835084e3d128a4a23567fd1fe5c,false
4c9a94adc52c3e03bba747b966bc7c3be504bd43,false
8b04b1997722f8df785aa77565a6caf9423bd6d3,false
63c3589b4c00fc23ac37ec134680c01010b4e933,false
df9d9618b866cc046197acf96679f73fb6401722,false
d77a3c4e2c3e2b88e1fc074576f5fbdce94a89d2,false
3a66cab70f182205cabfad7cd623b07e3af59bb5,false
6d1212ab56ae78bfbbb0b2e77bbf25d83f43f898,false
ddd39ac848df067ab5914981e0b541a609af9fb9,false
7d3afc6764bf817ab6835c530e659c8ad342a182,false
8764b21ed635b25e5115a82a1c5a22a98edd881e,false
5047aec02a7345ca2d8d680938f3785f7d73be10,false
c24475b85df7a741507124bf3e32bed598f17319,false
28f92b8a9689282103bb0b513c0f9ac4730faaba,false
38ad8e067a400b31280eb41e971b14737226827a,false
f703e92b98c586b96e2d2855074a3a568ecd0e49,false
02515c0ff588eadab114140e11ef2dc3d6096508,false
7ef70357214e9af670dbe5ae2daab4546d8bbba3,false
627ffbfd7ad6e5dca79e36ffebe34f931430c454,true
35fee6f41e01841556906c47f438c22274483ebf,false
4d53a02710df2fda97ca5579772b629022267677,false
bfbc32a68e6d5c98ce91a025d2bebb00e6c5b5e5,false
230a4a55c4829a5eea64f657ba446d11f46fd74d,false
793ff22641124b389f3315a7c7a6a2ec099b6702,true
94d6517d77814d246a925e347ef9c87888216381,true
e78a88851d78667d278a0bf7a64edec7265e8fea,true
3bf17681163abe3c1f5b5a9bb6eccabdb48edcb5,true
75b8b354340f4e37680220de931727b81140b39a,false
1a9ff34d174c8edcad5f5689ddadf8183c92712d,false
6082fd6dc6c3c0c2b3ea78aab7143f0dff855215,true
98e2035386631f83a92cd104fb722fa51b210681,false
0cda1f6e5bb3a8d6c00849ffe9ce083ff4f12f12,false
76d9b47b131c5c1076e2a781dc8efd7069495eb8,false
8fb28cc11c31b963b71bec5c3a602c6c548b171b,false
8371cf705af92b488985c4449704468c290f7719,false
8d540f18f374473904641efce397efb3e4a93f11,false
a4ccdcf07113232bcd3535d521b86ea1967e1c74,false
1c21cb563496bbfeb58133b0ad2ea8b39121783e,false
2f7ad74b87905f1794978f30a03d96d5b82a1186,false
a78c140b05b8bc5ef0890982918b44982a1d8589,false
3a61d65d18eec3202f404aa60223ae5f44f73144,false
a17c28c7d125cebb6ab7d337fa67184befc4d4c3,false
6e9d0caf247a201d77b5872738301cae4a35d451,false
9a57511b7c99aa2d65375793c7cbc0decc2d7814,false
163a23b23e16e8a0f2cd52f94e47883f7cb5a032,true
06e341f0cd0dd027dbfee70b7190aff7f97e54b7,false
cf855200e7eb04733502d06731c5eb4e12794ebf,false
36e7df7383ef3a6c1bee7ee44f13b933d95c9e62,true
8b870c34732a9c5ba4f312877eab1f8222b5ad48,false
dbae11ffcbf873de8586e77d3ab56ad9ce2f5b37,false
924526ea581ab613e709e3c078d06c166aacd124,false
7da5be1bc34fc4928779f303cd48d42b8a3cae0a,false
82c887eec226868e22e1ecfd3dcb65691a68e589,false
f81924ca1382378beafc14bab83898340cba334d,false
9345129fdfb38242baa3241230f84622f3fc10e6,false
373c34bd2f261cfbea9a7e5a506379ddf7e416de,false
b571cb5ae1fd75812372090f1eba26fe29c0fe71,false
4db76a7a8f66c3e9e94f776d64a609a686a12a2a,false
77e5e8c4315a98f079ecab9ad9429b62cfd461a7,false
5ef41821556f74f26b69ed6dc43c446177b945ab,false
c55d0b01d1ca420ea295a8f83dbe93a1be338e61,false
68a2c7d8c2955d7ff3794bd2f90506ab55252869,false
c7b463fa63c38b831eaf91482d839d4bbe555be3,false
119e3fa6338f5401f0a75873e5a6526b8b23cd80,true
e11373b707d262fd240b560135eddcedd99d6061,true
41769ed0bafed3b958fc119189480c90994ac6e8,false
a35f2ee1ef3e7a3a2aa9b4dd5ce09905c02d177f,false
cb1c7c0fdb8f38d9f419898ad125965c8af1aba5,false
139443ae5fa90d466600120c2e3c160fc4cce8d3,false
b1c8d5be60b18498fa47b221cc59a785852ee8c0,false
4be9c5e30f92a54d99cc4d970101e367ceeafffa,false
6939d22ee319543a82ee4bf99b90d47dbc7cd8a5,true
d16c00515d31f47bf1b852f763597f0254c7398e,false
2095296ec89189254065b2314f315b9bcb365d94,false
94e625e6d295dafb77a3042c038ab1a791e2857f,false
3528d0600a3be81c096c651b86259023df72a216,false
7122fcdd0c0a3ad002ab10d77de60226ce587316,true
b6fc26061a9750dd1707adf13557c42f37702d47,false
3cae7569a19e354817653c85a08d2fb671a06837,true
1606d184ad7e152f049027b6a83d6300e84cbba6,true
f24cf85c662b7a0c453e30cf15cc4d27dc542b35,false
a89743b5f9111ac2ffc59b82df1387d488ab08c4,false
52598a4f44882107a14aa680175c2e094a9fa761,false
47463eb05661ec9f8323c96874fc8d6161551389,false
c691255d12aea909342cbb44e661661137642cb0,false
88525f730190b0dd913d22917383449637547896,false
1a659a89cfcb20a135445dcc192c031f6c3f8cd4,false
e07671c83dc6af64111cce128e3fa5eefbbdce84,true
f9d7490e4e69e2c608bbceed60628e297f034e64,true
5c789436e04cb526ac9de8490249c1d53a6801b8,false
3e37ea62fb377e58f0a19efa2d144cda648692c9,false
5d651d04fe891f2197ff72e34f2075da4633fbf0,false
4f10708faa23cf6ff90fd6fdff4de9c84df732eb,false
03344cfd57475273a8e16087a5a9390f9f3ffb9c,false
55604948b1da13404679f20b5fa2490e35ff76d5,false
e2344f8959516800cf3f75d25d23ff4fe4cdf456,false
53e4d9ce7b94b4c6e7cb0f7b817244664d3c0124,false
a3cbb000e944f9d56cb716e38d74477269ddaeff,false
5602113b072ae1a87a1b40a9b830cfa1821a10a2,false
df6a7a6a876962082c5a36a14192c46c46a432f9,false
23eddbdf211ad32b2f31d6dff9a9c3f741660571,true
4a12c10e9d0baafa4610cd5881c74171f768c5bf,false
a765e0d82f7cbfb98f340ac260dcd31f28b22027,false
3bc34d49663d4c172292bf3fbf579f079cc0f6e8,false
5564ad41257dd71cabad1bdcfe3730f7b66fdc1a,false
9df11cbb03d84f0b0578c4356f40d1cb2c1643c3,false
8a425c2069a34a260bf1849c0d04f84cecf02769,false
0a881992266374b6fb9cba2fca43fed0cb98f951,true
f4f7f1ca460e0b6537400b8dd346226127fb445d,true
80989618fa271059c930bebf3f9287e8e0040d6c,false
5bc4779efa7e40bb47587eff611e399dfcfb179e,false
ef94f268f40e397c2e61dcd1d4b7b6147fa2adbf,false
6b5c2a1f40f499e2a835621b076f6ffbe91bf3d1,false
8199f1fc9c215544eb529033b610bb6f3b7cb0e7,false
34df49b368a238b9f3fcbe4ec109a38180b0f30b,false
b86850d26c04c1a8ad2fba95583c4ef7bfe63e22,true
94cecca330c78b9c3773548d558fbe4d1863fc09,false
6ef76d41fddda1c8ea31283bd38a8717c1580ca8,false
47f3c53e5521b8cd05cb0f3ccef9ce359b4f10df,false
7e9ba4ff987f1613c6ba4b06be2431eec2e4d88c,false
97e3580c28aef165ed7d2ffaacd640fa790d2da8,true
8e87aed4a5cbcd36c2652fe86b56edcd64591c90,false
ef40c279ee520d796390cf78ca8f3a8ebdc670b1,false
a1ccb0505e60dec5061fd3883bad6e83c0384cc0,false
ebcd3b3c83d4e96a63c7358d969436c81e2070b8,false
6f3d0125d7cb912cd06faa29cedeb1434a569a7b,false
891419322023be01cebade0925d1f6ec19c6213d,false
75c1340dbc32a44a058ef1a67f0bbbf351791434,false
91dd1d3b555bd703a0086392a2f1d460353cc2c2,false
9d2489b1d1fe70f0673468af1423b6ed10f529f1,true
d73b73ad28f9f0ab480a0957b9e8428c808e98ab,false
49e9708400386525421fe27b0a3e245b8700b7fd,false
c89f68ef30f4e9fb3b5fb1953a329b57a5a7894b,false
b0e875db015469fc859fab8a4cdf466c17a2e572,false
a8e9488a21e6523462feb309946633d30ad1d5b5,false
e8c7cb456f34561c5714f40ee20342230e6357a3,false
885d77c1746ce46c7977f3dbf60353d21a1b38d3,false
5bd0fb4e8ba49584acb63d43b8ea39a2f66b6e15,false
bf4a6fbd039648c579858361d8c986c0904027d2,false
4af8d2d9969a49f2efad7d3b0a458450809314dd,false
55d97abfa830da1930244795fd146fb90bed19a9,false
d1c2fa5be12abf39446df1db0341352e9ed68a5d,false
f33a776462828b25d397b22abbb20e4504dea883,false
198b7bcc00225bf288f8ef47b129cca1abf1b3f6,false
086d0d799c7eebf0279aceaa7915d6da959a3087,false
a9d97c67c7d18ad95777040edcc1835ceb7adbb4,false
959d475e0d8f548e095b05543d792369512f0bd8,false
2d496e65424b809e894d19957941c6214449c316,false
d0871eeddc746fe858be9680c273cf62d58e95e1,false
786be7b09be4087e1200bafe7398ece568a7cb1c,false
31d097b80324071e64ccbbdbe23b022aa2c8f94d,true
17c0893372b71555f680eb225fd21299a191c9e2,false
3c541637e43244f23d467e11b99795db8bda1ad2,false
d2b73a176e96bea507929398ac39eb056f8baf7b,false
c9fb6a3c7190c8edd1c7fb3284b847baffdb15c0,false
48590ef23b43e42e6159bd0c200924598737e872,true
84058ef1a32895d4c82daad549a30a35f5e273e5,false
e44b860956c58d5cd5a8f3a634797f5398156509,false
cc6cbd7def3f7ecab3ad57318107210add635cd4,false
166f25333a9f65559f27080b542461be91133d53,false
08132c81b356ab00c531f69f10336241b4751017,false
f5760a8abfe1d14581b382192ff546f835e7f98b,false
3fde656207d430a27be20578fe9891d144a99acf,false
a828847df27d211a75e0ba3383f14d91c2039c2b,false
81998a3e5394782263705e3e8e9cf1db58e2c867,false
06c9129e2ebaf32e46736495fe07b34ecfd06a4d,false
9ddba4575317c65795b0846783b1f9a58a39f610,false
0a9f1854ccc847955602c2212e67bc7baf7b1414,false
68f17d66bdf2849978e09d69a0570b88b69f0c9d,false
dda2f3e30cb6af46a8c7b8b5766b208ad6e1b60d,false
a7aee4bf0bc3455124dff6a62b7857b0c7514b97,false
20cec90a006e5bd9d7a0884ee98bdbd8d405564b,false
834f44b7977dd322d09a44b42a1eb6bd8ce33620,false
520e8fa750f4c6eb82b3009da082557bbc74cb0a,false
b61e6e6699441b8fe7a804cbb7d44f84863f3a1a,false
e886f7038ab9039b6e6679c2072a49687f87442c,false
b3d2fab879ab757f8c1798fe3fce0041b10fc5d6,false
5cb01f9a55dc498cdc8197dc375db33f13867887,false
6cde7661dc3318ec692453ef8638a95abdaef2cd,false
89e3c22efdbb1e57ce27df1b97485ebb0d18b978,false
e3b1d06cc494a60617a2304412b8d47b89b5a2b0,false
2e82ea6586a6b687fc392faab24f379f72db3b7d,false
64a3d12f4a3d8be776c3977396f7bb97037d0069,false
e9f07e16a17f0d5c9a6f6783d6e23299a4f17334,false
188df04dc3424302ec13f6ce40029a570de7b9c7,false
4b359123606ec2ebf2a10bdbbd80bf95c33ea893,false
e02183887a9e503d79794873f838d89848db0869,false
39f9059f2f7cdd57260de8393cb50dbc04631ed9,false
0f87146c751519429d4734ff722eff1ee1197101,false
7c960f4bd883122eafe03736d72c0e665e569134,false
46360a939d90d991d452e6a42479e060d73a7f82,false
315db7334f47b2a5737271eb0733690f521ee2c8,false
da4854a7a671d3add241e87787e4563953c3396e,false
cfab0a158fa26e8fe72b8ee78ec979f3bd35fb1e,false
956dd38f63a7ea92bba644b2bb8b8d16ba91e3d1,false
41665fd864c6b43af841d4199bfd889ab9a3faa3,false
99a8057e52a899169d2a731111217eea11cff5a7,false
e9005fd8764e8e6dfa2e66ecd11bf786f83ae4a5,false
f4879ac62b4536e604d6980107ee0dd2c8cc0254,false
3a7d59c9e464c09d691bdac61516853ecbfdd862,false
b8cfe58bf282fd24b2906322fb56c0083576e070,false
04ea19b2485edc4a7e3ed429ae5d341d526670d2,false
aa598541834154d728256478ad10e1fcc7ecc4f2,false
47e6b20ed9b8730a62851776f3e9be8f550f8b2f,false
66ef7a998c51c5d7b67065d3d7896f82f828e1ec,false
3d65c92aa9449b6e6ada30847d9639d9dfd24990,false
a8905ca49ba5023e84b25ec4d8416dc3b69274f0,false
35b8c95a29da288d30d1e6ad4621018e56fbbb83,false
dca5529e94f56557dce8d651057f319ed5a4c61f,false
0b16dd5046c6ce70242da2e9f7017dba329af6df,false
ee01136e97c58e6616336f79756ca8d9faaeb7e2,false
bf541f6616d12d60fa3db679e9f57405275a3c98,false
c827c54e7e4fc696aa3b818810993b477d31d43f,false
a2f8924c6ef5e1680fbf3d9a85af667af7d192ac,false
df3b2c17e97529ae88c98a693e74ade180df1f55,false
72a584d0a3b07712be7bc4431b997fbafbc1fe28,false
5bdf7a11398f3eaf988f47b1463c247a788ebb6f,false
e2298ad2106940f5526418ff00dd903b003872f8,false
e23946b15b12f7928fc1cb559c0ad97efeab17f8,false
a1d3424b48118441be545f7517548a13e575d13b,false
0a754b343f94f01bf6a4abdf6976faec506f0516,false
de7bfbb8f84ccf82ea5fd4e934c7a9ba9e483f31,false
12ceeacd4f7b3ff5769855e6b50e8303bc822845,false
b6985ae3b7cb72770aabe350c904b21a73e00c2b,false
357e320dce7f237381cd06f604dcf7aeb8304861,false
03db57deff4ee94bc36d5bcef41af115cf22b229,false
005332432562e1e678b82f0fb9d1e153887e3dfc,false
d2ba259a93746db7c6d33bc12e13f1134594cbe5,false
22c5bae9281755303e8b14dcb38c3694a2c7740a,false
ce1d4055007d4a994cd835fa0afaeb4e1682bda0,false
4a96fa2fed6a363685b09a66b0ebb0a85e38c300,false
a463724c6483dbe510570d99fa74120e1bc48675,false
8ceeaecdf8309ffbd48edfa2a3bc1f58c5cbecf7,false
ceb0dc15b5a6bf7397714dcfc6d7a8b7a8f44a0f,false
f204ebe6a09acae9302bc881ceb0f9507831382f,false
1093eabecc3e7da6db0658873ab856e054977546,false
13e58851c7bcad144384ebdfc0c781e62ab93210,true
8676bea7f0cd55a92e7bac4cc110e777e4d13762,false
544d32c8abb7aa6478dad28b4ddc2bca5bb610ef,false
45204cbafdc631f7f4163065c9aec41efa767098,false
d19a6304e9d06b4f3ac7a0c621793280d188495e,false
0ee2d1f6bcde882268a76062efef640b8360e088,false
bc4adc1efaa488c889d3fd2ab61f8178b7e704b4,false
3604c6bd0692a75dfdbe2faa1670bef4fae10e69,false
ca23425a3c6688edeee13a9609418f96e3865110,false
d5585afd4142a3facb1d12340e0c4588f0db6565,false
aff6a214fe2a2ed3fe6da29799fc12eef21e94a2,false
6dc1a7451c3fc60a9687e7ebb31f197d8b443932,false
a1637013f199f38e3f3547eb579e4f5fd411b697,false
117033748d6da65428b485c75952b26c5c8349ee,false
00a3747a41d41e2739fd011058933104f7527b06,false
b86a624a8c4abc6c87d8cace079768a3644e770e,false
c5928a553593ba2f798fad220b7627519ccbdf71,false
379bf76fae3ee2477c95cd8a2cbc2f6aa9238233,false
a439568e4c9dfa1a7ebf98c8aad3d0da8314c47b,false
cb02ca1148b8ef5e7ff07583b85f0a6c72979119,false
87b67e09cb41f975bcc2472805b8ecacd0eb9519,false
b6ba388457f38c4f9af77d7fc2bc1ab12354dbb4,false
7481583d88a189d795cae83767536f9caec26cbd,false
c29a802fa97e1ab784cef8c3d75546a76ff3d702,false
9671c340cf314dc45b89fa79e8acb1c8dabff1b9,false
cb59c583153ccc22f59aafd17a26e69bd519dd10,false
18c9c2a4c5a922c56aab240cdf9401441ff1b3ce,false
7cffb3746f55dad924a816075e6a9ac150b330df,false
58635cf8593a80cca75659a91124844a4c64f2ea,false
cd9f10b4fba8297c3f90d77f86d12f5a0b965948,false
ea8bbc6b819230d72585dafe678cbc13d7229efa,false
340e9967ecc1ade922cc71b7b77977991ad68a8e,false
73c8d3d66c5e65a46b839a698c82a845ad199e19,false
74b3ef8ef03954c59b5dfd57ca318453da49b3c8,false
ebb31be5268488133c5cf573e31d171881ed0144,false
87d47d4abd9de67c6e6274698db1b0b672ba1532,false
80c60f825948f404c510661678d56f4b8a2f54ef,true
fb8be1cdc720b74e6846ed07362ad76e586a1647,false
6e9de61305e6600b07ea7c98ee7d4805be6ac77c,false
9e77396d7066cb3c3d473c57f7dbe99d6cc44fd1,false
3c34c43fa1d1451d5e9d947870320aa10ef8594d,false
ec0e3fc8934ed4826e6cc93b7e4d859eae162776,false
91093341cd87498f7082908233ea7e7ba7e1df99,false
864f203b58288c4a69f448d5b3bbd9876c263756,false
3d9790f925adb08caa4b8836cc943ed2e1283f39,true
02ba3aed4e9df2de1261f284f8b4a7cab5eff789,false
da9360ff4e63f8b404adb286f2bbfb0929729bc3,false
cef8528228c260fd344119e739aac90b51452417,false
4d10b1d7b974a0a298a8dec10fec4da4d80158e9,false
b885dfc5aef12038feab2e5acff73f40d87f6aad,false
02eab6aa5a6cc74b377839eeafb090e4fa0ea6ae,false
ce7ee54d6dde07e1a70d44c9dffa1e1ee7288ee1,true
6ec8b755c63f699d6f5c51133f67634baecd283b,false
cc00b32b1e517ca798d315e5023989a7ecbe9453,false
4f0eaad41b08168e11f3cddaedfa8a9934826972,false
b6471c45b9f0da6482bc5796d14eae127be9225b,false
69918eb8b9175bedb54edb3d5c4e60f8b986270e,false
3a9cc6603cb49f25a85e2aca5061fa036261885d,false
a2a3349ef6f1ce4b28de3d88aeda3daca047fcee,false
1afedb404f672600d2759f76c29c6680f161cdd7,false
b7d3db98df1d1ca1ae167c36e67856fe9a4ad02f,false
589494a1b1726eab4d14c93fc7ae8c82d22c9309,false
63f24551a36434bd3417f57da03aed54ae0fc44c,false
ccfd50a0a0b196ab23bcb1ea669dd2e44c72411a,false
37465a3423f1720d28e15f8f95e02cac43546766,false
defefc82072aecaffc7b0c3f9b1f549e1e625805,false
8e97a6ec746d644d1cd6a762cd04ff8eee504b94,false
7418bc89e0474e620c13f640f25565769d3c4652,false
42acab91b195ea22c803211d1a5c0f6bdab0fdbc,false
2750dbe1371aed3c92628f90666156bff580ebe5,false
f82c1b28c7e8a598c603c173b9aa284f36a7fb5e,false
f30694007329ef8a407daaf5a83efa08d0b0b1e4,true
29c5199608923e4f57bd391fb0da9f8dbf487102,false
70a6cffdf3e0cafaa8dac6737f47a2308723bf9b,false
b36db22ed2f6f3b0049d9685368e20785065749c,false
33ab45e71287a98b1a82700f2fe44bea843cdd21,false
85a357ee6e2457ea519554e23ed223d1c4ae5b74,false
62a5d93135a9d070b92b05dce60cb69b63e3d819,false
04e9a7792aa35737caa6a6975ac5171bfe38c1e3,false
f3fe17ecdb3ca47015593d2a5be892d7eb360270,false
e059012f3959b56997450c40ade452578b955d3b,false
e4509bd0470410bfbbd06eb507851b368a348d03,false
d10fd1f8b03858a08910e646d909030420355c4b,false
6508c2fc6f8968b241532a9471123f241ffe93a5,false
a4a8cd39b1d0f70b61d796c066b827b7fcc335b9,false
ae3a7b4433d2a4a19bb5fd24ef3cb435f1f500c3,false
3e2c9727805e707f688d28e9acd070aca5875176,false
c7f8bfa39d15fd26e97b13170cbaa4df6c196b00,false
37df0c38ce9c1a258e9d5a05b9b81265da89adf8,false
ac499504341cafe9062283d92537808e565666fe,false
3a4eb1d7acdd7c401f2c4f48b0f67218eb8e827f,false
25d8354c6aa783edaaf0b41906b7128cec480fe4,false
699cccf64f08d9f41029e7c3c81ee53a9c9d877c,false
27e045613fe03f2d5f97ff443fde708737be06a9,false
f03b410223e14d0b38aa17d40d8094552ff1478c,false
81eb343c555e9b320f794e993c847828fb73c21d,false
4c8e8a19bbbb702d597a8b00b4a0721548d8b113,false
081e2dd14aa73a0f7e35f9d511d801ae75421c6f,false
413cb7f14baad9b32761a3a82ae31e82228381e9,false
6efe06df9489e141584b2929786b2a20a515276a,false
15484a8e5723db7b393519c7d75d16bee2a87725,false
07d2079f8ecc128c47b8e4aafc3ebe61aa2e9c1b,false
5bb73643c5bb1f69c33ff237010e6b9ada8e12fc,false
49cf4a9983878bd07aace8cb55f6bc971bac2198,false
c5bcc7ec5b6c5338806adfaca948c99c85ddec7c,false
86d06a13b6313a299a362c7640b4b8075a5892c6,false
085ac2cc56e559b5e8e32d70656134d57d04a05b,false
87d7537067e8181fd06b8434137538f9734a8c89,false
09190b654c95979ba1ea8d815d6abb6e88bb515c,false
4e5733854dbf241e5fabc893f1456949dc35f9c2,false
6cb7e7133b5b1dc94922699c6b6e2f3242e82ebd,false
b2835786fbe9588c130e6d5289499ea985da0ecd,false
0099884354eb624140974b4c3b9bb45c26eaea75,false
f17d713fcbcb09828c21d2cf6a43380da814fe0a,false
df33b1ae740720cc718c82f0c14943eee5f17bf8,false
dda395b4cfc5d99eb79beeb1cbda79304681215e,false
c9d8d470ad5304c557e7dc03a2b02dedb929894f,false
25c1d5ebeba877509ed26be92b30967af8a2b13a,false
4a5da65a329985358d7fc0e7b02b22a8a821c6fb,false
cc8e21ed4e038ad7c0d6310ecee4335d8c1c697a,false
43893b4ba8f6472c8c85223c0794d869e0c48ea3,false
e643aa8154c41fdffe1e282da0ed8c6d6af142a3,false
c2bdf9f46f6aea52374f0b2ab81d2c45f0720642,false
25acad77fcdcab0cb647d5bd4ca2e30fef600d9a,false
9a74698b07a055c42dd5dc38cc3cb9b878f3b138,false
c49ba8a775fa338cc124727e87de30d6240cb260,false
053dc9bb9ad344db4cfb6976de7e780a0c05afff,true
d59c0b026094aa2f210b1b07dac6e1ebe1b0112c,false
ef8903c71d892249f00f3cfbb80e6d336d47fae1,false
74f1ba1bbd6feec1c09070a521ae5e69e1fb9876,false
f790a02b4c9da2b256b868be0b1a8342844fd3e2,false
bb01e3c4e007f70de01f27dbc1c849e621a80be5,true
6e404a313525012a59eeebb91b1436de4efd98a7,false
08845fd1bd8e0f050d45ce4d35e859dc2f457334,false
dc6fa7c5f7a8ba67255cd3791ff3a3d94cb217fe,false
899095a11cc88bca9f3a01f985fe9d06962c9d7b,true
1b9fd7207a9ba5a57ce9146c222ad0ee8dcca682,false
a5e9d8637726cfef8e86ecda3143539ac18f5caf,false
ef22f636f65fe429d88a823ed20c6747489393f6,false
8a18bba51f632fed1e31be0ac72f4f64a0ca2015,false
0d0cec78389d90c37a66309cb425922c8dfc494f,false
5d7dfe22a2bdba1833982c93ca333c64a3b28279,false
5d80a21effcab61e6e119eee34fc9adeb349fcd9,false
25afc64729b6a6c0edb3a770f944dc12389bf3c6,false
47222254ac8a951182497577ec98eff595b8359d,false
b875e134d6b279f1699b4e06082ee7e97b827fca,false
3d3877ad8ecda4652ed95499872bf13a22e1fc16,false
8336c5df615b1fabc73c98664627eeb0b87f2b23,false
3275b35da93c2835eb7fff7ffbbf65d251361ba2,false
e8507f46cff06fefa959fb334c1c5f59ddc5788d,true
e8b778a0aeafd1649f0019bd400ab8628f26db36,false
95eb91af9356e4e717a3c65bf11aee9d7e1041f6,false
0f8880a0095bed343d5c6354c30449b444b67196,false
7978d1fc95a4a627ced04769145de414a09a0421,false
136498b17a4cf22edaeae2bbb7f823f9063304ed,false
1106b14912ccda2c1ab96bc856ae88355c5e00a6,false
9470807c17309b79715cf54ed56b2232be4bafd1,false
b2c4f8874b9f4aaa681b75109af091541990c096,false
52a8b10093fec6110a10dc03e7a2746dcf4feb15,false
36cadd681b8f55fb220dbfa348276391c2745515,false
288f9251ecce8997bce4ee92608a23c741f8e135,false
4f20df8d7810dfb80762a7f7cabee4d0c0511549,false
5623bf7ded08f9bbbc0f5fb1c71cfb885da78995,true
9810f827569dba759c11cb8dd958dbdb21607e3d,false
aed41971ccb91c82fb88fd52e9eb76348120e64e,false
ebd97bae3e342ca64439fc5480291da54f16fe02,false
5e10edcce2da687bdf4f317ae5c0d2e6c8ff0f68,false
72bc37119728a3a76cfb0cffaeed51f2d174d636,false
f48f4d4f52c0dec6c25c0e1dda09549c87c3baa1,false
880779ad289ce32cb54eedae9337729a5751a949,false
9dc3a114d4244a9dceed0ad7386cce2bae1ec3de,false
2728c20c20e3fefc012df0e739eb3b1d18ecfac9,true
ca3de9ae0ed7115eca4bc410b68d083aa0545544,false
b4cef03b6ed1a4f6b4c60220c74eedd664338fb0,false
bd66e1421d93b19561d2b4cc2c08166107ab252a,false
700a571d60d4d117a20467fa939c20123ef9e036,false
ad7814ff77cecfad9a5e4c6417f391633dfca9ad,false
90ba3677ddeb77e059e10822c71dea7e47a362d4,false
e165baa8061e04e24eead18e6b416b5454122b8d,false
f61c356b2b9187b384f535eb6fe370355cc5e6c9,true
4b3d44b89db4c1e6536886ae3f8a400110e9bf0d,false
77c21daebb396d51103dd90452f73b490420ee56,false
7710f4753db126a2e8f57d170514896322caaed8,false
aa189ecb38feb885298d92ec2875baecefa0ca56,false
46f78f301ecb7eb23760397e9636ae3e41a39b71,false
ed57740e6a68c83ca9c330823d2e0d8485e5ff64,false
7cb70044b5cb2f46675ee6450a28b1bf1f01f8bb,false
9e62f0961cb861dd3305aeaedb8e6e3d9323326a,false
9951715bf52c0692d648921561eb59e870d616d1,false
d57cf7f653c8934b5ea9551c8b502bfa49aad7b1,false
c585128695a01f07a9f7598819ea67e210d6dbe9,false
bbe274b6fe957f0ea88b69768ffd58162ad981c4,true
5da255dda5a5ae2d4b2d849b2ef6cd2212d2697a,false
07a6d06d68e065a2e3e570580d271f527383bc13,false
9576abc4c30f9fe81ca97ef8599ca5eccf0c0e34,false
24bee5f18e46549f6169c7a14b24ea2ff68226c3,false
dd8711c908d9b1eaa9138d12b656de0c175e0d47,false
1d184eb6838603daf7ac2a4f1495e9fe932c29bf,false
2d1b85319c395453e3e963337c07769636c9956d,false
22abccb65be1c578deddf183ff6940c4d1a8a4d4,false
576492669c37f86609362f7e895f34ba72aa4fad,false
2bccb8e153423fabf9f53a91f01eac76c17cd52c,false
f1082f3b16d15e1b0bd66ddf9dd77738257214ee,false
45c3d7c7291c31def139f2cfb2b2b786cec833e2,false
2f3e2928f84498c431a775a86930956a87a15377,false
d88898bfaf076665b8b881ae59f13dc764cd4411,false
6e24072996a8619b4cbb33bc393ab2575983ba3b,false
71427d08fb6975a65e1a4218130a1af279528b06,false
5b9fdcb76cd999c90385080496d00bea1becc473,false
af4ab6e776054e87269cf6d62e308380786e2db7,false
bbb2f19c2b05d82ed43bbab2658ba22cafeb9c06,false
aefb20625cd1143ebdff7eae3659df65d4cbb38b,false
6b0651b9cae9468d89d10847b78c945575fed634,true
5379eb2d02336f7004c1ae6e35bb1798684b1e1d,false
446011881ff995f9048ffca1f79a0f1d2d88439d,false
cfb68578dc988c918702ab6555eb7f91f291d5d1,false
bd4f07de9dc7165771a441b862a7ad23ca19003a,false
260dcf5033cf842acc11f38715d977928d360c8f,false
ee1d74f3ce2584065bbabfcf8ec2dcc35811a146,false
9087fb48b883a4571bacfb98bee41532dd8754c8,false
bd2513b13d7c9cfeed4c5c66298be4d32a5355a7,true
7492b7abc7dc228f656987e129fa46f87024fa12,true
0eb1e67097438788352e7d9da588a11249275d4a,false
32e67f0a12e9cdc01e369e926bfcdef7ac7936c5,false
638cba20bdbf3f333fbc6f61820e85d6d6624834,false
4e1ad66dd372f8e6ccaaf2087149e92aec5570e8,false
83a41c0a66a072e9f12f9ba7d1a14e47ba558aff,false
8d6cb0f531aefa742cc20200e8b78a079a1acb6e,false
030b118077677dfee6fb10810f25feed490e154a,false
acdfbfad13a3ce76ee84dfcb5e7007294d437213,false
8baa57a4f96ed6c0800702fffee60b0d90ce2328,false
286e39a92894b26845f675d9d857c973dab92c42,false
cf6666d01d9b45df7fcf52bdb85d9d32dd4e9ed5,true
4d7269120aef6f928900c87a9bd243b4a7572286,false
162f5d8af36a86e67d897cd595491aaa0da0c063,false
ddb4330e20222522cc59ce5486425bcb9ecbc09d,false
722385734baabc0ee2e5a0d05fb1680d4ead8700,false
ef8e37c68e122c11aa65e182da9ddd5e972757c5,false
c79d7a166a5f1b236d1df75a88587ad91c16c3a0,false
8e504525b388a686939a1bc20d3f3dd617effa99,false
c1dbfe5f38bd253d64aeef2406c27ede5d1503de,false
a25589ad892e8efc0aa05f7352caecee8513b1a3,false
4e583b698e6ed99200f3b8e82ff8557214c6d0a0,true
996c5108e9f50a8063af6c2f7d62f93ea0a1afff,false
f806f68f68968ef401fdb99cd22cf484a8057965,false
72cd0fa436a6d26542b892f2ddd4361e93431ee2,true
1406c9ba7a1f2458fc0f4271ac95729daf9d542f,true
57da8ef304288a41991fca13c48f2df4c9a97d61,false
47de75db88ff976944e76995baccee8e5c239464,false
9a474479838bc9962386954c0f6cc76b80ab9f6a,false
16dcd4d939473ce01e21982e074c7861b305893d,false
2835f1a969900dc11d82e1daf5cd12f2c6d5d699,false
6275f2667aaf24206918119bf778363a6bcaabec,false
b455b90271eb6b6caa52a86699a3a612f6a64b82,false
654125bdc9b0c10c5ae83ce754d59ca92674109b,false
787ee3f9efa08d71b21ef0454fa0bd4a0cc69700,true
d21bb6dd7393bb57f3f524d078023cd4754b93d0,false
1c760b6a9a7bcad40da5de1205011da2345046a6,false
857ea27f293cf3061f67a1c100dd0eea7d86c71e,false
446ec816701a21b7fbdeaabd2c9385d5564fd6da,false
1877e0683fbe308a663dda35b5219a40f0c606fc,false
20130892d6a547a227bbbff1040de8d8303f923b,false
6f82d82c991bf5198a9174822bd4b0b1044d94b2,false
743de0d4df27a98887919fef5522cbc1afa28149,false
9ccfe8d27bb36bcec4ea5253b1aa4c52b39d51cf,false
615f36ae7ec184ec23c1d48ccaa03ec8de840f44,false
6129ef33fce73a8175cbfae0ac0a630d3f336ed9,false
3b570b8c9290e60c505d51d6272884d533f5a1ba,false
450e17c56994385b625c718a65620843fa6b3d2d,false
7bbc1f440a6693acd83b0677ba35bb750f1c95a8,false
91cbb564ea09c3e6ba2911154551d2bf40ad3684,false
39934400620c0e64476e689748e57c4d36670565,false
7e534125999f3b2029b321fa98a591c8e87d83ea,false
fdef0b5ef366a43f07a98fe14794701b1a7c7ea6,false
379908aec430ff7d5e80634eb6385297b26f99c6,false
9026f52e5d3a5f9030509f397c9cb3ad7ae5e9c7,false
c843d79712926bc92c1ea9b2fe58d03fd0ffb506,false
287bf769df30a3f3791acbb2089e9216c5ce5f27,false
1478d31de94f32539cff3277953067bc7a300a45,false
175dcd03de9814f674fb379662451faf0a9834a9,false
f557f41272968e1b34bbeba92e6557703714a790,false
55c5984e13e7a88e61af051e1a690cc1ad69dae3,false
7676950a8dfff2cbb4344f6b2b6477be1b2e37f0,false
04360d6458fa8ccc1985dc0120d458f78dae1616,false
aeaa7094bbe365dad52e39b2e4935b1a364e6084,false
f91cd559dc667ee07e2382bb31b0861bf7ee17fd,false
c5001a75d55d519fb6433f512d438f3c27ca163d,false
f3484d8a19388103a089aea40942704d81c561f2,false
8f3bc0910c7db8293ce3115a57296ed67fd643ae,false
f16846a6bb3e6321bde2066be78f94bd13177cb0,false
db60deb7be3d981786ed60aa642d2ca5bf98b049,false
8f992c7d91b019dc4ff95b12453b2bde40d99983,false
dfdc8bf49234f8c4c090506dc3ae1abcaf56ed18,false
51e3485f64e9f043fb87f90192d26b9cbc48f9b6,false
dfd3392d3442b6edafcdb3a80cc264951cdeb0c2,false
097409fc67d38692413b7ab0ef8d6baa4b02cff1,false
26fbe6db5a573107e63b4210525f7f78db88e053,true
352f3d5d727503543a2a74bc69cedb0fb702a323,false
8e597d787ec07cef7f99ab195e3173ed8a2209c5,false
c43410914899cbca90fd1487d7a3cd0fa7695a51,false
aa2eed820b1ad49c854e06383e8e07f7f021c734,false
36bcc383f546ff102b386d8bd4091e7f738abf44,false
f9dc8f17abfece93c7c2b930006db765c9dfcd64,false
39bd9ecbb4b0b58913c78ac3c8f14e1ed917ad52,false
478800d907aae5f61ff86a1fe4c6d7e1b4fe0343,false
134a1c8fc03ef484b1533a0c3c06a8d2b6c33270,false
1981024841ad05e6cc1fe996438471b05d8e4c7b,false
b1a7981003ccea0e352c1f526d27acc495a37053,false
55c3074d1cd3f033b85b86c60cea952ed0516680,false
f2a4832f42e6e5c939bd84cc8c3bf90599d4b747,false
13c48dacb0d37e6e2764cf278c33ea3fb7da3850,false
b0d8a20291bc60abd1b3180302b8147f26921281,false
beb954dd87678662216fea830e572e8e89217591,false
151cdd57c87a6636e8d5423ce1a2aa8f427984e2,false
ffcc19911bea2f7303c0fad87069c49e64e40eca,false
40c7f1536e8c3ebb77ac3550e93ca0dedef4ec53,false
c983a8577b1080f1b67e4c6bcff72471b9d25dae,false
f800543e0c985129681058f8295dfe2bc4299a86,false
f9b6a3e445a942d385bef5b84f256f5bd00cedec,false
0129911a88594b2d895304da0aef7d475e2c2ba1,false
e9703b6094a0ffc244b66ce62319af7b2550eb09,false
d5d65c823890ce533d70d5e308eaccf59d3478a4,false
b7c03a28c64493023a8211c53bb60d4d944b39b7,false
424284a4b0945e5ab34c14bd8b0cc2bdb62b3fa6,false
7eb62b0235b05422d63dc8c676a223c2ffe748d7,false
ed2e9a70ed84a6518bfb57a4f53ead6287d245ad,false
3d8f176969c84ea0d5b6fa8f8eaccf9685e88a96,true
7c8cba785b6b78283014b27ff91f7860fbd9d598,false
d2597495bf9dfe23115c16ab7bd19a44c727a383,false
41ad5c8a82aa1b340399982ee9224099da22d72b,false
6e666973484e6dfa402108c088226b04b599a26c,false
3929b30db7885763070655a90832a1add1728ae6,true
1cbdf8f538326413cf8c7e9bf16f773f8c5b8866,false
a88faa729cb4bb5dc02be23b7ffccef12c6f90ac,true
52481fcfe79ab63e3a62ca7901a45364f1579531,true
19c1bdb9128324ce44a82f911d896ca03022259d,false
8f67100a2c1344b61e7660439d58d6d2c5a37307,false
6bcfee652a935b85650753d065a2d3d13029ddaf,false
8c91cd2262d896bbb3ea042b6863e62c9fc41ca0,false
cb6ed90e14102b56fb6f8ccc1fee61256bf63343,false
1657b51cdf8dc96105762fde313d278e1c2da1f0,false
3d743c0c50a14e1e49e2e1a9f556b278f14910b3,false
d1db9de45f7c73896d06051928d295d2537485db,false
542ec2f7236659b3f03bdd0919755b4a929efe46,false
6689f10d50af9cb80a042321870dac769ca6b70c,true
13fb1d79eac530f63a378c08cd071e8a57d91669,false
95b784175f73ad767242ff9d1ec83ad1be99e6c2,false
7ada31cde7b744f53b5f1371a54669651fddbbe9,false
94ba094fe5505f02cc8ced2cd5ee1d520b930deb,false
e031f19ca51fc39772f51d7b3158f581f749a941,false
43f3c615bbb55ff6b0fbe50926413b2e6698c6f6,false
ed5982f6d5cae6b912c46104ecc10599722d637e,false
4eebcd4a463daa0ec26381c23c32a3e4e00f4bd3,false
8d7132e43c1a6470d6835e9a0cdc5e692088d717,false
ada65dec4f3ae7bc8805912035a27f4b32158c7a,false
2f728c2d2058a714375122756333f7f34f2b3a0e,false
6d05655fabc80ca41ecee6d594cfbf629dae3154,false
d46c9ce2ddaf7b4b2b9929215267df148381a2bb,false
61fc2af859e02e264701d3a17ee0de9e62f37b6f,false
1cfd4b43be86e69ed63bf3a3028923befc9eca26,false
2ba544ec7e9114e5fb9ed1f8328c77ce04680aae,false
1ded3351e4f28de4e53e0dd3232abe6912670a0c,false
8a6ce86d59a10f2e9dbf4d05ab1deea608e231eb,false
fc0ba7bca8983e73085970935ec1637a96b7c537,false
71209827fec07e9c92480ab0af95d7b91b83d315,false
bae850075e4436983a3b90e8f99510632001c772,true
76471b03d2f9c5ad977b0fc1342e2741febad97a,false
758fade3bb7efea0e8c5df45353e491a1b032d4e,false
7f1d55e7ec066dce8d02128bfd959973ba2a66c8,false
50e9229412df2c4c84a0716f3af5a6060d7381fd,false
cf463a97306b7ef2843aa0c41b2096c1b8fbfdae,false
b2a54c42101f703cc7731869635017a1c0fbeaa2,false
30fbfe63e5409675c3a663f70f12bb6745dcdd0e,false
c22f5d7424b0c355f24e790d1c73bb0a591d7ae1,false
6201ccf35fb47a105a06f4d5c473016839f8797e,true
8bcf09fa44b095d862e704d82c02bb6e0ad7b1fe,true
a49b0cf4960f08a92b29bd8fdecd542034aed625,false
e679877103a89937a867d1fdf3aa48f8caaddd73,false
13508bf9529fe8cd16cdf1540e610cc9b0594b49,false
b60d73b49436bf75147752253beaeb6da071fb9f,false
c32e23bbdfcc754fc360fef356362640b346b2e5,false
e1a2eb936244f87d5de4e3a1915113131c6feb39,false
43e9c6545d57f13f4077b906183ee24c5a4a56d3,false
c3f633011a4584c8bcb87fe93f5178562b2bd1c2,false
9fcd6677f0735c047896b42488d06cd7db5b8432,false
a3aaa7dfa99b8a57a6d6da61a28ff43f661dcfb7,false
992cb0ddfd84f6d8ad607f96e6388decebd4b517,false
86a8f2a9f0db7b3365c6cc1a28437b052a711105,false
f76ee93cc46271997e577ed7fa223ac4a4e53dcb,false
f3fa8e2a1d6ff0777cb6471ec29b2fa09948a9d7,false
cbc75e774f1f8a6d0628e71809b10bea9eae784e,false
57a56232bbb5b82c377175d5d13f1940f97dd15a,false
564abd47c385fb85a55b8dd7cc3b6f88d7e17956,false
48fc3e3e5b1be260995b443ba7fba6d1135a1aee,false
2fdbf77349c41490b5c9344e788d42e71fa3b9e7,false
5c894b6afb5409bd00d521b01de620d7631c3043,false
84becb8645c65fb0d73ae22303faebb1fe983261,true
a5a2eb987f8f966129f13014b8fb96dff45c0f83,false
d236e507a27663cded6b0057c41fd8e8347ed029,false
95d948da94c79874ad3ad53df66cb466d5dd2e8e,false
3f88ca323136a5497755ec21c9336108d43a4733,false
df833f4a8f8e5dde18a9f035f5e41878352bf0a0,false
c2fe07d85da13371c5e103380874937a78646180,false
3f06bed8a6fca90248d050275dcdb96b86b1350f,false
5c696441195c774901679c6bc167c2cdcda8393c,false
eb5bd494abbe90a9db4522a5d1674fec536ebaa3,false
ef95d75ca7f8c684a4a40524e912de28daa40be5,false
d1f372469302053496db006a306d522d70b8f664,false
570a046f53616f0e546afc6c5aab8b4fef6e4dec,true
0a36b954eab0612325952e6909450fae37d17d39,false
ae6bcfb4a4af2371af4aa59dbdc18dd55c61ca5d,false
07626b39cb2ff7ec2c6ce72e6fb0c063d89b54c2,false
b5a478c1ff44d3a12afa0ca3261bab2a60534d05,false
3351888738f94d1dd570c99a6c2b1f963cf43d18,false
5d4519bdb76deb46f6d14310328abeda895f7d7a,false
6507cc82ce3a5d58cbccf6a3163988732085f666,false
6a687eaca831f4f645118cee61490c4e44df1663,false
cbfb5876a8dbdb9b70a72490b4a2dc07d57aec05,false
5310b997a1edb157590a84310c64610fc4f1b9d4,false
3be9b50232172e711a68a44b848f014dea68e59a,false
9cacf251d47c74a00eb3c6a9924a4b2ed7d80225,false
03d2b8046fc3e1879d66c7be0674066886526603,false
5a8b117f9babb59b783405e0acd6dc9eebd0042e,false
8205fdd078e828da3eda73ace420632d64e3f3a9,false
e9322321366bb405ce41993bc3576593d9ae47ec,false
8a39137052318e00faa7b0727d1bc648e0423e51,false
87793debdb99f4a7683fb045fbc539ba30677d09,false
bb94876547f48d6a60b7bb289678a04554a4bdd9,true
6efdab1e681de0a844a76d97bababd9f5f44a004,true
0e06e12399284f8ae88e75879358898ec1734ae2,true
77e301b584d77d7093e20e84901f0d05453f35d5,true
e97ef1a9a7bb5d321f9bb9bb951aae6f8c5aecd3,true
ad59cba2fc94693e80e435aab796234f9675165c,false
3f2bd575ac2ab35959be7a418f59ff75986e438c,false
26092d65ae1ef62afae699417fb1b8880f932812,false
a697f5ee41595f9e00eb9fdfdefbbaf52321c9ab,false
24e4c543067d3a4ac19cd04fea7a66f363794965,true
e9051da2c6338e0bb7774b35f706ab19c67e2faa,false
6eb599092d57688a9a76de4b364922cd18ce70cc,false
39fbe5051231cdf59ff6180fc7c8edba251969ff,false
dbec0f7d56680f6338e1e70204edc37d43cde023,false
0548d24533824c66377884001c2807b3dff45ea5,false
d62b74b62e48af68eefbebda6652094e3e3465ca,false
fc03206320bb5c17bb67999dcb5849eece5b8cb6,false
ec1c467dced0fae957cfbd4b3110bc42afb7b8e5,false
76d93673e1c519950dc71161a4e2fff150306ffc,false
629b9a08a23e894953d2aecb934811e9efbec7b3,false
1b57d914bb962e98d15046df323a083ec0fc669c,false
79b755140b8ddfd7b583dd0849351337d8620cee,false
4c02f3dc1eb47740c044a03f20413bc144173113,true
dca0cebcf99d131376e6a76786ac13b89d971aba,false
a078c5da30832065807bd33db1fb4a6638605218,false
7bcbe8b01127d7c5b53e4d2c92aafb9d29ca4232,false
8172dbb54365db57e236ed856a75d9829c595e9a,false
68d9d14906f409d5dbfc0d127e0709ee4a8ece14,false
597f89c9f48233b8f260dc57890cb238fa3f7a43,false
ac57f346a3541f450b52932d73cc349d49baceb4,true
bca89708b800ba7cb259c3a824809b301e1009b9,false
43e644bf69f86d8100ba9c143f8a5c3c224a52af,false
ec77c4696f84c9524d2548272162c7eab2fb2ce4,false
ec41d4f80e77b2181b9d345d1b7a62ceb46e6257,false
f2a885bf1dbd070363b933dd0759a79b35c2bb7c,true
3f352093b4e8b1961ddef37205244e53edde53f8,false
1eeb6beb0fa683ad4012ed454f5e31fb06c9bbaa,false
5ac68677f55334000f693e1563bf1f767059ab65,false
ef1b490b02bea56328a29f2935b7c0c5705d0ff2,false
7c6a82fd42a2b0b7a4fcfb651fda746fd448eb57,false
261865eb1ece8b372d2012de536f702015cb4789,false
8f85524e553bbf329b5e5784519a776bc4eea950,false
95e3fdf811f34edf135c69b1f9f66819926477dc,false
21c88b2dfb107a86e0d293d39091299cf705010f,false
ecc91f150327f899d59d522a0759834d5d2b4716,false
9716f65c8ba32a81b718ce74080c69753efbb339,false
1ededf07b8137119ef9f83425c8add65facf5831,false
0b8f0516519bafa2d4d78c4d40c4a8f1c711d5ad,false
9a44060760a0f43603c35edf8f6d25ea320b967a,true
d13364d790c7dca2bd995ceb4cb5a91d847e77c8,false
7b0f76cc3067536a649b1116a9309b9b8702d90f,false
d55aedf65b22b12af0ddd9880f996a569a882542,false
011d738ee5f1a325d38c2cac588fe7446de7885a,false
dfaed8251ff2bb2b79175283b29a4084dac927ac,false
e6de2877b77d7523fa9710a6e39780bb87f9c2b3,false
a17de89e258d494ad66489e36199c1cf52c1cd1f,false
ec31b0c5d24d6d7e29afacf22af4f11c5eb57ca0,false
d6209729d6d6a0059f95be68d7414460f2a3036f,false
8ff7badb712c90b7f8d7404c0055591473b91218,false
c87c3dcd12ce787bee5266df6996acf85c92998d,false
51888ac44e825131964ffd2c56e80e4b97d90d81,false
09b3c96dda1ed48cb09ba9eaf344801ece7b179d,false
cf5f466555c1b7f00c03cbf529f0b46a16223b89,false
5c65c3ec6fb05213beaf7c8352c1edc46c806f6a,false
96cc13ee029c0418b530d839bbf4e2254d0798ee,false
0dee978ad12aafdc2d963e28b6cfbb4063e02f56,false
eef2044bab92576057d6ae87de7510597586b24c,false
db73141d9b2ad89c5c476aaebddb42b4a8aeffe1,false
23c53dabfa61c91f0a9a3a7b38510b1061106364,false
5cd5e651384490a404634bb464778efc2acecd11,false
30a4e03936ba3e37b4817c0d3e79631d1a4a4ca9,true
619885fe62a02b60b22cea2446375ae9e1c03361,false
19405fab094dee80c4667d2932c411f04529b019,false
8b12e48e9d66eb3b3716d7f043b1c148c1d548a6,false
52754eda69b824456ca0311f0cc7f2b83af5d59b,false
c14e165d040100a33ae2c021df0336964835616e,false
3a56060090ace7eccad3782f0b9adb78ce79d6b8,false
13c90a5919b1adb9c4a88ee9032f7c67bf365a79,false
85ab4845a892f2062283de5b473f216c20cd4811,false
0168f75a0eb2f9f95cf6b73cf3217cc5d4a7f1b2,false
3e86334873b0bf1910dde4eb6f5f0b9a9c86a7ab,false
8ae383b26d41d7714163315eb0c5e3555d7fb250,false
9804220a2ae16abd57511c59fe6a4cf0db95dcda,false
0bc3710be056bd1a3df63aa6635694c4507d4c51,false
b961e47e8bd7ed4a6c0c0b848ac441d36ccd1229,false
facf43b3ff72f8026aee1d938b0581f61e9dd120,false
afc763bbd0206939cb1f4ad52506883e011688ea,true
c34d7794900e470beb51b9698f320282e1136a7d,false
98bdf0f5a9e32eaec41b265557efe1a38702b530,false
40e464b97fdbb19d44ae5f1ecc1a04a956f62c6b,false
1f76de13056afe483bb3d2b76fcbe30a4a381947,false
8b923413bc4107eacc5b6cf9fc4cc58c1ccfda9a,false
ee3373a7a775bfdfa263e2e912c72e64342fb4f0,false
f7c818c57ba7cfa59506bbce71597601ead362c9,false
db8454bf19a092a78d53ee4dba2af628b730a6e7,true
0f18ea1386482529a2e665718ad3d98fdf7fb507,false
e3655443520737ac384eb9cbc872b4a7449fc214,false
e3fb1ac0a052aeff0f957a150731757dd319693b,false
501281ee2aee749fcb9b2e5b7101d8912a123b16,false
1877137b91382fad0a2c67d670d9fb40ae9c1474,false
bbd47b689aca88c509b265f71a66b90610686fbd,false
bfe4d2f0fd4c5d6cf861609d8959e733ac17ecc2,true
61d1f012b4d7f2b3a5fb5a12d705fdd2a5979a60,false
9b5a98e09df23ae9288df7f3590865a3d752cffd,false
b6fa6d3a47d848c0b5724450ba17ea93510ec560,false
9cbca1ea8b99c2bc74fe1a92cb0008c8159f02f8,false
e8367a0c64fb121591880c01d69d6856c6c5fcf6,false
8f8bb7959be5aa5ca2cb71a4ab4aaf036780ee6d,true
404598fcf14c78bc431e2cf401b01b820035aa9c,true
4c067e7cbeca6da271372688bc50903baf0132cb,false
df304ffa2414f4428ae323975705ea0fe5014b30,false
8ee345e0185e81bbb834892d468cf426a6617ba1,false
8a1ff26f9eaff862724d42f2ac23d3971c5b5402,false
96e0ae83fc5c6da3521a99a27c43ddfb720b2e27,false
ece8e98f6cde941f8828984dc87ce65445621430,false
9e4f23cf48455e86c6ccdf5681a296df6c094d74,false
fec5ed63cea84fe8c3ac11247443415e7be69215,false
4e4213b087dadafa071ef466f77b75e33f6fb6fc,false
d3f338188fb0ec8b07203c2cc7d36aa083a6026f,false
40335071497176a1387c27300c987091224e4b77,false
b9c394ba361bba53bae10b0e4db26b567b7c3a7a,false
c49496ba212663dd0543eaa5dceda63c81e5560c,false
2c7d76eca5d584f507591808ab075bc9f42c12b2,false
9242856baf8a44cee46bffc46c1dc67d74ab5010,false
1a63cac7a7453f7988d779ff70cd853a822ee944,false
5b58ea6da5e4ae965a18db6f0a70e762e97100ea,false
6ec429903f53932480b98d58a26dde7881235abe,true
9b0b135fd07a428a67ae8fa709e000d53e00fa1a,false
f469f2c5d501ccb5032618ccbb6e53c007838aab,true
f76997e256fcd0ff7c8e56e33aea8299b7a9f0e8,false
62747e5bab37a9bfd39af5215e9f1df4034a0c93,false
5f16c80f54cd7417aa19bdcf4f49a0e483226758,false
b6ac6046c3695e2a393b9baf1a351d1434541956,false
8efbb106b057b1b634249addbabdfcd886343019,false
77bf0b77f8b4e2a532c5a5787d7b3f9f6df1bcfc,false
7f01e355369a1814bd18d9335ebf4523a04bb1c6,false
595fda146420ecd2d67cf59f6a9273bc6a51bd36,false
ed9a207d6437c0e4016813bfb3a97235c7b1a246,false
de8c502397c8f01f7aebfd58078857c258291ce9,false
856bd534038cffbb5ca2513ba7b8e73bbb763b02,false
85b0e9e6b0f36bd2deeea82c58078cb796083c03,false
4316cc320ab58b1e15347ab288233a670e0dbd24,true
285eed7f2dcc92176986d533fd42365a508455f6,false
9ae90495ff1466fe16667431fab2d0d12e136cd9,false
ed5eec88b4d3bfae584d9e6941ca6fb45cd54648,false
a7c77d8262b4246f063d9e909ff530d3fd3b0396,false
f753749fc8a1abeb6c65e7205d9a8fd8285c6cfb,false
6897f0df1605eab9638c2f85ecee21f1290d7e4e,false
c6b4faffece5eb8246141bbdd44b917ce8e6655a,false
e0780418dc1edf33e3a9ae8f8c404cfec90ef8da,false
1fe5413055cfc58fe8fae1c04e59fe17c52f4038,false
9b51b6df4195bc5dd2c4cfa753e5d18ad77c3d2c,false
f88d409c7c626369f68bd0fe399176b431cd8a5d,false
0774d91daee587a9dbe6160ccb0541722f6d685d,false
71d01cf5872373c6ac55bb81b1e971a636893379,true
33d603a3ffb56c700cbbdb005e7b5b681d483224,false
24830676d952023aabadef3487abe62a912d7234,false
d601a3f25188a89de1a7840daf6ff9b4d712a24c,false
c6a9b12f0d866da6d5c7ec2da8e6edc2398d290e,false
eee392ff8ae25fff8c97495532a93e33a1f60983,true
8690c09b218206b9dc7ef0d199b61d864474523c,true
4c62023ac23e5d1d0b6870ecc2d23bc271fdfd61,false
8adfe760db47901339583d902918f44daa64944c,false
3542b0d51f56744559b843a158fedaf225a8f7f1,false
b9a155756840124788edef86f146a8012d7ff497,false
e7c1157c75520a357f99508952dc4003215de1c1,false
1d4c3fa8801f0da5908be229f1eabd7f0bde4407,false
b75507cc66f2473652bf645cc92f4d354e383913,false
ac68435567cb543cff6e0934303adb08cf6af07c,false
15097ae9fa0ee07d286b8eda04e0fe5c13d93c1c,false
5c98cc831e9897a18e9820c3240855340e57581f,false
9b0375c86ba6cd43c13a36d11d076542ff5ae6eb,false
d2f9857cde6e1d05d98b1cd130d3ce550cb3f32b,false
42fde7ef2d3f4cfd3e0b77648e90f67052614115,false
c6d76331fcf7a9dfc9e6b7fedd63528b74cfadc4,false
9c1329a097c24c1906a2d50fb09f8793b5285b49,false
155aec64bc7f631e35ed5f12f74eb75dbf5dbde8,false
ffa3ebe927c18e29ec3c31627e050b99691b25fe,false
542be8974bab29af4e0aecf37aa29dfd96c255cc,false
8ba78a8a44512edf69a4da3f5ee35f80c02c7133,false
0c6aab67c44c0f773d075c63efd7e2e798df78d9,false
8486acd739bf92998e81c5c3ab078d51b4a11658,false
9b546ac716b7da7cc86ba7b472c06d33b058431b,false
1b7d01f37bcebdfb6fa9b9c2629c45373035a95f,true
9c69ce66fb5d59b66ef9266be49a2a02262f8c20,true
61d3b9d28a9331c5fa751d9ed1b0031e46a9dc90,false
dbe31a651ed4d18837c0e23aa8b66619fb78127f,false
7d278ee2dcb838ad74ffe85fc00a7590e21e5499,false
e2fa5c8606dbd03ecac1812bb6af9246eec26eef,false
cb185fb2b205339f0ec7759c1f7514b7dee0461b,false
4516276f05d6dd6b4e99e298d242da71f249fab1,false
dbe01dd78ebfccbd61829b92ae808d4df555e2e4,false
09b3b1cb25e8d1fd734598953c9515af6ff96a74,false
aa1ef06537cb874eb2533ad9b409577a5c46e580,false
e1440d6e248fc61b82fd8f47196f7e28929ffb42,false
936ba4661fa7dca3d01ba7867bccf5e21db847ac,false
4498668937cd6ff8e0032dc27f8d9ca906a02508,false
32d5ed4b3a3d9bc30aa389943be21cd665345884,true
bad36e17a924e557c7c66f91508b4dd95b42fe27,true
c4f39a84fc738f07850f6958b8a4f13d3780cdca,false
b851d79a3f36b09299c1b7e7c49158f67deeb718,false
829e703623087117a762a716ab4997ff1e5f8fe7,false
c5d73aff9da344a0ef569b5650c91ca34a912038,false
16cbca91653a183047a5741325f184a90e46b114,false
5c109c8eebb85b1c896fe05816f198f7273a47d2,false
90f5093875038c649f3892d9cdd2ab99aa035a15,false
95bd27e2a286eb896ec6bde446f55ba57960921d,false
160aa9d252039a489524f20804deb875b766a06b,false
24a7fdf14f7eaf47b4cf0c4deeaf04e5ace148cc,false
a269f001d3518592af642353bfd29e98425a7eb6,false
9a6e440a55e8ce5f0ccae564d3328bef54c27913,false
b52a9b64f06103b9c6caff869105ca57b112f61a,false
195879e8972c358125f7df9658674d31898ee30b,false
89364cd045da3e8b3f2681dbb53b2bfc221538f3,false
722fe2c2ba855358bafbe0979401d08378ce19fb,false
648881adc8b5b8782c9fb199346bbe977d562934,false
10c4ce35e37362d57fdac6b63a86db0c3d308ed3,false
6d6870063025a18606fc286dea04f61018581d53,false
1afdb657d18c1446b0035cb7a3c6dd0955978f5b,false
a111ee9519d78fa4736eae9bff1266560efe9bce,true
c3a6ecf95aece3873e6ed9c80a3ea0ea41acf2f2,false
66447d565411acea29ba787f001a319a9df3a316,true
f7e2e474d9e8b4915fd99d12738b17070e501fbc,false
d9de1cbf1bfc43de462a5fc7f3c5f553d6f8aa1f,false
8e435b3355733f767c89b8ce3409e17ab400f811,true
9f6847ed5525e83b4abf97f4315b54bbabe5461e,false
0b7c00d5eced4b3483ebdf0bbd69088093293b27,true
fa5aa83012ccbff46c86f0f101885dd4f68cef8c,false
8c5fef050f47a4a1aca2bb6bd6bc701e5284abd5,false
7d117be340b59093e3c0babce08f4fad32576db1,false
a934e57ba1fdea705e511f94f19ef54b8d34bccb,false
ced56ca6c4dc2ee6aaedef4f8f9979717621b48b,false
628cd05227f6990db94bc6158f687e53eb300943,false
aeea26e1b0d7c4318506cfc10447d858ef8b3081,false
8b588d23c9e8b76605c6ef81204efbd10d149984,false
6e5a44642663152d2460024f56615691791d5264,false
3785ebe3bb552717c20eb0140139151d84a7fd4f,false
e82da7970787252889986a4431a3923f45bc7a7c,false
bb357d4786afa2ce016710a137766ab9f4d1e25b,false
ffccbac2ac811debd781c98587a89dedc42eb745,false
ba5188812afbba4da6b43db45f930de2e2074be6,false
3b50fe666e12cfdbdfc055e89130b4e9a4774e12,false
0b8e2e4321030a0daa675f9a3499b5c0a14bf76e,false
1594ac856a17d76f2ea24f0c9f934127e42fe846,false
1aae73affac076ef820725781e6017d11637500d,true
4ed26ff6d809b2d656516a7af055866f933f7332,true
660ee5bb8bcf97934960099aa4733b1646be72c1,false
02ac73e225babaae1a29af899d66f8767fb5060a,false
b92be3f2e12acdaf3a8a10edef887467df70b8ae,false
48c5e39774da9fd109a5979a4301e00b1cd05622,false
652ed5ea16c129259e1ca9c8feb366fefc6cbf49,false
48f9842dbcd3a8937fb5307010b038bdd6c17aa4,false
b47d66968267a9838f05c4075b3295ee710baf23,false
6054d401213542455a2440f45268ca78ded38e72,false
632078f4395b1d816735c0c329e1aec94ae26d59,false
f68eec1a0990237f8c2461253f87b2f4ed2726d3,false
11677a2aa31f9439f4e08d3f8439612e0a4fbba3,false
be23e5d8a7a3eb986699c44703558bd35b551a92,false
10f389123bd8f81456a7ee5b405b9bcc8167a41b,true
4f1efca42e515b06ee02da0652fe266e0a1a7227,true
3524cb1fff7f0f9a1386b3660109208b716f0f1b,true
511df1bbaab266f525bfa52a6d584eb1713eadad,false
5b036c1c9d7f73676cd898a6ef517f5af4520c29,false
a6818da7f9031203e84a5c9a8faf6f90fd9ae5ea,false
09fc3d746d9158e206eb43c8720c83e8c6e9e123,false
2aea29af391f19afd0d1cbbf3703ab8c83917eaf,false
3a0f7ebc61b38580d7b34172f5973e0e3c638caa,false
1278dd90ed94c835ec79a4419cf1a4a113de9b29,false
98b889667e5951b06fcfd5caaebbaa2a2c134643,false
1fbf5a12229be7f75eea0c8e8b5142988ea5ff70,false
22c8a8f87185b4cb6f7069a11811a7cc738b4fb5,true
deac275eb4996033b6e17dda5b3e7cb3dab26b7a,false
8acf2134285a01523ff2f6c201ca29fc00e9fbbe,false
deb2b89b22b863c48ea9bd402a9ee99a9cc28d12,false
09a4d7b72feb1b3150f0331d1c501a5a6c122ebd,false
ec3c3077e69619f35a49ebe5b5bf70f1135d1709,false
790a414537048e5d206599a7c1525e6409c740f9,false
932375b02f75d5b928bea8018a73909cf2bf34a1,false
6a34e811a7442219a592a997b056120048f8b987,false
3da27c20a2c112ccabcba10e13cd130f33da1c07,false
2ccaccb502890b9fb68010393552a9bfd9cbe597,false
931ef477efcd70bb07f931f5d081748a860cf68c,false
3b28d445babedf7091b4ecc59e87062715711d6c,false
dc52d5a9362849742aaf1e3a1efb7cf4ed749bc0,false
d11bb5a31a63ad7ecd9111cbb592587dc104653c,false
ad4c24892a85efdc1cab114a87a5e9c15f2d7d66,true
fd22c1317b6851e7fd7877cfc07d1ae705479a3d,false
158fcceaf694d163a96448e498b7dfec67fdfcaa,false
211b4f3b852458fb31a7bc97d94e24e0b935e41d,false
8166fc16f815a426caf21760f0e653ab40ace9c5,false
5b76adbdd2fc075639933a0037216a3384ba1d90,false
07ba11fa6da07b2050893803612a7618d2046590,false
7fd2f13a4a88457c7c4a0362bcfe0426a9d2b240,true
f4f0318fbe523b0595b0659ecb62753c0bcc68a7,false
7e4a4ddc8673a5c407b2e92579005ef003e9407a,false
77b4fe6a400421632c9a859d515067b0f636f89a,false
b30dbdc281b99f81c596b879f11f8c5f34f4eb26,false
b8fb85423b794a096fe8447dce46d89c71b53399,false
e9dd818523ceb0cad4f6f666083b3cacbf4b98a1,false
548ee1c8ba22103597f04fd91699d81266c656c2,false
8869fde2e989f10644179c7a4e110bfc96e66966,false
94aee1e1f8525152a12a8764c37f92b395a05e7a,false
d62342ccce6a83a07297e24a8db6a8edb01954b0,false
5cc59005d94eab4b571fe456f5cae1cf78a32ac9,false
7803d2c751fea7a7c7fc102e8d3ea334ef2fd5e5,false
3fd9c9bf968f182fcfc4f56843717a3bd29b141f,true
c8066fe0cd343fba55974d16865b285dfd9e6a5d,false
0fa2ab26119896f7d476174ace672d4e5a3d1144,false
e836d7a74e1650aa6da60851daa45bc4b9b960b8,false
54b669ce3f05ccd61549beaa2434c4b8b6e41acd,false
ef2229baff4397ac0869061b42864e64ad7bf388,false
1789dc1f3d4e50e60fb1c27828d8f57b9225ff6d,false
91d4b57d9061d586c9860de8c985c1b630ab053b,false
47c6460e14b8d2e4035ad8e8d534bfbd64ef86d4,false
5806028f937739dda5b1c3c532a74af5b1f611a6,false
1f49848cf6e79f0e6e4fe0762bca4d1425ea28c0,false
7066010fadae8f95a378b8f2e9d1f07232cce8f7,false
c967fa5864363002c6ca9368ccde859ed380d6e2,false
03a97615321a0903bb736e4c6ec519ffd902ebb0,false
eee1d975e504e770622a4b70e5653f5ac0b605a0,false
9181a3faf92a66bc2a296c1ce4fb1c39203a804a,false
f133862772a9b9fc5b464a18fdc8113572eb5db6,false
4b86e941def1b626831be5774f3db2faa40106a5,false
78c7dab0c5a39e54916573b1fae62a4d4bcf9393,false
a26bae73260b8b992b8d052a8ae6ba3df796dd8e,false
ab880fe0c27cea5c20f941a7b4db9a074b57ea49,false
36590537ef3c23a1c06b115a0b30bc2390bd4ab2,true
2ceb3c79b6822b64337e8e20353799a6a762faa2,true
5dc7a1f160dd34d2f2a6f4cc38d450d46d6f5981,false
012258a955b2a793fcedfb360485e15c93d1a8bd,false
6fba835c1d76f93d4168a97d4a7d40e2b96c86f6,false
110f2b0106e942fdac6c558ddfb5f10a3d13ed75,true
1bd2dc3e8cdbc026c4cff13f125f69d2b94f1eab,false
77a44b4c3b6e325df5fc44316aeb6333cf4df157,true
012612f72aeb891776876c870f606064901bf88b,false
f597cbd6019f5b6d3481a314683badd93f5dfc4c,false
268708f0c76503b4be8bebbd6d834d99d6568202,false
f40bfe965fb7f37367b954749b039106e20cc96a,false
5156ecdf9810c34016f36dd7ee78c28ead75ec20,true
64c3769119f163a5f11f4df4734941f5af746c83,false
263816c92b9b54d55f30677aea0e3e7f59f2163a,false
e6e52d51ec680ce7e7ca7b6b549f0a83604f776c,false
e5e5c13a90f8aef517a98addee6f9dc8dc4c2deb,false
c0ebb5e9d9921de3040b7c735f78216160d543d0,false
bee6ec5b05fba1c4907cafd534fdf95562befab2,false
22a89ff551ce6688c71f9b0b3e9f990be59b4eda,false
0397c3ced8272547f0addbad67bdaf2e75ca276b,false
de56986f5a788c551666e41ac2f2d100a19d7041,false
96f9e97c406d2e21c407f65f3dfb65099f928b6c,false
eb46dd636136736673f5493402739bdda0f30091,false
6b56653e12942781100d6bc0d5fb9fb88cea5acb,false
2231773105f51d5808062afdcee71f0a376b6467,true
0fbcbba6570a59c624b7f986063621f5312c9c81,false
482860f3dec8fd5cd0e1a08026e71c37c49439a4,false
b0b072bde539d26f93796ee075822f52daab4d66,false
823d28befc7a4a42d0453fc0b84ae1efe464788b,true
5cb249d59ab4df03ee0e9485f7b8bb9594070e4f,false
9afb47f534848368b018a8bd40467d173b9a682c,false
f2a9ca088aaf684e548de6fad83bd1e6bea642e9,false
ad82d6042c66c3b191fcfe68bc0358c5c7f9a4a0,false
92b2ab490c8a71b11a97043ee9c637352bd90762,false
9d6ff3eb2229c69ad7a751ffa380e83c3c8f4e30,false
1352095adacc0d7a716b5ad8aaf5e9f46752645b,false
1d9fc15df72785358a2a873b8046f154ba437bac,true
6b725934b26a73383168453e049f81cb7e97ecbc,false
6626fa2f215548118ce976e9a0fbeb315305023a,false
972ceb6f611fea69b2874cb7e0534f8f3d8e57e1,false
781577914b249085b2db54cdf98636c2a042cd48,false
eae84f082b715853a40b03184245be2339951b39,false
7aad4e8a9ef47c1ac6a0f3a7f887d08d15256a75,false
0589006d6d545034ac4334c89128d7904c265da4,true
bf6581087713f45fd81920b0093de17f644e311f,false
de1c1145efcfc268bfee77da97414e07a5dd92fe,false
f0d4709fab7650dd521896e09149fbaea35ca010,false
ba739f778405aa01c1d8ad6f5f1c4b30317d77fe,false
8fc241d49e0d327c09b11d82bae747777503fb6f,false
c1a84dd7bdc98ad83b7acfb23006ad3115330558,false
5cb9268dbf25df8e1a6bfdae340b5e3492d804cf,false
17894e4b1f41243bfd3de815f9901b374d3cc128,false
0d2ff085eb1ddb86f6479b7dfbf5c54f3bd2fe55,false
acfaa3559a49bd3c59f29cd761f02da2fc388a82,true
8f64205f1d58bae8652019045e801229d1e3dfb1,false
d865eaa8fd1c161be8ec234a255a15d9219aec1b,false
f7046be66bd976c6457d13b5ec4456f3754e4071,false
46c4e6a1ae1a7890fa54f0635d44aa1bdd70c011,false
f341afe898028502abe67d8a941edc81e7d64ae1,false
89e41e48bf43075e8134974bff64221d24bef470,false
f08d5c40df4f2ea48196639692b41309f9301e2e,false
97142a8b1457c72800bcad56e624641d1708a851,false
8ef286ae2137b11f020132b68cb881f900f7f4de,false
6c41b4bc1e73d112e8c33d5f7c6a0ecfd68bd6c9,false
8614788cb4655d47a442344370e6f01fdfdd9943,false
0fc2465a0898776dec6f698cf1a8b8293d8325de,false
86cab944781ddb85086456f20c42e0e999168fcc,false
9584f4e3babe419910d6160272be2d3541ed8f7f,false
256b295639b208769bad8c03411bb0fef7a220ab,false
438a3a9d4e435b23db6f6397552dbb3580fbf866,false
8f78c279ad4691f527d233b14d57faec1f6b574c,true
0535ee4d84a5a586a770c38f2538a98ae4051547,false
e99159b6574422877553a27f592043c7170b36d8,true
b1b89d83a600f1515802da23b6a996d625309348,false
aaeb126407a1cfb063142c38c549738186e74947,false
f3fbd9426fd417174b03c3d22f3670dba971eb97,false
9ddc7d6a0e00d75cedf979484d3c057def0e4f90,false
282399c8c0ce182a5873198608575fe672983807,false
ec033dd862d9ebf0da1c81ae32be4177614f5934,false
a1b3abed6c2e6acacf73b7728544acbdfa45085a,false
467863c2d319f783412a7f31a0bc357767f63547,true
110f6d58945a1c57083158bf5b19745fefa8d530,false
ae7e2aae14d00dd3c70e6b2f0eb42600bfa4c2d6,false
27c2934b6bdccea94c6b543fb73028f6d331b889,false
a0cea59e53a2c14a64f1dcb81e2743cf0da63b18,false
a61128c5d49d306e5eb83104afc2bbac83e4b1de,false
ac59bdd7f7770325430934cb1af2c7a2f5d981ad,false
cd0d8c5bf940aa4fd2497a7534cd8a55630a6890,true
5e76bc9e5b978479a589108e5b9f825d39ec03d3,true
1b734d666e5ba54ecfc2a2d3340897e6b54df393,false
504a1c0b3fa9e34b8e30287e66adf4c8009fd1a7,false
9d78927c5739a157bfc633b933be703029553a34,false
597babab9aad7a8d5bfddf45436fdf8809fbb0f5,false
ae74ca01022c5887f88e644ab8f1c865bfb64420,true
a056321b22cef968ce448d439d183bb4218d43ea,true
f0002caa1baeb62edc3f101a77d23796c3db180f,false
0c05e45a4d6371072525364fd05a39b1af1bc29b,false
7e9a3b692d4b913e6c028791bf803b96af59651e,false
7d63aaf74659253db25a67b8d7fc4f0edaf4b025,false
4acad35488e0ac4b87e62d1cf91df7d36ed562a7,true
bd07b469a1133b12c9b2078060132821152b907e,false
a837227b49f1bbb790224f5a8713ff3aa686caf9,false
82ad418d8f4f0309ee2a9cd401be19ed7cd81a01,false
23cb6ab549367026b6fb4b16a0999dbdbf77c5f0,false
5fc7188cf77b943ea55bd2b402b1f21768395e83,false
091c287455b028e60788e6629f1218a0737aeca0,false
1a52c600550f709f14927250b03c3a8006c4ffbe,false
bbaf424486305c6fefd53d46577765e418fd14d2,true
e06e99fe83950ee65dc0e76c5c6c9cf923a2504c,false
f7f727fdc6aaa66c083b8ba14a9248584e3c8030,false
11efdbb0d66192d04f913dc36db08ecd4bb582cb,false
f3ef500c6771d4d9d837bb69f0ad99e6724d9d9a,false
7ea07f2929b7e177936a94e9a8d8ed125e4729f5,false
bc766100ca0d213abd68003c0b2d03886687375d,false
27b61fbfe3a45deeb836df5bc7195890645027e8,false
94fa334e3cb4c17e08bcad744181cea8d861780c,false
253a0d9e8064fded5dfe761e99d55b292852d41f,false
58cf3a1d390129b375ec7ab96ebdeed0060671a2,false
84c4365a5971c77932d5874c4acb2f43deef69b3,false
2279e0d605e6021676fe1538a8cfc778d6b82040,false
f3f644aa271891f50b9cd0f33ab95cfee809c21f,false
61b544eee68cd9acdc3725cea8f84eb1d4c1a0bd,false
4222d06b5d04cfc14f4c855bc2fae60f925ea007,false
bd47bdacef4eb5f2a6477c34835cd4dcd5998d14,false
e7336a04858f36f6d4e495905d1eb3429b48495d,false
b3b444305496aafbe220a95f2c09d81bfc512f92,false
156b2fdd2b79030bbc86a0e94c02df98ff3860f9,false
d9e00976e12268a4362a8d08c3425df4da5b4b75,false
3b0c1160010553fc368cb3cd63436cd08c42cfa0,false
10a7f163290e5593ef67ff00f66655ed3d6d0859,false
03b7566636a0eec5c144c9bd7dae8b9755baa1d4,false
1c0346f8c21ba9ef49fbf890d3e94f85004f0161,false
7b3614795dedc2c642cf89fe600f51234f206de2,false
73fb1837fb4bedffaa1fbc047216530eeabb67ce,false
1156ae4f61d97553dbc4c711f309a08a66d69541,false
fe4d63991f96829d0bbdbabcff6ed3f7654e443f,false
75a12183586b02ac245fbcea48c63fcb264f763b,false
fb8a3624a61a5e08738fdf02ef27d9c253e51c85,false
1b81281cdd7e36a50de6f149d715052617a7a4ff,false
100ba11486cda497efc1cc29a1db34ae7dcc001f,false
fd4599e757483990c956690ce84a64b3a02c7be2,false
4c1344f5496fdb420c26d9314ac3bf280247a790,false
b1929d1a59c64984a517974e38ba2f2056350cc0,false
515fa17cb1b669feb061a9052e731331243797a2,false
e3e46823e9ae1eb4524645503e16f5dc7bb19ebf,false
513a01af613ba457913a2c7af6ddf55f374f54e6,false
31f49fcd7b8449e183ad4fcaa5b527eaadcbfcbe,false
6bd33518c46ed97eea9789131b945657d9491ac0,false
dc28384bf07134e6bc7b36e17c4fbc9867868223,false
8896fe3cddb34fd35ebae76dec9b3094d9b8a814,true
375cc7d0e207cc89e6587fc58fc6226432fe87e8,true
cf54da654b24f9016d4ed1fbddabfa021b89f2c1,false
492dcd35b85d48730bd19da48f6db146cc882c22,false
5cf09361b0f7ad9ba7e40dfb4c4291dd9f12f5eb,false
ae9938135766bf2c28654322b8c4e0b07f1c67e7,true
0255406d158c63796005104133f9a4f38816ea00,false
255fa51cd26c910fc0f3806f9c1b004d94e257a0,false
4ef57113a4751510d7a9fcc0fa8ebf65df5e5923,false
74f7f938edf8204d8742f63e5b332a0a2a83a2d2,false
fa83cfbcec9d51f958c6bb880cbb03acb99fb31f,false
e9aa464256ef33bca82b310813dcbeaf9b5145da,false
a1f2b4d6ac489922dcd11d873365c0ef2e201ae0,false
b83b549b9843ef1e782f86a2c0f7ff5bd3180b7d,false
4ba6da6e6271adc83711decb94e92cb6772682be,false
0b0ae76a4f0c49f6eec175015512a3161bd1e3b2,false
452a088de763aae754d4f2be1074f1707c6c3e48,true
95370a5f7d4639626d161f1b8bd14b5ee80a177a,false
476c803a4c9d0de421fed775c7a8dd5ce466930d,false
6ef14e91b3365a771569923b2425fd0e54ea11ce,false
a367e730250b39efd2f577f3802281711f1d1bb8,true
cd64971326d229fdc29183233199d92c88f31e3f,false
298022c3f333d42e71bed7cf43c580a20ea3b887,false
37ffbe087b67ca45c81b6c9a9ec23eb2d8d79499,false
58a42bb1013b769335414ecf559053fc2a7da0c1,false
2aa881f35f245dab77dd38702b696cd29650a88a,false
7efc24b3f6cd8f668429c3ac6f7ff7dec841946b,false
ebde1884621e49665efdcde785942c5f94a9faaf,false
04e3921cbcf3bec7b915a119214b47072cf56aa2,false
eadc4388ed912339b60713c8daa33f59ba5bcb19,false
8e623ba2eed9f1d71e345721245ea30af8db197d,false
ccddb7dad1c761e83639b8172b54337197bf7aa5,false
458f9417c1d2ab45c37fbdac8b94ec3a854cb7be,false
bc9833d3ece16b05b78b209aa4dcaf2ecf260da3,false
b7ddeafddcf4dfc7d12a7e2051aeb165b088b7c3,false
26f55f66aded5e5905c572331949377bc30dcb21,false
b03867018c203760a1a3db935182364cc72f84ad,false
884a51cb00d6e74006cdd95067d3cad376638c5f,false
c6de9235691e83dde50c047be9b2168eac1faf3b,false
b783ecd98054ca9ae238ca6b0c308e54b416ed4d,false
6fcdffac8264b6b3640b73c46e009796f0272c04,false
c996c518c45920026982e14e4ea92a46be8a2d88,false
8478452b2a871e978f02c0ad162ac42ec9950c4a,true
f78a4070951e7f8740b2e6e8966d87d7f38b1140,false
358ff381eb8e57ef706c84578e194b8dfa4f557e,true
7c3ee070b66a65edccaca289d7167d376b23bd1f,false
1e7f4a3261f624324c1bedc934c0a9dbe231df8e,false
67bdbfc5860860877493705e082cde406702a4c6,false
c2e3addf855197335c82f0381837e2875e383a8a,false
2d0dbe1f4be8405423aea70323a39b55255e49eb,false
a76c4cdbc0c4b051f8e4d3e3f371e61493302a4e,false
8b41ee30da14424e0b4615614e6457077ec32cf9,false
9ecc5a6c59882afb5d9863a124d5e77000dbb5f8,false
d3ecfb38e9f82a680f821e0241f770a2cd720c38,false
3b51cc03d567079622dc0c34084ba71d418b4855,false
bb935edfab500d702070c4b6fc29ca8f9a91716f,false
3d87c5a9e580eb5c7a9628baaea0ae0500e058dc,false
b437517769562469fa5ae8123d8529dbd097a484,false
5c711232fd3000b738564cbffd8705b1f847c90f,false
759d8ab227589c8e6ad0de9b45ee3d8b0b57478a,false
0566ada11927094447e5d2536f11a6ff0d3970ab,false
b84eba35f883313586b05f44cd66769252934076,false
bc9cdcacc7d4758c1189ffd6a714611e4b645b8c,false
7dec4a7d7190b0c7a74170e869a81c08c61fc6bd,false
34e99e916cdfc60dea0264a837c3b02a142edd70,false
f8b7a841305154e1f132b7aad8237d026206c06e,false
f15bc167980f5dca76065d3c3556a4349317eaf4,false
f87f49843e987bf0547b8fe02af6052175fc0f97,false
47df990b424bd791ac83c6fa81fbb4178cfb0c97,false
f2f225e905c739c4dec561ac163166425e280f59,false
ecc4e5019fc59638a07dc5638dacbc32040f7d4b,false
48e5dd2a34023faea000fa0c02cb4135974deba8,false
742861c4c48c51998a5a1b873ed7b87fe2c0d8f3,false
2d85a20d341a9405433e736ecaa7660c7135cf3f,false
e6d98089256d7f660f12195eb936e901ff6d1f7b,false
31e9446301cc7e7d1d6a835f3d4eba0de9943b56,false
b2a6379ed9bf7f9b3cecc278d542074e952934b8,false
6b697548b7205381785d68da353f052d5c52a633,false
461dc61ca6fe76c63d94a26fafba9bf8015078cd,false
eb715730afad59e55a9ed2cda0a44c6119c9f8b3,false
8ec7e099a5d771581182cc1cea990f6227ca8365,false
fbc82554e0406304df02aabe809c8069ace46971,false
714d450c44ee500188a01588ea8da7c0710958d1,false
912aa4939ada28d3d9e5aec76f8bfacea6a26d2f,false
075911f7dca9fb0cc78ef64b2347e3fd67a5a7f4,false
157a22f63897b9cb359193039143b2c9906f84ed,true
f27f1d24be783a2efdf3f9141e730d7b2c30e755,false
c81e493592893a0959c484445a1cad2069e13503,false
225d1dc009f4d1f43c32e3e23717abdb046ac0a1,false
5b5a190445e22202a4544ade11bd464cbcb4fd8f,false
773bc1465f53ba69e442e2660fd00e7e2a2a441a,false
29d3107e0bbc91d2f30a638143734c818b851228,false
fb33ecc18c57669dcb5ca1b5a982904d425482a9,false
ff021740a758ec8a584cd689c463a0aed0d4772f,false
794dae97a3afced066fbbd8f98822485c2a333a0,false
53db193c082710f81db5b38e43280ccbdeab7ebd,false
d5223abf98aef17fef9d10160a13cbe6129a3988,false
3e79c2a187d4aa8c266dbf7fee400aa2f5847192,false
b8eca2e291b27921fb8b3ddb38c88d86fc98c775,false
bbf33d38c74b425caddc89afe1ac488f33cc04cb,false
c5d5a238aa19a2106ce46922b3eb83e1286bb629,false
4fa07b879ad341c4e3f904db9087b56d24697471,false
1b5da54f05b54b6662d7a35757eb7e813e96359d,false
0f56a5d106e73d37b4626952f457086851c9af71,false
1e86f5f06b3897f33f615707829d218dfe8baa94,false
6a023655d27e489e40900318cb43170bf6d83202,false
d751b9023c23f09aec38955996b3a67a78703a82,false
f0f0677222ea183f487b122053cf57a9792b2268,true
5933a7594b9acad4e0d7b9b60870d0fa0ff3dcf0,false
03b4ba70753639d686332e39b3a4c93cfaf82b1f,false
df241b5827c76661d1aa769ca39d7c8d8ee06f35,false
5226139e1ca1b9ee56e6d52c9faac8d3bc822571,false
ac1bec335a00b73a53ea40834e5f9b0f2f89f643,false
d9baa3a6e259e7d14a5a6c5b6c6d41448319e45c,false
153d9fdcfc121c340560417e58356ed0c733cfaa,false
ab804c53bfcdad27778cf5c1016f6ee17e02746f,false
444cf0e43cf76b53bb310e1799e6985144855183,false
47988d42b7073a33047cc9efa0849460b4ffc8cb,false
9c69a78c5ee5a91361a7414ee56742d104b0e18a,false
e3c3610cbbd1d61632b138c23e1e8c08ed0fc0f6,false
77a3cc422e37fa9cb4fab7d0986cd08f9d11a22a,false
ed85bd2fe6e7982c29f2b659778a97f8c687abe1,false
4963a583d467e4e01a993192ce124d5fd202c04e,false
3e6cf6a2250e1c829e7a58d2d42acf804bb5f2aa,false
b00a91ffc52e9e7cbe6ab6a5afae6f59cad4f79a,false
58183c925dcc25a833af82284eb952f36bd1e882,false
e9a6443c61dacf49ec63bcaf6b3da1b64a239cf1,false
a3dd168dc1fb35acdfe66f9888298dd1960fe27f,false
c3c99a5c58eb1a77f04bb80d5cbed8978f9219df,false
aeee52633dac555d856d1867971ff28cdd86e0d3,false
020876460f4c5277d1065ba3e7a98458a4d3ba25,false
f32188cba1a57b05330d1c7ad03e88f6c1cde2c3,true
dbea5bbaf6758695d88aab22b7d3072349aa7b2b,false
ddf8b1bf17a0ad9cf488888c0713f15301a075be,false
ecb570f0ca576204cc74f33dedaae6d79241fe33,true
af690f316dbeaa48f23e4464c713003c086925b6,false
5e81b6a9dca7faa823cab09f4a7c03e9acc7aa86,true
ae816d87ed9ecdbae3b20521269b59a3a40739eb,false
4ec8d476f04ead6e978b5cdbeea1b780f7a65df5,false
1e05507dccfc540812bc9ebe3b52864f4a0ca41f,false
ceedb644742ad10fb5a60b5ecb31033297d6a77b,false
11cbda0a208b5b287c76b265865005108b27d780,false
8ed43b6328d59eed6598d0808fbe162ff29936af,false
4f99a3441d5b5856a9c8b1e928047092c3b0daa0,false
920470b88614146c94006f280b537b77286f5ff9,false
b94af5485b00b06c9faf155abecc02eb359c5536,false
a8a5dd09133b06dc6a816e6d29849ef508982687,false
adc515321a26258f74ed58472a1a109f55b9723d,false
4a2fa69fc8ce0e4e2af82e2d25a46153eaa95ef4,false
257d2280f5decbf9e432aa8611aa77839fd42d22,false
8e1760cdf296610c0a04b77d5c073ea82283ba0b,false
1619d940bd5922886d19dfd35b7a1aedb9b39daa,false
9dd88e95924970587c8cc6d465cc23ea620b4c0b,false
5ccd1b78eaee51834cef7737a26c7ca5ff709091,false
53062d8f2ec3f766ea6fd03f569e9acdb5e44ad9,false
0c425798dff1d7ef6ea304cdc45fa2d5b991042d,false
4ce7f655b9db5abc3d74d241e5aae802b78cbaae,false
38f2d9bcd75769801df60c6cb56009ed8ee6b603,false
4bfefb01cb78289214670184a8047d0c1dd8bf2a,false
334be34ca14e343d456cbf01d58b934b42287566,false
5fffff53d4810dfbc5c440bfacc3b98a7367d5c1,false
9c950adeb5788e30a0e9300139050ddcc51edc29,false
d4ec1d703ba35708bab0850225fcfec7934371da,false
3f6505f0bdab9931323793e86788db4bf7d4fd66,true
78abae51456998b09f753c5ebde13690fffce687,false
8e1bf8ffbf2b4790a71830fb458d4180ea11b126,false
88a78fcb5192e907026d4d6470087b46ecc6862e,false
cc26bbf0baa792a6fbf7e1ba5647cd55896edc9d,false
39348a66d267e32bcad6c24f2829807e68143441,false
a94fba4f276cd6dd47d8c8aee7a4b6df5f0c643e,true
1aa06a1922fa742039c788d3c7dcbf77f66d56c0,false
005ad891eb91b6843e22528bbc622d69153b0d01,false
7cddb5f69f72ea5519ca38a5bc3c7df58e689377,false
2a8c7e9e5f0d57f3f462ae4a8a113855c73b7098,false
38c066b814e6dabc193a4e9f1c7454f5c22f2e5f,false
5e4cc71e6cba4ed1a1e6b4af971d37b3d06c4053,false
e008a1ee5ba3cfecb9ad52db8b1db5ad682e78b5,false
b4cbe603fd006db69d81b6ac3965c24891b73ab3,true
97360f63a005b860c3c67c5067be71b212fc4044,true
e878c6389843cb052b4d158afac2582112312939,true
07b67a144b4557e988cc8da60728fb32c389483b,false
73657304d45914a8ad5da4d96198d7310e680147,false
c970c824438634888211e8aaeefd4d8648db1136,false
1065f7813638f209249f9b6c591475b5dc12b066,false
853660f26d8b6ac94a5880cef60bf9fee9e6aa09,false
d31b072afb50fca908eca3bb61e13e5646bf8192,false
6eb52c9a18b78593cadd53a12be61868128551a0,false
857bcd1bbe781aed221f79eb2c5ec389ed4a283d,false
b9e1542bc994a0a5323e727c19305a6429d84098,false
9369eee6361b5a79eaff2762b55dfb9dc64574b8,false
6c99763fd5d1024fdb093c75e3504b49372f28d9,false
982882722b155da4d86a4b964a0f4dd6cf01fa5f,false
7d70503404031469b8e3fa98cc4dd39edb38e0c8,false
0060a1d80b91658bb2fbe381daff4e0a5919392f,false
e962f22be8ec4f02998e0f13b7918b792de71dcf,false
1018560da6025eaaa3d611206abc666ded18d4a0,false
0102f60d99c10c853cbbbbcab9a46fc61c54e2a9,false
84d5db5d5c9d9bab06d2d5ed5fca08a8e846e082,false
00b99cf2c9e83c28c174bff95ae77aea6e877bc1,false
28b69bddc2804f61b1efd2046ef491231b4b70f4,false
b289591149e21822bf0e88c52522de88adc3118d,false
a8ab02db43bc886764964d00b3642589ee8547fb,false
4ea3471fc5affde52b3c3b58da5b92ee2ec32b81,false
7b3bb535e6324f47e698aca31cb4967490b4acb7,false
d5f53efa6d1121f4ed0ac7199ff77a43acab90e2,false
f57b1d6760d1218607433c4915693ba694121cc3,false
4b5f83feb9bf2ddb5d5ec5e28da02ff2f1e8dba1,false
4b08bc75c54122e6d8717793aef0395375562ba1,false
67ed5edd64a9fb37066fd491393219f8ef62d9b2,false
3a12e4fd867638135ac9f6b8a56e4094a9dadc05,false
45f12533429f4de7fa34de741728c6fef38710d4,false
6ee0ed56ba76af23553dc74c98682c92b17b230f,false
8f50e492bc5bf64f077f6386fbb5b431d39e17a7,false
8d3e65b48ea3d41c1270c609a081b363849c8c41,true
d17bd15ae67e2bb92538640c3bfd4bde5220c3de,false
2111f62acc036525fbf45b4e7b1f864503cad940,false
28820e573f03eadbd6b356a014686c995f02aded,false
26163bbb092dcc33d77a465997a3ec97660d3cf5,false
8b769a733729bd3013854cfefb62c18c8cfa1d42,true
0ce2587784f22d515c757ae6617d84c4fd4018f1,false
3a7925a3484c098078db6e70f9b6f4a6cbb4e884,false
8eec7b22165e896358e004750bd3cfbab954cac5,false
6d0637fb79ae5ee02c0faecb1bd0645d3ea8773b,false
e70bed4b3b4c33a919031aeb38e746cf6ca9f934,false
c2d68673d0183ee94fc360ef502edc4f01a1a7c2,false
cca287a2bf631d1ff6d6cfbcc393fb6bdef8a5c0,false
9241104a9b601e4a2a7b16a24ac9f146b27f73f1,false
95051a01502c36e3b93177eae4c9a30e80759eed,false
4df6afd0355b5dddbb93eb71bbcb76514b6efa34,true
2586624dbca17138658d4dd821b1355226106dca,false
dec07a0c4771d8344608f98c5bcc6b0331930e63,true
3933fb312cafe98c56924eb7e63ebf53f29e8a6a,false
758715f819a712b06a554a8cba91cbaf31f63267,false
5701af169e433dcff3ebf14f8af9f928536263cc,false
de6c77f431f9eb767fd7637ef75c644865fe5321,false
8ea5c0576270c1074d093b2d5d7c79385986dd4d,false
18b97aec8f8dc12358b9ca72154c3e5def86d65f,false
20d402efd0d5317a7639aec1f170d6e5f8a06418,false
b4426232e5a97f7035c7e70f4b22f5e12e19680b,false
2df2e48066fd903c4bf48ca34b935e0435370ce1,false
2b11fc2648ff4e631ddaccbc46029c0340029c99,false
1087fcdc91e0c0e5c78816a762aa88e0b97c9417,false
46557608da16ecdacf8fd040b9023768d4e48ca8,false
255884274b0d3ef90c7af45de83f6dbbbb3d0e0a,false
f412f327571bea6ef32603cd7a837fb51e9edcde,false
3ffb8971c8d93c20539f25d92b3625627cd01715,false
0181f2ec5c7419bdad3461882e488d448767b480,false
b66c022b2424b9e13519ac80d4aa3b7f05b07857,false
7ad3eb6336044f0137309c81513fe7a602cc6736,false
d41449768cd1881e1121faed73e683f0e84a44d4,false
8893c22a95c4c9ed74ab9c94f60b54054b118256,false
941269dc5cfd0498fba5bdc7102bf214e14a432d,false
6e43defc403de51799946497e76efa86207b73a6,false
4babcd6cec0614270ab977a87c611303cb774094,true
0d44725f863288c274a61a3fd59720f4ee9efb2a,false
441376ca9257ee57d9fdef9b3d045ec60e4cd2ec,false
056ee1eafbbdaf27358b316c250259e4e1e3442c,false
4510cb29a7c7d0ddf402b016196d9855a78f7c37,false
e52c2a15d6ea3fa72e7e3a4600705514b14a8757,false
f4d8a38bc9203ecbde28bbb1807962b49bf19612,false
f8232475bb13a912e52dec34d9d344d5506892f5,false
f560cd83659eddb29dc2e398842f76bb467d4c4d,false
d1aae84266a86df7b7dc8cc27ef826c6143bb6e8,true
78b573cac2d5d7548404a63999f0ef3c2d3a0b86,true
0b8035be0c39b8254929ac59bae4691f9f244353,false
02149b3b950f6d9e5400fdd13cb90141554471bb,false
3e7df3dcc42ae0c60b7dbdc5c72c2d39ace561fd,false
fe8ebe1ede53c1373b31512a74f36eba3f71f68e,true
b479e6dde85ced44473f95503c424e37dfa0da6f,true
2741e8c8f876777fbf3ffc893ab72f4bf09a9c96,false
98e968cc4d000ebd907a206dbd458693f996c1ca,false
3063693b68bbd8d70f2a1fca7f592c459d6584f3,false
751f66a53244bdbbc418dd2fcb777dde94cf4051,false
ea178dc1acb24f80c872b2d01fc2c7cbe3c7a580,false
43b7946eafcc6280e596128c0049f510e032933c,false
da78bda133a9be74ef6b509cae9439dbe0cc292b,false
23a1370e5655f764a898edbd9bb936366dacec41,true
ad2d72769d9806ee86a4388051805b02a6b7f246,false
3aaa3d17e314186e85f3c862b5b8d71d500b410a,false
991cbc6dbeaa8d971e45dae6a64410f172818b68,false
6c6c31e96600acb87879df72c0bad08c4bf1ed8a,false
522c3dc4319c17e4abbffc3e186b1034a5b1e886,false
5cf15063f0a996432cf88c39e62030404c6ba92b,false
af1c46c8255447fc4f16355edadacbe3eb340ecf,false
468e8503137fb036b2897b3edef88829d7d62832,false
683628587aaf6439341b1dca421658b5646c3bb9,false
d32aaca1b14c1cdb4a37a6a3f11b975a0efe5533,false
444f88df8c283bd26f71f0ba558b437d3988313b,false
9ccb69cd994b13f063830c1839a50897ac68d2a3,false
687abd3fd5a66d2e424e52707d33c1ced4c8fc64,false
03a87deca5832dfd3829307de93ecf48bad2ef92,false
e883c9b5c0ca7442d8a1ed47798b8e10710be9ac,true
1ea43f3f799bbd05a651b1407078793f3b3e6393,false
3a5039a073cfcae8f3993b8ca84537ccd6800c4d,false
e7eb6ffb566fdb2bbad2672110447cb6ac552fd0,false
76aff597e100abba3cc604a18965c8bb5e79a0f6,true
117b775acf0bc7792eecb90819f9b81ecc17665b,false
bc725f242b28948674ea21c19ce15b083f15b028,true
83e1ef41e3f1913fbc5b630d4f888d7f317e495d,true
03d9a37ab5a7e113ca6d42c9903a88c87c0d47f0,false
636b50fca64ac1554a734126a0a4b621e72d86d1,false
67eea8ab9f57952e1cccc4894933db5e0113d9d1,true
f715e67295c030c5c4a5fc99cf6adabaf8cd137b,false
b9f7169f423a4e550e3057021ac4665bebc0f631,false
c02e2e054f93fc6d1eb0e058cd59e177f7f73330,false
f4961a406300eb6e644605971cf9e42716a6e06b,false
ecbd0f2a07883f00cdd8c6766427d693e8097473,false
1e0b36100c6e449a745dd20abe309ef7f3c8976d,false
52c2499da6fb15229662cedb877b2f646b468530,false
1ba0ddafbea9397f9ef53290ed0eb6ebb961139f,false
03ef7cefa7d15a6020057038c86bc12e666ff89a,false
b9d853f7230cc8574e483aab03c006fa27b0b37a,false
7ef9c75f135897d33ba7f22e4e099aadea65f94f,false
d22950b7d3a734f5dad657c6675d19196868b205,false
d4d27eea980a0eb86fd88c41cd3a45805fbe5cf2,false
5df37541c25826acc622556f298a3fa6cbe8f8e4,false
45cfd84fbe74cc6d7f6ed49c134cfc8e5bf61cc2,true
543df8f820205cae03458e7da24a7389309b8458,false
85e45c6530f13db5021cdd041f52363bd8d67603,false
f4f949c514d47326abb2d1b3a52516fcfee01e2f,false
8d46a47403fbc66852fe447011b3750d196a5257,true
5b415def0f3b1a40f379b67e6cbee9a32ce7789e,false
eb2333a085f4bba0564265a1119c69f4f3520c98,false
d7c80a6864620a06b6fecee81cc38ad2e165c9c5,false
865047f7ba27d81d6ebb36b6b796bbd9af636ef2,true
07cd0715f9820e0a1f0cae11cada4c5ec3a833b3,false
3b76dae82be96f5cb9f7e5574b38b4f1ee6ccddf,false
4708c71eb3e0aa3d2b3f83dc28d977703e77fc9d,false
ab52929aa84e21237b47139c63b88a25fb234913,false
489168f91edaa1f58b3fb18f8fd2e5f528e022dc,false
7890cf193f266e1bcbe1e612c654ae79b3e0e371,false
34f76670406daf3cc4b3fcdd5dd6086d3d3de33a,false
bec5068a756a5151271b9d6fc6720351b3bcf9b7,false
10a32e1b50f395df74e02b5eb364d90c94dea939,true
296e3104bbc22669660f3f1e4ac3935f1bab1c1b,true
fea9d7c1804444f65f2be698cf363b69624e71dd,false
09aa12cb6c7269fd8ed7183b8bb03e125421f6f8,false
86077dab56604d3df9276a89b07692f2f40b6a06,false
43692bc32dc9995ee3a83fb9f5f50535eda9c9d2,false
214c45a3166cecad6021577472a508f02d8f2e91,false
a2064a242602942212f75608bfec5b968cebf627,false
47e2020fb295e04b6a97181b1d2d40e7376711e4,false
715d6b596cba4772bb0225f48dc7e0fa975989d2,false
5dfd740aa8c712afa32b8aa8d47d18996a6f4bbe,false
b2bd587e6a92c5b328a92efc43ce5dcd6f4ea594,false
335c2b5186086f8a3b3d1d353bb1d06d23a20dcd,false
df3665a70f5f4a936e1b952f0f7a19f7907e6b6d,false
adcb16aeb7b589f862f3edb1dea5c55c9e6ad5e8,true
b6ad8bf63cc0855ba3220f9499c645e7d9618bc5,false
35b96f9b01a344aaeeb60b17eead575f2bb6c666,false
236580af480ddeb2b7e9d0e6dd7b08399e01c97c,false
2e2d71917d46655712bbd2e8b8dd3f4a97d15199,false
b6a88bf4e58c7126c4151827d71f4d843bd219c0,false
a50acd1bdb5c8282c62d86cd4254723972ec2b04,false
95860bb42bacb73de56b1ad2d481f5414254290a,false
3372a9cd1617c739539e4a360f2e75655bf65654,false
23d76355597f952cc612976946b2a486a971c57c,false
e3bcd52f8da5d34496d2870a9c1d0f565fcd202c,false
5f89ffca6e566ae3d50d684683c4329d561b43d8,false
2f906f0872466269f7ef40fa4cf939452962e23a,false
ddba2b4900c37f6ee40713f36c8801e5ad644615,true
fd0685a9d8cd7e713a207fe6af032e61dc122f66,false
fce192525839815fc876615d908791bdf9a7feb6,false
9d9ffd72467e6fb74f4e9dbec3201ba1a10c44b3,false
0fb80d51239de4e837addeea65e14b614b1a97fb,false
30d6b74050309c451516d973de7bb5e8c3f6c860,false
f0910d4443bdaf2180662af55d33f36e925efda5,true
37fe81e14901fe048ae3d7b8239478e290ff3ad4,false
723fb0c65a6aca9a9a7fc522f7db1c3a9f0231fb,false
5995f82acc0c6b9b86d398590b78df34388f213d,false
9034a0877383a63108fb9f4dd91e4241c58e2703,false
1e2e34699adbe35d06a0520d3aaf4c5b6fd83d65,false
5f3e3b6941a862b5c7399a809f7fa9e557a5198e,false
cdadaee15ddf7db048acae7fb23878319e9ee1e6,false
32613ab9afacd3ee6026263933075ace1a55f53f,false
7548e4a8356b08fd0f4112bab1f914bf81695490,false
fc20f21306feed3d75e4766018b1681e464cbac5,true
02372e8a06597565ea749150ae6b8c094774ea65,false
645af20508515282b49858bba460629e74bf1418,false
60f3a26f15be46956f16cb1751737b3823476057,false
b9eaca3c48aed0da260b962cd670e7754b3c6442,false
ecd7626aceece8637294bde27e41b3b0392ed482,true
dca1109aab08a7e8a7effd7cbac00fdef51d7a6e,false
adb36cd731cab91faafa7d0d46f05a695531fe7f,false
4a28258850d87167823fedf519544df9d6051113,false
5740a17ca10c0f32c03e570ba765a25f53e5ecde,false
520e4c6c716629c1016e44f6e410ce48399c2760,false
bd51faf1a859c550f032ec32688b9599a93851c9,false
b8e01bba45a48c671c1d5ff8a6c2cdfb725e1868,false
458473fbb1123324496898f16a831d9cacc39df4,false
5be0309f31a45a6a726ff70f6fb0ff227c63c5fb,false
8a49e4816d519a8f8e1b4233bd31bc3caf3c79a8,true
f0dfd915308870efe6a989d8318a3b194f3b8bb0,false
5fac4cdada5e8c682e9c3b5cf8d0cf9776c9e316,false
636538f53821746305c8041ce2b52a0b059d86cd,false
7b6c77a2bde0d3fb5337de257a5795bc74482930,true
5a92aefc2ec8a14903f1adecd6a90c2cdcca3476,false
9354c8cb3b391ee1cd2ffa4dbb6de60c40e860b2,false
1b35456330dce8ef181b27694553b147df37c2a5,true
db90d7349f8a577e5ff343aaeb8941ece890e65b,false
5e6a66bb7fab6b1c16e79d6ec14ca0b47a1c62cb,false
eb513522db46034e0dce4285f0ec3f7a0e21d044,false
41122e1d80151721eb1452c6d329d63473c7ad9f,false
32baf5bccf77cc0d1e3692ef2ebf0283effa223e,false
256a8603b6da8b0f957e1bb5f97d5b6244b0aff6,false
990a2337cb94990630d0b71168676d497da630a3,false
b19b9a4e2a9e7c960225b8118a0e97534055cc3d,true
be4905b7b9d0ccb131fe69d18dd5e24753020d72,false
45d606d28c41f4827de877759f7f5ab504df14f5,false
95d4de15de2960dff720084e51f224148f6afeec,false
d4de716ce5ffe1290e67b0bd4d15922cde1a2584,true
1600a1812710e27f59f1e7cb3b6ebe4d02957d7a,true
c10ed1ddd76393031d26324ef69accc088c22ce0,false
414025b5790f2459d56c371792238288a42be05d,false
7a00b449c53ca783495e5d698bd74e3e416919df,false
afcbf3d98e637aed2362ee7d784fe7185ff311a6,true
ac9f17fe4108c6b5b66a38ad229c0ac60b180f25,false
81ce72f9384bdf39f3aa4d1611b2aa509e50929c,false
95611422777b42e95b79a66074451c29a5477511,true
99bb9b5d47fff8c003248ce982d34d86e78eb663,false
4215ab5f62459f3ab25d877e60bf274f59376315,false
6bb926e3348ec7b1aaf25e2a505df293266cf22f,false
20a55287385b71cfcf309dff3cd9c1f929664884,false
61490e415968b5d38a8dd8e13dfea3e3eee38e31,false
42ce79be4114bce1adc90b088d0e910a47d280d5,false
8b2be40fc33e9114fdece64334ce79f6ceed7fab,false
df94143ec17c049ef0fc05cf6365593e6034efb1,false
80b4411f8dc460a89b5f6bd03d9b5aac46946a7c,false
26f20d441c605380817a1c28cf95264126873466,false
10a34d688d7e8a788584df6e2b5025702467228c,false
7ea98c7b6fbf64ea64354bbe4181670d2bda9fad,false
c478272185fe8c354ed6b6ebfd9a59c33e3ba418,true
9692b9644b6e7c83226d932968ae5026ca9a3612,false
2ec173439d7aa4dcb3bf115a6ca41496767f1e7f,false
a06f7f531fda509d52ad0e41c6ee51018fc4e98f,true
681887958561d321d72f7508089a726cbcf26a4e,false
cc550fcee43033277427cf05c299568dd3fcf307,false
a57272e2823a20b48115f6bf2705715070efc32a,false
a13ec0d85d5c18c1862eaf1df05bfc0f0ab91431,false
3b25f0ea6b5e3fcf19aa3953c51bc583f93e2529,false
978ca0bdb1040b646f228a692fc6fd0e7824aaea,false
9ef7df51e5ef3332b4f3ae14d3dc9db8f0254c47,false
4dd32fa6dd4f45f0242905a40e35cd6f00ccf0f2,false
d574c42540d36f44be88e6b34e95e68cae561973,false
6609b38fd629de0d1cac19a9f3cb09560ba22077,false
092e64ebf2601137a337ad4fca377bedd4b766d9,false
1fbe2222512cc6f29126a0c6a18e3d8e75bd76b7,false
37e529c0605a37230f3204bfe23f4708b06b5b9b,false
dbd5d7ce6e8b4c0d2f5b1f99ee103ef90c72d9d0,false
48213f5e5fa2a0f29ce1f409f636a4d483619304,false
a1630d999f948a7fdc3cb9bd52311c70311b7928,false
314cc2fd8646423dd7592e8037edeba3817ab0eb,false
7c749d5e764f30f240263a23dacc37070d2fb7ee,false
7328f673c46a8d01d3d4f987d3832730c0dd295a,false
bbfa2cbafa0af9310d25954a0c4e7eb7a71dfd64,true
6fe8b51dae0e8da74996e5ee3a8798c1766312d2,false
82b88bb715da616374315d2fdd86531114ccbc6e,false
eab865d2cfadd153b1cac128770ff8d7d37ee403,true
349db16a209943338bfc5205da969fa1872a704b,false
e920b6bb945a61ef9422f83f005cd66d19f1a17a,false
ae897d9a91aa45b95407d79be51454e4a950192f,false
2c0c7b16453123600d767fa3f496d5a774576b6f,false
e947c2b55faefe5185b28e5220eecc580a546cee,false
c7c3f04cdb5582fed37ae0433a4aea89cf673d22,false
26aacfe897addcefe324a3dd390d272088998f97,true
01f6989a1080797e8c5f91ed236e9a47d4bf739b,false
2d97239bc5ff143eee1612836d090d6d7ab5edc5,false
e3dce1ee6159ab0c6f2831967675a1e0e28c1e13,false
9eafb2b179eb1eaea4c8535031c15720e9c56b94,false
2a46f2012096306f2bcbe4a67f677bf06352509d,false
8885088e20ce6abe13f705b5f2f5cf548ef7b0f8,false
f84ec3dd06b0dd1dca29e739c862e86c4932cb17,false
8c30c36c7d52b5ade5ce4abb62add7c767bbe96d,false
780a9e208221417d8e2c59560edd384e326cc03f,false
30fcc58b3706c736ec2f623fc81dbc3c0603aa6f,false
ae1b36efcef8f761748d75b422f49e6f628f22ff,false
11f12dc127ef5eb7e2424e849ca62a707d76b7dc,false
2aa544c4bbacf674147ba0756f310fb0cddffea6,false
564c40baf7c3b13a96528b7764f699e87253ecbc,false
b06f8fe0448e3f37b0f01ff8dbb726ee8e47a7e2,false
26342b5f7f41f4ebeef4d63ca379b00277c500e5,false
4bb281cb971bc699bdbdaf9935e4f6080011a44d,false
d6142811f3237e81422871aec8215d675a0f869b,false
0fbc955b961b9d3db6d07f9670278c453bcc0121,false
f10cd8865ecab8d2b137ac7dcbc784f617e68d5b,false
16fbea826bf3ae5f800ca7f92322f7675c17ef17,false
689f752cfe69420eeaf018cfc34a7d1b20910837,false
8f3dfa5cf9a9df58a67673a6fff8fe857d4f3460,false
4a61d8a016decb61b89e09dcab16764698d6f0e1,false
59f91b2c735d0fb9eeb317c48f6c23f875ca0b24,false
b2855bef66f8cfc60296af72fbbea8726dd0fb9c,false
df1e9baec306be53e09a290a2e8e951fdb7c7b35,false
9ece5f369f5c87d2311166e022353761cdc466b1,false
06097f72df3ecd38ccc2624192fbff1fba28ae59,false
1fe358f2e1764591c9c557b85b9ffca6432d2e6d,false
e49f7a1edea8acf24305e13877a22120e108374a,false
3d149590a2e96981d4776ba220476d67d41cae20,false
bcbbce41be3a516eea4bbb54cf29b0307e4653aa,false
5596940b65358614c8271d52ad41891c5db73ca8,false
873b57e7f390aa7ef26a735df95a618bacf4a228,false
79d1300e29c36c65a53f4e1b9172c36b269181fd,false
ffa824eb10056456c030e648be0fffe92ee5d299,true
985b725ee901f0ac7ba190bdd8ad507cc220e045,false
4c4561c13eef78db49215726fced058cf8f33794,false
530a4789cd6e1b9c9483d846caea1c9dd287d2c9,false
2479e9051d2de9ea382027c69bf6dc533fd0e574,false
55c3e6d6f86c31aa411ceb9d639968c9c4c58df8,false
f7a453bfd87edfca8c344b8809deb38608a4a7c1,false
5b08b1fc16146f68a9ea3a36fbeae652c8b37c91,false
2ffff14bac8763470a1cffbaf356cbadfcae4e45,true
dae11c9287a0eb144231054995919d1f87757644,false
4a7a6cde7f861db8243fb91c9821279f3f23031a,false
21f561c341bbf89f7bc459b3046ecf1e8686eff7,false
c3b3852cae8101fe00f73d3a7bb98a3e90962632,false
330285dff4b71279b675a515b5f33c5d55910658,false
3a029fbe0dbbf88f28a9092daa2f31aeca45ae96,false
0cf785c54c4cbb49c0ab4090636e25758465844d,false
a9805acd4fb041d3becd5de33e3c29e0b4e4a936,true
e3de93e3809a082ab0b2d29da1e7aca283af7e27,false
54108c818e1d1417a72902e37ac765108e40452a,false
39ac44536294b294a77f020c44e2725adc68cfa1,false
dbe184a1c5458d8e9a7990923a93d29afb214f8e,false
12c47bd17389a7ca417e95fab48b90dae82ce64a,true
2ba52db2746b5132f3cb44b6e851c68d58ca29c5,false
a82993d472933a3a010f12dfb5133aca1397475d,false
b4afbc408c35783d45479e55094114deb5578bce,false
00f89f70d5ff3f2ca48429de3545c5b9f3bee4a3,false
ae58ab29c41aaaa9967eaa542dd34b1920d14fa0,false
1a1baee353c56be0dab388bb14c43501a7b88448,false
f6fb34951dcf85fa4cfb949fae0216666dc24a2c,false
7a42063bec6bbccc600f784c34d5695e1c2a7a69,false
162fb63c1f8fe9e20a82767aae605dd3c282794f,false
a085b50b63f81249fb3b1a9722327062e53b863e,false
c18e3e5c6fad6206146c1796f22042efc5d56214,false
971b279cc1008054747d03728d23548612a85873,false
76e30dea14a053ff5a5de0dc6c54268e64e615de,true
a960c93e2aefbed2000e0225800924c5cb60cde4,false
0f207cccc3dc404c8add185947056b09fb10d89f,true
5ae6609dd49a2fadb984f6cab93da058dafe8b8f,false
9acd4102df95836b6fe2585296449f3be4a2fe07,false
d22c7c4a7f3ea3eadb4d5b2e487a737701f145a6,false
7f6bb811d0fa85bc8a3326e9d91838a3c57a142b,false
658a3df03c39450ab3acc7a1bbce9eb75285740b,false
6f596b4ea6ce6ab7a9e20363d22f588b0669b493,false
c2f3ceeeeac3871585e7735691a4d714ff784571,false
291ca1e82cc102fe2316d668821a881ea19b9949,false
c89ff6c1887f6be14a718458b6a4ae2218c6a45d,false
63ce2b2a767f9436c3a15307a6a37be35c90b9f5,false
d50dd4b0cb6ce242b8ebb22e01372ac6f0953b09,true
7ca9cb50260ce5a65add75ece26d3e79c941541c,false
5f300cfaf7ec474e3fd8de7a4431b6b7863be9b0,false
e6fe3d327a465672b28ff84b2acc08804a9a4949,false
3f335236ae32869387614dfe20478ae448dcf06f,false
db63305d4701bec2c1f27b7c63559b4bacc31f4d,false
5637918f63c1c1c1b23d0c5e30dbbf5cb97992f2,false
aeb710874502e5cad1ec7bb66715c626745e5e55,false
6e54cea1ea2fbb82ac506524d5b4427ef9fa116f,false
aa67b68bc668c7297baf3012486518aae480409e,false
1953db022632f52a82c77508fbd0dc148c076d5e,false
2cd3db53cc70eeb51716262054dd03c7f9780ca0,false
675376017cc4d0887e8def30396207948d1d765d,false
80f3454b03fe4051e94ecf9e559d5a0aa941506c,false
328abf91026506b29de6dbc041144b36429b0c38,false
3fb0663789379b8e0b1356c93c0c1e9654c69d71,false
2b0ccc9cf2bd7064af2717c6599e14457ebe0fc7,false
7c188d1ac289c03fc5ce5afb18b88fd841821e51,false
e0e7da0bb6d54680801e63ce4855f5e8494385ef,false
552ebce96863cfed379b979571070df34d43fb57,false
ac80da2772f181ff7751aee55077be65de4b7014,false
962283d6a636813fbddc012bdbb405107ca0b886,false
14924a51ab0e0ade83ebfdc2d6e45ca691ca3eb7,false
ca3afd5e7d332d5518a5f5392a55b82f5d9f17ae,false
4dc3ff70009aedda7b1ed642227b0ce12e05b506,false
c231eaa35014deba2c99481fd7e2d37fd0f21d76,false
e4c01edea2823218eec02c4ecc8f4d8c651aea26,false
8e5cc1a0cc686b913737d47ff6f74c7d92c1a69f,false
99c6e74da9932c0f417a5b3ff4e859422f2328f1,false
a55e9601925f7b228a6b4f0ebef91d2a3322f58d,false
4b625c0363dcad7a2cd581ad98016067aea8c23b,false
bf15be2e3fdd93009e0624f1c769a40760c20d96,false
db842aa565a9d777f5c5176e60296d273c04dc2f,false
9e8e7b04844c3b90d5d613fc5e5a48dbd055f0c0,false
1958de1bcfb46e6bdca4564eaa5a7d023dce6351,true
6833764fbfd5f644ed42371196a28f8a4fb97776,false
1fba324c172b489285b870a3781f7780e527cf17,false
a5ae3eb55518014c41054dcd79ba61b76c947664,false
b090b21f60cadb79420e983796af8bdcd8ebab4d,false
24d7e3342110a6b25c1377f3bfb14351ba068f80,false
c128d1733235c328a1760c4b18f5897ab1fb7b36,false
7191179e84e5086c84b88a76cb563f9da9c30e90,false
a49081ca24db177cbc882c8ea2da46acec83d3d6,false
efc771ed6cf6ac198615694f330e5d5f1130d39b,false
8ab094f0e3274e280c28ecc57ee5826a68c6473e,false
ea5987fe49c4510505ed364724bd3a3ea9f56fa2,false
34279169d4b6fd933bea71a4db1b995d46fcdabd,false
88fb91e9c4cd0ff4722d99dfe3f861356b06f159,false
f1faff6b46bc86eb77d87cd45512099c84f0f88b,false
3d568c868c1c5b8ce5dddd7e8fd6410f7704c4c8,false
7160d91804f22a10166cd3cf1de50a9ba53030c2,false
f7cbc7197a3b03b0514727523f13dacb6f89b6fb,false
76075e258e0937e13647244f844110f2db5c0797,false
21ffb0a8039772620711d07aefcf3b8275ff998f,false
28b1013f0e7c56e8c95fbe1571a74df411221788,false
d57ebefa27095e18e35649504385b1c0b06d4677,true
3228a2cfac880198bbdbaf4297dc00d69e253518,false
4233f2726e2aac772903875a412581d385cd9bc1,false
29173bd9843d1416eb0495e2c33c1e5c9bf2f574,false
e20ea53e72f2548968ad0bcfc7fea05e05740e31,false
faefecf1a99d2e261d80e29251e8e7e208ba157e,false
986f975e4b415ffb182dc694e3c4e14b7f25357f,false
5065195c953277fe6ca0ae7aca14de3dd61e9552,false
a0370d8a473e76e4aaa656ebebcf4a4540f63470,false
640a84020b7f397006ec8cd2c5e8c283d06d5377,false
660d894452eab31c994fd9fb75fe0f7b547006c8,true
c9a31b47dc4bee1669f087c09e332b9047a78205,false
d62a5b70580a58cb465c1fab52263a61939377e6,false
39dbde8a39e3b69ade61a5db2ad4326fe705072e,false
a523736e94d2f18efa56be551f1c90eac966600c,false
ef6b6f139153c83a5b3068ff450bf247a98fe4c3,true
360d5cf767f1d94f6c471cbc344c36fb8f06df7f,false
fe9293fd7b6e33365f13d5677cd5a1eb07e02674,false
87a175e2bc721d1a2e369dcbedad063d82c774c3,false
f0abf25b1e9acf8fe0c322dc082d45b914559a9b,false
d1dcf3670d2627e53bcb4f14c1575766496dc472,false
6603d4c1e706a245fb39821ea5b57f60f922d233,false
23f1d4a87780ca88f20719ee6841ae9dff390b87,true
fbf40785c01e7a0ba4f4ff0ce0e99551e52a5f1f,true
77ad4304a76538e9ff739132f0dd3b921b2905db,false
bc1adcaf5fb0357dfe76c66c12fe94e37a903a9b,false
0cbfec78d421f49efd3b2dfd89db5dc54177163a,false
cc9591bdfc0703bc620d98588809b228abebb003,true
b1244f980700541ab530f28f768174fb2b41ec19,false
07a42c5b36ba6931fcf8a44647148773d44d539a,false
52294dedb8c3fb483d94cc1415dc6f360585cd35,false
a54eae1bb72e9b86fd19f1a3bd7b4f8a88174f50,false
688dc3bd2962b78032863bf84b34a1f0d0e1c9ca,false
e778bd2e1726eac9fd997ce7794cf77745fa6938,false
ff68edc601c93c44bf9e855f167f83d781dddcb3,false
ee5bb8d573f6d892c663b891a6a27a1291efe50d,true
9b6ae1a0bddd29d6b16b298ffc58e74182a10e77,true
766064b0f86bfebf170701fac4a0755dd6e1d5be,false
5f97f8bf073faed10977d90a7ddef4057ddbeb06,false
22ddee7fc0284778ebd502bc7a7d2d39940a4d3c,false
a9929f6ba43ee6eb53f15a5213762d1320cf98ff,false
a30d0597054fd67c5d1cb3fa510659ed46d85105,false
c7ff95a72695b14bf5dea9620549111aa96165cc,false
399f87b33df3bc4b62bc48f458a70ec09d2df7e0,false
84d47406c3dee3253ff4898a493b66edf43854de,false
464b945b7958c96148d24337877487bfcfdb7fd9,false
c9906d7105d305f41a371225d24309131d515ea6,false
fe5f498edce47aa3a8f40179c5a1567b01fc9feb,false
32f43d6031b9d30e9c49f4ba913fb4b6b7bc8acb,false
b69f3eaa762d8f71b6daa99ba162a3147daabf1f,false
003622af3dd7bf2ad5ce32c9a9a57850f2c4dc00,false
c45c79497b7769f31a0f472d0b48dd18364924cb,false
990c7ebefc208a2288afb75b414bb8ac057cfe07,false
46f92da1771a7663c291ceb34867ee1b7d40179e,false
3fec767f3d7b92255b9abe12f932b272d008eafd,false
4eaa71331c2c250b27a81add2edcd3b3aae7e9eb,false
3588c238fdc3bffafeb2e5dcd4010330cf7a3ff6,false
bfc788691ec9eb1678513be2660156184dbde0f7,false
aa6cf8140b1ba66e583e4336ef4faff28365cb32,false
68b1a2026ced8e6d72019f33bd7a4875c610b590,false
352050342509b9f1456ec7d5dc2d73af8ccfd779,false
d2fbea9ec7c364add4fa3835a4947932ab077721,false
feb4aa5326f32d708c851e7a404b32332c0fce07,false
3fb515548c2d6798de5c194ea07d57b37a6d1c9f,false
a054d1e1b6af95cb79da8dd486cd8ec7c81f0e66,false
7921dbe9fc9cab9bf94bac390a06ccb171b71d95,false
205865c238ce207577ea377c953b5c7f3540209a,false
7c9cc9bc5e1f9f550fe2822804167370a704441f,false
446b004745dbbd5a52273f3b94e36099deff1bbc,false
8bf6b22e01aebdc2c114771c69cd350913545581,false
cfab2d222fa8b3d6035ffca243dee961ecd9ec06,false
de68e445e31bde45f12d31034bb350ec28b4322d,false
80ba30df386ad73fbed3dfe6f8cf9a0c0a4e7c92,false
c50efc3ddca8a502ecce53b614f46d3c51594a08,false
c22f52c0b8d9a2a3e6d6f58ae91d1549da55cd75,false
6cc0634620e2ccc6518c7916ae7d7315621bc889,false
ae5df2e9ed2fba074e067c2c04cab9aec7223ea6,false
fb43aba1896457b82ebf133a5842dcbbae5ae8ea,false
5c8af8624f3c1b0cd5faeabd0b147d8bf6024d51,false
44d344377ff28e77d5b5cd76fde1464fe1d3ea10,false
2ff586683a35e2150d33a8112f8231e2a91f2975,false
4f7d67af6a864591605fb9711fab259e9b33f1f7,false
c4025aca6c587252e45cf9e711049fd44f905b36,false
7ff8e5e4bbef38e2e54e0013fd8a5aad275e5858,false
99e7c45b7121444818dc29a6c6c896dc00b03d0c,false
c726d1124c111b5ce3b9dae6a87f2f4ab2bcb109,false
05f1a63bb8a47ae17e4222ac5d02db4efd8c4ab7,false
f0e54915508ffcae7c7687ffc39c95f83247835a,false
3be586599e6a924eae506142908a2e821294cd8d,false
c49821d382b3a27da5c18c5040e574f7a4944a1d,false
f9921a8d266ad5da8edccf92a5c287252bae18ad,false
b42378593a81b7178d884d8a4eca35eb221e703c,false
4ab62bcd091eec7d8a941fe73d83b93f7f3e41e5,false
cfec4112a694ce2ca176b826674c6edbab0c5bd3,false
dd0ef5515ffaa09d60e0615eded67560b302d033,false
bddc2288637bd7ea8fb7fdaeecec5eecfc1e9b18,false
bdc8b254a1ccfae610e4c10cfd7a84792534db8f,false
3b3f7749fd86d9f62ec212065eb1880d240e068e,true
569b2003f3ae53d9b5f1ead8398986820039afee,false
28eb826be26d97ecfdc9cea9b1401a5a06647e85,false
a587f17c45d3b7cf2c6c9d309f92a6f8a2b915e8,false
683789dce60ee14925575f3333f335dc10a31b3c,false
9df6c43ec841f3e4470a08634e4a8e552610cac9,false
165f010dcc2633ff69add590783e95228da90e0e,false
8d4d85b4e86c146e9786125dc4650eeb0e7ff83c,false
4bf32dae57a8ce7c5ac4283594c1f42ef3a102c2,false
61b53923364db3bcd894e6d24cee207bee547f7f,false
498fdf10d87219fe385112ca33a65bf03abb5d20,false
fa8a1739ca085853ecf0262ad51ff2980adb1883,false
d158af68d0fb396af3a965f5206deb5d539b38e1,false
df2caf70b807d33557e060a3bd697603b3e3e398,false
104f7a08d9fa5c0629871e6d2a913bacc275c2f3,true
bbc0ecab67bc7a5b302f76fe61360cd280007b6d,false
710f8f94aaeeb74ece313de3baa171a907057da2,false
052f8eec14d92746ff09a9eca9e681ac08f5f0fa,true
a27dda4b790a6242f0f6a0b62f96e9645b5daa58,false
b91c1da2ab7b4d6c1ac4b214449d0766ce0805e3,false
5ff4607eac1a7a6882dfc2d038f74cbe7951974f,false
ceed9a8bab4a82f373285e810438f53d7a6c4de3,false
98e81b6d617fc47dd1677c3640c62a9f1dbbca3a,false
e93c245c426b8c2ebe8dd15a8a1c8d9038548214,true
921ef2e80c253860778e0facada0abbf48e8e586,true
a8a3c983e0b98e714b165f94505c4b4e4570807b,false
43027d3ace7aa07963c9afb48411ff179a2c3e8c,false
8cd859a0a0425438db87a546f48577d76b672d79,false
d3337e26d075caa31ff319a44fbb4d460c6a8768,false
f6ccf1ded4cfc87c995c3c15ade96ecdf36e7db3,false
f536bd43c27a627fe75c2a9f20d27b59c25d6be2,false
8a203d82007d59bf590687c2eaaa60dc76aa35cf,false
a5525007152b3747793d8331c3156c082dccc432,false
0cbb6fc61fd42c023ba7b0e155c95288b92ddb64,false
81300841707279f536fc93351de6d0f1cf040bca,false
7c6340148a496cc7cea209be5653049c4a90efdc,false
c3e9f396190e305d2891c94d6803632349e89df2,false
7ca47a16c62abc2197c145ff3a5abff7eb812b3e,false
8bca4254427e51337c9b1279d692b015ac1f7154,false
2755852f169ff6585aad86546e0adb37ef030bc7,false
af95d8eb1bddae1dcdf65e940d0dada542676a8c,false
9ef39cd67bd40cd4f416d4781e197fadad384b9c,false
2dd00d9e0fe4c33b2cf972f673a4f6f6b6104cc4,false
42e560066be1ae707c6031d243cf90d85888215a,false
2a9d2d21a3fb4bacb21e45b84e625020c122af19,true
2232ef3fd250ae6f48ff7a9cbba7eded69306d62,false
aa29b179fc68badd855d0434e41efbf36387a034,false
b0df4d7dfdf3ae944306fdc0d5a8722f5dfe2ded,false
3685c15d3da902a59cc6f0d18796db028e766024,false
e85be418a65d63edb211bcda51c15e8a98d91977,false
6ac3fd3af7e51862d678b3ad23c6fed6e8fce3da,false
5e15d52e584dc1b9d3e3d62fac0f214e5e99ff46,true
11d6cf6ee733ee9037706bd33e8c35b9666085a5,false
8e6aab12d026cf6458154beedd5877e3d020ac69,false
1c9d308e72796730d99805bf2207725dfa7dd7e0,false
471e1244286d71d1d4a171cebcb657c6a3a27e95,false
c3e8552152d6991f639434c4d60bbead647babe8,false
051f018808ebab30471861804b0c91f6629c8769,false
8730c7e711ace9c08796ca67a120b8046725f56e,false
463afcefefd736df52315ecc42987b4ab236c4ef,true
c665da9dfcff603b882effaccdc7ea06160f3403,false
2a583d88c5decff4ea6cbc37279692dcc5e484b4,true
63b50498be19e84252b8157e0853910a1071a00d,false
95158db81136a1caf404c7ec2656b69b0123d091,false
dfc573e38328a99dbb6d9d65343019404bfbe544,false
4d68cfab0161997f1138563142c57ad83545abb6,false
c4a154bffcf6d47758f25bbb01b9a111b9ea3a5c,false
9dcc86e49756f5b414ab97d261576dd2f3ce6613,false
93b9d1048f46e201fe59c24e312cc7c16b585367,false
e8ea3a6aef5049ea4ab717ed858429b0b4c2240a,false
40282fcfd9baf44aa9653021688dc9c9f0cc26d6,false
fd196c43750bf277c01597cd1d56b761fd56b3f1,false
90ca582b0ad3e4b1c40bd27e763df3097d9db90a,false
f56569c1c5e93b466a9d06bb957fac22a2a3a965,false
4ce195d123cb906108b950a913bc261c21b9a8c9,false
fb864537f318adbdd6c4f70964c2ce21686183d9,false
8225c7c62693d11b38f1846890b28a82e5b538c7,false
2b6a8e31255e1d853a28ea212e9494b139cee661,false
74cb991ad7e7860528c68022cd14522d0d16495c,false
0f8bf426c8f07952b7354e70c1c3351cb16f6a00,false
ea7169fa9d580ab3410b3a898446593ff8261485,false
e4922ab1864507adc43c75edf77db8daf999ac33,false
a7ca3c4025d4708a5bc5434afe783e267919045f,false
65d246bff572f1267b5747727520e68277792e43,false
e4a44a84699218f832ffd4364b3506a42755b3e0,false
7c66414a9c153b0f923c4bc7f141d147c20c31c1,false
201565c7668b783f00d65b61559d03fc21912795,false
4488cc95bfdae2202d26d43d58f082f17ce94219,false
35965827750623c185d43ae4028ba2b72f917c76,false
e8a6d8670f9e865529a8037a75f7147b916ae1de,false
5ffb77a8cef57500504d1158d04ba41658aa2e76,false
b808731479678166d37e87f8932cb84ad96c121a,true
c5f3d26571442c9d8d97a7a9585c595414f8d1b8,false
3f86ccc84aec849b807217ea74f991f05b6a750e,false
277b1dfd850ea3c897096b59dd9e45d8bdbff0f6,false
4ed7cccfb6e9b7c9d7f5892e1896519b00bbb001,false
9cce96a9993fb2c19231755917b24d2531aaba6e,false
79aa48eadb0f5600c61b07cef1eb661ca47f00b9,false
d1379ed726cf1023caf374371125b0cb2bf998b8,false
954c74ff69c241b93e0a7e16f22d496e6e2e7a03,false
94d3ace5d605393cbfabb45d6da5c7b740838703,false
d62aa9226d6e42390511169fbc3a9661b6a0a545,true
2f49c22367ce1326e89c8c2c41399cdcfca16119,true
0c2f7d84003b8255d940159428e7c19f5ddd30fb,false
e9bb1b7a48f97d1ef009c5324ba13d10e439fe54,false
10805dd27f312bc24ff25a8f023ebe20a31a8f02,false
05acad26303574ff64b17d7d126a645daa517a4d,false
2c4d23a72a8c84b647e5d7fe40e159d6f44e727b,false
494c57b334249fb4230d58986319deca21cb4151,false
73744f47ce73b8c6e404f6b719c782800c22467a,false
a4296855721e26d3b0eae924e07031cde725cacc,false
82b370bbb644195668e97ba8d46a2c34507cbfb4,false
14747093750e02b78bdee7a9b5e60d0e230870d4,false
caec542c7fc5a24cc19597cb799dfd76bb9b814b,false
2ac21d5c8f1a95e488a6250327dc44bb42e382b5,false
1e5ad6bedfee399dc189dcbbd178c2721a3bbd37,false
685f3910fd7696a47b11935679fe6c5713bdb204,false
9bc9b21bdd8f1f79127340a35f1edaa3bf9f3e99,false
6acd8ed12dc18bba565dc0bac772411dee87bfd4,false
b87ad4cd2e482b90deda28a848bc5e781f67405e,false
28f2ef6d3753472c9b05ce43dbe86a7b76e90c0e,false
be33383d54a703164eee5c52ad9b3c174cf7748b,false
aae9bb49e46ca78a118b5e9acceaaa424e351064,false
b45af55ca4e9dd3fe28df4e24078c9fbda82daf0,false
cd781a5c141d517764a126698b7aed36ddafe56e,false
a156ffc3e09e53bfb9516e388129bf04c5bfec79,false
131db6cf2266e318f5860e6c989a157a58a19183,false
3a1ad861da23409bfa67208b0cf416dba0e1b3bd,false
10ac0a289ffa496e6dd2fa7b7ad2a13e2de8cc05,false
8fb1ca7853a46752a38bde9b36bcfa5ffa4133ff,false
c2e93f6f3e7c99824733c165a4d5a87fc71f75c1,false
38f1ddd86a7e16928f357b81947d177a45d32e39,false
c78d133fa117b23970b2ef33188187987e3a782d,false
9ecb855faf67839e46197194389abde4cd96b0e1,false
f7708fe726c4f174e126a8008ea7079a475a86bc,false
68b812c79ac717051136eccb42b1577cbcd14ae0,false
542ec4c726e9b0c3fc611ee62fe3d2e8a05151e0,false
fe4ca8a350cf14c6e829ba599186bb1e2a434977,true
83b166af1d332252b156f8abdd472104218fd5ea,false
644fb2585f3dcdcb2c48ffcbc1fe671dae2cd8e4,false
3a7ec647ebc5320b02b00a2f9fad5e4577b291c7,false
c9d88e5e0182bb27cb2d17145bda39a5765f1106,false
3383880b3714e981494e063251f294b25c02b383,false
c7b067d412984d9153665fd7beaab3b29a4e50a7,false
c6e2a2e697329889ebbdd51dc1be972f29737933,false
a56c82b310dc7c3062a4802fe1fcea8dfcb5395b,false
ba5d6b1b275de33c7a3519f680aec702f7083265,false
63b87fdede0da2f71e4f8eba62e6c3a338a41faf,false
18254443d9cfb8d1867f01d04b341d52ad074972,false
2170c4b14ded4c27a1e84a8e11cd274dc4026e40,false
eb180465929fdd14743f58444e925f3f2288e658,false
c76ff7b8c24f62da4a73b37cc6d5fea77db4507d,false
238360543fb33433e562c93a0bf92318c9b355c3,false
cae2e44695c9da8ba7668a8acf24ee9d2dbe69c3,false
c14a6eb9faab504fe9e527f7df450e3cdfd6b97d,false
f3cf8204b6de7de5ba822ccf8df1970cb2fde9c5,true
65243b113ff7fe494ba948bfc695f4dfb516e6e3,false
06667becebdce640e5b16e3e031c4feec42d1ddf,false
f9f0c819b2d92566786d3f95a26f55722224e4d6,false
1ecd30fc08768b17cb8328b671ecd48f93865d34,false
ad106e5cf7867bf01c3fbfc6126f3620aa5ee506,false
30cf1313c2dcea16d7039874e4a62f0b15999e9a,false
e1b09d1390408621d45ce92ef2fc9fc3ba0c5821,false
131df07ac0db6c1a9016164e12b81206828a2b51,false
befa9ddd3bd29294eccc7136c50a324dc23e20c5,false
f5fa3bf9dfbfa36241b103a816ae42cfaa371bf8,false
209c6715c7fe09a354fa62cdf2015d89fd7e2d59,false
1adae49ca4cdff9fa9399923d7cfa72ed932fce0,false
05a2595d36ba578726b696610504624c65addef9,false
774ec6a449ca28dea3c95b1b2c4b74bad5caa73b,false
e52270764f5f2ba99633eb147c06c1fc71a46677,false
ef36d957b4b2e2e97601be061a5a54141eb179fb,false
b6d9b960dea763b58c0187f2d638c7476b1057d9,true
60e0fceb85ae500177a2551ccd0b06d9fc48de74,false
e174da06cb0d27bc90e60ec9f204008d7ad5c69a,true
e07341b3365cc16e6e0fe1c15e4d75e03b0d30e3,true
16c3a22301e78a5c486871d907dc17cf3bc4e7a3,false
6cc3fe06d2236c4f0852c780f285984e8b18eca6,false
3f5956caff881e58f60e186e608b2c85f5f70064,false
b4e86d4fa6471d0634db3b542a82da41bf123fb5,false
2a9470c49bec4a3298bb7f15ebe179a62514ce5c,false
9592a279f816ed8c6eca43c53df64468a37e053c,false
ba0c1ec9af860f9b4de8afe667702f49a2f59c9f,false
1caec32aa6fad26a21b86f8ae43bfa372a3d4804,false
fde740e549223f98581ab119d666fe391fa48109,false
68da9b8574b7670f94b04bd325af3f3731032a81,false
b0a39eb5366f55771e82064ae420a6877040ac0c,false
dc50a2c2ac0311d7e67d91d453cd1566b17d8ad8,false
e63ebe13fc13e0cb8f26f4e19b3060e78db5854f,false
9290126c377c1f30da8beac8a827e5689897d2bd,false
9ce68800d935510c50bedaf365c13e0a616a8381,false
eef7d11e1339b6e06c51ab99156c8e920ee813a8,false
96dae963efd61674110d6e50bf6b1f562d50239c,false
f78ae746474f5a7c1fb6b60c59449f52560d7232,false
3aa99d05643d15d2cfc6ce86b80d416a4f440b19,false
135fcb1a8266e6086b2327edcf79829477a09ed4,false
fb351a8f8e14c1a036366da422da5b0b15bb2bbc,false
86dfe6ec3ee2fe14e16c01450ed2cba86255fb92,true
7e5a9e217577a31e2d55c45344d7900ea076d1d1,false
e26169e29b8187dbab5e6d40eff752a7d5c13794,true
fa68cf3fa51ac61fbdfc140a208e4f34d643a65e,false
463c435dcb3036b8da61ae8df87e2db4cec2c53f,false
12b454b385935dbdde76cf1a98594bb7b9ead550,true
9b829b89394f135a64a3e77c038fe0435c08f10f,false
aa25ef5835d0c37554b9619ea5ab0c0b8f16c364,false
420806e37836b3aa92215e714acff44dd9401006,false
867e35e6fb8e65f9cbc6d031b0e55092dea7db2d,false
88b84fef371aa74bc98fcbc3a7d6012114b21adf,false
d53459cc7bdda304c0191e4b9d0a87320e0738f2,false
7b259db8d0dbe6afd22e51b2c8d2b0984c058a09,false
6aa5c58577bbd4754d171bc6e140e845fa7e2bcb,true
e938b70f992086c1caf63a84c69ce7f815f1f172,false
06b92e2c031185009898c72d03824a9c38f66598,false
de493d4d72eff89205938a6e32cb1698c41190af,false
5afe150853aa378ff2bbcd8d97530dffd74b1bea,false
429f1311604c1d7650862d685a7cfe3e185c399c,true
5ec041c29846a8c42754540645dec6a2cfea5ba8,true
93c635911f35b8a6cdca7ee1b7626a3b0c35d903,true
bc2cd8d14a7ac15bd58c2395c344de8d9aaff030,false
8d73c636de458844bedf531492ba4a46c60b3a9b,false
70571f06fe439f0c7d3ab677a003b75f887e8388,false
73886ee039857942a364440e1ce99983bc34e209,false
bda53397e524e4f5bac21a3c3796e42d77dd604e,false
aa5537854e3e8d920d42982e55a385c2ea9a2605,false
5e72b16e8b64b55150f4fada976ada4995abcf33,false
17479a28b4889e83acdc3dbef0183233a9cf9a3a,false
79ae4c2bafc62f03c88b8d385075938a91700d20,false
80c27443e2da2736b65f4f9ce8f8d9407b13495c,true
b276e078de004bb4eaa88d03875f8931548ae49a,false
2ad67d8b2fb68c645b43e45f46d0e30ef1c25678,false
817f8251d49849e33a0c1ab231ab20de08a8306e,false
b384d8ad38b5c08b4547fe17446fcbb2e2cdd9b3,false
aa7f04493eacbd113c100dff4c2df41d89d92561,false
f623fe5fbc9ef4ce1c3cc4c5fca86881bf011a1a,false
461000417a3451490609914ac7bc730e926e07bd,false
b7da8139edb2ec82676c85f0ab1e29e3929424bf,false
c17e9b30fece9ea63daa13df501ebc23aa15f825,false
2c6f3f3725f092492fd11922bdfe8f98c7aa5886,false
d9f6827694f533e3a6bb88f338a227a862c53014,false
37a7621b1d70a6063ca2992f2f5146f027f79865,false
1c43df636d5282dc053188edd2a31b0836c161a9,false
8a7aad2affbec448d52a752fefbd31421ce13e82,false
abea9957a1aadcdfb85265233d502fc4c8652be5,false
41a5728a0fdba2a9311a1b912c56766026bcfb70,false
36fa44cf937b709922e5439d26653d91ec5bc145,false
95503da547a78a4b7d8156b78f10658c227e8d46,true
42b1fea99b4fdc1792dcd18b4f0624ecd4fda165,false
1986699bbcd435c47ae2fdc9844f2fc182539449,false
3d5a954aca9ad62a77f4c7f3c627dd66efa07e53,false
fce630643df4ad551d38e1499303831aec7d5530,false
480a793f914b203ae4c7072264b703c6cc9baeda,false
b4365fbb83fefb5ee9b5d9a1668aa99ab5b9cbe3,false
dcf1695d6cb933d0760060d84036ca533d1822b5,false
beb8902d4da7e84dbb67458e0607e0a510197e1a,true
54f66a9c345899cb4ba0f0dad075898d7e4250ce,false
b4787af730e7dd515dd5971ab62fcd0193c5ae59,false
6ee419bd1eedee4e36bd1dfe9e962332a9f5fafd,false
7af05d913acf672cf5c416de804173325ac72244,false
699f9ff79027a457639bc86827340da972bdde7d,false
dd80ddf7d77d7b404ca9e03d26167d92db9430b8,false
391fcf15dac5237f3e7125801738e7c718f37733,false
8f49c54bd0f91851e58e40e52e7e77f3cc3482e1,false
06310e09ecd1ed1f0593abf4c1a2dfb18a015d1c,false
d941014c6e4eb35e732dc11d99d7dea9864f5fa9,false
b03a194c3f11f89a652940a01205b43af3ef0bb9,false
c91f7b978cf34fd79d5b2a12d639b82e90f69174,false
1a5a9613b65d3c75d28f5bb1cc088fb333ddf180,true
9be51bf42c3d628c94fc2117cc5aad8388423c8b,false
3371c54bf6a768b58658a96d1efef62f6b28eee6,false
b13ca1216765008552dadb10bb2ae000eae5e0ad,false
9292efb64f3e1f35c3ed02619694c3444b5f2323,false
49eb7834ed67caaf9e797cf1c2654808d9474f35,false
bbf3317a2d6be70c5def7e688206cb1466c531ce,false
52fd8bbb98b1edd07765d52b526554236f7fa0ac,true
6b392f6ed08eb16d6a5863eaa339b81008aa0d62,true
d2df9cd0356b6736482e9745e3811da6bd1580ff,false
c648b04913a53f80bf26449c3e5da985f84e76cb,false
8ca5c5c1d6c14f888015a5697ddff8ea34888a85,false
4e7d48fa12194d5a81126501a834427921ba7328,true
1114fdbbb2b8c62b33b8b683190fe50cf8ecd225,false
27f5b334609d8eaa93455af10fcf743786bb0a6f,false
5b7e38c95ea43bc3185109452f7025eeec42fa5f,false
3e830a2d78b297dd361c41f4857aac4a02b10226,false
cbeedf71b0cbf71725d33ad024a317794894cd9c,false
1c7957baca8beeea8fc1c0347cd52fc779d24b6d,false
136db66863dd4c776b55dbff242f73178e21b316,false
f9e9a077890422d4cf8829d714323fdcaa4fd987,false
e8d9f0c80785778d9542ae7fd9ff4852ea2036a0,false
dbf067284ebb87e5784c4a72a53cfa071b921c30,false
a3499a2284e2b783764267ac1bdca63276a7782c,false
7c1e8c0ce2eb4988290de490f1dce8085d01ff2b,false
ebdfb1b7febc427f0fb87292562ca7ec38da2850,true
5ace5d145010a2bcef5a77448f2751264e473433,false
18bf1d3c1c8c42a483718c9f96a59173a961f122,false
f661d0638055afa3557b5366cf01cf406f7fb006,false
2322cb1f83f232acb535184a05407624456c660b,false
6feccfca491d14c8faf1f0fc482d307a5b82b6b7,true
2b826fae88a0a91d4066346d36c7a26a2f3e3b24,false
69047e5490e72927ccbe9d41c3766d1df7a512fe,false
035694b2344e40b4c2402970f5c6904fa202697d,false
a236d67aeb661160c44200ef42ec443651120fe0,false
8d1c19323431a94a0405c539cba3411faeeada92,false
4bf1cc50c92f64fa96eca75777fd8811fae95dca,false
d0308f34779dbb07533f98d9de90948de43998b4,true
be8bd47a8771bb88c66e2b8ad8b1d6059b72b210,false
22a4bae33c93d5a235cac846a440940733a5ce42,true
fc64842c3ae0620e7eceffdcbf8a3aaa6f1ec782,false
e4b685db0dadab1800ec0ceb1a7c5b8f970c2a43,false
8906769730f5dc3f44c237edcc51d19f350eab80,false
7590b7a4fb6c904d9cacdb0e05621ba75b6a3580,true
f5fb77253598acde24e0c6eccb1bff781d7e5e37,false
daa23af5648ad58d283ee2ab181418176eecb317,false
6e45bf281a12daf2e753f0e353040bd02067dc8f,false
9b3d206239df8057cbb8d7a3750ad452e836c0a3,false
7735198722a6856cb6bc2dd5f39614a95c850e03,false
4fcf819e970efab040170a571283e091d4941bce,false
6dd02efd239642a2fc1c9c9af6e1c257e021da3a,false
cedfeedca88505f9acc961b57acd3959d510faf2,false
7e4982c08bf10435ef3859ea9dfdc77beba70533,false
86826c2cc8a9cce861fd04168b7b9d7c64939208,false
f9c76db207c37f2c728ca3b601ae720b654ab401,false
a889bdeef0de8906f619536ae45e4349b3d8040a,false
ba8aabd9360ec53e8a08f558df61982578c5ba09,false
08e8190e1c9dadcbd8a59cdbdda97df168037906,false
eb3afb39ab1cee59e974f71f104a04982af78a0d,false
82c274cc46f45ae0ca37976fb66955f73549b5e2,false
df7b00fce9235ba42fbbd0aa89165e0e65b7612c,false
22ba99551f7c009de9c0831fd9dfb593f56b46a5,false
a87ed104ac0889ef2cf729f9ed86ff8bad65b496,false
d0cab7bae3a61ed44113909d980267c87375069f,false
9490dcf21f1e10d276430ee7f0cc537f2b354bd8,false
11607283d6100942c99bcdbb6713352f62c0b53a,false
6f61403e3261339b766afba5f074da09ef7a2cf3,false
d3a80d1689186d3f5d7d8c4ba62ce37db57dd5d9,false
57f433459f19dc92338abbd25994e011144e4106,false
2da03f1603f7cb2f2676b92bdb55270ffd97bdb7,true
03381248098fa641e7ec9cc53004d09a5d94b33f,true
96d3e06823c8d1a15a7dff5d1baa772aa84bd775,false
97c8b684d362e406d00978033ef2cd1ea2138620,false
c407b571c45c2439367e7df45f013e5ebea71e1e,false
a7221b7a2690b6a9565b9b597f72df793cacba52,false
518b008b7fc91d370b9488211cd3c9d315515ac1,false
04a4cea80c7165fdfeaeb293cee89628d8a46b9e,false
708c62c6a48d0e40bfce49289ae0de99f302a816,true
42088ef2495e050955f92ff1c89392a5a2b4e9a6,false
92823158f3e857bdb02324bb6e0461aa950aff53,false
ac350b89bfd889ea394fc2892722a64eabefccb8,false
1c5b687d0e1775ec6276f18387b80d68a1d4fde0,false
589cfcafaf2c20479a172e104cfa0e18a6d8d4fe,true
abd5ff324e843cb4aa31c232f9589aed11576c29,false
8874c97439548ef26372a9bea7a275ed9881fca6,false
554007bbcba7d292d1cf58528eb6fd03eedf3fb7,false
ebc221807e02422e4bc4177cf339a40dc68fa11f,false
ba414ece6b49e78b04157b36aa4992a0ca48b894,false
636a25d12f66633f1e790389689529f35254e203,false
594d90371a39306d11d582873e32db4ac1050b9f,false
6783feb18c2d1ede60c28af5293340cf56e0b5e8,false
b3a2fa0b2d45c31065f89651f4f9801aa45354b4,false
2c322bed1ac7f919fa695f68ace2f780cce9c0f4,false
949b8a177e825320b0d04108accf38fc48751ed3,true
a711ef61afe8b4ecdf1825bb0db9afeb35197678,false
e7fcb711df95c8b3a6b105a918593043dfafd44e,false
8f3b6672b3f8d9fb169e619284358c646f50a95f,false
aa232fc54d78effbe40a7ec7c98cff5bc3026713,false
cd963d94d31a851bf24ab2225540711caecba3f5,false
63f2f1d308067d9a1d72a21ffbf68b556bc2c342,false
3f5c8a66c9f3e132036cfa362aee752a8f71b263,true
590f19835d7e6ece5fdb7a6c0b1c72a6f1907fdd,false
237accabf80a0aa1e3f5e711b287126518d945e5,false
2492f6ce0446f96c229f3a37a1915a88379041d8,false
c85da75014a6b498108262df4eb97fd34f98df2d,false
16185fb8dcc4d8d6429064bba3bd13f4d57b5d52,false
c98b7f034ca10ac2bb4005558779003ce5cd2b87,false
e7052745fb78802c8adcd7c1962f3525e7050b1e,true
0a6d15c0aba8d894c0402a5dc9fdfb51cd6a11b1,false
4fe6abf9c672c6fb3e5c273f087e91552b999d4b,false
f5c03501860de4372d7e0e12f9c3dbe025a38dc8,false
5870ea77d9a54d3cf46a504bebcbdd7be219aef4,false
4bfd0b37ef4b37cb5026165e03cb066efda9258b,false
505ee61c3f65a64b4551e6d98a02173993e83fed,false
ab66811aa7340d25c842a3fe40701b08a366514f,false
a9bd0881fc313def1c92cc92a2c35464bf142255,false
b8e70f6a839fd77c9d396b2f40b83064d88498b2,true
8ec94d215074e0202637508c083eaff430065c94,false
bf7e37a1878681771b2e0e5ce495a3f233d6c83a,true
5167075cdd4a7ffe06d2be94039a74acb4e36851,false
