hash,isBugfix_mistral-small3.2:24b
27b867ddafaf8c5379d991e5e5c6517e80d99da0,false
f68e7c34b876305dd968ed0ad50cdc0279256890,false
8fd0df62fb129f4ceb52b0edad046561be763798,false
1bf7efc3dd0e156fb1e46dc6af69140e4265ea92,false
27e299d39f43feaf384af86cf7882b814a6b192c,false
0c494c96e41eed4180def3b269e028fe723bc9db,false
d301a1a61219a79f813dbd29805c6ff1439d2e90,false
13499e3e7a9d8e50381bcfc307b3f3d63f597ffc,false
82041a61aac8c0a5d3bbd75a11fb61277b70edb8,false
0de500058a601e960780d1b1c35b7af15e297c42,false
a4a3459ffc503915dd915aefa41bd69888bbf90d,false
a5e6375328e469d3fa70f0ed56bac88e230d2952,false
313e72d2afb3ffb10a1372aef2569b9dc31ee78b,false
0b1a160cced36c02394f20c235823fa42c3619d0,false
e3ab749352f647b74bca5afa436806ef6dc0b502,false
4f1a86e3ead49477c3feae722e77e0329b39588f,false
ff88b4b43ebb63391b119b863cbceca273a15e42,false
069b9055ea244f330c5339d7e9b1d17bc7d30281,false
56ec35e09e603bd6d08383114ff8ea67a32330e5,false
bd5c8298bbe59642bf74fffae57f2e3be0af91e6,false
f0761efd2eddad48b9ecc245ae70de379a74aa69,false
4ee210395667b9721b8f03538d9f72ab81010e8e,false
0b628d9fc4c78aab847e75ee3ebb1cc2e585d69d,false
7d7e11ff793bd3130c82b87ab9fb24dc056b9214,false
1264d8dfcafe436d46c67fe6e08460b420530c98,false
911f7b0795ca24a35840c84c5814ac354701e48a,false
5dbcd10b0c15ab775f73a36249d15f80ac9bca94,false
1f2b775c8d41ecc00ae7d24b60b17735781d1037,false
5bd68b23b4ab1dbf15ce5822cbbda07c183ab4fa,false
a23a3220b090d81f074e1e44a5f6c4ba38703413,false
20891b24b75695b6a95027fd554f626f55fa1a88,false
e7bd4eaaa780e203e24ffdebf1f750a32df4fe87,false
97c4da671c977d10dcaf6ddf5032abfc5e7b1bb2,false
c50478eb2ac9265d32d02775ba7c3d2554a7d3ad,false
ea580c0e319060e7dae19277c3a37e6e534ad81b,false
9cb7142eae9b3e12d2bda25401d415e355e44473,false
c3d09b10df97d61f82c5cd6d2ac28fcfd99db4a7,true
49be00c39ec8e81eefdef3de69c76f011a26979f,false
e5c2d1491d2b633ce1cc0f7735b1cfff00012ca6,false
ac7aea159a58c17d236022b5b0bdb5994fe989c7,false
198ae5ac352a48adfd90d7ad747a65e22aea693a,false
128c70d14f69d758eda917ec0a88caaade2675c5,false
80d1dfaff89944dcd80600865ae0289a245673dc,false
69d6c8b48a2aa8c5ca7e1f0de74ca3360f51f644,false
38b7799fdf9e6a687101137e3c8d4b114460af94,false
6652d18fe9b575d9572d12afbdc5617d5233eb16,false
cf707a4791aedf11187caa5402e768c2badf8ab3,false
0439a6316501c20d0c09e24101ce1e8f7b90fe7d,false
cd8b69fdfb95603b1ece0b4b246d6fe44231e418,false
77229e8776d235adaabf8a6ae2b5ceb880dcaedc,false
34a831c26ae8a47e6796cf61962d8fa4fc43fa51,false
8c86f739948d9b5d0692239f80d32dd10f0a6ecf,false
6dea4b036a32621d90896d57ced13589e60021ac,false
3cbae84ce3ed8eded660044b685dba38addc010c,false
9cea34abd2e91640b3c4667157f14116512a8b20,false
baf4c68f7ca46f71ea0fa064998f6a95a260c6ae,false
99e6aef2105e452b119ec20d5b24af5dfe56f383,false
aaee709cea678b735997f175af5d24e41e508eb0,false
df7984e4d92a05e9d31c486f09ea011d01e926de,false
10ec2556f9a819ffcab730836c68f91aa661144b,false
0fedcf17d7162b37fcf1f30c86eb14ad7051d380,false
443b8d93db2f1a695fc9d4a1c0255951b1d15d98,false
2227decea3336e098c66a47453747da3597837a3,false
7de238a011784bdb60e48338f47cf1ebcd3b47f4,false
d96ff8fbf3ded3f2134e9eb3a31015d9f035ece7,false
03eb84af3951ef396df3a2f9a25a1f1d9874bdaf,false
fbebc26cbc1f74cc6130151a9cde13225a91250f,false
9fe33def56601a422d5c21fbaa4b17e547094b4b,true
c94dd188695e4018037e49a7d8b95c12b1333e4a,false
b5264cc052d2c5c636e0b6982ae2fed67139c882,false
c46a8e8c4d4fbac3ee63986eb7eb33255d16b826,false
ea15f0572ee8ca18ad0be6b3c805ffdad03d4eee,false
55941b393e310a0e485cb13d0f0ca623912f3912,false
52035d43df8257f702f786b3c437708f5000af3f,false
d8719f2775440e6a2cca93267447fc523f63a153,false
8cf0e9c00a5dff9e0238276e193eb69f7ed83384,false
dc7a3c1f9d45308b11bc91ac43c766fcb1d00a5f,false
cda5ec8b50fd243ece91b28c8f9a7aabd3fdb855,false
b6c0326ed851546532d4df16f8a80952891e1aec,true
fd0eb592da9fc8b5a7f1cb832e5d49625a8bd0b1,true
b3d7a496062dd35eab0d2a72a9e3b820a0811fff,false
0edfbecb366597f823c0ab64e9f8a6c81e69a898,false
f66ea16866b856a54917a85f1bb2b09676d77c71,false
5a30d17983bc9f04c63d815445022e5c9acc7893,false
8d1a5ca7a21206bcfc3205a1e7b2b707fdfa4ae5,false
3a0d0790062f1839fd2f4ae2cd151d53917abddc,false
37abfc02b58600a80d21a3ab2495b602cd7e3783,false
b890f0501e6aa9aac1d51e8d7be7f6811e486670,false
8d8f51cb560581b2a125aaeac3676134f97a3aa2,false
c5946d152d48bd3b5bac636db24e8adce59de9c8,false
5ecaae43efd5b38985fa0728d5d39b304430e9ec,false
3c7f5a8d94ce78e3d5b81531960911d1912310ff,false
c264ee3cef5c480ea4fc68d2b9f6b1a63cc5058d,false
9c4f57a3de8cd114162ddd1d7ff60580fd77b7e5,false
675821c097f686d921443e28caf83e9dc8d995c4,false
688a4bc1faad59dd8e6b3ffc078d4d7ea0768208,false
63a61d9dc0327f7903e25a453e4ed220f1fdbe30,false
4c4f12eeb9212eae68b67c7600e066d267bf48bd,false
99f7a8be8e6303aea1289376b89291d996ed2bf6,false
fcc5cfee03c7aa57e433d6a09aafd5fbe3ca2617,false
d2a680ed7f65c7685b3c34073477fd47bed0712b,false
620297fb02c2a35fdc96f0e3291376bde6e79fd9,false
b99c06b6438fd51e4ca2a96898fd4677e0799ee1,false
1120e3b9b3a60be2bdcaf16a1c39727b140d5fbe,false
7c19d25af9522b7e817374b40f0fea868d0d08a3,false
f73a1b26b3795ac2d8b363a87cc9c09973eb4e57,true
576d3f8bf5abff0d121f0a92eb6d5bcc2c9ef3e9,false
25d711154ce63ac8d3462468e2594f4e0b4d17c3,false
546cbc8c696b96258154245dcd0ac3c821ab6b00,false
bc59d41250ba40256c8a081627e3905bab4c3340,false
3347dc2d42687c0684b0e5c37b46317445beb48e,false
d240d2cbd319524e2bb85998a17603a2b028e28a,true
95a951c71a7ca296fa71af0a8de9e8c42221d20d,false
4fa0fd32dc8a7d25ebe671fba0f1b7cfc8394937,false
45958b52ec505f4bb3b605c39435b88766c5a769,false
5adeee34f10e9b421a2fb0d4cb9cd478eb3f4166,false
13ace8cf554f5ce74ba54ae11c376afdb6ecf7d8,false
caad4548de3cc3fa77ac3dbec18d52cac68345fc,false
988a645c229e74968b306ee76264ab65fd8747ad,false
69a21d984cd70836b0e8577da81d4680c75c3248,true
25c16136a95f3d2001c637235604e3e957b07f36,false
97cf60a2b1cd7299f92621de0ea0b2c555c2221b,false
8ab09ffde5b32b689d9d771a63069aff49b3f8c3,false
610cf514f30eaa0d0227500b24d1d50076e917f5,false
56292fbee74ab3470d432c8a80429fb843c37ed1,false
3a9ddd958b3882091565aeb7b43c84a71ff22881,false
eb00df16a55253c9e792fb9da39e80399aba7055,false
e430513bdb4ae150f81f5722d827c7dbc5224d20,false
10b541b635eaeef466310ef6bf9c52c4f8766f44,false
57c546ea41a5ffe698e6f1cfc9fb818d41bd126b,false
e45cc7e4851e9ba89f2b2f1a04dc1c501a310296,false
0723e0e464d32d21b4d36b3dc36e2ef0d91927ef,false
ab926322c8f073ec4eea92f6f9bf491def23336b,false
6fc24a2c157a25fab3ce721d5dc9713a0ea94b22,false
cf370be333be895f86f1862853aa56c99bf1d6f6,false
1d40f820225c843eaac5d4232032ec9bfd40e544,false
f9b6ad8d99c5bf2f2d0c80b5389229b220a5216f,false
804d407146f7cd43eb6ff1f68703f00526c24409,false
b89be7ef80d9a318316530d98b8a9043303f76c2,false
7000d334dec9238dd99159624848579cc99bcaea,false
17d5d5c27d4dfb256bb7f5e213da2c6460234da2,true
a30cc1d42d6a719f389455f01eecc92e19d0ebab,false
4110c4bb11b68cee9f4b5834543c4cf91ce2e687,false
2e973b129da72152e88413e89e18f0a77348aefe,false
eff38d7c286cd712494761a580b3bd5e764ac5e9,false
4fcb244a640bc9acea69e57c79b14738f0fc1ffd,false
2462d121e547ceb88d7b36bc9fea124b8aa67ac8,true
c7049c8e35ab8b3609a30f1ebf8114fa6bbea45e,false
50378885288a0f57195fe29ca0acedcf3e47dad2,false
340be8bf8e36016d02bedc5c70877a66ceb53d73,false
48446ae6184960f2f9366cf2a797a9ef59437a5e,false
4d74c09b176e5db63d7a44afbe52438cb495bcc8,false
170b7bbace5fdfe2b81947eb990a3bd2adb67646,false
841d29f6d9d24d270b6e3d484523e882e682a4d3,false
e0b3ae42c420ff0aa9c49a6979eae19b80ef7e6d,false
7ff6b95f223eaddda23b792f47a567122cc621a4,false
5b78a2208e437e22fbbf3eb66efbc6e95db370ed,false
6b6cd13e8279940b982524b71c78a673ea63ba10,false
dfd1eda979b47874c2c97cd54905831c1decc40c,false
c3d775ea60697a55b10567639937dc5d282f3990,false
0c852273b464babc4c819cd472ead3267881053d,false
8c5e91744ce60cfec981856c37b79025936105db,false
7011c2bc17b24df9376bc898e73e6f7e1915f2a6,false
14c8bd2e295ff49f15781c446bc65563338e8d4c,false
4194ff319ced599f6b4bbcab1212fd129a423017,true
5b80b0df5d2b59f7377707fa02e0ba27fb340c63,false
6a8dd9364695f84af001d67a142fd6c0c26cd2bc,false
bfd058267fc7c65d65b1b11b60dd5509362c727c,false
7340abf45d398e960c0e7e9d88bfae654319a61c,false
447d15042cb2bab5c8886d2b559a4661313d8b72,false
f8800dd9dfe5645add598ae6e979ee516819ae10,false
e301d47ad08ab9713897398396b4449fb9fb706a,false
a6c975ea19ce03717b3e839c34d73605185164ba,false
875a30bed375b9ab5f21fd8254323879aa6e8f90,false
ac713efe96d7c05a822bf9c591d1fed0dad77036,true
9ebe48d9b227181e0369ec83f983d059e10b4994,false
aae2855fb6bad27819ffaac813b660ba574d89ea,true
31511127efa9e59d3b7bafde8ba09eda30488413,true
b46b8030f9397efbe4e2fd9e6ea9d89190623e2d,false
13afe65d5d361ccf2860d9667a618aad34ff1cf0,true
8e32a54888455f3d80a81925539873900b275d93,true
5cf66e116eb342ee3b0d960d2d76720a3b508015,false
767da41bce374282f3a32f7edd54119600bd3dfe,false
2ca04735c336865a5d57059d31aae77eae932e99,false
a40c3e99ab255bf16c71693fbb942884adb28f19,false
4e1297b885bd37e00f38ee8055da3ec566802281,false
d1094d215a229df6c357c70b08ea73bbfd8ff9aa,false
b34540f2e24c65b3fa27f38785d5c21a41f23c87,false
e3ce66c905f921c8214e615c212bed02035c3421,false
aa9f7a7d539ce8518e00cbd527871cad3b8a4e3a,true
f9cf8b1f1a7e12c4d5fd53a2f2db1957d7f98bc9,false
703c2703495ad70bd1c7c4e2b06093a22f90cc6a,false
7e22ebd9ad70a5706a2265c3f1634ced1c7b3289,true
000620227b655b76fca42ee495dfae30578a0c0e,true
67eebc50ecc4004e2310e3a142603a4ee4ad9ede,false
757fdadf3985680b17da6cb86bb09cce0cb3fac1,false
b8d6c5cea478ab659c28c2d1b78700525b302d35,false
90f04dd6b6515a12bf40e0abfe103e795d3bd36d,false
c5ed2e591b96fd7f31ab58b211e47220e46a49c5,false
9cb19998a34dc8f500da168960365ba7d3ef5911,false
796e9af6ef7a521a70d36e1fccd8eb073867daa0,false
c5fbdb8e940dc8e7c5fc8f76f0e7182846c45857,true
c36eaf0063e1315e1aa43eaf2e7baa3d728a8508,true
f040e1a58a1d37090b507c7fc36a83065712a0b5,false
8c7f38352c56cfc961435094440b3e7d3b0a8071,false
48690620394848f4f9df4d5e2493b4f5a5d0707a,false
ddb4da75ff5b69f6e9ef22b87d121281ce104d1f,true
7e7cabd4063c84e48733c69f227754eeeacac80c,false
4852b1f39ae08f6995a3e3bb8acd06a4381e2fe3,false
bef5e95a2f7b6f604f7fe3d65fcfd343b650b141,false
03fbf86eec8bd54cdba393fafa03bf8511e2354e,false
576153821f4a652628045b556119d92afc078456,false
e353ca006acff3569fb3973c9b8ecba7090d4136,true
3a8956cb3a67fb6d28e7d8d8c7fad16ec1c84611,true
3624170761255e1399e7bf7976b7b6e347e31303,false
3c6cf056ea363c6eaba5fae8f0775cdfb743ac8f,true
ecec2e3b01d64cd6b9226e1323f7ce8c576655f6,false
edecdae09527fdab6b7c1c949db233563399417b,true
a27cc2b0fd8bdac3e9e5fa0bf41833320803b793,false
fec62710e8b732b5096494ac7a9daff671346f3c,true
531e3147c6cbc81a2072e0a0b32affba3dcd2a1e,false
54438bd769d7acf9147c6072963694e2bb6f405f,false
68b4b1d3929be9c4979b0494e89ee864ff687f9a,false
0e25073df5bd0f5ed90d57e544880deb34273b6d,false
cdefd65bf49c3a2e04b0dcb7e9dc9364c6b93efe,false
c2300991bc5f587785bd1bd30b0e83dcd1382136,false
e6d6da6d3ab9fbfceb42bb07979f6008d8de9a93,false
0ac069547555a76ed7bff50205ee4c3667154b66,true
f55839c516f47ed658b3076adb6c9e18d68b92e2,false
6a54348456022d3ccd486db7edf4bfba7d407880,true
710e2527679c4c65cc5da1503bcd98206905b5c3,false
379a9f5a6333386a591310d8e1f04425b6bc0663,false
1b179335471d4c6ed227dd281fa70f1885f7f83a,false
27008b57297f0d531aa1457fdaf063b2593cae53,false
e6fb1580237d5aab17ea05a009e12ee0bcdb3784,false
9f2f82468aebb1abe4d64344ca2f16f1a0939fd2,false
15be59979ad0a1a3873977781c4167d608e353b4,false
b65ca7cf308414b96e41546552fbaec901c5c558,false
d6319f00da46f6cd50a987a2af101bfb83c82544,false
c1a328e251875e192edbb04df5851a4844af3324,false
7129aed7cd7d03a4ce041f3fed65f772e5e78c74,false
439ab92183f47833ef59388df838dcd31b4444d1,false
6bacd164f03d3dd5ff390a8d6ff07ea32c1a596c,false
22875a1ada1185ed758a97f3ba392e350ac847cb,false
526c154dda0fe680c38b72c3ac9d4bc7e39b8777,true
d6df0d134cc68bbe0976de15784d085602627a04,false
1cc2119b98c1fbb4e21dc201d9f02bbd39237b81,false
2b27aca74787668f238fdba050aef80a27717e9c,true
d0e91ca3451590fd54123d56c68d4152887360ee,false
088da95557d5c443ef808973c6a8f2e20fc74cad,false
4964b153d437af5dab9957dac8b2170479df4991,false
d3498f63291e425e250ea025bf9f40f88b4b2138,false
4bf49de3b232f16dd281166117ebac4a189dbe5a,false
eec5fb110195bada3352d0367da1ad5bcac6afe3,false
824b05775904636ba054bb6e6e691c598bf90785,false
b6d130cb57a2bff01faa4dc3f5fa866f393a6ab7,false
4de632f595eca31a98825f4d2610bfab315f6947,false
9d2ced3e243967f76a7f704757ef3c344c117512,true
aa3b998173780e92834bfc475130954d28fa264f,false
a1cac74c76bd4f96ca8e97b3a36aa3dc1076e3ca,false
965ddee60425599ff965c6e716081083e3aef0db,false
535a4886992ebd7d050d03a1cb09cb089425f47a,false
af2646966e9a557a6638ccaeb10190ee97fa55e4,false
a83317e88d3ca0aa41a5e4c98727fb1e6833fdc9,true
919495da55448efbb67a1242e348e3b20523f186,false
ff1f2e73ae678df75be6447841cedb52b64f8bbf,false
8e47b4047c2e013778141b0f44fa6133e3b78a44,false
473217232d4823c021753b90807d5cf3dee5f9ff,false
7e484b36d1264e91d6cf28af9a2514d089c78050,true
f6654eb781464c5a27aa55e4ca1c01834f51526b,false
21057956e7cece643fb600a3aea306993e65f6aa,false
2a40b12fd52cd2ae97ff5c364ed9cad909c1c062,false
92fa1f420991473aedf28a08edc25cdd42b6a71f,false
2aa56062a511501933256ebcf75f80b270f60258,false
79a73e8b2e2210393a289011b551c6fc30a36208,false
ac5bd1f1105af61066d471588b6242682a9d1266,false
0942f544a5d9cbc2fd895906a504282f3a06b55f,false
74f4884f8ec619a74b6001857811b31ebc92ba9b,false
6a06ca610f2b1a7b6a39729b51d4cf07c720a7cd,false
d723feac1e8811289bc819e8a294d106b28d0f1b,false
56d99c216435e58861285b29db0a8a1dce80df07,false
26e6a88edb1442694eed80f66a10fd1716762dc6,false
2c4eb2b3c99176a5df551d9c7c2db7df8e42c8e2,false
4cd87a9b67ba5201f57625cf21325a64700a7b1c,false
16c1dd85239c3aca6b4a65d7c8c82029a8934957,true
dd940d76852a2d0dfda7dda1c73c9abd3fc8a137,false
93dfbbf556372db106d454204cec9353d54f320a,false
94d79ba77ccd51cc764dd6d911a7b2be53663a22,false
9d78bf7f47988b1c1ae5b31554e529008535592f,false
682df2b4a95a331e4b48ce5edc560f373242b6e8,false
e4a1adad33d150ed3784c1ea9569cdce1de8f5c4,true
0f6084b7404e662fd0da499d97d4f65fb4b6e335,false
354b374679e6a22101b68e18848c518515ab6d97,false
25ee37471e83dfe81ed75d7e1bbd776cac0e06b7,true
07c7ac38ec7f37d3a37a7989139c446dc2737f24,true
177c85cc6228396d4aecda7372fbd998e2e0ef0b,false
3c38f5d36468ff9d2928923c6e8b3495108dee98,false
c9392e90c298efc52545bd8d46f4d5cf32394ef4,false
c4f0f7bebf43826e2529c39c18febe03ae63ec57,false
80211abf01fc2d3b6f9341901d6dbaf095c8f7f1,false
41ce75141514799940ac24dd3259813c9837219f,false
4579e6d18c78b1d329096ad69d9a4153b7eef2ee,false
08e610aa5e7105bc36512b736e55a9ad4f92a1f1,false
5bac4e03d4c079de76cbc016da7f68dbe9dfdc3b,false
3175138797b34c01336b0c9faf20e98f0c6e1ea4,false
8427445d25b74afbf3a47a3e0b436ac12ccb293e,false
78c7f01d4950d129925972294a765c639aefb267,false
d1ecd6112d28415a087a3ed580bd0f7402a42423,false
8ae647c0df0e1f2c6905ff92f794f0f1748ca357,false
82af49a4cb884f3bf5a8196af4c5a68de18dcbde,false
46aee6720e6ff6ab3fb7fe4764ba240f509a6ff9,false
7f1b5188e52d37eb080558c62b7c5338f98c3c91,false
138342efc9bc21a8f033c98d96e3bc3833683b49,false
69aa280b96cd9c96616f019744fc0182aee1030a,false
6b82c3f4b3ab1a24887e46cb6be31f3dbc420203,false
e912551045dd1d97eeda845fb8f97c425058d5f3,false
ef37d9bfe3153ca9fcbabaa1ca995a755f88471f,false
1964437e65275cb6b5be1c3e0f1d983561d01eac,false
2550c6c2fa224f56df4eeb661a71cd608f74a09c,false
d118e13f7f483811cd3cd21b080c62446a554456,true
dcc0d68135f640acbdf6a710e4f662025cabc19f,false
c48bdf9e89c7cd81711b6ffd6654ae1b79b40eaf,true
54e2ad92a846e2db5f11bc62cd2ffda58ba88c11,false
2129a8924765327934b6d6c32cf14b410da1ab35,false
a33436e6cac71808fa09995cedaf4f7a759f9677,false
269081b2a93288cf755617af64e1837181b630da,false
b79985b703463990637daee6c08bf3382a0c6185,false
4b0c97e791a908bdae44c53ab2d417dcdf6e4730,false
0ebf643a9c7b88ff9c124632ffaab13cdaa58bb8,false
a106f211c177ff06c6cc348020fed2b0bdf974bd,false
f43a6fde164911e5c200871f4aedd988340f581e,false
5dc1055ef59afdd62026b81934b37ce53273ec35,false
df6c302c234d2f7a14bb4e56fb51d879e5af26d4,false
632d2f6da1dad3753651618788b930c3f98e6aef,false
b125863dbf86a41acdde9643e651a85b119b3bf6,false
05e5640ffdad2297c3cf90e073f64b1b2942ce2e,false
a257ad573c166a0debea32d00ed4f930fe5cde23,false
3952275b808598cb6584939a74179f8093857a58,false
73ca87ff09f06b7c89adf4fc279c386abcff0cb0,false
d905b61d6c1ab4211b2cfb88f4d7614edae2ab53,false
ddc5364cec23bfc7719017772537551af0249cf1,true
a4a203a6343575ae1b1eaf90e4bd128c65787cc1,false
73d2e08921b0c0ab7ab545c32d4a6e98f05c8782,false
c965ec19ac3a0d5608537f1642063eae9174fec3,true
2a94fc645d31595f09e077638fd81ca512253511,false
14d755cf55cd7517c1fe30c159a22459576ab61a,true
38b297a28e4abf12def3a1a78b39473698b57015,true
8f7ed557d9176e76661330f6bc2ed97f8659dfca,false
023d49a03b5d7785552a3292d5682176d5707d66,false
63dc1c4ef7c22b57039215481cb58b752a168c59,false
0402464c46159d20e055c789bf43f832103ec2cc,true
225529fe7ec30b8e482a6b3ddce5b14d5e3d549d,true
33ca39a809c44fc5c329b1ebc62eb506c0721dcb,true
92b655f27a89c0acb17d62d2dc439d2f204d52a9,false
f3e7b554023c9301f5667c1fb3fa3d6c2873f018,false
42e090cc9899e1d0a7236d5b5a46dcf2d7cae51f,false
bae67930475ce781d89bd78ab9a02a789f3e2c0b,false
b2daa7dba707f622a2637d016516aa24719ff250,false
b77b1347aa99685a4d18e6628dec8adae286f730,false
15c9661b598b9772a5cfbe1a67be1a0418f86729,false
ff8c37c648a4791656d84eb5463e99a0545a6e2e,false
d1d215c0a905646e7160fbca1c7a865496c5d6d3,false
3a9c1d06e675b644a832346ea29c3186b83281c5,true
8b82153bf291d12c6b4c3dec2649d21c31f43f44,false
bed4b3c0c1a3f5720faf6b8440cfe8322716cde6,false
d013d1ddc65f38a028c8720121beabecd0190917,true
90721030d3902bab14ecce1e8d3aee706317bad6,false
b2136352a78e8a2f645f66131d2f2a7a70d6fa30,false
20fcf7853a60ab996d278410d9b2cd667db43a10,false
c445769f2a2de8e12abe72c5d7f38adfc92abda4,true
9ee5d5274a935945555f8bcbf266fbc061eb8f3e,false
85c186512571c46dfefdb1c05a57821d31384ffa,false
607c5888d0b1730dcbcea7c7664fa5b0a96af50a,false
f2a87e470985d1cddea0a5d0d341dfe6f1b6a33e,false
eb38591d642534d4f83de0c9667bd079f5787816,false
cf8c34c969e910acf9ed6040e0d0c0f521726fac,false
859d1c3d677ebb8ad2ce7c4b54e2b9066b8e6f7e,false
ccfcd0397416977c70f8ff749483f0c14fd21ea6,false
afc90fc5ad62de2b0d730b38f5d6eb3bf86f59c2,true
8977df4c21cd3aabf553dfe99049894319f74dca,false
af44141b3ae7750974167a12a1d96ba7b19c47aa,true
9d4334deace2ed674b4875576a82bdaad04474e6,false
c32813e8ebcffbcafdaf6aaf440610210d457e02,true
1479a61a6b678a77508f704315281e769856b5ba,true
652073eb670dcec2b0c6682a8fe7bb78ec3eae71,false
1fcfc8c277a75db1d25504bde2aae9d5075a8f0e,false
8288b38c3ea6547ba1f94cfb555f4e049461cafe,false
7f8a6c788faec8593e1515df38c7a65df1d1378d,false
44cf555fe1224f31f28c2902fb4eb6024c7c95f3,false
4760a2d3311f4d9540df3ff055c62a79b1f150f3,false
9959f0918bd1b74079ae1086797519510072eb6e,false
cd458778bcc2172db554c568047af90fe5a67816,false
be44faf831288bbd10f2207ef6aabcef000df4bc,false
6eaea55c168887fa0c5242e584c7e0df342d895a,false
d8c144320a0df11e4fbbba0775a01512ae32a277,false
0bd06dc8c945e0ea6dda9f822cfe1c6fd07e0c0e,false
c98158236d01a308e923b5594f9e38c3ff6466f0,false
e25822ae3116e6b86dcf90a759fdcc33827b5465,true
39a741742b74ca8ca102a54447c4fdb234cc3bce,false
1fb0f04bd8ea87f2dd7af246e24b79370a246d72,false
39b9228c69c9ac78921db29f06f9b5004aad70cb,false
03875e7f599bdc784138b997b070fc63096e7436,false
24d0f7567df5f6416bc59dd265a039353e31a85e,false
a5be87a19050e9243acf3bcad8cb12c39e0eadc9,true
7a9b0ef7f9b39c4672fa33342129be43827d9f24,false
326e67d78b5010e9427230c8e193235f618e6639,false
bdce420c5fd1692626f107a0fb11acf1be0fe031,false
71c7eee84c911279cca4b42b80f2298be4e8ff08,false
274409fac493e6684580579834b3ffd202c28fe2,false
5ec93e6d18a515bd38868960d7637062dbcc1e6b,false
0c7bba74b7a39f49112a6180ea64396bdb1af850,false
6a1f0626291dc9826566c56fa4848557db08d33b,true
74ac04f0aebe0ac1b7818ff3702563ddb946f272,true
b9f6a4b76a03e4bb6fd8e7db5e474cf3dc5dc9bf,true
df817d541ce55ad1e602b432680da7307f7ffb30,false
13a6c60f4e4babf1c8102090530433039c817b01,false
5ad51d9a4f61dfaa5cbc85cb167c777f9298251f,true
3793afb91c361e06ff664283b4e58fa94fe3a4bb,false
18ccb9ab6095519c63e770efd1507b5a14bd7f97,true
87b6f3b144964c85741e7fd9ab470465e02da21d,false
e6af5ab67e171c8cc172848e5a557efa0417879d,false
2c5e86219b4695b82a3b2b7cdc4824e2356f47cf,false
c2713c376200dcf749682c7956054328bc3c30f8,false
1d0173a2e262c0e11af2c7b3bd1c1a62c634935a,false
f413ef8ac9283bd6e34ee4719ea98e9215d9551e,false
973a6557ac9a43c862f39812c17c4231d53c9196,false
4d146a3a60f1113fed594ce05b1e331e132ea593,false
affb73da1645efe3cbfcdf68442cf57b8527c52b,false
d12bc24ce6e17e3f879c26212bdd73d6e42ccab8,false
2972d12f681f23020fcf06e74bd38c6197acb061,false
799ba667e83c1d8e444e41fd69e8088f37c20bf4,false
af8d7af21f3e972a8861a8cfd9e830fb73c90966,false
988107033201e017bf455fe22c3fcaf600fc4dd5,false
348e4174904718b67c98fdd423554852360c88e0,false
d7c57414204d6d69c622b86c7cbde3363a8b8715,false
184fff7d1bbd8f9fec74704185ff93604034eafd,false
4f5079d33339be3c89faa3b7248c54f11b53bf20,true
aa852176058b6fd82a714ded6e6930a725d1d7a1,true
d6d9e3454eaf19a097070b9ab28adf40fe4ba826,false
0adbb6b627bdead1ee366f80d009237fbfcad043,true
2b61107cb819eda5908f1851c38bc238144cd7dd,false
ed58d046d680d4f6263fb6adc0d73548f7e908e4,true
882f492245d8bd52073e8faeb12ca72e9f351ea2,false
99d47229cf1dcc4c2b03e3419db485628c6c060f,false
f86dc661f6494b9e6f3131867dfd8360aca81bdc,false
7c974471663c85c35ea931bb07e181013c7a81eb,false
eb774621d3e5b8e39818cff8e49ebe80b388e37c,false
107602bc41420f15159d6043c387b9c96ff7327a,false
7651d1153d0e59a398ad77abe507e492d63d5ab0,false
7ae59464ae002aa91b362a07b18158bb8f1bc371,true
eec8ac7d71c3d42791857b09f846fcb7c76d4744,true
b6c19277c7e2619a72837b91b520a74f0bbed98a,false
70d1e648ab2455216563465406b13398ed11b180,false
3af56f00e68f6110b8e3589ffe8a612af1f72861,false
2b36ea6e6b408f99484a7092bd5de4696d00db82,false
ee184d5f2537300ffdf98a7208468f3c0c552807,false
9a9b807b2261520a343566b548056e8b898fccf7,false
00d97b720279476e1d8d10c82b5202f7d74a5ed1,true
75a924bfd75193e447c0d98bcafaf56c3b1da62c,false
39ae44ef0e44016e83d6924c6bbc2b907b2a38b0,false
c9867cacefff2698aecf4e2a34a86dbe18eaa5c5,false
c7f39341c0699c9f6dfdb7863e0d1e9d28725385,false
5d4311fc2e500720d535193a96613f7f0c8d1f53,false
d746be2140e2aa9922c72a37b27b2989b1038478,false
c9e621e19d792ad459289afa9a4c92a76bd12dac,false
9f7b2d24c6d5eaee7b7397e1684b356661016cd2,false
147386046a0ea677cd65fbe64c7c9c77cca0f571,false
803771cf6cabfe130f4194a579ed16399d570cea,false
d9772cdfa87497c9fb3e4418ee6ec59f5bbd0f9a,true
590e7b229f0e8ee21f1f3aa803f2bd83c3c1d346,false
09881ecafad1022d02a203cb884ee28af9fc613b,false
4060f326ffd8f25961fd5989e02f101458190857,false
170ba26839884acf8085eb9c04eb3ca1757d863c,false
53b12063a0a5d9441b28d99165bcd70c0813d6ae,false
5ec0abc725b66c841359e1c4004a9e9ddb6055fe,false
92a4de628612cbb75d0e7e155c3b65ff7e8deeb9,false
d115ae4b49405c0c64af15010a89897c16957347,false
3c9b211af5705fc1ed3324f0782f1e72c32d4e81,true
783bce2cbe87eda30bb706ec45cb03b246f028a5,false
05a808631866d45370e1fbb1d55cab4b8e42f9b0,false
4ded98668146a34a25b9b831045fe54275b22446,false
39ce24200948910edcbf2e87ba83a7b41c951172,false
08f42f08881fe8656c608ad626def476d80a4e8e,false
7301c9023d6c1459761c031bb7719f891374449b,true
8ea110376883fe7f17c78f29c405b77bc8e91a39,false
eb97523cadf5c2b20a0bb55b78960da7732b9f44,false
f9146138b5f174fa5d2ebe6a7fe56d952be17c2e,false
e7a7e3dc23d13fa39bf321f01c75858af5fd90c5,false
dd110054faae9dbe3d4d2c380f7f69e5890e7824,false
3e67e679a5d93b642050f8e71d5c06fdeb9c807b,false
7507ff5e7a7860e170f65eac3187f17d0fc085cd,false
4bcee34f27dd528168b5e6d8331477aa5841f7d4,false
6edc17bc425fbbf73d4e6afdb44aa65a7f5017f4,true
85757ca71f323ab9a57ec8556dd6de20bbaf9f83,true
8351e07599b989635cc1607f165976a9096d55df,false
852f6693ce5c0e620a6be766d5fd67e93bb0543f,true
1d4a26ceb3dce1bdc0dc64dff7a7985e7a4e2fac,false
fb0dceb6bd4a158bcdf362127967faa7998dd3b8,false
b1960111ef0d6dedd32eada3294f3c2ce1af6684,false
3e02e02ab8ceafccf544b16511aacaf07a0fb21a,false
51f8351fb75cc35c35c9dcfaa1a719f47adf4177,false
edcd25c5966304c61db3c8aa061a5142ecd8acba,false
8f72022bcf45dd2c747c24f6e433ab7abd00871c,false
320ef65487042ed6120949990fc0b1793acaac33,false
af8210e5a522b90fb32f60df71be00dbbcfcc0c6,false
fb7b0f6e85f0f5d12f70b7c94b4d57bd4e4752f0,false
524402ecb7e3b39145b03f9055f3afc4d31524a6,false
d1b9cc001fdf93c6906bd29b9ac14485563fd605,false
0379d88c78d469975cb2bd40edaec96fd3f75d2f,false
68a31127774dd0216697d839e6eee98036dbf0d4,false
05b0a6c67eac14582646eb9501bd96b3d4b170b5,false
9d587d491e92c7afbc5bf32108c68a6f7736938c,false
861abc6eb676cad09c363c023638efa3f44b9422,false
4c85301e242f7eb9eb07f97dfd0a57ab6a71fcb3,true
1f1baf3408c1253f90db24dd950a569d258e27b4,false
5f473b83b473db36c6079335ebdd960235d26b24,false
f793f316eb6822f4a14968c8ade66dcfa25dfeb0,false
f9a5340366003a30e3d52b1b8b86d434cce79aa0,false
a8fe92f022fb29af7740bb6db9f88427b3708564,false
a076782fe2e7944aca51e1413dbb572fcee48eba,false
d08b5f403bb5f4611cddf693e8710d0c8fddd535,false
580b16a4bc3fa08f02c5f8599a060d850c2819e9,false
86c2e67ed7fa744830d8fcc902e5f76fec6737ac,false
bfdf96806dffe3f640928f413bf0e84f638a894b,false
598914f80aa4f05cb95496b16c47406b2412bd1e,false
ba4b7e6090e4be3453bac01a6cf3fb25e4e669e0,false
5fb4e54db9b6e13fdeb776828c706bb408d36956,false
7b7cc1328b1488f5911d9b562843b1f6f293b30e,true
a20d22541da57c99e70cb932f252a5436d2ba480,true
b63f64cf10c1237f013445c7eb3ed00d2c8024e3,false
9d48c11c2ea90aadc1f10ed08a3d832b929b38ee,true
df72f4ff4ba536f79bde9d1153458bdd4cc2d91c,true
066496623ed944d8f4ec0e79226a04acebb6595d,false
bdf35ba4cbd5617216805b3beeeb5057da009328,false
30979c46b8ef1d1d713aaf6201a50dd46654612b,false
e34a959a03444662587f461642538fd84f68384f,true
ef61392fc0ce2b29f34f4d728dc475297de33f70,false
6ca34638157f930f0e52f730779d2f007b79c855,false
93a641a1836054be4ec2adafe0a83eb3a3b7c5ce,false
63ddf934ad0cafb29293345397567eaca448de69,true
d43b2e61b90f04c06609ded8849d3b7b308cd251,false
99222a0445a1fe7ab2687d3c5b400b5f33d0216c,false
bde4dbfb5d9e9080f24f94dd3f822f7bb8a7d496,true
9e0ff6028d2b1e96996b2d4ab6752c3104c5c3f9,false
3bbe35a1e7bc5fd65421b069f96b73635ce73517,true
f84807ff536aad6363f88e2a9e2f215bfc2fc15b,false
4733b1c08dfd0e0f50aa47822fc3a5689899db90,false
b5a4eeebeb5942c64c80ba779e7939a4bf0c3bb3,false
50132d220aa5a2f58739f477e6c2f0c1ff5db9c3,false
2770e8e2d4cee9891af34ecf0e282f3998a63f71,false
8a46eeb7f0b3f8f10a539654e39895843e9acd33,true
1f48ed8e8c4da180a141672428f23811516dae9e,false
a3798859abb0326d49e159fd7e643ff16ec5540e,false
01879b6fdf22d155013346da44ce801312adb887,false
e78f8e20867e99a38d0d93bfb5ab405c2056ee8b,false
60838e523e43babf246e0e27a25b521db29d78ab,false
23528f0fac74303683351d1a3a9b9251f5e65cf3,false
81f3f45870d4bc750f4a60abf8e63033d0a69fbe,true
8b1314cac8c5ab56442d4ce9c7b62b58a9c139ef,false
d01178f8f66fdde8f099f028ff3ee76bf7961a50,false
4fc38d2402056fa83f40da2a0a3dee988cc1d8b8,false
fb763f37a6527289c681047b7fd0a6cdd4707131,false
4ee9df86ce92bb6b8877398f9bfd8c152c0e3a00,false
423b0a33ccc362c44112d7a73fa9f1bfa83d6216,false
ed42b657dcbc104b729c8499b6c1c2139e01e844,false
9232ba80a3a3aaf6c75656fd6cc286522d0a2747,false
7f4b71fd2a492370b35ab95ccb4c48b7404347a6,false
f7746b5499efc90a2ac936b35ce0999194db5751,false
7720a0038b7b79335d4b54b3b67e5bcb49bb8702,false
7076ec6a0aa3c3d5d55069770b273a7a350ad27c,false
d1666554e41f4c7b0569c43d9bea9d3ee517f0bb,false
c9f24914a833cf9965015c227665b1a4995aa909,false
893bd459733a21c342bf529089a97c0a807c7512,false
15d3bfdb46df5cc0111d261ccdbd634461fb4a8a,false
535832410bb857e04d42a14122f45e8f91d99c43,false
ddea869142acf916f3790913587ba8bfc377b04b,false
6a58caaa4a9097465631c46a1c32d6242a58b67c,false
daab53ff6cdc90d57483af273b0e936cfed4653e,false
1d8cca5ba26d94b7eb35c813bd69dfcc79e27b99,false
fe68699f0d6b8f513f17d4c46191ba67f8191eeb,false
65c23fb2d1567fbbf550b4d64bd79afb05ad33e1,false
18a0fe89f1f78b738cc64b451bd5c9800f4e63cc,false
5c1f66a2348a54e18f7e4766e88d3e65a3e7bed6,false
dad838a9b6c9b207f95deb514c78e25558c02ade,false
100267e9f9f59e64e66be0d26d4fd898f0785454,false
b962cf2560ca9ae50136ad8f77ca990824fb4397,false
7cd271a9099fc280ae989ec223b7d1f075c11100,false
269eee16d95f8ab1aed99ab0e00fa4a11d910761,false
6bb164dc9e809669d536ac2d2360503528d63ab4,false
63e7e12b53fd88c4a0d1b0b0fbb63e9dd27a6174,false
4f91eac54064314d1c5d3c8c8d92ae7edeedf560,false
7e77ab9cc1294e80ddc402c18d95d64b4bb4a8dc,false
07164abe72a84db57fb34f59f95c216d11cd5d9d,false
02085e878d245af73b2792bc06e42a68333e71b2,false
c050f6c4c41b4050a3a90ddf69ec907808c9df6c,false
4d11b177c703bec985c9582af99bef09ea385a78,false
d749d4ad110d731a9a223154152743cb1e836552,false
70186eb7b7c54cbca45f7ef74f04ab748f71c724,false
1a2c54b4d6e88d6fa0364927307b5d6c8485e7b2,false
b56b933734005aa4666d2d979cdcca47a28c5e17,false
7430e0030d5f672e5b7f088084be8e7b3af2adc6,false
7687bf91049b425d6391aea5c039a3c1082501fa,false
8fff3e8fcdd575bbef2f7e20eeec8bad26332d9d,false
cca8e0ed74b79f50b3491d73fe1595754d786b1a,false
79e1f7662d3d3f6c89140a989768587670eeaf30,false
a96b7760e9d69c9614f0a61583b5265cc2fb3a10,false
5e91105a3c6ab1970ae215f2e915ffb1e3b731f9,false
f4e20ba1ba73f7b58c3b0a1a34760b47fe8f18c7,false
9a7558fb2233992dade2aa1f131b1f96a86cad22,false
32c82bde89ab6380312463c18525306ef4650085,false
a6c352caf7ce3f29b82d73348166f95e48c51ae9,false
8f828f623354ff0d481d709d6f5f7661b2b3c146,false
b30d86b26e1ff3b10ce3cf26580a628bb46c75c5,false
54d0a1d252239d64cb1a246a6d404b593add0065,false
080a7a785443a30c2808d994a93e6ce1827f0252,false
527d3cbcd08adc5e1303dfc3d2c60602805f638b,false
5b52a34b220bd27caa950d97063587879ea40164,false
55bfb1dae4093d9a25aa76ced358540139e266af,false
edb1a77cb165ec5237f9be543fe2cc1636206c08,false
89a1165fd280fec2a92d96b6c245ec70abe9aac0,false
896c7a842940e73ce668c2424cc65c50ce74c23c,false
582b6bbd82600b9220e4a17e9872046db690a8f7,false
2eceaa64a2e835509e1629a483a917a1de5430e6,false
df793faa8154212f37b1da054f15652950de702b,false
dc9d1521e53089775b1170c9873f24aa75bfdfe1,false
72f44e5dd24e196944f97d0c5d6fe256853dfd29,false
0644b51e5aced88d191705bd70a4e5286fbb6833,false
bf1d0f91fe918a9ee3bf05086e1f059e142b48ee,false
53457aa42b954fc56b603d8e11fc0024d412d001,false
29792b4a6b029c127050ffd56c3473f6db61e874,false
e9c8bec56651803226fe9cd585d456beeac1bb0e,false
15411e621319c54dbf71c7d6e023569f64334803,false
ebe486140977035b50891b3ea52c0b9dec97f921,false
041e3f8160582045d0868aa0ae00ef6ff71c6f4d,false
69ab5bac2e4626d1bcfdd6d54ad5078f71c6ba87,false
22557caf3407c23eaf2e52b355b2d5075f571210,false
3ab0f5cb84bfe1e7e12cb94d7c9742a9d52d4732,false
6e35b45ed416a5c5642de07561022698ebf984c2,true
bcc9115ce647711c155a7f786675379194abcf83,true
758dd8b3585b8e6e89c3c6c1e9eb8cbb74eb7743,true
d6995e19f8c8d7c9f03448deb39bec7ad047c5af,false
16b0b5fca274ae13b5deaafa8757e32789368a7c,false
d467daac0934ca48ddbe08ee2a94b31e6e1e01c0,false
f3275b89802b0dec5b5753aa011e02bd86695c38,false
58007c5d7b202d87866b75827c156bad9414bf49,false
fc168caca9422917a576c8b2e1c2607662a3dac7,false
f6a438e5a61949b5a02fc0e9cd23f7abb2844d1a,false
74f222ac9fabab4806eca075010b34262fb0b98b,true
6a1058d140d8a6047f4602f02f83a2ed998877dc,true
2b3487e73078e3ae5daf44247c71cfe7bd78a077,false
4678cd4eb74e2d6243926ab8d48e44c3ca7e7308,true
c60e84d6d730e143663f41257cccbe265f4547a3,false
9d8670d36ebcce4c1af6eb93ba5bbb4a60fe1068,false
5b96a23b083575b2491104d49dd9695d205f2ddf,false
9cea4764218d380d3dbdcea561097e4d47450ca0,false
8327c6873eb2e1bc9128ceef8a1c01d59b29c566,false
3def6b564cdfabf9e7681245259891a24ae53a42,false
b78f999fff2b9027856e0056b8031cbd164af6a1,false
5559d19c3f28b7213a7e58b06f767028cbd3a26d,false
916fd99c29e1801b04e3b58dc66458401b7193d6,false
8a9ab653b9630494f46e23718f8e966acabe4d8e,false
fb7bab3c260bde0eaee0b88c8c9ccb677332a34c,false
33a28bd7ef1379a57e3a2c4c70b5d2d88cc12bfd,false
fd52d7b5804b831ed00566711b2b3776d6290937,false
95b46af5333c813315243364e605ea2c4bac2bcd,false
56bff92e4dbd762941623c83018f989083f9a2a6,false
4c67a06507135a03bcea52800982a07021ba9dbc,false
a594cd797bf4bf24f0d2d407f87944c6842123a4,false
fa5a30207e87130d029966ceec5639ae0a43290c,false
a264520c97f5e6c81945f862ed2345d709bc5012,false
a09a65df3eb1d79830be23ab2e52ab2a4fb1661c,false
6e3fb3eff571f4231ac96c51eebe1134a4401c16,false
48599309eadae57634f75b849916b836a5ee97ae,false
5116b108dfb5f972d1117009f27e94fa9a5415d0,true
d5a56f18f8e67ae3b6e23f41ee65ebe92937c56a,true
4618c9fd45b6e5172c48ab1f37f3cd0f838673ba,true
2fac1111176f2b1fee935051d5e67da0b46b66e7,true
e62a9bdbd9b18d9e95f8de49ff2f1e1dd67f4b69,false
f33c4b56da9319b718e266c792493adf79100c89,false
23536303cb4568364f6626bd3822818839b6f3b6,false
aa3303e0a3e7306579eac445c55a944cea923b0d,false
0ef51e9b680881625732745f2030585df7f6aed3,false
4cf516476034bdaa6e3c95ed5eb00ac3cbee7e2e,false
dee71bd41cc8ad379ec71fe0fa87c5659f1d260f,false
ec473c608fce1af3259f817388c8b4f58c7fc98b,false
0a16fb8e395d21d05ebe6a38659a513c015ddb30,false
3cbae008e0a53c4ee30709165bdb791fcf1f254c,false
ff6004be26230b94275a913fa36e115d104245cb,false
14cf7dde49a007e7385daf8d52392caa814c3a35,true
e1dcfb81d444dff67efba16c18381b99533f4ab2,false
5bcbc8353274073a5269c469292cb9cea00173a4,true
7de720c059efb6ded5d7f304aee90772e42fb1c7,false
18c6bb61a2f70e16781650644d633912664776a7,true
bdd767295b923a7e024f5f5e138bf6beef2880ce,false
f43490d20b78cde75fffe4e0f6bfa169c40a4574,false
ee5cc734b071c8647e7e5fc489b6d64a56c55691,false
b6f05376181e5ae4248b3443d6ef668e3f20090b,false
aa0c369e30be676c2e02537b268fdd6531796fb8,false
64c40f61d12cccb678c74797c2a70d5d2b56fd62,false
7d4ebbe0469bec1f734db5a0ee6ea82f0f23ec00,false
6fdebc29130a705c08d7b0d27796a1b533130fd3,true
44f8a881cd00d48e4da4fd9a3086bc75e418fb2d,false
08f3f9beb5a3d26734c43dbbb015615afae83baf,false
a35f5ec6123ce5a22df6337d163a26bf18e8cdcd,false
a8f2ab3e1f8123ef7256778c219ad8d14b1847cf,false
4f032195112a14c4e9b1a920352d4ea65b58ab11,false
0c928b774cf514bab90b0ece798aee65c21ddfcb,false
e65d0e17236102db0df0cb126528962ebae5e10a,false
fa628c9f055004f120e32f587a265c09d17a1fd5,false
7052737534c3936d6a8aca2a3787ca7b95992cae,false
818b60d9617a3c3faa6232307a195b054c3fdff2,false
80761383b84044f6af411f0277ad2a2561a3db48,false
03eae0cc779877c6c6d5f35dd1f69ac272df5354,false
9375ada55bcf5c5c2d8df081ec6a629c1910a7eb,false
9a9bbaadb2c213f3881dd3d0d7b55721ff35d360,false
fa4915aefbaac2f026a601e8a4aab1550385f5bc,false
b991c91364a2d8d8cb478aee22bbc2b8331c0f68,true
2f8a2997cd6a32f15a0ad603bfff713748d19fd5,false
112dd0c83b9d3244374db2c6d3887e053dff7c05,false
1f692b7b87ea5d837fd99161f6923be1c12fa133,false
d1fb76378397a89e849063c7cd1c3ab9817c0650,false
b9311bf4b30d0cbd56cbccccd5888feb3171b2a4,true
bec117a4538ca1c1f5b00826e4606793d95f14f2,false
2e6b7796c7fd70a901f8c8fdaf9d3b220e9709be,false
78f561f57f538fcdcd4e066bb4d37b3a6b08429b,true
8fa4eb11c65a4b5b0cd48c645e4271ee638231c8,false
dc2eb7037c8556a6eacefb76713ef6225bc48ed6,true
474041948b7750a071ca7881d7fca88e5801cd84,false
04dc44578d3b175bbb8fce6a8793d5e1f8034a6e,false
82667c5ac963ac42f19ffcd0ee895524f1585573,true
2d2ceeb6f3dbc2d761215f0086c406e1d418202b,true
2f902e8b97c09a876291e2822ce6ffe2c734b4d7,false
51693391ee07a66d1ec59e16193720f1de4e3c9d,false
e5a3403ea31e5f379f19d2ba12d2628d81f2aa19,false
084dda9a3d156df50ecac5286818e8bc58b283ec,false
e192ed6401390d5c2ae0699690b254b565191707,false
c4d2209a043e228cb281cfd220912756fb3255af,false
cdda8baef5b3fac9d3f3eda6df3ce731672159bc,false
c2611aab5f6aa913f775fe071dca121b332656dd,true
5c5e86323fbc80b99645b6bb8f04ed9aad8107d4,false
efb21bcabce088fdab8f78446eb463adc69795b7,false
ba67294188eeff3c035c9e4c397ce837cca78adb,false
885de1a0701d8df2a9398b362c7c955d2df03374,true
50531afe2b941b4b61891baf21a9f00359493f14,true
3fd9088a8356520cf8acb05f8722ce425a658994,false
f7b50c09293b852b0986a4cca174dd7534c68d8c,false
f09019462a04895d13da59be67f314b2b03c329d,false
a2030032ff5a1150ee50ef9faf3f71715661acd4,false
57d0503127b9675da3ec16ba92436df929f7f051,false
c389d44156ae69e13ad2bc01dcb7c9dbb771af66,false
e77abbb72dd718ca9dc59f17bf45ab964442f081,false
781649a3c3f1512fd27d69e4b988f7b297d88dd3,false
4a1aea0c0c1ed73d7b0fbd12c65c4b7494208f57,false
857cf1475898c4820b19551b74d0898167a5253c,false
22266d980a6ee7f6d1f7f6364de4faa03547517a,true
daeeb96054a00c782fcb1871da8ff0800eabe503,false
b125b7c41f01b87370933ae9eb9753415dceeb8c,true
be65a52f86dd840ac253e6a0f3b87e506bc3fece,false
cc3ee3c10ea398a9fc738a2ceaaf582e6242faec,false
21392bc5f3a8e7db40fd3e40149d72ed6dae8e84,true
90edb16a597d65599cf0f0cf0804b26b9963d8fa,false
658be93608510ff732c7dbf4d77f2c780df3e19f,false
dd0694fde31adede426bd38d05c170e63290e76f,false
edfa2768ea1b27109a923aa1629fea793f5dac4a,false
72137fc74a6e50570dba39dea3e7122fa45af78b,false
60e362c99279e5ffb5abc9ce92e981be25811069,false
01e1c78bfdc7dad68f2ccc2f68ece8a29f564ebe,false
5c58487957c9253cd8035775e634aa65e52bbe28,false
cc5d9dde67e07071169ed0347465c4b00a40edd4,true
2e77325caa9421c1ef6749e6c78a30b83fb5d634,false
449aa33b7c57e54e997caa6038aa939ea55e8530,false
bdeb3fca46f9936bafcef105d2535b6825acf8e5,false
90f32cda204fa6dc5c2fa3e47ffea047e5c99357,false
da0e80a453a861a9b68254a65705f060e37f37cb,false
d55fba1ebbb88d38e6da7a687403319eba3944f3,false
94cf6830165b8ace70180f20fe663df40af17262,false
89f05704e80658c4ed5a4e11453ea8e152fa77e5,false
4d16bfc97cdd2b553ac5b1c258ac60f96646d740,false
24952b6bd7d3dc4251f87b32f26965a8d3dc59ab,false
fff6ccb2c3888981bf4dffae05a4859d4c1a24a2,false
ee7a4a7695f081a81ee09d567679951ed6269272,true
fd3d3ee19d714ea2c84218ec3c248e621f099dd8,false
dca166d3aa59823710e822c7854fd28d6659ebee,false
c1f8e18d893fdc31b15cec84dc6d73eeea05676a,false
793354d784af399a244c1f0049518507430842c8,false
b8a9ba802960cdbbedc8a00d7307a8d7a0e9dfb1,false
ad19edb5d0c3e268b3c0c98f0fbf43636e34b0d5,false
2e73a47c6c159d3b3c031498119f1bfe3ee58657,false
b6e51f84f4925cca5a49f76462c2a173d4da997e,false
11808e1052cc57e43b254b589d18deaa422efe93,false
88739b93d9af253d07f259b312a93d693b6590d6,false
df9daee6945d1aa205d69ff5c349230925e0bec6,false
e932c4dddc3203af07d7e54b4989c4c5115587fe,false
a0ba4ad1d0e2958336b414d91d6acebce6b3751d,false
58bc6dd307435ae40b70b0305030a44e1398e4f7,false
81195d67fdd8a8cc6d69dc4b71fab10dba9bac82,false
c4c5b0dbd10c2038b69eff0efdef8c5c336ce6e4,false
ad2efa9eed899a1ed2f062e8ca03765dd9d49502,false
9d90a1e09a4b23596427b893458862d26d38dba5,false
26e9788578c77dac135d383abdd07acb9311979a,false
06fc366b2d7af6179c537c2696f3ad1f244eb704,false
a195fc523b4d457828dd0e863ae8c02ddc4614d5,false
b8ee86141f608dd44bdee9cf6c25d4fcf0130564,false
7db6a76265272fd28456813f768c8d17a4e943d6,false
fe76e271672690ddf8a1fb9a5b743de0af7c791a,false
78ed6986bde7475c643eb69568e2f4184548a991,false
a412c8f4f6595b584fac9df7e8cc54488095b015,false
4f4bf2d48217d818bd9af00216e357cf131b7b42,false
943609dc0faf0cba9333541e1b22ced9bb692b29,false
89d120d3f41159543bf5e8e9f2099b2e7b256c92,false
5b7c1d4f3e45f8ec403abf6f00237281f22b92f8,false
e11e5f0238ba4d2b3e96485951b3bc1caced566d,false
11007d63a68e75d053fa59c4995ef930138800ea,false
f674a8eb4755f66ccb74a7831ab6eb1462c0c147,false
2b674e4ac6d1cfd017d46203976e8c40d947b001,false
9327c2c422475534e7caa55761f83b18e6f43340,false
d42c5d45f5f998ea549880c1c4244a9e8c286f59,false
00aaed4d5227529d702027a371c572a0ea443b3e,false
62c864b77064e1484922f2167c3bd6d830f5ce55,false
e78ebcc1764ecd0445ba9d3fa4a71e88b92a3aee,false
9f83d6d4eabd9b5bc610fd1535fa539d6df90030,true
d10c8e31b468b6fa9645e028c1577e86b45607af,false
2c06b3889c5aa3476aa73983852650f650b5b672,false
89f6a8ccc6511aba8c3d19da8491c228d4474769,false
3bccd2876894e6dd14a3ed3b11fc631f0092a8a3,false
6f26a7fcde9e7aa7c54911149485328ddf7efbcc,false
a85d1b951673b48d437f280326c0f8cc91fc2749,false
8b72ac71e43125d0bd1b765e7ea886c0963060b6,false
ef83fc48a79680242fda14c9ea243fa50f2ecbb3,false
134383d1d5992a28928057793ddec5489260ceb4,false
b23b38e76de204b1d3c9c0ba5b96152caffc9e0e,false
4ccd23c0920720f7c3f044bf5800fc361957fb1b,false
e262384a071bf29f17b6e82b57204e46ad457498,false
0b7f33e96d27f55f6966af9be5402e71a15faa70,false
29d586937b816c1c26007830cfc0a74adca3c40b,false
5942dc4ba92919f71bed2186e8e74c47e6a1c8f6,false
9be77e6d89e842ce4d1b741cf43f0f15fde452da,false
215cf55981a74269242c24e45f32e6020ff738b3,false
ef96899cde3b4115fcfdc81ace4100a37cf3f5e7,false
7719b01ec85c38a2d5efac30ddee0d5b696f9397,false
09974e5473804cee3e6020c1ffa5285ffd4f4d64,false
8a064ef1c89c7796efcf540b0c1e8511aa08ea1b,false
cf95bfea61b506a2f3b7f82c0d3cb06d4272025d,false
c1c40df1396098a1bccfcc77e8e652fd56efafdb,false
350a00e5b576686916f4024f530c3e6ef30c25cd,false
8b13230c992c54fcf74c7d01149f458079118a3a,false
fe16f57d6f1cf01020238a50a057c217ad0b3add,false
04036f882146cab0259aaf874c45cb3d6963fb7d,false
78e9fb6f22e58f7f0d7a48df5064674f38b75cd1,false
0820171b05fcde7d6cee26c6c8ddb39b30138de4,false
d160a1522e4392781130762ca44a88999843b722,false
34ea3e2d84fcde65c9c4169a6360e42e38a232ce,false
d875a355a2ed9da50f8bd36b12fdc8cfd0fbe073,false
afd039a1783d7de36631bf966512ecf1569c4a1d,false
a308aa10de864d77878f1f041d400cba58dca5d4,false
c342d533ff096eba95f6d9d4b7e285b689da59b0,false
4c56d294318e633fd5077c2db7a4b6a76a8c7897,false
26b20e04712fd0e45dbffb6e854b28a3a4337b36,false
5763e4140504914fe0c0f211e6a272096045f3c5,true
1b951e1b1ce0638bcbedb2e3071ae34ddffafedf,true
7fc75430ea8969c69c6b8f118df5fe71696fa211,false
085d2b514313ed5b298f3fc31c04d9205cf94bca,false
2f86f94de84f291797930e95131539c54f37c08d,false
26aaac48b489253010a8321b676852589263e952,false
026eb243cfeb29f4ef4969cc0d877892240a4baa,false
87a6b78ac06b97c8c7e2f9a962cc42fba9c0d23e,false
fe4ab20bcdc30163ce24703a1bfb99ff6504e0cc,false
0b8e812545eb7c6f55ccf8f75215d8dd020e653f,false
d032df739c924c4487daa2a76153382b5e2fc41b,true
b551d95de53a512593a1dc8114211e38ff19bab8,true
3a1298952e5f5aad0b366e95200f7909447c0318,false
d1f5c66f89a5d66862e72dcc1d3f14d3f805d096,false
b7857d1baa94196fb3e471e14c951c0fede51202,false
357b232c48a88dd855505e356dcc2a8e678b22de,false
d0068622c9f8ff780409b7f349ad86829b644dc0,false
35182f54880e26dd09c86f5413c84a9dc6ff2f07,false
a5015414dec1ebd4beccd5c33e7e97f4bd279326,false
5c6fceb26b18cdaf0ffb2136e8fb3c96ac2a1803,true
6f95f5ec6b14975e56244d0510bacc12dc7c4597,true
ffaaa59287d67247ffda23000c632d21bd6982d2,false
224626d087d79cad46414ab217cb3c7c16e74076,false
e736b630ceeece31823c397593d482bd5b75f625,false
e0aa06c3e9ff8eb6397122ee80f675e7c493c5b5,false
96e6d55c9c07778a2964b7b34e7aff6263f37207,false
efd907d701f03da75ba217147c4f122b14af3d3a,false
2399fe29a3a2fcafe225e3602c45d8a5d3aff562,false
d02fe1392cb7c03883254fc96969df93f64eae37,false
ad91437c1f8550db43c706cca4572faeb22b398e,false
97fd4424124d7cce44dc19dc3e698bff61a0132b,false
7e6bdea0a4dcc8c58f67c18b7440b00100ed8893,false
6339a0f57e7bf425dffa4ccbf061f425c11da8a3,false
6eb472ba9e1c9951023f44339719c739f3d45814,false
3a9f47f56102ac5ffdcbbedb0dcc5b04f4bf1117,false
a8f3c5161270f565991111f18c7f2c2faacf8d6a,false
286779788321468f034d58467a8ee035bb8ba9ea,false
7f0a7be5aae1e86aa5b51f23e3d9cac249b0e2c9,false
973310b8833c2f49b40e8a4f32817ea63e13a7d0,false
3ae5123cd31cb332202418a6a72431acc4e2b20c,false
74690f6320ea7d7e12cdc3dea4c7d0ad1ba7a06b,false
48fab50cc6d8b6e5cbc48efb7a70f0114027c7c4,false
18ee0060c9bd874fc543ea078b6d3bb0ee0245b8,true
321a37443521af22432c311867b2fe485fab6acf,false
e699f73e822f2b0795e14bd009c1b07bdf3d9a83,false
0ceb5e0f884a18d6fbface9141bd87aae87e1271,false
0ae53a0d376d8a260c8304bb4525a15143d3920e,true
5ccdc301686f4206ec5a7e732a8b0fa6ba59cb70,true
3ac51f54268a7c5455c06f4b5c19f9894966d7c5,true
1350b4dbb5af40d6bc4d52a17b03b2f8b4b1b6cc,false
3703f8ddf696c2882810bd45d29b09b37e39768c,true
1425bd71b0989bc1539dc1906441934ea5c685b2,true
8726ca6785fe1dcf3c0f4fec70d3c417128ff470,false
31098f6a67daa14128ed01d6a94de990433efb76,false
b908f70fd034dcb91454eb044699009657f9aa7d,false
e5cbfdf6a01e66a9d05c043f78b38b7d98baec68,true
296e776cb1791d1a7213cad3cfeeadfbe6d7b674,false
5874ca32c02cfa7270e6fc821e0c2ecf1fd198c6,false
9be802f7c0aac4a244b550efab6f3b95bfa8d04c,true
20fdbf5cead5c950f9417223d74b264e9d7b2abf,false
ea930a8b7a25ba40fcea11f99ef0969b8de035f3,false
116e63af40229cba57c24ef6fab999a0252d584e,false
fa2e0287640bb03deeac9e18a96682cc4c4e4e88,false
b249ee4a9501fb7a4187eed6deeac6977d503329,false
10cd5d4da1686e5fb1a4c81d5276acbc4c702339,true
0cd6fee39a47e4b381bfa1e33c9bf92d2623c746,false
21e4a673bd291f366be99e6e6357e89bac758962,true
bff5a883491ec67f2d79e6c7c0959c5d53b5eef2,false
4721c89873bfb9d873a4046e32cd78cc9e44e028,true
1b77b81f3deb211691d2572b7641d78aed8f4df6,true
7811d6752c22c9cd98e3834bfc4bf0b2a8d3d93e,false
6a3b717da7e619d8534c0dd8edb3cdf57764a623,true
42c2faa54a7822d85a9cc105029394c332c77092,false
1caeca3322b172e3ca4db5b3e6eeaecc489e3d7c,false
6720e8b7b5b19234b8fc847bcaedc8f60f928c06,false
e5de53c4c8bcfdb8a905450cdeb029ae4f3d6819,false
1ac65c50db20a13b70714d2813572eacf4764c89,false
693c666ad298ccf1ec07340f757d410356409e80,false
e7fd8bca4889712997a34ed420b9aaac1af1c603,true
09ee8b9160b46f5c965001e711d4bc0faade98c1,true
5b9a73087c188a5a46676196ea1759bf6f2bb3ac,false
b2783d8aa1fc8a86e25576a7c76d0fd504ac3767,false
fbd1e3f311c609cbf3d52730dc13927340ab41c5,false
33714e477bccef3eb663e4a1190dbdc9a369dc80,false
ebd5755bf53118537b2aeebc888f604d82c88114,false
4d0844a807de82adb2b91fe1069276497d5105be,false
bf2803baba18e480c41aba94f6bcb3fff6986b8a,false
ce2fb71731c6ac1d6da4712cea58eb85b2b287e1,false
373cc7f59c72ae448ab3b439f96c7adf6163af76,false
b6036ba7bf558fbf280572e4e70d2d9cd46a288a,false
519faa96e18e84161c5b6345ea5cdfb866ceedc3,false
b29fa1bb1309021c07e06917da1d861b3f2d4c5d,false
576edbdd438443132ba121e17ad5e7989cdc4289,false
05822bfb52a1a7fc97d6eb2960191e0fc05ffe48,false
a9dab0d8b31c10bbfc894b2517ff1aa7d38868bd,false
2578f329914519d151fcbff28d308137a052d652,false
f18f69cf92d4f7d3094739c03ef159a6dd5378bb,false
da71478d1d1435ed6d0661e35811d0abd13183c4,false
c6e67b2edb62f97c7e3450b258e3657567bf22c7,false
06eb2074d38f074741f8fdc001e383ee9ec919e0,false
a460749234ce2dc7649b34f4d0e091836fa155f6,false
c1e16462756b18fdec8374ef15e48f4cde0f7899,false
921fb8cd10bc5f44ab10a8336f0f119af511f909,false
71b68a33046ec701b039a6e34db813609c2e8ba1,true
c14ad16055c95bd8742ad4952729d46bc4391209,true
0dd07691c2d989af023d44d1e1612f5f6d2718d9,false
c8aa5c2fc3ae4d83dc275f6bbc98168e5c9c8ba6,false
44e3dfa9a06cc700487a6bf5cd9acbc5c776a7c4,false
0941ce2b18440fc93426fbf475d9ba3eeccbc5ca,false
742767056decc34007d78f3fd1415e83e2503569,true
2dff876ea1596fc7354fbef7a2835496a8fbc6ed,true
84522647ef7e61e62fe12c5513372fbf596488ce,false
ebd0b1e04af8860ccaec3d291c908a701867a689,false
82f8385fd048fadb00f7f437edd878749ab68b7a,true
b71524b78c8915addc5bd943ef082315da1ea03d,true
4d20f6051b0a79992998527c71fb5621f5d5887b,false
63a5b27bdd4fb56cf09073524f937b464d6403bb,true
1d39f0ac503c0949a81d50586b0168a8485a9b9c,true
993b2e93255dd765d9036840275922d025a034da,false
7909041189cc2ef79ebd38bb75c909ecff3277d9,false
3dacf7ba1f779d4d3eb5009d825c3cae4d2c0536,false
14d1f85b15ea0d722182e6970e4b14277db73281,true
235661ce3bae8a50dbc09a888a9d0fd33be27e0e,false
77febb6ba5d4cdb479cf9582ca975f10a9ba406d,false
acba7e3ba2fe70fb3ff4310404c3a86f39470758,false
431da75ead47095fc11f8cd275645677796a16a0,false
621de9697a7f44d1bbee729d468fdcf970e5b777,false
2fc80b22474d3b79ce6264ba93470fba2eff2c82,true
3bd40b05865316dfeff9c68c6610cd38c6a5c1b5,false
35b0ea67a299eb5ce67e6ea0160c8f494e8d13f9,false
5f05700467a930d840031ad701c88907008ac16e,false
a1f2d523773633d86f4e08d8926243ece1403c65,false
0502f55da38e75a3abb3194f889d0de181a9677a,false
5141814a254e89213c7231f892cd83d985a3bff2,false
00c6c39bffa85aeaedd728bd9b1149df838a433a,true
875a5813c8842c2852642d9116adabf86b46cd83,true
2d750fa36d5dc7abce1edcb13edc9f341b570d50,false
b78b2e7fcf5f5bef0351134af884a11b5ae53fac,false
34418f97149b9ad3475e3fa9a01b7dd5b2b49a50,true
a788f416a38469dddc9a3517c74362e42c4daa79,true
65b8fd9f4405f5f01351710ca53c745065300ae2,false
3ea563201fc32817ee8df9b5863a13f9cc0a5ab0,false
cafea6a0c88406f3b93a0e0da822e911e05b7bb8,true
6389f7fad0677771582e711e73f0c80dd5f3dc16,false
6681b703a82cb31527060f68ec73bf4ffeebd15a,false
a8865a6f9100dc8b647248c5a7f83365bef065f6,false
133c5dcb86f2b9de3f428583c94142574c2be969,false
c675d4c5c88189ab0698c50a50e94eb9f4a65d28,false
e4bed560f6eff35f2057a2f23bb090cf56281989,false
453c6facc3fef3bf8d098ee2879cbefc94a3bddb,false
1becd66a05d2d04d231e730593d516527026a7cf,false
ed517ecc2cdde0d6ceffaa87db1e6f550cae3914,false
613c752b99f660673c39b7dfbc9ca8fa2747a021,false
4a7a407c5b84a1be5cd947ca48d80e8ac7297f4d,false
06db71ec609dde07240af251e75f4c6e8d43cf7a,false
ddbadd5016e861d2f9b6873b6a6d2fb972100bce,false
49cc068402a35eeed7c445ba84b4a2e1ec5282b7,true
975c77e9580e33397186cdfb2954ac0cfb29f9d4,false
406f74aef77c284e16a1b774777c1b850607b522,false
a26b43e344eac15efbfc947a347869fd607abcfd,true
72dd91043046282031471a2e716409f774ed9b22,true
50c443f0832b83d0a3ada563bf26b016aa5b17c6,false
919abab42c96b4c69754b6e747956e695b87bb13,false
c580eeff3ae2d7f37a13c5e05794a82cab51bc14,false
7298c0df6a5d7b232c326cdab8da987472ba965a,false
dab7336291e6b3637b8b0784da4dd17bb6496a78,false
5bebad1ef6477aea372eb9f49ecea6974022f960,false
7a1fd466d7d2fffbe047b86eba6831872866820b,true
d0df9b19aa2f77f5fe73b8956489173caea8579d,true
bbfceec5cda0e3bee6d8f413a15bdada1f929027,true
45250e739e407d3769ee61f9a90bc3f528659fdc,true
f2a282a70c4d126560245bde245ce5ba20ffc884,true
4e5f521fd35f02ac30c0813faffed6bb94150c67,true
6ec526c661ce9c9543c85d6b58f4ec11459bc011,false
c545e4331bf01258921ee87c1b1d9a61c09d14cd,false
1b8ea372ede2256d9131b3ee393a8a01d999c349,true
98f56afa47b60781f1bd84efe97e70388f301c33,false
8f4dea65fe0d4a0d61355e555bc6c1050162400e,false
f5a54cdc677f9ffe8bd3ed1d747ffeb90e28a5fc,true
579c76e7471be19ab73f1ff65769db28ea7b3d8e,false
2cfb326f6ee32cf7c4bfbdb941610077f12b8e7f,false
0a16d1c3da1404b1c5606017d64f1357e6bd605f,true
1edc80f0fb5744dbf1ee71b1c8306a9f89bc07d0,true
343fd329602dc3972d3aa96da62711a594a311c9,true
e633ae6f27b1912c611cc1da6c2db968d0ae7b2e,true
66a60987ee1b759b3294d3bb4b219f0cda24d943,true
031af220faa54ade283de7467f4c997e7a9a9422,false
57cdf887b6329cefaa6b2253042d4094f0f16802,false
4ca5d558161cb0d364ce6f3db13fca43199b08ef,false
bd43b7536e2c8ec60c7625907654cad211f619bc,false
1c273cc045f7ab7ec4a21c9bd82348bbddc6cd9a,true
5ae4864fd3fb5863606eec788f1b4bcb76aacffb,true
820491f8bcccbbd5653dd2e1ff5a3c7db0a86027,true
2cb9064eb4dd9fbbc11a599216215e356edb2f00,false
32b8c41304d26612442e6b50ca65f6f288c429e9,true
4467233bc33b450b41739bd97b2f6d32306641a1,false
8cbd679bc5c1a797c6c167e8a754a377c8adc8d1,false
b8d354310aeeeab7ad0305a0c4ffb8b0c8840b42,true
57042722b08a04ceb0934102372c284f393ca2d9,false
8b440cebf10c7f96c542901c79baa31163393781,false
e21b2c6bee472b504b7118947a2cf786548d7f02,true
5170fb241db7f75e12946bcdd04c3e0f8b7bf324,false
68a80a1f0b83ca0c12d61b45219381293544ee54,false
e9f3c59ae8ed643179e985fd43f49a607e1c89bc,false
f98fc9bfcc7ccdc3211cfbb7b23f262ed2d63913,false
f3b35842de60ee85bb35e32e5b46e783e88cbd04,false
90921d62eb8440fd526144b843f8470bf9511f0b,true
8b8f003ee8bdac35256ebcb1de6356b43753c188,false
16a71a43f0dc5fc0d9e32c4d6b5ba127711a471a,false
0dd57905874d49ca26668ab872870f3e92d48f25,false
b1a3aa3cdded7b871fdfb57d466c72e5bc998b7a,false
9c191204276cd9468ca50ee9f61c7d4b34b60716,false
941bfb1feffef1f2480fc6aecd876ce91f5355ab,true
50b93b06aadc4b45afa038a09d8f3e968b081e02,false
626b13c156448f5d32dd53010df680ddaa773a6e,false
4f1ec749bd74f065f9463b75a4a54e0c7f257d0f,true
72802cc63eb6499030d8812f909b873e252475f0,false
18c0e9afd573a0a83e5f42166fb6a485420fb1ee,false
642bdac104073aa68231d5d0e3e5c17ea66fda20,false
4a224b8f491622c8526223b6f53f54ff3b1e8068,false
ff785d26a9afc5e2dd1e8d406d795c0d27e353ae,false
27c5d9870eb1930ddc2cedc2fa774060057d2214,false
cb681a6ba770202d1a5fa25a0e9ef832f460edb0,true
fbcb20558ae0ef0f028d0817424731fcea65bf1f,true
f43f354d0dcee7ecb8a43d3b8b6f1bb9cae71de8,false
845402b0d8a35ddc7b0de7b05bbf3c45729203f5,false
4fd942fa40b725cd1324dbadc1ac018fbd8edfdb,false
e594c3ac7862eb516b93bd6266f64bd9600e1212,false
59a980eb799607a69bfb31c88ac8ae3c9c21d17c,false
960ba8cc593ff7f78fb10f4147d9420ce7375760,false
b617c186b8270a1f3735b393b40db183a5b7af63,false
4a9fc307ad1bf02a5816e2a5864a19c7daea80d1,false
15807d5643c2b8d0a4bfe3f01b4e8150bac55fda,false
4417973bddbb7d082229576b72c3c39749ad1561,true
0bb2a441726d04196216900de39164d2a4cd7a49,false
53ef66592afdcd94eae9101f25f6f1f18d9138e0,false
da7777c7abe3ea291a42bfebebc28e78c88e90d1,false
a8264b374c2c6e68781b01afadad4083af1b0df0,false
f8e1b37100e8a852a9f07cb80903931a974f5a26,false
718fe22b48fa1e353d349ef34a30debfa1052822,false
29da69d39477368edf2771e2279455eb5a55fad1,false
d41ee93a964e071f61d6d71d53e8db032f77ce13,false
abdad6bf496472dbf0a38927247198d60bb095a3,false
0306dd4f046e8024065e426f87b84feb3e65e86b,false
397e9e0663c93f7d6cc009ed2e9cd3459432616c,true
043b91a3dbdd48d0ef6aa20faa89ed3111fd98f5,true
3e47f0e3c2b2cd8a5add58df6adccc14f365ce96,true
9a0abe1845b21348a4157a359dfd9f5665d79431,true
b8a9eebeba8ed551f022a96ace7e5d3babf94c70,false
74ff899e3b09cf2e3be15dd037f9f005beb25462,true
67b3568f2836095ee278700c187672b5cabbe591,true
ebb326b99cea06a163b2e4d37ced70c46916cbf0,true
1ca1b6a0ddb24eab67aa3e882b80d4c8f708593a,true
0a0e00f74896e7e060130e3ca0354f5c73105004,false
509f53ea58e3032b90c81c16132c7d535a109c24,false
a20bad26c35dcaa97317f9b54c0191c0d380f61e,false
72c510298621a91d1423b0f9738630f134416408,false
426bc52a16266d85ba47f6ebd7f0766080f933ce,false
0bd58e8a94a1d85f5902ed4b16bcd94d4726019c,false
3e960fda36ce1d143d65d87d9b996cb3eb956faf,false
796f5c5b40c016d4350585af3b58fa927f5a3f6e,false
8a6dab012fad3e5e026d6a7c39aabf0952c3346d,false
1d5cc2044dfccf0dae8808968c1c6344049b3392,false
a024332de4e4b5e2ae13e4b100f1bb72dece916a,false
415cc1bf1e19c11cb267e64bed3736c759323751,false
962b237920ca6729562eb913186e4329fa18344f,false
1639bf8459d987ead49bd9cb0b5a7d3ba9797c39,false
f4399e0a746bcc67e012a42bd50c70a6b217a2f9,false
c0308b592efd644775e0c1563db969f14aefaa9a,false
7d3e4ca0da3142221777fdf4f3ef1551beced5dd,false
4f5b4eb466d8d0f9c0a6aa5989975857f420c1a1,false
b81a6e2c568e142f08e5b0911a998c6f1ccdd7eb,false
84b0bbda57ff585ea4209de685342b6c7eebf16f,false
4edb65a056155d15029275d99dd85c30adea7325,false
036ce57894804ac752b4e1110eb54d92f751867a,false
24e0aee0449e0a414ef1b3158b82af6d151a6ffc,false
41a70521cacfb528a57c91e39fb34152160d4189,false
24ae5b415eaca872fcde6c19f7384798b9afbe46,false
05e623dd6b83528db521d21f56707d6bf0785a7a,false
ff79859ce35e6ffea897bd3513425c80449953d5,false
c8d9278da860f02bbb2e788cb0a8baf4dfa65271,false
9d5b9ad4e0d355ab277403b1d2daaa12986bcefa,false
023b7a8c512d2facee71fbeff4c2960dd1a065c5,false
72a87838d472997e682ddfe5e71ef3940ab7eb12,false
1019f22f8ce98c4a80d769f74a0ac03d63ae80ef,false
ae2ab61087192d47f45d59798be1af2ae559abe4,false
3c28ee2b24c48e1a46b0979658e5928625ed3511,true
36470ca38b48b6a98a0ccefe232dc70eeb78da0a,false
f693268a83794f92c6fb9f979bc2b48c4d2dd439,false
b43648463eb813b9648914300ad802a0461a0cd1,false
8b44e063ba68b939c585559b3b8ec541a2e0f24e,false
53319b1b6043c25784fb4dfa0d37b1f024e5e858,false
313d58e62b96c8bb51e0760c96c63048821fc910,false
9584ac9badf5912ff44ad1b8c042fbaa12dc4127,false
fc1e1397260c2ffa6d2472d4bfd7099f3b7983f1,false
e85f84b98842fa2ec38e35085166afc3a146f86b,false
7908dd80577cfa699db3122e2df4dd4d322952e1,false
9b1c0c64e5809d894e3006aad33964b9657b259c,true
667b8d3ca4d982eef8e7d00dd778ffc65839f858,false
c4f7eadc4329b88f942d601e7a7c8efb01e8b7cf,false
f5210c7a4bf69a618d6eaea36ecf04ffa8375bf8,true
f435df98cbd5485124ffdc647d8d198c9aa85a7e,true
715e0cd50d28234e44ef5aa3b79b48afd3a96009,false
cebb2474d6cc9f29132e0988a357613181d4ea96,false
68df8e2c11fc8491e63b2b55797bfeb8a757c46a,false
a21388554f5841004c6817ebea899d0e4addd8ee,false
e394b78c689819a0837ff946df042a49ef47c88d,false
71a816f3c5d856fe0a7bb854c19fe47c33c8f580,false
1c00f839fede0bad9a4b50cb27e692faf7b97b81,false
efddf7b24a976ac098e4f6ca2712d60e3adcec0d,false
a5aa19653444046ceb65b9dab8705ce2f2cb28cd,false
7f3723838cf9860ff9f327c94dd828ca6c16c59b,false
c731f5c6f0a31a6b06b49288199e8d3b972a970a,false
2e8b1bad64c123259e2d7aa33b6ae452553de6d6,false
6b66b86ab8a61a200b2505ad71c4a12864994942,false
3195555639bb2c885031db5e7673d5b72068d83b,false
0da6636b66c2105ec956ea780a35135080c7d2f6,false
d7298160cd3962834862d4ebaa8e774eeb1f72c8,false
95233b096c59231f3e44ec05c26c7ab7c2cae79d,false
e6516219dae723ac5c98dd10e0223fee01a0a251,false
8f75aa59d63024ff0800d2221a01507d519bd03c,true
c2da48b6b4d66b3a4f12dee2890e068869f7b1eb,true
42d6834a19bd9109f048b445ac9bd4f5b2e06488,false
ce569d88fc8ca26a743d68e16b02c2e413f90c4e,false
22f697126037127ec0dd1815cee26d64de6beb74,false
a65afe9442c8fdfb3a93a61cb2b131981eac6037,false
99a52c2569468862ffb840df04939d71c982b299,false
ca04ed6226ae273b8fe20c011a0ca203b981a69f,true
8eac3e97d207f6b34c89dcf87c66ca3d13d920bb,true
a2cc3b811ca977df26a751fa343e0d96bdb030ed,true
def8c83ff54475ae0052f00fcfa198707c1f346a,true
40728135d5d0c8eb470e105856ec50f829198e45,false
da2d2aa126af801d7b01d84deb35dd2e71f27cdc,false
9ac80bead0367fa6a77b979b7adb43db4ed86ac4,false
3b0c6e6351635b72797bad48b1aafb3050e46dfa,false
ebe40e893b14c83d1b12174423d8c7fd25ddf466,false
020216a0ee214e22be5a52bb7f3d7ef0336c2218,false
40db93642d40118f5ab98a03ae5ff693acb691a7,false
1e624c756a6f7ddd0a687f14a0d42f1ccaff4509,false
837b7d16f99a18572fd09ba7b2e993b458bd1431,false
fc0b3949d15b3eaf27f119026a2f24f1d2f25d83,false
3f63a3532ab9efbb377e0db664d6e92f52366160,false
f825aa3260891eba7ff3bad51eb7ad6763e39a8c,false
2ca714f28d2dd99f27524ba5014c4cc3e71fae60,false
31e7aa969dcb4c7f1903e9924d390664fe6be3be,false
376ec92a489600b5a8c0060ab21ce858f15546c3,false
9d956418f437cc9f1f2a679c341533e92cac75b3,false
412789581c24eebf9faa88f363b07a45b30764ec,false
f3a30a4ec7b35e4750d759c3694483b3f7ee4607,false
5592493fde4a34403e598d9d2eba155f419c39db,false
6c0d0e9bb80b2878b79282f4519edb7b773877a5,false
a0461a40afc179116a5f7804bc54371a4e82a38b,false
3cb8068ee8f9b1fd9d9b14f49618c7f154c982da,false
255fabb7c8bad5914b9e2d3b0c9f4b803c6c2c1c,false
88f5f4d529db4ec9838840f492f07542fa46f821,false
a75b7e54e0e3742267a6fda0c8c93fe406a18f17,false
044c9f66060930e5f5927d47e060ff35889247e3,false
21399a11b4668374ca3d35968bb3b72eedf147c9,false
85340939617bdd0f30b772939145e6e951723219,false
628550954cb101c0f1f22f45510d3f1fe4837510,false
fb1b1f0980273318f58aafc194506d9168d16a88,false
fef0432d7f96c37cc3b8e2a441859df464f0ec77,false
4dd687415d2486b8eac9a0e9eb48a5de7a95dfe4,false
5760570be0ae5ec7822edb7b5df5cace5444bdc6,false
07e5dffdd9688a59c894a5647ee10b14d84c7b7b,false
e7066e84ab64154100ca2a4a60e22592423627b2,false
c6d35d563743c8ba3e226f2d5fa078a168d20afc,false
53009902b2d22e5e72583322c3c14d2864400b99,false
a5aec9ab65164d7baafb515c4c1fd777f42ce191,false
333528601a00165118b853f9b4e38bc034ca0298,false
20b8c910e253645c8e261e2cebeec0b10fe46776,false
c19229870b59b6435755674562a20df479076101,false
d2913065fc8e53f4564181599407db47bf563637,false
e42411685c8b5b902583876cc53aca521da94315,false
2c4f441b5db983cc88eeca3743819ba86fe9801d,false
5b8edd5d620bedb30f549e3c005337b99bbf84ec,true
6d93bc575297b553a906ec51727b17e644872339,false
ef2b74b4d64ccadcf77c300df1137afb28147d75,false
3a62c89b399adb35bb993c4b8ebcdce280958aad,false
b8e9fa86ad09ae2c8fb01a62c0d17391652b139f,false
6efd2c63d335d5ae981e7a5379042770e0322292,false
e1fc0e52b4cb9ce0561167f078f8a202d2a9f740,false
b7d7349951f7a7367781f9cf43e5aa70f9c47735,false
2748c4028f960e4cbf896fee4188f6e79ebabf7c,false
f46567de44224c9f61c33fc029299ba5e2d8b663,false
be4c031e6333afeb2e473ae179521f76ba0b6c34,false
aa870db0c7611ae4bac687b30ca12d4b20eac4dd,false
18823bc2382d7bd7db7240852aed346b5738a4dc,true
0d8d5d3cffb6be30246a530ff8a1457c4e706eea,false
4c64850a46b53a32335a9eba1a6ca37fc28017df,false
141bf3ce2d2520fe321ad30c625ee04547cf8388,true
e65ab004c3cc6ab925dc1ddd7ff738188a33a667,false
ca6920ff1bc894f3e1e4c94a52e1c08e266a00da,false
9d16ca693986ec72156b712ce5e876458bcad54d,false
5e4e2e174734f5692214628b57a9467d9161c4ef,false
3089d2e88b528c181d539e8da9e5ffaa1218dffa,false
204975d93b007daaf2c67b4a361bc8cfed8bb81b,false
4f0a6129ba9ba3941cdf8f0f69bc67afa900780d,false
e17d1eed172d9c0fea6b46ef924141f870b369d5,false
b6cd466fe5b8efa29217714301e06869af4928fa,false
3f35c91a1f486b4da6dcb86508c7e9f29cbc8fa0,false
3f14f531c89b11e06348a25633da0c6c03b02c1b,false
3278b73da73eb9d4179f1f242832b83160440c25,false
239c97ae097cf25d385332ac72d3835b99931d67,false
fd7f781a3497a10ee7da2b2ff8df05315d883294,false
798da3b4c565467c1d28569ef08795233616f9a7,true
9aaab898857eac2a648ee16a530bc061577ac01c,false
1c5742cf36656cc6a8429ffcc5e72cec2a1e5054,false
f43d05a00b0356c4a527baf447992b406b56fefb,false
f5499d9cd92188b480a611c71758bf42c506fca4,false
9aab60dc314c6bb3ea804729de084be6249e7d9c,false
ec3829538697e96f3a26d321d4dcd7549bff55e9,false
bf492175142ffc42a584a71b998f7d3cfcf6e1fa,false
efc686377c8940a976e11fe210e8e8b2d65fb3a3,false
564963db3f9fa629db851f3293b8f869fa077c4c,false
e06712b333d7a3d576d3cad1c10809cba6610d26,false
ae915c220870f3d81bcdfcb446ac184456fe3f88,false
f00196d1b0af8482fb212f29d72499e4abf58496,false
5e0beadd70e084ffc759eb2ff4ef1a6961014d38,false
96b9bff044f6384a3bb102a822e8adb28103d526,false
c63226cac0430833cbfe20742726ea25c5954710,false
dba955f76791a033f098fe98349eec7149f5d6fc,false
3322ee775f6cecd7354b33b3f7615c148ce1a96b,false
9333d6f31c5dfd5cbfa5ddb02e04a98553067a44,false
ed4cce06bc427f3e9c6b404cd5ca03df16a2c864,false
f965d785f1e44431368a2aeef54de78cb968ee97,false
2ceb326e345b2701cdb5712e292cf97335293f00,false
3b67221b68f39cfd891ef6b88e0a519611a89fbf,false
2c35fd91d1c70227972e0d5efa54c5b94e676ac6,false
649b38370d1b1ba36d2816d86d88041040fbf177,true
42cc6e10a37b2d86b94fd4356646ee84ec158666,false
7565fdd22adc1282f7e07d2c50a68c06ee72530e,false
a37f1b5959b454fca51bcd6c67e2da52f581609f,false
5dbf3c38a0ce470c169aba54f89e665eedec1120,false
47399a39c8358fbf80d0e03af4093bed52f15baa,false
511b227b5a4624059b0c61aa9bfb211edc56f7a4,false
43b193358ee40e834a26cc7160bb4147ea8e8db6,true
891442cc842fa863a99b56b9a8cbb0669dca7e7d,false
fa53737e593cfd921d8223cfadcadec95e8bc258,false
2db2adc110b59eba1a88d7a701238a11166e015e,false
5a41b56825136fbe236f65acc5a81a43e8175f68,false
adf1e7fc0d1d10c1ce243f6871ce68e4ca88ad0b,false
b487ed12254f436219021f1f8579cd3a6668597b,false
8f88c7b3f8e92fcab7e397e0c2fa235776dc40b1,false
370c3d5620f4d04fec0f7b2df5a44dbb3f09d0a1,false
14a55197658484a42cc1b4fc2159ba219cc02a41,false
31ca694ffff89a39fcd7383247edc314c3dcd0a1,false
e06abf3e329c75df56ddff04c5fa398294d39c15,false
1c4162aff3696e33f5a579d1a8686db334805ed3,false
3869a00f92ad049d0bbd4a782155d42158db4d0b,false
c47ec925cc4f0e31c3859873f5af50593798a1a2,false
0a0091873d8ea366735e7fd98746f89fac59e4a0,false
ed4dbda8a728fa7a948b99c4e7b6c3250394b1b4,false
d1dd2a9a5b4a522243def9f0cd203dd31ce9085f,false
a0f8a52958b4a6aa02afff64ee1a3a534ef24a63,false
3e0edf2a46b2b2a6667c50eceb49ab20472ccdba,false
137e181ad5e0a6a9c1ec51262c9c7036c466b949,false
b54f0a12701ebbd8a9d97e53ee6a62658a180d4f,false
4365b988659ed4912bc0287cacb4b91e4c66e5f7,false
fc5bad1539309dd434f4ca1e1b46a993ab9a9788,false
fa529eb22bb86fc9292bf0ccdf654b8cb4a51e0b,false
19da3e30d1314dad152a0202f407da926e8418b1,false
d432d0b7a61fd400e789604ac9cb994f835a01da,false
78de7b30d200c6104cfe3a5813d6083fe8060c91,false
60dc013c0b7a102515a91e2fd6cd02c3efd902b2,true
33a1d2d632a051611f913bc84d87f4d9022ec024,false
fec6f37c6c8098c9271dad34f9fe00bc6c78b5a9,false
9b5ff1a45174c397dd1b35cb7fa280e0db7ede01,false
b67e388d9cfdb7e71cf41ad95ba0ea34f8a754f3,false
4ca87a614b25ddb801d591cbcecc5dc0dca45847,false
8ef2ae51dd41444ecf1a08d6887c233a7c944c25,false
b922e46dd95e1920f8d7daae56c485d89cf70b68,true
b604f90a76d772cabbbb2221a68d2dda0f22c93c,false
3150b31edcc6105cca20db1a578bce6a719774b9,false
5e59a5152ef15c0832e79a78988b17bea54c25b1,false
46289b4c943b5caee5d60a05bc42c3b87356ad03,false
6394183b9128d95cefb4518f05ed25ed257e8d76,false
eb62149d0c4f84a65620fdf06f4dd4902e6f721f,false
7028982f49669397eff0ce8c2c966f1ed45c5c32,false
be0d679607ced91f5a0571f21a7fc15d851f0803,true
66c8f84ec8543c24fa136a3ed318a790fd5790f6,false
2b470f21d043973f48b66a275a1a3f890e65bdfc,false
6a2da5183833204cdd1ffd5be8147c9a2e6f5491,false
777784e2c7af01c2eb23ff0cf8e2631613925c62,false
238ed7bc6c4d9af7bc4feb1e47ed34b7abbded43,false
be287779496d860ee162cf18a087998018beec17,false
399829afeda427f0772d8b3a134309e5d59b3350,false
643abbf54c0222557660127616799dc7ce0ec47a,false
b8190d4b5638e8f86b1677a9ee01d488b2aa46cd,false
3d6dae3486d1c6b7372410251648d991b63cdcfe,false
79ec2583353fc4da396577c6c1c923364c845da2,false
37fccda9db69af79183da9fe56d3603c6ca28e78,false
9e9aab21dfb69030312e1af06be84a4881e6b7fa,false
fede3525519b7de4cfcc5eee452cd54dd1e8676c,false
9876b2af55b2b4ce03bdeb36c735bbb23721729f,false
53be82d9442182a1f325c80f00dd25fffbd866d6,false
ba77675a0ff80dde29fde37614716c4cd874083b,false
d88f746cceddf0f73d76cbf9511bd456190d93f3,false
dbd98fb29143cf91c3ac367b5e06f6d867077104,true
9ff4372f45ca843bc65c0a4125cb2617f25f6331,false
0b0a4d8e012634e2c8ba266d8a71ef3416575742,false
cb3dafa02d51b2d9c46b35cdc528e8fb28c5e076,false
b5f2098ccc2e6d88e63778afb04e40f623b6f49d,false
dc714ad8e6c751d180ebe3c2544b0ba20e65e514,false
32b9680f9b673329c6aa25968477749fbca2ccf4,false
7a2d9f583b10e1e6f29888eeb8181480dcb047be,false
483c5866f87b0a33a92a9a29814aa289f18268ec,false
adae3b0f9c8554e08f452bfd0fcabf41c6ab5db3,false
586ddc3c6ea8cd8dd2eb3de0df058e3376ef6792,false
6a0ba5a74e233356301142ce36f94ecc4e6be559,false
2175dc75262f6ea37286cbbdbdb093298d581f12,false
ea41c0d66ae09161d69649c039f8245e56a26fbe,false
d6f411f68f5f4de44f8eec1212d0c607e423663b,false
fe0770bb514dd45a733fedaffed5b1c6299704ca,false
32a507f53449cc999091fbd1aa3645caf909a914,false
bcea13d00ac8ace201812ce8ce808bae586e1b89,false
949d5236f7c3addae79e8d21b1380ab07b426079,false
931e749a8e89359cea9fc586022f2d9a54373ed1,true
43c44b0f413545ff0ef28aead3a92a5f34084ed5,false
20dd845c1c006b861654f679335c82b8cc33ad95,false
67c609f37c35d1600bb422a88199d6a7b89889d5,false
1fe813ec6d712ddfd2b669a12e19e7a12835912d,false
ad8df600799745b8f0c40acb4ece7abac9d8463c,false
1d0578aa10833481e145857d9c7426dc5d79fc95,true
5a3f08f445e32ef8e17db2a29e2cc23401b5f644,false
c0606ba08f01d5b93105eb5b1a29cf50bbebae15,false
d979d3ea8752e877b47f80caa897c5962c8471d8,false
d9653f7783dd993379144bfced581ebd787628b8,false
4309c522f1ff57111f737099b24a1afe4802808f,false
ea42a00f9b51d797e70ceacf289f5b5141b2c292,false
c9421ca3ba15bec16bb5b142ea778c91556d279c,true
f5f64ae5faffa088cacbef7937aaa5de02c1abb0,false
e71a69ec9eacc4dcade297189b5786dce75e391d,false
8b7603fae1d7003f446c3ebbd6ed19f5c37ea242,false
bb4ba2ff2bac85246aeb1e829c2921d334205a25,false
a1deffd745bf29e89471e096a056bd19abf1e041,false
a96e143d9df1d8bfacba089fffce4fce188ca1c5,false
e02df2b9ffbbff5b92b359ce1889170a2a26ef1c,false
81eb885f78ea42f340b29ea6e61982eea79b269e,false
aee259301bcfb54e5216bf2e31af3957fd4ee410,false
c2f5268562d81c24cf375e66a0304710ffe23995,true
aaca6e676e8c02f59a833bc1ec248bbd25dbf659,false
57836961c6c563a72a3fb2f9b040dad46a6f61bc,false
0d308e1e7582e590bfd44fdeb8bde4d899a8499d,false
390c6b3b488671fc6208714ec4dd54c63815ea86,false
c9a20f43faec00e9aa20d543aaa047c0949156ff,false
eb3f9370dc2646cfe8d1c7d44127b60287a5cc43,false
43dbbfc2e502752d0e5bd654686a651f7ec56db8,false
355253a0fed227abc92ed91f369abd626a424478,false
8a05b880ae5be8ba82235e8efa89e3e0c37d6b27,false
76b78a1c8643db4ac94baf2c3781a6d7368ca147,false
4f7a842f128f5969004fb551478fb09952afc513,false
78339857a8bb8a1543ed73f64d28a43a0123afb3,true
70c7f3373d1906e96d4938ed45ad85dda2a603d1,false
3c77db98ff8308d9ef6177cfc63306566591cb3f,false
d30700f879aa9cc0eaf489e3252ff3d993564cc8,false
814d7ba04e553cd510b0108ba98c45bf12f2e970,false
0af8e86cead29d48fa73e3235ea8820c3b1a533b,false
fa669c3c1ee8b392d4626c8752f3c7655aa01fdf,false
7c19c86abda6a3e144efc8e67c4856fc8c5319f4,false
6b00d5f4272f0d5494d9597ffe5a28b178231414,false
b709e9609db4cfae9974cf08f032084c7726f586,false
12f177b5d7e8bd412938067ff1e05043d03b4e78,false
e4f2e69678dc885de26e71cf28aa84c29a02df92,false
388de224389c85fceb177f15cc89cde82eccba70,false
183b21cef7535c0d3928765362a310dc2f4bf854,false
886b9033b2196b540d9c60e3c86fb58ca6342c70,false
1f4c2b11ee8700eb33d593c37a938e800459d3a7,false
a157dc124096b4c0d5e64b1fe4c222c07af3e550,false
3179607aaaa2ca62f730128fdef2c4be21da9713,false
7ab7aeaafd88513ec99f69a2e064ce117e5bf2e7,false
dc63f6fb0033eb96b82c3be86997ccd58366ca93,false
0f4362c6f572477c4964b6407a68dc5a8097cb5b,false
a942f80c0f8e7d0930c2c6c493944ed6ee305e47,false
bbc73d91f617c1772af59e5c0083c905f9d0c8e1,false
93ff6a5b42dd9de7f09fc683684a934ec18c59f0,false
ffd4d05ed1cdc4be9a2c9e3839b88798e4e6cc23,false
3cb33b3acc3e2744382bb7726710afa4e81135de,false
37dd35f41121e4b74aae4cbc6b6c73da97974733,false
0fdceb46bd6c5f0ba5b681f1a06626416c3984c2,false
8fdb9d8f2377dd60ce29be60f969dd4cdbf6b8ac,false
82015f4b5e95b963e61f5f380e0b0070826b4106,false
3e307d9c8322be2dbc63f3638f19a741108ab948,false
e1ef9209917596ef7745cc157fa93bf368fb52e0,true
f5cca32bcc97a2c59f958cddf7460d31aa32d8f8,false
d20982f323f9196b24f2ed40d4b209aaaaf5395e,false
e1b2da69f69b2ac95ca6caef53cf6094b26e3f0f,true
f3cfc56b4b1d661c43309698a7f3955a2799358d,true
996249d0e9f4435fb6f3e885553a72d02a69ca16,false
6d0f2868e82b14fa82caf37684df9784559cdf85,false
535254a068f29df0643e089c825e5f28f1b65c9d,false
bc98167c9142a9476f0646ff7b8dc53597bda315,false
c0df81cf95cb7200786480988af88b852ce41440,false
a3b9037be0e0d491a5c3345e02af1561d95f5ee7,false
f65aafafef8ceb9cb4907a59f40b79416609c394,false
7cf2cea5b2b6df944c97a2008698b83e653f516d,false
a933e9abf7c4215474f15c795b17aa0ddfbc611c,false
51f1db87471ba1153cb370ad83d08ef92ec2ee81,false
78766ee7714678fdca5518ba4d38ac129dc61f9e,true
0dc2832bc6cdba08388d641570a68bc3c29fe511,false
47ea007fa37387e6f6f6ab5d17fda00571f1de8a,true
66f6c8b79fdc5732832d8ac581cdf8e3bf3a2659,false
573e8c8555c6be98ff74f6fed664088e81bec9dc,false
4847741f4b4d45c7d134907bb4a3380f4c50a305,true
45938bda0c511ed0f0fe5e03c49418dce1ed4c4f,false
887a76fa3e177ed5a4a542a6bd1ff8357b1b0d31,false
2372cd1193fdc5b5b8486bad1d20931b3e6fe2c4,false
be44f1a3d00f781a397e041f89c33316d849acc1,false
130bda25b04379310d33190389a1d7ca5974a959,false
ce3de64bfdda71da5c3b40e2cc4af2d9aef7f105,false
95746d62360a1b75e200ce2a3f202ada509fba2a,false
41811f6cbfd34be0fcace314ad34a2df6b235f98,true
7d3b5670ed0999e8ea76851f34c1474c98a33a25,false
07d1192b406755de7dff3c4c0f918eae4aae86d9,false
5acd7df993a1c509984efe67822cb0df73735992,false
6337fa215541d628d87ace50d6f75d5a5682b6ef,false
2a0945ec20499aca81c22156d0184b9f51368c75,true
cad76b44cb54a222f2bddd8e71367103aac3641a,false
3fae0b5d72422d866bb1b0565e4ec41507e7078e,false
aaa7924ffb164e284955f3f7d34750f29a11998b,true
b9f572c4b9a17418189f628fa01398a22d596c0d,false
74a2c4ef540cb77df7a8f3e7cd6b6b498666d298,false
7208ccff737c4f178314ac5a0bd2d462c03c9d19,false
d1e3c743e2efab008570411b38c827d10b9103ad,false
c1ec5ab075e8deb4f7c8f80b5c764a65994d46f5,false
e293e8f162d6ebac7384bf9c2cd1a561ef781c82,false
af67af150612483fc5b60920885ba1d6ef5b3858,false
ba2369808f1f6b4d0d8cb683fbc577c89edd9031,false
5f0c141ba592b3037870dffb9957158b0388b0ae,false
812ab117adea7afbc0b5b0c95606aa639fef9be7,false
7f938e1e83272f5e6a14bb3cc8f3efd6c4e652fc,false
860c449671bab9ebbafd64e02c217cd035b64f8d,false
3e560158276baad480be25c041e6b9a71dab5caf,false
108db554a33bc4a2de4795d500addf3a60781232,false
2526a14a5b5c6cfb0fccf510537024b58f5e774d,false
45a083cd32098ced6d93f7e0b43318b2a0f9bd58,false
6ac4ee16d1a116ec6766cb1b8d0485d40ae188cb,false
cf1373a8db3014b1c6b7029b5ac4d44e5aa7df43,false
4c6636ddf270d485f52e012ed6e8f8708b14ecb2,false
1fb0213e01e4b593ef923ab7edc6442657faf310,false
fb0804703ba8f08b25a52d1651745f9bc22a3354,false
1c4f34dd445648167ab5703f79a55dbac496398c,false
69d2694eed27635c8421212df57a2bc29373c27f,false
3571bfd257d509b91b1ba4832711f1a825e58cec,true
5db8400293ecd7c93505d4653192b3444bc87d97,false
8315eefcb37f53d08fb00ba6f9b2fd121ff5d4d2,false
8710164f97a566fe228551da5469c6d71d0e6f4d,true
b6e3b543609e4acac0ba71c2fe135a7a99b00b98,true
8fc5c232264b105ca786ef4f7e527f184728642c,true
557fb63591b286f00a0b09d28784329fffb822d1,true
15c0b3768e1b36777052e0ebda69ce7822f0e35a,false
67c4c2807c54a8d8ab003911355b57a7c24477c4,false
d0dfb21531fb21d53b6c077995a62b02a07003a7,false
10d37025359398edd2fd8eae28b6ce2ea58e20c6,false
598dd9bf5f383f7111ae3666c9523d803c5cf892,false
c3802094704ce35c5b60dac3ff939950cde68c09,true
5cc7a09732b124898038a5b5db58e696dbdf4a1d,false
215591de030928e2510550a081491aed1afa424d,false
36e57d7b3ca54232a81b34193d4c96f3f0de8fae,true
9faf46ea9469cdeb7b647c16caeb5fc080ba7489,false
45f87b0b665f3f0e418eb3f86762bb0e98f43bbb,false
c058220e25920c3b4ed8e78b826de1571250f69b,false
65aaf7d8527006241c76d0d019af51dfdf53faee,false
e27b02b5390db3371c6fb8ff55db02503094b6b9,false
6f163d8d47e92157b747ca9c3cf7bfc57ab60181,false
b82dbda706e608bb7125d58feb933491ac394cc6,false
b4334d3872c77f54e506ef5025066a254c86eb6f,false
9aefa9a712a758fd292d426613c70312cc2563d3,false
258dcc9893941b6a12f7e9519247d2d636e8fe0e,false
cc01ceafa030ecc87e139d6a87c592ec1c3c77bb,false
7aca2637ba14bd619551a41a470409f5edeb7868,false
dab711e4455a10d74bbf8d3d8e47ea828810765f,false
3b0ecfa039d2b5e5957c1427fa209c19decc49fa,false
c48814caa4d1af90300e95df3c3adbf9e6787bbd,false
4dc3aca6a1d7fdee1c4bf04be675cd3be652b928,false
c1e25dd18ab2b154fd022503d64a84add9c37383,true
b126924a6f6547c2b2352464dbd989c81f9e38f4,false
93fe566405193b7881016573681f32f8c5f3fd97,true
1981a205d62d34ef1d8c9ea15d236d3087c0ee35,false
baa852602bbf34da37c89a1929870a22492d9561,false
bc563d1619c388d48d976118fcefebbeba422418,false
e16437e4315af0bfc93eb7600684dccabe4d035d,false
6152b972ed5f57b4ec246c5dd4b2e9058218a955,false
e633614f67f3db2e30b36d1e68b14437b93bb0c4,false
b31bc8f430e08be5e49ccefc286b9c58edcfd015,false
4b52609355a60a6b8c9f889192857d1cd71c4731,false
7f2a95c6d6d4579e67fea425a5726b38cf46aae5,false
49f739a68dcf8fc5cd273a60bbcdbdeef5ddebca,false
ad017bcc9c83807a926be36e11ef861807c4ea13,false
bdd3ffa0dee743fa47fa820cba09ac45c5435806,false
55a4056f25e7d87cbf9037e09883a35e25a24402,false
33d746fce791e68cefece346f0f300463235d363,false
100894d7fbb1d6b53885b1ec3fbf79a156d5b088,false
b2caa04d8a2ec74486b34835e4e4eb50815d9e31,true
3deef0b5c88ba2687a2ee70a0245fc26cf013db4,false
04afc7b97f9905eecbdad35179bfeecc03138994,false
2f3edaf2270e0d2bc8087d6b43325310f1ca0299,false
35349179b81861be1bc5b8b128727aefe89e0607,false
eae15e79b9b3c3c17fa3f32bf8d093ee52f7a22e,false
d24bf5c4a6105014ce57023fe59d9141e60016dc,false
e76cbc0cc9c404eeceb059838b3cb7c7ecf3e0ee,false
935e9149e97725c653a3d641128bee65b9fe79a6,false
4e28e9568ca7e06e9e0178a23765b290176c0224,false
6dab940095c9d316fb7a9b9b2e2ffc7b99ed09a2,false
b5f472e4809eae1ba6dde01e1678f3dcbaa3a712,false
97aea7fae91839a3e02c7471212b3afebbdd4da7,false
bdd751e25292d9155c49eb2869c1d0beb54e5141,false
512f76a901ee8b76312c3f7db815b895ab39fe8c,false
58f1c9c478f5265943a90848f404403ae30de423,false
e60f7a8d35bfd8bdac2aa37155a6c5bc3dd9c53b,false
adcfdd6691b6259f06cff032893e00bd8179136d,false
70aa9dd547d8fc8e388056904a53b3464d10d06e,false
efc57e023e11fb5de075bdaa99956579c370677e,false
f4c1671237481718bff0badea43aa6a9f0265d8e,false
5d6331e6ba04adf8cffa6ec66ac153e30d3c512a,true
1dbf79f35d7679171453719f8bec51835fd4317e,true
4275b3af4041c08c069fe212a9338567450af724,true
18e83f8962df379e005eca313a5d56f0808c4689,true
05947dc79af705932b528c3bc241bf162ece72ef,false
61c3d603b02ce400c11e33920ea6755bce87da29,false
5db4cafb60f9cda9327fab1f97d05dd64e8c39f6,false
5a2a0b398a379059f8afcdf6b0b4715898c70aee,true
24ae1bbd9a1ba50fa5ed8ea2ab6422c26c4c8815,false
8f4085630356800c6d61d1ae50875d5da18e4852,false
c61d0270762d1528205e467726d6df97437c6c54,false
27a73d4f1a94c22829c03da9c956fb3681ad8990,false
5c741d2e1c0283d0c4bf24a740345c21a9700231,false
aa356d90b29ae0e1e41b476e6f63f403e054b47c,false
61f4bccb3a52363b931e8d301de6785ea900b2d1,false
c1131c6c206acddffc5c298acc884860ada55de0,false
db4fb90ce03662181b9de9a8d555a73bc23f5d11,false
a463c4d02e1db58730fbc3a2d94c482d13d0b5c9,false
9413d30976b7cfc3135dcbeb0cc9b52c0d323881,false
7cd6ab4ee40d1e2332698c671233cebf204dc1d7,false
96b81e158ddce121f5609aee5bd54bf2b0460e11,false
71f808985858b625324a1abec17ff7e1e4bd50d7,false
e9c9c8e8c1b110aba686d236940afa4e06583541,false
50738c9e32b113d7501a921061194957be03f413,false
d58998ac0c36ce1a7f753b14fd485be1c04d9fa3,false
f73b78905ed31448800aad54741da1b26d21e8ba,false
a72d82bba375ef0f4372d7b4f516dbd3943ce476,false
473491085e9797bc4c39939cadeed7cd1c2ad01c,false
e04f32c14aa2d44e6a0608d5ba44850f78c0d8bc,false
955e2384f38b63cdd0f5fdab7251ec253e325a26,false
200482a82c588f33270cde0a72c09bc6f8c7d0ff,false
5128b1047d75cee00fd25559b8b7da9179eb4e0b,false
56c7ccce4c51d07eb6a5247724b012e6dd44a972,true
621e2a786120070eab99710bb2bc5f6d135bd3af,false
0b23f9e4cf7e92e6835f763dc47f8786cb7389a4,false
f5b7ec1ea005d158e669fe28c926132f793ebd19,false
088b3d491d8714879e4abba9e5b3d4c963e5f12f,false
79c3fcd8aa106d84d855f8aad0b6e0e960d5f546,false
86ec5f1569f932de41c2d1eb5220a880c0a8ccbc,false
8de32122e976d700b9d2e9f0ff274d396c82b372,true
021662b7180d2b40fa4fd555b14e320cf8943a74,true
a984323cf8e8a25aeb4fde7b576f1f062b7e1805,false
56422b478594c00635fdf0efbb73a77df1693e6a,false
cfcb059418169d202e9232a06ba2491c368a4b6c,false
b63ca49bb7c6cd39635c42d78e7c20e583bb3ed3,true
1901225879edb0a51cac5ef1c568ee6ed9ff7c8e,true
2b1e8cbaf714f9935fbc7409d652231f442d2ee8,false
3e8233ed60b19f7eb341e9ec851f572ba6f5efd9,false
11774cf71e2cdedec773a420ddda3a8204584054,false
ef6612c23e11fee39fd834dc168452284ec4bc21,false
5e2b74a4b0dde9f69e7d467047b57a2e602e20d1,false
0478a860e7799e642aba2d65b4b32fae408db552,false
11907f321186e8087cab2a018f5cdab8b2fab7f7,false
6d5536cd583f5bdf9c0b82f45491d1f437b0c491,false
717ffaba8bc18eb4eae55c411fd4d17c33364eb3,false
c0c21a0264db4b980124304f178a5d6872c378a1,false
8866e6745abb390f4d44075931c8f908b74b9d44,false
f4c61d5ec44f9ec7d54b670b0828b72a0e0a7001,false
44bf191cc600205d4af265fb145e373f46d6290c,false
36a6b50910e0c027f2cdec4e1fbcab91eb4c77a9,false
3f4b10dc9bf37b73d0e58283d511304742606fa5,false
c16e35e4e6f116d23e421294e2fd5eb11f9247a4,false
66e68b3a99547629e91d5ca4d28a4a603b5d3964,true
d2c1ac557a02916998741f1afe50c52dced46379,false
5474fc0f6ea54d6ebbcb3c6da7b635260e762afb,false
d34ecb61555f6fe776119b34b2104964e09a052f,false
2a25672e31cbc0eca225070dc709c558f9f295db,false
3023448d683332ab90adb51555cfd101571a1a8c,false
623ebd49283c6c637e0d667a21b48c628dbf6eab,false
f2891b84006c2ecc2b33bc1987470a600e7764ca,false
93dd73ac10cec34ac26b85861d89aae821637740,true
182e64fba2ef2eddbcd0eb9f264498ce026ea511,true
c25378e18de7b1fcaa508be03e49e20259ff333c,true
8f9ae4f759243db344bcb4326ac0b5b440a904e1,true
b23fcc96d3b7779c698e12f1f5f8bdd7b7a1353e,true
045b55d29c18f5f7350766a222fc8048e6e34670,false
6a86004f71bcd0ffb05b045b0a769a970745e487,false
2bc039973f1844c497f22cca06c81d4fa03156dd,false
24762d4ae0a677ee800d97e1c54cf6df5259573e,false
e5668b6cd1aa639a0d8737b9d6e7d69419edeaa5,false
897dbd800d92a3cf9161f66ec8db66b462813b80,false
f86262838757ebf2460d8a44e8a6a37c23c1339c,false
958d380e0d65b758723824a515475550b5bb1cee,false
4d4f613af243397ec9e6021416ee4bbd41ffbf24,false
4a09df03b3d5b1f5edc44371bc65ca7874ca6ff1,false
f57dabf803704419ed7e5309dd286146bdae6f02,false
b27171d1d3fe57d388b76b8a352a5e0f62455c93,false
fa7e9b9d374f778796ccf3916bbfa1c280eb91aa,false
57f7fa4b8bd24dc0da731b75fc1675ecbc1ff171,false
177ef8965818f416a9b41afb43d9a6d8b307868c,false
accad0ff63a9bea4da1e072e7879e5cd7d8774f9,false
961185bcf421f104b6d36772044ca9ea955f27c3,true
3c671ed750bd789ecc138d4b7b591f20608be4e6,false
2c7d73514e13ad73ea26dc2eb114a5bf80395b76,true
ce36d687becad08c4aa2068c35ed719f0d29cbb4,false
4f49022612f04487a671438bcb1de4271c0f6dcc,false
f7fb36a12b4af685faae1bf1b72301a1b8b66466,false
fdd5ab942976e33714018997e17e58c2f23226ab,false
ee6e222fac1e81c36f502d9971957838cf8e8a48,false
fff0e807b55ebcc5a2686bd4fdf4db89d81bda0c,false
4542a9018b088ad057a144056ed7d21d3cf5423b,false
3cded5e36595f8b99489202b75c69072048012f2,false
0bd7db6c6182c6cb271166c19e00161a299489b8,false
a41aeabb455cefb11a1f72b478de048cc1a38db9,false
4babd39a21c4d5c2b51137fa9e6ee28a31da46b0,true
926c3c34c80af828f71d01bd9dfa419a3fa5b595,false
b5ff73cd4e3c26939d48ed14337e025958af1d48,false
541013345237a1f4de45c29b6715d9eb23f03085,false
7c7d5d4e276ff7bd59fb1e34b3488e7c23be641e,false
05b9cac16efb642bdf1ae1348cdaa659f4ee2ada,false
6c5dd80c9c192c7a4dd664893c5a0e17608dde83,false
8a31fa798b1f9dc76ee56f441f5061cb7cc8c8a6,false
01dada519939c093f27d616966d4356168097e06,false
e03cc3d3d513785a9e04d341b5e395036ef7a06f,false
a87ddc0cdaa6fd5d473a438920432e2af7b3df05,false
575c5d945612fcd4703dd26eec460f62236f3058,false
c19669f557e655b1e91e75a033789aaaf9e5ba14,false
5a296029c05d26fad66fc64072788e954dbab5af,false
991ec2f2b995bb90c558b9cc1217024366603e9e,false
9d9e3d6a013a6c7eed5e4bc3b23b8a837deb9ec1,false
be48fec4bbf97d2305db524d14feba06df1e7f88,true
0ff3c1e62121d5e7f3a3464dbdcc7bbbb643b454,false
a8af0ef7ad64f49c0415a6d4067d302c527c224b,false
1fcb51ca5eb3e05aa647c5a6aabc2a69a9aa3c15,false
317780282668aad8a0ec799de99ed36aed8b018c,false
e5e94d3b1f702fa2f83cb3090cc9764677c9664f,false
77c7998b7e67c887afa2893461f97ee0ee3d82c2,false
1f58a419f99bfd51b86603ac8f16fa423df03a8c,false
8051cd07aab44247c1005fce08696191df841489,false
006d43fb4cc52799074bc0fb70d95b08125fdde7,true
32d49e507ba7874c6488da4a75efcb7c54dc0a8f,false
ce208581393e06f49c9afcde69edd318b5c7bbe8,false
813391f8e187e3f8123fc0656b918b8d56c2bafc,false
ac71c3706f97693cee2474a331fdb26ea8d2f94b,false
fd98f51eff7c6482b7ee872d0c3ff71b3f4f82ba,false
2c0485c76ef8249bdda1a5b228a9874a27b3b1a6,false
f5ed9ad4389dc4a859b81f9a33f34934c82e1ee6,false
571989e08b492b70ca47d3111a4d1c00e492b1f6,true
2cf62073ec2bd278c31d407e0d67c8e4502e0a3a,true
230a2804cc82227130d6180f29f70bd83ff2e266,false
774879ce0be5dcb657730d2fc6f01841b4d504af,false
eaa4e55720dc39eaf2bbe5b1025e39d9bca1cd1e,false
a510fd97c955cf26ebc1d3ec1d57db9ca5d4abb3,false
79095c75cb022b1fe6d962008a5a9b4ac6ed5d57,false
458337297b9cfec9f014c5373bc75c9249e4b999,false
acdc59125b3e259eedc7350b79d3eb5ea296e645,false
58d5467a1927385d3999b66da8c21d6a7c059349,false
4a254d317d8795da7eabe86d203b1c590c4a8948,false
6de6d8b72b3bf487016036909bdb5852d0c66c2e,false
b5eb95aba0f89bbc7c15d690d8bd128f907b7020,false
7b078648797171a65e01564a2150252ed5ef8dd8,false
1b8a07d5e1580b236750ab33d606953ad17bec3a,false
12113f0f9d3af27db364ae575b47ef8866555031,false
cc2f1208152223f813aea13a2b0835d73223ad34,false
67075962175207e2cc7b7a6ecb0bd05c406b7f56,false
b12dda4539f0036d28b121ec38d92b55da2000b6,true
ca64e4a2a7284cb2324870bea25633608b706bfc,false
c8c08a89fb61ead34feed94671da70526073dfe0,false
163730888b358cbc3ae78811c783d277564ee981,false
6ab6446292787748f3f463c030fe8dde919705e1,false
b0387ae8b3fb912ab9e6c3fdee56ae5413a8fb1e,false
de5067d575393ecc70aeb677e9320aeeee46ac62,false
a696e610610cf3a7d793c1f1041b948c9f909cc1,false
d719609c1cdff4ef9c77bb212111a9058022538f,false
ff84d97b11597d2e15cc52b2dfc98e80a0e633d1,false
5b4c9f1790e9d4bf330e0cd9e350d20daf99bda0,false
37df0cd65c9c92ea22073f515d058872c75b3154,false
ff9e6a721eba72b37f8a5878bd42c42c09bf4ceb,false
7ad194ca492769ace2c52e95a31299cdef17fbe7,false
4a5981a6376fa80064b1eae22215b702551bb5b5,false
cb73aa4bc25f5436a3d64b1d0499966c4dae80d4,true
2a2b274e10a4aeb5cf0df36964ec601ea87fbdf1,false
6f5b789c4f5d81814db1fe8e00c9477530ed8925,false
5cd2b58e8a32e25a3a17554bb4c6f07079000747,false
ba20dd14f65eadd537b2b09b4cb30dc5c44eaea8,false
1d8d9724ef1f289d1d64c98d03b5e0c5fc308ce8,true
f1f402be4c2b312654fc7457c8a7320de31dec83,false
c872d3476927319a39925d0515c79c2f332d3c85,false
983b9a8ce868d6fcc77259b85ab18f0077ba3a9d,false
0cea0d07ac917a2d3de3c92782d6b894f9714918,false
27330ab67e5e3850a46867a55ebcfc63b1288669,false
f479893517154af32c611f39449950abb40fab43,false
7d7fe884f56bbae70e98e5e44cd70464db007506,false
60a9ece71d5add7747af07cee22a85fd8ce15f1b,false
b83a02d9dda8b4668dec5754b2d692a793fe7339,false
9d396aec74ae643847027627fddcebf0a2d3e18f,false
80bad83102e743db95693db6080ec4e86f7350e7,false
193801b0b9ad76f4292c0b4cf4e2f18b5ea5f141,false
aee0511e027cd87eb38758e220edba5e08df4b3b,false
c3ca15b2fde5b4e1884d200f5fa7c7584f064cfb,false
838739f8a9b040cabca3abc9091b5cf022a534e7,false
54442e41b358cae7d6ed5d4403a9d845521bbaa9,false
44f17accf848fb0f2bf375117e0846f6c3d7ec46,false
4a0c41524636b7482b10a171c03bf341c68aa158,false
97e2eb3e9b5321a8a62fc0f073776e564301b19c,false
a89b79977eba233e64602366aabe3ebce1514f0b,false
cf3d6d84128e1fe8735e94d6c6ae8423f5adbb15,true
1d7542085f1adb746e1a694efdab968158946229,false
efcf55084792cb13e9193a1e50fe4147c67a0865,false
0860e77d43f3eb5f50016ea1e6195e8f4822eeef,false
20d97cc48bd6362a52db6417b1dc24120ab700dd,false
2fe36afc6282f62db8b53e93ac147a3dfbde6133,false
c00fa41270af6e983d9f683adc34c1e82bce88d8,true
79030663acadb4c770cf950e1ec078e946cc0ef1,false
7699a01b7ff0af8412cb90d074747f910924fb8f,true
c1ac42c6f81fb320f2af0f1af0353e0ad2617b98,false
d9048d33cc35be9449826f9e48549d533ca8cbdb,false
e490e6d533bb4e28a1dcff790b094052c274d587,false
5e1846ce79be9ebb3ddd08ebb7d4dfeb67befb20,false
31683c5b9a9a11d2c03ce6551741fffc4d21c42c,false
9f4dd01e9b75c82877b2af26835b79f6c260646c,false
12c431ea27b5ed1ca394341ca1d53ea2bfa63271,false
20f1a46d17888953f00e4c80581bf59c6a6df833,false
a59aba3d85eae532b1560122d353d129b9a3a2f2,false
0a94002d933a343319501d30a8b532e3f72e3260,false
d0bf979dae5a1b8df64db53f8a613416554f7efb,false
40a08062c980569e13d31ceb25f02c83d5ae2c3f,true
3bee2c58b760857aa274eaa3d087110d2f6bba67,false
07d02bfcd8ed977ad5c85b0fcb64c01a0aaaee65,false
b4459836eb16ffbc90c40154f995294223ea7b91,false
34683ba075d75d2d08b5041c71fe2eaabee0c126,false
b884c71476adf51d424be8d9d50336924156a20d,true
c9caaa342d8ab158241e0a74ddf8550db2bc3591,false
0246a3803fcd4aadbbeb00b38f75ecdc785f3993,false
835f64f135c193c2770f33a187f663a1bb467710,false
04d4705ea730eca9a468177f2dd8d59b505db29a,false
d4985ba96b8ca0d5d076516a7f0db4682ec2e436,true
691bbe41a98df5b5dea9ca7ea99379105cab71e8,true
9b9ba5bbe02a36ad2e49a5f0a661ef74625dee8d,false
cfea81133ab19dc8e5e95b86eeae6c2ed0706081,false
5895a627383f6eb4a10237bece38480fc1d35354,true
cd40433606e085ef3a15c80c65e52e414c84adfc,false
d778901826082b8dd2e9107fd206dcf50b7dd43d,true
2489148784aeb8d10650123aa05183397be4bf01,false
78f9125a62bae004310ee31d2b5d6e1104ef7c57,false
a1568ccde26ea75a207fdc3180b10c9d1566c6c5,false
28033c9808f3e10b4d9abcd67caf2a73bd081a09,true
416a39ce6171b3b33b47ed446d961aca52a9bcf7,false
6052b276c834fc82051fe9ca25af06393888c7c5,false
20232f449775e42b299b76e286b4d0dda67a2f45,false
bf045df2ad384cc433391ff3fd7daf01cc2af423,false
a619479e0b48c4e3e871b1a9cfbeb66863d58a99,false
c60484d4be8f041cbde5e26bf8489b383e3d212b,false
078a69eb79bc6bca3e1e4bee652d9a4c502e46a2,false
01675962890a41b13247ce0a4422d813dbf089e1,false
00a75a65e31a194704bc0a17680a9c19c168512d,true
26e9126ff4788cb6ef5f2df7bf41165c8f65f63b,true
372da0c82517e129b804c56770a16d5ac75f1b59,false
ae861360e5d5c7dc8ee0271c4edf151294e2f43b,true
47e8a2e73c6e2a63140ea6a6037bf5ca501d56ef,false
d431d1889b792c1004f1edb844b670cf1fcba036,true
dac5c7941e52e9f7c37995d853707c7b66adb7d8,true
f5b449166ec6e1d9eb4c1adbdd86a89357072a4d,false
baeacfde1eb4214b3fb1764fb0457e2b3a22887b,true
cdba0cad514b08b37d2b5d8d68f9c9f577c606cf,false
a52ee42c919de2cf3062f530e49ffb86b19a1873,false
79801940510bab79936bb9610b8ba3edc7999de5,false
4e6073ea50aa2140815d56d4a71e73e5588bfa0c,false
2889e3deffe523de0439f430d76d7ff2789d3082,false
1f02eb43628d80e99841b70287cfa6bdecbab2fb,false
c4e23635da84e39160eda7c4d89422b2f8a4f6aa,false
63626eb9b04533ed07058a0fbb0346e6eac7d298,true
16d1d52b9597bb64e715c1f78b1fc3fae30113c2,false
e21c575279de96429fb12d6f885ea00179e7380c,false
ef40c68fb60b51ea3d1d9b7d3ff627cc8345144a,false
1477110cc4699feaf0fb8bf1b65626a07a89f669,false
9a8d7bceb340480c67018cc8349e42784d76fc9a,false
33474a06bc5bb0111963e5df4bc61cf40a611bb8,false
1eca20d540f7fccb27a2ee85b321fa3a6cec0074,false
85b356d6ae7176591c42f350f1825ccde4f1d4c5,false
4d18d77da6cff30c6c6ccd54d9dd4b3e0c1db5b5,false
bb39753e8a9cf7b88142db455f4bb180abddd03e,false
0363bf1428208f04645449250a5b619c19760637,false
354b970614cc6810a10571d31346753f4775a2ff,false
ee2e5a58bba277185f1fa9a3cc1fd24033cb0a85,false
30f7448720d4ecde9caab8224c6d0c220dfb9fd1,false
7b377f6deaa20bd5c9db7d0f79d9d817bb72c24d,false
9f5182ccd9e3a9068c7f8eacb1093b1e56fde526,false
9302e5ce1b64f78913bc576ed6120f412b1dd043,false
3959f714c4b576c82b326d83e8b3c98c6d5bdf71,false
96cefafb79e499752c16f398c8b7561c1a0c008d,false
7c3a3d13497675e5902473e477f04def96176923,false
93cb57fae22d195ade18c60f543494aa4810759c,false
defff4da9ff45933e6a04f2e64d47233425bcf09,false
7f91146aae18984c68fc68a6aa9c8594aae4f08d,false
98c9c2fa4b254208662be596ad9bdb66e2eae563,false
ba9fdaff8b5ce37246bfc53a803b88648536b374,false
6778dc2f1c351f0e4e9e9eacc0437d1a5c728c20,false
c0d1326c25a89b9eda4a993ba5e05e97bb0301a6,true
5045b99ba043b5766cc0887657d5867fb6a5c1b8,false
db670898140e9cf58c5d7f744377bbe3ed965aa0,false
5d9cd25cd7fe6aada54677fda5a2e1290bc12a1c,false
94a6848d030c6d08bdde6380378bffec9dfadcdb,false
655613e01172f4970e08bf7561a52557dab0d1f9,false
c8bd3b49c74f63881ebf8890d5920b177a843815,false
b54dec09cb604c2eff008b00286e1788e8064ac6,false
a85354bb2233374456d7983753bb8aa59f3eb6f1,false
cb19e254cc55cfc6b49a76006850f796616b01f8,false
0efb84e03af082d88efa56472b0a8b020738bbbd,false
a71d710ac2b7e6cec0c1256806a418ac2ad936a1,false
c3a8ce84c502823454c24e12b7d7f93be1791e7d,false
b792e579514a849041e09459e5d45672055c641c,false
3d26b4008ba9e6010c8f5938f9f8069b448eaca6,false
ee60b2babeb2fe7e811e7724af935ccacf451125,false
3c5e7d35b342a2fe4528a556993ae2b285fbfcb5,false
296013a742b568fcf8938ca61582123fd118ea07,false
68c269921cbaac77232db82728bcb54cb2d93e8f,true
48ba9e4ce00464fb2137bd7ce93af000a8f370f1,false
7644609a539798b9ae201fc19033e0873d255844,false
0d6b571f03e9904a96191f771ec51672978f44f7,false
45d9844edabd89df3c9f7317f4e510f4f95bc68c,true
13d91576faf1c20d8cff74e0b8da33f54c15e62c,false
bfa4d650248ac5e164f2923e3567a25c8e0f8fb6,false
5031d87ac0ba7a8bb1d3cbdb4a5bbe05901975e2,false
28c1778e1720461eb2385ebae5dc4840ab7b9d2c,false
00e90eaf7c8ee0f7caa370c6e2d4160c1c65feb6,false
254ff8404b71a2422a8cec1eeff8bfe0cb27e659,false
4cbed4a7d8763d5866b44e0f44fb49a4d1adbb54,false
749a9d4171a0bbf0a22ee4a35cf2f39890054d6d,false
eab7fac0bf0848c8e49927a701ba6f34326b5c88,false
da4ac7197ceda1ac7d5ff73c90f9eda6e94cb9e3,false
0c095d5f46113e5df601f3ebd0ef2171ad764b7d,false
9248d29d7f19258b4730e8a09879fde391f91e8e,false
eccd5367bb6b63cd6749055dcd8d55136123659d,false
d281a65b148b017ce451abca4a18daf8ed73f100,false
f042f1c87ab5db907c0e326f1529a49bc14fb0b6,false
be2ceaadd19ab44934ab53b7f0fb1d921b3c1854,false
e08582c20403bf1e7c2076f852a8f1eeccb16011,false
a6b13b9179eedcfcf753a22ede4c76809f1949aa,false
f7b2172fc142406fb23a3464a570af5fd30acfb4,false
54e90a7cda2c36d1d9c99861a008a10357a58971,false
5dea9d97abd6913f8bab196158b029b4e47a137c,false
15784baa41142b9aefed072a7da37a6f7b505285,false
c043871a79e4f1774c56b428538f369c36ccff65,false
36f0b9858d37270e1a77ae886e88bbfaa06ac5ae,false
8d5e0a255fe1fa2862fda5627cafe64b7d666d8b,false
fa9177506b6a5d90c073329ba74d7ce6b8145f7d,false
6e2784822da5566b1a3a1f2dbf46e55fe2858094,true
19248258ed539a82d8bdaa69fcc802d7c1ebb15f,false
fe74c38b1a5507cb68a69996bae4788fda353be9,false
8c08ab45d1bf4efbfe66830b0f501bf201e2253d,false
30c38a2794a3355b2104a87218c79b955e7ee50e,false
174fe6085b9fc06ea6ee671b6e55062005a36859,false
602643fbb10a531782f50ce718f8214e3a8fb0dd,false
b24f530912e90a715f80d1fe3bb75db6b38aa37e,true
09e48c8b9f173ed493a13b8b81d8cb5be3ddbb6a,false
423e22f8b4bb26629e4e59fd65c9112d205b98e2,false
1eed650ef34102fb31c13e5331d4ca83c3c45ede,true
9c16de1c087219326fdff870e42322581354dcd6,false
bffde408049931cc2ca0b4e447e5a77c73854c31,true
5f5f7a0adc827a6bff87c576fbe98852e547668c,false
0df7b0d1ef6d01f30ae626152f3e093a96f09760,false
fbed6712f6a5f2590f42e05c50d64295baf90ea9,true
b7c3c688d5c13c0a10e1a7671317827dd22d4cc1,true
93fbe57317712bd34b95a962e9b3a2a25991c8c9,false
eb7c592991916c4dbe41a747149788f43c043cb7,false
199bb5f743b4570c90c3ed036194407621ac55a0,false
990cdd4d6fa15b5dfdb45a984c288932b278fb3c,true
7da8e1e3994b84130645617c8ff043ab68da32ba,false
72ec0bc1f259f732858a4428f4d24fa884b8615e,false
d915eb2da15c568adcb694a6a48a514a38bff4a0,false
5534eb75c31346412889f938fb613bc5ae0e6d68,false
7b187dc982b902bf75436b511b2aa6448183654c,false
20647f3f7cbb5fe9d7eda97f0136518689c6a6e8,false
4f0b1afb404aa7937a29baa560234e0230ebf494,false
ab8b8b363649e913b80072349fc0aa9cf1d4a6d7,false
e18b62785bb01246aa69568993d04c090d52d0ea,false
5b960e4e2f2fe77fd9ac20a259f1110f9a4f574d,false
e63e544e1f0dd290af3a867725da129fbf5ff3a0,false
3c72b5a4e3e2881a097fc034ed024eb1b20966b9,false
b2d42e837420ce4c065c271dcc8c1380bdc922ed,false
09ab803e0460c2c3c6f5d0d1fe394b5164c684cb,false
ef257131ca5b2a63ac25c44e3c189f288171e0e0,false
83e8039470a7b5fa463328ad3a06db811455ed72,false
7811bca89ee761b08fdd507260ff000cc7c595a3,false
f7fc4811530f91fe7c14d054038da5772310462d,false
4c14e40cc57a385b4aa2349daec65afe0063101c,false
814631dccb66f19b8e1ff4367ef5563fa48b5d5d,false
cb93f5eddcc9810b3d64a52561893158173a19b0,true
6ddaf7b7d3e26d6ec1cbef0831237a0b788f1076,true
2975048940214e3b1c5d1dd808dbbb89605e2c4c,false
8452253b1fb7bfceeee6d2d0068990245c7d6ca9,false
1aeedc5dc51910c21527c0843d5e49a036ddd9af,false
44856fc8c3d4ab8cfc7e356c7b69f622c09a5e58,false
d6b4253a116c0447a7382931f4cb1c919659e809,false
ba25b60ab7cc01ce6737a0f2b96deba5470cd404,false
1fb5f3d5e5cab84d78d4ece1f4aba3252703de8b,false
039dfbb9f1de716a98af4de85c136642290b8205,false
db622439dc78afa567071faabf67b37ddede5306,false
7b06c7c0a185798cc206779f54e2cf03d40c2cc7,true
f203b2cdff5b5084f0b2075dc4ff069deba988e1,true
59f07a1dbaecd63e341e607ebe72fcb2dc21bf9a,false
002099955e532c7b8939ab1d81c17eb1f82eb748,true
e8cecfdd30deabf747feb7cc1928ee237d31ae65,false
6aeae836a533d613cc067a47c7ff810ba48eed58,false
b004b1bbf477a40c4c6e296ca9c7cff41e1eb38c,true
9d5c984019bd859140ad0c4b7e3fca8653828b94,false
908e280e0054f14717bb5e981e73b2a5078eadf3,false
8c6903f822b87233224bc57ab9a78b10e4518518,false
4b40c6b805dcb031a19f6808d7f4fd1c3774a593,true
0945a2da1c777a30b674065ab00d1fbbf172ae4a,false
4c6fd94c7cf152c0664df86fa167b83cd0462eed,false
b32105448ad5cf9ca910d50ff38f3224dff330a3,true
e065dd9f7c17d46eb566c0f3c1bd3aac50403e1d,true
093d3a735263f5f1923956ec3604f8634d7860ff,false
288cf5855ba10a5c8934dfbb227ecf0501a192d5,false
160d2b9230d8cf2515a20b727f54f066e9a83831,false
6652425e8eb4215f817fb030709ccbfd2ec130f7,false
8ba8e9699f32dbb234e5f4ecfebc770714bd7723,false
29e8785d071da09e9279a2d94c961a0f4bda2246,false
07d4a2dbabe424b14a483b8be7c0a9cdb7449335,false
709d52ead073c2e735835bdd3ed6944bb7b5689d,false
bf1bdfd0e14d6b08e718b6d93dc3b5d8e59a1270,false
2191cd5680b209f14ac6a00f1a3bb11c11d35568,true
b68b27d16a6bc7e00f72974ba0f03df0c17cb0dd,false
f6bd920e01903ba7120cf162c08975646034e90c,false
620c7ba1a0140067b1746573e8718c4c620f0d9e,false
7bb1edbc7b18f770854a0823d2dbc0507fd383cd,false
1b0efbbfa3d56c8b0107fed27b7804ca0ae3acb6,true
cfddf4c9a927d97c32cede49346023ac01b12cf5,false
79d9562bdedd7062a669af86c6b44ae817040ae4,false
eb6a84bc454b1bb87b16450cef30956a33da2ba4,false
4c1037b6ce19cb83eb22c55adcb26ee58c8b77bb,true
d20e91ca620f07ccbeffaf818d3d976496aa8fb4,false
ba9855bab1fbd3fb5dce2f988cc2a81fcbe8f53a,false
ae4e118c63387b2096ca9525bbbe48f771d220f4,false
9b48dd13ae44a4a165ec826c2f4b3edae18effa2,false
614c6370c75624bf1a438bf7be5b173193218b1e,false
db9efd4c982eaf0b17e58895ba21218fccd30b18,false
43ba6e52fe5f14480d47374922bd03273163ab79,false
1edc12a9ddda8a1275fc7b3121149f434d8f7a9a,false
a60c6bd551c1c94064d6e35c0512e9abf9e7e236,false
15185fccef96807c09484deeed76e163dcbb8a5c,false
17ab8552cbaf1df4505c97bf091f6c572c3a7a16,false
1bb1c942d49e36bcb6659f89e04454549c7c930f,false
b782fe38894251771af2a3a4a749c2e9e24e93a9,false
d5c4550b96789b357a7431b2e540568786b67ff2,true
d6c8bfb75e884c445deddac1b0f5e8bcf25f4bd7,true
997d31147e7fb4c3f0e885a46f15f1d0483d3848,false
949ffc87d843ef79d0fda5460785bbc34ae86d5c,true
1f8edcb7101bb593120a2b36eee81d03888ae148,true
29aff22d7050d1c0c875266bdd48ffea36af3109,true
77656e774417fc695a7169bddfd8f2c3517f915f,false
76d4dc35b4101e52c152bdd7da80303de1718e4f,false
560cd8b0df7189a9dc2c90ff6acdda349d2e73af,true
1052b5be1c20efca1c245b9f5cdc13d1a7b4b35b,false
75ef28cecfdd1ea6afd26c22eca3916027517a99,false
f441b76420bed5f021635461dce3f34e5416fbc6,false
0c50e78bccfac2a547e04a9d69f858565326d3e0,false
df94324816add478f5843ac2082b5a9face89fa8,false
40cfec5d57067acfe3363f4edb731924f6724f25,false
70f069364dcfbe751c2a9ec76c749f858cf0ee5c,false
145fc59f481c1eb55a0b3e823d64bd4506a26f33,false
55f929d67aed8177b11e9f4d5f5470c33c5f650e,false
ab21f8a2b5ec8e83179d6c686f794901b0670dda,false
8f84a8be255f51cb9610325fc01cf06bc403a8e6,false
eb7968b91ba9d4e4682184dbcef07afc2f01c20f,true
d465cda2040cfa77613cd96d5a82c8312f867b90,false
8baa45569e91e85c76c679d3713e573330c8c445,false
68a3e4ce62ad325075ddc591d8e1df5ea544204e,false
ded1d3df79e1530a0393b1c2ba254d0aa5de291c,false
c386e9f8b1d30c89ee1fee3410cfe9171b5bd41c,false
22599ca0ad3f51f986b89a1671a7302bbf25d294,true
71ed735c8bc927c533dc4a91f5c5ac544d56000e,false
1520264c54edb2c5c425e1da02a277f7551b41d3,false
382c049be041dde804a103edb025d0c0f161e988,true
92646203188887fc8cc0bb174048ed8a7056a7da,false
d7ebfb7c4944535b17ea32a6d2c0fb7f2a06cc94,true
88732d5d3035ceeae4d8b0ed93aff1b23f262f6a,true
d46fae73843f81b54137bc74cf3d87c56d3b0580,true
9be17ae42a7f922c06bf1b7b3e9cddf106b7a382,true
a77247f6f2855e75f9c465462032e6c997a1a698,false
7a47d97a55791ceddca69b2ed14fb5e30d87fbeb,false
93be21068b516e31ca0db7241327cc0ac610b78a,false
e7fdb9b70330f03bbfb74b79e793c241273e89f0,false
1987795157e83cd5e9cd7f30ca88924dc006c6ee,false
27d2b7086ea3cfe5aedcd90ada16b3ab8f06a8a9,false
1a651f814b3ff0d448bb8fdc6b6b42d20b54f919,false
a2bcba64a76c8848929b9d154f35ea193021ad99,false
fa8a709225c37b94eef93c7d54767cbc401db321,false
397451aece5915eaaf12019742fce50193f298cf,false
bb1f146209ed101578d68121d2b813b814f9e457,false
7ad8ea1d0e4ec278252c1e34de8ed2b8a50388f1,false
63076280c62a6fb2c1bb1f7505634516e4a7f1cb,false
c257dde9aff6284db68f4813fbf0032f4abd93ad,false
1333cf0c5f4d2f397eea3712f737f95e8ef09337,false
6822a9f8246d5a93d47d97a7ffda3d0ebc2705cb,false
9092f1a01292a9b3876ea4410e5135c7adf170e3,false
ac8444f1c5428c71439c2ef0f678875eb2efc674,false
0ff082fed718e096a520d8ce585afaf4dda57e6c,true
2ae11cfb45ccc0cce21d7376330739f820b7cc8a,false
85fb83e7e915c604b9276ae5c3ff9fc0d1b85116,false
c4a4ada4b3fd061fa03a048922076eefdd6ddc3f,false
cd89ce1de6278d81d55e3123d16b78c91af056a4,false
87c7a251326e823cd551f36382bd85b106c0622c,false
424b125969769c10c844e8a655b72ff338e2042e,false
b78a00ef8430ebf8a042b11caea2ff96dbb5dd1a,false
c7392d7170000ca1138b09c43cbc33283763b999,false
53e5a8345f226bf6b314b2cf7f79b8de2c2afb19,false
fcddb5e46e72b42b03bc8ed4422eb6298708b5c8,false
cec82d945f34db4f8b25129c87ed7f6450e6c0c8,false
8744507a45ea062355b8a7e35863cb0369d5a847,false
4b489e3aaa32ed6e98f782bb87832063161d7562,false
c7487137f3fbb50496ade85dd2897d77c7500076,false
03213fdf13902a5564d8d06f848a39873634936d,false
b29ac145d8b8a007baeca33ad29689e981db5119,false
cbd2a589f7dc4c6a09e3705bb74eb69af55a97f0,false
60409fb839cd06d314a268e08af2c0ff3ab0ee73,false
542c7eee4852c0d102198184f501677d7a1696b3,false
34bb9f30085a49f38e4264cea664fbd212a0561a,true
ebd6b6f39ba4a728b2acbbb0ba69a57c853a9bfc,false
b355c004a6d0075aafded745bfdc93a41d9cfe30,false
54d1a800f1c598d3ff1b30d0492cdb59ea6d30f0,true
75fde5231bcee1bc6f6c966266c7742021809627,false
a4c945c14c70dc5b55a52175a1013682c4277548,false
0be26871565eaae5d068ea2a137dcf9cf5b4f3df,false
22466121287516e2cfaa89ae0993aea5f3624696,false
f51abf323f6a0ab8fe8e48a493b74bc0c137971b,false
f5c5103394b16f70e450d91bd2d55a02062d7e1e,false
b02c36e019d856526d0f9bada73e4bbc05091c07,false
f49d5b9aebfef0aebdb6459de7ac719642ec1a6f,true
0f628ccb24709877e3ede93bba5e7aed6ffc88cb,true
ab78e5b6969fbe92773d4d2cb4227e76f7deb1f1,true
afa7c337bddb9592e6ad18fdd1c0689438b7b221,false
7e6b6a172fcd912d53248891581a49913013988f,false
717c3a29f9df214be9a40fb0e608af1c4f3f45d8,true
bd27ab75d5c618d706bfb341bc0cfb11ea65744b,true
c0692e8086d4b9152121519f669a4703508c2878,false
c4b51cb2deec957f9a070b7519e97058fe8274bf,false
df01c5f55012fe05aa4025a3da794c9a891341a8,false
ec8bd7a878c32f7c03fb2d17e5d733cb55562553,false
a9999ee9e51e2569e30c018160514b2f52464129,false
6ab061fa404e4851ea6e0c9ee93b2b40a8184291,true
dd3c0ffadb4aedfacb6f7f435ea3d07ec0db1c58,true
a7295d2ab16aad6803181b664f1be80e563e504b,false
85b6566755a19bfd3fc66a338c23997105c5d015,false
179c5153ab14cbe673ef9e2ee425854b77542d8b,false
cb4ce583282d5460268226117cdf40544e5ca555,false
7652569ddc20fca486f90188d5811d85b2a0d1b4,false
279223febc3014c4d28bedfe193c17854fb49f94,false
7a049027f4a47d839d3101c4b2e4a7f3962db667,false
9902847782092392d23f079f935edbdb67e1e319,false
63719a544721f6cb55b3867e48b7d552e1ef5461,true
b9ebc9c09e08f93362c352a1ba9bcb1bd0259e67,false
997af9307f4cfb22f311a4b525e0152e172871e2,false
9807f25c0630da7360fd775ee44c7f5aef609d0a,false
e5b7e5ee01aee720307e9c3eb48308257888b6be,false
8193bacfa11c6cc2edd5aeba8801c4cfc25aeaef,true
c1519cce764e455bb83cd3d31ebc46ef3cba4dac,false
4e2f2d59e5d0a3776dbd0e714a867f360f3e2b2a,true
36d029d6237b715dfac16dce92c7960ebb4f4a60,false
612c3683ec938145dcb4a98512a5ed32bbe877d5,false
9d4729e6dc58b21c1adfd512c20aa09d57bb570b,false
47ef93bcd7292b6f71b11de97487f434ea524ee7,false
90e2b2a9315e7281472b192d6ec90db45d825912,false
64973da41686c4a96f533bad8f79f9cbcd95ae51,false
db03f5c80ad1dd515999c610090bcd5ee9f3266e,false
1f2f76b704cc284499167cf6d2f27a22ca266e56,true
b791ec3e0f965bf3287c4aed41601e16bb78057f,true
ba745ed71e05173e758c67940d8b2d872d7d27cf,false
4d3f1323107a1ee85266f82e1f2b0dedc3974b83,false
219886b282d32da0ab109122ba50458bf0147f1c,false
72377f47ef8bf4f3bb7e6293c7a9ede7206c5289,false
623576f883c7da1f2508159ca2ce1ea0697eef07,false
812593b3720027edeaf3c4f2af40d908935a9f1d,false
31f4f60910fd09053675e2394e4dfd4db48eb667,false
5bb1a29f03fac7c624d6760d316e2dec9043595b,false
3dcebefdb502e6315c58fe1b70e2b5f874129e2f,false
25725ea9fcc4c1e384a9c5ef2ca95590eb9d3507,false
674d7d35067ccab4505d0829c58aed76e9db148b,true
57559b4dba9e51975517ed0d3cf6b9bec7bb0af9,false
b364a02aeed9b7be37fb875dee37a7265e8f01a4,false
f1871d5ea44784ac28ec2484cb24b5b8dcd1bf35,false
18f607eeb77bebf830fa54b4162ff86ce801dcc5,false
a8e997a923b8312fe54360f24bf046e1348ea0dc,false
32106693d83add9354d868b22b460dfb5d14be87,false
6338e1ef0fe986cd23658fcc130ceca8be9b33cb,false
17d3cc6abc8251df42aa5eec26edf8f68d129720,false
76fe0f091d51ded31c3f66803d8b30740c1930d1,true
70839f4dc7e50a369b558456c35ee8b2fad57449,false
c3dc8ff0523f492acadb018695ff1fa123959929,false
1b7f23b3da4d5c79254db85b038d2b3752d2fef8,true
da857c22bf19ea27baae7dabdc31cab6e1338428,false
5739dca6b1c98466e62eca73dff5736ba69b18e5,false
3801321fbcada26588d1a1e120ecd93c70dbe27b,true
5d4f5bbb84f2cbed2c5fbe97cca3a809183a6d8a,false
26638be384a1d824a0339b251dab07378dfbfb4f,false
296d284d9bedc2caec9fee73e87bac2e5a48224c,false
27d76d94e1e7dcc088edaa134d758a3506ee859a,false
f4329b316ae0f9bd86b6fa3221a7c2424a35b9a4,false
23ec59d8aaf0ded9ec8867f59704580037a327ee,true
746d5dd7e7578a3d5262a84e2715346a328a1bc6,true
090cc4089f17d76efb77909319677715f3fe7aa9,true
4140d48766e86c8d182dc337771775e02fb686ec,true
2c904ddd24e8c46399e2a524a238bd2ac98eb0a7,false
3bca83c67bc41d6c2a893c9131d5e2676e0c74e4,false
dd7e72d73dea7f015ff49e8c6029a28bbbcfb470,false
5b07a5a2473bb22af861c73485e9dd0ed85accee,false
9398479a0d3f3d07342a23399a70c94941ef3592,true
e8f3314bdafb123fd23d92cc0740fb4624d6039f,false
de2aa1d58213b60c3ff9abfbb2d1193fa65d211f,false
feaecc793e393a1da76a90c31d77f532696e5fcb,false
0076e3a96f86c8abca7d48f1a4697d5636ac94c8,false
9eb96b8d20486b507fac8ee94a36316e4cfe3bcb,false
c36e3fd675ffe6b3ee57cd44e3b2b932bf3a89e1,true
4161e6284ace2ac76724e5305511e641af599616,true
9eeab548e4c8e247245011583ae61d1ab54b3bf8,true
62d2b92d4eb9f206add13b4879a76e4bcb38dfb4,false
1d0e1e61997b642f843f5ddf4205d2dcb4902422,false
019c192cd87b64ded5e7d5959f23824cc46f9bfc,false
c766ed19704b8c4760453b4980f51ea63af5053f,false
ed3800706106d463a12badca127f54d338f637c1,true
d52cdec1b6b375b26c094c5e39916ef33c5e9b87,false
f66e63f0150a15dd411e8d114110a771494ff501,false
e0e0229d7968a6d30c6b67826c1a827d3057b8cd,true
286e129acaa9ead1828e76e79dad073d9e6ed087,true
8195707f30bb001a34cf2d812686191bf6ccf101,false
b022cd5b0f293c89d863701cc6b5a4f6ad25741c,true
3b34eebda66c4be0474da9c93a2774c2c96c5c12,false
c76407135bb79bba5836b11e4461d11e1ab872eb,false
e8ef579c00c0209be14cfab01a496658acca6a47,false
846459be10dfa6bae12ec6c6eb5ef61f344be268,false
07393b319de4b11b42f3bfb5b65b483c6214a3ba,false
19db54d9fce5886df6b0ee79cb8355c9b24b21f3,false
b3cbc977a706523c3086dc20404f2bb059953e67,false
80220f6899999714fbcae2a72798754286532789,false
9b2c48cd49ec926a9e0c24ac01ac534da7a0d8ce,true
253b5df3ea83c8c847224956f36520fe3e0d6960,false
0b66bf9adc764b984a9e8f94387f2c5eb7152a6f,false
f3a970a4c75de769c80cb69ef5243a74a5d44fab,false
2694f5c5b3879a00f7d47c40a1f32e106b683451,false
42281d4f1a1d59edd118ac7f5d9d3d80e62c4c8c,false
38d0041a9e1e680326654e70c412c1b42d0ecf42,false
c15ce1b7f8a589012805faabdcd4988508b05868,false
0fb4fd32b51d1e9c183d766a56a11483115243b8,false
38aea607ac3e1a637c060915a5e1bb4162338f08,false
7a7e3e9bd375152c228e7b9a3ca596ee82c42136,false
5dae8b8545348165a0ba91c5752f9605781e4039,false
ca783ac8a37558da0277f5cc35cffa72e5effd14,false
fb6705aff15a70aa61ae826434037777d69e1635,false
c83a90df2a1459c583c1c591d2a9b360885bee22,false
5f293ba2cefbfa31aefc9cfd2accf287551eed77,true
2f51935d9a2dfd47ba67c6039f4a84f047be8a65,true
50d70387d4eddc18770ead8ba9fdcfcd95ea7b7a,false
461d8fb6f40fa0bca1d5637497043d44c54b3d79,false
26a0ee8e93c333cb689ff0422ee4c83ab10b27c6,false
12aad70ad9405728be13fb7cc34dc93ef550c17f,true
fcc3e6f935c9dd83bedf54c269245b98aedefcbf,false
146cbe74e5950413ff8d5cab51ae4f60f08efee3,false
69b914d2a52d2fe17fcbc73bc2218f25f187c604,false
d617f07c225438d29769e33393895f2926ae8bfd,false
17a822a81a0d5b66a76df162b666919075f674a0,false
3fca00f46102f6ceecec716c3543e677e5eb3cbd,false
a51c08af26bb203ddfdb662243745a6b07eb3d2b,false
b3a8eeb267341317feef024d6fa3b582fb13fa32,true
3ce68fcffe5fa542de87483e7c09db921363bdb8,false
d8ce9baa085469e1c06751b8f996bb35e13ecb2c,false
efe89b585b50e9fbe51b5b3175e438577fc5021f,true
61bf634b05dd3fe3be187763daa87db9f4fd5ff8,false
a4e788bf291554f9a7fdc68260037a08dfe913ed,false
990fecbcfb0965951e7f0d83783383b850302084,false
682c7eb700e21b281b05a84202c296274557406e,false
ae1a29256b21472cbdd32a7955026d5154a9e067,false
7c36a7434bf8e1a46920789bcaaefe0d0b013e20,false
6e15de3ddf934784be55fc90906cd8d6efa3a54a,false
61aea5b98cd2c0f6b8dedd71bf2a4173e87078a7,true
3d78e2853ae4dea996b6abaccf96aeb0a5839e63,true
15f3539e2176687418e540d12e12229e42ddb788,false
4dbd9810e509a222978dbad8dd972018724de4f4,false
a6a2fc96e8ed57588005f58a561fe4f0f9c8ac34,false
a2bdaeaf40627f402ee2bcfbce9b436b1034b742,false
50e68af6799cbd53e8117ecd904f8fc48ec878ab,false
d75e37c79d85efa899d1b54e0e4c23113e094f07,false
2e03c0e24e56500dfc14cf5cc8b5a7c2896e7004,false
e5b52f8153b38338a7fe6139e7f472d3c69ad0bf,false
7e631b8770f6f5bae8d4c5fff22daead7429cf2b,false
feb4437b1d89077de8be96c0eaadaf26ed33fa38,true
29521948766684d6176b99fd857b24c70a6f9f49,true
995b03dfd06eba51c7f2e2c8350dc84fc8844198,false
31a2115c86f1f59f51aafa42741c3fb7b007c7e7,true
1efd71b81fe55c5032f09e34f1bede27df2baadc,true
cd3ad037ee1068685b4949fdbc970c45c4e13936,false
911ac355130fad681c7d80ca5e362d0061d0c6ff,false
f4b377a2d7d847436d1c94f4958f0f132be0e93d,false
8e3ac747067d0dd72b9e0f2372aa1fbadd9e2219,false
871e9ebbbdcbb1851b373f86fd36199b730994d3,false
0e3db2fffcc704bb462c1789c7660945a2e703c7,false
62ce50dfc61466aaee74a452f91a80e0d601ab99,false
34798f62a843098dd8069511e1ccb01f441e55e7,false
dc5afdf6a2465aa0374f6ca7a321a31246eb1d86,false
6abfa97a0daa53917e3885efd288b57b00e20b17,true
cd321888fbb551e0ea1003c3b66b1a3381d48346,true
12d35a2aeb6bb74ff30b83e8b136bda3ccc1d0e7,false
2f5930ebf92ef076a0d5280a25b3105d242ee2a2,true
6619161e3b8bc5dfdcd6706320c4248f20c3e97d,false
3837d9d06cc329a37163ce6c909e5e697c7f8b12,false
8ae92e93cf62a18720a0fc42533123fefd462b7c,false
507425a7174efccc1718f298db730665783e7ce4,true
4570d0c3e1e183b2297f71772d4be055823ebb81,false
cf83711bf026b210c19029146cc5185e603c85e3,true
8b0638934bc100f502139ab895a11a0ad1f28e92,true
32ae154da20c2d5b983490cc2f9c42ebd1dcb76e,true
2968b6c7b0b99dee4c51ecb9b28cfa46cc4df1ce,false
e03ecc5fcfb9f5c95e9773a66e415059d8b2c1a1,false
d94ebbfb5f514d2757d619c09f6ebeb99dcd54ac,false
a191515e3c0f4029c364cb5ff252dc4ae1448202,false
02b9b4fdcafd50cf2c2a31cc28090f663adda612,false
ed940724661629445e90bd7743e0f9d41d629742,true
094bc7d0559302aa9867c84e9eaedf5b288a6f19,false
d5326dd07a0dbb24d0fab4153ba9e8254a2bbe39,false
902dfbbb5770e23e3fa291ca11c9562cbfa1524d,false
b2f864f44492013b487fe61c278f3c450b7b5564,true
2ad4b71b4b58695a10fe949ad25ddb9d15dbd5b0,false
c2ca5374ce0ac032e2af0987a7c5eb6548455e5a,false
c2e2e57a1aee80aa5ddfed6c88d4cf088b73ee40,false
4ed377aa4c055faf0c4655f66290487a4917f363,false
3f8d16b6775e2321cb7a4d1e5ee51b901e34e30b,false
eb80ef599c4e6ea2c2f612385f1a3dd0d7fc201d,false
fb71179f936846f56b025d9d6fe83d7ee69ae823,false
40c07bf3224bc737f888e6e71a7d55eca4bc0394,true
4573a4cbb9dbeaa2fe3137ef19c5a85d2e1da203,true
d643ac1097d0d58a6c600f61833b1e7602320cd8,true
e29defb2e696a52f3b3deee252eadcad3f3ff6de,true
ed526ab23153e4e38f569319c49dbf3120dc2287,false
4320576a1de4c95a1f7e10a138a9c60a1146cfa4,false
a57680fae31296ae7b7b020e34b2960ee993c754,false
78f5150220e1ad804592e6f3f704062c34ec181d,true
58fd66373b216db51093a8898613c1abe5088939,true
aca9e7197bdc2a45b5b0815830f0dba8cab1509b,false
d867561a387de069eebbbe4271a78ccba9f02a1c,false
22380f8c8ff9b84f10218c028c3c971523b55195,false
60d9d77e09f56986c2e726c374f0b14e4d1fda1c,false
f519480ea53db755323529f0c6091c60e9cd4970,true
56358c405e880cde7dc07b78c65bc7754dfac07f,false
e12eea44af2494521d0d55810419472aacae13aa,false
fd44fa7fe4fe30f1e38a894abc5fdd7b71e5b1db,false
6e54cffbd6f1a3968a0686e09d6b46017c4f5164,false
699a0279ea739fc8c8cff7094d7adf8a2dfaa02b,false
1967f356a78d1cd406cb2c135943037baba6402b,true
af1fac5b21ea4afb3d264fe8e5dc7f6c7107245d,true
10446632c0584b2a660746f736fd5d86ecabf5cc,false
50343913b12d9af6a137f28605943c91889623d3,false
ef7b208b99919a3179f9fa97febe4fdafa7ed9b9,false
4731498ab61b8758a5cdf3293b46c0cd0e47a82e,false
f1594096a72f3ed98a040fd330e020a38f581b47,true
53f1cd8a66e7aa2c78aa611bf9a39f326176a445,false
c29fd05bd767f8fa0c0ff876f7f3b11d23edb9c7,false
c1db7d5fa84d20fa3f31829d2f54d6e1c1511a0a,false
35338bb8d00164b8b8bf34a13f2265066026e86a,true
d5eb69fa73bbbd659471d6c323da0baa4aba7f13,false
adeb79c458148ced211565b1cc450298deae468d,false
8f7059b41f3ddf3820835ab3dec4f3ff6ea07394,false
74f63f698f62dffb17534b158a8b2d8666fb2697,false
4899c79935d1b7e134c2b6a1babd0cd801631b24,true
b14d933cd740a81100720dcf3abf999ad3176d45,false
072930baa3955bc14dcfb9fe26acda4b83320376,false
4fed2412327adbe343249836662f4271a0bc7259,true
9fec6ee4a92faf0f2d3685909d97b6290b872e13,false
6ef1170f62e8f2345f21d49b0d24971aa53514c6,false
501e0b66cded67b8de1706349e86d51837f09258,false
7c91d8b2a1731bf904fa4d64215055ddcc2db397,false
40bb2aa21a99d0306d738b64c4be580dc501aeed,false
a7cabd4c4b31878f2653d5b342485ffa156e4099,false
48e9170ac98e8e9362b160b79906adc648c9f37d,false
fad929fcbc225836a5f40415eddf543e8c31043d,false
13efa87f50704bd95c458e18bdb325e8a3e33220,true
083f4e9fab5d90aaad1323c109488910009a2431,false
2a993155d9de5359ed44ca23298068b025d41575,false
5e58635e0960fac165aa5dae401382abebc65c3a,false
ed0aa364deb36b43fbd5d18cc703d59a7b237d1d,false
9dd814943d90f23c918603a2907b7c0a42a18239,false
947fd94da2e196bbe9973067b9b0b37823cb55b5,false
3ef1a1e5e1e251ca5fc3d03d6aa3c42d239e7bfd,false
3d5faa1be6e907c9c6cb01395745bfbf8a50d9e9,false
8f388c1d31d7ddf9a1d7af4891ec1faa67a6258d,false
7489ba9c41fd44eb9d8459a731f424f5586dc77b,false
f413a0742073b2e1d9979890a278bc03a2e49c15,false
d331353e5e88aeef26f9cdf7976b7d91f4175461,true
14f34b6de0cdfb0564cb3e3e2a5047fe91b5f1e3,true
1b3574fd0ce997ed8ee7a59063098391ec0e8cd8,false
df88df5d19c99153c723faf70140b196e0984d82,false
1a76028464c792437eeb288ca276c6d45353567c,false
2ae4e8316211f357c29cc8eca87f725dacdbf603,false
9aaa37b20657511ebed2feec0e3d5b48215408d5,false
62651ae521e8eb22b7a06d384c74864563f8842c,false
a5aaa1a08f94b882f20296ab1b4a89a77fe4eba0,false
a5ae823fda10fd6df06db65681c5658fb9b09bba,false
88a249e772d68067a9d24f26d3ea3b51a20c94e6,false
6df418c34d5b273a9d3fdfaa05e56479bd16b466,true
44f41ff415d65a999d7ba08be71a73e5bd98eae0,false
83d43cea68e55547640bb3eb83c4f205d179ac47,false
b4adb8ef2068a57350b3744bb8d9b1cd1c55d3be,false
99ed59b8d102faec96bb26db4e165d0dc2be7eab,false
2b7202942e17241afc49e7bbc08cab38d565b688,false
4a4aacd2d688d37375f4e52a9a22c5583ff1abcb,false
b43754ae20ca5358715534b436990df064017091,false
b43f0736d97b55d4353f51ec7ef111a1623acf60,false
ce21dbf5537a69ff76ef906855e25db2309d2880,true
87970a716a7d5a7126846b40d4409e536dcc024d,false
b35a452d2c4aa671ee9b4745f7ebec63a3b65b6e,true
d245685e26ba8467773261438dd9241555e11b49,false
5c26e477a98afd292d1bb88d1731c374f5f59166,false
b8ef99c857dbb97ac995021b933f528955fc6040,false
0b01ba07cb6ee140de021c4e7e7e4e30f3f70c4b,false
e464b600c3a484e43a097b21f0f56faf6db56a9a,false
6e42c8ee331be0d6bf52d887a08680c10348b811,true
6d55c1b890dd7b3bcedfd1f035c83b88bc975755,false
fd8bd0bedeb975addaa1bc31bc734e774882b8a8,false
9632147c3b359efcdf236573df4be5c5202be3e8,false
7ed5b245a8a068c92e59898ddeefc8d539d078c2,false
c1138fc38d8c31f9078b1df6737aacb8cc4ec265,true
93f42650a1c2656ba34b830b8ba680de8a477340,false
550f727fb20e0b58ba4172718999d9301515f9ec,false
3565e407423c957f170add73f06959a2283125d4,false
406944c3d4540a9aa29b2260f04e77d3e3cfb139,false
230af77cc184da66c6a477c107511e5b44ffabec,false
b61d0bd15293109b335c8c1194fb67844e1d86d7,false
c56ffff4f6416d27d372fd51385a4a5e203d22b7,false
32edb29012d28dbe9d56c0ee588ddeb1067acf69,false
b5acb78247ce393bdd50c208428adac3d487cd88,false
db70fc3be9bb9ce1e2f7404a9e46062c4223d42b,false
875686a32c5f778f24843be416faeb12abe55178,false
ac03489c27e7fe67c6c97cd8f47a56877902ccbf,false
f296d0be44d54021809decc9f9f02dce673614e5,false
67ce790158e74cacf31c6f965bd49960f1e7c9b7,false
059a37ed4092fe7afa4e6808a3b6f90aa7037ed4,false
7e049d8d2054cf861779d06bf473ab77ee7249b3,false
1311af0b50aa0aae9be60006c8d85c60645877e3,false
3b7ab849aa68d35465a6b334fd7b07b6dfba2e14,false
fbbb9e28c284f4737de0b99d65b697eca491739e,false
6aa480d3d2a76c6a9fd28ee220af364c3e6ab499,false
8ac8937c64b0fd37efbbb5b8a7f90546c9b4a2ad,false
fb741c7ded4dd142bcdd5c9b4abdb61435fb8794,false
bf9db372101e45d83808809322b89079bb0cf5e7,true
8628337a0d27f5506067653c0c8dcb86cf403a51,false
4562c6f78014cc52a35e846be55cd8dc608c164e,false
ea34edfc1d2537698ef55d8c579cfd7f0d73927d,false
823f111534101cdd5ab9230f2c9e2d50e3d0a340,false
14ac13d47ba0feedcf17e00b5ceef3ee390f1ac8,false
883767f1451f8a04c9e857c755554e16e91036b5,false
7991584fa014f8862967d80771470b30d25fdb2c,false
78a3af7fe37e2ada9669cae3f866d5febdde6d50,true
99be2304b9d6f840f79be0f51d16d069e5a40d22,false
90ca402a423fb7fe55c1007d26d04eb810e4a0fa,true
30ea157dafee221377f907e19a8833e5119a291b,false
d8b903813eb63e41754a0815daec3124fbe53d60,false
6c1bb558a558dd9811eee64534565c767d2b9769,false
9bb7ec9ee3f34fa868bc31a50ebdd5723d6e665b,true
a7e054cdd05f996b4da868d176af2579bb312f9f,true
1685ede8f9faac306fea9158b0762d17038515ec,false
f5d4559a5f316c06b68ffe175919f5d3bf4b8ce1,false
a09d9e46baec5ca1358813f49f641ff22be4b07c,false
f5c8eb99e54ead0a59600ce62cb2b2e4fd30b152,false
bd3cb25cfcb611f6b94b5bc855213a3390ecda42,true
e9ab4a8aa636ef4c3ef85d5b2ea1df3ba2606b88,false
ac938ab5fd688c1466e48501b2bfa8172b6fd244,false
590b9a18ce014095b18f5113f09b53ecefa02298,false
354e29d64a197b136d05c901165b41b5d2ab774d,false
1fe7f3a12b2dc6bbf5265b69b7d0f12c046b269d,false
6af448ae7d64e20ac7fa6b98d8e103f48c5feb0d,false
9cf8c052c51e8e83cc0e15359fe8c215e8e34d26,true
7ac97f50299fedf7231006b3c1a8e84343c33ad4,false
6ddda258e34bf1c85395c51a800149c8aecec751,false
a91538a7ba1b0393e4ddc800cfecac6924c87613,false
95d6179fc435aaaa3854a28df1e9c7002628986b,false
e2ff68598ad64690f07d6927d3f16f81cecc31dc,false
f82e365980dfe88f3e8f2e99473ae1a6a25909d6,false
df611f9b379cabfef789edc4a2aab97fab69593f,false
2d65f41c5fde469b87427c9c13de9d56ed5e6ded,true
4596e74d59ae2deee31a0d3e9e8fba9ae57fb67f,false
fa6285b7ce05eeb20581649959fa1204cb19c6ea,false
849be9f8ac92777fa2ebf0f4b15579ab532760cf,false
8f75479d7dfd2de28f0816aa303887b542a16e00,false
9b6b5acfe3a91a63f96a3146b3d22671fe750056,false
0b16f0228accb714066f485dc30309b142150a03,false
1ae2edfe08542cb0780b17eff69510f00fc8e23f,false
912ab329b434e7e82505f140bf06c2e3d18d5ad4,false
5e882685cb0bdca460fdecc7594bc1b8c7ef40e6,false
63c0e9b2ca6f19de85c1bac5ce20b6b5e79a671c,true
e0d138d1664f9ee62298990891e063c075eeb444,true
9f7017d03f05acd35a7cc6df68feb378132d242e,false
1a461d2854321722fd34cd41f64ec095151bdc23,false
de6de8a461e1d26eb6c52bf143ca0bb9fd9a2f7a,false
18c06d173372640f84a88d03bf2e711d26f2844e,false
63fddf0833d2707c709d12b8e564337272a52781,false
d9c4b39688a9cc8428c7589b163a598ba9d7a01f,true
ddb11ae3fc08304a1301566d1b584653cae56072,false
356b79cdd91150d37a829e45feb9af8612b741fe,false
c712e2a4aaa0f2778936a880f214d15e424c82df,false
c1df553c570a120d384666ffb1d3ca9345c3d923,false
597b82bcafcd003422d4fb34664461e56481d93f,false
3d577c87ea33059292a6704d8fbdb4c029690472,true
c4ed49cbc18b458b3b006ce32e6949996f1cff21,true
c8de7ff1354829418d48e43cd883cfa799d1b3f0,false
d42ff331cff625e4ccc58bef8a6607c69a04e454,false
aa28222af137a36126811217f12b72c4b797528e,false
20d04c732843ae7d05b6c6b4fb2482bdf7db4a00,true
a133bba5d8907b97085eb37350f6799ad599496b,false
f7a6f6d754178d853f8b0ee69a026751e07f76c6,false
1422e529124bc0d6e769e149785062a1678d8729,false
538acf72ae37c6775bbde8e15d5113258d6469f2,false
c41ef5930fef78b4078c9ac4939608027a780d12,false
e3d0d8c73a543bd0c08879a92353ca214b4ea5da,false
f5c7f2b793e3cab7aeeaaddee45eb7369eaf8975,false
a1729823e7bd1d9bb7cacde9e8de7aef740cb334,false
c5c76814759285d77746ac009c09088283ac349c,false
aebc8cd5468ea59a60a4596f3e3337a79da4769b,false
4f12d2d3bc2c3751056df3148bdeaa201e6ce2c3,false
5132d6f5e718b2b396bf8cd94859176b32874d9d,false
ada63e3f4d0e4610c14ad726a373342aceb0f7d8,true
87d3e555293a3342465d85d6b093f26a51164701,false
87356b4ee9d242e90a561ea90e2e9868128af6fb,false
bf641de1372139633550dac9d963ad7e9b56feaf,false
22b58cea3b6c36f802d90a034681bae62a069f54,true
0604330ed87a1acf1833b44c5af1aa6f61f7c31d,false
d1504c3812efd02d0a60d43304cddb03e30be169,false
4bda3fb59889e6157a36426f23d80e24a2f13b27,false
2fd1adf33143a077b36b8500cddd540760ff05cd,false
3c70131339f6a5bd742ad754298cb743f1c45aad,false
7993bd5b383de653acd0c0bbdbef85fe33179726,false
ef222d812256ca8a285a4af913e76e1fdd11195a,false
04201db7510d239e1d29707cedc69a7d1c44e6d6,false
9ab7f725ea7f2ec46f1bb5cd88e5cd937ab3067b,false
03492882d0e73ea99d8d866bdd841f32437ace45,true
6fc4ded24f89c1abef6222e72ada4b2363bc7845,true
4d5e1c4dd59a9d4b2ceb86bc3558b2f5e1723db7,false
58dd3ff80f3b6c73fa47167da6f8f25a1a7dc4e4,false
207d259faf161030eb226c2da23552e650f8791a,true
73cdac55aebfe7eeb4a04e2ee87ce469362119da,false
02c9503864ed717dcf9762f2e74725513f33c0d4,false
32f94b5517d56fba1e363c37d2225e8cd5b79fd2,false
d0774b53ff361baeee2bbc72862458e38f4099b3,false
9b926c664faef4b42d1a629276c6b71cde2c2490,false
7645c60c4002e1ada7b5d641cf67d09b33440dd2,false
04fde033d1e49705043fa30d7e19bc91a6f11dd0,false
83cd727913d0b22c2d9e8acd8239fff78b57cdff,false
fe8cecc3f04da8b92b9f8f40081426d377a5ffc2,false
bfbffd8f686d077ec4ef37925953810ab06e444d,true
5e01d6b0885e80d5faabd9b40f008f3e74205f50,false
45c5ad457f5f9462bf7e6e74e1ef0fa46da85cb5,false
2e3ba29d61e8e8750d90681589c974c8ba50e31e,false
1a8f84b260e2982933d6e2968a81738bce00919e,false
1a1fcd272f531db81f93584f01cafdf51df15a3f,false
037950a6aab6d47ea0cfa04414df6528f7da7fdd,false
4d734329e0ac3908c203fb3f18aaa1baa7494829,false
97547cf0f767db437da2bd1869dfe0d53c853e08,false
91fef8f488ee16839188399205a7ab623153276a,false
e614c2c9fa20d58d95d716cf933a32cf35de1142,true
859328fe5e4cae799f0420dc115ffefbdd00c678,false
e8d9910b6872d65fb8925fb806a275198906cec5,false
d8c4f1470aabd82c2296b90c645c3973254df5b7,true
7fe1def85b9896b6e832e884f8624a13592f3d35,false
11716d79bcace0430cbc5c329a677428e637b6b1,true
3fbda9ed5e225de0f2286c3fa224e832c7e4b3ac,true
d838610424e7bebb8a77ac85ee4036965aa46907,false
2317b05d85695ee8bf801b498a6fe5de55b9c89b,false
817c995a633607353ef9ec98815d0a166388151d,false
43329e3e951d6a2107210be8aa0f8f5520619971,false
7e130f910e8fb51a5503339de9b9afb8b371ea3a,false
17bd809a176a6684177f8abbe48e4b0f613d745b,false
48da2f4d110c9ed55ef03c24a11bc67fb746ef5a,false
cf8f6ea974a629db1c6633833650966669541423,false
cfda57de8ad5ee4083002be739c511e70b066f67,false
676b04638d7ca852e0291bb3d4546b3ffde8a15d,false
05c3d51ea07e25d1277a297be0a36c2bfaba8dc4,false
e0d8880a6a2d0c5aeea131327e9519225a52a966,false
c465d3ff2f2ef57859829b259e28e4f3977321f8,false
1130fc708be2c8e969075075353c0a22bda1b4ff,false
959a32fc212a7629b74f82e6f7428f91011a587e,true
a4f3ea1c5b81032cd0dea776ca6f27ed073960d9,false
131c59fd89e94752cda38d43ed7810a8f86f0c45,true
a8014c220048419c4e9c876900a68017a7724ec1,false
5a1a57e804580609d228de40bf5d984cad4bc0dc,false
f3c435fb73f2d963142a388581964ca8bbba18ce,false
16b70e6276c3c7554377f6092fb372cc2dd7ab63,false
f18e2babf86871a1a808cc0d0a05c6765c9e4974,false
81b5c33b0195063440fe5ef4324f6d6619d5c86d,false
11d2e5fe2ddbe8f1b198e87d169e5b7e3f712d39,false
2c8ae1966f8feb14be354a3e38c954e1bcce1b70,false
06d19338273ee3492a2ea07e081b332461f6f1d7,false
114e29fb4cd4d9668799c18def7caf2404810bdc,false
8923cf1715a6e5a93f4da24a9871c185f006c944,false
ad6be365b23b01424720d68b42290c72fe2af00e,false
a3706ae6e0612e6aa6a46545513ca3fb5beadee5,false
bc4ff3da009e972ec58ff522abe440e524f9ad91,false
f29ad98edaa9fc0c5ce1e51b29772f8ea4407882,false
0cf28ad6890821715393f59f0d1b96a065e0c3f4,false
326ddf7eb64eca7dd15cd7189eefbe0435d01836,false
8063961553be6920a892c779ace80c945b2abcd1,false
2e9a901cf81259b30b0fd8ffbeb01bda06c61d74,true
cddde14cfa81d15685a777dd76a1ad91630f0fd7,false
f711b6582b8d5d47fc32995d6f432092241e7bba,false
3e1e846e0e3cd2e192ab4bd6760623c48df8fdff,false
448b694eaf12d7865df8f13d71c7a2c4f8cf97d3,false
97865afc76ec953bb9aa635ac224929fea28ce30,true
66e9045952b9ab9591e8034a8f26fe1bf8844a90,true
e7bcd901615415a102808a8fee95060662a02930,false
956bb0ca8ff3fa68fa9177b9db18fd62f6232dbc,false
e60b2a666fd0ccc5cf73f89e979f5e818735cf68,false
cad5c297e312772c6628ff6abc783cf47ae85311,false
b675c90c3343a92b6ced6e1d09ac357a5491a890,false
6f2201d9eb53119d0e7ae81df2784e4e2d1e10c8,false
e1ab5b849fa82f3cdfb0497ab0359ddbc35db265,false
1ae0698d415ec65bef4dfa7d38df731436231a4e,true
4e03ea544c6ae5fa2499ab83ec0079407d214f79,false
f753ef5c4d3afc774c547220fdf3093f074edc64,false
846cb60bd8307cb138383cb1e7366b2390968ca5,false
2790d6406657ae980a69804ef1fd2b8d4e8533f9,false
6cceec9cb3d1350a6aa978a96313ff2acbda5dc7,false
172a8eeeaebb4d988c63890d4791e613f21acdef,true
253fe5c2b856a1ef601a77983d3bd14f8ecf53fd,false
d47262171555e357e70b18d3669bdad47311806a,false
e67a81da6ef94ee2afaf232f0aaf8016598f6f20,false
e033d2b55fc4eb10bef5a831c5143541bf57c608,true
83b58286355fb19ac6909f4871005e333222ce67,false
a27031daf7ca8fe1990457e66165b9e0ec21ac0f,true
edeba0718a5bec3a6e69c1689545caf8d053e917,true
63c396de6b70d39e8604e7114c27c3ed607ce05c,false
884c109a47a0967b42cb28ce0a469e0947940dab,true
7578ab56c24c5c37fc80a84f682a643861c8b9f4,false
4c935ccc077c685f1f29c6193d332704ab1cca41,true
aff61758d5e7b7fd07ce5ce1c1de7301a50b005b,true
05dc3d9a037da6308088704b2614dfee1656e572,false
167f26c4a0cffc500f311025ed4efd51f7f0ec2e,false
5abbcd9455bb223190b673b1fdc5a37a645850fc,false
3c9f9690760876dcbcac1c4224eeb8f06bdd3045,false
da991fbebd18a7c1cc18af179aee4d51f0bb8518,false
b018f8c3465144cc33181c2f877ab5feec540f70,false
df0594b616f1524575068742e742bb8e8b7036e2,true
440e6155ed48a0a121ef3cbb4e56745a924d7088,false
e59906ef05d21629cb49cb2480cda7afb6c2db65,false
950c0aa25899e5e8ec02914be8b11f71452d1a93,true
5e54441f133894fb586fbab544ca703df34a74f7,false
259674b1f9d408462db9d5a092b884cf3b87c27a,true
f6a018ab36e130f7c059f3c9b2446ed203214b87,false
612fdbdd017b0f4c14330fc610d0f3502845f934,false
f75f50518444a0ed4977908ea9c1390e50fc312a,false
f531d20b6cda30cd567896dfeb308fa9ed377da3,false
d38b2959b7eb512296d207c48870b5b4f80b6744,false
848a7661c0d07c7eeec27d6d275f2fd08d36e1db,false
0b5b45f686600dbe3b232251538584cd81a75f8c,false
06f4baa5624d2d2068abcaff1df3b191582fcb0a,false
37a05cdf1381e6f81ee1949ba945a7ff09a25142,false
4001b1f36d4584e6b7f39369583c75d1dff67a0f,false
b01572e38c5dfd669f3e893f1a730592550a869f,false
5ce3c39b4bd0314778d45d0b722dfc4dd010b3c8,true
e6e85b278647921c3caba74893bd748dca5344ef,false
faf5255772bb93cf00c23b906ad5222eb49ba7b5,false
7aec73b10ece47f7165b10a72d230567687f94ac,true
5d185af0602ae6530f6a4b99adb50d229c3b266a,false
05d24449104ce9edd41953c03485ab3ab34865d8,true
ddb0a732845bbdd670c966593c3adb1368b592d5,true
fd84485411934eadebedb746479ef0e1a8addd79,true
392214e35f63297e6e49f9026fc49a1f2f17d461,true
7e35fee81fc94d1240e7ce499fb6448370018ca2,false
7e7baed11ffe78142c88bb98e72cc099c1f69ac6,true
60409af350b86ba53ca4e24067396a026389e821,true
e372c3c13b4cd23f033bc7da4d67708b07833e8c,false
c1e159aa21e1caaba8a9d096e1c18f0a5fb5f91a,false
50fa729114409d143e3302ce10d969e17991d7d2,false
6c961a6a8592a23ee358b87732e61be4f1c00e83,true
2c800e3c1ee7420ac2ac1b5c6c5871a1e16fa89f,false
6e2c45fc2a364ba60b8112b865b9d4a8b1966439,false
996c0ce1c36f3d76edf5e868ee876fd6c29da8da,false
a692e89d0b2b95f76b2d40aa0f9736a21cb34e89,false
71f60cba0f90c3f0dc742cc3b446c4ff8c9aab19,false
14951d537892f3d95d655c9a01bbc206d42075bd,false
83952ccdd19dc225b5c9673f741b8ac278cac14f,false
fe1a76f4c9309547f698dd18479cc4d27cc61a78,false
d88bd87a9781040a252f0c0090682fc47335ac34,false
34a255d2126dcc1fa7d34a0dc272cd06ec193fd2,false
6ed3f407059389e101c7644607b1508e10a52d22,false
a73f8dee66a5b4f4268dd6495b4b767f1ca5ae4c,false
483ef79ed3209233d8b898a2b9cded920d9174c5,true
814ad1e0d8bcc26bfc8a04399004cbb513e4edc4,false
b49e93d8e966164f31a5daa32bcd0c752d7f1c45,false
6d449cf4706f66adddb95e111200bab3c52b8625,false
e634c7e968c2c1b747191702a8824ef391e473d3,false
993a97f728145a93f9ac5469ebcf4fcdb0c7dfa9,false
37ac38fb60795f2d404ac38dc95d7566ff78a916,false
bce87ccf9d452930cc41430e1cc88618c4f5a1a4,false
144f1d7714b41c1099420730b5cc561ab2a6d179,true
3cd74867982615a2f0409510c69b73aa85ab08fa,false
66fdb115b93e7114bca25a1fc944beb986a9d3ea,false
40c31fa3845bb38351b77614060326a88804876f,false
d86fc37214cd21f3d8496f76b6b7aa02d1c0cb63,false
f8da2f4888f3aa96e6b2989919201518c4eddb61,false
8425e4176d539f30f66fef23e1cf32ab3c1b485d,false
fb555f7692fcdbeee7c9edb7858c74872675d29b,false
a4e10ea6a5dd474537ee8e5f128bdee4a29d9ec8,false
f83b1bfdac1c320cef195dd3b4524cd50c3e7ea3,false
6aa72458b5b63b98d774ce1466b025498b859faf,false
51257d17c6408b62a4439abff054d62b35212e79,false
f819f6fbeca177270f01cffe94041e5bd49258f3,false
e96d48917eea9458df7069def2bcefc5756b6bda,false
8d8eb2d7367ac8e414c74bb837a9e4f62fc41473,false
1df2ae3e200067ecc9d2917aef9a8bb32e9ae1e2,false
e0fdc2213428f646f3819ff5a2e3f7afdb09b7a1,false
c6db68a6dfbffb43ac0cf467486f97f4f3b03f48,false
d8d0e72be632d36061ebe4a2816aac0fdbecd2e1,true
d639c7d99ce89d9d168aab1fe9839cb1dfa821cd,false
ebe6d2caa0083c8828d97bd47713be5f38018025,false
042b7ed7b2471de4b4fbecf750b5e631b4230a51,false
a6fb94be7b3c6bb42b1b945367e1058448092ca4,true
a2e524e058fec6f9feda1eacc5307da3df1ca552,false
7fe18dc547b744cb916803df8454aac9e43a5a8e,false
61591b01455f084d12d9656d7dd1dab146b73e9e,false
d99795b7718bbab677c559513e0908e1b79932d9,true
eaf0cfb7fd902c874bfc521ceda3bb00d9d14bdb,false
92ed1a135fb0036a62cba319ea2f741db95aabb7,true
08227ab7c76f9847d4308991b5e2733f0723553d,true
f3248e3fc314f07442f0a776845b00b88761fe8e,true
d904be9d44abf79c71e3c06a470ca2ecf30050f9,true
8b6a7f48bf04d0ac71606af0e6b4ed2847cd3225,false
430275defa840426e450f2ad1042b774cd2babf7,false
d2e1e9d4869baa5d5bd7850ca799b51d6e3f64cf,true
b9eaaff51c235461b7e4302d50c613957c8e118a,false
88011d1f91f4b0b84389b18ffb641bdf5bfdeb66,false
b9ec03f8dc323da192e50323e2ba5fa5a3714d97,false
375d4d53b50113e142e6af65c42b57fc11e8fe45,false
4cf3c80ace3a3edc601b998e674b8de1bc80ca59,false
d20674904541634a44e506e36e989098b2b69e81,false
8d2659f55c275201594c06aeed05aff6547d5c53,false
f9758a7725a2d9c41b4e219adeae37f3365fc5c5,false
426c3ecb13b98de83f1e70f4708f97183198dc4f,false
4263c299f80801d6b25fbaa5a237892f15f9f506,false
8399231da6a8ff1c2b8ef06c69206285444605bb,false
4753606d72f810ffd45bbe56b3f1089f740a83bc,false
22c79e89a4f2b43084a3b573a36dfd08614abe10,false
2f224ae9a17cf94fb36a0564f811337fcff23c6e,false
5e1ed147e7aea6d2de9f4813fd493cf73bfd619c,false
cad91ce63828a377c75a5241c770a612112c84f4,false
9aa98942e84a378bba70a54011ae95265469af08,false
3e6a907e12f7047a85cdd645fbb2a091d7d323fd,false
5ceb5d9a691519209d935e840a6f520038630bac,false
72f64814594a531979cb2cee369b11551b92943c,false
4236d61705ee83d2a93a80a481c0a0af0df707b2,false
c3d94aaddf4be837c68544113df548d9d0ab01e6,false
b3fd89fe6d4995be31e3e7f4a7efa8e28c4d8a6f,false
fd7eeac01a7fb387884f0cbb7c08c911c05959b1,true
01a20ab38dad509fd308fb415e48444fc5cea3b7,false
4dee40ea60058dd4ba026b882d94eec2852be4be,false
90759a1f9d5b9803cc6d34b677375f17c2c7db5a,false
ddd53484574abdbc1733b82ea769e044c514c644,false
72a46c8b7efe66f37243fc04b7d55365ad8c18b5,false
77373d21faa96b882f2f16e10c311f4530516688,false
a013dd2eec76578ae216103cb79c22aaccf83f2c,false
e907cad27f6f8e3b9a2816e3ce7a24a4c52dd269,false
751c25d8d2b62218c22ae31904bf214883b9231a,true
626bd7b14990c410cadf8e5695d057ae3f152e61,false
a0eafc986d8d1184295017935e1f960c798e610e,false
178d981e6dcd85959be5ebd22f73857783bf1927,false
89122dd4b7eaeee707fafa1f387ea26dd65b1abf,false
1b2e216ca016e7c61f7b2e358d156c0908105fc4,false
da0305f54d2182fe08fde9e74961bcffae8034c0,false
6f4cf351ced96dff807c509a69d9827395e2a753,false
15dd61f52cad22141fa936aa3f45589778edbfc0,true
acb143fb4544c79dae692aea80df3a324abd758c,false
7d5ad5fe576a607377241ecb1c634da6e3a6bf1a,false
833769aaefdce4963e4edd55fa10f679d7f7034d,false
b28a910c81f75462065b16a885ee0765cc0c3043,false
45217bac1b77130c7e1bd2eb899f9d1cfebb8881,false
1d997295a0696f3d9be38689b9806057a1d07bd2,false
9a2414b6b866209e3f32a95cf878017d176a4e69,false
c333a711fb891963e7a5e9dec5b2df40c8911618,false
e607694837af66d68a2bfa2b092a2a38b890ac2f,false
1150436949ef09fab07c9a4ca2fdaaf36fc91dab,false
a81ef2805e2aeab2d32bd0f5994b0986c4c595a7,false
a4d38ee32c5bcd24b8f1885c921462053ee9a8bd,false
6494a8826944a2e3c6e5b37cdfb20355ce86f5c2,false
cdaabebac204ea2dfbfd8052428e7f59c5b4aa2e,false
38c0a8f7109e900344a296bd7cb662cd85dcb8b9,false
5309c66c5b1e029f3e8c0d012cad10fe3f0c4958,false
4f08e84940b3b9efef6c0d9518019aa9d902aafa,false
487bfd384f9fc65473c863bae3e5d67b793ce215,false
dec5dfa39901375a36c36a18aa074e5a0570d75c,false
d56b079fc31e54d69c30b47ffa9e93788fefb7c6,false
9b0355dcf37ce6ac6861fbc8c0016a7c10e0a114,false
9e87f5dcf7937e4544538ec7bf3507a95cad7bcf,false
4faffb489c75e0c8354ed5a6155ff70c1ac9616e,false
72f9dae0cb40f2f9706b9fce919300b668d5bebb,false
ca4205851ffab0dc57d5941b78f4768143a02f16,false
b24cadb960bd3b25b02d47eb4e9caaf657a1c006,false
a05492fa17972e750794ea5c0591e00604820753,false
cde9187dc1bb06f6fcf95df6c3cbe1c48c5a4a99,false
a950689b7071d440667fa06c284f36868b0ea936,false
d9ce09417e800bc7ece771db11a7e82e703fad76,false
46ddc876828b025bd2deaa66a164a1c2f2f5365a,false
6b5f0b4f39881937e325384cf3a433f3a403b4e9,false
5eebf6daa9bc0b593782e5b6f225bc47ee4e7434,false
41c804a7219c106c8626f55bef8b77def31ab67d,false
3ced71575c7112aec2e2cfcec43d62fdff9f6f97,false
b0fccb3245a81eae28e993d6ebfe4f2929efc1f6,false
4994db5299aebee155e586d7aa32e86168a94771,false
0795373707fd4af6cdfc6e915d1be8c7ac79a051,false
ea9311b64c926068cfa0d91b7d1a95062eb29840,false
d8b083dd44fe678601747c78f68c049f949e000e,true
263168fbaeb8072e263f7d990a6b08dc631a78ce,false
b57631aea20846c1c43e26ff690a09c3748693bf,false
cffcea2a51218ff972603767dea656d980823187,false
0a07c2d52c9a429e01f6a217bb7dc583f671aabc,false
1ad94be88a3edeb8b1d0f2e274462d3546beba2b,false
cc473716738f573e0a6a50a08eae98fb0340babd,true
1ed500ee1968949136aa8f4efce79e1e706688d4,false
d729a51a1b16be9dc3f961b7702ddbefeabb538d,false
659ac731d86711d80e0fb3a825c7087cf34ea804,false
4cc49974a769e088068e82522bd38988622bf954,false
84137e37f974cdbb71ee399d3a796671812a1c9d,false
bda8ac6fae6d70838acebdafd3ce1125c9ae19c4,true
0820836804b863b51093197a221b13268acaf590,false
b542d9b78de876dd30933819a53f9b8eef96439b,false
6bd7fe98cddab47a704f47f33b06e585c7238cf7,false
2df80b4f9524a2e241270c979fd4d60e50eb6c37,false
33b1369b7b71ad3d7f8e17bf81883b244b4348f6,false
377b317638e9472d1df349881af85a71b82600d9,false
91134d916d78ea392a94d77424b4e6b6bd9bdf6e,false
c4a732e9ed3c9a7d3cbf775a6819899ed75d280f,false
0fd94048d14377845a80e744ca55439971840de8,false
134d42025e5d24f4ad984316d2b6a69a3a731aeb,false
8d23856c02ed7077def017561b37eeb715612c96,false
403a3dd169cd6a515b90e5521f3f1fa4435d1c06,false
5e5e43f11647db71a0daa7375c8cdff43c22d221,false
b3bc30555b525213c5e4d5868ec50b27aed54d66,false
d9c0baa400cd6340d0f6e049c886d60382e6f011,false
1a63f5eeb1c940cd1cdc166364ae2eed77b96373,false
00217fbec7088c00a9c0634c57b360c0edcafe2d,false
5a013c544709f4dafd09fbe5e86d415fe5b6958a,false
37d56d5956fb488d8cc35a680dd6629c233460a9,false
1ddfafc983b481a5c897bee0bf3fa5a7cab9527a,false
5dfa14f2d0ff9e2fe0848e010311be205bf14e9a,false
e24ead693aeda8d62991f4ff05efa6a0d3865f77,false
509f30e266ca5acb8900c5c07dd350380873df6c,false
de5844e1de03d4b684edd45702d24c3b460c449a,false
c57d2dab4b1d1821cd9870fc9b3f69b0d9abcc0d,true
996eb931c0b1aa5c1fdd321c2b6f5e8f4aecca61,true
ad8484dd7cada5b05f5b1bc375579ccaeb18e04d,false
03b31e49ca493992462d2b6aec41606806ab596f,false
f8125d9b4faf30c6a24e30ce0fd0e0a47a1d09ee,false
f073b0d8bca7bfc0789cbbec8a7131bf68b6339a,true
2677bec20ac5513a2f9e6b99a87a27b5fbc4838c,false
621cbddbad78cfa95040df25cc0ab049dc50e7e0,true
72dd31473437097455213f03469b1f51012db390,false
63d2e24fc76ad3221c8aa1894d854c31ba6f8d0f,false
eae7c1614dae568906894793ee2ba53259b74439,false
e476b0c6e6726de549d4f3c31496a1222811186c,true
a800f0af4a57b718d3a9fceb1db9fa5dc244e514,false
b97f6f77d7c95dc215fa261ea6be840c47fd7891,false
28a4b00aec35f27552bcacf11e3f98fc6613dc80,false
ce3bc43765153975efacbf3a8ba1ac38665812a7,false
142a8a1ad217a252c8f233a52d7ded6447d05e99,true
ac93f950fb7659f5cf53ef52c0ecf11b4441aebf,false
495f9319d723b0261b4e2ee98807ca5d25d97042,false
c391499c23c2da53b2039f56c7ada78ff47192d5,false
6dfacf879e161cbaaf33e6d1da87f65717e56857,false
b1cb7f83e595ffda99ee2163679f7912e5c460dd,false
db06caf3b9d5fa5092c94f70e5266a5083ebafe7,true
92aaf499a7e94cf5bb348380e38f887788ac89d8,false
1b1017ff54f03ce0f885a6d94b272d0e10707882,false
5234e9696062580438b3c14542dadbc817580fc4,false
94bcf9c65b1b2b5d1125d91107fdcb849b7a9d81,false
ee95754f4c0bccbd0123fb7b11c2e9bdc295b1b0,false
97dce7fa88bbd565c2fe13a8039304d611f15cf2,false
9836eae4e0a67062ebc8c8a073e6a173dcc78b0e,false
2701ae9c7f61f1e342e738b35d2db83d2e69dda7,false
f66d1651d0e7738a2a51dfe6e525901b96b01396,false
8e03fc49fc23d8ba997b4b2bf8d7c42e63c916eb,false
755a72f106c41839b3283f5f692562866e798b9c,false
3f04170e8991c5009d34a1177b884ee708b55ceb,false
96cc95a928bb6002ddf2f1491a864a37a4ffed32,false
acd31cb7b1514eab8c9f5328bdfa1ba06955d7a3,false
5e3c0cdf07efd22fb881d71712d486dec486ad1b,false
63256ad31c7eac5fe097e73e3c109f7f80594e18,false
2c5f85f3e861c499e9348eaf5f6fa2310005c6fa,false
f80ab4f141efacf0499818fb1ee5555032e1c7a3,false
9bd889e3adb19db76dd0093f8a7fcfc7aecf2fcf,false
17b8c43a0e8665b8eb8004c8b7f508cec5435982,false
dcea8387c9c5a4f35536b99675bc6f8dfc912a3d,false
c9b0c1ac85841c7fd6d17a62e44a7be3e83754b8,false
34c90e5035e45b5d97e03b40355e549f8f5699fd,false
d4828a10972b4307168a56e2b6d03476273c1a82,false
4f1bd8cc52e39f46863e0c36eea976bdd79e5fc6,false
68b9343aa90110258f24eeaa3ef304bc6b880274,false
4934c667421bb7b89236e56fee02a4a3880e4674,false
809f0e5d0d211d72318d19d67580f665965c7066,true
2f31c7d90fefd39e47dabc0e9650c8593c1d8a5f,false
747d09a04f85cd5dd83ce2e04c8aad0127ccbd83,false
a41fb1e6c22837d593b2dae1eeb86da1734d8b36,false
42f6433d1d1bc2df58f9a20f7fbe970487ad25e3,false
17a7bbc3a43d85ed6678f1f362a8302d6d2ccb64,false
ec8ecdc9b19b885070ca51746d11be3ca3c68e3a,false
664056a4475e9f7e23a792737b516a8b603cfab7,false
033d5f99f53f7c2a2f6b92779c7ef75f9890052c,false
612c025e1cf8049b0879adf94f27f51bdefff04a,false
6b8d11285800f14831e075d74d004b055cfc82a3,false
28aa586d5171d1108aa8cf21f81e5c906180d985,false
f556f7cb6afc4cbd7a6b53f1725936d852f9f95b,false
521f30d3ce15c6cf87502678f4f17b7e606ba165,false
4a1b3d15694bd4d822779adcbbdbac2f6799533d,true
879117605e373e0a2213515738d4457f9357e5d6,false
bc8880b951d8b8a304ec2954d8d3fd64675c0450,false
4707055b04a9fbc94b07cd3bc9be5543ecce3b52,false
1c19cbbd5c174a4324877b0713f6fbb9cfd7baab,false
28c3d08533b46de4239e59b14fb517fc6963113e,false
f757955b395a265634ca547d245cfc072639adc0,false
8bbc2fc64a12747e1ea7a9802e6e21a9f1349225,false
0631966c4ff9b04ed06351bd2b32a16b609d3ab8,false
42a529a4ab95f607e6c4f808a1072ee31d03b7cc,false
3f5344623a9bfb6a587b017b2ed03a31b5d2f7e0,false
c751a44de67e920c67f014db4348666d2e56c031,false
403490c83a6dfde3d9b6c6bd322fa78ca9889fa2,false
3e8ed9e3951ff19d1cfeabc6b09ae8c1061df129,true
c0b08f50bd233851d38df5fdfab3438187ff340b,true
5feaaa0eaaba7178c102096f5244017c320b966f,false
77dfdafe0c5ea69a3f1b9d0bb6061598f474f7e8,false
0baa7fbf3db5251686a24cbfa1c040044cbfeb97,false
5106d2886108fc18548e430dae307519bfa87562,false
e295d5c8d818a6001a0d36e49c81144c871bec68,false
fe509a13d80a5950a4204cfdbbbfcff28c560669,true
c3e937665a4d54cbbe0c2d5867dbb64047175e69,false
a214177fb474d339e4e8514156cba51bb345198d,false
107b90709978cc3613aa5d7f80d789964abfc773,false
986165ba9850bd1f20a1fa10e4eae011a0e6ffd4,false
ab631646cedc5414539bcb9bfb6996ae15dfb62f,false
ce5f9779bae7488f6e4effd07615a0f62aec2384,false
3e8276648723467dc29b70ec53cc65028f05983d,false
923d32caf225d4e0df0d997675dcdb22aa49f55c,false
fe7d53759191322961ea395b73111d650610ed35,false
864d87fc751fad48a987be3483768a0d43d1a0c0,false
b8b7e9e8d416edd556a12bcb06a7d4499ce54d3f,false
fd77b67d02a33fa80b618c338887c58eb29cb753,true
da7c6c6c64cd2b81962172f3bc0249691bcaeb0f,false
0259e823c93755fa33f636f2d323d14dffb9613a,false
a4321805664ca1c11ff1e70e20fe8f7d55bf7fe8,false
0ff77ffcc3c881713d945e6a90e6444b406e85ec,false
6518279241e956da97ecb32d23e174c545c4246a,false
ab46cf5e38a1ad825724c99fcf79f0bb6477a187,false
a5cc86db048e04f6c5bf13d3d6a38a892caad723,false
1a760fd602525a1cec7ee483af5e21c2088378e5,false
3de173038ba1fb13f06f0c3b4aad6f4812054174,true
5280a92c25c316fa502289a59463d039e1e177f7,false
4636986439d774623f9542032375af5eb95ef145,true
dd5d56706cd56a78ea044dfeddb4e820f3f8dd39,false
207671651829ec26a5dfef50bab4c797e4a2efb0,false
719efbcad02de06183b00ccdfb8a9b7fb4ec4572,false
ca66a11d572d74947eb3ea2cf374db60d7fa039e,false
ab7809e2950ea10d3599893ade39275c805872e4,false
5aaadfa8f163c2a1c50b2058fa3411509662f43a,false
881d48cd1d0e9716337e129ffec6446c2d5c3f9c,false
c28a2ac437146dda3dec1c83b7256d0f56f37be8,false
19eed641c7e54626323fd92aec81cd0a6437f475,false
024c961e6b169317dc9d8c217743e0db3f2998e2,false
5557def5bed081ab2a0ef2ba64f83adba4c7d48e,false
a5bcd9ec9b2c2128aaa37089c51df2a4cb4fca5c,false
c6682a99d81a9c5d7c856114ca20d06b2e8aa83d,false
cf8b016ed56396054f1a525d5b8c26951dc5b1c2,false
b12b1992e9a63263319275771e96cda19841bac1,false
21056459685edf33dbb3a2f4cad5629cdec5817c,false
841759429c36b3d9ff787e74a3c53a95b1540ad3,false
bde2285ca7b4901cca86e0a5b4df46b53d851ae1,false
6cc0f9d71e2b07dca173c6b173d2eec06357b3c7,false
5827e0da11480d8ba76b2951f2a194259814429c,true
8f46be7d07bb7c58480be8b6c463dc6bcaec9040,false
155626f00f6a079ebe656de7afe222a9ae5d2a10,false
d2aca37ab9f814f08ecd6c152823fce1e7342215,false
6b630707c25d96f651b0e9ccbc330fe13b5ff7da,false
0dfd53c2c7b843027da79ffb3200fcf241ca9959,false
0c09f9adcd52ee3d644be9754c9bf5236d40fde4,false
3819096b4633f0522ecd2fb73df9c5597fb658e5,true
eac9164abd848ac5037b2b9fc9f02206119877c5,false
a113f358c7152c94abd1a1368da2bbdb79f8abfd,false
9f28b5fb4e2736359948d9a01268c26d4a8615cc,false
403d8428c4a39eecb7e4241e53ff717a0e59c9a1,false
7f9605efc78392dff6d56296952e514b1f3060d7,false
3ef33421dfd311aea848d4f67d7d9574324d89fa,true
cc4a7fa000c5004dce233d315cf5344045a9f83c,false
e332803a5857756a0d75e05cd8ccbbbe0f276c47,false
43b11b053b3b34e6080ee8ff4ad99e7f8617c1d5,false
789a724b11c9dfc8f22137c9916c4be40adce40c,false
96f4b23a717919d9047b96a990df3bd3daf0080f,false
25b6955c708459940019e05230e41143d01f4db5,false
917194d280b51803cbcced18c2d4929e27146f8a,false
336d341ad8d14b4893bc07b495cbfc675db53587,false
846872b9c6edbcb8ce43e5f4b0acb479fe78d7f5,false
fc7c81352421f13d29d4bf11881148a01e089a70,false
b1d682fea0ce579e958b0bc5968909e97e0fb175,false
304bad932f3fb9b80d47326046af43335bd42e67,false
6b04635b5caabcfa5bd270b5be90faadea164d55,false
3d6bd9932d48205078550f36149f6d7fca0c7034,false
fca2d75dbbe4a854d0204a3b19e30fa026142b5f,false
d49ffb8b9fe94f49ac046dc9910bc340516c2b1b,false
23e25296b898bb442bfb5df45d4b0e94540b4efd,false
e0f0b65a348bc6148b5844a29fc4bfdf5109fa24,false
a57d786b26d5ab85d7276e1458acb7da44c3740e,false
d79e0da712047ddfaf8fee7386653152fda8fb76,false
c49a9405c17cd2ca0ab26d3f78e2470c90d1cae2,false
b356e58ce0bae2a7d570d316f317cfbc225e9016,false
cd66443f72b64de8cbdd3c1e7bfe67177e1d2b43,false
994871cfd6e6e590ac4c30de6ce6199b039c390d,false
0af9ec8565ed8dae16b965d4ff4d567f74fa8981,false
74428ae7ce07f612aed358ca3baf45e1583a5103,false
4b586f046b84d1f656d2253dc00e2fdad806bd39,false
c11cf97ff85d5611805adca1ad0e0b9a55bb8e10,false
52cdd609b11a617f63f45679bcc7f5ca0a90f5a0,false
3f78da9b73856a7f485391b854fb2f7889e90ab0,false
90dfd6d89876856eba5f28b516ca2dfff9352511,false
6a745a01c790664e1e25e5ee42b87ad8e3882a95,false
27630b976f6240e1ef73c7abb1f415247a8e34d8,false
1bfc0a0879b45ee14179246748596f411898015c,false
470dea19e863b717f693ca8356f0468372b72829,true
6d107de182840819640e7f39b6a9f04bcdc17044,false
b8b730e94d0c59d2d57a3b5f453e9da48e8fbb92,false
270321342dec61f2886fdfce58c36dfe143e72ba,false
0afd827a6a91b3be9f26b9362615e4072d4d1ad0,false
b5d9a10c037192fc5c0ae297c86e6d9d42857c00,false
135ebf399b26394f1429df31aaf58c0e538a8938,false
70386f2a0d0e8ab102b1bb0266e11f1fb78ed6a1,true
e6d3d48be0a544d4e77b81f4b5ae0395c34af98b,false
8b4d12c0179cf4ef8e6eb00c988eb6c4218e92bc,false
dc8631cb2c53ce1865965059137356591305450d,false
b9ad499e253be3c98803e086efc2f1f44f770757,false
3c6aa0dbe660fd8a9c0467b4a27ba4faaf3f0ca2,false
a41ee0f0f76aef5c787dac98d153046642c764ab,false
f8161b191b7f20b9a0a4a044d19f36b27f1d0ca2,false
be5188713caed7abdf02a2a9c4f9f30f4c2d5c98,false
3ff364b872ad551ffa8361352bf02232f6e4e93f,false
9627db3688d377f719a9e5b0559e902583922e65,false
0867e75afd0add6b87faa5cb8282488502ff28ff,false
5b82aa224e31edc84893f2c5f5e599c269ab5222,false
f929c1e28400aefbdd23f57e39447f92aaf478de,false
52b172ba0e637e4cb6c5be43d9294c2779bef528,false
8f6a0bfd89f0772d14e6e6f6effdd0170a33db24,false
07a035f8cd65cea4218e9bba86685e517e02ee21,false
3b5775fdb82bd4ef54755a6f9bdb273f28e5c70a,true
1adb3f1a897617f642c23a4803de3bcea3e0af5b,false
46e8e0581148a1b43166bb8f705214e6dc6f948f,false
e8534585d177e6061cea01ad50b5fc1bd19aded0,false
0d8901399d32b2d38969fab34b5dc992cfa655b1,false
a5bb5c42d5e0ca0ee7dd6706c6aa3af47513eac6,false
ba8ae9cc88684e131d1050cf1b191ccd451ae536,false
9b89457012268b52b5dc9279399545d88fe5cb89,false
cc94ac4e2042e7504fd8c00eb40764c4d8c8c58b,true
c597b7c72024a150e560bec000c010da76083dd7,false
e560dbef295f46579787a6a7840a7ca12c0a921f,false
3c2e38fc42bc11175d3f358d464f1b7a919e6dd3,false
61eb020c5be4a811e8d0ed02e7f407d962764fa1,false
f71e937cbbb2e320469a141ff50b44a3a05d78fa,false
f386444ee97935bc5420b75dbb30e68f835535cd,false
64b71e95bcfd87d56ebd68d6377ccb1d25384738,false
41e70cf342ee249b2afa8be087e92010471bbea3,false
aaf53136c345ee0c8114acbef7fd4420a1fe78bb,false
22303daf55975c6d3f3020d1a3e8c1d9e1556e48,false
33146ae53b0244e71274362222a096a62a37fb65,false
cfe546b07363b2dd28b65dd81bffe1961fda9bcd,true
50b804199df5dd90c9c7cdce4280688071fbd02f,false
3daf83b0c6217e753bd30b4f42b5f57a119f309e,false
f7fb75e99e7f8ef7a9bf84a3c700a8f0daecd2e1,false
4e9fb770991d3eeb9c58323a98ca0b65c64e6fe4,false
daf8bb62f40cf60211027c217bbd29f7ede87e48,false
9993710f5c103aa2a3360fc374e8ed3731faa964,false
db6f9f365e02a1c13ddcdd6e08d20b330538c805,false
5f2241d5c677ce1e3a714bf7000cf3d27a86852f,false
b1f31f2284550c2b13590746ea0742cad0b7822e,false
413b1cc1f64e53eddc9cabdd742be274d5f8a088,false
68c339212d42b2ac607ac682359f7f6cbec1e85d,false
d06044d23fda629d0f939ec9846752ac744b060e,false
3242ed4f1f46a4a8372b72693fa2e65dab7a077d,false
ae7e80034b119eb5fef9bd661dd4ca52426102d7,false
ec3ddfffc62f2382431b4f3084acc1f726576f45,false
84164aa32d0aa2f37cbf5669dfd0da896d2a50c9,false
07831682f51a09b6f0cdb657fcc8313126142d88,false
cf7eebbd1e5b5e488a9ef6f59db9164dfdcaed8f,false
20cc3261c5adb5a77038a906c5965c460f849d6b,false
36505ee387bb378fead7d80148f0bfe4598eb25d,false
7c03db386fd82cd1ba3439039533a838a557f209,false
730c5e89e7830935380127f86649b7008c6aa098,false
d96f0f5db0a2096ee768ba86a0e903048a7a143e,false
a261bf77b3ef62c66e16eac62bde0221dcbad33e,false
9ae98e6ae8abc6893d79c6835fd480697c5e3469,false
29f8cf260d5b051d573f4e81f4d63678e0872f31,false
761c3b79a1a9a07ac6e478496e19c1534ecbb5fe,false
456d625910805649c8bc1ae4f5ece4fcd093415e,true
ce940ceb8a7fb63673f31352c9162415b5dd4079,false
5fff147ee05d36449818005fc6110f6a0aa8ed04,false
b1a9076164d1f59a756ac37b637f54d660462dfa,false
49fef86a82f8dc893b9880a98edd0bcd435914f1,false
deb1a0e7a0d70285e1795e1224ae8e0e81c95f9e,false
e7a5ea863333cb36c5467fe2adb2e1920e0eea42,false
880892690c6fb9d9147f8090f17f15e0472b44f2,false
a6f435ba3fb85905b6cadf3f01fbb6d925422420,true
4b75ee950f58ab88c6b74692aa06d0faee47410b,false
f739f5fb4ce6e2dac83c5b05bb9cede2c1494ee5,false
1ae73ad93aa389ccb4fa92195c3f01998f634254,false
f2887b8d1d8e0ff162e20ff9d28b75491c13663d,false
cf43a0561d92093c016b02f411fb592ebe61a4dc,false
d42a030b47d59cbc2e5d90f73a54f3464304e247,false
5a7812ef1f13f34384f01d6c641a29a23be21690,false
8168b1c24ae30209fb2df52a6e270caf5ebebc5e,false
ac9587e4c511e01b76e6fb35263f33be0169be51,false
69487ac4f1862daab1e473dc3b2b8d5ff777414b,true
b54322b1bda0322c4dbcc29422ae84999705aa40,true
02430e424ff4630c1d1a148cfcdb6d375198491c,false
f25c7470c1b90452dc034a97f04aa01b866a6051,false
2247930006c928b35308824ed19a81f2e91b483e,true
a97a74b015f6f1e0e5ad7745cc29e010452fd1da,true
a31159fa80a5bd16f135c82df991122b4f03b05a,false
695cd248d38f1f7f2093a0da729a6882a38bf139,false
e9da3ab71c46e0ff67447101d1d62e59a8a92d3c,false
b5a1af9ca27f0111f1c0eca10db01a8f622568d7,true
6ac183cfa2ad67a764849fffa7944f42748542f3,false
297d651860e060fb8cbf88a9e2de5eccae8df16c,false
53aa0a0fb978cbb85c1fceb486cad4e6a22df6fa,false
8048dd32e8051e0a9bce021d7ba8462b37c885ce,false
ae77b9e2a9fb0a5287f7964d3b36e1b956d59d06,true
8b0364224de8ee7c59576937e2cebeca350f72b1,false
5989a60e4fc75c99003d6407d091302943e015dd,false
745c15e7d6973c82ac678a7daf9b7d469167e9cc,true
0ecb4575e19dba0359b437e4c961d7f05a12004b,true
fdfc4c9c548ab20c299a1dc84d0a966a06af5a94,true
ba1a08412f360c146d145ede7944836f160e292c,false
3b7aa3150e4ff0b1f00ecb98376d68838e8600d6,false
a287b229ebe97bb8142c4e8984e4bc946b837550,false
c5a15c6910832003094f31737f1c0a4c0b548261,false
0163476c6c2bad680eb33841392e352126b472f8,false
8081aaf614f4f6ef2d737cda0a5b052ed40d8b1a,false
c827220e4072ea30fd5e805bb6ef2fb71366bfe8,false
de08485c170d0f6eaf87006401650e3c872b7ce8,false
a5f371fdc7d8c8ba223e6a17117a223e13d1abe2,false
96f88329933f302f85e9522cd3d75f648d213841,false
587180579d0a78045948210e5522eccba00ee6b2,false
7b91faa1b75130fd80e5154e9bbfc94785342356,false
d313eb9439a29acc7f78798406682032b8fe51a5,false
4a53d0f551c6185d39f7e74bce82814b6d11e649,false
7e62ab93caa88d661f07b8efd89493076343231c,false
8ef42235db9c48ef2cb4eaeb86c6268c271643c3,false
1be9f9e20ec37968293cf6f61c317f9a6a678a1d,false
564dd87aec94e398a32e1ab9749c55bfc431c7ff,false
dc318c59d955b19ecd77cb9e97e3385f56e25000,false
a8265f5060c6f40214e2299a4caa4db4023c2ba5,false
eeda22979505830fe655893a34818ca9baae9046,false
8e3d688f8c7827b4352948413c846f37b7e4a3b0,false
06615e8e13a09f0862758e24113c7ccc0a296774,false
3539570fbaeed27945d0760d7bb37311d287b146,false
ca20416cb4155de89e946688f3cf01fce59acdae,false
5ff85b1d85619a65e75da11172ddbdb03020d5f5,false
a6bef9374875a1cf700510bad152301a896354b9,false
24c7e71256781bc0e43ad4a7d847afea98c0a780,false
079e25b0b763153acbd8dad9ca5e50a839eefecd,false
a1c121a53397cf3ec3c01562ffc64db426b4b804,false
0a10457eb4645cc42cfd1fc149458037acf55f15,true
2f96a4b98273d0cf9d7d1112a13df1bbd98ba37e,false
764aaf372f80757e1317c8c092f6ec4e924adc3c,true
724b1c48e440116ef75ffa2d9a4608f42af8eb99,false
09500d2fe5e89735a8ede27f95ab72cf17ee3f95,false
9b2ce15678bbc9a83624331f6153bad55dccaa90,false
9246e64ddfbcce9fe10a31a43f80d4d32ad73c05,false
5a45e784461fa881529fd17d08733bacb6c34927,false
b696ae9ca60627b8a18ca9107947d1155c6a2463,false
e06852a3a4ca9b1e25023248afe307b8a1c1a68b,false
cce1f97910164707ef008b96eb557206c681c93c,false
8394274d39db0f2db399c535117607e9a397ca7e,true
a25749e8ff613732e9dda9f3adcf76f429dfe9f4,true
4916a4e0bf47bee6e7f15fba7b83352c50d0f78e,false
c94c6ae479486f43c0a0867cdb80ed849476334d,false
dc66d606310051cdf3531feb39504b59792fd643,false
15cd049ab6b2b5706e81ecf35ec133895e075c97,false
03e7d7bb6167093845e5658318119748280448cb,false
c011c6e2eacc690cee583fe6fc31c4ae6e869ee6,false
2caf641c7c2128da6770ebaf8b90da6260480c2e,false
e5b91b856978cf0df755d0c8b5de6ee8bb28083c,false
c8aa0dc31f6009c39b5f764d716178f005925d4e,false
2ae89157f20bc6f28d21d2d702b050959efcadef,false
57d31cefcaa7149b74aa26be9fcee2e73e2abe81,false
c4ef3501691c8097977f3a949b1c7f692547eb2f,false
eff6946657c75d8ed5ea4fb38cbe501ecc1ea643,false
5b23caff4c2e6ac8161a5358eec1eb4cf94b5c0c,false
846d69cc348460bc5928cdb0427d0e98fd01e3ed,false
23f1fb8523c01440c3e37bb31df7c10ec97e3eb7,false
bb11124ce55c55528296e60961bd4b5e4ef0d2ae,false
cf2a2466fd50138417c3b5ba2d8f75023f6b3655,false
c18fea59d0cce46eaf60a5825f33cf90b510d4fd,false
e7274cb0eee05a16ad3dd45fb5a09c0da377667f,false
6c0fdf097eeaefc90074acee2e9db49719702895,false
09a5b3bbc2d99221bacfd48498c168a2ac447ded,false
8cab94a8a610fda9d35049a93799d4a7e96fe09e,true
722fad49d7ddb54e7e02fd78f313430995d228e4,false
6c678caa7f127338b48c97988465c39ad06b5e7a,false
1fa1271ec4efd029e8fdc7161c7374b1ef959c6b,false
d08c4ffd2295ba82f307502df2b84e19ee5fb9d9,false
7995f748f7168d170ea58d56dea0eb5d06095b3a,false
8d24a5f49975910599defcff79391692bc7ae3c4,false
fd56c935951354177ac74a2d3a8b231188e99b7e,false
da897f3f6467225da16bfcb4a53bce4215419954,true
d9974f26178178bfc229d07efc6994567fd1b831,false
535b19b8ad6f823b5aab5070db3bf14261aef16d,false
87054541894f2ca0092491de338ad6596e788ee6,false
efedefe98ceefed1bc7337bad4499f400166351d,false
e53e1afd5f2fa8bcfe00ab479acee7c9d59b5b66,false
6fa965b45f9d52f0c35ea57583963e48a87da68d,false
b6c436ebd9561f8720a552d7f85a532a5636b800,false
0261812eb4f666c2d2572c306c773ece4d6b93f8,false
62d6b5f3fdd05b34a77ef2736f46727b0c7f3038,false
19a1b875a478f2404c4c21dee85881ee40697e96,false
cea2562ffe93e3e927b6965a709b3fb4fd4e653a,false
b183ecc8355d05d8f61e7e0fd5730b1bf9b82894,false
c2791f27a92cc85d39e352396be4244109d81e55,false
fe387bb8762539523ba1bc6ba1defe5cac40ceb2,false
bdeb31d36c638084dc0bebd43014ae219883a944,true
e2df3d094943840f434083d168106847e42b2648,false
d0d33c261653e0997ad11aa82e57102ac4f400bf,false
0551db7024ee13e027dbc10f9ceee4978cef47d0,false
e904f316c18e23ee8b543983f78b605ba7967167,false
25ba923e63a18172a2dde08909ed7c55889cfaeb,true
3be89f04e49af918515bbe6903ff83b8f4822728,false
176eb84af33615eed093fde100fcc90623fb97c7,false
ab5249f213ad95d3d6ec706e8c8b3263acf0949d,false
c40da2f7f7fda291ebbbccf44191b6b5c8617c1a,true
c9c7070fa5d3c54e70d6b10da238ee70ae2eca57,true
491c52bb7b035b052a9092eb39835e08a9d293f1,false
351e333b50dedd2921b424d5a676ded9c9c43eaa,false
a86aab404332675a5ba2374d0d0f65f11fe59058,false
94846d8251993d3c3ff653fb0831bbe2d0df21e1,false
2f2989deb3e7cd0735794dc844ffb05a4469bdb2,false
f6f935387191e67e3a2a54568f87601d9bf4ab8d,true
a8e140e3544c9479340135cf2579d7c05543ff18,false
6bce1a6552f5cbdc4ab166d5eb965b2db31f47d4,false
9217217cce596d522e5247ae299a98bfb5fc8712,false
e762a70badd30f1e68d1b57e769097eb6621661d,false
8ebf248f0f522828cf2d8d55a95ee901df8c54c8,false
224ff09a280773daa5b1f30cc934c7d9c40ea995,false
c2a8daaec42fcaf2a34e1ccadbd49d9f4ddd9463,false
c402d1453185a08f6cfb59c85f7af2ac3e0bd2ec,false
b9375a544af56c00ded6cc17f5d4322dbb633529,false
4e570e477d9c751418c21c8ceda69231743f59eb,false
cdc6a47e5f6fe28ff57fd2759eb5177885e9b821,true
fa8234a180c74dc0e1e1b2d6513c1786c228df75,false
029ba621a6e7b1bcab54f42dfe65fb56eb50d07c,false
4e26d5acf016f9b5b5d237037cd675d4a10ce1fd,false
634023286b5a4b2a732bf48419d9fc35bb0af53a,true
6aa2ed345fffe404dd0b5f23da96400f5ea66f8f,false
837ae53387b4cb90499c390dd1fd5ee042a81c7c,false
3b727747deb19b0ced1a1af750b0ec2ce696c14d,false
bafc784fbcac2a50f45722f16d388715f4ace9db,true
7464909332db8f9b7473caa03578594f47f10400,false
867bfeede66f4c54c01d323cd955c10bc056d6a2,false
18a88b6d40c5c22bd506ccb15d3303f029f94a27,false
edf2ddaa334eee53b82de5df1f1b570acea306bf,false
1d319d8a6f6da6b578f2cdeb102f3a06c695bb13,false
64cfe3d399f074219a13d6f46cf290df4363175c,false
dd9d7c1d786c35ac508184651e08da2839cf26df,false
5279767dcd2b444c788cd37272aca236a08af093,false
b8c4cb88f0abdd2ffa88365d89e28c4a20bb1208,false
74258ed3f6f42c0e874c022ecb2a6263f73cda05,false
1e66ffe115344b9fc542c62000e563a20b8dd89f,false
30803fdcbde776ddb734e8d95480b1e044c84339,false
329ddbfd38db2e48a8fb463d1c5a7a3d1662b8e2,false
3b84d44908e574233d11868227228dc20b945ef9,false
7cde8bf1b83cadeb644d803ea5a516130287a090,false
9551078ebaa0bf62750d782be83d9fdf3218b30e,false
43a65019789bb1891111855a70860e8a49fb589b,false
b9cc67500f5973ab71439da97582157467631ac0,false
c7cd0f4924d56620a98c1661e95f0945dc55e141,false
729f69d6bc0d49f6609172267d502160e6d05a8a,false
f12e400097bd2e0cde342b223fb5d307207943e4,false
0391497a102710c8b68a5ced0f10cd1b3599807c,false
c1d351925db80ce8f4b9b2c607da9340a994e5cf,false
25f3e65b3ce1c96bb31d6295ee103cc96b631926,true
e99197051ab5b89334d26f48810501804d77de18,false
1473ac583636ffb43505088f90716703fcd61e91,true
a5c65039d6308c91604a6c87695af254aa88236d,false
79044117741b7477f7ca16ca1a4e0950679badc1,false
41450320b1a3382e4ef3330397e034e8d9b4373b,false
bee70146c2bc7dd85c4328db0b97077d443e4fd2,false
282ce68e9fdd2abffdc50a13112482a1dd3a9789,true
c679acf710a0d50ab769b61d2b6774e3c34d59b1,false
0542d674b699112d5a524b09e13428bf7f4efc39,false
f97b05074ad0f36706306446a5e573d15afe7764,false
94fac133bf81e63e8975ea6bf799e2202771a8b2,false
b167cb845f3070cf3acd23cf2da5760752432b13,false
f3ca992eb375dde7feacd0f098fc290dbc2679cb,false
a05218261ded8b0d9bbeaa67483db5ba380df95b,false
a9a371a903ee0a1ad1c56bfe33fbff4d03f2786c,false
c8e174fb28381f3c6f62d5ec9951dc82a323e372,false
d9607a7d448bd7cdf6167f67a4983a306a644acd,false
500cddcc594b18fc60ad0a77f90fb3471b6841c2,true
b15f00726575244de45e897f44a0c357d181fe90,true
262c0db761bfebc330f3bd7304cca72979f958cc,false
3ac44c59a24c9f3a808dec63c4924952d0e108c8,false
98fc0a9e0818c662f56175d863b62b164c4acb44,false
bd41152b8ed85836b11bcfd4e49ab8f227cf184c,false
c4942b1156e2ceae78c2f0901be23f6f6f6aa174,false
fd0e2775e4cec658a93fe1c72dabb67127dc3bbc,false
6f77e598274169ec1b2b2774d745891cdeeb7c51,true
0bf73891bb1afc09dd802dc2ce5b685788eb35a4,false
a63824c2057515d4244b029053250acabed77d97,false
a5033cc74966393637f76d4dcfedd735550544ff,false
711648bb4b42f21b900ef1d76dc2e5ad956aa8ce,false
238c0d19802d71a6ab971a71b5750186b9935f99,false
cce7d6ae81823e7b76778fa0a93139e3bce7155b,false
85968cd37419b1e977c6b407703a98c24ad7dc4f,false
f12b88ae416b6ecbd4f9ab620ec6945e5c817291,false
e7c4bc6cfbaa0cec03657388512be8ad540875ff,false
abc70bf53ef2362b9244145ee105ead52615149c,false
e6d81e45048964e2a321f0ae3abec21b08d33d18,false
ca6be5e72ea46e743c0f0332162e284bc37c2e9d,false
e4fdb387df772bfb62367e74b8ab275a13ce5363,false
6868f9ae06c3eff8545769b603d07922f746e810,false
4d94983b9b6ffe8b5ae1925a0a5a08e95ce4102d,false
24b4df9b79b36007a8a2a3e2580aa7551c79b48d,true
689c142bcd5882206feeaf033577a5165a7a16da,false
0a1ae38fd93df49aac51e1e67155e486ac7d8358,true
6471d0e6080b72f4e1d2806f2cdca0ca3c80b004,false
bf89f53fa45fa35fe8393bac8ed1ef0771741e71,false
1bd9d9d2b75f540d837ac4dcd3c4c5195332221a,false
49f580bc89684c356a53862e6783ff20587d4f2b,false
c7d21f6f7144910c8052556c243d668f2f0b5673,false
8764ff473027dc5a35d2e35576e767a8f95a59e8,false
d92864bd78c1e1729e20c1cdaf3048def51b99b8,false
81975fc1193b928474340724296333cdc3be921f,false
03dcf77d678904a8b6b4025be4659e15b3ef8a47,false
000ec00cb56efc24afae2bf4ae327ee602f8cded,false
ff06f426ff9d44a45c319074f277f692a77a77e3,false
0976aef33fb72d52b2e61beac0221353a1ebc308,true
f1eb978da131ff0d005e922ec21a4c8a44288c85,false
8ad4299a9278f41596b60419afd9c6f3ed435463,false
684b83608e1dd9738bead94c17ea5efb894e8969,false
0f89e7b74121f02774169e88db34e2d86ad6c444,false
809bf7e31aaf2dfb8fa198ad797d0224ede1ada4,false
661ada8e121876eaebeb53a20757411599da9b15,true
9483290cf46a0199b35d1e8570cf01a302c71f66,false
87d40fb304f06cab9d507f9721fb6c4c1f138ad7,false
664c5e438a223dd7749a268d563da6460830d4a2,false
dd2caf13190a6d020068e2bab0c6cd334856b69a,false
2365406cb07c71736eb7af8087b62d784a5063c2,false
5f98c96ffe136308963aaad6fc886e16f5bc9e79,false
3f32cf170438d3c752b9175bb540db6bf824733a,true
52b334451eaf62c3cfec99493a90eade8aa3c840,false
e745fba8ff16e14d822b18b11b10d0af162192e7,false
5c207bb380dfc006d39bb40392ad91ce88fba1bb,false
3fec5efdc592d300855d97e850c15cf19887dd77,false
c7f1c2e631712ce5886e552229629fff534274c1,false
df0e4e2c98c7d20df3d6c4bc678c1c58c1ae7ae2,false
a9b528e674c9ea1792c871efe0bc324d4670306d,false
cddffe9780bfd5820197f66df19a1bc5307ae44d,false
7527cdbe780c768705184e7561f87cb3bd621988,false
c46258fdb3b6ecc2811e6de21e2108dade869989,false
3e85101dad5856e04e34fc9eb1b91f8f693dceea,false
34f92d7aaca059613c7c2441c9cd1cf04284f342,false
6b10725bafb2c10e4efe61f6b52650ccb5d93e11,false
440368c568004c5d2f7a21f1521580a4e2c58e15,false
a3e7bd5b57e80f7da8f3703fdc2f4177f357e2a3,false
01460e00b4461164ea825ff2a07829c1de33a26e,false
7458187334d00fe8d0db8fcf92434c331968627d,false
438744acc288c1b633beb19b06b8035a81960ce5,true
14168a3a37f8f5703584755abb79c9fcbf303d04,false
73ce6083b615f895ef3925b3cfe48e86c1972373,false
5cc7c76d88645df7cb775fe5e4b6041423b85e39,false
6a7cc02192c47279b40b25c7209026ef2bdcf3d6,false
bb7f8241bad9b47a92e178605d8d17aaa35e3b65,false
d7d79e7edac9bf7da3e018e6d730a4a22a510502,false
d8b1ced4c6a4eda1623f6f3f980a28fa358d4acd,false
ecf3ede921193498f939c44f15608ba36d0bb8a3,false
8fd72bf6dd02ed91325c6843a63ade8853834079,true
3221df471ea73e8b67f4fffb8232b5dee82f00d5,true
8ab85837dcfd6e539682fcd63cc223f9aec30b4c,false
29a9d6d9108ef3ec7fc229440e60ed6d8f1a169d,false
7296be7af455b3643396940d5c8fae17f09b3428,false
b63023ed22003b2e8952d021c07c28c6b40cebae,true
39cd8bea5b1813d2c0b36756b3fef4b0a8c46246,true
e3f3a02d8afe71d1b0851e919e6d4d53ed9dc647,false
c764ed99af05349f72b01106f03cab33129a1449,false
38e939d368cf98687b495aca97932e13e6c3c024,false
02956752539282b828ca49c2e90b94e8950cf768,false
b0a499d270a1c8f402c560cf737678a7db661ec7,false
7783f958a235e9f346cdddf3e126665f4ed4fc3e,false
d4f5f46c9b6282e7b54bc838e10b7ade0b166695,false
33591d7d0a32b64744e0a2f29532df9a55e79a42,true
a53a534555e9544ac01d0ee16f1ba771821be0a6,true
578763fbec0d6ac924b3826d44c9c23ecb838312,false
a9e912d75fce46201324ce879717c3d94183fcb7,false
c097e466abf47a4d5de6fdf7e9b7fe28bfb0ad11,false
7aa4ecb435d785561d9f0b2cca4623bb367b2423,false
ee8af0856af8fd1f5385968869ca1318ddca7284,false
0effa8620ca7acc8cb897af9bbc151635d222890,true
8871deff88cfb18f976238d913cdb2e6321162c9,false
13aa2f469a5676b969722fa3b4400eaba98d11cc,false
4f1a604b371b585f8dc9f016b416832d4fd72ae4,false
f646d05315be0504b630c4617043c8191d4b3680,false
806f39dd48fb7edbc15186adfb53ab907b9427a9,false
4578b2998d9ec7d21b91ea226449325fd5fe3caf,false
b5471989befbf137cac204f1b5fee8b05ef1e721,true
f305496c4bb754b7aba33c1fd6366b1cd0d22eca,false
54b01f9994d38bc0dd9fb8ff8f5915405aa504a4,false
f9dc0b4492821c894b84b2fd3a5e6e57322d50f2,false
b53934490ac042dd57c49d92675bec51727d54b0,false
b11e25f72a936dd855df86ca1d1481a964462091,false
a1b08ad647ebf586855e510c18c65df13f35245c,false
e8326ebff58243301bc049955a1bdb1c8b8d900c,false
87ba629faa1e8f0aec162c42e58a4d9e57def0a5,false
0901b653e9e357cf011dd6a435dfe36234003c0b,false
5483980385de476e5a981edcfbcaa0fe1c889999,false
b5d3059f5b270dde1c43f123e2bcb7d5f1cb123d,false
2325e74e81f73d2a0564413fc31c2dbd31aa8258,false
18c30f861c80aface5a54836afdeaa27d7c52893,false
ce63a5cf09a72a221e57980cb501e20b6b50faca,true
a8fcd99395ccb800d2f41fe32b3023a9b11d11ce,true
c3ee4d1a4e5175c8ae3d26c3d7ecd98a876dbfff,false
c6eaaff32f3a20043b49a1a39592bdfa01a56cfe,false
6753d243bf2cad69e90cc8f8023f5646a6e18457,false
a2cd461b2112131a6b7c6b9da2da417e7ffc85fd,false
9e851d9f4c20859e88515de9de8f0f56d432e246,false
6aa74b9e4542c986d1721858ddcac39ad59612ba,false
61ad1211a55afc0b8a76475a69011959a793220c,false
ee60b9b5c7eecac1dbdaa76236585162b56bcb2f,false
6c45d9ab453746a66acfd77c064b19fb76194b91,false
958c458a2d036e2b3994ccea0b0a3d5682e940dd,false
1a7f2ca21d66b864eba006c75759b3e04129a4f3,false
a10be084fd2a0b00513ae7a8fb6591d13ddfb8af,false
8085c7d6b5688c5c414aad169b0b0c2c378b5157,true
cfdb51cce0dc1648bd92d3b95545169ec969f820,false
39d2efc5c26e767c114c3c52cc9cc4d004d76958,false
681df591a32ac5d75acfacbd0fc7091354139d61,false
3a680c2c56a9188ccbf9fda08523d7c3f0c57968,false
66b16b03330d4c5891839214f13274044ef65260,false
b16755d8eca106573fc63c4e18c9f2dc9b9094f2,false
02a6b93727e76e9d6532994ea30663c2578d2131,false
c85a90e6e14af1bfad452c5cba84ee1f45ce5be6,false
78c26e7c9b41908e65ecf6c341f7c87dd2f21e34,false
cd3a37b3eb42147f369677e9b96370461a906037,false
db0e84e137cfbb664b1a9567388457c5a108aa5a,false
ee8704bf6ce858745674e2c94e90201ba5ea7096,false
3491ab02ae10dbf85edb34c7c4353c5ad1420159,false
23b39d6d07aa895a5540c2d65c883cd3080f2959,false
f22266516405cdf6aa3832f9b6828d4ed13d967d,false
467d3ad049f7c6ede5d9b3cc7e8d05426491b9c1,false
c0c8cfad2a05cff3f7d1541848010aa14558303a,false
b051fcda7c4f8b98283128d98e9bcc100826517c,false
a87ee1cd14db53fbaa7dc08ada753f0e82685fbd,false
4ca020788cde80b56ab7f377908f06db9563ea03,true
6cdba687061b5d292887ecf991368684a7c6f059,false
9a153816c95436b5ad7e2b6c5b246d0d0487a4b0,false
4cde9e5d46caeb7f0116f412804f217390826b26,false
a6a823a72b0bd07472edb2d5dbf937bdc0683647,false
31e039dd7c4f91b45ab27f8336ad846150fbabca,false
220b186bb163610f90b223cff40f30a682303033,false
c7cbbe531e27439b6327c12583e52b92457d6078,false
c46d2cef6a823b4f9929cdc582c9c79a225d5d11,false
17ace218a4df3e5753ffe9c9534880222f9f1499,false
d99a9be75563f7deb67354bea375c602372bfc65,false
cfbe350db1fb53e6cfed724a3555b32334338311,false
088097c73fa0c9e4f960d711d54ab578c73dfd9d,false
9fd9efabc3acbf2c1202caf34da90588438606e4,false
8ad6ea3d9169d1421cf8f6b3c62c49d0381dedc1,false
fc61de48de69e841a38400ab4e7478e8f0769485,false
51bea2b071b163cbe4826e7de9930711a7d61bb4,false
19ddcd377e2903b8d85952093cb64258f44ffd33,false
26c293fe10a5f36427fbf3c1761e7469a462c56c,false
66a57bac91a8c74b578ba341af654a88368b57e9,false
304b07e70f0e947dcafe4bb2b59da64c36ef08b6,false
1759a119dcc1bb371f7b8a59994680081fdc6d41,false
61957ab4ef5dc28efe58c6b12db6bf1b82fcd6e2,false
05b54dadc163f331f29700e3d6ac798160415b13,false
5d2403f954e414eaae918dc8339bd8a69ff52c89,false
d8e20b9d07d3d763a043d4743bbc2e3e56f1f69b,false
f4dc766b31cebb3165558b3598628720b27bf62a,false
2f44887f45c1135a3be57f2ea065abf8266e1323,true
9db1e8796c549e91c198e074c57e6235b89de687,false
e5eb4809a431c0294bc3cd83700e9efb0b84112b,true
8e5e1f0eddc694b0f5d5e104507452dd1439deff,false
663459ccc740824be87a697a46074461df3ad979,false
8ee8952b7f776b1185f601e132000820154d22d3,false
4458c267b3bd7c140c935eab8401ad3ad396c5b9,false
faf10113b012c437fefbebdd872f46bbf074f83b,true
5d2ff6664e240c432c92d83672ea30487b13205d,true
2ca3474777cdc01b6c8fabe4aca66d8b2b071df0,false
e71404c91b0735c10b29727c8cad6a890f3dd611,false
6d113299bbb8fa48b3c910a02a79c5aae6a4a964,false
5d3292f056586c46722104b58a8fd34d70acb318,true
a791b67a16ad30353c860abbe4dfde1eb8a07c20,false
25bdfb16d41e563298b67abab532bf7f3f96f420,false
21b28684817d991f740ead2ef70145b831d3d304,false
e209ee48b4d1d9ec74813b63ef0c7efbf83fec7f,true
8f7080551bfdc7d08710dfbca53d7f3dd8d995fc,false
77eb3a68e1905211b2f1dca8d28c8cf7f0ac92d0,false
8f48fb5604ab9571caedb2765e63305d4bbf4fb9,false
ce7b8adb3bf0ef03ee030bea86255ce9add0e11c,false
8c19afc6c2a9d7ca92259048a7c256ff7fb4ff88,true
f583492a4e19ecb8ba8b6ef4dddc09a41d693cd0,false
122c12f89908069657ac0e59f0164ed7a4b03050,false
75fd77d06491e2d2b960c438915570f3d22f18eb,false
d81ed8df7953fd27bc655f1f6a08d32d2a5235ea,false
298870a20d5ea0b52bcb165914294c0d75ccfdb2,false
6aeef2201d09daa428e00afabec2597d433295c9,false
2a7d356b25b447a453c75cdb88377589bd8c2ab1,true
6bee42281777afa1dc7ee1036f0098fa3e9509a6,true
00e0a9a190d8768ec32d906d1931af2a37841cdc,false
c9442f55ffa1b8d64844ace639bb86310c88ab8c,true
c7453f806cc4e293968125a6fc36535edc76f956,false
46f6250f38c3d73768bc02d8c2477e4b66acc83b,false
abf7473d822351334210cf9b0754187027e6b82f,true
f401955052140cd858b9fdb7468cc24b498f65ae,false
d859fa5ccfda2dade85c822cfae65c558f8cf6ae,true
fa26834682c0283cc2add23bfecfb783ce53971e,false
bd54f31b38665c78b435b71fd61950a9581981fe,false
05d04c5e1f99d3e03deba8bd52839c16e99d106f,false
bfa336e1c3e337e356e115fa73e6b3a798a0c322,false
0f43adc5bffa67b89dd58324759278e57f27c299,false
45e14254a7dba619f0b9b0fbc11c41f5014e3c4d,false
1b7c1635d10236bfb9f3f6ecc8a02f0ec9bf604c,false
b0e8cfb7dc0c79b0714d2aabc83e02ecd1ccdab4,false
886b071e856ca2e96724981337264268fad96c74,false
fe89ff42f6811b2131f7b8fd93a7b9840e0d78ce,true
02d7a185d557b42735742bd3d63e4e8d48bb0770,false
dbf895e80fa128ae6db7658cb27737afa1119c7d,false
e18cc9b92be75ee3536da6e2a6977f095342c759,false
76a4c778f2df231e002f0cab54fe1e97d97fc336,false
1b8e5f58634f38642ee28b1d45c779d093b60bf9,false
6a811189b702f86f013e418459a2d91f758ab57b,false
99a35cbeb45795916b339c6c6739831437c83da4,false
34a85889b93d0f06344d8f1cd2b859ae001a436c,false
24266a7a2e72b94548610e175f3ca133e2669b4a,false
ff58a3ba10514742a72ce70f54379473672e802f,true
014f5de30f327d0b27003900f16723668a460eb0,true
88fb155c12964c2971247cf34d75d4f5e407e1d1,false
d578c06b1f88ac8fe200986c8ce026076d31021e,false
5943c396ab0a42be6f68c37e165807a2684ad6f7,false
3cc2eb46cd9c63800bae7e434ad4d2e334ec5efc,false
fc0e081079e5000316f63f19ccad5bb48eecbbe0,false
25f2a0c4d884b16fb8f0667d3e9ff030ff821a0e,false
3dd3f70002d0f36bf2195d219915d45152fbf27c,true
47aef2c2cbb4664456b09734b101229da340fa4d,true
f38d1041de4ba074041469927184a64a695642f6,false
1c82697a2792fc3c652b6b924c63d96379a74873,false
c486ec7c37de7ffc24ab5717c6d1625a03334173,true
200b6fd8de8eb01d12e55dbb1e00084f7b396119,false
bc2e2ec1f3997e4f3736b4d105713cd09ef248bb,false
fa5f9621d7e5109872b83dba5e3da5156af049e8,true
2b35c86fc5b33be03381bcb7b8913c2ace0860f0,false
eb4dd1f1b090b7c869d8ec57c3e2b33df0db0935,false
20226dcfba7c5505b14aace4a5ec3bbc23c375c1,false
f1fd701ca90f12dcb415405670eaa7c103f4cfe8,false
52b21a61974d1ebd4e1178b17f6fc38aa0a2202e,false
7d2dbc4260fba848c7cad40bdcca1ff6e23f378e,false
0216b24e52e20bf850e8e1a6c7928e045379637d,false
692b235725eb14e93bab1decc5039afd41824824,false
45f3fd7cbc0850b3f4d38bb467047183b9cf6f1e,true
5dc482d33cb4a4453fd8f86a456f11ccfcf910d1,false
479f95ba67a1643a9bf494e146f9af825c6c3b66,false
63be98148fe26f82ab1e9b72363e22ff53463606,false
5bcf3aac73ca7e2d97da00c0a9910517b2d8d52c,true
1a8e26116a48c67d0251a36862fb1a83199df0dd,false
46f6a9b6013b3e61044bbf6c68ce0854ea70e498,true
b33f6d1a45f1588e8f9dcee55461f5ce51e5a412,false
a8c1b32a1d96a5a7bb9d63ee343b75f3342923cf,false
a7800da55c6464e47e38eb0600a967c143055d6d,true
dc12245da31b781c6cd09344f468fb3354d001f1,false
385fcf032bb3badaa0de32cd179d8488c036fdd2,false
b65c2dde5a70d5e127a9a4531979908a1cee0061,false
adcf613857c7113eaa676e70e877df13797cc660,false
4bfc005d17b431c28a0b6b69136b8eef44619587,false
f2a2a770d93b053042dbfde1cb3cc266a6857487,false
cd1b31fdee23810880cccb1eb2a41afa6cf91062,false
f82e8b9b80bb85d84a0f5f484e4566e85ac0fa0d,false
4eb927b8c53b9fe19570213a15ab86165fd4eee9,false
0e012c2f5419cec75aa79f4b1d5cd2882a132264,false
d7740e463c179e12c6a5ea3a10dec3c4d1b6a650,false
464c68f74cf1b17cdba258cc20ebd25ef49f0e1a,false
e41ae12ad1cf07a39a82e4ce887246d95d17be50,false
6a2e0e42e2665c1ae65f447c0499ff6db378a184,false
c87492bd1ad2343541e8c15537846a47f52faf68,false
e554276ae319a6b1e6902f3fa30b82356625424c,false
346282ef30c32bee171668dac1b523d3006a6bda,false
4287e42c7b7efb9240bf03fab9a04c5e6145feb5,false
4ba0704a48ec65780e94037e31be79fa34124cbd,true
ce41656372e925d7e8e70fbf757707cacf29ffb0,false
cac03e90cc197f45cb4bbe3c2aa004cfb25038f6,true
b5f99e44b3582b6aa8a0a8d32f7e25b7d0781dde,false
c854eea849f207cdc34fbd890448f6d646f0318f,false
96bb69c9f3dcbfbfa642673e4d86a19bffd2e42f,false
f1e0ebfa92f5ef1d6e943318075f3e0d0a8b960e,false
291e3fdb576321dc57d125256dc3d9c86e5ac468,false
691ffbd4b9b1d1b577b425a2c168a402f26b6370,false
75d100fc9660675086c830c4177c0c6a2bfe9512,false
bb1c5679cd6b0a93f25bb910da290d900fd0c261,true
d765bcd0cb9e3c2dd45d23bd9893fcc350e320ea,true
f848609bc3a0ce49ccde37d8267127cec8af6d61,true
37608f1c564d4033d926c42101a74ef5906948da,true
61e8dd689c42072abd00fac4dd9465925fa22ce8,false
abf715dbfbc2ad2f0d05c765abf18825c7a97ab3,true
946fa2715c855ff0bec643f571680cf3d4fe1800,false
b28c262b491325f7ab788020d459048458ed72b6,false
31bfbc744fb82f17c7fbd40bf420aaf964e08d4c,false
349081d75a6fc8fb7e7e32106173a9c85a698b14,true
579af6b713ba85ec929267d0b53619b474c69005,true
bdc8ddcd1ce588dcada65325235a3384d9fa5545,true
3aa96116564b22a0e46da0b417698c2708329334,true
88fa5f334919e6307e89c965a29485f66c8b6d8b,false
2bb074ea487bc44a238a3a9eadb7533bdbd487fb,false
9408dfc10a95a39a3130cd8616255843c0f433db,false
11af0d71c233008bd176f1ebe4c77af7da4de4f3,true
22cb628232b5321f1995d9301e014038460788ed,false
7117cfe53ddc40986bd5e5186387e3e182035308,true
1d22b4d66af6c9552ac2ace3d86a70698bd24f5b,true
2ed9c352c793e062bf7a4e961563801b99788549,true
bba309b8ee93f68492f108d94611cb5cd35d6b22,false
ac32c3f9fc1f07f73c0139957ba1073ff16286b4,false
1a736bad0dedafd8f20975b92fb82342a5143270,false
4e81f837a4ba21f566560268b6b1563a55704673,false
25ee4bbf276ddd639f147f5fb03e7550ea1923b1,false
db02745272154921f3abe64a405bad5793bb26b1,false
ff2221902b1b9585a54b73f63da0beec98daca45,false
3e2c0056d6465af96466cb9bbc0efd5a9cdbc290,false
e23c769103583a8317b165ad2d457a57161e2f81,true
40805eb0bd6598385d85b90ba0e2821a42e20ebc,false
c12a8d4b6f278041581337cef82d91864c804c07,false
0024cd7a458b330de672805ac017aff0df32b8f7,false
339046d6dc872a383a6703d67184a5608e6e59b2,false
0815a978bc6c3d9f84bd1e70f8bdece5e6db293e,false
59dabfd7cd052032d6246a59f7b92f7c29ac73ce,false
7f7dc69fa45d13728216c0a655c59c2ae4fc487a,false
f16648900edc61552e16ef6a3cde9fa1075a6f0a,true
8588f096355e43ef0bc4b1eb30a5fa579c2345ce,false
2e3036361773634a8d24228daa1d1dc2b6a5b87c,true
db07336639a39eea04756000a615e323ed338bdb,false
23fe3c87c58d137e1595eaa873f281837cceedaa,false
005a3fb9e7f2e54baa0ad863b3bde73edb27777d,true
d89de417a75e1d8022b1c6346f6b0fbe9bf1efdc,true
d398d1571599e935309f7e6b680fddd64b03a34a,true
677ff39ae458176e48efb78e1788386eca7c14b0,false
58694875e76c735acb0a1323396e69b7df652d80,false
fada67c75cabf45e9ca7fd23ff704444675ddbc2,false
1f8b87614b0be893b9222586f38158d41c03046a,true
7fe6f84e84f4f47a90be76c080ca200177cff472,false
87fc091e4770e1a129815d9250f90ca17269844f,false
cbbe00d820aeed01746874dd6ea741d901c240e9,false
449f97583dd601e5072939f47507a899ecff31ab,false
af95d0943c123a178196a1f1c085764ab0637592,true
7ef2d3027e75a5585f82cadf3d6061beb86d77b3,false
f32f0e2050378084ae28a51d93236fac9eda0226,false
9f2854b9910af8c2a0b8e274ec92d7b1ac53ba12,false
e8b977e12ebeac8dbe4c053a29e11680df3f26db,false
fc62ef844209b260704cd1942fe1b49cda8593ce,false
6d8e90985801afc6c3271125a1a37da8df41c07c,false
06d44249fe6239d95542d46c13c08711a65b6429,false
f594220b5c55934c60a6580c9c1e420050e9c840,false
f2e22e9def6a53e7eeaa1e41ea1dd6db78fb9436,false
27aa8339ceaea017178da85e44f90c2dbd39a614,false
db2d7d7de6687f012996776adb94633ba6b565bd,false
84d1a57f4ec9471ea8d100b11b3cc58257275ff1,false
c4b59289aadb004cc6632620b61af994976b123d,false
96eabc807d632c3c53f6c9638adbe31443260058,false
4ef95e2cbd604b7336201a379000a35781beadc0,false
25c5e303e6bb9fabe0c87e679af3b2ec750f45e5,false
07a5134a3fbfc55085fd3a8dde2eb25d443cd925,false
a0490ae617f19503bbc2f501e185d75c7bf7dbba,false
734906c84d627ccb5f5f9ee242e71a0a5ae664ea,false
30e2854b682fa386fb2b296dedd0e65fd37118e1,false
588ef1041d6b73437167303f55b7b91daf4ee7a2,false
ee0b0883c9eb0d020bbae192dae21556088c8f2a,true
6f598cc1cf30a140fda07888f39ae449ab4333a3,false
2efbad5a9e194e50894b1ccbcc4d3fb2c5d76d66,false
6f7faaa9379f6fe21ed842e71f93a54505eff1fc,true
daf0d29f4eaa6be78f3f905592b008d9601e6b79,false
5fd3f3b8e4512be124189198d565cb8b17648b2d,false
2570f1b219cf2c77734d4e602c37e04c433a7614,true
bb73424af8090b7c3060bceba7289d76553ba2fc,true
720d2b395d14103ebbbe11400df81d6e8b0abca6,true
691892bafb8cf20a56889eaacbab6a022f94b1b9,true
4c3fa9c688d5ad83d058d9a06b30135f3c07ae77,false
8bf34f2c2d685801f56df45e203cfccb6ccaecd6,false
9c9cee8152e67b996e51c9c97b5e5944a3cebc26,true
c477647f6f1d4a41a2276459ca74174d5678476c,false
675cf4a9814e9460b81e5d767dd69c5324797128,false
ff18f33e92bb4525485e3bbe6437ed16c5bfa4a2,false
b9fd0640f94a1dd8887c81a418cc5a7a01755bd3,false
169b7f3642dd6e1a38c30f69875083b74d4d42b2,false
433a541d72080ab0de1fbf8754e9294aa3a07c67,true
e502dd8b9f6269938e78b6c689a3d69d4e81e485,false
a46ca363aa2d775186439dcba014dedc71feba1e,false
4c214ff4a3c7ba1f7d535d9d46e3a646cbdb3d28,false
ce6d3b8dfb2bec862b9061154f08b9a3f49ee36b,false
2b43db04d11781e9e74468a23fc26e91e75527ff,false
939bec750adb4bab730a44be3d28fce7ecae0c30,false
ee2811be9796046475377a478d28910a8f1bbd4a,false
f04ce0d0d9dd86f619e59c479673168e3fb1f8ae,false
a2af22b4d67962672fd872a714af18030d6b6973,false
b4a6f686a0a19f296ab50e47354f784df33f6db8,false
17c627a013d249f78866e7ce1212d7d3b67b826c,false
f7927cc9ca70bb07338ecac19f7863bc51f35460,false
350313d55f30085c92199d1d1c83e6c89dfd425e,false
f70f28f2f8d189c98fd48ad98926f4a3d33c4d70,false
e5dd69ecb9e0c1a2f0baa8284f70bab96fc02521,false
5acb1a3e0656aad8c3bd20f484d73f7be3349b7f,false
257ae71e75281cac0abc20be2fcbc18e27d09a58,false
9d3247d3302b465b68a0bc966cc5a2bfe98c195b,false
4d4b7ff938e7a91bb755c5273c6bd7b327041238,false
d475a4df29eaefed5f2ee798381aebd074581a55,false
7d97ffab3ec1abf01916026701ccdda3a80f3103,false
aa386df1f41866467c5a39e177bcd4b35c993553,false
61ed7dc2df8970c0fe63c2cedbeb9b805f32b663,false
770763b8cb4d35284d9c31fba7d38eb0c5e4d5cf,false
6cd3d6e6304c04f07464500319a9ef737fbd184f,false
d685b2b417fcb290911b3849fcd940fb016e255f,false
ffa2f80a70a0b64a90826efae44b0d4500bc294c,false
58ec457ef0ea6164d2f134688c512223f591a507,false
e4cc673c1e1197be999339eac706ec84affe042f,false
07f1a201049c1608d591b30a04bbdae8e6418a88,false
907b38e4a3d91f6bcbf956d724e17ffbd765c112,false
3a3dc158495594aa83b8755e0cc86323790437f2,true
404d0d487a4348ed79bb31e4b1e3a473fb4713c1,false
84d8b45a017a464eeef6847aa49bfbffe2b1b816,false
a41f2a9a4f4a3fdbd5f7916427652a6ad609b2cb,false
3cfe06ac0268c232b7fa53f8da0ddd5991b23f35,false
8cfafb0512c18ca0e3951e16005c3aab7d534d1c,false
1741bd7f375bc1785ef4ac85d09f7da0d6dd1e62,true
3045d2b7ace575bee46549ef75078f3d5abc43e6,true
80fe5caed1d85bc4325b252c18535ec159460bc9,true
3ca2c41e69932f3434d30d7aea34e47ad20bf917,false
484c64571ca3ddd5a2b0cdf18eee4285ee6fcd1a,false
d4d61609d2af6697e0525567bb53a46afd574904,false
d260a435b22672ba4058bd5b3b6d42d0990b3ed5,false
8c09b8fb592359db7e1f4ec269f21048f56ec6cb,false
2f4f5c66b223de3929b83fa751f1bde406705a15,true
25e5d6049e7b11c8c6dca8ed05fee3bd1b4c427a,false
92753105709e824d9c2b41544d0764fdb9150c87,false
fb4d12cd951947be832274970cdd5905403100ba,false
32be0793ba5604a2981c2b47a7fb8a3451ce8ef7,false
8da9fb50e01919d628616972167de576fb479088,false
2b8799d70792427d57d1cec95a571eb84a286c19,false
fb89eecb3216e54cbd6fdbf11c52fa8b43e7158e,false
cece4227c6c5faca07307cb54f5e9278d0dd5ae9,false
f63e430cd9939ab80c1fd52933c3fc91be0f0ddf,false
a46cbfe3374b3f2554de2f90e48f8487bd4612fc,false
f167eb11003fa1265cc166eac623bb8db518b6d1,false
b0c8eeeecf68d0aef5053a4bb41b7191b5a53027,false
08cfac5c1a21c549e1d02d5102b14d2a0dedb45e,false
d1cae074da756761e93d46f6f52bbef9699ee62f,false
e558b2a7207394e528c4305771ec8610dadbcb6c,false
65dad2b261f7c5302042f06052e58619612cca6f,true
6a4d353edd3783280597231c396add1e5525fcb5,false
0b2f3886165260ec26b73d27fbaf5c25b7aa7cba,false
5a8b4e528c607436917a4696028718a8f9f86f26,true
347b5aee13f847077aa1e595cc6241060c4359ad,false
652f5673be817bbe500a83ba2230a370db3517f3,false
f71f64bfb60e9686c16841586a30d5889cca2f38,false
c3fd494f5bdee447787586a1d6b4c6acac6aec56,false
4f5a9df15f7529c9d99f512604aab08a946289aa,false
e0ac27d32934ddb34073bc8b934eb4c49a27af55,false
85e855adab89fbd4a06d5f3465a8c57a3c8df89d,false
6c57fe0af7530de03bc756f23a1486961d426fcc,false
dff9914f8dde2deb6582e86e4df5e8372754de3b,true
c322e21d93e372e5ca9ceff8f3cf5282bf7a0641,true
764e21b341555d02e8f8387c1b7d6083088974d0,false
a47b3f02f49da92b3d991d1da02abd4756644815,false
326f51444da98dcc8be76e3193affe34d6ff80c4,false
28827c494c8f9517545eb5bb52647ca7edd99b5d,false
8b6555af94daf4cc9fd4535373592232d4bf6aeb,false
8513c904e23b9528ac82076ce89ca1f782c94963,false
4b19d08715d8222d766beb4fa25bd3dc8719f17a,false
8026d85c791ad00133fdf7eecada646f273d9cac,true
6215f887fcf68f31b731874315d7eec361c40f6e,false
097adb12bf699607f99e8bce79579baec2f70ad5,false
2ed45361d4ad0f35394c60191fc175dd82aab1a7,false
3a5e93cd8042bbc2f9199eab7398cbf3b66c5acc,false
c86ba1a430e15b4e7cea7790f47a0fa4bae24b15,false
96ed25ebb0c95b8c888caa2517458af6106b60a2,false
a855574e1bed82ed3f3d8f27b76a4a92fe08663a,false
a345f6c1c90415655287b2d978528037bf4f25e4,false
b77fb56b9fc8a6fedcfc6766a332f23b3ca61cb7,false
ef983d0c7b5a91788f850e1e199b635265734e73,false
b2783ae84f6e94f6e7b79e043e69e036b270dd52,false
e48d1b2a17a6c9dcb9f300a9e3af2e344251cde3,false
244203895c42d97aebe1758b1d19b66e515ff6ea,false
5de9f9039be5e3dd01c59325ac02f4598d831a2a,false
704c3ae87ae9bc143cf6561ee8b3ccbc0b11df5c,true
10f1896b808f3a6cab8c1d6a6848236908a68343,true
b2b4d7a36d9c61e6e040f328b40e974cf146e443,true
551efe9dc6e9ee23823961378499a876d61066f3,false
74eb8ab68345e387f52fd260eff43f16a3fad26b,false
4e070208dd836cfbab91a6b19ed8d9aadff8f1b0,false
bb0f86e7003be7054afd792cad2ee5086f2bea63,true
84dc8ae55a380ba8b64900a54c9cfb52f9dcbaef,false
6bf8c6d5ff7ef48ce7685be2b657ebd570642419,false
cd3f5bc6acb0acaa0764546380998cb7bcb43787,true
222149164385489791851484586dfe6b4de025b9,false
ae3276ece716fd33bdaaf75ad29be13903f0f15b,false
cd6f9fe34b2972aaf32ec15452ae0623aaead1cc,false
364b0eb91f56cb21530e92911c2b8f14264c0870,false
8d8c5de10203b3148deb4a987b42946e967fca25,false
ad251b0edf652e3954727ed846c058c402a9d07d,false
9ce4de3f756c08abe3f8bdc9fa7e6ed346eabdb0,false
bf075058d70457dc9e49bbd9efeec64c7d74fe06,false
91a5e7ee41d4e88b26f8f756a20d0f0611f211fb,false
055b80007d3cd5c93a845e4faea9b9f1cad47863,false
023e63c81651ed53056cf0deacb9a442b42dc611,false
0a08dd240dfd0f9ac7bfde63227b9f4c67d459fe,true
72c11cebf24940c4fb594049c0e91e3a14a0a175,false
4aad2dec90be6bb4842f08a3917f83a3716b1ca7,false
21edbd65e3196d322dec4afdc8d83f4cd840b8b8,true
ef569a253ea88a848042d8aa0d51fec6ee39c5b0,true
24053cae7261bb955e502f32e9ad3367609b66f6,true
6ad21f8fbef9628e410285a631ec2341e7c8f264,true
bd829d84e72b7c204c26fa22b5faca55a3ec54f1,true
6ad2d1249dbb09d2957a301a8a3a64082f2262a6,true
b4ae7cc843fc5fd85c3faef5e0b846063f7a7c81,false
f4911bb329da80f7d37df20678919aa0861ab9ad,false
4cd7fc35182f60456b1dcced249615acd4faaff9,true
3a751a9a0c19ae962aaf726ea9b04e63b2714ee5,false
6a74f625cbfeb3a16dd61eed4e0a2a2bb919eb3c,false
a13ce8a1642cfe2ed6766101a414fe4d6431c176,false
b698364deff70f516355d385701f87eef8cc1337,true
e2cd5ff1d263054f22de5a0276afcc89969d11b4,false
4b2e6241e3c231370b402347198f00a9f923767a,false
1c36880adf2c34f69845103c5468766fe8d359c9,false
5a356f8db3d284b4d2dfea2920754da1b3e0cb5d,false
217a2a3c47602efd6aec0a05b27e36d7196d6382,false
dc56f2a8f8090802db4245a77e70d6659b1baca4,false
daadcbfa153d38f17e32fe3a8156260aeece0525,false
fc8c6a1cfeed8ebfb6db5d204c615710545ac8fe,false
c404011da2041da178e081a156686823a034a0c6,true
f4afcd842782116b96b84c43b7b0f3c671150aee,false
5f38304d6b4cbe164f69383a42b000a9026f8e22,false
be3dcd3118bd0e2c5f73811ef8a3dc5dd5cb1025,false
2b926bce9fccae827aa91627facdefe6d854b861,false
dfab7c7b872965f31ce79447286d47d9d06d3137,false
ea4668037d8146d0d0a158005009564983f55181,true
b7053a97ae96d0db5a62e1a5f40c811f9ff1d58b,false
a59f63330d4d7a3717b9b17d7dabc93049a60c1f,false
fecb34c69feb7b782a0b0a1f56dea6722040f709,false
a026ba674c8bd167e4a0893259044d8dac16cdf5,false
bb70c6ec12c2649c29f6edaf55a0a6292a2b57d7,false
c17c2a391e1d35aa0e014cb644f71bba265df894,false
a219853eb61d306451ac57be8de4cfe62e9a3310,true
6006c0f1a085e7376775445daa1a443eab6b2cb8,false
8825485beb93e8a7d9ae20f1f64496b3ef6b409e,false
6cdfbe9ce92ebd157f21d6d3de4a77b3b3e33cf4,false
b49f48eff186f787349523e38aa9f0ca061904d3,false
4da791d1bf60ac92c4b4428474d08437b817656e,false
c652e902058c33180b92df7b6d94e9a9c6818cca,false
0740847a7532a5225c7dcc33b95fd26781301fca,false
7590a0649e9f8befa2451b4b1ffe1def8501ad70,false
8cd961450baab3a4b33edc3d3c65b0bbd4b37bed,false
8db3c819a90d05ddfc7b309d5af7acfa618b6530,false
773aed1b8c97533febe7bc9f26583b276fc3238b,true
8f000479474dd2d1193ef71c8f70b5530448a614,true
a785344a4349a24210918fafe1787595cd67f4f0,false
6c1ff22d97afc4c2c4456982a4e9b0a79c32deab,false
6a9ddabceacae9a98bcf148eff8c2f7462fd06eb,false
21b47242e198b81922b714af824498683f465d86,false
92451ff08ce36e61affbf40ea9a87b3a8c410368,true
d2b3dc246a7042c5d14a0cf645e521f6b3e914dd,false
8e04c6cf7511bde89850d817a923479b1bec0240,false
0e286406865e9ab64a6d8739974ac6c3957b112e,false
34727ac436e99a5a2748b39628b931a945934620,false
1bffaf256a2dd3c29aed32e20e471de307be2527,false
a61ada2f93e4c26e8cfe40373c620d5d1bcf07d4,true
9997b5624c1ec3c5b3f47eef94d15ed7858f6bc3,false
4885e838a790513a42ec68a925ef8cc1c22ca13b,true
1493c65f174a7e5c2948e2f0ee826a41e21b2949,false
4c8e81d8efb6427b0f26c1121133763f676dac7d,false
06c1c18dd292966c9809b6a468814603531f0e2f,true
0ae4dac3f1ec1d15f97817ea2f6eeb9f1a96968c,false
4ba89ac4002dc07be3199c44b6955ad2c56eedae,false
264de4689674929d25c3d65471a161ce03b0b42c,false
c0f0f0e3fdf226166364f373e1d3382670c477bb,false
4e233cefaf3d93cf1646c0d2da437976c8696b21,false
64485657f78ee129246e1877b382128cf568ad76,false
4865a61bb2d63bbc68c5e2486726d0adeb1c3716,false
d0209968735eeec53e7c8675626ce515144459c1,false
6f96099992b76cc2cab6738bfe8adb38376b940c,false
bb212710bd9472ad758c138cfea2e37d0c24eb20,false
5191482f4d5d1c8abfde671224a41c723e98f3b4,false
929f9e318e345ea33a73139b3ac2d0eb1706ef4f,false
e68a8cc2c37459c8dc78397e9c2c4e4e0d9353bd,false
eb0bf89a558add2ca8bb0d5304f2803f90299a5f,false
06367756d1478657aabe2113661f46a28c6fb9ff,false
15e11203466268dfb6aba9ae6792702e1c7416ed,false
0b0a7da9ae227385a55e916c38747cbe311d180e,false
4ccbbb25a7b132cefa0e0671300593d67b71bc40,false
ab1abb87cbd09c12796e34c940b9e76c74d1ff44,false
3f2f22e12c91f848e3d81b2cfbda3afe20bcc841,false
00e31450fa078be081010d528998d7c1a15932ba,true
cfafc5dd450765d7aac391cc56429d0c465b5702,true
6af2600557e3562e8346be4ab4232413528c616f,false
16b330a7aaa02f96766119a59053d1b77d4f5abc,false
e2d80d554f35ffc761e9d26f603d77f18dc7595d,false
f45cb0ba193f86afc02e2be2cbfe5cef31ad1df1,false
06dc23d4b9d9cb1a76115d0a333875707bf0851f,false
9b6396816fa596acffc7efef0b3e8cb9eb8ca8f8,false
353eca063b4d0cc8a48441f8b9fc5262bc26dad8,false
5d5ef3c9412dac3d1c310a6538c986d31b76edfb,false
d86a9aae1ce4b122c7ed165477d31ff2f72278a4,true
76a4407720c7942d6886f1745b12eb4b7049d64b,false
46623fc99267e91cf9356ff632dc76ccc7a8ec85,false
130d4320974c0398eca6cabb815cc8db7bd71ea0,true
680c39f1eb734e8b8316b9276446095cb69cc38e,false
f61964567619e8001b2f473fe871cc8c29c2f007,true
2a27a051de99257c0cd78866a330b35fd3eeb963,false
95bc8f5aa40990cc8f1524e04fa7763ffa09e98e,false
f2c1844a9727b5214dbb1cf4e8c0de625afb2755,false
7d128e264f59dac65bb0c9a5d044db95de8519ec,true
7b9772f3998705047b89c054f05edd80bd095130,false
4a9a658ab7a87316314c6e318df6b0786e67cced,true
4c6edb500391db49f28ccccb74ab2dc159d1ef75,false
240b934f5ee3016021b323b2672e7823bca94207,true
7ea9b535ddcae0196c05731c29a753c635bc49f8,false
dd08d5c466860df048be22251d44afacb16f5fba,false
78dee96d8948914e5103f52d2e1718128ed5566f,false
bcf2ec97a6591e4367a72bb42645e55ba47005a4,false
c9a0aae27b754b321fd31a48aeb5c4e8a9cf4ce5,false
e5a153eeab8c849f863478d81a17402c984ccda3,false
05cb39b538bbfbf2609bba40f8d80c80bd171d8f,false
31f101ef4f4ebe713672741f08da43bf1a16c980,false
8a97121f36df565bebfce15cfa496be19224c110,false
abca3934f0139aa3bf43b913c1a20dcf5455ebda,true
e24703b7d0141f67dbda429649d37ffb89e2b24d,true
f540da8b579fa9545fd5900194f36eb0059c01c2,false
d5ebf0c942550b3db8e2e7eddc323011d8aee534,false
a459ecf4548995d2796f74ae556b30ba6da7f1e7,false
ed1c2897f81636e13bcf12365b0b012ab5599fc8,false
a8960adccf2dbd599c3ec0d26a11b8aa5468d82e,false
df172dc903478a8d999918dee09f9d05b8d5fa46,false
632ed3915c0e311da4f3286229f98193e0abe68e,false
6eedadc1d628dfb6daac4b6bdc50d72ea0b71cec,true
308600f398943b0247c4a7eba4057a737c6cbdbb,true
379bd9a3871dfef53fa9c473865f16f56a1226f9,false
d1c5ba685ca83c9b60171233869898c2526e8b85,false
2910d3e48e9f1ee59f84c8177f3fb15d68e70c3e,false
6836ed0bdf1ac67d3b2ff833b6fc416334ac938e,true
2c41fc4d8920f61f0ceca2a923221834f9ff0167,true
fd2f68ff665230ae2e4878b975a15b51fdec91ba,false
6c95a2194c0018a01595f7961c464713d2ec7424,false
ffeb6e35778949725bdd6525916b428e0f61a26d,false
f764b678595359985f155fd178fc52b15b5efd2d,false
7fbf6d75f628ef4953acb2f588b7afd832710ea1,false
37596ae2b745f4371b8193eb204eb0cb9e2ef4e6,false
e4b35a129d6cb7e01981bbd645ee122c9b540af3,false
6c3fedaf3c05793243df02a45278fd6bf434b9c1,false
1a8dddb31f557d7051bc017110ebf56bc4d2ef51,false
23b6ae086454a13bdc0ac7ab4d8302ef93dbad95,false
69cdc197449832f7b866b05756234347092415ce,false
9c3e7e17a9fa1e7a9dadbdb1a8857927157c2fd2,false
34a01443e78279beefad6b1b7914c074fb606690,false
1d1de295409f3a71b390dd2ccc66bb425cdd9a6c,true
78778c2eba88cbe5836d27fe07b4c1907192b67b,false
143bfe33e5af53ccca52fce1e8367f3455e500ce,false
e98d088009d6f83d886c1084ddcc5fd69e428967,true
7beb4a57d506737b1b1e6277d7d4f8f48e410dda,false
1488ad6796d9c57dd2ecb69b008154c51eab72e1,false
48decb0e704f4a8afd3c0f782e47c64d76819f13,false
c5f077af7b7b69bfeb0aff9ba28e0559cec61da0,false
06cb84a8f2280000f47d4bd4a169a4c90fe58f0c,true
33ab59990bd6d79030a26b66064ea34f53345b45,false
942c495e4dec9fe3cac872880db2a7b6a22dbb77,true
f9565ce4f31c0e53ffa143110bb2fa95a0e4021d,false
2957ca69607d85fa250d19290176eaba32825dc5,false
6b7de02d7b07a7c3361e0498c7e0b0aa0dde61f0,false
569cf71e71ebb364103d4ef3e6090204c0a1162d,false
4f8cc0be5adf1829a1807e8185274891c8fa5f3c,false
816555606c6e9661f9b8192ebd1f8524cf8ef047,false
0c084eef754429c9e09df6807f307d607c0c659f,true
8f4425a8f5735335930adf355e637bba759224c6,true
dbbf8493e29c7f92bdc1c200401db64cc46fc9b8,false
d218b00d9999314a138912d344b78dcf470a0e20,true
95aa11cecf47d157d31466616b7f172c67bd5344,true
4e3969249ec26d4f661706c813dd3d5eb2e01170,true
b420c70ae3cf2806fcf93c290fb7dc6b8f5d6c03,true
abe72144217d20a40b478281ac28544e8f74849f,false
40b905250a87a6f20477972ebbe1f2b7d03abad5,false
6be9cd1d2ce729d015f9c8451c53d4018273f043,true
6a380d48818434aec95664edce902bac4a18d2c8,true
d708ea8413595eda624f11a0085db169f234006b,true
54d8cc253297358974d9d9776260a3baa3e3040d,false
9b66b10614fcaa6e52af04ae72887b01b4476c31,false
f5f781cd4068907052a2e78b13f0b662ca834597,false
1924ce3c72e11e9a4f9e9f339a88d03bd5b0e4f6,false
9e40517dd5f8617cbe5b04f95dcce9e493536d02,true
242e1c190c37994d3c3c74a4f6e48ad32150f2fa,false
9dd5c2dbf5ed96664a5c75be680a9b2099889729,false
34da3fc49f649bd92b06812036d9575d41470f87,true
e6ea1fe7d985945cfb2a0c177a260aa2f0135384,false
d4df5bec00d537b94adede9a75476c5e757eb19e,false
25a59047b8fa26a540e2f088450899b10c9870dd,false
d03cd6a3f8f3f883799d32a48c7f4af2646eb2e2,false
e905be33c22e594555b1b1fb3d7abc9c1e08d1d7,false
f34b441d4a63af28932a43b8d5f1860a07a8a8e9,false
a0ccc9fc158fd0e7498ab979f69fdd5b5e8965cb,false
8b6223425b55d73a87fd40412a90884f8fc3ad74,false
7689f0ed3e9cc81ed7c193722fc446a24767a4ae,false
a939ddc05a73c704a5f21484583077fb817c9c78,false
5c9a164338e49c7e5ddbe284c125713f4e4c3273,true
9fe6a762bfe070f97cdddd8b9e37f16407776f49,false
8a876e73c385a3a15f863663cbacb6757dd117f8,false
5adcf4715d2e58ab0ff8fd2efe84b423fcb95967,false
12dac464773fa757369ad21e3e723782f1c30379,false
f3d62c34542296c37f20dcefcc284d975ecb611a,false
54da058fd7e5ebe74f100cff637108aa2df332b3,false
881fb8ddd91b6ed2a3c2258568641d7d31bdb874,false
aaafc9f197b1d4ee50ae2e253dd679b5bd6fcd96,false
55620af07245e3e3943895ae85ae3c130c260dbf,false
be6d9568ef536e75a434f53b1ef3d409d5751c8f,false
792ab20e1205fb791954f4d6818d2495e9b2e81f,false
d30d3647e1187a725420bb0430c5cef081265c63,false
521c96d654b0e61be2523719fe85697da7a0d7db,false
63f580556734582a63619accad813ce023881c8d,false
b8cca640f0f18916bb6b7efb7d7aade08ce516a2,false
142b01860118b9d5cca8b766b3a6b2152b3f52d1,false
2e1ae7655f4821ac2bf8aaac6474154bfe9b1818,false
349427fa042e2ecd0e100614a943487c929a614c,false
53e807cf6aa130d6564ada36a0879fcf38bc710a,false
c30607ba5539352e637617926b4a087eba7151c6,false
79dedca251d99e18af49c8467468f0f7f56e207b,false
90a5aebc5fcef2abe76b188882bc688493c7e519,false
0bcefa43c0e1706d4595a13586cb2611483f98ef,false
aa9b8cb1617d10816f7a07d4e07f52b237cee850,false
f75376adc38773183fe02e1db67cf94dbf62ced7,false
3108af516aea84dc9fbf541a46a7b0d302206334,false
1d151a03e0ff15526b7fa7c69429454a6b20767c,false
fda382db33e0d01f175ab57392a285a543547164,false
8043b7553d82c235d219ef9f6bc4bc2008d37462,false
d176bf965c55994d4612752ffbf170e892bdf24f,false
666709c81d300efdb558ee7b06e52e8b77c54850,false
e5912e757fc1e5dd2fb6dd37b35caf5d90c50c35,false
d1a65705faa58722a12f826404375bbfe584ab1e,false
6e13f460688a75c3d9acd1f684f8f57fdac5e1b0,true
f27b0ff652d433226e5809df82c615947b2a1e49,false
f7d7c576765daae6c043211fc57d0874b0eca1e7,false
ac5fde794748f5a810a1e5ee5aa687574a388395,false
d9832a23a6505f2a0c4ebf3707aa98bd0d589d8b,false
53a4c57acdecb8c7ff7ec8796164d1314ebc860b,false
e82dfe793c2fac4a3f2b161145ffd0a0d98b6fff,true
47cef769a83380a0a0f348c3caad1dae3befc4ff,false
24f1027a94570b1d9e94693e2d08521ea7db5e96,false
1cbc59320ac3c50a3f001c480dcbf8be513e59e1,false
9212ee8eac68542680fa09d02a83c237f5535d5f,false
e4b645ebcff95a1495af88bb0e06264e32e2d882,false
633321dac50c63a18ddd4e8da2a473e389a857c9,true
2e1012d40801c0b3a6e394c9f350db6d9655409a,false
5f94917b491837d7b777f22a6c26874a4445cf3d,false
40b2ba161895f7bbafc279e51f2bec4eef9a23cf,false
d71d9820d19bc7380c0a847af1d5cdfb7f776d64,false
6427b50328e85d659faca054a328a4a854e87d8f,true
fb98fd9411b8119f95d75990fc973ca663eb7488,false
fe5ea49b2aae08c91eece4dc34d15379b24c4095,false
3ae24225e7cfc498aca095aa965970a607282c3a,false
2292cb4a13b692539e9144d2d142b14d610839bb,false
7d6fcfac8dba4ce063819cad72a1be1b00fd1f3d,true
d0a154a0aeb0aba32be1c98515d1307cb02b1944,false
83bcc65d7a1814c8337a1b723fd57055ddd131c0,true
eeb96f0a5bd963b94019bfbdd75e2676f1eabefc,false
4309dea8874e0994273ddf8617104ec779f138fd,false
b9431117b13212c751b68fab1d028006218897c6,false
bc151315e3e0da11a989aa1e7f8a289a5f9ee1ad,false
bebf82cedaa580cfa13f54edd3859d2fc04f928e,false
4b8100c8839b8650758c7cf8872262e73194574e,true
0e8f0e9b638f2c3ee9028796ba989a8431f24bd4,true
3db09cf2691a1c5f8cb424e1f75b9b9e039e3aab,false
3e864f24592f18e7cac6a57bb44b04dec37c5e48,false
c612c9da74886ecc148bb5e994938180b8f32892,false
38331a960f6551a184aa805bb44cb45ee53ff0da,false
897f85f14fee2c602dda6bc96fbc1283c6e7b442,false
9a63d6c5b3fdfb8b199c339df5e29d2678b348c0,false
175c33a096d7046cf6dde7f695ef8ab7ab1d13c4,false
9e664a31ea650e3e5854fc1425fcff639bcaf784,false
2b988b0eed4119b3e7b7ba911735c6a5241942f7,false
98b3ff80591709db190bc9adab21f14758d6b1c8,false
0ed8559106ed4a74d5f31e47fd0435de971a02e8,false
8fb5093a211ae8fb2deea4731c4b2da70354d147,false
1f2a661f5c1d9209bb77017c4aec8271d63ac4e8,false
1db521565da72f54c4cb978140fb63beaed0fd90,false
938aac19ec52a7ae4dfc7694905ac49aca32a72a,false
6d51d81fa6fbf90ea14c3931ef14d225e78abdd0,false
23c910a62d767c8d12b3dabff38767007dd005d6,false
14262c3dbd2725b3b29f9ab4f4625f395830ccf6,false
28af0be01a66e526b56fd3c44cfdd24b3e054d4f,false
14eb994e3836d70408b44e4ed94da80a60070375,false
cf14d406416b63eaa326726f056e4566b04c1880,false
d606618a3a2c7b4aceb11a60a545828d9374bc2e,false
c0fd534372cdb70332cfa6583334f616528f4c69,false
bcf0dd63cfffd1b0d73f81633a8c6b5a765947cb,false
53940f2d8e0fc34a05d986907352d0a0df0b1525,false
d00fb4fcf109d077e5414c8f28c76489f63795f8,false
e715c1e27162bf1fd65cf87dae034d107abb37e3,false
fe31a4298e927a99cbfabfc09a6670854077297a,false
727f1d18cfdc515072048674de6e7c6738a4ea0d,false
d87cee26351007afb4583434e441f14a1e2d8f35,false
5c5fec90413001913f983ec7c1f8b2d632dd552b,false
29710c0f0ef3e929f4936e96b55dea156213859f,false
e61afe9293b8859ea00c9df7e34ae8e2778b4e6a,false
9d39e7c5a0e511432de1092e222bfec60f705601,false
c7f1b11b3da07395033cbae055124d2eb585b0bc,false
c58175af37083119fcd1776a17fa4f69372bf53b,false
98e9c257a6b3fad9e59fd061d2b590738bb01eca,false
5b167442125ca489954ca22e523219bd44f88045,true
b1a2be49990b865aa4ec9a658bf72a2f10369bcf,true
e9eba5b855197cd82241456a758a4fcf3fa9c001,false
337ca17a515875afbc02c70bdfc13085cba92617,false
305af790c823c6267ac6b6db6718699cd10b159c,false
c02d677d69c1c23c06e8d667e9b201e8a1edbdfa,false
01cb857c2b619691b796475616a2e368cd923d2e,false
42ac704abb6161c9caf6b2519417f9ff09d99125,false
2e2a4852ca2c9b47b467c8d66cf93248fba64eb3,false
003b549717da035c873d178b57f74ba6479324a3,false
2324cd2f284c5d9b92bd8bb4500dfd9ec971f168,false
206e260970e34c518932fb307b1b60187d5e8061,false
9c10f8fce86587793da45be7b96a590b83dcc276,false
705dcba3522884694c5562ef87b5d8a94ecba875,false
1559b841fd4ac8bc22bc9f00ebe4eb27c29c0800,false
465caa1f43ad1b8930c1c2b63bb1daafe714d242,false
52da40ee323348f78dd3b427be497f67e09b57a5,false
b624e6455fa110fa219cc681ad73824962f12e2f,false
60babbe714276aced584b377ea5c18dbfd1e8596,false
4a65115222e5a97dff87dfd1d4201fed250e8a4c,false
c427dad76fa4b6ea49901b56bec00e9bcf2368de,false
808639c739d3a487cb92d30dcca049c95b61da4d,false
986ab48b47c8f0f996e565f481a724e9c8869b32,false
80c061ea3db3d314b37a8a67736994d0eb795fc7,false
4dd29256cdb630bd68b2ba926f91c400aeb1ca27,false
c20b4446831f26e1fb6cda224ab936c8f0ba7227,false
df0aaac8e1a68660e9d159027f1fa62bf703f118,false
986aa951c0100b300e9f1b39e8b6b1bafd79e771,false
11d31fff6e929b062494b0520db85438aede5813,false
40cae4ad0857f217d6d96f91f89d9c10c189218f,false
51ec1a510943753133ef639951e883473d748baf,false
6b775991064793e203ae93c3c8bfea99ad463107,false
e790800b427ccc6c3f94cb630bdbe55488a6f6df,false
74b1998b42881298ce1c856c131c0026a884a6e6,false
c07d9d715e4fa7ff654aeaab2a8eab3d22323518,true
25674663209752d6fde175a1c3d4bb534239044f,false
dbec86be37b68c0b2543d88ac41d2030bd9a4103,false
a4a6719bff95f701d902262a3469ec83b5bdf282,false
3370ef62bf2cab2842eaab98f5d3ed1955a95d4a,false
d419278c52cb029fd3db676fff77d7001701168e,false
a3637b5c6d8291e484a7689207c4b0232ab8a7df,false
66aefd5ce1b71ff50c2effd4dfab6cc39644131e,false
7414960bbc62903ff1788a1f6e2c3fe1d8387460,false
4f8bf0ffccb33f756dfbc77ac6fde83b87c9c424,false
208a6471195cd30a15f57abfe909fcb7757d8359,false
d29215745ad4c674112ff8789ac192e0c6542b3c,false
2c37c7d774577041063cc33d4d19daa24fa78993,false
36e860316bc7131732c79a709cefdad9702b8e7b,false
be75ae43a9c8488a37c58f466e30e3f94d6f2035,false
c88df81583302ae8fd0fcc04889b7a9b3fbe43f1,false
2319934d9e2d6e3f079be7de24e942c558ffa34e,true
0bfd708f3b208acfa11a2186ebf3383090320337,true
d52891702c155e80711a137fbb9c6e7f4fd81aa6,false
145c31ffc7048910ffa0fc0940e2847e166fa4fa,false
a94776fe867cafc33af0dd1bc1d3643d2aaf56e2,false
b4ca65e56c7d39d0c090f1098a03389b66fd2398,false
991265db18718b0fa15f705a3e69eb1539a9b9fb,false
28cf5dc6534116739c676ff9bcbe6120a945e07c,false
0aa54df519b6ef576b0bd1ed922c730ae6bd5640,false
448d114040981d622c562e80e2848239000f90c3,false
84b83093f79169e8ab1b1a17087a1331a38a5b5b,false
3e6b97b18cfe36ebacdec3cd98a7b46cfa7c3b89,false
b9e6b5ac2ac11ff9f25da59bc96ba4a6a4b82ae3,false
9cb01de2f4f92d900edf9bf0d4aa209f518de89a,false
f98342f1037a3691f72676bb973396a10bce1a1c,false
2e4592d5e5601e1701fdd4e381fdfa9ee884872b,false
70c4a47895e8bba7c34728ceefb986acb1f373e8,true
298dc9891a6359bc8c0a7a0a21aee8351f672054,false
e292215281f9ccbb864195e303c09e63a7f6a475,false
0020a83ec4a24c26066dc4fe95c9e111f94b5906,false
231f7cb1e658fabad263afc3ef0730e87960389a,false
1bc8b1efecc5fa15929a6a9f3600c247764d49cd,true
8dc06830c286e306284d5e68ea620ff3c282a3fe,true
e1cd6adb5d535f0d34e22d4283323e6ea49dd3e3,true
1b21041a1c91c5ebb7bb4b5540c9f0459811cc19,true
4c3f442ac1d2ae301471d503bea47d0faa6f4bc5,true
6299267a61f607b345cb30add962a50ae8916d7c,true
d16a8c33cfad27db3598be99421fd66f9ddd8716,false
c067c459b0d0f519476ac4c10903bba8bccc63b1,false
67bfb05ceb24e5599be49972f1417f16dc993ada,false
c09bdfaceb31697c04b097b908af97bd65bf9d90,false
5a96c6bb9ece812f04b4cdba9010d6258dd646b6,false
d1b26e668dfe1f9d3befb154033aed3cc6fd599e,false
ff3c20efe082b4b7d11ee4890046b2a13062823b,false
185f1591b9fec5525f6db6b631862a3175a5095b,false
419f861da755d486dcef75d2b11595b56244f9bf,true
f130c7775c14ccb97d044d74c65951ae39b58fbb,false
8bedb8f35ad6b21091d52677c00e66a440b1a1e2,false
5a5090d222d2e43e47b376febca8be29f53b93f0,false
f10a526de37a5779ede77a985bb3427eb56dfa3b,false
500fa37f2b3116e3369463c851a0bdda04cbae98,false
0d4eb6ea3d7bea4633f2466eb9a472a51aca357c,false
c4a22c3287e8e61b1824c679224d11bcdc6811a2,false
d7b71174e099fda1622a5a6919a459617f6510af,false
02bd616c3f0cb4b393cd9072951b106d0517994f,false
ff0e3c01b7107d5421084930ad37a2c1d6d2dc3c,false
e2a94774e1e1f166ed1483716e6d84293665b580,false
c2f3412bbc950a03b83861439d7a69f6c6ad042c,false
cb0ca944c3b2a74d4f83f5d263f3dcbc9fc8c23a,false
05c0fd075cea88349934fc7883bab0de474c3c64,false
986c5f3c7fb9d8f1b34fb23af6c671df0d5fa7fc,false
8687d6592d763c3e5ee95e48533e0df841bc3dcf,false
1e7262ebe45a14bbb90d353c99acd6881e9139a1,false
54c15a740c84c2e10f8fb704dd89f8f1b226c9d2,false
219b4aff16c9246169a05aa65373b9d486cf2701,false
df2c3a91e3da0bb88fada53aae1e4337192053ba,false
a44af8d858d9ba6b375fdad1884f0f7554e9d315,false
54ed0cfe4342666283539b79c7b38551c36e9c28,false
a59c8d2a9b5a6f15ddc9fdf4526b255dab729e52,false
be6e991312c5b10412b147ffb76f7f262102eedf,false
cf78e90ee6c4b3033932265f70674bdee973ab8b,true
1e1de1be54103f9d2bbfa3266976fc1c4081bdf3,false
6976e2c6a950161e210ffd1d043c380370751fa6,false
e82fa22710f455aadd9c69be49662c2b086ab728,false
413e7382f5ff94e503a2fe8d4e12cbdd0222cb8f,true
2402546705a103d691dd7f4409e29923d3e4d472,true
753cfc312184f2849a5726d51c6cc0bbf5d7258e,true
e3331a91bb505ef8a2848b60e65a37706a32bf36,false
5ab1d2d4434c25c43ff6207cccff72b4169d1a17,false
e0d0393363f393b12a9408d3f700ca953c0d5b89,false
46091974f595b390cd43a4cf136af12bac089639,false
8147a66b2d97473dd5e9b4bb050c6c7927d34069,false
db8dc7cf4cf3dc3d3600ddfbb79dec6402191b3f,false
5df7e9982d0acc5f261dd86fb21497ef04190f4d,false
894dce6ce46303828052f8eeaa56f523271d8d16,false
b238dc65296d0a83dfc36c50a6c98b7a264f5dfc,false
080843fcc72254f684dd37befa4fb47863f70116,false
55cc80dd8d9a46688a71ffb5b1f32dc5ef0ce0c9,false
045fd9cc61d4fb12a030a731966c5898a4623eea,false
83bfb40229fb8612e91ff7c94cdc64320663b9ea,false
dd3cb9b533b4028750e5dd20ef45d831b119873b,false
04a1bfb545ebec6da1d67974a9332cf4e9294f0b,false
af4507267ecaea93130aa10f2794fea2d8197038,false
cdbb9adfa0dbe32278276c5c785d102504eafa3c,false
e926b4277a14b12ee3607030713abd18df8a0ebd,false
e29bca9d95ca2df4ee9fb86cb327fd841df150de,false
d717c940725be5202c7905d79e5015a2c4f5b0d8,false
6edcb755fd78d40e943c8ff445e1e6ab0397213a,false
64ae4ae1b455617c7d4703b73131980b7d224d21,false
fd755bd388bf914aca629ae4635ac69ce75dd1db,false
7617a689c5afa99350e88c8a2fde73902ae895df,false
36b7cd474b06c2509d2f675c2b47a43c578065c3,false
9d702b9de1969d2f28f82a52478084e76434ac0c,false
dbfe4d7cf0aa32822a74932c2bf6f529dd92b9bc,false
a49dcb466d5ab687b1109b33507250d0e852a505,false
fea8ebf90e12a7c27d7593068501a753a97f7649,false
d01d8eafde6459a97a72e4b2cf0216221f0520ff,false
008e7ff22d5ab90376bea67e947f491989392b0a,false
8123af5e6bf47eec4756c61c199659e5f20ac2a3,false
b6b37d6abe13cb56357693028bb9d96b27cd53bd,false
d1f08b8eecae0710a0c2c7dee5b6f12d3f0b3f50,false
8e541fcacac1122e4e7531ed71c01c8eaa20512c,false
a859b9b9befbf476463e310a7c25be1af04de4bd,false
5a74d324d6fbdac288c3ee0c01d6bbd3d9c27600,false
ff03c7c5f74e2bc07c2aa6dd9fd0bde1a5f6c3cb,false
dc28523a5bc98057a2a2a8319cb9cce6746a00ee,false
184c9a3e3cc0352dda396e5c96749cac7f41689c,false
465a6f8d95d5082a2d31a91e84701d50079e60f1,false
dd74b64b4a67c8a28a5dc1681a153e2345bf3540,false
a51c5be7a90afc1a59d8f601eb2b1ff33a4ce1ca,false
bb8e23ea569a68a5eaa536a870cd3c7e03148700,false
2afbce6cb9cb241629d4e7ba5e62930df125b812,false
4267952b70c5115500c0bbb2dfd3f302e0858498,false
e383778c04863fcc3e24bdd8b433fd4525ed6742,false
6f35e659738362b15b76cb5387143dc67e3f4baa,false
828b0d564be2bd765cd6c2fcb89e00858951dc31,false
96791ca6c68f18f2797dd2569493844f7f723b17,false
7ed439551808db0bc2c982b3cc7ea8d7e64ee798,false
0caaacdbda991a64a6f462d5f062522fae0d6ec0,false
3a0ef5d7a947488f2a786a222d7d251ef3557663,false
fb3ec2db3788f7c507619ff986e29a34c5dbc129,false
cc64f32878fa94e96433c622f4ab3aff339d1e87,false
47187947af1f1049615c35563432a8359be9d340,false
b5f5aa02695f303bd3b2a62a23e99d59b8ebf103,false
a46a7542c2c0e23eff7c4d86a7024a675d5402b3,false
12987c68b888e96a55a378cd909571caaae066d5,false
2000df24936ad191917e266291367de30d01a645,false
498e7abe503416f690640802e08e8beadc727ee7,false
8dec96d0e8162d3bce7bd04d4c3910b22d287339,false
ac0e33c89a6e79a2926cfed9355e48722506b528,false
11f8f3c14d41aad683fdf48fe457e2480b6ed449,false
cbcde24ac27c4267b0ac62bd510b35cea34cfc75,false
5fe10281784c326b7355e427d9335a637e809ad3,false
52913c2c30275be42bf9dd3a9d750e5226b99d99,true
4d99d84ffb6c57dbbd32560c874ba9e8deb727bd,false
6afde9561756fde5a5853b660f4c5487a83a0a54,false
141a295e499206b384c4f53ca6d807ca81939545,false
7e3923fe54cd33adadb1dbc7f55fc2259947b3e6,false
ab77dda448cfc83f37b1bfce0e35e88025c445d5,false
923cf2239ec03f87248d921cbe05f83a56fb857b,false
ba40e553f908a2de8c274d4cb25ec009b466e9a6,true
2335a3bad93160f943bbff283c52fa7b3f82db8d,true
1636196e95ef0054f109e3069534e7ba38a0ec74,false
0d2ee167b047484f74679acbd17389adbebd6ab6,false
1391ce2e5cf17a849622670710dda5132f5b4a65,false
a9bbf41b0aaf86553f1e6f91aa9a0bced7359a26,false
0ed9e408848e35e5324425c445437981bfd595c2,false
609bf83e1a1d70fce35de5b25a18126c449150b7,false
e51d647e7930bf3eeefd3afe0cf0528fcc714b8e,true
7890155cac25907de7b9cf891b0d1f5af176c915,false
4fc562c1508b04c6b5dc33015867f78038268a94,false
052e8da491bbd9d45d3286a03e4ec10ec65510fc,true
78d65691f15ea929387476665282f4f272aa2c09,false
d7c6b4b0c5309223e9e43a5c2032780a1505a00f,false
728962ef6430b631617d8170c9081237867b5d8a,false
ce24d7496f7f0e09282897b67d9a8319b57cc01d,false
36f9adab036a74427f84affe62e9114bad92ed72,false
b0c12ad782e713486bedda4fca131046be8b3d0a,false
0f97e9e71912ff88e1bd2c5b08dba6ae47ee13f0,false
549ff55b0f453df755cc24471d0e812750f3177b,false
4d5d3f1c863e9d36aada10e3fd3c211a8aea2d6b,true
05f11d7e2304248e95b742a7a18e46c617fa828f,false
99fe3bb428dea9322f0b2203795e7e1acf3b912e,false
3a3df7024e08fc6019a573b5c154d0725dfb76ae,true
75aad7cc90179b976cab161e4660a16355dd1883,false
73c99d13ef22f346843456676b7357013c9032db,false
ccdbeec78cde0fe8dd496d8d71fac504f347f185,false
06bc7129fb8d729bd5ff447cc6ce78b69415f15a,false
278e9279294b3a54dd855f0e69d67fb42b18563c,false
b1324b9ec11b9f97c4bce6f84a0de5ab09f247d1,false
bf3cf457aecce7ea736169a4851f18b7d652ed70,false
90ed390deb9e3c020ad2ae5715da9fc7b85cab85,false
e39f6f701af47608ec6a616c6f5e35f6695c36bf,false
d177f5865c8a82258ee00f74eb28b8ae49e8f772,false
73e13e20cadd32d55f5499b1ee8be1f13c75b205,false
1f056b8c2a036960ebde55a13343f8b24275c688,false
6681e1bc2222550b2a9f83f0b16f8f9ea4bcda78,false
5568fc87ef75faa7f6d12982c6e657775d037e56,false
73b6db015c3c61054f838bb8675359ccdd036f69,false
e32bc868b246764b2b39c22335236922c1390f8f,false
8cb04a218a418feaf99463b18cffd28a86442867,false
0537a07d83052148f8855d3d6f10cbb8a86047ae,false
237fd9b0203ce57787c5683080f2f25387b85918,true
c4de8ffee39bead579e689a95d3a8c07e7541938,false
afe26f9f9488081c8fdc9c666cb71aa32053ec09,true
5fab5ca6d90ced0acebd53be4433e530b12bd008,false
c171db379503bf7edfaa0c1dd5aa6d09f365cbf5,false
9d7ae78981191b8b8379bee0aec49582854d9911,false
6d344f802d127f23e99cb96699ba77c1f4e1820a,false
774f54edd6bd90ea00cd76c90e217af2971088cf,false
f85d663ce59ec27fb55a456104e7f2deac80d8e4,false
3ccaf5af365c8e1e69d453790b9bf1a4a6b87393,false
c6ab67182511836f602381deda3b0f6326dd9b1c,false
081c511f0ac1057e8dbb989bb9c227f9cd5f31d1,false
9344b5270d50c68b1960b08bad43e02e91a4ea34,false
f9183bab62ed1296c4c2dfa5790ad9cf52ba7ae1,false
e0a54ad2ae99f95cec9a9b1ae79f9f5179df1fa1,false
93d65c9c2ac466e705536bb729e0ce76e3f687f3,true
46c187943451b3e924f80459216396fc0c509007,false
505cc62fe2f10b3a1e0a23f2a2b5caac5a96355a,false
33b5b729cb95604dc13473134aecf9f55440aa11,false
540a3b8f38d5e8ff14a3b720f1270bb8bf056b56,false
b52bdf53b3b2b11d2e6a851f97efaae45e600a88,false
da9cb5e911d89b876086048715c95ebe28f6fd70,false
dd9f40e7cd46fe30b904575b0169b3402c5c3e7c,false
3c3d172a78852b4288df7e1ec90d27b902e19eaf,false
25db2bbbad05eb28b797f19624d08cb348adb0f4,false
5bfa12b2a6ad1d201305da58c73fc148fa8864f6,false
9e150c2dbc292974fc50a4d740bdf4ca07835c19,false
1955ca824a38d87888c85f2168489811ad6f581e,false
0f3de1c183934497586d52a48ee744912fb9e522,true
d4d6d790d5276560fc966d7817b7794968305671,false
19610b90aa2f62139deb8d7fee8803fe07467750,false
d984e71c017ab4e85d825d05cb6ffcb4fd0701e4,false
b6d0717614a4e0418007d68bc255680baaf31955,true
32e021abb5da60041c7ac886569176e328109617,true
2640d3d679a46015724b805f970afbcf0e9366fa,false
491b903c6b52ad28541fcd4d2a1e672a09ca7a55,false
bc72b33a514629f50ccb05e1cb117ad301920aa7,false
42829fa8f0cbdd62c677f37f19490ee2f0fb724e,false
600565df64369818556b01d124b204b870895736,false
8017a4643c5b3f3578e4863d3f59a5645d9f6657,false
2d5f11f11be9a4d9b818153a2536f1156b5c68a4,false
6d20919b0f05b65f08e2c1dd517f414519a1f01d,false
fadae1a8785f9988229d14ca1fa96df5c778ebcc,false
5783da31e707ce554700ab91a9a4d3647ae2b1f7,false
c60a1f78bbe06966689ff8d93c282a32def34afb,false
84a40d56a9e837a56728852f6d087f6dca57572c,false
a02990143faba3b31b6216b42cfa1c453b8b3f7e,false
0d015efc423dd09624c1cab8f2659013c82d3c84,false
c40e5a441884a52f0b617626ccf4d1c99b0b6267,false
5b37c15b47ea17558d2902a8f9d7d3273aec926d,false
c3e893a8da454d81cde5524e6bea8df56ff33d4b,false
072206d69bfc5c44d50c88e27ac881711e839397,false
e501d266b1fd0f2483de2336811451f7f0a41c31,false
bf03a9f0e445caa7ae9d00acbc7cb8aeef318b9a,false
fcf49cb4d198ea560119a50a30e2045e75e4c4b9,false
9866ac2b78fb812f0792cb437949aea135ff015b,false
9f6f34601d799666ca51dba5e23ef623243ea0f8,false
52af392eee15bedc5005aeb79419d7177aeeccb7,false
62211e9ea862e1c7668591296ca21e29cf109f70,false
0defe83b3b10195649ec465b1e3a587b24e1369b,false
cfb04829bd754bbef36113c0d2a4252b565fa32f,false
75b823be84dcec9ef01f5329e28521f38bc4cdca,true
d4c8687ce4841aafa5525ab1443aa8db6809c7f2,false
9d1ff657ec7f6555a0ddc93e0a738e08a35cf0b9,false
c2ddc77f75649d158d396e8d6b5ec49b102c8d6b,false
92d275a9072ef210f3b241ca3a3cbf16f9d7d0fd,false
35819c8d14b4f97ced38876c1bece2999835c2c4,false
2c9c44a32fa29ee32628adbd85c77909ef817363,false
ac77d1efc6eed83aae4a27bdce3eccaf8d1d7bfe,false
4b19be3f9dc3c5b9d811c524b9400789a997ed68,false
8701723758069e457a109178d4ef55b2d62ea2a7,false
f16e3a489588bbf09da09da66cd4c46c9b93871a,false
f8a87c76b8517303bc6454b539ed8facf89cd7b2,false
2bd9a77d4f953caf03155a44853928adf5c73557,false
374a2c02fb0e2885cd35271cf8ffe8f2d1b39aeb,false
69d7f9826c5c53690574afb62836566ec01775cc,true
6ada8c3bbb3b825901a034a163fbba1dbb2a9195,true
737ee590835e767af7c879ff64bc883e3aedcbc9,false
5256560a9a3e5dac86404a49efbb8a16038c471a,false
d637d6fd259fced277a3f0e696c4371c1914608c,false
04de79fc20e1064a1aab5c239aa013d715ea1821,true
5fa9bddcf15bbd4d5e7e4c0f5cc7e0ff518d9152,false
8eba39328c126727e5d78ff09023e98de613d293,false
765c5958f6dcb281ddb11324009a82de50c16a89,false
9bb1efe955a85bbd71a2aa6aeab9dea7308ea259,false
d19aeb3213454946b6499c0476648aeb30d7fb83,true
b2d98def8e583109424a1949652d1eebb5706960,false
96b9fec633629c6c562b450ccb0b7e1365494f38,false
aabc05c288c7683bb1e42401944ced00ad2a238a,false
34fa6d96673a40370815124299ccaa5a2cdf1380,false
a2910e9be4c5340fd3ec37ebae84cc20a255713f,false
9046480e47dcabecce5941e1e6d7b87604381509,false
be9d8b9828d3e4736a011ebe9742a949080e4603,false
06e5353ea3d5f168cd38acbdd30428ccf63fcef6,false
912b8c5047f38677eb4d15544516e97fa5029b27,false
810ede2bbdfafec468e37b3657b4ce6f10c28e3f,false
95ba797e5b0676744e7b11cf6a66dec8fbd2289a,false
4a34e83bcf93106ba4992f17edb2c5175dcaa62d,false
87155828fad2ada3eb83956b2a94e1e722c1a2f8,false
ee92600615590586a1159479735a7deebea4aaf1,false
eae46b45dcd4ed40733405d25a6fe3dedc0b578a,false
34e5086a3d6aff1214818427c7df44534561dbd6,false
01dd33c0d697937ee95f89e3e0273ca452623eb1,true
33f53867cf8864994dc3e94c608186802210b36f,false
5aebfb7da3b8c28561dd43830e9b2658be5dbf9e,false
05895915f9de8312511d72e7420629eaf5034d2a,false
c23362fa2b9496f0ee784c7a133c462efac00fb1,false
eb0da35a812ac53113b672871d03b06a94fce453,true
b61cd9e3b8dabc7d118641d55fd79a1446d65c9d,true
7a2aa3c6f1be91a50781babc0847ef683711aa28,false
e5ef83ada969c9de48fb1283206ef3f260416bdd,false
9343a07053de0a1837e22c2f006efb5c812e4d70,false
8516ff0ad2a962add0c1be084c85cc2f61449ec1,true
d3d930ff0c946743b9b917a896630ba6d6c504f8,false
496ccccc428029989b9658da44f009bbc3e4843e,false
328d1808a9cd3bc0d37de78681baa4d103bf217c,false
65ca0d12edcbd2d14522d70dc66e13ddf366e704,true
c8c3ba59ad5c00b3f02f6748e165a8a533006ab1,false
0b80f290f2a97d95dd07d3e1753129ae6bbfcb95,false
4a9ddb983664cb077165253a051599b915692427,true
83e528dc9f13600bc97fd2e3631b38fdbdde3f28,false
648d0acc148370a7ab0930dfab5b58a779b29176,false
09cd72e912ec686f5da92f2a955419e37e71f5e5,true
b943a1b89d3bae5ed7a7ba209bac7830af30c199,false
9cda0c7ee608e581878303261792304d19d69f39,false
04afe3c3c69dab1678c6d184b2569d2628b30222,false
dfe90c7e16cf3275db37df41ce7872cdc8fe4c1f,false
8b31f289255f627583521de1a58bebc2f812f687,false
1355092d32c241ec0940cda6c68596b6b3a1cff1,false
555ae5b1673a1a80e6e624102e365b0f37b724b5,false
c67d6f348ae584c33cccf812aabb0e3c5ed6b64e,false
08f4e5f727ebee7761cde84ed65ed0b927fd5522,false
48e45db06f34aae22422db69024894226d9c4e81,false
5b947a6de7050f444ad4b58193a4a5245472d88a,false
9c3d671a0d29faa116cc95f813f5399b437535a6,false
fd8245840332cc206d7a02a522d5b8cc3d33808b,false
55d239662ccb159d10364301dc53beb4aaa5dd51,false
866ef12e4c6bb4a66b155bab480c487dd4e965e0,false
b9dd5a96c4e5f77477babd77da0a20fa03715376,false
9eddfd5a6c1edb246cb8a643ee0901395b339075,false
ff553b0634e4225eeacae65933c8cba37a4d2c62,false
575e8eb6f1e8ac18fc1d881e9fe7f5e04d4c562b,false
8927103275af4972b39c88dcfe59a5460c55945d,false
bc0475d679dea4fc380583c5760e185dd03c79ef,false
60cd574fdaf8ad09cf307e9926bb8d95803ba963,false
f65cee8c56f7d5522192cd985abbf660e0e8161a,false
dcfe28fc6d26df367782fee0ac2415083ee2646b,false
286d2a3b23e9f9edff0a035320af125917a0fed2,false
bca0c1c0bcb676622532edb61c28f978068af61d,false
fa816bdd913f548b5714d07345699271e29a3374,false
ec269386926147fec1e95c2d3535fced8620d934,false
aeec3fdcff666ba6bb5a2f6869a9bb1101a001d3,true
880621a3d48fa90be7987eac2a3fb720b2609f87,false
10ff3c168267d7bb7d0de041a205e451051d49af,false
8aa2757562802aa734d0b61030f8d7ef920f5b50,false
f7dcd376be73640bc3f58c6a63fcc32f4b781917,true
ac07e9b0af6c62f7277635e4e69a8971d31a8f98,false
1c10842a4ce6cddb94cc776bf4db62f6daef8b37,false
829b10a88d3e713245098dc4779cb8a6f273dac3,false
a17ec60666e8684a7029a13047fa23130cdcf39d,false
efa997ab996e451c87505b795f23759e4e5c26b5,false
a6d0992e91405618a4e09625795459aadef9aa6d,false
dfffba194d0df2b5bab016a142b71a196dc79681,false
991d239b57d3bfa5a30e65ed8a13154927a16aa8,false
1fa28bb648177d49046934de25eac1f6f86537bd,false
4c77529fcbcf0e7e2dd57231ea9030cd7bd88511,false
eb8fe68b8f57028e5029b7c1732cd3ed555d3cba,true
54b1ff82963ac451d01917d8f5937f7d4c5a787a,false
77fde16cac26c85069bd6454d8342a2118840c5c,false
186ea2a2779688e7c77fd00fb5023995ed8b7043,false
c6fb29999bb86c841b9dbd89fc22db3d764da6de,false
02000d7cde723fb6dec5a52ecc7c7a6e80104c41,true
4ca6c3bfe374456b8816f85159da9380febfbb88,false
8bc31dacc91ae45b81fb12e2df6a42644b1042ea,false
878155bfef746380f831dc17b9e30cf4ef96099d,false
c2542f3732c4751d5e1a01d079393445d776aa18,false
99172fad9b15a0d404d208d257d23012f165372c,true
87ecd81572c69be1f325544edc1be0cc9e803510,true
6d696d86255c74d52ae0a933591632937c89de73,true
b13d732af414a46c1960b15df66b10abf8c8e203,false
3fe1824543cffcf7cb4c23022bcd7061c020eca9,false
4a0f0549ab6106fb4147f65cf50b00b1a0a0c0b4,false
26eb73202f6abe925bf12207c86613d97d01584f,false
8e327e4986b367ac508015af2e8437bbcadbc6ed,false
91e4dc2b4476eeb995d0ad871ec1d27d75be6926,false
8961f57b8be043186e663fe39618766fcd75d2e1,false
ffa618ac91738f96b1144a4fbe1ce6679a0829e4,false
e1264e31393cac8b3e04d4e22fd7737654a49a4b,false
e786e6950a59f4f81925003af184fcfd8d2a0447,false
c4550d36515f36f80d08c4abe7619f59e11a12c9,false
6f017ca2f1a14c958aa3f398f5a9562604e248fe,false
d07d649d153de89e5a25767617d9c6ea793ffd15,false
2fa258b96f4ebb068fe66025b5c1ba42e6b7331d,false
8c80031c2e71223d564ee6e0b41ace246f105cfc,false
0a4642376a1be403562157ea8a3f2d63aa0ae9b4,true
c44cee90ad759348bf00e0e9c3951591a1365e5d,true
df2aa25df426d0a69e8573baf022c80e4a5eabc4,false
ce44373dae1e1edc41538075d02daad946654aca,false
fb31a71d05183d90fbd29294c15b8c57b88bdc8a,false
7ebd0466af27321da6e15fc37d6e00a352ec9e45,false
9613dd5a99775de40b175bd0c41f081556286643,false
923c22241407ecb8864a92a354069bb438f278b2,false
d38dcf803f270652aeaf89eeffddc3914c37a667,true
0f9b4a1f9b62901dc037cd3ebeb681e3ef9c23a1,false
6de7228e7da1dd7e9e4e057bebb6f9bb8344cd69,false
51b9bc3f4bf9740d4816840f79e28a01d59b4b2f,true
0331d77f148f895164c9de0224802a00847158dd,false
c59ecd7c3fd5a58434d883c72c96255e6ea40f95,false
b0a83c2b4024cbf5376c9717590692a951b61c5e,false
9b96893e11c3959575365be0c87e33252cac7013,false
a01efbab817bf0562bb4f9c7e8525b16b07a6b30,false
59e33b56099a9d915840836af0b060c4f38be87d,false
35eefec01bb62f578dc81d43642d9243dcb0f970,false
1fabc10e75ef5b78cfab6d731ae8970abaf8d431,true
39aa774788a1619c29f556e4da0769ecbd054e79,false
f7a3f56269c3d493f55edb658ea6f54c69b3cd92,false
b3255eb65ca3a643c6354aa676ac28723f347e91,false
a7335fae399f330eb2e6657c8ae4cbf452c35667,false
e77bbf6cdbf1256cf52e04bba08f6e7ae9df0979,false
9abfcf2eb45fbac0e34950ad55e921a23efa37f4,false
cb817e3c7ac3f2d7cfa470310f7d05871337820b,false
5c4b802ee9350d41c05d3aa8d88f9ea65be9d536,false
da8324132190bad49cded6753779381e936eea8e,false
5e0d15377aef65820717bf5a12c8f79df070c1ce,true
060d7299e2d1cd350cb731bf6a6fd15e81bf69f3,false
feac24d8f215538ff2deab87e60b9069d549a7b7,false
cce2aadf6e3bcca4a4feea17de1cb4cfae8c5e63,true
8934bf7016245602a2d20e9a44728e79a610360d,false
d1c3a36db990ecd6720ca92db3eeacb06c437a31,false
017abed838949406e465e650b6beedb4d0aa874e,false
44f160995a897a1b403ae8a8467b81084ebb6fe3,false
1884011805f0c6fc2ecd9f0f6526ccfeda336d99,false
d82f46da96fea3b4e3983c25243030d58debecdc,false
92a9b1689def086207549d1b36ac43a0ff627917,false
07770db24aad13927c05661aeebcca6d6052e674,false
d2f5bce6c78e7a06df1fb5753af2903069fe11da,true
d3e48b6466216c7493e89596925346a348c7cfe1,false
4105458d27c3b7d102c3645f68f8a774d5df481a,false
e3e04ede6ce7c9f9a9cbf6733b0efa8e95fbaa5d,false
efecf534a88e832f846ca803566012f713853d62,false
1b80174bfc06983b4d6eb1ebadd449d6f244672a,false
b780da10dd7affc6ba58e09053646b29c8e22226,false
bd29e1809958c3baf059a20cbe5a3e1d3205716a,false
6b1747eb6b9fb664528176745ea7d9985c984455,false
ca290266a4c9076a1e7cb93882e73078a3ea1f46,false
d4e7f1f2e8e1179b391e7bca9f27da9fc5b9a4a1,false
acd5f242e4018b4a290f43e3ca4ceda4c9db467c,false
ca6c9447bcc3b9ee18dd6db0c0483cf96f5eeeda,false
a1074105b8023829136abd23950e2cb8b4c2c90d,false
b618a8ac90d4ca607f1e91b294ce390300a2a50b,false
c4a73fc52c94cbebf2075c335b473b8e0e1cc6b5,true
feef537ecfd377685401efdbb5f893db40fe5670,false
110d5fd27df196d414f48304e219ddbd7ffcc454,false
16702c9412e0febd5404ca27a1a998a3733d4232,true
912552f08de63bf182d4b76096bcb0dd10902b19,false
e13afa7b21fa2ec1ec2a38038d46de37b2d56aaf,false
4e09a75334a0705c0b62d80035d33a0ee79cc946,false
360bdca92e705aac71b5634d85e857aac06b1d29,false
afdcda678f55e236f16232b42836f7b2ee25bfe1,true
623e1ac7453f949f7719f0e3da494972eaff4445,false
400185adc250f644bce18084dbe8952bd72d5ed7,true
3dd60e4f921529425b8d79c59648e71348edb629,false
9130abe0354c314112cd3611a40c93e7cb145b64,false
a681510f38ea5fec8bfc3a76542bb9718852a85a,false
374e86b21859e0257c95d997b41c953432a712f2,false
6d84c6d746ee7809e0840f621e351168364326c2,true
9f2986a8c1bd3f26baa80058aef9a54569364986,true
7ef0fb735b6ffe7ca381c99c98aa87ff3e1f1d77,false
e58228ba92b0802b6bc189bfa3562fef13d91f07,false
f4c9f3e3c6ed592a300fae2aaa27a7e1458c450c,false
5171d864bf7b61719d38d5e59c547091de81022a,false
6938191cabdc9070ca429a07aba9239fae2a2a72,false
0d93ab6e53018eef4e3c2d83cc1af403ce067efd,false
f650ba7e5172ebc82753a69f83cccacd6ef11b91,false
a17ed173f224feab450f7aaa46735a14e5e15e4f,false
a800b2dfe174a6e181f3850fcbe02f1840ea95f0,false
a8f1e83fb19a102a97b05a0455cde97d6b9a9b51,false
d73aa300188b3585dbd9ffc61ecaf9080fca5468,true
401a72b5cede41ce64657e57bfbe916a40d5052c,false
1ab144db8a0c607eb2c759ac3c5e500974edf26d,false
039bba3ee8d52adbbe50b98cf7bbd7df2ae109c0,false
296d25b44605ee0db88efe92b2888a40cbd54f74,false
f78a29fe23661b68f1dcf0f1c978e165eed71505,true
a9d22565094b8bd5bea091694246ff5ac8df1ef7,false
567e6cc43cb78495361dd9a8c41849e02b6cd711,false
078da577f8b62d684e48a38634df50d1fb7dbbe5,true
3eb30d6eb9da3c4e48b68a80cbd0a87240efd9d6,false
0dba06a37bc3e70d7c3439343081ff0dccf543bb,true
5a1961c656e52bc1f334565e3dfb28bb04c0f90f,false
30b6995272a905364b6bdb8598ccb6380d0ebe9a,false
99cea407bbbb60f6cbb295a3c89e0a57344d87af,false
7b453a3283adddef6b70190d6eca7711ccc38409,false
c76b7d3de673506fa1d3f9d650243e132cf54af7,false
ce5f40af73ff474c8ab4b3cb2cf91f11f94d46b2,false
976e689f85f401ae3b4cab3704c70cc513d2c2fe,false
076e7e33ee3cdd379871c9cd9f22e7d493c8b250,false
aaa55e89c2c59d8cf6ca9a4d9ded67cb7640c573,true
06fb09b1a0e4e04fc870a3a6851470d461584481,false
bda70ab2de2ab4aa05a5f9ae0ef2ac7954294aa3,false
9bf27f34a70f06a8a49e255fe2b921d3eeacb29e,true
327246261856ff5783f33fef9f876597849a31bb,false
1beaa6605b732ffce3f6f16095e77ff0cc699331,false
f108f3955b46164b6ca17fc2dad23f16ca804b39,false
8bfe41b523a70b8e6faa2cf4173d42e4a348bb5c,false
25da7330c348a92f01857d855e93884207ebd816,false
56dd2a3694e0a41c2b33f0cd527f0eeca53a6466,false
61d06c07b18538d5d480d2efa7d5bd3d4e5553ef,false
13f8fa57dbc53da40ca1746b90a2a4f485b739bc,true
7c3f126f572c2d4914b9656c5a3c57cb156b123c,false
1f72cb62eeb0fa61e87e02cdc3a2d4a0abe08333,false
514f8cecf04a51ebc0ea646fe9e9709b9e782b8b,false
9737c3c1504139edec3d6ee078e13e30ed69bca2,false
c0a93314f054672fc8069928575360ea325ce23f,false
05a328754025f00bfe98b61f6d01a8a2f4810c70,false
a47a2b91b06a63d3916db20ad0aaa87aec83518e,false
d65b36c554f4565e17f04ebc20d766325db7e5cc,false
ee584c86c5d00a48f6c46a88fc8172406a3050d2,false
d673a8f3eeb9a0d4ac6ceb949f55031d41345a9a,false
58410429ed8fe439a65d4a7ae88734c295a9b13d,false
403f1426c3d53e567a4b700a3ee7f433ab4a962e,false
304fa9f484e08020c3767e70120caf6ec3715327,false
ddffabba1fb0b5794429782a75d9c78637471381,false
0b49ca3e169e569245808e5751a0227af9498d95,false
2bbeaccef72ec7e6d817ef41fb1d98e57d36d83b,false
aac7d3b82101f49e52f96ba42baf62c39529e966,false
4984f61fa0d5ee9fd7d9186ca6d62c8bca314aad,false
9713357df8f16cf2759375ac93798ccbac7ea4a4,true
f769ec3d2876e6568040c88ca15b32ba7d88e60b,false
1bd0e105f6f666c1a022cbd1cbc79695bfda7c0f,false
a39e248d9abc1506ce253d2d9d6cd6a3d67dcce5,false
1700107bf2b3482f8c71a910e5793a8c50c33bb5,false
cb6a1332e6cb0d299f5cd62a3b76435b497f9cbb,false
e4d141d70275aba8d4b30ad96c1df52f7f6015f5,false
a6080b9337ef25585a9d62a830ec8a8f0133232b,false
209966b12c43a6ca2917abe001fa106c7688022d,false
53f5e11e18eaea369365c7c395dfe785a9160107,false
147670c3754757be483dd716e4a035d7a3bc789b,false
7c5b4fdd8ddb97c80411d67480cea78d2d7a5b77,false
4959151a19a96c93b9dd234828a4ccf792e8bedb,false
76995053078014c0365a1232c4d96149bf3a504f,false
3e1dffe1134ca082f952a4007937960c2dd25712,false
fac4c54204f31f2a837d7b7b289f4c457fd28d9b,false
22129d5c24268e323fad85f094e53ae0d3b3e060,false
2ce391313588bb4ea54e51a17b820eeefaa70508,false
114fd9a87d8323f762611633c09302abb627e5b8,false
34a4d3120e2cf5a38518bb062c7341df8aa5b703,false
21d6ac330b2b4d01bcc4f1126c976e2df4b22430,false
493e74c5e0d9b97e959db56d236b9ab70237b8f9,false
622d118425c72da1ca1f86fa63df60747705d0bd,false
be508d36aadbeb94d07b29736a3807846610c2d6,false
9a912cbf448d98281ea77c1efdb1dcb3dede8754,false
b29369235890e97bc43fb7e0d100573f9c73364e,false
4bd9edd51a06f9328e77cca40421ee37dd0f0c4b,false
2cab064b54daaa465feeaf4935d2c4ff5b6df544,false
93a7b9ff7ac3044143c7e7279cc71116969755b8,false
9f7ac8598ed7cd448697f4be00b80b4932823a79,false
c08bac65a66f103dd8eadbadb08c9fb51fbbad0d,false
9facf70604b4e37ceafcd4731828cd4833ea6dcf,false
afcb39079370f65f006e307f41db13d5f17b72de,false
c7fbb901fbeff239f36c8398f8408b91cc0cb34e,true
d2c670c97044ed82dca1664272a0d5bedccc37c4,false
a6e6753f6f06932ab724809fc9797b6c848b0894,true
be3e1475e91febba9c95edb84cca720ec884317e,false
8f9063bfa5dd7af897d4b57542bba2194eea36f3,true
fa5157e4f1c36491c6d69d5d508f0a2706ab4bc0,false
b45be83bbe27bb63dfd2edfc2e75776fdee1fa56,false
e9aca8dffd9aaa1001ea57a3b1d5801e2661b5c9,false
004535a58c24d670b7d0df1aace78ccb7261b7f9,false
ddc412553470c95fe50ec9036fe6b969ba31fb8f,false
4776ede319f8e799d5a5490ffb1ce4aea3cb8145,false
bf49718fd6e212c7551697e43fe19ce0e6c5c016,false
c57ebd1bab11d44f6673648b9a5f3012b9d23bb9,false
dfc5da7fd8c6a41fb443c6e466fb749cfa4be94a,true
d831b32afb37265f5cdc9510fb0430ab11cf6516,false
5cd4f86c5a148119b0053baa3769319c2910f40f,false
a58626c55ae3d9ffa6a43feeb0c89b6c8866cf91,false
2321537a59bb7aeb91f8b76a99275591f65e33ba,false
e01d80a55ba1d05a879b02f881f4717c3eab1120,false
fc6297b1c6d26bc82b7b99089ca6fc1d0a6fffd9,false
ba06b460a1609f7c7ef57405c6e033e7a51c0327,false
1f81f9b5fa488c5406134f174c8b63434378dc37,false
3243c4d071440eb2ac0f2de61489620b19d0a8f2,false
f447d55bac57b6f7abf5d6520593adab2c0e42f1,false
03884a860c1db85dbe4bb0f72803df0cb08cfad8,false
2caa09bf85b58a25e9458549972290d8fd7b84ea,false
45c784cee4bb9a0c9e37f08e00b6fc15a86c1e1a,false
3484f85af824b735ed5a479490e0e799243be06c,false
eec929c789df2f34085e2a1e03e37bbc8b240c2e,false
e893e79ea340ad5e4d456f301ea33b26af47568b,false
60fd61a50070e12caaa0083f3cadd59da63d3574,true
e54bc4e4665d368b28bddb1744a1aaea67e68ce1,false
a2fc79888db5a97a7c8907702db9d516ee4e3c4e,false
6f67a3a67fa17df8203cc0cd60c6fb735811a610,false
0aa302f748eda904ca0b006f05e9b5b0d0c58fcf,false
75454def23886942927e61dc020167151b93ffa1,false
142d52e0d711969dc137c5a7396f9ff1dd20afef,true
2d8b5e711d892d9ed0db074275e12a85dbc1e0d6,false
a34b0c0d3b6032910403e17ca1cba2bced0ac7e6,false
3c10d17f2c04d0642006502ed54435a5e7496c08,false
0b83a4706564390c466eee47feb45771b37838ea,false
61b024c5fa14d805f06c7433d25fbfd3285ad80d,false
25faa430696535e7341a83283d175dc2c518ea57,true
0a14e0d834f7077359b272550a7ca1ac77b4b80b,false
05f5959338268fd8bb6a8db07403e96feaaa0082,false
d977e000ef03d4743e8fb10408a5fa96ec165cd9,false
23db87dfe48b2c2fdc809ea415412fbc308ad552,false
3697600a00241cfc0e76c124f977c7a4c13fd355,false
50d9531c64bf65d5e930716ff72874a641fbb95f,false
d375ab232b5dac8f09314d60d1abb3b1f115941f,false
f393d8d23be5a2c60322a6b63eea963a11a89ece,false
7fbb453f8a1d85922c82c0d3562473a6624099a9,false
6b69a844a36da5148c67624d623257196c4e33f1,false
fcbba225aaec22aa650dccd4d7c4dc4c93aaca01,false
6499349c98b9f77e9409a8de67acea87280b5154,false
98ec019751bf0007955d334bffa221399e84e99c,false
dad85d3910af040b7df18c1056494c94c0726dcb,false
dbdca15e4d085096a204b26d60d66677b687aa1a,false
f2e629f7682636d81248ae60ee2442fa5d983d76,false
0448a74cb066812073927273dd5a445809264505,false
d13baebd2f1a41ecaf14159b64bad3e31a6503f4,false
04c996cecaf0c6c871cc0e288932c5d833795823,false
4b1e17675aabd3a1b643dc3b135fe92084a31a5c,false
91271bda79acce86b0da10b3b8cf45586369d864,false
f9ca381094bb06d563f8eabb0813de3a5a3c5dc2,false
d97e45bcc50d4eaa45c93f8812364595dcf2d28d,false
26b9f84ef69d82e5bcd4e01208e2f551b9b6dc88,true
a5faa76d76b44d7d9708f5d5ade5cc84f270f05d,false
7995cebbdb97eca7f9d9d5b3766e432c308427bb,false
493205f4bfcd1dd8f4ff92fc5e4138356c9d5e7b,false
25ad83c6ae3b8a342b8c4ccbfa5f3021f24e76fe,false
b868652dcafc159637d6fc7fc839540db9355592,false
d94ac482f854141cf57155619720db917118fec9,false
6d1af560c86a857e76de3256e838c74267ba095f,false
5b7afea7e126de9d6c6eded9a58319678cdb57ba,false
34562ff013ffe4bbab3c51b809525495d9b2264f,false
cb70b73a21fd0fd9bb982be7d00a7568f58bc397,false
c8ee9582f8b5e53727a53224f8f67c4cb53e8bea,false
fec32350716105ce44ba2598137c1f479d073971,false
22a299d1893bca75e26b1e1cdeefd274fe73da9d,false
100df2755b594c49bde9c4bc4c97bd8a23d21dfe,false
970923073f8be65a124c495d982364e11f43caed,false
abb873ac76dbe8b87f01ebcdd9f2ff4bc224edb2,false
a43c92a72141bf63333ad6e91c7ef07194bd4db5,false
3038f9ce1fb35a72e96ecb504d4b9bec8466c9e5,false
cf963b2e6bd999e29d06bb8af17cfc8009094182,false
6a887fc603c0ea30b33b03d1192bd1d9cee70aa2,false
9ceb1ebe2cdd01f8b0bc383149a3db588f62ee43,false
c9b9842d711a558e97c82460d0748a56fefe6335,false
aeaa68231748aea998be04e7dbb45ac70f146ba8,false
f6251e01799922ca6dbeed45eaff92f91f625d3a,false
b8c08d203b4ac467b9cf29e07dfb07e52483216d,false
247bed4ee84b6b87c3b3d9fec50e284103ae388c,false
e4684ae4e35050ca15ccdd1a67ffca8f430da9ce,false
dc48f8b1009f5eafe83cf3b5218e16fdf50f5cbc,false
f159cb3bde5325bc5754cf2c3c8db320654d52e9,false
dd2de90aa47a4b244d8cbb32fd2f0ea450a67c6c,false
00503319eb5ddacdfa750e7fdf5f49e9f90332ec,false
7ae47260ef36f042668f5c9eb8a5d29652ff3bde,false
3a2501ed7951db2e7b2701dc50e75b4be386d8b3,false
d8e863b3a90196a03e612f2e6c7ccdc3d972709f,false
34a925fa2eb4eb71349d4d0e031bd5ff4dfc7939,false
062bbd7affde66e3e4b8e7baf8a1cb1001092fe2,false
6ad820f1d807862931afbed0f9c6956a5d200d0a,false
ac1099067ef644feb67b729c8efdca0d7824ab64,false
70fb35204697ead559d2626909d6bfada228baad,false
437a2b1e01acedc7eebbcce608c6d69581c39810,false
eeda65944931dcf46e1c752ba1cc53a26bde3daf,true
19a41bb710939ca00ac5b7a17b20b04f0a707df9,false
23a762c3d5451027999d323a11f7a57ad4ece178,false
70eba4d80812c9b0e3c14f1d4fb707f63387d92f,false
cf0e717a2c56cb3fb7ee246c4f3657dc49b16793,true
af91f7948f5b90043d620ce377813fa2232b861a,false
3d36f599c70b4e03521b72331ce14166545598d4,false
f396dbdc2213fb6d7bbaf6d082c63fc8d2c1300c,false
6f14ba9318c23d6f78c2ec7d90b2e1264f0bc95a,false
31e6d877dff682830dadd40212e7da5909bcf911,false
49c75b7a60cd4d69d2442369e8aae27ffc787f94,false
c9ac014d52dc53ec943d520033ac7c8f70b0b7a2,false
b71c085e75c2e8634a776a6036679d8c250532b3,false
84911c96b8e95d0ce7efe6cdfde7b8db4199a03c,false
bae10a4eb2e5a49fdd43a026f34de6d259a42900,false
eb608f2eb5e4f791e5f0ec1ca09a4304bbeca826,true
f526f145032f927fd4564b921f7ef7810f565ada,true
d4b675fba8a4e3ce5ca0f82e157163d11f47e50c,false
44f41b13d3a397be11630ab35a9daee4e2c1fa7b,false
f2774a17ad27b54b16e110323821e24741ab0505,false
424f0e7fb8d4ca4424e1b0c88ba43a27debaf8e0,false
860c7ea0998007b08be4d9fdb1d80d3e291dd686,true
9e79f02a50ce6feb0a8ce726f11f3c0bafdc18b4,false
f12a7c429fdf2a96f91803aac5b85ea7759a0a1c,true
873441a5a2ba96f0ce004e422e55a85b7ac69d2c,false
83b0ac57df16af3921b8e2e140351cb05c71f503,false
d9a882831e0a37a6da3319285350f6a10f1c3823,false
320488fa1b02c7ed4da1e107b9fb9ba95fb3d085,false
b1a088f54b6795affaa520060c02b37e9c550a70,false
b87bf0fba8ff98de78aefcbafe55b7a995fe353b,false
215d61e4c3fb9441c4dc663447f9d0bac1155df4,false
1a680b435d0e222485f97641aaf00fe0df979417,false
e98e0bb77d2e6ef4561e2a4204e6792e70a4ad46,false
504ad876b22bb5935f805a1e6658c6eb6fe9d39c,true
3199d16a2bb7acc8f5c6e949fd6ed97a5179118c,false
2941cd21263fd09012ef44f09e92e856290e789d,false
e1b33490e791e5d657b05b0abe969c34ff6d867e,false
ffc99b30385a89e1d487a300fca22d34a8e7f998,false
48cca71191b1d2a9523b59ea10d769e6a2a32c89,false
06b26f216649b7c1c2375481c45efc130fe32257,false
f24976555341a6505d888c43d9cb760b9748dae0,true
04548d78c3cd984eb3dd1e50d95e3be19d8e02fc,false
04eff391a85946446c512db778dcbe816387d39f,false
49950e243c819fc2ee4bce2d039c718f23d8d0c0,false
6b87cb53d3948c08ae7c9122ec5a119924abd787,false
81ca9f08317aaafb3d67b0930c05016c7dc454d7,false
981350357a4d1b67627fb772a1608d023d478d5e,false
cc6334716d383219effe0344d0040602498e5972,false
55c793a4a2eac993e8caed5383b16e9043f6949e,false
d12b04007c9c98b0e05a0794f280c360297a6a1f,false
32db72de0240d4670af6a5789d996a5c55549797,false
fea92721f3e7b024653117a1743f4814257f8a25,true
fb7d16630d3ba87fd2312275aa602fa91af09e2f,false
ffa2ffcc616d83ca9eda5379ec4fb0ebfdb159ed,true
e7e07adfe8762b25db70f663c8b2fdff8e8061b1,false
cdf5eb9d4471475f2de911c5cf09ad5085bf47f2,false
aa41dae1bb24e40d4487e2688f5ae837fb0fbc0d,false
5788f2b55f001f0ff5178232fce7796cfa6e34b4,false
84468aff1ee4c6ad7cae9a550d076ab3f0a5b9a0,true
fb4460c83078be31d189fab8ec9921df357786d5,false
f17d21b83cc6f890047ff9a140f6b7d3b72f8ee8,false
d28fef4f29349445ce7529d8f1dd6812c3b88eda,false
871d036ca1a9a581ab6cfa12a1eaa615a5e2f16a,false
15a86d8b10fcd390f1e9808ae9031dddd6616fb3,false
edb7380921685846eca53de2f8e1f53f2f9a7f41,true
34c1c1f2785d756817b4130c65f53910895c0308,false
4607de674482ea3fcb1b1d4f84028a009fe1f717,false
bd1dc616c0ee3f937bf9de58c9f4028a0ebe24ed,false
d703ad7ef42f7d804bfc34a9f2f86f539ca6dade,false
d75e2c0349febd512452e82848ffbe6e4f17f299,false
fa6af9ceb0341a5a7bd884a31859455adf185c73,false
94ad83fa3b4d203d451cf5e80add63d8f73c4d77,false
b0a8818ad2b57957c45fcd74c733147ee1dd909f,false
c23fd2bd7b73c76ee95912a4908c70ae7c5d99ac,false
8a5aa74b556490429e37c75c46ac9107dfbaaef3,false
20c72112b07f67a0ba37ed4bdcb88302f25d1dd4,false
7c96e6324fcd4f4f3da07f649c4e541b10b53045,false
1df685d8d8bfb7108338fa1ecdcaa1d8f4539ce7,false
a1b44ede14fc6fe0816c7b420b32bcb6ca333371,false
543334bdf90d3c0752c8feb34a3744d1205458a9,false
17a4c444b0e495debaaba7809af12ac84e375d06,false
e9c536563aeb17184bcae5a7a12a058b907a6339,false
fe603c86c18fb30054ec927d2b3bda7db3eafe78,false
262fbd2995e5648c393bb084c1b732b72a8b9946,false
cca519a50434b85d72ffaefffd8cb59f352a60dc,false
ffcb7ec9e0e6f42c2cb0bd71dba6a9b5de6f7f4e,false
7a574936f85a622c9b5dfe76a9686eef69bfe914,false
eaa154e877ea48375b190adec6869a7f2fcf697c,false
4ee3fab058c331ab08fb00a6653b7719eb2fe966,false
4e0e08e64bff6e313563eec58c7251fb6ca1afbd,false
170ca20a7a44a39e2c75ea123899aa1cba673145,false
f844dadb2d4c33501e2d3276ff8e1ab1b094ee4b,false
29ecbbdb7d7491e153ad602643b0c51a5200f562,false
735c9e61514f7fedac1346784cf6d62fd8ac1ef5,false
1ad4a9eca43af0fca8cd5c059670b3d47454f5a8,false
c52830a9588557fcf9a24734eb916a24b18f55fe,false
3a50694520da53df552f3ad37fa13e0c4c12405b,false
97ea47dd9726605f58f1c932c070eaeac1fdc91b,false
a13a0b0b782570cd8382d90a622b77380d574604,false
a8e0101c64c3e656d24900eb9678b84ef32ba287,false
a436409d414aba6adcbb2c0f778b2f4e8bb3ea4d,false
cabcb264cd556110e3eabbbf95ab524722f1e800,false
03d50b46dca961426ec64cf46737d94dfafe7059,false
212973170b0290f826ac971c95f6f5481c307fee,false
1fe8cdeacc1e458c5021559f8f660e66d64497f4,false
78aeceb0ab6f2d7cb13da3c8105169802393a58d,false
a65c5ee09a39ed5ed8957892bec6da9f464c6a19,false
21cd5c000f043b09009a836886221a0b9df9dca5,false
4e16b642042040458e6e0303f9f72aa32af36518,false
06f21fff6668e8f0fce168be361136c11272910d,false
2ecd5ed4e06045efc30de3b04dec40133816befc,false
6a570c3f96281ab695eb2ba0cbffec128c14b5a7,false
215aabc9b2950ca7ceb9f340c264849878f56451,false
085b08685275a567b1f209a96f075469b9719045,false
2a3efc455a27276bfb67fb6d5c179e8997924fc4,false
1b3653d7407b4914cc85f031576f4a1abea80953,false
6d3236394a3c8f8b5cc6a83ca286173044999b6e,false
103ad05cd921d529d2d16cf9c251c66d2256550d,false
059c9d7e7dcd0b724d4b46c8689de00c41ea25c5,false
710149de76c51f069e5c669dd2e22e10d2d549c0,true
85acc5974a4ab5b5238fa0d3e005857fe539ecef,false
23c1de9dedc6133f1d4d2da3a0279f0770bda9f1,false
29dfe3400bdc2358fc12d8ecd89f7590f270091c,false
230b21d9a420a5266c4bd1706b30a99df5c86f17,false
fbe7ea4f77920c06b36eca29df96c25df239a8e4,false
06c104e9aecccb6a1cfee1018640b3e659e46c17,false
a21490033c9ba2bd2bed7d40ef1cfe881ad51bdb,false
6b30f2281f18dd96fc09da0ab033f2f75fa1bc02,true
47f764889447af18f1dee187c1430f351cc5b8e3,true
c3046093a001baab29e66e5ecfe153f0f1ed2290,false
9ed29bcfbf22c9705e5a71bbc1973712a63741da,false
80b8ea3805783f6a672280aff0c3396e135ad075,false
a7008aa9f28998313d4d7fe2988d99763c3eee5d,true
f490bb687f2fe0d710968163ce925ce380f288dc,false
f2120c23cebdb21152283d29683db1a85e815684,false
9a936674689f6876eb9884833ff281ead1ce8d8a,false
13ecdbda4adfcc4ab2f6beae49721284507a152a,false
c3a9d3cc7572db123cf0e5c785f64d2daeaecb1c,false
757837545416438a3a9884a1dc1caf41225233eb,false
348184b19b68ea078e56cf8ca9842f873b41a0ca,false
053354bf8f6021b49033ce0f4914cceeb6dd36cf,false
75ccbfbc1e4f92fc783ec6b4ffd990f2f48d73ba,false
e0df6bc8193d60aa07d1c00aec6fa0d14d03e1cd,false
9167908da894322bb5773a9da5b27ae30af52c65,false
05b5f002e52dc4c465435f295bc7f43151acac85,false
74ede365c12b1286c6320b3762c896befb14c966,false
4b1ec82598830f3acf011ac3fb913b0383b707dd,false
f2a5e63bc8e428684b16eeca287199be879ce17d,false
e311a333c9fc601f2d5f8b2e921aadce4d81aa22,false
936ad3fe24735e582a044e784c5eb00ec64babbc,false
83e882b786194462808525507c419c940a2ae565,false
f33979e5f2225828278835ec7fa144a5d6f64811,false
8159e90d8b1361cc5d10ef1f8c19457cbdc91883,false
b82ca309b7ab9ab8e79815b759a202b7bbcdcf84,false
786a21ab72261ae40b80857ed1ded6659bd0bace,false
26b1b2bbe9a0653a14b988b37ac2eabf27533c49,false
5e2080964e41f604829a7e5002b715d3e6fde98d,false
4dd6158cea47a4b4004eafd9ee553b9f644a4f83,false
cfd5ac3417c97f30ff13313b553ae75e1acadc3d,false
ead44ad7e4b13b224f903e236570ec1fe4ebbe7e,false
cd3e0b9cde28837a624b1a4ad6f5e0e7a855faaa,false
2e7642655c3b5b3fb39f49ebc838273d025d96d7,false
d28e04d51e384f348f10c2294c54c9a05cde120d,false
07cf65700e8c56dbae71151c69357cf9bfeab522,true
4286b3519aaebf81dd93245f94ced36f734ebd02,false
576953c17d4cfefa2f2687729a94a6c151e9832b,false
853c6faacd825bdb8c19f343a6067d93232f1d35,false
2e5dc7222738111d17904588c303af66d922dd8a,false
f3b32048783a7fad3928923393e9c3f884a6e308,true
3a5fece0de95bbbf574b31a55b4e2c8a2ba1ea14,false
e773bbfac3062675b546258a496a67377a46873c,false
c4226d64d8cdd79cc6f2d20d76878deb687a1c86,false
894eda547e5638bf6cc77e6889c54a81464e0191,false
58a6b7a8cb9b43d22335a4fc3e63f7314019cb0d,false
00a0f6e5083ae09a8e9b2c5ee673e4deb3942ec1,false
dda91ab0d17d77f5a5582e3a24a4ed272138b4e1,false
870ad2dfae0ced2dac3b32a5ba8dc917d78d15e2,true
202f88f0d2da2bb3a01c628d29b8e718d591af47,false
43e0f76fee78870ff8b03ed78fcc6591cd3d5cc2,false
d7695e2874c14495b3bc7d009e466c14c64e6ec3,false
ddd242cdf82c2a879b35a7a0d889acc3d45715d0,false
042b1078c3afa65d4c8631f2f958eb8a53064196,false
714edf3a00e3a46281a52fc2e2b6e03f01f046fa,false
a00561d03679c2f3d0c9eaeb7cf02f3a8cc066f6,false
0aa3ed3fb13d531a786750ff8b2207727488f22a,false
0512ef5ea094b987afe27208ab17d948ccaf06e6,false
ded0f9ed5064e6c1028b319f1adec41d563c3aed,false
c138709afe23dfa1aa302b405b164280177f9b29,false
d335f02966438ef97ed3d897b8c021bc02358804,true
01e5aff590e71681fabdd6fc88de965159a4d175,false
25d428d03bc5b964a6bf41a1bdc05785b44a1940,false
17f20e1ff13e2d873970da47a405faca7aa06216,false
73684813f640ed3422959dbfc6d06bdb48a8f04b,false
89d3cde13c725f30244c2f06c8beb1663f02b422,false
5f22800bd5c7a421badc9c027d2e08fa200f938a,false
f01a846c381fb2441a2343e3814f38d48be19ba6,false
2628c8d0c7cd157e0e428f902f30c224a2c07d9f,false
75db9a939cba4459f4f463f907deac75e32a2b53,false
f38f86fc37006d74393898111a5ffe3ff0464fbb,false
743b5353ada86afb33a8a46b1a8d8c9ac5fdc960,false
1efdb98c88d518aa1f3e8147aeb2add1c7e7225e,false
7bf3d6dc4325c1ff8d430f261c3ba660879b97ea,false
6f23b085e6547a437d76007e2435acbf0a9a2e1d,true
4b50a3a4bd3b60bf7a11e95c86d2396796c543a3,true
d3e534aac94fa6f9f0bd7d11a8976ac439fcbb32,false
bf016e0b3178254ede974c78489e3053851c3e3a,false
a63e0bbdbb487933b6db390db5d4d7d485e6ffd7,true
dcdb094369ece1e700e7b5b4d878cbdf62a7e121,false
bb7678442274cb8c32c6674a93f211ebef49762a,true
bebbfaf2a48b6ee5c5911e7aa788dee65422ced9,true
2c0f62f8d58c5ae8695ace7c50adfd7e55771bf7,false
880a05b3e5296dbf833eb48efa1051424fe6ec4c,false
998ca3029afdb3e0d38e451b57c5a75354655512,true
62d3d0516b87c62e4841a6d9b0eba6e262e18410,true
46e1192b845f423a4f6330df921fd1e5448cc55c,true
e7d449df9843c188700c11591ca7e70755f9f140,true
cb7855fc5697472e747305b7d917ed6f6692224d,false
abf6e0ae8e3bfc205ebeb91ae882b631496378ad,false
6162162433ac1e2ce2ec75b4077427ade9930950,false
f1a645b3309b60303177688df8e9fd3f3c8767b2,false
a9bb3257f0b4831b58a4fecb17f26e7a9007a25a,false
63525eeccada4e9e3e1fbb92ba4142cbe1ac45fa,false
4eb0f1a665334b82547a197a09c85a30f8d78ae5,false
962cd1f05e28811991618b22e1be90d2745c6503,false
3193ededb1b451d8aadf45d8f0899ecfbfe17a5c,true
555c3a585b8ea721c396de18d18c3fad4ac9568d,true
48ab4a6bb76481297a8712a9243a9eb4854b7d6d,false
b5c1f574c7d0e7b7b1b0bfb4284b90e089c25b53,false
4648b7cd4a4c8af11aa3aec27606f93f95fee4c8,false
df37bcdde1d07a0931e6043d6bb7039f4e294637,false
29e758927a9454630bae5e47ed531aa97d4855f4,false
eec10201b46c7271df6177774c8b5e2f4f00310d,false
1600d9e1821b9d403ab3365e15f05a96f238eba1,false
4fed485297a595c50c29ac86ad8e45654d567a21,false
bee443409401b0ece88a520c009e07130b924357,false
8ff54ec3726b3313605fe593414eadbfb4f7ecee,false
c192d950151002975b91a359840301f17efd0f2f,false
45f186e71e469964054b020820810d8bb18ea61b,false
c8af47a211546dacfb586af2e9d453c4a6307860,false
f05a1ef914b56c5ca1ad6ccd92d98b481d50bc00,false
09826ab20893bd7dca2675a8852af13675d21c2e,false
48bb8295d41dcf3993728f955019cc23b0b587a0,false
2a3512530a255bddbd60dc931ca7b0528a3a27be,false
9b5d840d670374d7cc42c96b0efbdae17ba6b4a6,false
c1088e217e1954952b57e70aec9f0d28f09083af,false
618bcab22b614221eeba7fdbaee2792c7913f651,false
fb2e9ef20eea63840eed4e956dabc0296c0c2f59,false
4438efa245811c4c2cbf70bcf2d4c4cd98fedbe7,true
42e6a3f35913996b38594f05733722251ac2c01b,false
4895534b59eedd45a561da9d73ed6a5f6392c955,false
e7271a6291607ea48b2a04d3d3435e2d26a274be,false
6db6127dee99a87d968da39c39cb922ddc9d2a7a,false
7c71052d85774d7b256b8893ce069ef51a6c8ab2,false
e93ea0f3255c57ce1c271815c67ae83051eb6605,true
0cce33e869203d6e6f481ebcb594e3201879bf1f,false
a37948506171f1b5a63dd57f5c6bc341accd0816,false
bf5b652ac7f1cecacd50cca9bbd78b9f62af48fe,false
6098aa3ba76d68bb215e7e4768f30ab99552957a,false
710208cd1506da009abcd666403acd20d0195e4f,false
879d798b361187faf62daabb57336c8dfa9e9d0e,true
69c16fa7045ddc25ea9f4268af47929b63e97e1a,true
4a9d74c4498940b4904beed6bb0c776a80ad4a98,false
9449e7dc20a25757754c4f98cdfb0bc9c0452564,true
8532cb82799fac75b9c8d21763261977145434d2,false
db9c24c815ea3f45928a319c69c07e7c88556ca7,false
bde83cbab131dae9bb05fe9be99e99075ca969bb,false
3bc358b99d0d9da9aaed41cc66b7cff4efc44415,true
7f17d4c4b2abf5d3d5ef9a231467d24cfbab6ffd,false
95b6678b9bda9d069537994b8bfb6ffd21181d7a,false
12fd8dd8c6c93cea7fbaccd29c12df78df435be3,false
ba70574ef7ff4278ec50c641de5c4b374e300105,false
07806ed2d1bfedfc549f07c5013094455dc00f4f,false
e7cf1700de40d6ed5f91013964b5fa1011336793,false
02c5fde8a40c80657c74d86d7d948a2efa531ffb,false
85ecd8a87937db31e5a1c9f1f94722f1fd223668,false
d1361a3a166366f4414703ac088fe45b12bab58a,false
22a5a2f51e0afd1197f7c26354d4fc31f9bed3b3,false
ec72f9621e76e6d779bd10b0f5ba1282a495fb60,false
9ab390c7ac2dc6854a9a986681aa1b2f5820f504,false
76550227ea0abb623114e7ba85f44fe79145f0cd,false
8fa08114a9703215e39f7bbf218e1fa198f03268,true
48a081689c3a76e86ca52b898132d05805af413a,false
1223197f5e156d9fbc27d9139f04edfeb41182e1,false
abea160018095b341e0e9ab5e0fa68f90f3e39b4,false
84b27e9932e66bceaedda15a1ccf4cd25dea0940,false
46d177025d7541d32c5874c23b930a8bd1d17cea,false
2cdc9753618ae2d2eb554adf3ab937942343614e,false
68955de3dfa7146d4e2cff7c913410e24e7ecff4,true
b9f2e88c6ed6c32eb595f1e99789ba3c0aea320b,false
bd19efc8d4aa68e5d0c4aa40c0ec444a48c96aa9,false
e3b1b536c13084b02c320b28ad0da3a2df2150e0,false
9266874a8c01121f6be2354a507ba350b3cd11e1,false
03dced7244e027b4a0d867db4491878924793bdb,false
62652680bbfb01da0db736f04067fb7bdc36aa72,false
c67f438aaa4e901f5d64b2372e11ed907714368a,true
5ef85157aed438b530da832a7c3e697831a1443c,false
bbba8544af9faaf3bae43355f5c7021eb7e685a8,false
40a1bf0fb14fbebcc12e77c12ed9b0ac331d1cbe,true
15f166cadc08caaf3a1ed884f897433fbe962621,false
575959c6133495b4effe2efbfe1db49ff7405c69,true
2ec84b5454b04f4346a37ba7ce84b8a3dfb832b5,false
2dfce906f8b1295ace50c36b1305dfadfc9d03cc,false
eff757d9cb9649e8903f20f59ba6bbe5c67b4d0a,false
cd8d1601b84f565940e1398efd0af6280016f297,false
e9f322571f987820aca3196f8e240d43ecb1601a,false
795d7f9516bb4a330d49063c995f45ea0a17f17a,false
316caf3a2fe955ce2c8d2e465d284a521f6ffd60,true
6d5568013a28081c9b4f66a47fc016f7a71fd894,false
f832fbea4ead0e4ec6c955c625903462991a2ef9,false
b6292f4cef00919e6792231f9229f715159bd00a,false
c41d77fe0d3896cbab65dd14ed623982bd01a606,false
1038a4294e31d30afec7ea73e04a4fed1872170f,false
e83e67116f4b62a5d1b28210b177a3e20eb84633,true
39adb141014036ea0566a5da1e2f09e054627149,false
e3c44a7965a29916c81c27d69574de668975d5d9,false
ead9c9f9b75a0fbb9cae76b4b3b6ed597cf2ae17,false
8ad2c75635d4242bf934d52c82676605635504ef,false
1c3e186bd28d79d98d0b4a82aa8508b01e171ea6,false
945ee56ac1243a98d97efc714ef8bec18a230453,false
5c01fbf43e55591893e95e2c4a412b9353831744,false
32c138a18dbc117aadc392e81f2591905e455dd6,false
0c017d184b1700140b748c4c3a7919d07ed4f8ff,false
3bec013bd1d4ca8222422a46333e0bf503d7dbb2,true
502047254faae61e850437cef5bef8ee7ccfa057,false
7633d589985084bcd3601f1dc40c7217fa323c80,false
504c5018afeb52fb95918c63b79e8dee48c752af,false
3e9d6a47c26b85b1f938b001f7dc9733797e01c0,false
3c367ba12fc761f6ca69b8285c32a8a45c56c45f,false
38f0e7bb3ea75f3504315b264e6fda0ebd661e97,false
613be3355a9d74559e27962187b4720ae3715a63,false
e0bceaa0506d87120c753d186a806f6013f17af6,false
e6b31a76ccbac9f2419591be95e0a99c201d292b,false
9a40729d1ac76f1a3ef96415e54c0f2d247f1ece,false
587650c678137ff5397b3ecdeea475c4b4e89237,false
6119f9a3ece56123770484d3723f0a90cc0313ba,true
f4777aa01dbd6837c026b42423e709a7ef434296,false
56b5da0acd1ee64c4dfa612cd10f78af3cdb7e88,false
9d05ac8f56cb4e30e96467da422c16a940a73061,false
c0b03669cc39462debb06cd148b79a40ddbb201f,false
52052dbb5b7122caa9fc96089740dadccbf7ec11,false
d4696799cbb3962d4e540435f219acaa764bc79e,false
ff61416a288d53799a0635f6394f48c3c45175ac,false
3823e720d86b339891a8137603abbffb5f428ef2,false
b6d1e4f9e2cd170a8516bc2bcf1cda4f6ce6888c,true
5f6a6cfec15e17adfe3e34213051ca85bb91cecc,false
65080052d874d212443f694964a7631714e4d8de,false
f81efd8c2027e798b8abcb794fd5e8cc0a54ddc9,false
9583495140f4258b61051771c90dcec64a47733b,false
091927fbeb0dafe9bbfd8f89737e1980c0db8ffc,true
bb5857bac4818c94108c1982740ba6fa875bd328,false
525d971e55d17de04729d3bb5693b050ac0f53c1,false
687666641ca61e4385b7beaebec0b3a078b25f7f,false
9baac2a869d3d735ce81897b231a80f50076568d,false
d48095c3fc481f4981c8efb90b3c96bb2ea3af6a,false
1b90b26e88b0fd4c412bfae820d669351c7269c2,false
3daac65887d89e47f08e21e07aa5fa91a8e692c6,false
c1d99fa5775fd95c4615bbf99d5a76f0e34db4d3,true
4b79bfd3e938fc2768a4085c2f1582a9da09e467,true
c7ec86bba223ca8d42e64b73be96e64090f92651,true
69dcdede08bff469fd9f7a72f08335006ce609ab,true
3c775686bb729157205c06c89414cbe69602f170,false
055f51f449fa8ef6a415dbcd673afac3646d443e,false
9f1c4e6ea7c99bea315a4065f2c7e6403311b253,false
fe805519c7d32aac361075e9afd67ff143e74bcf,false
0aaec98d37dbc131f7c417fab77c65307e90c4f5,true
8cfde5238cb633234a3f8394849a9c14af62827e,true
08768256350df53434574aba081bc2ae9982ad7e,false
84ec04e833ca4824fde0961f8e83cbff45fe5c7c,false
6272bb12c3b7b326d994a8766bc858645479cd18,true
388c13b34f4194f759239506c2e8f09a1d4cfb5e,true
a06ec021642f2a4efd9d95062fe49407ab92f062,false
8566589965737359d4aac3897d4d909c06b15a38,false
97f645cf6aa074eb409f7ac15ef5273db7da2315,false
4dff37b83faa85bb9b8af1ef73da759cf345f403,false
95f2d395000c91990b53f8e585133d8aab2543fd,false
049578f483150fb566ec2c92b9e2b1659e40dccb,false
269a995b8611fd6bb88d76c7311a2dd7fd4d7acf,false
29c5b6b954852b56380ddef80b078afd5e587c38,false
e45fdfa896f9cbb573566f9ad835e5e90a34bf63,false
b5ce28e7b596f49efa4429b111c29d5aa4a1bdea,false
472a5241540f01758ae6a0d648d2df146e9dad86,false
1946ccb6bbd2e292eeb37bd88cdb3601daf5dc9c,false
3bb706585d92ecc90336f62b6fc4530392486464,false
f199e2342b17e2a2c18eefd3bf085c44d591dbdd,true
b9de8620ca59f728adaeb82c3100b09f40737304,true
63a15ea9a0fe527a90c6a99fa2c4ba80e19c5bcf,false
ce022786e59c1ad14c8dc5877c076158c053fae6,false
01e054298245ed287ce887840a358571c20815c0,false
895e469e35cbf03ebc0e7bcb095f59655d22a67d,false
51ae70854e3b816ff689a8ff5a10903de5647849,false
6b6ad24b38881e1f4e3478a08d087adce75e8582,false
e733dbec3edb831d6fba4974ff9ea8a04832f50f,false
91f6856656f1b707b5bdde30138a8b91b1eb9184,false
ac2014c08c24693b767a720e4efea4862287beb7,false
6446f208c426dec9eb29caa9970664667534bc23,false
e521956949f55a913c96aa502b49f1c2b3ea87da,false
059f7dcea9190fcc60651253d806dc73d63395d6,false
196fd5bf18e43baaea53de2e228d280ed89fac3e,false
8c59909d52d920cd80b8c587b267287511465bd8,false
4f528608dfc646253e7adc9c48f7a72cb7055957,false
03e85d11b12c236ada328f8cce6e289558573bfc,false
1cbb0abb872456d6427715da88cd92ac2b19d865,false
0e1444b9bac543c1cf5c22e90823c4ea42edd077,false
dbe2c6c17acd82612ebebb3ec5b837b0f4ec4028,false
883bbbd648a4f54b085f75ca9901c30ca1b18827,false
32907809a2e691d60009753b8bd5b1027def6d89,false
2ba1e1cc83330d8e81b94e838cb33def4e23e589,false
45b86e62bd6caa4e7b621ce22017f2d43b7bd9bb,false
5700cf199cc50c9b99c4e2376c5c8c54f197c0b5,false
4a0ab3a5bcb9b5108785b799f86a1258f88c65e9,false
95d53b697eeb3726dd971e851a2b52a92521b614,false
5f012c30a8346bc4905bafa92d9920ce9525dc3a,false
617d9a2825d1c461365044758e0887e4cea81bf6,false
51b7bf9ad6fd315226012f354af8fea93a2ceb63,false
1a79e41e4522a52beb477a9c9bc03449fcf1a897,false
8552f1946c0ecb20f1322677e69612cc649d41ff,false
a684823c498761485f78e819c8d53b7e2510c653,false
f7670510f285bc74b5f8905836518c0dc92111e9,false
97cfeb98d30acc7ee9f7dd1ed60477438c1346ae,false
2e0eeb66ca9e19849482f754b3aa488c22ed668a,false
6cbb92b1db3e36d005d5d430cfada82c730d7a07,false
9023445a7fc7f001f224ca3c8b3a695bb8973f6b,false
9a66f8aafa418f1351b1cfc78af125fae023de3f,false
e19cc866067e7f5d7055c2c72d8163eb7b78321c,false
b834134ffc7a2b7efc98d391e9f914307cbcbb14,false
11c2ab1f078e8ae93c5d5b2d31c7ec696c3dad1f,false
ea280aaeab6b32865044af5273fb90ee37217a54,false
dfcdab64e10546619ac145af9d698b8aa719f3fb,false
7b8f8035fe9e46680f83f065f90b3ab1c1744f10,false
0b749ce29c84440097b7fcc687576319c9d15bf1,false
470f4e99e42d7c2c1c2e4159ea2003bc51c7aa08,false
aab9707db63adde96ccb2aae63f2e523276f6dce,false
77a9fd1b5fce03e90690379e9e9e44777bbe9aa2,false
0e383df7c2c2ae467d90ea2d7fb7ee32610a481a,true
c894aae3cbbbe91cfef5b5acfd59de23ffa0c30e,false
9abb4027514d39e07d00af9add5b9849617e58de,false
89493fdce434f87a374bb06ca8e0150c7fee6867,false
9f6e082f7c78428f5c86180277a2506e16f8ad99,false
ddb5fe08c8ee87fc563d9a5d32dd6ddaaece8347,false
7c06742044260bb839731ec47d14ef173fe61d76,false
e8bfd39550485f2aea5a0ca435a66f68ffc51196,false
80752d3ec88c899d43f14a2f86a4e5afbe40f3f5,false
50e9b7451c9a7762b5456f93569993a6f118729a,false
e13e3c68072212c916cbdd5a229ff5bcf57b9dae,false
9026ebe1cf7ddef86ef1d991908dd9d0de792068,true
9b8bdd684287db6c4131da34b379cd74c380cee5,false
4276f8bd536f87cde17de08861c7131b870053df,true
15fa1235c04344c88ba6f19a094c01cc831df921,false
0771f43d9a8d93213f8e9b000f5bb3c9390db89c,false
cd385d311da28450981a7042a3f5f95b7ae83dab,false
c4ef30fd5c9960831ac8c37020041aed7cb27f07,false
a21b773dfdf589d1683f92bc3b4946258dec414c,false
1c9dd081a73733b5aaa27a5ca7475733a7102486,false
c7061ece036cef303e53ada077c48eff09c6011d,false
6006395b50533e6cca9478ca567206e591d9909d,false
d833140ccb078abd84c27981f123dd9275ba410b,false
663fbfcbe85986318efad69da89722838b9b01fa,false
12a9517ddfa49a3f74c34f8170eaa1c23d6641fa,false
971ca7ad1a0e58ef4378f67a6d230af9220a1eab,false
3448b2adf1c9e9bf7bf9b553985cc7f266af5a96,true
5c02b0ade2f89365ff7f0235a51cb92e54a61e34,false
929de128ed38901f4c4d09cbb8798397eba7a669,false
1e9bbc1a4cc9ab6fcedac478c9f5a9900f333043,false
5bf59ce74fa43ccb0b3f3af22d7e2361d082cb24,false
8d5c2c1b3d15dc9f2a85acd3d7485c4c1c3d5971,false
b2784e0bc026ca226906d556f5b4b2f7401e92f1,true
58051d0f206bf8a1dad8a402390fd42a745c9cb7,false
26544297aef28b8886d507590ea9298ef5573ff4,false
e4f2c92df8a8a68a2a196ae260c24ac18de82c35,false
fe393a2da8a598ad5e456d6ac108d8633ddcc06b,false
81dceb05e27b7476ef260d3037e03aecb8b1113a,false
93063fefbf8bb4c866553abf14e55629088df17c,false
236e42348d4354be5d507280fa2cb43d07cf3f5e,false
760baf7337db5c28f0e5b995b8758dad021608b6,false
bfe09e3679d3baf60cd9fb47f37c88278f4561a0,false
3a0ffe11d2bb1d02d5c8be43fd15b1ef0c64a66b,true
ac8cd2a808bd3d60a550da7d7d5c683cab3c0093,false
e4f81118889edf08556c9c0e04a2840984f2bd21,false
f55f8fb53866e44d9dd28bcd317f6ad7c2b4ff10,false
1b3b8898a4158bea59c8980a5f8be972e52b0267,false
371c13e9945c037d0076f4a3cf18299198fb7738,false
a7e2ea182dd4c327ba00d08dbb4cf2887a29d345,false
d3e88a36bad981090393815eaf915a44184f7186,false
b357b621fd2b68cc7839628e7d9fc29f6f91f1d0,false
748e4223d9492f24fcc816a7b45ede6fb91c05b4,false
e6a0e495be31a67d883bc87c3c24eeac5b6e1004,false
eac279977bf2b0c49da949701136ba19260b5aef,false
d55b49427af3d7451b67ab6ec3d9727654e53022,true
a3c4d5926796f8aa1af5f94b03a85319335696a3,false
2474e5da4db0b152a2c6b632f81544af73dd38ec,false
1edc50dc016a936218d15920df682ad2e6980a8b,false
e98c232210bc47ec708a9688ce216ab91ebf7775,false
2a157a9dad4f9c988f6d5b9e7f3231a94f9106d9,false
70ff039b62e90977b63c588b3ae1030d3e8b2402,true
b3cff65574e933cfba545be65ea7982ace789a46,true
edcd61ed310db1d7ce9fa92ac4f976c18e0f16d2,false
a68dfcc4f4cb98e7cba538f8db2d985a06f6f5ca,true
4e0a9154cdb823e72dda7b03889fa3215e3e3edf,false
3c656dc5a58a8fd2a411e5aa8bc01b801c9da8f2,false
fdab24dc9e41691b68b35769888268bb3dea13bb,false
7e724e6cd3330f3f7c8082ce127cf85dde3b195b,false
bba7f2edca1d341eed7ad444557cfa26d33a784b,false
e209a62f7657cc262b1dfc9a28ca67234f6af697,false
608236205d8a130c6738c692f01c713c4730ceb4,false
95cd85944f700d8c57bdef3cabf0f4e9b58b549b,false
deb2c5b74bfa5a5a81daf82c53fa025be401cd39,true
ca066df0aa8c16d3b75e23b8adb204004dd08bfa,false
603731d410b245f7cabde18dfc4066ded79f9374,true
2b97d4628dc2f93f8b5bafe7d4b9843ab9c4dc0e,false
613f2a7f6272b69ded7a8b4707918df12e9dd2b0,false
70ecea9f4a0d6d3042b4f4ada4f64b26cb072cb3,false
99644c1a5b06ba03c6d8540525e150fbcc911ef2,false
d435fab3b62516fead8ce1d20efd0e1a84a677ac,false
e58cbbef16eac3d0bec5555f4e6c22673dc0a68b,false
05ee2441e19ace7f77115364e14afda17457d589,true
2ed614adb9384c5fe3da9e921dcccd3576401273,false
e5660bd8492b2b26c94bc078241dfe8a61d1eb8d,false
a75b09705ffd42145dc677bf4988d9ec22a7e1cf,false
b60f0c7de65052657f7dda127e8bf4d5a74b2fbe,false
86a259af786c668ae975c496e21a48ff6b63ddad,false
c10b9ce025f68c81c7af741412b34fe736cde522,false
a403ffe3b26056421813a39dd7fc7763b650eeba,false
999f553e70c200970a91b4f622d77a1a35c65c6a,false
855339a93638d88b86b1b9bc8941e0290b8249c4,false
d81d8e51c883a491cb6eadf34e49b606b122f18a,true
01e5cd94909e4f4d0b495a44e6b566d134daf7f5,false
63fccfd01533448f8ac5cc8c1cbce5dd4161db8e,false
a73566bdbc8188b1c134f921d2af0b899348fc64,false
db4fdd899cbe0bda4a9200f9f6d9794635bac5ea,false
86e0c3f9d269eaae8cbb1327578ca3310ec6b7e3,false
e013e61455ee418550011537771b4872a69c0d3d,false
b968ee794dbeddd078b63f5da55d5bef8455b38c,false
475e0e4d7e55ceca282cc4b793e6db94af84578c,false
8bb7ba4572523456614152d054fd153e36011fc1,true
3b7b358417c513df0eca5cd1ce8b6e92cf6ea416,false
7552ff00a64c94acc0dc0dd0b782680f62d43fd7,true
edbddfa4647c238215e2b19b88c6d5b8c2eac3a4,false
2e5a24f5b9ca7de91bb11880946f1b62e5122fbd,false
ab05bb8105c513a42ef2f70d201de09b953e3ef8,false
7518a10f39b83b8b344a6da72211f135c2fc596a,false
ad5f2ad6537b7881a57213709a745d0a35a8c5bd,false
08ec8fd3022c11860d4a86ba348f621490258371,false
59e8446402389e0d2765fb931ab39b15d24e86a0,false
66a939d56afa6a618eb1d7bd64ce5d060505b71a,false
1e4488e35884cfa6f458471e73c7fd6943239722,false
9b7c8ce2ecbd977157534174ba859b94be6669be,false
233c1284598231fb981434809b80efbcff03cd81,false
4a97ecb0a8e32fbef822c7fbe7340608e551b1ed,false
f49a446b299e6c7084dc021bd119d06896310d05,false
6c50e12433a59369a18a4ffd927625836671adcd,false
ccbc5dd6176e9a535d692ed2e8c2fd334f126852,false
99570e383e121281540f95acfb9d5b1fb0b0830e,false
4443705e9be7dfb39ee0e390beba82a7cdc5affe,false
d2c4e97abcc8f95934aef1cd5631b5917cefb843,true
da2b7c9532fdffbb4d3282463d2d0b48dcab53ed,true
d3e63feb518e77c6ce48d4d7e0ebd2ca4ce27188,false
a558ee786e5525d06613c65e2e833e41256590a8,false
7d7d8783a1dd68d72fcc9c9787d4acb6d17ba40b,true
10d1f1cf03e72cde1fa19360bba3d521d09092a2,false
ece4991116eccf1e85b104a5fd9b389bc1698f6d,false
1045b10ec0e833b98ed3d4f9d843c41e397c1ff1,false
332a748a791a4cadd6c354417c9db177b9d3ab21,false
63ca41939e8e8575a666bb94db156bcfe6b0ed41,false
02e2b6ba427964d861384cac6832d7088210a56c,false
0c9888fe214d6efb05b652591cbfd362ba0c130d,false
69ec093c09112d99afaaf6550115e784b5e4ed5e,false
43595f7ec2fa6e89f7346f3016d0b4f268f0ead8,true
cdec35be52bdd467d3fee2f436044c019d225b0d,true
fe71222256ef738a15d7ab83ca0daae7c62caafe,false
e3327a3af308cf519c8c33de6b940ae8e6ba66c2,false
2da01620e4010527e034e88ef75cca8de5ecd698,false
69881a3fb7ef1c07102b9b9e8e31cd89d19557f2,false
8b63bc3a3c4eccc85b3179899ffd6c95cb10e633,false
b7b10ea5f17465bf6e2445a02f8702d56a1f0c13,false
42270d0eed5ef51bd917869929f28e5d12309de3,false
69fcc496dafae0e1713a324050738f2bd8d0d83e,false
ed2c78a2bcba9ae66279a9696ce676e419644b21,false
f218b7e28fbf4e08a9ecd561164b247d5ef4c336,false
752e6e107eef0f1cab76801548bc255327b551b5,false
b77249751f6422c74237693284dbae07ca3879eb,true
49aa1da4a4b3991c9b50eb0bc4cba067b55e208a,false
bcab053e68460448177a008de96b5bb64af59fac,false
6009d4745d41d6d3dfb1956be661683f1888714e,false
e34ed3329ae2269cfbe6f2edcbc4fc8adc7608d1,true
00c57a81a0bf4c18f0796eb7583b361af70a9fe6,true
dd3567664d0e9242c7f66b7cc8a9a26a99c44102,true
20dbbea9eb13acb14237864d9be69258ccd7bf1b,true
fa3cf4eb186fd733ef07a80a427ef34479b08347,false
3bc8b16febe593a6692873100ae32cb6f633ac40,false
ef14a8c3baff9f199d83fceae8607df25b31daa1,false
a7716f6cb45e9d816067100cb90bb7cbc465c9d2,false
0966cb0ea4d225b4c567ad94f688dd6115c12074,false
3e33b974fd67671b5d8f616c2d6eeefca46ad885,false
b4cbb18254b14d2f07d833ccd32cf23774ae3b57,false
37ab3eca97c62f8a724cb9a7c022a96edd880036,false
036e006acd0b45eda86fd5787b06c9cc7bb3f59d,false
dd3e2787bb7b945d22968388c8948a840fcd364a,false
ee522c49037eb3deb74ac201cabf7b84e7fdb1b3,false
7f127466e5ab6fe01a79001c1eab8725902d81d7,false
72043fb0d9c9b53a31b666643e5bce270beb9241,false
70d866006ff7a4a6e1991d883ccb01b313f5d8c0,true
11ffb349d2e2b778d36f0673217e0446990dc795,true
9ef9d2018c081e49f44e41ecddddf28e31879cc5,false
835cbc700022abdc68bf8f764d92794cf8a42254,false
f59f741355175d70807df29fbfc7ae851e1a3ad0,false
d7972ff0997e7f5810c17d29db556f90265fc074,false
c376a4911b62baeb1bc0acf745548e5d9a4b51fb,false
8e819e98a246673c15159ff2ae83949be0cb1397,false
0bc1decce58f035d482dc723a5228f92ecb4b112,false
9aad1610fca07d30169d5fd7235c0d9882391312,false
7ac489c6f715bb7fec791deb78bd83b681440613,false
0bbb54bc0f3e316303d5e4d63d2740166d04535e,false
12164c8116701f9a21bce822810c2cfb9851b310,false
e2772924ffd40e4428c323569a2e93708c425ba1,false
0dc36de8134a24baadf47514fe7317335c71f14f,false
844b7af74fb82fa0bca74b31fa73bc2e28dc686c,false
ef04a59abf75329388fd96b36bddcac4c32e5540,false
19fcc24f8e2d35eaaaafa95b5022d6cb8d58f6c0,true
1dba09ef90372653b1eafc0a7aa9db8c2a0ea989,true
7d6f9152cb6731750a45be4bfb98839642e648cc,false
5e04e5e45a1bb42c48346f69d50daf1f687ff28c,false
1335e40e87c7b2be24e057eaaeab0d3f6895d362,false
126c22c87278aa8b1b8197a9a2b2c4a2ce731fc5,false
00929cf1984552dfe563fee69df9c222986eaef3,false
ddc738bd41a57d872d633b44cc67569612cb5086,true
29ed90711b75462b277c72ce5d6b7c0e03367c57,true
20d5afab18f5d2744be555bdde0cd079f3f7c1f1,true
d6b2ad085174b4a70ec0ecd49e56630a26b76dff,true
9cf3b87dad7b3c0c931b476a9a2f4c3ac5a23369,false
4193d204122cb5435538fb8ab3371d4bc859aa96,false
8d4c569ebac55cee39209311fb30154f91e8dfbc,false
da4fa864b478c42a5fc6c61d1b4572b29c88c6bf,false
2f6fce854ce45c8e7e366557d9c6919b22b5a0a8,false
8d92e58458f99b9b91c51e4057ade74af4726952,false
1ecc8e0414c571eda363cf6730e473b44ab5db85,false
93e85fa81f12778442384ce6e114ec757f72c2e3,false
7c7e1900af64e24453f08ff70f23aba8e122edda,false
43954bcc60dbc95938f5c17210a094cacfdb91e7,false
e85f12e343a1673582f2231daef6f57c791a303c,false
2cb24ed326042e387be6da2692346562ebf72cec,false
48e5179f7c70a54747177d5559bcd91c1c74bf5c,false
02630dc6fd234a2d71d938661b8f63e85b6e68aa,false
2146eb3708956a2faefe69a150477673a6a10aa8,false
56fb37558fe1e2907883ce31c5e3e7983df7c1c7,false
75b0d2ed34e7d0be06ff3b0b3f0cc8c85e28db04,false
9380bbf1891ba49832c685f1a2d03e242df8dc7a,false
2cdd488381f3abc46aa4fed5048b054e5c3d1264,true
18d7a67f63d855e9ed104b6053d1effb8279c761,false
47f20861b8ffd116efb2ee071cd48c4370659ec1,false
80cc9a70af98bf8d255a6c244e9a89d0d5cf8703,false
434b69b5124851d637a12bc63bd8eb176c2e3865,false
1dcc314707286dbe650346d26724d1160668a804,false
bad68b7d19616c883195fa6f29210614ae4f8a44,false
33b55872e58e26c659214ca01e48ac95176d9534,true
26ce744a7f8d0948831135d84da729c42e285f86,true
5c780f877689a61dc89ebfdebc7d14615b99008c,false
4dce64bcd2d0e63d0206e84d1430251d8d995f6c,false
8e9fdc1e8d51eb5ae1aba87b9e383d963eb04e00,false
a5dad11d7dd5cdd25a43f8188d202106fdcf1e7e,false
901750d3c1b1adf0565a8d6518f93bade3d56305,true
0b329a092ee32e624ca72d6e37e9e32c64c8f717,false
76b06b1f49187ca965bc5f9ef0381f042cff6fcd,false
1ad41b1df1990026581834ba5d3dd1f3f00e2ba4,true
2e591d3148a3c81eb84d8756831d42dc5f94b093,true
d7e9aa038ef50b296540620f7158f9b9b516f8d4,true
b2d4fb5f741c954ae78ca50b857128721418415a,false
5c666d58fbc0b567fb1bedecc68c625e56a76d5b,false
3f322f788baa555aa23ffd74a12bf7d51132dd73,false
e7ec9e4a63392c9bb6d772ab78dc3e7242906ff6,false
fdbb67b332a4b4b4e4d9980c7a2cc8d70f36775f,false
592bb14c69532bfa3a9109778ac9a5278bcec985,false
8d4cf07f5717466e46ad5d80218d65b4e9747209,false
494cc419c341da2715b11ee7be213ee83ca4349f,true
5ecb0561052c7850f3792fa486aff43a37760b84,false
29b4dbfa3e4b404bde127395d935643e0d24e2c7,false
88a0d116f6eb5667f8f9b8e7bd39ec82d5241afb,true
aaf31ac81b34a762ee04492b3a11a2f82f55a8b7,false
accd2df9fbcf38e44ab193730aa955089a2c38cc,false
735551e372acd528123ec8c57f8a39fafed81ef0,true
43807b38d451167ba31be0f5f6967570b60f5d29,true
bff3202dc8c7bc4ae82a619d7b6566153a3d5d36,false
8d4f5acbdbd239ba5fd8f22db72311ec706f807d,false
f39cd75dd375aff1b92bfb74a7020d61c6fb4cf5,false
d5f8b0fc19d754a5d2602b5d1a4607e928f620fd,false
3ae7a77ff16c6d7e5d15886d42c36261e48c0188,true
64f9c12f3c5f5905feb5e59eb957ffa97ddfd368,false
1c990c0e5cf35809dbed9cc3c6a7bfb527ad424b,false
a30eab6b6d254e79c296d5d49668f953c3a32524,false
330af95f8e8cc5418961efcec498739d6f8ce0ef,false
4512a41043a773890c6efcd2737cfac495a4f6dc,false
5fde087d4afa79595a9e1f8feebb737af27ee239,false
2732faf8280c7173e89d96d8332c3f795a72e1cb,false
53cf828477332c76ead3569fa470f30edefe92c2,false
f87720f598f0440cbd4cbc6d78f237f5c8ae67db,false
59df1f9c496b25c8e620a0bffd0f6d4365007b81,false
126c7a49d3571b41140afd1178d750a030634272,false
ea64e8b9fe8b172fa95fd409ca61a3fdc207c8dd,false
c423bb741a5e3b78d0b7f04ee7eff294ce7c21fa,true
dc1300e54cea6c6756d0898b62eca0bb26ff5b87,false
53ba015ab76477fd2b62a1fbe345065da543fe30,true
13970f8db7c50c37f1516697fa93da4ebbd6f83c,false
8566d1de33ba0a0180ddf858a595d75fcd0a7d40,false
6c83a71b97e3419a80cf6e3eb52164fdfdf2d0ae,false
c877c9cda07200a1fa831be2df4e90974962af08,true
6f191f3e46f3ee7714938cb0eefcd10b9ddced83,false
782a6ad9bc63b003bb94e5fb23b18f548d901d3a,true
a00a7f0f492d2eacb9d63b3d0f6dbe6517072f71,false
a260d8ac2921d54b6790c15717fbb5521a811274,false
a2878c93eb7a405498a15eac114be201e906e6af,false
efa9e7157e8645cba3b4bbcc723a59242c392f78,false
4e2cae1ce82d51448d153634eded9a8b4ca28b3f,false
9779f61ecc4022e324911010c501a97fbb1bf3e9,true
df8c4e545d8b6b5af6d3ada90b97347a71069c58,true
fbfb3ca58f453b9beb7a8e7f06541b0e238cbdaa,false
d9e8af15806b9fd53f41d62d744db67f88533594,false
bd96aa60993e2fbef15a12a307d0a0db51adb874,true
afca740fd477d01309f17cfc11d448802626948d,false
8d144f4010e8a5c4a1735d0577a862065fe63a9b,true
c987154f14caaa9a17e8d1982e18c4efd9f40a3d,false
44237b01f140e103419c2f0e9675eeef1c207fa9,false
5b7c01e655c2cd3288f74a57101f105d270b3b24,false
da36410fb4d61289d9e37ed2bc15b4d75f331a80,true
6f73e2b4be4dbd76e1172042a3cd04475a29da03,true
8febb63f489cc572f5493737b54d43e07803b339,false
364f637111af8586947994a76e5389b94ed21c24,false
6f1ab60682ffbf7be8dc88a6d78ff2702dda57e6,false
c1bdf36bb0d988e6c5a6a13f6e6382331a803430,false
122ab4c8f3f91a71a4ca54c298e49bf8fcc830b0,false
6255f9f9a7f9be7f20c2df637a1728602093d703,false
8e272f5a0806753e818cae6dade33d602f08cb2c,false
d8ee9aa57763c7a84deb84a4faea30099c957c5f,false
fa92d32800ec82245e7e1af07db20dc06701be45,false
15290898281d65c7c6eae213e91cddafb97f03fa,false
bd282b238067e422504d8200d38be8f93469dae3,false
cad2c97a208dd886a78e079f8f79ade46cc04ea3,false
5c337f3f27d80ba3f2aa4c68ebffb8b368da54a9,false
d2d218598f4e6843f9ecc8ff71842bc36fd0d601,false
ac89f1091194268dd01130542fe076e972717698,false
79e2644b28d07c843b55073c21ab7d31d4262a85,true
2495240297700686416dfdee112733073e0d4a3d,false
9320f1fa18f22876bc1b045e841fa99e08203f8e,false
7c4cbe1bc81f35e69694c44bf36c39657a692d72,false
d3d4d820c077067144fd7088626094029ba547af,false
a2cc92cd1dd4e9fc5575f0499f8f0ac16ef0323d,false
80a2ca40aa908e2006c57d88c02b944a5b599d47,false
93b8216503588089e1d5405485e8c622038ee265,false
7686166508ba2a46722032f32a5c5c3f9cf57657,false
d7ee1af46e75d565a9896f64f64a135593c8f60b,false
95455ee0c50a65b33acd416d562040a857ad5518,true
ad678a226f2a0a595127a5e93e731b6c9bdc06d6,false
3e922a9b3ca0674e54f08df18a4dcad947771113,false
ecf2099690198260c54871ef4d5706c6cfe31518,false
673a3e81e477a1510fcc6ba1485ab15c595bbc51,false
b982996e1c87ac09a396355ebf72f35110fdc3c1,false
4abcd51929aee51c9ed9d5e0c369824dd200b22f,false
ab94762162ed54733c8cef09a252ccfb56b7d3a5,false
543f8d4b1400dcec53adadb34da6acf58fd6507e,false
f947c963f7cd22bca941c18d79b860098bab3314,false
7444b7a6a67f613238911fb5e21df2dc0dc826f5,false
32d3e11a313b1f060601693c7df05d0e343c2192,false
a00d40c255635e4ba258d04b74a2f69655165bc7,true
3e0c983d5eb80e14ef2fc40c48a6f84c6a9d8a39,false
34bcd59b7a771d2be98d6f002c9cc274daeaef01,true
1bd9069801191f4ce040635ee26b6f6646f775b7,false
516ab8b2b646ea8217d95485c7bac100b676b0e5,false
4bc45412ddf1024756c71c31c6f126d55fdb1ee2,false
7c511b82f44f3bb9979103e23356931133e95c2e,false
b6ea887fec992f1e5be34b3766ae48b8acd69341,true
71e043ef03f3e7c46c68ef02f6c35873317a37ae,false
0b8aeac21f0fce719187cd734228102c773df0bc,false
e439a8d534817e9548cc64725ea1ab9d35525f9f,false
06683c007c8fe2462cdbed034f3f77e69252d36b,false
ae0bfa864bb2158ac2e7fe415aa6b5c24b190770,false
3d5c45e807c6c5816ce153bc9129ee0270af2742,false
245591067c981c4f89010b65a0c708ef88da1a39,false
885b1de512c31a1d290c8dd798e084c32261144f,false
3769024aaa7dfaadb4e7e79e83b6ca782d7d00a5,false
47686712eb3ef7c2133a55d7897255114fd73c77,true
a4420e5bfa171f84f7cbd3d65a5e01715be81bc8,false
44f6689d4bbf057718e55322bcdcf9a5f8587870,false
31bac2fc62f27f84d9be8305b6e8444191a2edeb,false
a12ff0c1343d005cf66e1fef63890d5fff08a74c,false
e073cc84b9d8a8ba245a03ad7c34137a663f6ec7,false
dc401ac211331c4d2d37195ffadb1ec13549090e,true
f402dcd369bccdbfc5bbab2654060e8029e03d18,false
ef92cf361027a62a608de708599e6f9debcc8939,false
f5531b8fc15b2d14ec852f05b2731a3433eeb8d3,false
e16b9e8870a1743d68742632da350db696591bf5,false
fbf2c6c80e1a73a247ac41d8338729a79979d737,false
cccc62b988426eb047c6b46684a547be8daf0ffb,false
922f49057f933a8412e4ac2b293c89541befb64f,false
f43c5cff103a5e02372aa2cc92777dce7e66d7be,false
8b45a074353f51ac0d881b3cd10d75772d2367fe,false
0a0aeead5bee8a0da0d73c1fa1f4273f5c51cfa9,true
79bf2b85a9c3f16445ce7bbd6345909d6e7042f5,true
c30bf3aa2435bf1462691a8a49e0f4f769b4670b,false
6d999a1fca3cb03f680434b3b71d9e58f38aa4ef,false
9e7ab65ce6bb3fa89ecdaefc9ace2b4bd87471e2,false
4f98e4db59a8dd0b4b67c202e7c9c35874d3fea0,false
00b08bce97f3c728b0642797c09b99287638ba86,false
3867027d88fcff25e81b36d2f1ea6912bfbbebbd,false
bbc18fa7c03bbdd4bf94e5ddf97083dacf53888e,false
d0920fc72e06a04f35b84bb844cdfb3336027b27,false
41a518b24c913ae0c0827dd11811d44fdfcfbd36,false
f552e63a16c29f3429901aa7cc13eda51af83a7f,false
f1580ba3a73672f944f7936c4e8cdc2fc13b6919,false
62d2573297143afbdba36a8ae263125301f29a0c,false
b9991ba5dac1aaab3755cf6ff5f38b92afed301f,false
70b249fb630d25d78bb0e75306471fbe11e2fdc0,false
43bc634026d53cf64c0b9e6c708f2d470b2feaac,false
b331675d482dcdb6d6e16faa3ffa8cee292615b8,false
49fc5edef8f2e5ad4519c351f22aec64fa9309ab,false
6b8b14a0851e3293c72598f66f1eb81ea113f3bc,false
43f7cf78174bf3139762798859d3c36587f36886,false
391b3c177fda98d9020758bda74891ca1ed0d5c4,true
7d9ee506d51abe80a54c31ecb1d0c6876f023348,false
f317a07d85c0363a348299131c94211b51ae0ebe,false
2f3f2bfa50cc3dc0f739f18ccc638e8a1e99393e,false
703df286f0ba4041ec8b371b333c431945c30c51,false
1cfa58ebccc67fbc4624ce5547df0f2202156287,false
c00ae04a56be2b0ea657c5956a935f171557f1cc,false
ec37a57311c6c115f6358bcad8e2e8b4215cfd31,false
fa23eb24181b09dbe7ed8b3fb6bde43e7b57a72b,false
74b72f8db3e59f61b53ebd76ced262b30da0f4e1,false
c32a8761bcca2357ebff974399b316fbac3c884e,false
fabda371876fa468134e71bd0e9bcec8c1fe64c2,false
b616ead55847c3933c76e618a46fab545f2f26bc,true
2a0f553ae935c3d798c15fa254e48a98ae243496,false
780a2dc36f5b188033995ceb36ccabf3075ce79e,false
a8e6fc031527f573d1f0f51c2c4b6e7d1fdc760a,false
11c38837ffbeee4172425fcb87aeabe453be3526,false
2366a63224f4ef26c11ff3d4d2b14d32070a2d01,false
b92e14b9ea94a26390f9bdbf6c2d898b82e68e69,false
cf65c487367dd38606101b5dc47198d2a38ca408,false
7cbe562a41e4b1db421b9b694e8d650342f624aa,false
c52c45df9dd2d788ce63d1c5da34ac822c658328,false
6b79350ee68a969c108b6c0209c9b2c335ff8390,false
f48d19377cf90f551488c1584b409dcc1860aff5,false
774bc0bf9463840db08f539b5d2e88b54032f2ce,false
e9e56b594462c285a22c569eed97c7b073a22aed,false
78eef1de5436ceba61edee8239c7bd07a6c348a0,false
62e11d9eeec4fc4b49b3b13b09bd3a167ac7210a,true
83debbec4f1e86e35910d910d9f1a3fb299ae4d7,false
8524e0e0d179e6bba331919c69bd616029282fb7,false
32941b90dbf4704194a64bb4bb4fc31a0f35d5ce,false
9cd76b9342cf014346aa3e6d125bb6d314cf99f1,false
23f3f157181183e1b9d0ae8d9aa91a01fef5286d,false
9e329eda939fc7e7eabc29d453eafeb61b598987,true
9a9b166d5b86c110d6a0bc86d63d0e630305ebe7,true
390de799947e263100530027a76eb4ade02f3940,false
6e30258ffd067c2d75ed74d24589f33cf83388e6,false
ec849ec6cdc7dbc7adb5949455b7c0ec7e89a97a,false
00ca848f624b0879bbeba27995be98116506d0b0,false
f3795b98044d07f6b3b9d2173fb153c96556ef31,false
c58f56cb3d81a1c09d4ce8d45b3fe0f9fb358b5c,false
5ea826daf38c9cedd8a59110403e2e23ca9f0610,false
dc10d7d31cb01c62040619961dd898975cc6aadd,false
81987250976baa11e4eff21d1310438c4c2bde90,false
ce06d9997d73b19399e25cd7907207d97b76f915,false
51516f9f5fb2f16c87b6db1bd81e105d335c7dc1,false
b433de3ff7af35ef8654b806e6fb774cf628c779,false
b44b90ab3d8f13bd9c33b6eef12dd1c697730552,false
d30129fe494789403dfec42a913b4a849b1b2343,false
b785f8e6a37766c328294ece52011dc70359e439,false
d20c9f68764e8ab00f1d156d44a90d67dccb3ea6,false
95f8bc442dba33325e8dc72a31e39c0f8c058fa2,false
be4cb2206dd605ab7965031d7a96212a7c4711ec,false
22ac6da14cfa9e5c8121632102e5fd1000b21cf2,false
f835a64a1eb50c19adab5846b1f8a8cf8f1d07be,false
79ba558e965b413ace01ba18d1a6f0cf034a41b4,false
e1ecb2d5f449bce863bfd1963e50ef51fd2db0d8,false
b04b8b5d2191a299ba14de2227e6e842b4c85f81,false
3860f7897e9a3cd405b50f7e01dfe0db3665cdb0,false
dc72643074342fd18b72fa58517cf896ef2884ad,true
c3c70089aee2d33f191e2a93045c7d7448acddcb,true
c6282521fe438f412a8c428cf3c1af3a1c7277bd,false
82adaa0448c30bd0255d9450c14654bee9844d8c,false
bdc6199f700ed2cf03a813876e277718919c128f,false
d9fe36ec63fc78f06743256b3f0bfb0945c7ce6a,false
b35828eeca914882707d93ba3dd03f62a33ab949,false
1691f083a98156c4c48569bc78efda4e720347df,true
4a4ecf1fd0ae5359914d5bbbb199215b52b93472,true
a4c11532602370183122cd1e3dd166a7c33de90a,false
73ef054eb105074c5bb184a40faf9e070762f2dc,false
c0124d87eb24f32203bc2133708783b1e0e393f1,false
bbc3926fff8a8457ab8c6aa04d1822f6da616b85,false
0979020a21c5150cecc1f9fb1c0eb8743dacb5a0,false
08c8ba0936a6442e1c76b5fbf2d5a00101f786c5,false
e2c1c25fcdd79d80bda7a0171eebf3a0fcaf1536,false
3abccb8a169dd7c59fd9ae92edd9126760430a16,false
21b67a7792c678468ef4e96f85cfdf09c01fa2de,false
5da166cf92966c76a54294aa3dec1ef942f3fcc3,false
2e718bd42f8eeb32ed2bcd681a78abfdce3ca169,false
1d8473b7d40156a1baf9dd9358f47b09e582a47a,false
b6b40406927d486ffca113f635c312b4bd5c894f,false
3af55270c54ccb30e3d5cb803ab6785ec5ba3d0d,false
0cb1c1c786c0fd7bcbc4c7b1e7d54c64a5c0baad,false
50fd7338831dea7c4f84efc7aaefb4ee38e8ecd7,false
27caa8dfe39d112ff958d55c310fcdc147942250,false
099485c470a1175805e26539f026c8f714ab6fd7,false
de439e94fc53d34c2c96f018ec1d6d05ef8d1a4c,false
5327d4877c1b1f86e158391b2eee895d10c7d446,false
aa6bb6c269feab0990c72f1b08d082573d71b04e,false
86063c26033791fb91428f8975b1071715dbc655,false
a097fc29aee7e8fabcb48c5e5dc9b358fcd93018,false
e0e944c7402ecaa17ec595e834fd86f959d8a764,false
688a698a011ccdd550347dfa3ddbd357e4b5d8b5,false
16c0d832e1311b10ab5fbfd9ccc38922054fa506,false
51fb8b9bd63a26b770422fefd7bd9bce10171d0a,false
a7ece98da4b7018a76fdba139be1fb4afe062b76,false
5768b2aa63e0e13410e5a5d0688eb69cfbaa4bba,false
d4097b3cbf49586ce4b19a75fa4bcaeab2286a15,false
6197fb0a4b73c33394b5282c20e19bf447d8caec,false
2eaa719aebe1936bc118b1c8d65bd95388f46a6e,false
f292b581e719a0beda658ff2895fd1ace7f68c1b,true
2de083f6295f99bb5428a903cfee63057be90849,true
91277aeade9d08bc6e8d65ef6914a5e70773a097,false
92b7200fe1426fa64b8f3698242eab62b7cd80df,true
793300e5caecdb3c9623f9608f9731ea0bea11ae,false
5e75eba0d5164c588b7e1ed1a7e021b236034785,false
0f57544cbe0f18ed4d63317b8e405421c52bde27,false
0685b34c05e8121941b84958772ad621fabe39ae,false
6efc66f7673b5f8ad673297dac842af22016552e,false
48b144faec42b70f0fbfa1bb0b761ab394db79d8,false
b6b07e7716b85264ff1c4c80ac7ace43cadc771f,false
799dd27ee1ae9095ae107e783774c54d3e3e4dce,false
088c8fac594aed704594afe985c08dc4e20ecfbf,false
1f4178054d39d9766e9297ee61bf9956a0b40f8a,false
03538f6889352e87cbd8e68f9485338663154fd0,false
a77561047f0a59e6cea4055860f2c27481aabcba,true
f8e06c3bccbb02cec002357f9f9e2a4a717f60fb,false
c39f05570371f69218866246e2b4b812f614148a,false
f831af3460e306f97a40609d7d8a6e6667ee25bd,false
f2073f67b4ab7f97c57ca22dcb6ccbec33f7c633,false
a9ea3db5a9ef9f01aaf52d0ed90a5925e412bea4,false
b55281927e9cf33194fa57b169cc460547169a3f,false
54d8f8b8f8315ed067c4a9936dc343c5ed3988cb,false
0903471fd7b2d4be7a2a6684fb0c0cb3e8a3d3cf,true
2302aa0d637fbc520a81b03cefd63da080af00e1,false
61f4c8590fa92ffa4836bd7ea29b839cfefed1a7,false
84d8fefc3c54763e9d3342ac3bebfe51f76f0d5c,false
df398f66e55ba9fb468108a5154a8f1fc6513987,false
de115062046a4949db410f66925feffe47f082d4,false
5ac434ede6738b8809153d51cc89adfed0f0664e,false
7aadb616b3f2e2aee361b6b84332aa1c658065c1,true
a0042c03926a8178a9286eb52640bab7ddb03466,false
cc7b5c1494a5115355c139c4ee162187ae651c7d,false
8606ffb4f1068568d320c4d10d119ab54aa8b96d,false
83bfacf767167b6e13c1cfd5ae70416cfae6364d,false
33c3bd9772461735e841cf15ec18331238fa39ce,false
86f751fbe5fbda020561fe4a83701c92bb13c26f,false
27f4e33ba6398a190bd7893499ce2af882fa604d,false
bf4bc63ed3f04989179800be33c1c005b163115c,false
7c3a7b43643b9ef74b1c947a9031c7fe96354218,false
8239335bb45845cb29992ec417e99af773dd20a5,false
fb4b023f14d8a516ec54d5c182876f67a9e69b76,false
21c4798e21824384dd088a8559e9608722ca8919,false
71448e3d8f2ac093ea899472804e77668fdba394,false
43290b0f93822ea93c91e15e30ef4c9654a93495,false
320438098183fb5c46eb7ced34ff2cfa0cdd39e1,false
5b3b638a8bb1e6535aa287f9a452ff83a129a176,false
a9663946ff67e32b9eee900e727af01307873b50,false
4ed413c7b00f1831adaf38f894454863e0c0447b,false
5c5159b601a47e0d0bfad10eee70745eaa9641f1,false
1f575bfe828985032b0744fbdb25cea0a799e8c5,false
a3444bcbb5c233aa08b881e3f45bcabce0f4089c,true
635911a3fdaeea38f46e85d3b2068fc14843fac9,true
1a11c7b8253dfb69cd8743f2d3b3d788ae18a26e,false
328839535260c8433af07c22b6e02f5e55de9fd7,false
1c5fe513641d36b1215e7a898db635480a632982,false
3d6d189f12559d84f6026a0537cd75e46ece74dc,false
6ac095466ae0fef9bf80c61a1f3c04621834285f,false
895a792efc326347b295470b71ae36adbeaf598e,false
6d4cf502b55b96d664b9460130ae586e33877fb2,false
02e2296e049cefe0311ce25ae4964ce125e1c302,false
5c10b7cef256f2014c13ec8c1d7d56fc9d0a5a85,false
f40d41e56fbfe1db91717a1c5fb97eeafd14a132,false
16748d748b356c5128cdb71dfe48de1d7571f81d,false
5bea2d3154619c0737dec92d555197704d03859e,false
b10c498df323683ec312506e9293915385e4bbcd,false
5063d4af1ef31cc655c15e2e2c7346b78e162f7e,false
3ddd984b95b5951a95fd64cdeb18b20f8dc29253,false
be5b0818de4a9650e137b08e34c46a42785cceb2,true
ee36a251cd10a6fe2cef3530bdd84228f4d5cc81,false
a9471d30ba01738c405f8f0a4e5029c735f7cd33,false
67903289e758df1fa3dd9e6b5c48c9531c313395,false
77d9b6c6b23d574bd29f1114ddb7a649a54c391a,false
013b3adfe2c417dbb8e450f963ee80e47104c876,false
a418a53f0df39c9c1879dc7462f3bc95e56236bc,false
30dfaacdd0a114e9299f2c8648694e27c3aae133,false
8839203af4446f1e7f5aded851e358c0025baab8,false
9918f699b31d9da2220d9e6cac1af6dd524f4fc6,false
48bcab5c0433cf5834329a20762e6411632b8cb5,false
c94f1198372667a78585fe313a11162e0b9f2e38,false
3fe2b66db21a8a6d8d6970b1ad9b842101a3a8f3,false
940ba0b395d63aeae230fac9323772b948e5bda6,true
4f356dcb3c65f135ace39bab902fa794b654bebe,false
6e7e619aadbdf2a5023db8db3c84f41165b08c0e,true
dcefb541f49943cb835ac2b313988ad52f846dc7,false
750806e6bd3aaac6f8f1f313895344a59cd89415,false
ee5a697aed68fd35fdcd948e98c8ff117e4f091f,false
157b9b44a451f94a4803601f4287c0f37fff4dea,false
0f1582b216502bb2605deb0c00db6a58e5a47901,false
ed64eae39e6c97336e59120838d1ca052fb84474,false
1ac58a336154cd29269596985db322f3d66050e8,false
11fa6c8f4175b127262f0394bbfa49d9f0e0bed5,false
041da6dcd984abea6a20ca5dd575b66b8535a735,true
538cbfcdce0d46aeafa0e89050612309b75b428a,false
1c2c312346a026e1e0b4979ecde18f07307a4f07,false
a87c0a40ad0cec4915c4b5bf62549579c09c8144,false
4081bf522219e38678bbd261085e18ce7eef05a2,false
3c1a064419217d0b87b06aa73be5fa9c8bd90708,false
d0fdaefbe37ae7d9ad9880f6f531b6720ce93adc,false
6102b86585e3719d0e68ae772fac591403527f6e,false
cc6e55431e2990146ed7c5899e670e05cf6afba4,false
0f82cf2a7841ae53155f4d40bc441f313db772d3,false
80c9d2b6cc0f5f588e5f984bfd271ed563903780,false
edde7cf2b417c80a6277df6acb4cf05d4134caf1,false
fe70f1c1b2060d896812cd9560fcf69d52378135,false
598f0b2b2a74e7bd83c263d2be9135c3cf2a49ca,false
82e4ecebcbdb21cabb7f81143498d4f07c1f7242,false
db44f97fc2bd270b3f4c00f2a24bcf8d4a00e1b4,false
effcf81792c2773df56cc9870ba4084133bbda54,false
9bc6b1d9d81d5881afc1a4a0dd46651a64f72219,false
b2622e4cdb6270f416db20711c101ff27d9b0e32,false
7a7a5c192a5ad5e5f2129be76cd473d859ee5c87,false
416d1a91184de0280b699af0a243f782de3e3e5c,false
f67aee56a9bb533a0d600a73ebb74713c4f100d6,false
0992fdbaa689f82954b5a67956140904c25df507,false
0026b6371d4e1d567aa292e16e607f87ba237eeb,false
655251d4cdcb7edb04ba40da1758448c54c84633,false
2e630c7866e17438dcd09371bd175dcf49144134,false
e47ae40711c8f6fa337e022f01d9db6c66f8ed10,false
a26104225b349302ee6a00cce004ae16df46b1d3,false
659234ec34a32b776f7515c89c9145fadcb1441d,false
94c4d779d21138b1d6bafdba7cec9d71aa7c13ca,false
720216c2d77cec22ae648ce2767dc57db1a459fa,false
170955e971c7b062e9c48dbe65cb90cad2e0a334,false
2918a31b2cc5de56a7620f9613d1be8f83845362,false
ba34d2af4ee497b1e772d49f8a4f946ead0229ae,false
bcdd4c3a639802f3d810c21a5cc3fa3a84158e0c,false
f29249af2b64339950810542199703aea247d944,false
59e7b573e9aa1bca81d3e231660f59e79b92268b,false
3c978e5645686fc7ed3d139dfc1bb0feb24a055e,false
106fffbe37869bfdfc96af0a2de0e1e8ba31047d,false
64fe507146e58e9b73c7ca81bd14db2a25905cf5,false
3896768a7d984bfab672d2837f78b4c5a54bc6bb,false
2f2de59576443376920a92a0387e139530494f7b,false
29693405ce8e63b74e9c0e7b6dc007c24733e93c,false
39e164797936e349a79b05a7eb5dee26f0534bb8,false
3cd746650217ab5315a9c19c5d5f0bd6cac37a1d,false
d3d915dc4898f51ee605a56983901f0a9ef60860,true
4d26ba8e33bb0f74fb72a6492096c52b10894f9a,false
bf92ad5ea7e381ce31fdb36e91b25a185fb229ff,false
8f2936714913197cc3c12ac63a6ff552493fa1c3,true
0b93b669b31550970bfca3e23fe1d9ec391017cc,true
5869c0a6731559bc441e699da0d05629cb94100f,false
30048b26197f96abdb7bc329f9e997c43699f8b6,false
f073755cd497eb6d7d8a051657d037fec9cb270a,false
7babd8484e1a9c84a826a3a51098fb2b1815b895,false
769e1369e22e27468bf6845fff7f68ff6cd5673a,false
e52dc8cef98ba4386ecd269ed9a3ae0d5e2b6254,false
4b826f2800ed3b131a7479cfb04a4fbde33bf83c,false
57ca9519af2f320e9fe80ae372a976dd86336e50,false
f2e97d44412899d1a77540f018532c8a302d0a72,false
2c8e8201952d7f8b9579edcb83b9f630f34520b7,true
43a7e291d4b87eb5982a8a06355362d512ce88cf,false
519ff37d089fe4fa6b5ba433087977d6c7c9a5e0,false
4468046ea9b8632cedf7180e1a1f366ca4d7421e,false
88085debabeacd517e39a39c512581c15d06bb0e,false
bd366465d03107c0b46da598ef1b86038ebeb2dd,true
1873aacee9cd50a2a1bd006155c4c11129f4bb0a,false
4d2f7b20bc2be081928f0469f5d0844b393d979f,false
bd7aea3d56822b405feb4adbf039cd4ce4599729,false
a16ab125a345d464331565213ecfc68931adb0dc,false
a5d801c7d1ece6e725b676ca8c5aad536ee5359c,true
3c70e16b8c9091d216e4b11bef95ff5b623ce5c6,false
31e3a1b5be0dbee588879b7216cbf31abfb9e425,true
dde8fb529e149f3455e1ee21bc9ecef8c234f722,false
1bcd1032d4dd661e3eac5fafbebc0f0df3cb2fa2,true
c324376e745da952d9c9a89beca9e607d42f58d6,false
7d02a993a7b767c559b7f376e75e3a3c675586e3,true
6e30139e2f7a0197fff89c1f4e247664c1e78fb0,false
1a882e0a30426a1d846bd74bafe95d0da6275bae,false
bcabd71d2a834639eaa532c1e08cb6cb067ce002,false
d776e1bc42bfde66bfb5749efb1d309ac32ac464,false
88a2a3b10f8bf4af730515d19be96e45358e7493,true
4afe41cfd5ebb8e3a2a767585af2571d11e9faa1,false
09f6d6a774463b22ca12cef63a7978810469e71e,false
ad0eaa8d42e0f5760d2d0aa5f89e23fbd49b0c0c,false
ab3fb163cc5edfd345b4eaa412d355c8afbdbaf8,true
5ddda60dbe5957cd47397ab2511687fe4ddcf989,false
ad55e4273290346d47d8d97cdcb6a96e5ee0aa92,false
1989887a72fdb88b7bfb486b27be1ff66c2bf8f0,false
9ba89b42ddba1e11737996d9f8f2cfb686657246,true
6ba55a4f338bf9ab42a8950bd3a06602f63e4658,true
5bc261cc66894856758c6ca6fea02cf434a34a21,false
ef6223b713e498b3f34b5841acf83f81f342906c,true
dc64d25112fa46fc19c4b8bb2c934a3310411960,false
bfbe90ff94257238a7c67d0e7ef063de884b674b,false
f87670d5cc2ef840dd3b11f4192b1e84eb6c1a59,false
e3363999fc2cb11d020f6e52dabfd2ea5bca3d92,false
6f34f4bdfd5e362fe5d73959af02a34fb5400f23,false
47cb3c38f73e47921b4891e0a24bcb08da3a3c0b,false
c40164800e0aa0b4a97b37bca63cb869262e2808,true
f9502102414c8728ad778ff525d1f0c7ae4f6a73,false
cdc09c65c58c7a85d415b9e81b2234c3e3d0795a,false
621ee49771dd14924f92a868ade9bc6a952bbe97,false
6ee68e85feab042438137b83caa1512478a7c262,false
f6d5d9aad0c38e378d2475ed0187c23bccd60c60,false
d1d53a32a9654d96a93416784e7352c2a9d4df33,false
ef5c8034b113cb58acaf4430604f598c29b8a3a1,false
a326b8a30966b611d5ec80e8ac819468b7d473d1,true
57665d31b24ce6716ae74cd56f7576a1a502ac3f,true
0698b094aa49883db6f1a722d85b0f29bd7d77ea,false
774aa9af6415d753bb8ba395887c1840e63e9911,false
5a18598e97c93c63befdbb46960dee0692af80a2,true
97ebe231fe8179e170ec6f39e3a2bb7fae8ce231,false
abbec28ab3ab294c13547e14455c3826f121def5,false
4a1d8194b436c68cc7a259315b87f68b4b28ab31,false
def9b24c13d698a78376b306ed19dc266560649e,true
63b4873752f2e8ddef72f33acbedeacda0477c9b,false
8090e43794641e2d0896890cd42f2ebaa7b2bcc4,false
7d58ec518d1897103d1517a4999f11fffeeb845e,false
5a7ab95373bda45e55d23047187b609abb09641f,false
0f4e21ef810f630ba85593c7f206a53172c8823e,false
d671743bfe67ea6fd8faf7f4a7f6ed1175887046,false
66cad9facca5c6da19f0048a958d797d6b58bcdb,false
bcb3309ed5dc4983d9ed3d93ffde027aacdfdc09,true
fd3fed5476e22c821e372ffc226bfab6f56b4dfe,false
a6c86983e8bc6a5e820f2394189a66dbf1add376,false
3ee5b227cb6b375b551dc9db11e7b1ec427f9d52,false
273ac6f5d11d6c37805fec76a22a33b0060e352c,false
1f285fdd2968c127170f406f8d9cd051512417f7,true
e07c9eddc4580e2546b544083fb7812b83c4f4db,false
d92b6b4119ce5be3803f749318ba18f1d43824a5,false
92bb5af1ebfd9d8be0bd21fc241f6054e99ce16e,true
d839acf397a34c1e510b6d4205dc6c17f79dd3c6,false
c548b9feb6333f5167001d0621943db59cdeee99,false
3b814b2e14e9b55bdb5f4285ebc8167cc5ca98b1,false
19848445a769249da02c70d21db2af4ff9e49305,true
c671770b4b1adf935ed9171b18a010cbbde49cc8,false
8a262211dbfac65e7f5607dab04e54b819232ff2,false
f691df3f524c05b83dc4b3e19b01ea9018b9b10a,false
c385fa006cf06c369f58463421b69363a92003cf,false
83d30a6525a974a429692e556d6447346b4e800e,false
7148269a61e00ee6f650f2f0887dd23531565662,false
27528dfc367da58303ee9c354a35db9ff3c4e4fb,false
0474bee1539cbf89ab7af3388a5008626ef15ae3,false
a2ab894f05dbce3f040f91c113c33f2f5801b48e,false
bbd6ceb406138f6e41784d77f5f1d1134b207bf5,false
4a11fa2b20a09f3a1ca8984a1868df38d7531044,false
e2c3e0b259faf4ab39fd719dfa96d351a6eff722,false
25c3a9d0f7c5ffab955cd49a57fb076ff776a446,false
d407116fa78b498ef374849811b92b0544cdfd35,false
2cbd5e5a81e07f642ea00d957765b2ae0c90c557,false
5e645268e2b7832e3bca854cceb63032e7ccd74f,false
12622590347d43d9c4deb70321f64ecc2577a00c,false
4f590039eeaf742464d9a97f36a767f6f0ea0441,false
cf08a23a3e45a165a0948672c7508462dd70cba3,false
cabffbeec09a5b7bb5abef710e761c716cb6078b,false
5f175cef816bc2c54a2f91fb85b8027f71434fc4,false
056ca2cd14f144a0bcc2e9d82edd63b081d6744a,false
23ee6a100dc66bf2d9e3a91aaaa0ca6c11fe55c4,false
41b6e58c6980e58837db84e7a4a0511fb0cbd5b9,false
394aeb898969858fe49ccf8ee6a502973b6ed2eb,false
4db765176000a6bec3ec0869056dcc438f803615,false
a94aeb400f890c0483e20ca35782bbd5b9ba11c2,false
20f92186f8cb655f52229ee9338db02edaab98e6,false
d3fb06dc16bd6d2503018f942db9aefbd3b73171,false
74b1f825f23bf82858608b5a85174f74f1b5b8de,false
26601920d39e281047766715e459bcbc9a8e6d80,false
5af3bb2823f792d45a6b318c088cc3d2a1c9b8dc,true
b1633e8c4367a143d6fade7054f5a7ba2b22a61d,false
e0dc8d1c055a3bc71955f7473a18043b490c97d9,false
32e9e858da20a0c9205db79e656232f16e165e77,true
3803651c1748236efbf7c1e9d72e070fa45f4a03,true
475de4eb8c2dbadddb8683c15c07c86a830c550a,false
6b5b97b8cda511b9ac981dbb4e50973bb0bcf53b,false
394af95f7335205525d0a94e120cf8e80a9161b2,false
c57fb3a836c234b5b6a3c5048ae9603f972ae306,false
924bbfd879f2fa3346c85d1649c1dbfa2c60f138,false
ff0264722ad1589cbb473719fbbe69de576f94ac,false
6f843a72d90a84ce86037abadd2547652ccfbd29,false
37b8ab9c12c4145735c3c26599fd045d7087dab9,false
dcc60556b93a2a1462fd0ad3bab31361707c9e08,false
5228c5f252d6c09040141b8a842fbd8e9a1b9558,false
d73cd5765b840f34974037b02854a8f6b1385106,false
238b55533100490a7c4533ec23b81b3f78e112a4,false
38a8cb0fd90000853c6af8a4881fc53cade3a3a7,false
4b0e1f3e4af3476ba1c56616934238cd7ae094c9,false
8f99b1af8b26498911795e2f4ac2ef72facaaad4,false
4ef5f3c2c3429d37ac20e4eae97f93ac3ee87ef9,false
3564fb50e4eff79d488fd982d335e883186cd43e,false
3b886aac7df86264632c4e3bef99890b13579a91,false
c2e8ed79d73d419659c85da74531f3516ce4bee5,false
a440efe3fc75d8c64daa24963f405c81d8559a63,false
b515758ef4d06cb13df555bf1b4b7659f0058888,true
0230ceb06e48e74e2adf308e43f6cb5afe5f9afc,false
0108a6bf3989b8f435497444040bb9c03e6a3ce6,false
e7ca0e6086d5bdebed7271fe506a5639a28521ab,false
099f18991235afd8b4d210fc4e9017df6e501c15,true
2bd0a9bb582de5e2733d118a59c4e1b90eac4107,false
af1daddae9f902e64e8201dfebb254eb6d7bc898,false
2e117093c1d56674b5284d2aa36607206a07a2b8,false
b9701af5a92215b3a1b97e5c70afec93e09019ac,false
924b5660a684ee6273f8d0a11ccd7918f48faeca,false
63ff3c91a89cec81fd3421205b0d64823498974e,false
1de52b0a55b44a337c4b403e9e61e1cb38545a59,false
268bc5de92bfc4054d1362e31e87c380e5a84f6d,false
7a238512d037c5668a25bbf01faa01a66a11de8e,false
94db418119068bedb2740be229a4937599d0bb86,false
2cc75457b6b1009ab9b3ce58d8f1618fd7da70ad,false
2145d559f06ed8fcc9b507070bb77d3696e6eed6,false
7b639980236109fe427bac6707b70ec4181a409d,false
333d4e8c95d20f42753d08d12217268d2c4c1a08,false
a61607790d1e246856b248af87ec0feaf67e1906,false
5d104f86fb213b46323c1f74feb92feb332f3720,false
bbacfb5ac9baeb843b0af081cc0bda1a37d9af3c,false
e8a33236dde8605225991adb9a96969da7eb7b43,false
cb06d4960b1d1469ac47d70eb6c210de2a1d1157,false
6db72219da3075c2d42ebd1569c48c146a281c38,false
4a790d8c56e6a39dea180b4a8e022cf649a21821,false
a67de2478f6e73f5aeaef1fecf2d6a6bbc2c2d4b,false
e27476667ae96ebf3554600ca51df5a3a2fc8d50,false
56c9636a10325844d28eff4b615ef306d9de636d,false
613dd59ce6c6120173e2253fb8dcad71b4bd5c54,false
98db31c480dee2695dd4552215a4aa488ee49d62,false
b39ffd2b110ce3a4cac88cfea9c48b631e288d6c,false
7e713ea274405de2ca88685b30741ef1dffbc49e,false
b8e36187413e64b301b0689bd7716a2fa57d3dac,false
c733563912d8c77e2c89b7216f5fea52dc273042,false
3f9226378993e772ed502d158c08fea248b67b5a,false
24b896d3432e342dac22af48092584816c996435,false
1f0272059174173cddc518cbe496b4a893927779,false
6608b94f31181f4514aee22e7612ef48430baf26,false
12a99a6cd0821e651ee4b0edee6829443889e637,false
7e11f9747dfea1fc164a0b119543c70fed33b69b,false
f9f40664a5ed6c402a21be492857fa0f531fc8e4,false
865425e3565588ebbeaa769b847a9ff267a88db0,false
97918c5803d4a0237463b22c6e9e509e6d11ddb0,false
96ab53e2a7258e116695d24a04fc01efcf19c5a0,false
dc53ade1dcf7f4ad8206aa4a1f8fbca7607ecd2d,false
501a9341630a16cb95dfe7589caa78cb9bbc8cd5,false
c3cc0e6500f115d55e5cc7651e7334c38553af1b,false
7935ed2de2539777411741fea709a682cda035ca,false
4c254e0424b563a5fbf505cb1157ee634be865b0,false
74af0be07523f9f4a4075dfb4e679010202d67e0,false
aeed96ac2a58cc28f5735e5f7074715d700ff09f,false
0f277666c4ce3a5c0b5e66f2fe1daf5a51fc9a0a,false
f67105ddcf788d9ee1508d31cee89dd9a124159c,false
f4e9cd8690ccc66a810ebcbf4e13973bc4b0c6fe,false
febd2f5f0b138d623205fe22f1e39f7d009707f1,false
39358fdf002cf0e99815c9f9dde01e2053a3e0c6,false
bf450748097db48e857a628870a2bc60bcf25b44,false
3fd965379640bc09d179c429f3120fb05574a4ea,false
cd32e856fe92db7f232c6856149095fc61c610e8,true
2cf27a5c6f1d43bb70439ba06a2890d9aa71424e,false
f4cbc4773b9fa897a33d6318f166855c32a8db02,false
05d76427e59dd45b19e2d1e9b640a6d386ca8ca0,false
6e05c899eb1d2b6d431d817443435889fef998c5,false
14add9da984ea0e4b1cff94f4495699d9f12a9ab,false
ebaad90bfc9ec694935d417b97d7bbdbcea3b221,false
c2062b66ee15ed4e40deeddd7c0816fc34616956,false
5753bf5d09bdc9b063ea163f5fe1e9071c708695,false
ded5244e7f966e8c5e2946f83fb82904d7af9836,false
6b71c9e379fcce668efde08cdcc5118177b2aafa,false
31d94ed5219d2b30b1fc5e4cea48d50a2863a47e,false
f1c455532810089b3c2889d7f1852031c7eed004,false
419e79e956a2daaded8be50bfe657864b0c5c6a6,false
9f6a4a9c3d94af25bc70b9f6df63361b9f388fad,false
517c17a2405192cfae8fec27189fdb19441d99ff,false
fdd1809654a3f5836b09702ec036fff5617261aa,false
186a3f87a9d6c745f6ab89e0473db371f1522fa3,false
0f778dd79aec7720f6eeaeb9ce1e1915d724df36,false
ac4b044f1b13f0fdb89f04d38b4b2412649bfd5a,false
d518969935ec219c3ad6034fd7b541661c70c71e,false
7cc34998bd36daf62825d7bb2f4273be04f4ac22,false
02180b43355678186b639f6ab88773c1cf5d1f20,false
f6ba455daf4047ac5da0e8003c1fa34fdb6a77c8,false
edc5f5ba5914a52b4d9b40939aba57bc3706a5c4,false
425cbc2392696225973e9699adff2b62c6008d63,true
6d75a559ceef4cd9e1b796505ba00c113610cafa,false
3b240beb051fa68302ebe55634e71b832650e24f,false
4bc9640da75ef6867befc7e4c6bb7972716bd300,false
a15b70335d177ab620f09c15db9dcc7c1e401637,true
5c94c79d7b416a6bd72d2477e9ae4b1bae220d3b,false
0f215a109ef181059d8e63108bb6e735e9a83203,false
cd970bbb335d449607468ca45532c2a9977137a7,true
a198732143e32333c78753e7b432b4ef635e48c0,true
c47ba8848b0c14e1050863ca431420c22e582d5b,true
a0d457c9e7ec3e2231531a2d40db83bdc11b0036,true
8cad80f63428a92a32d8ecff8116aa2375ce6a9a,false
8b420013989cc7ade2fb2e89c4d6e733f5cd513e,false
997525a99791ea5d4ae4067db94ebb6b66241b54,true
51fe22802cdcd2695bd9238e338033c8901eb9a5,false
6af03a8a42fa654f68951cceb500b7a3633406f9,false
8d30acd19968007c43bb9f719f7ba13a55cacfa0,false
f49e58067e444467ec18bac3a309b78a838fd0e1,false
9a8be9c3e432340aacf02443da6c83572d026bd6,false
580d3e32331e44ab7f9a9ca1de4aa3d048098284,true
f8f2d02fe03a169befdfb7a48e0b90a3331b140e,false
135d8624ee92b7d54b8e23b3ad20425547288de8,false
a7225f919836bdc4ebfc3485bb9cd4107a800f2c,false
a046f19f4527eedd0816fcafc8d3db83e43182dc,false
2c1e9554433c45956cbbb1d50d806a5eed697afa,false
b397d2eca481be32b2dd9b74bd0e9091b37fe8f9,false
62b4d6c68fb59d02b892fe6d164c3cae2530fe9f,false
7f385e9f64c6f36c863212cb1244e908f4974a5a,false
26066bc0a64565dcc62e7c7653d600e68585e3d3,true
56a9efd18b450ef6c0a8eb36367837e62907502f,false
91a78804b561fa42f6d94b5ed3cbf6736f8d8d6d,false
d438e378ffc302fe24904a01e060e08484423fb7,false
f420dd417a532e7487f678ba26a320fbed010456,false
693e4060ec546b46c080c64e45c8b571174c1c31,false
607c94efbccf76e759f5fbc6d0545bfd9ccbaf6d,false
54cf0abdc93c111f7b4ab2a8c0e9e1d9c166ca46,false
56a5e03695e78c5268f0e56840386f17cfdc798a,true
8b38d465ff7e1f0d96396cff1e0dcf420a719a66,false
82eb6a6ee593a6cd116c798d09c80a2dc3c09d2e,false
fda1e39cb9299253e969a05e8ddba260171dfe7b,false
03440bd22ec96b3c177c5e05e25b900cdf8f4f4e,false
597192787dabd736f191dde23666306f529bfef7,false
c55132e22e74bdfee799971cef9a0ad8f216cdc5,false
af32f8bf77f0e208c19d6b5c9213fdcb29e0c88b,false
74fbc9629f95362f44c31413dc3dcdac9cd7e8bb,false
83c6de7297c5ade6d15bb5c972ce9c014515bad8,false
06d47ff3408c14561438c5b99b0b2d9f10be34ac,false
1d5e76cd1db328d4fe0f006470eb096a501b40d7,false
09fe2e75512edab3eda59b810ec601ec2d799783,true
479848874633df9f8eb61c536253734589b0eaa6,false
7640a0ba92a8ed295e6bf06b9e311f3331953b5f,false
14815010aa56fc87decc728bcb9f230c06382551,false
6da9dd87ecd23f94340c2902684921313446c505,false
363c04b3e9ce6fb64f3e13faa3cb73b6c1670747,false
b5867e405f28dd067006d82e68707bf31036dc08,false
fef789d2aef46b139f7738661928c160958702e5,false
6a95395a3e3cdbd4789dd836e9027046882f220b,true
1ea22e0d9b20d8ca1d58e24237b87f9bd1dfab68,false
8afffcffe173ecbb51e9d9a3c98fee5d20b51417,false
73d9260d842977d3e8c10f6c2e0626313066ce59,false
2438f1924ee36cae4420a4eefa00e044510e21bd,false
5d058445cb877f309f15bfdb796f2209815ded09,false
9e58d194e64013e2c3a0266ab744c744cfb102e1,false
0b6fb05ba0903adbb6b840e95adf3fdb3a7b3e73,false
dbd74a4884e09f753475d4d5fc67cd286e991d3b,false
6b52d1b08c676633cbb9eff17783726a2c4dfba5,false
7646c5aee88fd2dd787ddec4f7352592b8ef2c11,false
92bee797790b9bdf11bac985896768849ab79c53,false
3e42e86f43f13c67ad552119ffa728f46c743d3a,true
2112a04376992744e9ff5be13eb962ab09e894c3,false
3bec8721e45b739d27df01ecfeea048f3aa3a3ac,false
2f9be3f9f5810223b5987a9be301502ef284dcc9,true
0e61e9ab4c4728f2fcfdc55ead5b00b30fe84eb8,false
0d2a3f3113c55bf10c91e96b3f72586b96a653eb,false
3215eab78b5bd5b488be58c48dfa43e043a7d0f7,false
4058807b9e602045920efc224cc3a32d68144c58,false
0b0714f62d8feeddd3c1c75509d590baae5c1e99,false
3b5dd218d772eef84a6c5c2f8ccfe6ea44ef68bf,false
851e1a700abe439ff3c32bbb78ec93ee7200a8d8,false
93c06ac6aebe9481386ae55ad3d869d5aaf30149,false
824fa5349a0a58db5b15cb5d12fccaa8c30dbc1d,false
e32aafbccbdb8e7a49124a0be66c2188c81d1ca3,false
3d009a8b61bb07fa94ea7088ac2cb837d3fbc314,false
b975157d6fba7896ecba938a978f585855de603f,false
59fa728059018d2dd8d55e47a395e59958821558,true
b9ebf500a78c7405727aba70f8132299a5545870,false
d3ce9595ecc113cdce1c593ae6f3da733bd203e7,true
17403ae8ddd4414014f47cb5c643f79948047177,true
f170d4afca4a91ab76836ee5d2e848e82d683806,false
44e50b8dcad51b05e9b24287711bffc37362cd31,false
5571deb61a8f88427aaf5bc0c0fcb760ff572ea8,false
c15961c17de3cf618630369fe81144fbd4f50267,false
298ea5c45b5a048b1b93171a6a791042c0e7099e,false
75df80bd709336e0cb5a57155de5f2fc13ba3d14,false
3c21fa26038086f170b4bc5a2c9edfe9407f1aec,true
7abd621648261446dcc7569ba12f298627d21b0c,false
e445053ea15eb0966d9144a74cc37985a4b25267,true
76623caa42ae70b3fb546cbbb77c8ef1b53a6186,false
c8086ceb36cc56b599bfc277c831408f23578b07,false
facad1481d2104c55fd6b9747588a5a9079d6967,true
c02611441dfb7d30ba86c20801e1bc71aba1e7b7,false
91ca7e5436b3c8be7bd0c61ac4533bd2895fdb4f,true
0a1a99a0feb3136015d45702ea40a902bcbe9d55,true
22b14398f050c54be0853029ef9e076d1d67b1b2,false
717fffee0891ade013e052b6181aaa610ba5389a,false
7ce01721e144f8128e3fcef2cae7e04d1bbd1ba1,false
fa7c5e89af5a20ee13e4029ee1a47a2b8eb2841b,false
ef71f78c3ffcb7bd0282a9d58518b3e1a8c8891f,false
4eaea9031844159db6801156e954ae947e2c54c5,false
f694f6f18ff7b1b870f4555914808ebb7b8243e9,false
83f19ee298a2a949d10b901f7373a070fff0fef7,false
a771eff81c8e6ef2201e8cf19cf7a4d855827b19,false
9d5b3559498c56072d6bd597017a9c5068b4ee7f,false
d8e90e5e781ff5a3f43ab1c6664877c4f9f15a8a,false
2e5fcaadc959d354a6091f6b1c2f938e22863080,false
a315eab6eda66d281821ec812be572c00dc00cfe,false
05543edd206915e1ce1625b89b56823093bacdd1,false
019254631effad507a13581b1d7e9773461fe314,false
eeaeddbe065316f7f0749dab1cde8ef16d463707,false
5d6a1621b7de9be3cd7d34d67a60c09afcfbe3db,false
fa9762ae95ce57ef3ce1043adec9068fc39cda04,false
5dd588206606fcb87f21acd4117d696fed0f0427,false
9ea293ac57f761f7f9e4fd4ae64d9f70e6b1be15,false
429dc4d5548d5730058aaddb3b7abf5ac5ad129b,false
3d5fc3b7009bc2ea6d28d91d0994a6aef23d7ab4,false
94c0a84174924b231d39159be8dfb9645db9296f,true
1e4f339191fc90e4d0b213fbf4a1c68e9aff15ee,true
77a8e35e090d5ba060b539febac538083f52e565,false
56ec4755f70a45086b7ff191ab1efaa56be1894a,false
cfdcbac7ce85b170ee2a8e18361291d4eecee945,true
a538a9dd6f37186d252e0bc97d6d4b3f60d24d45,false
d3d21c26126aeff0dd0d02adeebc5f1c1f769712,false
1faf66301cb2d280aa0ccb8714341ce80ee0bc11,false
bde212f402e2c0a69f0b5841855e8fd94889185d,false
9beeb2674dd2d87583612244b1a45c6231e24b56,false
099a9ae63dceb7cfd102ce1eee7ea853205ff4fa,false
1eb38ecdf9d4441aec22628e15e92f4d194c4e35,false
e190ff55cb3331863bc39e198ceefb93b92bd5e4,true
504b9b616d3b2bf687174b5e1b0ccd82507d4f6e,false
a395cae0d56ae49156be4d0d6e2ffc7689b99b7e,false
4a332ae65c6bbd378ac903cfcf3479e3e77c115a,false
598bcb3b58024515c6c38eea551cf784a1bec3ee,true
a44a36b476714c20d931e849b7797510075f25ac,false
ecbfc8ecdbbd5335bcc7b464870e3b59b5a5cbcd,false
cef9fca462c3aae24f2b9c39e6393cc6d135bba3,true
bfac41a6aa2549e6e5f0737e289f1b4a85e4374a,false
09296692815400c2b922fbe710646322c6d91985,true
313caa55e5d60913e1c2c447628d55d7b819ebb4,false
fc19f9c1c9af9f1047ef5487db2edc97b2978d7d,true
f1a01a7aeca33f00da2dc3375e789cacbeb2ea28,false
7d8262fd83052f8d346292a148834a0af4b3eb8a,false
c4100bc222147d06e15998c359e29232c089ae54,false
507306027e955027c7e001b0df6c388f30dde087,false
998368f8b9575985d3f43c46a63d52235dcce751,false
76dffb43e06d1405a2a7316b2175c95f396864e7,false
7aaab8b15afc8fd1ea4e0e03f87fbb6c606d3dc2,false
017af9041f53f995bae67739e6c8bab706c8f470,false
184a42965ece8446fe4abb077f58a1520d21eb48,false
bc048f3c6e8e714adedc9136966d645f7f684c96,false
5db53d9d04933b6398078031a845d8b89ecf1d69,false
90541514220810006fe3b9ccbebca90b4224c072,false
15103dc4fce0c5682b726193847e8e94b8a70482,false
55a8e60266e394a0a64d08e3943dd6f09f4b9999,false
3b2fef69a536fc1eddf6b6075178cdddca996164,false
3606bdae148e7c12e57ee4cc357e47ab8f5a0cff,false
163becf3f71728fa550fcd9b62aab4db9770d90c,true
01ac2149763a3ba1aa997b5df22527e029c8e83e,false
d5e56ccdb1f2086e20a7edfddbe7f717b73dbf5e,false
7fd5773087e050f04ca2819faed569d501f6d9fe,false
629a732c6b67e9e74ef4cdde05d13a961c8dd785,false
2a0465f5cc3987a5c9dcc6d75b88a1578b251d3f,false
d30c78e5148d184e6168834c7cdc9caaa700e406,false
d63c3da0cb24c274393cdc70c4f1fc0a4bac24b0,false
95a3c8fb0dd0678c5e403fcfdfbaf75ce4224d7e,false
cd5602a532d1fecb3e0c0a2eec26f0e4fa87110c,false
fc288db19c1f0d77b6fd6ca2198048b066e3b48f,false
cba7e18f55132c197479260fa7fb6b49ca4180dc,true
b7e09739accfc0c8b45687d15f2ace42a08011ef,false
f6d2803476d73f486459b3c305a45f6e20f4d79a,false
619934f85885c3237a7d494c9b72d62ce3b54a9f,false
7606141d0c7e7ee0b5b3cbebab1cc2d8ed96ecb8,false
a3642e93cb3fffe5803956f301cf4bd4290ae4bc,true
15249977b0da5cafd8bf24e5bc46c6c0491825a8,true
eb9d212d2cd95539b277780c1deac757db110cb9,false
9acbee833cf753d52c67e62e8c574868a26374b7,false
3cfb315535457e4965b42d737e5be6aff1453e28,false
e864d8c7fc0498911834283eb871899f880218c6,true
2101a6a77a39dc74eb4244c92490a45a42fb140b,true
2895245978bce8fbc272061d291e9604294be62a,false
a219e7626fcf342f07671eb97588767cd28f2c84,false
b2f829974edaaff31c278dea1f6788780f4b302b,false
6b3d7864ec07cfbce45bacbd2b5f887f732aff80,false
afc1bd9b9505a4c3b3f18bc47d108065ceabb5fa,false
753a536fe22e8b5869c0eb5ca3f1d617a580aefd,false
60da41c2dc6c89080219efa2b96834005da89581,false
fb72acdee7c88af3ab72155c724ddd20291e1b48,false
19ad23116c5727fef00d7e13f07d4d7831f617e1,false
d18658d9f6bc5172a88b2394626d4ca43eb788e2,false
34cedfab3e2bc942599feddc1b44be39b88c6a82,false
5d0de54cce07cce42f1bfbbdddcded2cdaf346bd,false
1bb2d8c0a2571e7533bfc2710fc1d61de10769b1,false
e531d5e178d5c1631a3ccd241fa5bd8aa175c3b4,false
21e9008feeede1ca507934af23885ac767eddb5f,false
773b241039446edd1e34a702c13a92f675ae806b,true
f84b8e6d37779f7f4764a986c68dad724e8c1804,false
98c4f2f102b5a16e1e67860e9aaf155d83654b5e,false
2f88a797c409e3546bf4bb5b8067d6f8e17c1aec,false
597f36b3fec3013074e1076c271f5b06ca1bf626,true
5361a628cf80509b4c8cc672140ba32e7b352e7c,false
a82f0bdc4709abfe34affacfb3b86dc578450b63,false
44e0bb3cd4dfeca16e563db96e0c9242c7cff81d,false
5f6d4fed4b5ec6572e8a1eed30cf651f90633d95,false
eb3f59d3ad93ced85a36be6a58a7a82dd4b70da0,false
e12d63b4a8d7f318e5af42b509ebd73e476ecc0e,false
2d4d7498d065ae173df42266cc67b9e8c4cdfbc9,false
2589e8621c9e709fdc41d2d2ca80482c35d2ff0a,false
c30c98c567f17fe41e4505ab5a1581e15965b6f2,true
7db693c14264c7deb970f28e66fdba0932c3b1c8,false
506b39793bca660f8bf07dc98eab653711b8e84e,false
644dae7cb753737e61d4e89eac4d047e179529dd,false
c64609a7b51a769980bd77f514a072401f6a3093,false
3c0c57897230a2627c5225196e072c954e6e0fcd,false
4774cb62722fa700093e81ecdc2e30e56ca70bb4,false
6e801ba0445577f38baa28f1fefbd030d85e6a37,false
d5befd6a21ba3a23d273b910d01fcdd5f5100b85,true
d89e8b30c6412946ecaf207c5dbc48c77d37499b,false
3c311d9e1ad60901bd799b8289df7d0e4c93d235,false
0d2e33201a530363b309c35088f4cc1df3c4cdf8,false
0fb0542c00765ccc07d6b3abfd45e72c9b6d415b,false
27ccb92185eea6f7fc9934939ee8404e6c66307e,false
3ca2a7259694c62fb011990c570296e4ae7b0142,false
316b9acbaa2a4e405d293ac15de7421611f2e532,false
e83de754ba447f888cf0026ca0f8bfc1077d74d4,false
4bce9cb04b5ff03026e38279c601b789fcd83cc9,false
bfa4b493ea311402dcbd958939757106fbc0120e,false
2ed6aaf1a74e4c6d175ca4b5d8945232530dfd49,true
45360f18a4f4056989cf26488283d892f7a86bdb,false
f4b72faa53e81a753453fb2bc737c8e1b67d86aa,false
8b1f550ead081f3ccae995d9541c43b0afb6afe0,false
44828c6594420f11184c835dea7730d5b078d828,false
84d53f0831160a14dcf57e1461eedccd67c15331,false
6a1089a15af944d24c8c8114688c3cfee7343702,false
0dc6398af51d2ed85d03545aa1c0006a1f0c56e6,false
dea3042073bae2f3e429b81b916627199f60ede5,false
0d4c2bd2edea575f5792448b1fccb19566d66876,true
92fbe5664bad6041469b550b0dbebaf5f9e18d5c,false
93649357dd19788033408a7640bd85a49d70e6ce,false
adbf01729ced23bc48caeefd57bd42b631765076,false
98fbacb27f55f3af6e713c55df339d526981aa94,false
67e8253affd3fa0202eaa1d79f9e2cd3a1fa7bfe,false
039950414034cce64527cb3e67a76d7ac67c3c58,false
4c99475d3e1e2ed2eab3f4ec615ef4c912ab64ff,false
8e717df05e4bdc29ef1590b87a8121b4fc0f933f,false
f61788cd5484dda9f2fee31022c5bb8e9518fe44,false
cb66c7e3200590451cb5e3da1d518eca54cabaa4,false
a5f1f1f27bf34e14780fc37e7e34c292ec05c551,false
cd58669fc9a4cf2a79678914871c258a31f47b68,false
94f26c8ce9a5c9954830af606b4937a00cec8d6a,false
e2b324f24a2699ca9d1ae34de516090bb28c9304,false
b1a10fd214c97782e69c2ce221256f76232201e9,false
283f9fa5e2e3c66835d3699c3840f551d8705d73,false
945b8af344815327ab9df4460ed8231d27f087d4,false
8bf4e5b90a41d81249f82464c5a5cc2bc127137d,false
d4c2bf262ff5d73beac0c7a9c2b019951dcfc75a,true
f80b27e9bb63ed0fbb7acbfd4b6ea66b376b63db,false
a21b14ebc75f3d222ede2bc6817f7ef97ded1bc9,false
9f1fcc651b1d86da381fad526670474be304cfe6,false
4844bc786b439d2b20c5b39cf18b756c37e9cde2,false
bc48e3e927d72120bbeca84d54e6f1a40e06c809,false
978fc4ed2da0e40ea50d2c8dcafd1c7951286d19,false
e64aa99bbfdb36879432681abe4b0ef57baae2df,false
232199b0d1a1dd84dd8475435379975aa5c5dcc2,false
4e5fa4d0258cf97e2d89d3582b319f9183f4f887,false
c0dc2fe81bca1ddaff457526d576b6712164bbbb,true
52b6ca985386e9941066a65e98701ad04c3d0fd0,false
be0d804ae471a672d48d3d2af0d251739c14b52d,true
0dcb36c4da36601acc9536d120ab2fca79565987,false
533c60e6abba7ac51909191733073ec0a86d6f17,false
288ed8ea4930dd9cdabd0f466f2699ac518ccf0a,false
ee619016021b8a9e1bab6099117e9dfb65f527e6,false
cb04c74ca53a48a37bf82e34abd309d416f08cda,true
f817a44fdd252e7ba9fc801da84119de84cda9c6,false
f70e5f839b04567446246e87401d44bfbc5be123,false
a900ed1d3eb222bb035302d06b8a56b28f2e653f,false
1f06cad886e82cd19f24b9dad9548fc360bc02d6,false
1b1bdd89f92f70990762dca918d7baeb597421a5,false
f5f9cd2aa2997001ad229762886da7b0f9c8ba0b,false
f1ba7df0aaa05c8a2f8b00f9413f762a6803d23c,false
eb06726a6b13dd763a45a3d88d319e4a12d3b5e7,false
60ef18ad9c3131a39a8240aab3288bf43afb249c,false
900bbc001dec00b76eac2cf0350207babb991d5c,false
65cc2280011248539672b03b45b2f5c6ff472dfb,false
719a03c74fa5070596154d2a01904f8621a36469,false
d379d5839ba435bae8a974c46040388ef4659b9a,false
cbb42328ccf473c8e240f8ad45f065bf3b9a6050,false
a913fc4fbfc53986860c6d8d074857d9fb34bd8a,false
9028006d94a828831e32ce46680c158afea96bec,false
d8ee6ca4ce6d29941af29ac67b172679c7906de3,false
6cb6f5b9b36cdbbdf3bc3a27fcabf9cccd72b412,false
f7931e41c556ccc3734e32b2c9d16623c33763aa,false
40b0b8f86969c511e787063234471bbfceb0c223,false
95f70979cc7cc97b33d38f0e5a9de06571c971dc,false
a6cf4522eb0fddcfc31689c94cb0d6bbbbeb4ec8,false
52f86a39d3c5e1d52d343a0bb50dc79cf1fc63c0,false
c8f7a9979bd1c09999c5c6ed2576d0a8ab8d743a,true
e4032966e5032be852619d06b375708b2e87d17b,false
7a40bc5f2652cdaa69a94cf740b9ce210dd9672f,false
0394cea57d07699ee428b88d402cdc5c188243b6,false
e28e6fec0e70e4eae4146dce4ea91a1f2cb01ddc,false
0e798798b5f2d527772b53c2546b279907ed4b14,false
2155886880a2a243bbc6938b2974f2265d8e2e90,true
1f6892092f2acbe448f4a910f231d3b8b81df342,true
be7807cdce165bca8a294548ff3b2375ab4e9076,false
353196c53eda24613472aad717b135c6cd9ff99b,false
36254d46878615cfbb8770bf42d9a03ee821981c,false
f993a568c7a3b67bf1c1b0d45ba065d79aeaecef,false
e292d61a1b0363e6e3f26d6758ba7f86d7e250e2,false
ff397e1ba10ef16d1d3af6bdd06ab3bd2578f9ef,false
9c4a8cfbbe641105deca47a09931f58d7afb182f,false
c61d1080b562f7fa4027b086b7016f83575df8e4,true
3b5a181cd3d75d1f76cf6a0f9735d9f97b7eca8c,false
307015def001c4026169a57c1aafe0ad76f99dc3,false
f12239a39e5744fa782fb9ad5e4ee2b1d3977987,false
83407443d548425961b0e9aea2e22131b88d7f95,false
9a43d0fa4365978eef95afb626b836d6c6b9f24b,true
60038163a8caa70554aab6121f49088578a41353,false
78afe4185a4e1d076f0d68ecd8efeadcb6a20f13,false
cfcea49e35b24758bf9b16d9d9e0ccea5af0ba7e,false
39fe137629c0b6074415cb9b62eadb4613549207,false
904d258031bd9dc445f092fbe3264505665b17af,false
92c6e4e8e75383dded17895a3e9e9fbd64095560,false
5d85e6fba780cd4a3edfcf3cca37f4e2d838b899,false
6a68f1667ab9783a128bbdcab71de7ec753a94a7,false
ab688db03f06c9fdc4a71b9de5027cbbd36476c5,false
ee3ec57aebc4846b8382ffd78ad3f910d2a6f319,false
90d3f944664d7688096ea82c14b45edea11d8fc1,false
1b3f33044324bec9c02a098994fc26bc2665cc6e,false
6f211ec2d75e33428a10b12a61ab3b99ce81fcd9,false
29ac5366ed7a60473317d7d6b22d5e4ccba7444d,false
e218289b314e513be4a5b61928e2471e9abae938,false
dd643b7891a488d15ee40d56bb4413d059437c04,false
fd0e928eccf15ad64d49e36810094200d7b8897c,false
11acfc077bf5feb45f6dd9155d083005fc2a3948,false
e96f6483d9d6cd135571c5597d09e27ac7dfd540,false
e71126c50484b12af0b3b0c8222e75f572f919b4,true
40d355452f0b5d8f8e1b6d4ff2a5da9f53215c75,false
a1518e5f2aa25a0d781979ab99a1cb8bdb8fcf77,false
0f3fd2c083e3db84d992e86482dc9b1e9efe2464,false
bc43f1d7e20b437113e5a61467ea1377a96ee163,true
dac4f36377a7181542a22383f30ac828d0de9571,false
79d47aa947a04d701b3530f9a56c06ef530a2c13,false
8e3dee03ac780e0afdcf1e390b4cc7def5c94a9b,false
265ec91a3c30a5a373b3a9cee1ca5418b0c08cf6,false
9159b91901363576e532730414eaa03cdcd925c0,false
7e27abf2170e066c258ebc4faaf671fdc116eeba,false
2eb5dde1e357d4f57df03f7809daaf8929fdb80f,false
bdf1f913c8963f38238531cabb53fff77cd36c5f,false
b5bc3b9e1f0fc9ccea9e38ee1d277ed0da5d7e59,false
902c0d701832e68f4ba522c2f1e5b7514e2ea5a0,false
1802ecaef78257fe4368d0f4ab0fb789c67ed9a3,false
5cc415d1102ee473a56d05658979d8c3aa39a7e2,false
540fa758b66325b7424df1b767615f4fce672ba2,false
fae1a3a0f37016763dac98d14110a5e56cf6b037,false
be81fa5ff02eb8b629035044e81abaa841ffe17e,false
ce0caf2adc93a1f89077e6319b0d14f2fa8cf75f,false
814e6de3a21b178675d3bf02b33907b35de97ac6,false
86bd0d02599b0958a41b20ad663428726e2b580f,false
caab8c3c429b55b814721ff84d251e11324850fb,false
e5df90c48d55a7bf25d8985cdd7ff62cccb6a21e,false
8cba1bbe2794190cb4ae22e95f6e72da034fdd91,false
fdd5b6f6b61273ed6d9ec2258d359eb829c536c8,false
282cbe633baa89a853726c52539c08ccdd6609fc,false
1be3f53071817ad41c537cb3bea5b9cd0bc01078,false
07e581d069cef958e90597b09abefcec428f1d8e,false
6ddb65f893f158af93512436fb45e1924a5ee943,false
9ea235cccc488ed5eb1fa22900441ef8b32c3321,false
459824309873621476619d1f8fb07eb803e19875,false
5c4aff455aa8c9e315c644dda64da1caa97cb164,false
cdf48a48e3eae5c012296c3a7f8461fcb7781439,true
c71cadb328fe48afa99fd77575d91b583cba7692,false
6f0dd7cf8a6d9486b5e0bf9bc8993a03204b178f,false
ee28cb9e66d1d5c5892ba24034a85fcdcf13ca65,false
5bddb779507ff0961548bda0e3ce5d64f94612ad,false
1fce492d29d3a244450e15e8d0c760ab6fc46e5a,false
691cea537486856d1646cc4b92c19047d6c991d4,false
b985ada9f55764a1147c1ce302e399e894ac4dbd,false
8d2456fa0a3a01c17f0d63822bd63ac12675b9fd,true
b50e6b6085814d431f2dd6d8f658b5df18690858,false
ac90bb906fd8c774cf7acd20e479f38a2b7fd289,false
da0dd508b11a6253eb275652c9a71d703de29050,true
f898600ff1bee58cb8836fb965967ce2b2217d77,false
6e5ab16f2dae5d7126699a430f5b4ff23493f299,false
92037eff97686c4a2de0b80da936c5ed3b683215,false
791acc178f008efab2a07a5fdc2acbc278da78bc,false
a8748702924e37b2290d7692744fa484679b6372,false
a12e023ccd0fa702a88dc46569ec04983a63cc55,false
d0f84a730c534c8d476c598f915dcc04da6baef4,false
ccd8c5db906c8e61b8fe49bcc81fc5c284d952d2,false
fdf611f8ecba98e4c3b3e7dccec92238d7344b33,false
5e87b43694aa7a76ce45b6fc35b3514e627bbffc,false
d8811b9fb165edc9873e1b6c3f153196d04bcdc4,true
a152cd81e51aeea9abedb1679676961af067865f,false
91475dd1c6630f83f97e6744d928cda7f55d1d19,false
16e87d7bee5718fc04e62b7a13980010bd8e2715,false
e99259a42a14300bf0fe868ee8fc17eb8116e5e3,false
0ade95050d17dfb4a4cff4a443cdcc957749f0e4,false
eeb233d76d1008d5e808e2111010c6816c3b0ef7,false
33d347f6b885145fadfc87fe8ed62eec9590b328,false
37b81d720885863c5c9401cbd043f1dfdeb37c64,false
13e523ba7b60cc4df8939aa3eed06b09fcab5ba1,true
7f31bfbc62bcbda791fce75364a3fe3b230ef664,true
c7c802e23ff0aa8365495c4e9d096bce52a93cb9,true
5fcec362be792cf2e947d8a49bf409c3aab5e17c,true
36095a467ea2ef6382ed261d6895fd0707de656c,false
589d0aca6353c1a81f2c860e2e4887a8e0d25316,false
b1241cc89a6a366999f7c2a583cd93a4d877433b,false
17fce5418eede0baf5e3f6769134ca87b06571c1,false
59044301289f9f0910271ef9db605d5f874abcd2,false
96e74c13636b8494bc608ff1db33d186e82e87df,false
67a8a12cba0d41f19a4fbb254ed90653a5f341d4,false
551c26055d5fc322031a883d7c71c555577aa765,false
0587b467ef9592442e8b522c86c73be8001f0d50,false
462d365d20647a53b5ad213c5e47f2ec12556f87,false
461d8202d52881bccb013c506ee8047c6bcaa791,true
1882d02cd3defc2bc42663f2c686dfddf875c90f,false
a75b5b79510758d4080dff5ec0aab40c199d2a7e,false
dce620c83fe67e787c8c4dd6428b95c9f2570d56,false
54aa1b5c50fd2d9d7d5af3dc4b83651e7e9c1d26,false
1e23790e72cd0b9d215ba75dd57a3ea39d6f00d8,false
ce672945d7d75e2eaefd422ffc0499b7075c3058,false
306794499b28e6a5f35a2f894f6a21add3169b0f,false
8c380d2556917c24ce2575dbdcb6f4eac71199df,false
8a859e2306f4fbae502f8466f02b60e1c20b2d8c,false
83a894b2e4491f1f93668f76600275ec5a3e7ce1,false
c17e4ff72ea96a17a897c0e8e2e1053e2c127869,false
b1acc28661a3d01e9e93e4b4042103b38cca7fbf,false
c8124574cc85716a0e8de9f1ec308ef307e92d66,false
4c46eb2633786f5905e81cd173aee81e10180291,false
6021ca335bed9ffe45f37c6e5fdbc0356afaf3f1,false
ad25b1dc1ecbbaba16092d35eb6d367a04bbd18d,false
86ecec76613eb0de2f6f85d70ca8a49126924f29,false
883e1a88a38b6c2ffe3c563daafc5243e1bdc7a3,false
a197c9ab7258d5aa52d4846556b237486b1ba8d5,false
11964834d8737d1d70ca46af664f53e0e20cd562,false
c73180e1da574c79b69b78dafaa03453d3c6a8d0,false
15b5227a9b41b1f68bd9f56508e4b24246b420a1,false
e462a7575c6789d566aa13c95ceebda59a0aa2af,false
5eb2839869619c70aa49809c7db483c745b4a8d9,false
eeba652c3e380bcf5e6c6849b7c142b768a4af0e,false
010a3327a93b82604cca956253f4f2379d2d273b,false
35f34ea6189a119822c04a84611eafde32667f89,true
ce96a78b25e479a3383009e9c464c9e7ecc228d9,false
a52ecb9ffd84076dffd5fcd9f73d4b1ee51f224b,false
f4bb375b0f5f5625854883a8bd6a55015746a35c,false
bc972333c58de120349e53cd99fe1159e5a91938,false
c94e5598fce304e748d67a3233cca87acce50d00,false
9f0f8fbec0f0ddfc044511df8d9703dabbc4b2ad,false
c69b9d3447e40e53b7ee61a14298c48fa037c7be,false
0545cf260544f8cb9924ec3f0d1f78fc796f2620,false
b4846769a984de9d039e326bb4a6f8f9a97e6116,false
756a69856325cff0a5f893916c19039c91f35dd6,false
0f42669e3f37a2bdd9cdd930b94817aa1a1ba86a,false
7c31cab8e1ed652ddbcbb29b61af5ed0930adad3,false
aa6c9197ed6c444c139fc1acb2dea5f7f66e6030,false
22aadbf77029d0525d9269df17bb97a0169a9778,false
6acebe47a39100120f06cb52546d34e81b40833a,false
90072dd715ee8e5fc7f8579e20fb19e33b9e0b53,false
90868863c8dc15577d4f0cf544527b0df5c2225e,false
8bde264b4dc35fa28fd0596c96d9927259f48606,false
6298036f48a8b3828bb275542432020529ec5514,false
4186a2e3e41953f25764b8cdaf551dbcfdcf3da2,false
eb8952b8289178f387753dee23950f81984ee05e,true
f536d8f5725c39b93455d8c4e5e8024ff3fe73a2,false
b0da1c7f9b8b60a97728adf9df46ff613879e065,true
d3e08656805d8444030d7a84eb581163ddd9c4d6,false
1c6beed855a03215402208d1de52febfe41f7850,false
0e15d1befcba767414f8b880cd7fb7acc5590eba,false
fe222fdefff64ec3fb5694de8caedcd221e177e9,false
a44209c388ff1db25f909e7abcce011ddb2e22fc,false
31d7fb50dc6fb512d9ce4ce5f1084d4da4b24aba,true
0686582b5869cb3e59f84f2e709766d8c0f1da3c,false
b24f9541922ae3c3faa1cb803d51351192e479ce,false
269925735b3ffffc87a4258a5f75dc8a4571cc99,true
b08e88451b221497b1f45a9cb0f62d1ae50012be,false
2f503716b67b7eb337910ec1f19cf201c79db274,false
b3c824c5ac6917b223242da49d0169bab4443f13,false
226ecf02f1be081462630671c3f9c45190bb3b34,false
abf0dcaa814cd7c3a0a4d54261bffdec579be012,true
5c3e8c72e7222d649a5ee0852274328181f0f60e,false
5c33848f2123ef91058812a250a85f84c30a6cac,false
a059f00bac1f2ae4ebac44dacf038e5a40668e1b,false
243509d8ae036535f7eb760aafb13fdd3811a041,false
51cc6a0c6f04e8e3573922e66a32988bdff5e5cd,true
d1c216bc19605375d05821c56efff43817f6c9a7,false
6e168f25566e735ff8293abbd8e00e8431af912a,false
7fd95fa1ed55a06f162c351221149197ae5e4c4f,false
990a9ff1456db449cd454026ab05875c8daa5d11,false
731f5f0996cb78c0f8fac288b3c283967c68e930,false
f3a0accfbbd3a12668b85bcdff11103949a724ab,false
46060ca9ac1d96703d9af6ee57bf8d26f7762aeb,false
5a81b58c069edab6cfa96794b67583349f6d89ab,true
95464737ddfdd4ada654d06fda13cfd0ad3ee691,false
88536295b14bf928e5ef3e97604b549e5301aba8,false
227b22d6f1ac4e3084c38f80ecd20bec255b5019,false
e2edba943faef3690ec33110b65043be66ceb80d,false
79616a201173fffa25d2406ee6d1adc50f803c05,true
a26f5dc3c1559be0db1b3fd554a16b1eba99dd68,true
710c8946ae99392bf1f3d7f3f449f48830c28cf3,false
90ccb2e56a18411722092e128bfea0736879983a,false
1b2abeda151f2839713c8b5437acf156264a6b48,false
8748655a10cfea97c24b965c29bd83e24b0d8f97,false
9fed7e88429ba19bf2448f1530ad90f96b395702,false
ed6593c844ed28b620eebfcb88fdd9275b5d546e,false
772773c6affc9c19eef0385187d66e9a746cab27,false
23d0188d2156853955ba1469b4129cd17f8ca7b8,true
cb7c92f9c34968b6eea52bc882ba660e9064115e,false
7279d1f717ff7277a5ad42ff381b7d9bc5b35d8f,false
882dbae9819107e1d122f69a8ebd3179b74584df,false
161c16d5f91f3e40d01ecf6719ea3748379dfacb,false
d3d2f95e9d7576fd2345bea25330e70b77e71a83,false
4879fd42f5b1599a2a5e2fb5bc418a61dbb10a84,true
4f9732fde627c08b7304f3de79f64de971ab8cc3,false
a7a2f92785f4ba0cc6d868ce0f1312d7a2ebc75b,false
3127a5a1ea50685d696f8d48ad5553d9daa7c152,false
ba0a897c9f372e4a8c11ce8fdd48dbbaae354c69,false
e7fcaf7475b772c51d58c190eaf5a32982e1400c,false
9db3897d4413b44d36d948f917017d9ee3942f3e,false
0315ac3ab1edb24054aa533a0bfb6fd147ad3a36,false
d8391a4e54e54abaefc566dbd9859955e05f0036,false
d64027876b37a99f3fb65db66b8ce3574d91e501,false
3a616829dc929e38e983f18e71b769712fcc7459,false
164175d2a1ddf3668cea6087e3d41eb3fb866af5,false
380bb00b5fe765e2e72760fce163ecaa0430ff48,false
8298e9e8bf4d9090a16ccb59a03a99cfe42b9b1a,true
57684c5eec0c81700656f6abddf065920493d736,false
9a034520d0399fd90296f28ee1b3acbd5ae9dc5a,false
100693147b135f14946502eafb76f75e06ea685f,true
f38743dd99ab2cec905a1159875973360f40a5f2,false
02d4ff4b9f07f75145be572e0b6e932128811f8e,false
0c1f062cd7df25c2f16f9430f351bc00f2a9e176,false
6d171996b355aa4305b09eff0ba0728b9f485a3b,false
645348023dec5d166a2b7d822c8d27b4de360b03,false
cbe77ff160f01dd56a0c616c9efb7d37e02a862f,false
997bf86ecff73e5261234868a7edc612207311ed,false
f7c168d562496da87b01c32dfeadb6bf151fa59a,false
0ea5addf9867890c5664e9ce4f815ddc9a299ea1,false
1a3b0d87fedcc502109f6e5d31249b3475a811a3,false
cffc9669c04139bba00669e2c8abd4fd6c66b69d,false
55cbf05210bb9b1b800c88702d297bf2676c1057,false
c789bb67513964aa0a3bce3f0eafe0545a2f1356,false
2be7873d24fd328a7b363ee2ad8ca3051c7a6ca1,false
b1ac22ad0ac1c20997ff46d9650767493d05a3b9,true
0bee36f4630a6ff0a3f88f6b71523281c17f5cc9,false
3d21a17041d7e2eb245ed3fd4b008fafeab37379,false
84257e1b7eafc60927ce375eee939f8322d03e2f,false
b4098ed5cba4beb8059bc17e98c283c9266ffff1,false
b9a9598b00174ac6e4125fc90b2c65a162f34200,false
da031eacf468ab00da6c96230695733c7fba034b,false
75c7d70ccc25d6dfc298af373d6464573f1452db,false
4274046feb7d0f82ed14b4f378d300dee38b63fb,false
17fb257b7e27fb712a273687326d5202050bef89,false
9c435a653856164c22a02b8ba1ecb2d1a6f351b0,false
8682315df48abebeb4273bb2978e24db6ae0a2ec,false
7f8955af2b787f2cc3ea748a1f472403f95873eb,false
7a04d817d715a65beb27c58efdb6ccc4c7f37350,false
4a296fec86f0ba2807f6093b86c4b9c5d065cb67,false
6286f86622cfd0bd320a02f2260af0de22b56ddc,false
6b77ff4f3ace239b21524247f30b4fcee5f2a355,false
e91317fb20fd12b29a502f9367196fc44e846d83,false
38542335d959f0bf3d82b63c76afda9f5e508068,false
9e06a1454902089394b457952aca0628c908b443,false
feace5c9bc56ccb75138d903eedd05bcc55770cf,false
dcb061613ef9299a9aeeef1180d912aee6d26bbf,false
db0c7c001fd482f371a99d5b214800dba6101ebf,false
c5b1439135a977b5eb1a55b8172457e5c61e0589,false
da44b752f0b392a45867473c2b15df9f28dce172,false
3d159702524d1379f7f15142509adbb03414c503,false
e2d116d47e0396cb078d2b27d446f752dadb54b3,false
667b03d158aa4a8c263dc8d6e04ef8b5022323f5,false
ebf1ec44e3901758169384482415ed5f2d557c4c,false
39e78a5992560698c1c4ef46d1a88f26d86b089c,false
b21dc9355280ffcf40cc773e171a4e650d1815cf,false
4f59ee68848f48df858fe8605bf81d3a4c8eba18,true
5272ad85ac8560fed056c55d8d11604439497275,false
8bc35c153ce989095dd251ad9f1e6d21367031f6,false
10fe48ac32af957b65365f337e2f3f9245c2f2d0,false
b4224cfa6beadc334baf0c9b88b92be9c3ae0907,false
af29e2eb7e4c8891d5972f1b00591c70fcabd8c0,false
0db2e7b59f9eebd861b199af07b6cad6ddfc8f43,true
96caf6e4422ae599ae3c41bf871f4a4dc7792d7a,false
fee379f1d237cb64a84eff17de25b48c312c83d5,false
9a52d8a5b9f24f88b31efd518ecd4544bfce56cc,false
9f3621d9d45bdddef267a629509501f7b89a0b5c,false
acaadcc7162219daed2386c297df6ad549b9bb04,false
79aaedba102267d00ed5e4c9d2368d1dd55d7261,false
f958f53057a0c000649b73f2bd5fdced4de4d690,false
6b58d0a8aacc6c60cc5394d81ddca95a79fda54b,false
237e0f3b1274e0e88c2c53957da04cccee67b8e4,false
e0d041a692a4b04814012fc3bd03fe4e686677ad,true
794652000068c5090f3152e86a6d7b237c5e42dd,true
2b4ef2c68fbad8b3349477255de3aacfb64ef077,false
1de66335b7da5febe0dec5cc4b8cd11ee27b5bfc,true
c3855418d685a1209cab74bfc292913b47d4f6d1,false
bc71f092e5d5c247b653819b35414da594803938,false
a13db1fc3d180640a4f0ba3fdc8ca07a2f6d4229,false
ba0ad7b09c117cbe361ae7f58a124df2a0af325c,true
d94dd47f23b4b9d118867a2b15af2f1c49abf69d,false
34267ede509a0cc547b391da3fe9385ddb04a53c,true
2ed860da4461804d84cb4a72bd23ba35901444c0,false
18d22202bc65b3d299e3db3c5e62e48913aeb766,false
d966cbd3c9039c66ba15715719e019a7772be16c,false
226694b6bd0b85aae2d3970805d63ad2e7a16584,false
6a3719887a671c45a03aad9742c7927162f06457,false
50c2596f90aaff7db7f71ce3e61d9874c6ae9653,false
f1c45d618489328308c48e72289970d9822dbd86,false
bdab3236853a0a900b74ccaa7f9dff5180d1bf49,false
2c282f52c1745057169396c21199a39b61308090,false
d161d73cf2381ae5aca7102d674082eb072e0f55,false
065077cbed23e23fdf17fef7c52ead36a6c207a7,false
f09581bd3919ff81870919377709f8dec6311583,false
28bf72dbe50031da6168649dddf761282a233dfa,true
f6c94c2ae65e9844a7697e920ccdabe5fe4b4b81,false
091b8eadd37c4a07be6f7c4c245f314b840cac60,false
9aae4588f96395d356082ba4e7f2443f506346a2,false
2abae78898174011e0c82d5fe698453574417946,false
a5263c9da04194d9426994134d8ae4550cf3b70b,false
7298c45649c8fd4c917c0aa41284c040889cf495,false
92bed58bfebe47add038def879aa129f5412eb11,false
57e91c451ad7d78ce8f65dac919cf05c2e4aa1a7,false
5cb6a5cb084b5705f74c00a28ac97fd1fb6ce430,false
dcb567476c195bec29ba28890cf8eba818bd6341,false
ff45de16036917a14ae3f428cd312446c8164a5d,false
65b93a022634bb036a7274fc426b9b70439ac4f7,false
5fd786d3967b9ec26fce22f862a13908f8e4e465,false
d10ef027eda1d99d4f5cd3c2be53545e03823cd1,false
d0d3a95cdb2e06e7e04e6b38cee4d317552c6290,false
b62595a8baded3b1caeab621562b602c8967eda9,false
6e9e1c75998194401db1fd392b425ebb7abd1112,false
695c8ca4b843c7250e6d4ffdc425b97a85056789,true
9ce20ffa4357dbd9061613161817a3df78fdcd3d,false
abddcc26504bce27d7b9bd7f542340135dfa9028,false
6d3cb8d7292d441ee0482eae67a0cc18c6f98b9f,false
593c096b3324a2420b7c655d3d26429de14d7121,false
b74799f0067278b4dc50e5b4c38099afa594f54b,false
05e33740659c79e43a97b4ecbf7b01bdf8876c27,false
cfb9315add5b8e096ea47b1be1ccc695b615fe67,false
8bf7fd1a644d62db4f502b64d3d3d56631539336,false
21d994cbb7f57e94c90e3ec92e082b0cd9736fbe,false
fe4e7b33a431b730bc50d247db33e9fe21a3eccc,false
010411be2787c9d1d269408d4c1347dde7c978af,false
5684c8ec03abd6a0e678f66bf4307e5db528d14c,true
ef5d6d3cbb0c95bd7544518987fb0b03c47f27ca,false
906504ce0718a2399110439c17adca4583852306,false
f972f6087e8a8db604a3e76f556a7c3fe691d3b9,false
dbd515ce68a008d9fdaa69794914761b05c15dc7,false
7e0d92043a8e03275b8a475478037fbea903fe04,false
433ca0f3f0668d56343745d9108aa0e8175f9e7d,false
0ef95a7fc0685f2e5826cf50246ef15f1836a10e,false
8c877f8c4fc7bd67fe0c5a35332f9fbdbbd13aca,false
2d13a6274b671caaded163f623c483d74cb241bf,false
e6c24edcf92ae501fd6755baa0c5c076fe604dea,false
2080dcb6b4fb4bf80f05860aba27bd34f162db46,true
64b999447e5e019c1ce95aa397f48c0def960fd6,true
f5c54189548ae78275fabe3c177b2aa5da980f97,false
94ee7ca272e8b8239a732bb07ffcdce67a898686,false
7b150b2f18c42bc87dfde3537168c698026432b8,false
37b7113b8213d31e6e31b4db7a7cbe546ba87624,false
54cafe716efbfe7741f176895909a9806122bc6d,false
d061d92ecc9b9f431b0441e08b06bd1e8a5ab70a,false
4bb6afe04f40b27750e11ac4b046777534c37270,true
9e1a5a66da68184a09ca77c2267657c738783168,false
ac73cab8e134d82a1d4bb4c64bd2d1a933a3c66b,false
04a4e31a82e1d2ee6a1aa96fbc445133ba5c23bc,false
ee88dfd79a9b8e322a91af8fa875628dc3318173,false
32270491734e869d4dd9330aa52f2365490b2d98,false
2028c23a29373d5a38ae435b7421a34975244371,false
3bf399dca5d7b092677453eb60253074b0960135,false
c2b08919a38b73511e8326761606206ee3fa901b,false
c96fd634a873dfcd3f721783cf399f68c015272d,false
6369bfd648ce1810f5e88f86318a6ca87922d9ed,false
aa007daecb8d59ca1d4b376b6b253dddc3d4c7be,false
db1473bde78f3bf40539dff6513299286f7bac79,false
cdf659f13bde8e18d1b8dd32242edbd5733d20f0,false
ac8eb9f715a4dff43cff96d8951f66823ef6265b,false
e0f15ed6597d76476ac1cdf63481823ff5cda3d5,false
9e4bd476aa1916dff74179cc2a7eff11d47bcda0,false
9ccae01d85f38227adfd52665ea318d08eea8252,false
3d6e3a140b1f310667b5938f2a9e1aaa3f1d2595,false
d30a712ccafbe9745fb0f069d3f9631f3fcf144c,false
f43425f2f29d89a9ff0559957b498547eda05947,false
effc1f68e861f6e63d981bb3eb3df96cd6c844e1,false
71b83330799bbfa2e550011f5a834129fd8a794e,false
4b10d18fe56edc3fbc7129895f58b3f3214a6406,false
211058bf382776d8506de151161cb21322fcc609,false
002fd95f111370becadba28236ab99b836f33aa4,false
a541b85efb5cf0117bb9dccb7615a47e8bff3bef,false
87d88c9f73b0fe17dd866f0f44097ea210892fc3,false
08530b43af891495070c96517366afa98fb77b67,false
d0756169f41f1a318c233aeafbaa1db52cb3d00a,false
b88a5d0b9bcae4ddd1181b13c7f2dfc81f3104f7,false
6ede4cc90bc8f051f35fa11c43f4668140f5a541,true
fe3b2fcc3b0bdcfae92a833250ec543df607be2d,false
0e15090662257c4904b03c4abfbce422dfb22dd9,false
1c03160a15a6cd21d21059b7fa25861a1caf26f4,true
7ad7d6fb2738462e121e697065d0fe0cfc568e39,false
825fa90cfee6bd05d39bfe1236712da611fce0aa,false
09867733eb08ebe04923bb6e660134ae59835abf,false
e112950ad5e08674cfe5c9acba6ad99a30ce6435,false
afdf989a90aa462d5044148070bc2a110a653014,false
1e8bb1088433204f8befd6508e613b43a7deff9c,false
6e56c997a0525b57ca98bba1c73c8c6e8b6e80d0,false
13bffb77c26c9f5a9ff585e3c0fc0e68b2bb181a,false
f45bc99e3ad2b02a8c7c848ccd113726a0e3ff2c,false
a328c5d0bd446942b44cb89e5860d027b3eb4ea4,false
53d2092e59d241605f14ae6f1db7dd6fc9c80b9e,false
5d8be03bbc14c1168825fdeaaf351472b7a34822,false
6e189b55945dcb890a24aa9b207a1a59932e267e,false
b1e69abac03942dd69178a0d7fe193ede0d2abef,false
011c8fd547e8eb5451409253f68cc409377177ae,false
68dad1b436b6b4c984f531725c2d61291edc90a2,false
c499eba5bc6f1c719a3b35a1e537c5e967d099f1,false
40ccce934bddda027ef48c0b8efeb88f713368c7,false
26c7f8450cd6328aca4485e8209692b4d79304bd,false
299670e55677a2b30180639bfe6ede0fdb2e3274,false
99f5886893589e94adaf74b1ea4f432c98fa163b,false
82c0d4c24e83bb2db1bf13d6d944821ec173eed1,false
8b1f63d732407ebcdb197c65024ca6f247dfd4cd,false
5c2a7dd577e3315f591579838a3412b9c1dd9d61,false
89adea7bb47368edcdc8002787c0861be76e2778,false
825ac0dca3b005cbb580d1838fa1de79683c5b86,false
5a3d0c18b9e254c52ea7fc8e02cbf96b24ed94cc,false
c5f41a05a958b1e0fb7a6fd98172e6b745180f48,false
6b2a58c31302eec7692b5b42a09ad34a67c05c74,false
aad97b5cfce5cc4792c4b2be052bd27bb3b36878,false
33d052b9a1cc7a277b341399796849210fb09ddd,false
7160b79e7056d543c4d8b9f93d7ce06a4e1c508b,false
fe7a87cfc0f6e85ebe615e48c6f71fb52bec7367,false
1f07de6fcfb859686d81e13f27c8142fec0a7f18,false
769b53d541ba2014ce8c5184584e3748b8295fc3,false
1b4f3723b54887c6820f9b88308cd1a61cb8b0cf,false
76c0dc1802de20b75cf30bf634eba760407900c8,false
44e9541e8fbee12193eb22d1118e311c3ce121f7,false
086a92b9165ab94c64bd7cf72399af6dde563378,false
5adeba390f89917ad7b194a6566d04204c60abe6,false
2254bb03ae02074ea654e8538fff3651a9eda523,false
a3650f153bcd11ca710c87654fc1eecb2b661d4b,false
a4a7f14c6d21d3e12257f2bcb7c26f2d7bc6317f,false
f775fe7fa34a6f5c8934ca8f944c24e7a3188a7e,false
065a56520751fc3082517c2c9343df0c3b75732a,false
5cbe7b870e5212187d49e726d76b2cfbb2d1cf98,false
1e315de38ce08a0dde0259a557d825cc88550993,false
b7bbf702a55d0993782568157db3c349bebf202d,false
74d4b0a9cc9e2c9882c8f1ddf9f4fb7e2438316b,false
6b6310a494e0a3a3246c6a7b60aefa00e963bf62,false
597de2c32ce844cba9c42486cc4ea9399fcec9e5,false
4e60fb3bbb8ebc911b9aecbd18d452bd6ad63602,false
7ef04eb0f3e0cbdef0c9131e22c1925622746b96,false
bc80a8fb36a6efa254e94e9b30f30740b788d6c7,false
7fc0ccffe5877d3308b1afd22844ccaff4ac4b70,false
a7024629b69d7f61cd8a259760f20fd37865d806,false
2a923ee6e065ef9e813a094468bcc9ab97a8159e,false
4896d0134227b0fd8381c09f3320782df5fcc9e8,true
7dd529e5f24dd9cb9cda10b7c843f1d4fab5a32d,false
9a6022fe1be04ec4ffe4858585541e6c84936ee4,false
e3f1cb7816486261a054afa8e868b5e963a2a5cb,false
a3b57ac48e65130baa9bcc43a336670b7dd46114,false
4c39b1b312a2c4624f2802d771e1cb7f3fe2027d,false
40abeba8b560f40d529fcdd58354c8850f4b8fd7,false
904c406587d50c1a659c027e0caf05a3add31c9f,false
015068fc3cc3bfdcdf15966566a487af597f28dd,false
cbb2392cf21ce84649cbe4b4945d1b24894c65a5,false
121869688111b0bc04b2133f511e0ffa0334241e,false
ea279fa51cf488aa2a56440575c4c65003c534cc,false
801b8900ddc29d38d0968a6c377b2e2f5b12bcd8,false
66d12362da41123cb9b2eb8688892e4dae48b6d8,false
e98387cd67cbc56fb4d63bae06cb60fbbcb4c065,false
da8ff27beea4ff1c7cecdfb87666c33ec5563b3a,false
c2fad01d9be4fcfa4e5b0b0153a84a185315d371,false
c15c7437194715a82a066d8d8537d67ccfcdd31f,false
5d7303c07ac7d31e4497e3da1ec564f2754fa62b,false
92a182371e0802f37755850ff97b4c6b72ea970b,false
c0964e6fb62cea654a912bb65359a1715be623b5,false
97163b7a3789f94b4d9180b58abdc729045fdd82,false
6ae8466bc7d17d3f1c25631a94bde27d3a3cf4e8,false
9e82749547740e079d0688d3a8ce099a478dbf8e,false
0dd73463ebff27acb00a147eefe42a6a0d599cfb,false
04d47604b272ba532c7cef40e176adae5dc4189c,false
c0c05dc08057c7c7ef2a9b7ac4e0075693a787b2,false
a4cc8ccd797c24e61f55147ed908571c9a972b40,false
a754e4a1bf82b87bcce594f3b8d785eb6b6cf77c,false
b00afad2c48d2a7c4c5cb516fc9a2d7e4160cb40,false
3bf8111450df72c272fe62da3ef49ddcccb1a53f,false
7ef9258e87f33a3d79d3a721ab1be7f7f33d6591,false
a9809f64e2f39631e2fdfe3ad32b2e4d094d9441,false
a18f657ed34256bc629dc186e089d9ff9e015a24,false
b6611675224702f965d0458986e95fed4c6e7845,false
8de9d996f7441fd595f1ab29edb7212c83de374a,false
14b627e44830c010e670a91f6f82a4292b0cc8c7,false
ac8c2155ad32d62b609eba8bca16d4a64b694443,false
60172abb7ff5858c48797484ba34dfafb701f37c,false
fcf9adfa54d47bfa01a607881b56521f54ab42a5,false
c3a99616ff23b845ba1a0a3b7210577d83bff38e,false
a78e594daa4575ef40faa25fb5c83e2eecc7cb23,false
7af8dbe7b49baa89eb49a6ecd7109f1b31e834d8,false
7e7a0261ca7ee6bee2429bbc158341999d624120,false
e44f90c6607d72ddb040afb07948d3dc9a6ea05b,false
8ee6d854ac45aa6fd0bd9969b1025b9c09e4c7da,false
1c33b5cec67ee0e5cc4079642450e07aa83cd0a2,false
63952f8649ee957f9ece342a5cb20bfac2da34dc,false
322187531120e4de869ec6dbb90fc0d5b74a6402,false
687bf15307d6b926f9919e338b237b0465e13ffc,false
904caaba14e0d0581052f17c5e8ba8d70d439a42,false
de501a402fa01dc3a801170411f6bdc157860f91,false
ad19f060b37c5594a962d6b2caa4bf83939b2c78,false
b846452e9a12113e5a3c314288ba953b7602cc53,false
43900424596d793b321d639515a1f40892edd67b,false
b61cad43892f2ce1e617ab6be574adf1182c383b,false
b8e266467726e79da51e77c13b19b6fd6a4da828,false
f011b1a9f1153bd2e12837872659514ffe4a9e0a,false
a3ebaf576cb2b9ab632dc21cc980f3b0c1ef93d9,false
75b3a6f6eabc36bb76cd6d2f3f2329a47631472b,false
4c2bd934f385b5b9ae92fd45ca5e69538fc63dd5,false
4cb4151504a1bdcec62656c4b8baa134af2e975a,false
2be849926c65441323fa4c15a69b8e95b7829aef,false
01924a360ea2396bf81b2e8848b4275aa9d9333b,false
424c76d6bbbb0135d25ecda1a2341842a91e0212,false
1eab4cb3f2ffd797829a9f97bb5ca2cf711f98fd,false
a4de2f8abc110199b06936d0e49042d58b22fce3,false
88b47596471ee9572d2b1e5fb1fc721d862cc3a0,true
716d7f7f1a5448d07e301f1140db0cb35a92eefa,true
8c74d31eba80ef551e8553aabde8c627d950f29d,false
cdf72bb3161c239e214c94660b1360e141232e5d,false
63dde07ecbe30bbd11624337b5a8b1fb7843224e,false
43fe6059ee52db371d15dcfe351048aa61a60afe,false
de533891474e5355bc0d6e5476016cd73db41a51,false
2e4209dcea0e21518ed4dcc4a6d4ad169493e443,false
6b6f3d9416e9d48407597f4dba2d2cf69040fae4,false
1bb3fe3774bc79d4947661612592298741c6e96f,true
3f7cd3e8420de5a0889f9755e4a1e5b00cdb345f,true
af6d9d1c649827ea249d17bc0812ff2efeb7fe29,true
c6873a5b33800e5ea93486f75a50a51b0d5d1915,false
e6ec16171001ec3aec3b8125ee9ba47aed6f1aaa,false
40c07c1d4fea8963e49bd510c83e515d6300a634,false
1291f72e1933e785e851c7444c3a19b8c239256e,false
f9c056e3f3ac5e8219de06259e62cb96bc80f3c2,false
9c2e4a35d5982088599baa6540ce9251c7e65b4a,false
ec9be4f79de40c0113beeaa40ce74337c5c4eabc,false
6ad45b52f1ef9c8ed488727e84984aa661fa02b0,false
0b7df4184473a3084204df95bb41db422982d1f5,false
a3994aa9125ebb392b072d41794ae70dd8f43dcf,false
14a5c40ec3b649c28a1c060f4b4c2e144d8a2720,false
b429a460a398d9503cf90404f98a67f8be636271,false
31da69bcd8fe8bb7025a5545c6cd1d5bdb203888,false
6ee5be6e129068c21cae45c45fc107ce0b5b7a2e,false
ce3cb8bc05ca4c5dc23a236ecc3e2a43fea885c8,false
3781309e52982145e04053b3a65c8aaaf44ddf78,true
598e1e5c59cf543b84d671f8bf892e0914f1ab84,false
89350680d67e23555d463af0eea9ab06238249a9,false
0946e5ffff919e8214789dcd25fd342a2a4ece9d,false
fc6ff1d2b7b27b2f8d253318019ba9310168ae53,false
1a95a531a1764a445ccf9aee04f7bf8b90e2572e,false
51c9f0d6919f800cf0e6d62b3a48d702d756faef,false
f6a1ac440870c6debf778569cd5b5a057d6f1438,false
05ec254fe8310cb11b7849d2a67f224a343d33e7,false
db6c7ee1c67befe370d969e24cc1be184a7dbb8e,false
31b2f3a9ec10540f2ae3a0415e5576b2d25212ce,false
2178d8aca11049b8dc58a9bf237f3d40d8e70319,false
3793f2913eef56fe2b1f325da5b54ae3bc7dc822,false
b00a5e8896400e645b001311bc67a2a229598dac,false
4037227c520aa25308358c3e852aa9c9f74ab356,false
5c6bdb92b6011659294c052b9feb4b948e73ee09,false
940e7ae7f73252d7f1857c3b0f6ea2b4f9ac51f5,false
14dc9ceb5cb03f6988cf7af6e0727724906fdfec,false
e4ee3e4b0f7d10074ed709630092ce808f57403e,false
026d97b5b49fb2ae2764aabb0c402c03ba0a19b1,false
953816b0e4ee37346e5b0738296ff06e0c61b228,false
3a81b4790d30c3975567bd94bb98529b12fcade3,false
26067e1e664ea260beb6551647b7434f25e2bfd8,false
8ba5af5fd90e8854f7a9447f0b4b549c303dc096,false
92e86312a5a5eaa8ea63c830dbcc2b5cec474f69,false
1957db04728229175c98f51f9d11082e4cfac7f2,false
ccc1521eb1b471dde1fbcc367cad2aef5748531e,true
12ca75ceb6b2c5942996e7c2b0330e491624e24f,false
df7bb5819f3a67b926e3eaf337f5d02b39d14b34,false
a3dac66e2c7228a51d65bd9fc058a0fbb43d6960,false
b6ccdc40d5638d9e7aaa2bf7f2765111ec5b5918,false
9e35a245d7de0ccf7f96cf976b1919c2c26b1c63,false
79421b7330b58bb27d61b14a8ca8ecc5e96131de,true
6aaa00c115f8fb5016e90395afd6ccce4c3734a5,false
a59cb7ecc40ac1bb8ad44f3871aca38decf675eb,false
cc3b8fc8d463c0be0ca73b4116ffd0c865931734,false
11ca54db6db1a2b3dcbca16ec94b9b49b2d16e1f,false
417320a9ef54d52e667c22f5d75b089d7c92d708,true
0c9349b8ec6e2f063d1f31db9b89a43bb8669ee5,false
09c971e6f3a2f2e357866f3fa293e782c5c5b459,false
30d92adffa4347ebe3767cc3369492555048eeca,true
39f677097806560c645ba7e43d30c79f8fb23cdf,false
384e6535321fda58dfa69b2f7f41a07a48f8af17,false
1a25c4897ca7691ea2a55e2456d52535a6fcacff,false
fdc6b5331a2cfe4c1f93993616d80edfd8eb53eb,false
28432113520d2dd7ece5ffc4b2a6be7b1db41be3,false
77db82d3c2915c76d44ada8cfdf4c315f4f20539,false
de60e7fff384e5d0b0f8c265c4032022709b5887,false
8d5bfea100a3ba2c1935935eaaa8ca2209375a7f,false
8f22a8ad085c573e16ac76c5892a54c79c589938,false
b19e23d59e26d998c79543e5db616fbdbacb4442,false
0e31e998f1e97eaa6d54e4c4caf2cce1e5918fc2,false
f75c9ab79f82ffa3433bcb4fb0f88326722d1d6d,false
7d33f4d28285af5f76a4a06fa6a4a807ea4a163d,false
009227be466cbda2c76b250cff3bae06443a56f2,false
061b89d75653689a9f29f9216d9aae7fe6c6d7ad,false
72994dc637682674e6c5f77d735ca34b83d4f111,true
e53809d8b4a3eedc9e3e07288296dcadd217d039,false
77e9cc034d7f8013121b8ae0e3a80f8c42de5bd5,false
a8b129463be4783f35936b9af52b9bfb585d1ec1,false
30fe04ed6cb4dcb93e040880c6e506c3f2686eaf,false
75cee5b3aa6f76cac023ed21b023bb8578a2b9fd,false
b440faaea5b69e705e4d920be78bb4840a73202b,false
0aea40b99c0a2c8711a4e6870fb5bf069c94d1bc,false
33fa6bdb9e39b4828ebbadc003f3a39718a2b15c,false
d66504ca75aabed90f5cee2da7fbd2e70aee4d1d,false
1dfd69988630caa2d5e740ae6096bb10b9782ee8,false
8b4fa07f79f416c6c4cdcdea18e191c17dc0ee09,false
67fda138c97a0a086e8d55e1cc354ef11f81aa8a,false
886cc03d9fed79a76f8f5dd70306d38f98e158f6,false
e786501ae7e7b412ed94cc0eac2166b43dabc782,false
be3db92440ae78eb90261c71bbe903d512bdddfe,false
3f07123c82bb9fe86ff1b9f4dd096d0806f1d528,false
8f1a20512e95fa45d92e09b26ffb0ad6fd9873e4,false
8488ed0a2cc257718393e889f9b2e397111299d3,false
ff8671d0ca95ae73c91670c56dac2da52cb73c91,false
95eefe9cf937d50f83e1ba2b747c7665f2b3f0d5,false
e0f5b23e0b602f24f6e9c597c2d62daf26349f68,false
17e0a3343216fa66dc184c4f688b96b67da7bc11,false
992fa00ff3e91f99682f8b8563ed13daa6368fe2,true
d26899aae9c5dc0da65285d525ea07aca12e57fb,false
2e7a0973cdd1d3b9266309795b30a3f65af41aa4,false
d578b064a72104c4507b8f91d1a049fb598c79a0,false
17b15e0e1f60989819436688d4bbda918ef1db9c,false
6b26f613679c560a7ca34e9db950cb4f08abf51a,false
4d4e7c923e885efe4cee02bc51f925af227c9a6d,false
64ca17a9da6fd357399f0fc4d464ee84defa0964,false
c44d5a47a97359484f936789e702a8defe589e3a,false
07fa137e3019b83861f07fae21ffebe7444884f4,false
d1ccac6c4723a94ef0b4af6b871bf2906b383153,false
63ab2cea6bb30b7cd3c27405603cd7831f907f49,false
edc1f9cd530d994758fa5ef44543407653d5213f,true
5eba4c8026ffcc03adc5daee97e9a733fd4f742e,false
4a5794a198e8aa4b247c11873a07404d7a424da2,false
add2ed518080d8dc4585fec13ae8578d3604093e,false
ddda12482c7637b86995441f793db319fa02ade0,true
f60a6f3d16ef7c2967ba9bfc646c8444ee38e398,false
44e137a8fc94ba744d2f211de03b76ff4b7f195a,false
0a09a96c2b1f13367dde21145b7be702e5a5bef6,false
2cd89769fffd27b59f9f7b743d875668390433de,false
dc0f10179ced609c206505283c665f15ff6cc36e,false
f1cc04c4f8dc855afb157a5af117340210b5422a,false
10646e4f5438038de9881060787bde331184d788,false
3996d3aac5970538d43b4c0247b85e8c79431f40,false
34b79c4d4992b5237c5e32135b2c6b2e3d003b6f,false
b0b2c64a27e298d54af5528bdb2a7ad58a46e6d9,false
3484cfc7b3690d2a3efd16a3a8990a7d03369e39,false
9b5b6c41798c936d581d4dc31378300f6b94a497,false
1d65734a672f2d73c529dae5e0ef20a36795405b,false
4bf6cc5c69e321e8d4c24038182e788b6404d39e,false
f6df0b595ce8d3dd6a837e68426c54096fc508e4,false
ad4bc3af786f10baa28ef81c37d307997e127be0,false
282353bf85713c84f87f7f851fa0567e014cee96,false
7d525632eeac9d403482152981116358bff4289e,false
f8d108b703eb471233cf3b37e9b2a852c96948a3,false
0c482160513e0782902711efd0f8e9386d57511c,false
b0c515ab0df7937efff526143f439a6548822b2f,true
c7466d557b6d7f9af286c032cc79e309decb7682,false
a6450d985d2b37fe2d26798885023db9c747e3f6,false
d25bbe939120b12cce2d39b9330b99260fb4c49a,false
b717c3bb3e7e8ea691148ab147c1f0f560cc4260,false
702eb228e8f784757f4038ba0049eaf3dd46eb87,false
199962f8ab55c81b872a07c3668b91c81329ccdf,false
45e25a80171ac7151bd7733caf6e8204f0e2b07a,false
dd7b3272bc798c6e63e6e4bf9c86910660b3f935,false
97d10d8183337d0dbe1a79f848e73472f86a20b8,false
dc7901e3aa34ca068e88edf14cb07e2cd982fd55,false
2687fa80be867a75edd9c28a08ed5b4a5790aec7,false
92c172be2c111773da58f2d828a30d78fba7db3a,true
2332538e9745c46569f9e6e9f5200a6ff53489b1,false
8d20e1073f7585d8c17500777229226ccfc8eeeb,false
5aefb03bdff6405795b7273fc89f2f0067ce530b,false
6749290921e983f8c74eb4851ac341765d4598f9,false
427cca58d326dc95f62f858e07953b98b5a1c8f0,false
58540537509bfdc8824111ca896e3986a002c2f5,false
48d1a82f5de11c88d0ad2a3ab64335201f1fc1fc,false
b9e14e63e3cac2ac88ee33748efc4c91957a4a10,false
8058868b26dd98fb6da5835d114f9d7872b6b9f4,false
a4339bbf8a385ca9d8e03ab19c231642bfa736ac,false
a5ed88fdd00eb979926c5ce935812576e7a1dcbd,false
32fce85701a5f8594bea356fbce7a4762817557e,false
69114239bbc662014a34bbcab6ba74cdfb2509e0,false
151f7cb7bb635a643ad959bd93cf05ee46021e8c,false
f54234865327b7f0e43044ee5ea07de112bd78f7,false
b22c4159d8f81f9c84e9c602b204169ea2305262,false
9c52316ace5c7162b1062709360762acaeda0efc,false
508d75056e62e259c950be3c7dec85533db1e76b,false
b36e4c9cb866040d726baa4eb23a2d6d1b6e20b8,false
dd7fadd30bd093c3076d45288f1fe3ec642292f7,false
90bd64fa4bf05bb75dcc64e95e16c12125279ecc,false
bfa45d05372a386e5d3ae34fb7b4adee5bfdcc1c,false
31c7fe816649f335801442db2689d5caaa3b1611,false
3de2185efc18f1f18cd6a9e38d9586efa667606b,false
141ed92a1c09356ce10f24ef0ef31f1a1500e75c,false
969aba4f65923793acfff9ffd6cfc92c636c93fb,false
b35133a832515ca0c4b6e457daf7415da03b1bb9,false
c0b6e839908359d6dfc2dbf86a2c18336986d246,false
e27b60677a9d3a7c0552bcaaf60aa86bd825539c,true
997d2e6c54c0d99d9c9e894d64e1324ed5ae23ef,false
5c3c3bf9e5305ddf32cbc0e07755da7fba7ce45d,false
0d439e641fd7008c357d137bbf6a227a253d9d76,false
ee6aae83d39a12d13628d3914442f311372c4f2a,false
0eb1974fb53153df7e9dd06c58f0eb1df0fdf383,true
92fa190b18c0ec174ac7aab4b2ea2700cbb317c7,true
2d3cd7f773f143a72113e638c1481b270a35f251,true
b58d5ec7d3b7935bc422695de01a29143a7e9789,false
ca5648a17c3d2109754d6effa8575444e8a49f55,false
ac17313814e0684a4c21adcc4635545d100fc764,false
4872ab245828cb3b375f65cac225c7c3493d11ef,false
6b41e352d97ba710344955dc745158be08a34840,false
bdf242cfb648485997d4cdcb50ab9fb44c2dfa13,false
c4b078d9e5fc464d5aa5058e57133a3123080b89,false
22497b643ba1b33dee936c2c27bc08e741efed06,false
7ef7af91eac58bbff0cf048b40f2e8802119170c,false
dbeaaeab08e1a1029678465361c28c4437b008f1,false
a8c1a02fa13580ea8051fcb2bf4a8376a6e3bb1d,false
f454fbe2c47903cc8c5f49168741a626896c442a,false
f876a71e06629e7cba7cb521948f8c11403bdd16,false
b4c0158ed704a64d9ace273e8dbdf2c1997f2ede,false
85e8f068660f8f8f0028d7f6e5ec844a9c1b10cb,false
f71d1d6c33619b511aa97ed68f60136d3304ddac,false
252ae5f149d1a675235067d218d7a8fff2c14104,false
5e7f73bb8bc9e002e09f6e09d00b0580e6cf1f47,false
a225c076708e078190b54c853593575e28d60b6d,false
a358d17673e93d36e91e2254614f5cdf40c3a7ea,false
ccfc4f8c10fc5de544b29a0674c1bb45aa9ff489,false
c971d75790e4b8f5feef56801bbacce7cba775eb,false
f27179961f30fc8e0a853b6e45a42fb64b6140de,false
6d4b6898db1d1fc6d999fd9e38a57774e653f3ac,false
f43c83f2875fa3ffeea140e029f34cb1900d2f80,false
c80ba59728b022f05c6bbc39f7ef017033f8e74a,false
94d74b08bef4a22a1f8d0b43a2830c40b76f89cc,true
c2ff3ccbf44c5c515d2b647fae6f6153ca44834b,false
50cb72434d89b800525d9ba45d734d7c01ef13da,false
937b4f24e906dc64be881acb588144e8e1895276,false
0bf0462bb4f14c365d9bd42080c9bcc32c84a5c6,false
7c0bd2ae9dc90571d6df258058dc99875143d671,false
a89512eaa3979ec227ef9329e5555103111a8316,false
bcf0e1f56491b9ea0266484865e7a77d00083bbe,false
aaddcfde18aeb4c749d72fe2c7cd1b9c66a723cc,false
1f63c1340bb26e0b6254dbc32d5b6679da173427,false
f66d6f4acd879575b53e11027275b51ef8bec41f,false
28dbee59d5c805b29ffcb8fb69262b702b43776e,true
fd3b2054c0a793a2a83cce53a55b14f486ce1022,false
2d155c7f4eb1e557739d364dcb11bf44eee8a2ac,false
5fc464de57c9bff47ec3da367e272192237e9cb7,false
3b3e8d700ccffbfa4715d5e0dd9fde52a1933158,false
d69d1fe28de8bde52a8e43f3043853c81d24f6cd,false
a2e70f5d1f34b96bd9ebc90184d95771d43f37f4,false
c1a33b4e37d42be859379006fe0134cfcc447f02,true
c8d9fe650ced6b6691ba7e7282a47bd03c47fbd0,true
038262bddb1fbcaa421744ccebf7d5e21fbd7770,true
358adced4eb0ad4df316a1ac6442d9f2c313dd54,false
8edfb2dc4bf77eb2f807ac4c42b23c6ece28245e,false
d1b17b88aa5afcffb741195fbad99d222536edfe,false
5450f099fcd7254eee0929ea72792ed3b8cb3ca9,false
ecb716392b8e4a87857d49856f3e77f5fda29f83,false
e651acca03b84aa7c6ed3e2db486144d8c3a3968,false
de88cb006b84a2b803f23a26f6ecee091856eca0,true
761ddf46741b7405b12cb4108b08da267b6ab4c0,false
d585a4f307d094c7cb1246260cb730ad9c8d37b4,false
929c928b70137dbe3c833aaef108fab75374dd06,false
4bbf0cb65802fef8bb4fac15be0bf0b1224fe2ec,false
6f716d83121d30b0189ad308c21df5bcacbe7a47,true
fabf45ce7d780dd6f9c2332d8fc0276b9c41fc03,true
f0bad4c82b98621a490646f26a40783d5e2571e7,false
0824897976ba328388d6cd7494767bc158523574,false
5208cdc3e33e3a64ce42b80c9475f1f31b5daf69,false
b8cd228b3c356560a6ad45fb459b543ff9f9e596,false
a9b34b1c3b5feabb9b9e3014ac2a2c540240cfb9,true
f7526519254c7923757d275179fb1dd37050eb7f,false
4c4f964de67181999f7ba7f739c25b257a20d2be,false
ab21e8bf334b09dc49f6a8ed2af6e3875af3b01b,false
bb112190fa801f6643e1695542668bc56a505e6f,true
46471e91d5fa808fe857b7369739f66d9d2e765f,true
af918de5cdd583684de12a9e7f1121578bf5aa5c,false
f354f615ae75a725637c9b50d43e3895e51d1038,false
5ae6ffdd6092ce3035082fd5c2be8b25151fa688,false
4ca92a8090f071264d3565e95fbdb6a2caaeac06,false
a4a7da37d877f08cd66bb1f2552b3e9e643d9df2,false
73ae3855b0ce6219ac9b74606da3171320c9a3ec,true
ac41c19adf70ecab3a704c99d79d9c51c8f5ae9c,false
12c4e23426a1b9b4f60403cd0a4b7f3228d59423,true
475237a4157deddb8ee0bdc0ed5df6c0a0f5232a,true
adeb4bac97c6900e7dca30b6e31ec3e7050b329b,false
82044be841e32c03556fca5837c58ee41fa5cfa4,false
3f8983d58608e4c4a54e181412e700962d5d91a5,false
3771306729a040bf4454a719bbab75dafd6fe82d,false
2d33a03166a9ab63f6465994cdc1bad623ae761f,false
460780811e09a88aadb82a3340bc1946863b7a19,false
62c988653cac01f019b51ab2d8285a61294b46ca,true
01a8ef068fa474284c7504a7f52c03418881f53f,false
68b43b3a849bdf4bb28586bf0cc94fea1c7f5c9d,true
116cb2783ebb8757c8f3be185c828abf4032b784,false
8afb0e6aea1cde9dcb51a077fcfbccd9cb596aac,false
9a32fed5a1609ab8b1664d1de7e13ef270d09914,false
63b6d7a630636f9d6c64ef64edd3ec7de4486d6b,false
1de75d83ad49ea63a241bf6c628ee9ba60b4ac77,true
0d5539a931dd8c2bc9852ae3741fe21ba1416fd3,true
c1fac0ac380330a48e9e93eac72428da9d66660f,true
28fb5dee647b6286c3427382a457773d33dabfac,true
25110f356a3976f370f0e13c0ec2f426be9b8335,false
4dbfb51cdfed509c14a7ebb174eced4347afefbe,false
a8d9e0f39531171dea0f5e0e1bfb2be1a41843d5,false
39855bcb17a2cbe5dc3c7a355801cd276ef801ae,false
57c364c0b0c5560d12fe3c6cbdfeb880ba641480,false
a294c0412cc7c0a71fa1524bcc43c1ea271bfdb8,false
3a3e2c1ee461212faf3ab088611af5480ac8b620,false
db67bf4be53b1318be2ce6d27bd387d15204db9e,false
4335aa43fee48766ea48ebdfa6d29f3979d7c840,false
aacd29ef3d20fd72bfa84b6788f45905d22e3f10,false
ff559c2d8d1c924eb3347d9823d96aa27938585f,false
7f4a8bb7934e5f1c3e96c3be350ca23a7e6a6ca7,false
a40362e65accf3ee3bc8d6ba774a953c0f225b5a,false
0824fdc1d562d8c56a75f4c05d921f1c239bab2f,false
d97bf3e2ed1ebac6128b2dfdcc44599fa8e99722,true
9ff713bf2507db754db15be24f15dcaec350a3e7,false
4692952e6a6b31f42a6f50a0dbd2a0499776d8ee,false
96e140090d1e2acd1cf71c3678e2e7d0b37fef28,false
c471f3d2ebbc422365c9c3dc92019bd469cce307,false
8d329a50caa4a3fd481ce9689b7659c8d5ab145a,false
5563363819fd75d8f115adf16b795239ac65ed9f,false
d213fdb914c13b967e8212545debc62f2c7b710a,false
07965dbabbd3b296811036a247ae85cec09c90dd,false
56c30ad0afbc5468074f7fccd825f437967ceff8,false
48e5dce076884febb5447d6347054bceb64a8723,false
ad67f39ef1303eff1a8b2e4471ad3b6758004942,false
76afc3cbacbf391477df7045e5e095456d7c480e,false
0bf8c8adf8bf033dfa3c8e01242b6e2fce849b41,false
4504fe2c2699f110ae8ea49d71b264494dce79da,false
2b27a3c448a8be7a356b6f70e2496eb43b43c4f1,false
beb8dec2769ff523e1b777bd6bdc7dd06686622f,false
c934f79a5668b2480c240f5be099f611267acb18,false
6a745061caccb7fdbb9dd51a43c6f59c1538b0bc,false
9ca7484bc13b1a0dd5cbe54d3c8672696d1991d0,true
a9abec4e26b4c4fec815b68d65c6956750b53502,true
f9f568401b4f15eeeafcf8a3f56af5623cf8e571,false
502c41f96198d4facc64e51c1894a63a55a76d4a,false
24cc1f53956c6fe08dbe8277bd994df045681c4f,true
62815c156ab8cc193a923a0739c5a87f89feeb5c,false
40704451a74591c15c036b1e814e6e9974419dfd,false
70bcaa3e8953fab579b2f73b62c411d46fce1bf8,true
163f1afa6bb2bfc0511c0a98e7cf2c280b12bd84,true
b251ab30f99dbef25f7d42ec10da205ca75c2b1e,false
6df82bcecd98ecc5a9645ddb1c79782a228cc3ba,false
f0616020743c9e75674afa0a15e0940b41bba3ba,false
ccf399d64ce34947a206feafc2215fe72d14d6cc,true
2b61dc8019001bbb0539f97d5051c706f6b00c56,true
8f0f662660a211136583f068d3f19fd6be848915,true
9af92027496d8ef0f1fd01052b4f44f2465df327,true
ccfef38030c6162ad3a13bada65deef1ba32c89b,true
72572ca75cc99398f35ff2be8bc092ce6b8a275b,true
5fcde2311ad33286930b2a94a865ca21a087d3eb,true
f1b1c26e1c775c40c19f86b46d151fbe874ac84a,false
cfadf5cc2029c7a52d8e0f0111f2e15a5deea5a5,true
862ada6e1815f3aeb6e5fe239002fe3eabeb1c3b,false
f5ecb69ab057edc7bfa2c6f92177b1df92150f94,false
373adb70f21e39f0ef3b05b248da19708e65d710,false
3981cb367ec21123af78c9f5dbc811ed350f1a3e,false
94fd0c0ffcac6a244c87676480e8f9b52676f112,false
ab7e89336b98d600a3b8808778d0fab4354cdb13,false
89dffe09b1d8f138f083a96f06d287a51440339b,false
74b41d6f3115a203f4dcca69112727cfb1ae9f16,false
52f9234e891ba57e7c684c9cf88410d76531babe,false
80e19e8fe41c4e140ddde69e27aa14f34f4f24dd,false
0e27382c9c0b6fb29e0efeabd40df7263a38327b,false
1635f5310535bce29d5da2fae20216ca46ee5fa8,false
71bff2ad8522a5c2bd56505eb80b56b5944dff44,false
8f1ed64557b8858726b8eb5e52ca197d5c55f9f9,true
a9578cc2724adc060478832e936b24354908a840,false
17ae517901d79f3739e44edec85234be93efca84,false
f59c74b40b7e2ceedd0e342c2d0c46cfced06f47,false
e0e78c80962d734484af13726c488293096095f5,false
9537235c4adfa3f9347492c5cf73a3fca67e6b63,false
997b8a2464ba1a877d0732dc6448885570f144fa,false
34427e43b38c7c4576e7e1cf627519bf654ba869,false
c8d52394f3377f14f09a52f001c3057f7e19154d,false
48a11f4969349db849db347076a028b5719666a5,false
9d0bfc7a2ac6d8f8c072a253ae435e7d4401a685,false
c1841bd51cf81db2227336520efafb43f5de54c3,false
38bd0c9716e5c29000c62c6c5ac609d26bf1dcc8,false
752fbfe19517aba18c26e306aa6b2ea7cb67363d,false
2641269d3abc251cedd8c935f72201decf95ff0a,false
cf4fd316f6787ace168a052972279ff92c08d6b5,false
25ac2a484335241355c423fd95a90736d95e0e18,false
8310835293c53fb79ffe4249d8a17b07e04f37aa,false
9b027a84dc95593025d01c183b5ae2f0a67eb2b6,false
554d1d470c2322d4a675ac6cf380e53afe3dd6cd,false
538107817e51bb359fa886d3764ee5b21cd4bb7f,false
7fdad0d13432b014c764ba2725ad278ed0437b76,false
c87f68bf51472042752e4ccaf43c1fb6c137d58a,false
33977a4c0c06f6d06e791028df63b90cc4506a92,false
31d777b9b5978448f4e784c70ec84c93df6ebba0,false
17f446c71766e298d45f74ff7ad6dcb3b95cb073,false
693d19d82a0e90b88598991f7792b63af46d879e,false
ad3d2b513094cc09ce2d6bdc026df663ffb1be69,false
17b3a2aafdc014017eec721226171411fd1724a4,false
9261c7e8c3c7e17d6df9ba2079046b2db7a4901d,false
2bc7dfe0fb715bf10c52560f46c6914dc990a9c4,false
7563b2c0bbfa87f475043adc0caf243feea0ee6b,false
0a696880e6224bff31d2196609c9c8ade6782b0f,false
abf0452e155bed7f81d785eeb8e1fd8b8a98a146,false
2467f25910e83857c7270ed25908b9bdf76ad589,false
f114936295c82bf7174383ce92b7207d30a24287,false
e5c82f909b06a3d4534d661908abcc8fa0dd5b0c,false
e93e83d4538124eccde9ee67e443014364574431,false
4c9bbc18f9801c8be499caf77aebf4810e001760,false
0b8a3d41b37f6b76755da7f6537fcc3a187bce14,true
8839d5a38bf231ff89a95166f2d9081260e63730,false
0011304e39d3edeb9a7ba0a64b5dab875a7a6bbc,false
a12a8768d3927dd02b2cef1b1785cff2a26e7213,true
451a6bf8974a03604343b2d4401eb502e18651f1,true
7964a20641db4f0735f886e8388a31e0ce859736,true
88c4aac1891555b30ec666c22dae48b7412eb028,true
10fd4611b3095d2c3dc3032caeb92de2d68c420f,true
df474eab800717311436f85c3278a342ae6bd701,true
99ca166d337fafae0f98fbb7b254b05419bb2d23,false
d344f48f108a0de25ed4466f0cb34ac698cb6062,false
eba251a876d0901d6310b0a710160e97551f97b8,false
961f3b89c75f075ae32d761cb89360e278d64834,true
04c02208bae3d5ddefe0ea9e6016ef288f6c525d,false
0d201cc90d536c1e5ed99d4054e16faba52c378d,false
5c69deb099cf96a3c20723e9e65114fce730288e,false
ed753ffbfe178cfe9a1626999573c63644bef298,false
c41ca49bb282048c620568ec621f4a78c4523d83,false
8d4112cb794b07b43803ebec433befb5701297ea,false
6bd7b5db5e7d69e06cb0361c2e2fe13b75dc5d3b,false
3dfc42b45efb213d80fa86b37c6958cf07fa5bb3,false
24a6963ae2308d800ca212a73a9dc53048a4cd89,false
b770ac677e30269906d97589e972d3524df35a82,false
af01d9b7d19283f11efaf8ba3347772bda7c9a47,false
dbbaa448b56c140b507f8e25478320dd81817520,false
b782a0af80cb083632fb0bc8ed23de5b303353e9,false
f9d22a2951cf1e3ec1fab07e99c701b2a85496ca,false
5b265c0a75f7ca8784bd90e52548271de9527a2a,false
6c90b1d201fb797944404dd7560dd31f26948a0c,false
667de1d04c05fb43a0c41a44511c394b787c2a57,false
7abbcdd9c02c6ab1ac74d73641162f736a99fc6c,true
f22a2c4ca6e9e3637bbcd157e8c388be968dd9e8,true
c780e2310b97816cb00f1dcdeb8b68dc408e1550,false
e36388e71eadd7774271b90ced4b4d5e68bcc9d6,false
cf354fa4d4e6f0fb53fb3b645dab1d63a2b7d779,false
66266413f4c67aaafb105eb28f8f7e9acdb89cb5,false
04e7a4156f9c10f2f2661f68d3548b0a42291376,false
dcfdfb69afd25a7e486d808aabbe9d6a02cd4be0,false
e71d9fcbc03d2d04319e4273f3aa030cef470939,false
c46491a61d954566630d8d3e7dd7dd569bcdbb7c,false
62d3bcb5e225df15a6f4e4f344f6ec7773dd0973,false
6216b0e2ce6ed3d318dad90f2cadc5b4c52dbd6a,false
d559e89610c566cdcfd7f10ececcd1ce3b5b3157,false
12f111decf174b63c98cf1f8235aca2b15369856,false
d3ca1c32a1d697c74356bf684227053bbb784d5f,false
47292c39f9e86c715160c4d76145316a8130f8f0,false
ac831931af44a4b265e8495d344797252def67c9,false
4304475ccd5c5bd05b428a82178f93000e522ab9,false
5a47dc49e7dc3512f33fa79d5d39f2158441317a,false
7e934dbd8d7398ea75865aabc13efda4e82aa29b,false
8f0b9e1329f950780ff9c15f8c3d325f457c10bf,false
1458c7ebb5fac5e536661048ab1e355ec6516348,false
f4baf7312868d756d2b5d17d3f8df0f8b0e905e4,false
c28dbbe6f0e46898fd1f1a1b56722a87f5710b9c,false
9daedfb6a872761843592358f275f9410a84ac2e,false
f424341337ab74062987c87b11158efbddaa4cdc,false
acedbce5140f9cb4da3d8a8192ca99cb58fc7256,false
d4b210120862881f860278f85d867326d5c9dcbf,false
6773a7e916b73eb3dab140d49400b3e3f383ed1a,false
54ad7db78d8bb98979cef49debbeb93b432e6ad5,false
f79643e65631a5739111b3978842894c536437b2,false
4e94e5357f9d4e86b733674893c65434bc559756,false
6528d40681b0b20cd5012c3900c88d42e620978e,false
c83d4b9136bbd13633907e2485e0dedd34623f1a,false
f39b69dd5ee8e9d931745ebacd0cd6dc768f288b,false
aeca2d5262766386cf4ad2779146d450477842b9,false
7c152c56ae3ca962458cf6008e0c30736060ecf9,false
72267938107a06c43f5db0f8180e1b31f75a5cd1,true
d66732d4e8db78446c87a14380a3a0575f488fa1,false
88242e026237e1f0bcfba94138f90ac8fb0610f5,true
6f481c606f3521a9057d9784abf47a6b6ca47d8c,true
3309adf3e3607918efa74f2581c3da79713a1e3e,false
3a5ceacf636a3818415ecefc4d521f129b1101c5,false
b7980e639cf4613daeb2464479a5d8176db06456,false
3fe27031864f5507ac8c3a7ba258437b7f8ccc21,false
058196595eeedd04e6c9171f022eb945487650bd,false
25b4559ed2b04832d8d0d010fcdfea1a43e37d15,false
c0cbdc2d8857bfd2f38285460ce0e9de9d38a8d1,false
7a2cb27217e6cd4e89583a6ab13030865d3de2e3,false
c24c89ffa15919383690664fd08132b97c1e45f3,false
b1099a8e167c90b3a7a9079387dc6b99192b5db1,false
60772c4493af61d150211847f21b9fbee8614d4c,false
f25fc514a8b1b0306c0bc4ad06a73fcd90f6bc87,false
10a7bf33a070fa8a1a218e46e15de1b7da200ed1,false
aca1888628252cf5e1030787f64e46640a674569,false
df0e4cdca908db778ce26ce2ee69ef4831ced431,true
813ebc5a458a6714c56e771df3d96869a17ac2cf,true
4e91e872ef44a5e7125287a5a43d7d391fd87cd5,false
7c4c48a4c073a5d089ad4acb3166f18922a1a0b0,true
d8540a5ab215bf2d55d9be82fb15de494085d8f9,false
b0257c4655cb6d106237efe2531ffc904df6ef6b,false
ca20be258d4058b266875fdcb12be0f69bed658b,false
ebdad541bf11de55024f8094e54c5165730547ec,false
80b887fb337954c3a087ab1d7a19c486c1ad3548,false
5f0b1a47dec129b406932161933a8e7be3d10f3a,false
9bab8dc6bf7999474fd5d4a9669d70cf8fbbf2d0,true
df3aa1bc10790beb6380dc7db4827b79accab313,false
0bbcb347cb62c41559488db774607feb58730bfc,true
b792c8895ab49a3becc0581b1e5921d2c08e686e,false
738383d75ec68c79020331a2e993eef2b19bf6a8,false
e3f10d4fbe803d51a87ffbeba2a036ffd08876ae,false
f089fb6f4e1a6d0516cd065f8f0c6ee78df5a1dd,false
782656f19d97c5e3a64dbd398052bb5f82406acf,false
39a12d4ac9a69f285570054c70e90ca833fca02c,false
a25dfabdcbba23fb340f0c1155d9b328adc1fd07,false
8460a6ac5f2fd646f97beb823b8013ae78d82a3b,false
b4d609ba4d0a1ea7d400c3ae6b4671957c977fe1,false
9744339e81e06b10abad23b0932c571e7b320fc9,false
4cd779ddacc47e8a1e239d366e7c0015ae564a2a,false
7935c776a64dba784350090cf425b6b444d9a45b,false
12df2739bc3eeb4d8aef660af25f43713ea48d95,false
d9edb738fe60fdf754ea69e5d0e7135161af1010,false
25de57a39d0d3b68d964f3ffdeec849031d6c0c5,false
4caf9fb68be4733eb9033286440b4488acf88026,false
9c84a0745ea4e181c489796e9df30b6a6379814d,false
f7dbb35280ad8f9d323f736b4d4d495d24cbfdf8,false
132d8e611e0c525a41867045f3a50a534449c99d,false
b8989c240352ff83fb69966a443e44e835e993e8,false
b164a6bacfd68fdcbab167d8cc5db546c3290258,false
a601e0c0b04021e059c40890e7de2ce7a722baa8,false
8e5c1866c0ff473d00d533dd7dc05f0d31a4a3ba,true
c7ea8324a87d231c4a51d176b2a719b2ec4a1a6a,false
b333a956628fe22a1376a4533cf7e0655abd2c82,false
ddfb6445195ea320f3969da7bc7eb8cffd8e40ab,false
535a70d33adb76459b56dded3aebe2a890362766,false
7234ab62267400d00e391ca88551195e370ba447,false
4f864ce659e3e1c1c3cee83e46ea32777a9a24f8,false
cd4d75a2f2394a7e79b3d52be8a9aa105e719516,false
8c8e0538744bb627ee4e48405d42f375d376bda8,true
67bb9640f92505705bc60a9ea6951b04251930d2,false
8e290ec6e64714c189cabd4ece6f1a0cb7ef5ef6,false
a1c72b47733c5f8ea2c8c59b309c2f6987d8051b,false
4fb01e0780cf9c8cf5cb05f5d35ec628aec9777e,false
ec3608645111d434befdf86eb6f0e6bf7c89b0ec,false
a14b9d97f4dcc39923f47ed6a624a40cb83794db,false
36f3f6b565483ce0a496bc43fdbc79e0b171bd7c,false
ca97a91367e0f8e44fa6cca320fa227a08c2a0c3,true
c4a5a1c1ca6a384032332d9640624b33e0067832,false
1f1cd3df0cbb0f48f7d384b145db1cdf7338bea5,false
06dfc6d9d4a2c685c57f018a1ce60ee979356c8d,false
7087c6fb2d15ab27f63c5c0b11b1665330521d5a,false
4f980a184505c98e538e8bb079d7513512d6f35e,false
cd54af3713a86491fd9f576747736515d854c3e8,true
c5910a0fccab3a7b1d5b39e44136307f6540e656,true
95ab52f036a5cfe552ce620fa10627ccac62a4be,true
e3c154a59b5c67ae38a6d089208b0a10d6bfb887,false
63ba99dfa43739e480f005c12b71ef5c761b3042,false
ec5514147b310339fb139d8ff45f87ca5efe74bd,false
6c09edb2497d57e91786762612796a5736f0d191,false
fe2d711de34f45dc896261bb9dc668911857ffd5,false
9341d36ea7161a053ea15d1f7dbae828afdb7534,false
f10f13a10131b6483bf53aed73559cb9ba4aa016,false
9534946128a5439e1b5b54318ca98fa5f1dfb3c2,false
e25a741eb74bfb84a58e7f0af0e00bf0a362786c,false
72bd5d20a414169c28271807354db03bbb7c1b72,false
1df9030fec45c45fab98e563e7ab64b1fc0b9fff,false
5d7cd07784a6715aebc0120dc50f7e804db939df,false
07d47ee18fc3f830ea10dfad314194a4bdf02118,false
1a79a47efebf533ec7159fdedf14436fdf9fe3f5,false
1efe97b514ee813d3367e06ffad8669a34806f82,false
37e66e0256d1a9cd109c563177b4278725b199f9,false
ae71efd6dc9dd554b00cc401351f4b5bf26b1f39,false
e352c7936b0ccb21843bb89be05efb9caf1027e4,false
5e2df797f01771d59695e22c2c0445ac8e9c2e70,false
f5f42d5c2f0f95298501957be4b3ed612fcb276e,false
dbe377431fe303c7e35b2461cecc1cf5bfc8c1a2,false
122ada5cd0eefc6610efef30ed3dfd1e7f4ebbf1,false
cf75076b21718722f002c9e7da9e01079ee72739,false
ddc9c0be05cc816ea1530a97419e879ce6af0e62,true
16451fbcbdaaa7f9d87918c84d248e2cc0556fc8,false
7bca4b9caef7cb772133be4694e484230c6a16f0,false
50dd35cda507e80200c8fc29f1a0500713e4689b,false
c65f85748eb5785371b9231a2abe5d071f9dd73d,false
d0a7e62bb82eeb38235c1cd8d6b37d4aebeeda15,false
fdb3a921a85f1a211eeaf95438de2e0a19edfa38,false
34a6eb4418fd1bb77d7d1805dc708b8d1e8633c7,false
5222321d722517684f39469f6697386f65797f9f,false
4bd8ce4920772f8da3b5a0ee60da66d1a55856b0,false
5f8b7dfc12c07f7f8252d020949ee3f5707d9cc0,false
2092bd61d5e6f81f638f2e960cdb6edb33394189,true
4bc02d9459f4396226b603b5311267105fd30383,false
db4d808f5ff5be0689d2749baaa187c45adebe1c,false
71a99f4e9a94bf714bb038c995717e39ed234c1e,false
c179522a048dd9330e35d519ea307259b9df25e6,true
5de948ebf27c6895ec8df462ffa8430d8f7a9456,true
a07ce0347035ee57870c4915ab9823f0cc44e4d3,false
93e0ce30e306774da1284a2d2894d33325f69ddc,false
8a5c93624060cc070406767e88ef636f106e1b43,true
20962f2eee785626c3b924d6690f96884f0298bc,false
bc708973a9a17fbb0432856bca1d30b07a2584a2,false
6654d69bcb2e077aba2be749b086737b0a4610c5,false
10925d04abab4968c2765ae3e00dbd5c88bc0042,true
9281be8b8018f129ad8d427ad4c0e3df98b61cf5,false
3b196a70a72e261f9f7ac769a92a8e200d6f7238,false
83b7e566d1a687352770ae1ca580c7f069e85ec7,false
5e9cdffb2305d4325aeaef07a470d55452ced8a2,false
f26f60d86d852a0144c07e47bcc4a369891d5187,false
dc959e132c6ff1f9e35f3283ba246b2143b5cb8e,false
a53d18f7be66cffec3271c5363c9c0008516a82b,false
2342a2efbf31942aa5d1d9b88a358d109370fc70,false
9894e77aec9c2a020db5df12986febe401bbc9c9,true
0d5bba614c8853df70f1c1111f56832035374d07,false
d0f465358ba94bc5bf98c985b13b1bd6c0af4e11,false
94950e729ca0914129062eb48a97ef83d96ce9c2,false
204a5a51a70f287507533beaec4a22c0b120a65f,false
c9dd0fc86d0377dde720ad1294b5e6d00b5c0d30,false
752dfd5219fb817172c5e561e14458bacbbf3bb6,false
0ca00716d62bb11f81114c66f0448bf524d7b1d2,false
bb862c88ea29089426ac8d3f7abbefa518b9ce18,false
40261f930ee88c674d51202117daf54e18773755,true
74325c499c6cbcda31b1ce134d0f6ea93265bd98,false
dfc44a7a7b41836d76b94a47f2b85eb7c5f1a07d,false
335e8a452e18269ed5fe3afc7d14140036323488,false
82817fa8943e351ef7cf992e9ceb82ac8c44a7c9,false
39cc23fb707adb0ff0d3b46a13ee6e4581a9179e,false
afd4c2a5289e59d69e618bb24df21303097cadea,false
ddb5b034b31f0c1e9096f47ec354dbe686ea5496,false
74e5f0d9245f06eac3b918cf0aadc37a4a16ea65,false
ab98d4cf6b68fc53b104afbcde5e9cb0f520e2be,false
ee1160a134e519386ad6e7ded1855512e8670ecd,false
b0a5b0d645d8f50a5c2c82567fe342051f5c9aa4,false
eddd79ba1c56d5d5bb39f0e62b767af4243d7a28,false
ef01a18fac328830d0d680515e0ea9a27f942148,false
b03d8c2108c66b7a951d07f93ab43c57b14c9165,false
b9f59e60adcb693362e6ff091899607715a7db01,false
488dde6dcd51f60a6a87922df647ac1da6ee26b3,false
7a8cbcaef3561a4d775c3785ec308399f7dc0ae1,false
5d7cfb2e19bbe6009da9b9cd91d69d3053039178,false
c0e99a8cef24eb0218cb8f0b6cfcb7fb8669b305,false
fc34605f864d2f51246626cf5fad19e3d104bed2,false
c79dc2170a3259f46dc1e94bbc234e458bd5c3e3,true
0e97909e2e243fbbe3cda5b48353dcb8b0a113ab,false
70edb82f646150d75b3156ad6497b8cee6e998b2,false
310c4aef0fc38ea92983d58f510e6943f52337bc,false
3dffa058c5d7bb68b84e54fa9fa617a11bb843da,false
1e5ecc647dcb28b4098cc97d5cb99abf92208bee,false
55bc4415638539f592ac2dbdeec12dc442cdb77d,false
9fe7445d923b9a70d3facf67673f3a421cbe46a2,false
cb2fdaea7ec37e7afea5bb437a866cff61d4cf0d,false
b9964557fd49b7ac628d8d55342410a8194484be,true
8da650a07534216d2e1398b4265519fc8cf5d273,false
dff0a95ecb924a9d1d640fd8583f95d45d42ce13,false
81c596d802562582aa675ba20db12632b0474d57,false
4f91036522b274e58db477f1bf5ce767204b8db9,false
2530f674ff9462191efa1cdea516f27d3ae36807,false
829a9f71df99523333ef5a048bf970b585dfe795,false
fe1c1660e0b294841931741c72755224a99eccad,false
b1d24ccd0e058a90ca2a6cc2ae508a375bc5c750,false
3ba87728d5a1c9b6e6360e4462424a1a31c9f53f,false
ecc6a45811adb5522f4efcb2f3f018f2f6a2e833,false
c73fd724ae16d0747541e7e08c8ed09b3e4b5b42,false
56564c3d701c6923df9c1bb92f34af511d7ca0cb,false
533f9aaff43f933d5a3cdcd7105e21c719109e29,false
9781d4af18941cb99c4919a2a82d77769a9422c9,false
a80d902f9934d573635a431454c228d3555c9564,false
2e3468c48169610c60ba6706199acaae09e672d8,false
fd6e5033a4a99004c848aff4ea17103521c01911,false
e4b6fe63f94e67d76a153c9ae83d818112c84031,false
1a58c7a9c98ca09cce6c04eb0d227ab488b2f4e3,false
35e1380ad7449fe6fdd1c4d808b0067ea39782aa,true
fea699938d48d00fbb2644e363829b1667dba013,false
5424b89d5d2cec78dd978859ba39062006679ece,false
2a854fe4adbb2b43d4ca0b9ceaccc83a284f9743,false
256bd3902eb93957541bba95316fdf743f37b2b3,false
c159ac978ffc4f9edf4b08e3587e5d200ca5e674,true
286a6064ef9b2f66ef1f59c7e85e8e46911002c2,false
3d89988c417698c3a630e6409f2f0467eebd351c,false
3825ddcf09457aa5b74f5c73cb565c14678f1bf2,false
a8d721b38c037e2ffbc137a2e24aef4d02fab58b,false
641d35ac94bd72b0fbc02b00962ed6d308edef72,false
8b6981c6f90713958ac24d453a7d5ff652e8e1f4,false
d3ede7e2a25a907a910141c992bb3a9ca701764e,false
7eb38c9a5313873a342effa584c541584016fc57,false
2819c8c7d72b79a630e3897b06b220506cee84b9,false
e7fd2535dd18d10fb55bdf70a3a6f53e172ff948,false
1a135b9302d3c5f9506388e27fd8e4325b591aca,false
dc765b2cfa9f2bf670cdeba37e87451f81065ac9,false
5764bd8f77cafd13e12553b35929baa49fefd553,false
2ed32e64031d8aa2e3414bfa5fec6f832d24b4b7,false
336dff765f208f3503e91f9f44a1659219650632,false
42c119d73e50002025a8eb26e78a0343ac549e5d,false
27cc612f0dcfb2cca88c386248dd379427fdd632,true
4d15fffc9034140af02cae631aeaf984feb9582b,false
2e5ca2a4b2e0fab766375c984c65b214cf459bc9,false
8fc57c070db28aaba01c7145e9b0fb263c396bf4,false
6fb2f5e9f7c6e63cee86238b4bd9342b5c227ba4,false
a660af608fe4e13a19345124acc38b4a974ba592,false
0544d5950c1f52053e8de34e7b56b82e0f96ae33,false
f190ae456e66b7203efba96d79f82908b816f899,false
c1d2a90c295f702bdf397c369c266f5936dee1ef,false
28cf57ded8cd1bd5cd02c2a41d55c333e9b26506,true
aaa9986d0df8bc6f772b1d4b5686b3e05bc07f74,false
885e9d2d2e4086085f3583ec0e7631f9686f4271,false
3d3d1e714f121c3fc1209aa609c233cc59ad48df,false
12e5d41b71d85361e1a8f7a4b6cc807220352869,false
1b38c5f9e1ae69f80bfae3998d43db6fefe7be37,false
530eb154b44879cf59a92876c6af7277fba703b2,true
4cfe7e3537784fcfb315194dbba5121928715366,false
14dd6406260e4c0030d33a211ba9da4ceaa07090,false
571f6ab48bdab3ec7acfce2f17404670e27b7066,false
486f7a7eba514f8b3f27f28aa606b63f4536a816,false
d2ef7d9f6bd174961e09afe631e510ee7faf9dd6,false
008b5e6f71d5a8fe277b0dd28dd66ca126686f76,false
5c2aabf525927f2859a609ff3672b4ecbde066c4,false
e9956113265446533eb5f064cdc5b197dcd70219,true
964f20902d0aa2913e1c5e5402184778d98cd7c4,false
1923355eff51d8a858c28a2da7c2b67d1612170e,false
5ece54d98e15f01823cb0048cbeb05329f760410,false
5c33d7dd3d13f1e31ee44364b749780d6afe70d8,true
ed21c805393ec3b2358b242cf36792405b8beceb,false
02c4e20c70369fa54e6750fec2ad8b33373b9c25,false
03b42a1e678d03ffd1315c3f7279a1d6efbc9b78,false
df5fbd9df4d2e4efb1809f7334f2fac072ec9021,false
d4b7f00bdaf0b416e8e539087803b7b4b0db316a,false
28138ee592784fab08021425655a05caa134a609,true
57a22326f4014176263f555d4b483829a0194288,false
8e0e83083eb91157c302d859009c331ba86f3b89,true
e8241aaa747ee3dca0ba3c8f52fd96cb7ab1419a,true
92d5c6a20c203b3ce03109ab4827ca09011b6eab,false
815d9bda60baf1835aef6ac3c28ede91b9a8ab5b,false
e978157a919323fe99f9cc55178c8fe4691774a3,false
9b43960dce48e79d10235e9af0098143b1f53d19,false
59695be77638f568629bd39dc1200c2cef6992f9,false
74a4076b8ba2a3fae8b407c90a7296437fc60073,false
e20dbd75aa62cf2f8056f0e12bdc6c51994a68a8,false
128ba85e2e85cc61322d4b58c43fa66abae8c41e,false
c6be1d2b694f17a6795358747a3cc22a2d77e7db,true
2fd39486d06d03ca1484f1fafd35a7ee4e630064,false
110f2e36787bfcc9086c67fb5dfb0d522154982e,true
36757c603a8570fcba635f7287259d71f678cdf6,false
be1d5c54b7442cdaddddb4926440f3111c67edbf,false
c20efff859fcdff0443e57e3ca143dd66b665911,false
df487c21a1a31a0b71978d882bd98bdde7f67fef,false
314a80d71737fe852ae1c5534f002405d65bddbd,false
08e4ad46d5dc992c63b60543447c6b0705e60926,false
58c77217213f83f70a6b99d106afd8155aef5e16,false
e61ac6a8922e54c5b9e865b1deaa91fe93cecb84,false
c6f3fa4edd186729dfdd542a3278782c33061742,true
cbfd90771c0e5ad164b04a7f9ff51f464403a731,false
4a0aaf9b26e17a9c8d2cb455791b76eeaac14302,false
ea3a796c60dcfa41305e78a90cb6b201999dd163,false
64882cabe3c2993b9b5d3abd8672fda79d7232fa,false
e3d9ed4d72112cb9cf49f2833f1a61018f42a076,false
9c8925b7bebf9866f6f9c9aa592db176e0d8b0cc,false
973c6f082748de8037028ca4db8d5365092814a7,false
1ac75b76d905e4e883f2899b297232b3f148a0e4,false
0cc2c4c2e5ce75510fea1dfdedb7e6a730d8f34d,true
88d3d1277635278932d4afeee5a1bcadd3a7cc95,false
8dae889d22b7399bd779c61a727f717ec7edaa3e,false
711912e017b5b55b844e9dfc89552c9a436d53ad,false
85b6b71260e7c3002abb2183863ca3a808e9d3d4,false
5959e82d5aa5629ae898d260ee9c54045b73c69d,false
130d938a3688bef040360f297472b49aabd3c274,true
85bf9380d4bd0ca3a2d166446063801fbed6f2a7,false
bb531358808c67aa7abef8f7133230380e641e8c,false
b923aa1a57f4089056964c27c2f6d189087f3657,false
49033e0e626ad1ad95f7f2858e0babf1a4604b09,false
d168b3c1f204d1ca0f2600f25f4735a76dc33123,false
a5f43696f2862774841656a258ae487252efbeb7,true
0a884303ca83118d168ccd8f4646fa36123a25a8,false
0845d457212e3b29c1a62ac894f0f6e930dbfcbf,false
913fad04d25ae08885c9988ded87c69256bcdfc8,false
f62dae0650584797ae9de2c859d8a2fa306436b7,false
b20b119afbe29e23e01923db17a42b89f8786eb6,true
2889d78d9880fb71b68e7485cbb69e02cdd078c8,false
52ca21009bc990fcd1bf59c822a21cf58e4fcbc6,false
70ee9b6f5b61a55ed33732b7446e40be30a33a64,false
186ca896c4cf447395b3c76ccf181287ef8ea13c,false
a50ac2482e65bba2642849bad4bc65ca74c2832d,false
e437bbcb55ac9cf5de45e10bacd488f7ffa3eb3b,false
ad77f098be19b59fefa7e05ab8cb1b6130e07bc6,false
a70d17203740b7820ff1acc9bb998c589fa42324,false
ae67738dac479b4980cb4ab262beb8ea46bd8de9,false
e3f8de7a5bca112d373a5f40bbb14f0a49ced9f9,false
d86764e20e4635a933abd376e49e59670bc99db8,false
808dad05308ce935e3f6c3198884722a89d59939,false
eb3dee622b826ac5f1c83cacaefd5b4cd565e5b3,false
f5269e94d76f970cd2dad1c03164041b068b9c93,false
c9c459c385330bcad2161306dcde65605e75fbff,false
cac75a8d9de446ac50b3cde0c22a4cb30c1c2f1a,false
c33523ad1a25e822d30138bcade534133ae9eda5,false
6eeeece473e82cb1c02731a265e59c83108b563b,false
1127cdbaffd444c748d6fc076703098ab59b0afc,false
619f03d688bd54d52c5b39684bca279a7f7adc9e,false
7735e8ded1acb373a60d511aff990a18808ef3b2,false
f488a5c85b6a96d54c16459863d88bf344f233a4,false
26b31444f14ccbd852795064b790c648da64c492,false
c422eaaca545706d198f6a08f931c48eb8a57144,false
4f0cc343ab73f4cc32769c0cf403785ea5a840fb,false
d4a869a8017fb5e2bffa7d111e0e507c7ca18377,false
d6850aeba9e391cedb82dd804645085df6fd8e1a,false
7449dd621e7610bcdcbc1f1e9969741aa919a492,false
882d506a95e625a973f27c9141cf4ad1bad9d5bd,false
b58d5dfcac6cb272227aeb0ac0f2dbb6bc09a12f,false
c393e4d37bce35225f349cfc0a56a19c718febd7,false
a2d95d24f3237386f9d606ce2ca6cd4d93e11e7a,false
13bfec3b5701841318f04310980ff22532b5725b,false
78c4fe8ee78aead50a9d862ac2e1a446fba4eb5a,false
c843ab0930f8bd880abbddfaf81fa87954f4bacf,false
a0f0bd76fe198bf26e636b0ff2536842cd547c3d,false
7f25c70ca9e0406ea1579324dedcc6aa3d836280,false
0c242e2a99b31fa13f0eb061fe1e72bbef19e38e,false
b49f04c96c4df4ddea58e62ec5222b23c1a86fbb,false
1a87cef42ba30ec03400385d822557fac4c0e97d,false
d77d9b0fa9315554e06ea74fe9795090871d7934,true
832e9e5f4e34c1dda1bf76281c7a13f66679ccf1,false
55b26eb354059b742e888772c93744a5fa243ab6,false
8cbe15a7c1f5ea4698dfc2ceeb0cb3e4f7ffb136,false
9d92617b463f58574d21fe2b7d6b924a9e35775d,false
2c4d7cb25cdd52f19f95e636887cdb67696c33f7,false
6419d33e5922a4365d5be696eb2c20617201497d,false
9e16767ebe0df33e3acbb11bb22e87fdfbad66ee,false
3d3f1890e3566161e7bc86ab33ec3998d0600997,false
0028cfc5373238e1169897bb6d369213f5165b9a,false
84715b9497dd483f5f25f0816d546bb580f5020d,false
ee15e5d2d250091c5ea04968d0d89e06e01bada0,false
8e9b55622ec9704b1a0a051b7c5306689a4d9d41,false
d12fae11b34ab46eca38c684145b8f49bf9ba5f3,false
052eaeeede3241dbc932aaf72537fa234c6f2f80,false
d335e2d7e6d805d09347a1cbeb182c676ecf9308,false
a1ea67825a11b58466abe7edde36ae72f863c17f,false
6438ac89a295a49bf87b1dc1cc645c65b0e1eac5,false
30c5eba26cb27fa7b93bea7eafeea1bd5d79b1e0,false
d340134137afb92e9266e003eb7c8818e481dc08,false
1973821561bc1ce9d20100b532696bb6e145a511,false
bf87d4bce1a5e00934023c516d80503e52c60604,false
ed7570600ec83efa308e738169b622d1d0cad6c1,false
6ded658e4866c7b4abb4d71f2fa64f2a50761e46,false
0fdf84203c98d9d45c6ffa673206b73923ed3131,false
1e65c1806f7208aa3feeef60b01f97c1575c1eb5,false
1540e9359f3fcd3e500133edc1e0f9db8c5dff7d,false
3de61f23b8e48e82f8b069c8e920b7687f4c9fdc,false
9923b82dd828b1f0820f2a7ff32a1bda691972d6,false
23f794a9b48b75cb15eafeb0bc594db1a1c1a994,false
9d78965b704fc8eea2e20ce7d671fd31fe8646a1,false
89db7e04af2f9f3de2177db413de70210e30451a,false
b1855967444563ecf8c22551154d60254ed4dfa5,false
e57ef654607dfa8c24d0984a9c6125e6d948caaa,false
dfa21d8467b37f9923ea6083efa66342a246310a,false
a87665641ffd88145f082e99881d7b9ccc94c0b8,false
e628b091093c8517e521ef82c846ea70aae30565,false
5e558d690eadb9d5a59d4328e26b695afef20b66,false
966ca7cbe3c0749b7a53f2518ccde867b2955a0d,false
b1bc9fdca79540960c103de6f0804f0eb100f290,false
25fc23baf8934842bfd550e5c912a91849580509,false
25b8085a5a64fb54c03c5307dbb8b54a65be95ed,false
acce7618b1ac989f1492c80ed68d9507b77533c0,false
619e455cbc4d0a00346d46eacc507aca9f6d67c8,false
a73c13d9d5ccb2feadb5acfd105dd84f15e3c7a1,false
99329271b85622945f0c154c94acad66590ec498,false
fa2a9b50bf463ca272881cd1feba317e6679927d,false
43e2099b59078663d5780899dc265778e8644c27,false
5077e1ea6c6445187d2a2964ae89beb088f0e55f,false
e52d5b09b8ee97d421229deda4e07e6c79394295,false
551383f8b05c9fd2f975dca97074823a366dd784,false
51f2b3ed8ef81486dd513d9ffe48f203aa9c1f86,false
fa6997e28f0bb071c504451429fad2d23f55216f,false
43386097a889a37bae7d1d9105a14382b1405a1b,false
914f409ad61f635bc3d66ac898146f627ad3615c,false
72e15cfebcfe8ae07a5231d11a13fea2a5510d9b,false
94606bf1e88b25e1cc52fa4f9f8165a9d01acb07,false
39efad0472ca647bff9e02e7638cb12fc0b6cb54,false
5e47f47d39aee4ba7b9a7a353dd13539b8691f2c,false
be70385cf6d79aa48511474d9b6b0ce323230988,false
bb3efa0305bad73be8670d807167a38e480618a3,false
bfb630024460cafc39a707f1075595c5c56f6c9e,false
2804c9b1b496ac89a6a16b0885efd45f87ad9451,false
1d43f0fb00996e0e2e22891776e4cc47cdc8863d,false
79566973936fc11f944962e83c05801990ffcdcd,true
3ebfc662a5991647a92e6f59ab430f9f23b813be,false
0f4c1ee531bc80575dd7131ae1ea7d6d1bb3e1fa,false
986f606e67a03365f5afb7e82b4f03839babfa7d,false
e17d151c8493c5db51b7fe61f8e757163a4afb21,false
dfca8183e61c3c700d4d92fc1984f5683105ed0e,false
70c22f2a2aa7622f05c7d2ab3c76bdc374962e3d,false
fd568c35654dba474a2ec6571e889dd527d53184,false
8cc270624fd6fdb00f7e055bbae249d6368272a6,false
41fb0ff0823ac4bf46cce57e03c22d472881be4f,false
18e515a6f28935b6107f6c09ffc42e5368d9e25c,false
eafc81139e9e00a7ec5038020f2e56ce6c08a056,false
c6a7f40279b6937e7d77126301f5198faf31f792,false
471b92a7bb9551b84e04e1e273f3517eca32d597,false
166f774dfa51a909532a533136d2154bd18aa266,false
a6de39a4915ca2aa92c7bb762dc8350d8ed9b04a,false
167869bc31873a64dfb3540e08d2e1c492bf8e47,false
a07efd4c10e5afd87a7e0e148eb9fec897b5a18c,false
dc29495f5d8f622231530ec6066eb9d0ed712354,false
fe1c859491028cbacc253c316e3e8ac843e9a684,false
13b1c20be42fb40f3ad050accde2496bc423607e,false
0c2933a97181f07ed4857e64653e392081d3526f,false
623339b00cc83dfbe70c4fa85fd737509ee65dfa,false
a1fc503115fe608abeae47cbea195c1675bf5924,false
4c6adadb64696203377915af7f71f0afe78e8595,false
0c67ecf84399eea595ee18a2f2e92c56d2c7548d,false
955ec2985805e0e6097bd9c00ea32e64c163336b,false
86da281dea28f4741cf92ecb7add50bfad3da8ff,false
cb7d0c852de9a1fe262292cec174525a8715c68b,false
adf4109659005d0146e7df6ee9cc991c57dc0c8d,false
6e5fbd279116e8fc3ac82620140a61bd0ee5e09d,false
4d09a2386647187f7cba1a16eb4812efea0cda09,false
6d8280e68d25434662bb43b51e7dcbf1c8b9f861,false
0d62e471e4f27b93a530dd44778629ce768275a8,false
806d20abbf899a86b8862ce953ae0f1778b943c1,false
2a25f8df6539259f3e88eb6f1093395b1b96aabc,false
2893502794a1d9df74bf96f50a60769425fcb777,true
b820b3daa9e2e61b183471bfe55f03dccaea4481,true
099c0d9b0e71678aa48c22ee99d400f21a24d403,false
1e06533cde946c1d4cf5da59ec41e210448c2815,false
b083482098662b69ee714e4adfac0188ba5ba8be,false
c59e80f2b1d044598339e85b1207e037a485aa93,false
f4f95064c639b171d0166816f1139a6df0fa40f7,false
91cba0db6e48b36e231ebe1de80374c34792d825,false
20eafc07310bef145b189b3614bf8401ec9829e1,false
a0cc25f3f14142d2a160dae2e1f9398e5cac9290,false
bfea3fedbc30cb6e6a63b25f3109527cec07b1dd,false
ef3a97cc94a3c00a49de1fbe4ed02b54a63ead5b,false
5c01a95d2e154f21e6656949dafd19ebf9aa949f,false
7f0f8ebfd6599950f7c4f425a9fcd9b5af1fb2a5,false
a06868f120a1b703cf893faf489644245651241c,false
484db225498f299da0bfd775fd8efa4483736aa8,false
6709e37e092d31237c438a445577a3b70112c0c3,false
5d6d73e4aef97a32e04b8a78e29a6ac3dcc801d8,false
1e1a46064eab982cf073828d286d14c3a42e7e7a,false
6ba7afe22fb904178d575bcca9307557178b01cf,false
548e93b924ea42a63dbb0ceb401cbc8c774bd344,false
0e3d9084ab5f84c8be4dcdf6ff9767f7a33cb579,false
18ca60eb845098ed11034ee719fe993e3cdecf68,false
6b274098ba925c986ed926204f351935ab7cf8db,false
5e513c1046fb265539c5dceb5c4b20c9c8135d43,false
e715a7fb9c8f50136bc2ab8615f5cb39aeaf5b53,false
3f64f3193b2702ee308513036987f0d951d57a14,false
f17fb358237a6e36f30f2be3ec225083e02c2871,true
27730a3b7395ec9e642bc0e59d5dbd9735d1f8f1,false
2a75aab59484027c2184f7d4aee0f3d7b5d9a341,false
fb93303ca5b97deb03eb0e91b5edfeb84627c2cc,false
f670109f01b94929d4b5efb9fe7694ab1d1b8a1d,false
f7e108bca8b3351863ba74fad8ba8d667934e5a9,false
df3f0d357caf10c7766d6f57e985b3b341645919,false
d24344653c7a7910c414c35a5a951b9de9edcabf,false
66720dcf6023343f79f1cb3d53099a3bc69b767c,false
ffa50525352effa1737c4eb300f756623dab0908,false
14700756bf3f3e7b5c44cdeb9437e770ec02ae3e,false
2434d50605c67c94f55650c1e36ae9cf7abcc7d0,false
bd8a62e89b4ed0ce85073b8da2053da1157b39f3,false
8a427a4c1ea5b88fe11a141377bdbf7fa5e82d78,false
14f08541080b037f43070b04ce0825a745f18c7d,false
c07808a555b99a1fa57426e3761d4429d07e0d54,false
7f16873267a739ad3478ac681fcbb499e41e7bcd,true
8471d258f799531ce7d3f5c4e761143f2bf691d5,false
9c1e5e6bc6a771356a09ec1cf37777381ebe1bf7,false
ff1cb54fb16b5ade7da6ffa313b97347067f3201,false
2b4c5837c8ccc8a946d2fb385d112e02bea30f56,false
0e1a58b72e4225d09b2b0c8e88fdd45b6fc42b0e,true
3254e1db35745c80b4069e542a1321701cf5af81,false
22244c12baa36e79ed4b034786b0be94b13151a2,false
1902d0584691fdce5a351afc5299824605401c9a,false
9cd9cbcd56e7efdbfc949cc3bb16df3a9773c5dc,false
99d68f1dc70feeca8bf3ccd7de915e6d937204ce,false
b9951712500e801d7e0fe3ee2347535928960cf1,false
80966ab116cc9f0175bce96bfe34f1fc766f382a,false
e252822ca8d099a7135711f8586b52cb347406a2,false
1c0d069b4b98d97ed0abb4004595a6db2349d013,false
5405f2ec30525bacd81bfcb69732625db1871fe4,false
f98cfb7ad053243f372ca7956f601d75014f2308,false
cf4e90791646acaffeb0152c90da6c849ae6666e,true
ddb52437d955bddfc9bd109279f1a16023ed58fd,false
b7a4cb9c66de21958c348478710cf7c8177f80ff,true
efa43ec8e9a67f990c2377ae279d8c470e7a9e91,false
397222b85bfff6ec0602967f8aaff8b9f6f8b5ca,false
0a460cede58a355086362ab6e94a883f4f6addea,false
bf43c4546b6c6e0103a841410157f632fc08458c,true
bc8ec3b6135e9b10cb2627a380c5c8e93a6396eb,true
d330b7c846d101ebbff62ab71b96d80ccc220db4,false
3f19e7d23414a5c7e86b83f35dd9f6181099e7a2,false
a72263f0815fbe0531d3ea8308f62472a0e57257,false
15b616857ced289890f3bcc38942a537fffa550c,false
1dc65324da7ddf6aab49ee915f317d4488e336e8,false
41540bf7296d6d8afa2cc458028d1e554f8e74ba,false
0fcc3970a97fc167d5de9876e92f4860a5a0090f,true
338177c446295ea692532cf4e79ffb31c28695e7,false
f867dfb1b5ab7504a027f6f456b1a3432a70c430,false
8a3a2100eaff8315f282fadfe05af3ebc1a9ad10,false
b60b17a48594c6886750677964085bb24ac340a0,false
1586a73f8dcc8384f265d7ca86e9283b41baf1ae,false
9d7bce4b79bd2e422dd5b29fe469ba2c6e46f253,false
83d73a37438059d4944edeb3325f554d026e72b2,false
32df4ec989f37ac8193b24d0f40651c325d77862,false
5b41d0ddc9dc7548726e84a3b9f8ee57b65051d5,false
cb60f9f620ab70fcf85816793e1cf5f2e372386c,false
58fff9bf0c4b319310b703f25211cb89ccd01485,false
bc2610b42b495ad7bc2a37a186fae9282681df4a,true
6674196c68b08d4fb5b3571c10bc852f64e2fef8,true
c4cfafae2e6e7c274fd33fba9a1ca9140cc5b929,false
38075a35db2d858f30bf36d691f6849d667f2d50,false
b717c247496a8462abf637f6f8216afd53c0d2c7,false
003284563f42263a587a4045b24fd2bb95fbf392,false
c33031535a39c9d0bf935fcf78ea573a113b89eb,false
8e5f8a803a021229946424f9138f5bd232c37256,false
4e9d45163abe347ac98f210467d691a67df237b2,false
205e9a782c9c99093695194bc7e6494e9b00e868,false
44c23487d19a7bf2bd52f5a3c9ae2e54b3e252be,false
867bf298a6cf0dddee9a7b64a4f3c9637cdf3a99,false
98a16ee2241029ce3df4d98eac30c680df2ecdbe,false
89816e73c30a1b073c10ae39c6832a4f4c255597,false
78356616b4659fd421f8d4c94baba41402ed80cf,false
967a939038526b9c54a1c30270ec886b3c1740ed,false
20fbb56d12d402d578c6c229afe90c51a4175446,false
fceb34f15b83379ab62edd0f8cf04883e3d1804e,false
5599a57a69732940410a02a13ba0328deb9d332b,false
e21f7a5b695174b9678b024b55fea4e71ed3abf9,false
8d48e1c66a70e795c4d41fb7d2289a1c7fcffed9,false
a39d4ee852606eb6b0b138a7a30aa643a98ccf6f,false
29716d39f4f0d45cecdc36311dfd493812be40e0,false
8e8f3c3aa98ef8f8cc78fad6f1cbcd64838462fd,false
854801d73baf799cf15ebab44cd40ea3753598cd,true
1334a9df224e1b658a58f1eced76eb1eb8f2ae35,false
89f760beb781caee8d08301b4fcadd978a74730d,false
69d7458085c5a94c915cdf4c0fff638e01c625ac,false
2199572a7c24c2aa9f62b25fcb37d00cc2c139df,false
f312f15faeb5150556a8a31ec8dcc866107d6406,false
aad7a9953f3fa0a824fe302e68c58faf97f5f838,false
d2a28b6980fab87ed6af33816c7b290d511f75c1,false
2e8205ebae52153f6ac3de60fe2622e3292e57ff,false
c7ebc82ea07cceee5102cccbf5637bfbbd0dfb25,false
2b0b14eea3f1fa8fb2882f6374ac23e1ff255c6f,false
1c1473d4ba8bbdd0412b219fff0b102c4517476a,false
3a20d3c1bab0beacbdb5b807fb6ca075898d4ff0,false
29c2181d6bf6e9efdc3707723123fe971506a96d,false
491330ff840724f95ed55bdafaea8e1c44e98830,true
71e8d73abcb9a10bb8a314ecfbcf44da6d85c341,true
ac0a656117cb5cca0f401add770b03db4c14604f,false
61d10c34518afb3bf418a6103b311ecff0a1954f,false
a10cea3b6245891ac923fc05c312726beb328bf3,false
f6a853071d72069cf08a673e64e543cbb37a1563,true
f47cfba1ad4ac9560d999f5a47e3c5c2545ee347,false
0700146452f28a8b388a40a118eb849f2808e990,false
3adce99355b8b10bdbf9dfd1755c8ca8b36536f0,false
b8367b249400b0a9d88b74e1eb6c5153e10581f1,false
6fa79b69cc193ef322d70ed1a615ac1ae1f17d87,true
53aa9622bc511a7e654d44fe0a028f3e44c4af4d,false
1ab62fe974582b2df25e4091eb6dc41b31ceed92,false
994869008f8619e26ef92e1064027e21d3dd8a78,false
8284600dbe1298c74e278ff7af1475c6ea04d93d,false
99f03716e4b847d9187d80f3ef739ea336867e2e,false
7b98391a6353d328f56fe875ff0b9e667d088304,false
334383788e1a09ee7887d641f4729b77fe04e1b6,false
8d0e15d6bc058f144fa1e514dac0e05958ba4cb8,false
24c64dc9065c616bfd272d4111c7785266128ce0,true
1949656a4a7920caa216379c3dc26b486f6907b5,false
21b917525926a2a5e66326582c927703304cdaa9,true
60863eb36349b9834c75a6ce72b27a2a6d313799,false
29c8e7f8c861cb99fa6724165833b1b7d82a49d2,true
b65e289dcf8fe7bc851d4ec8a8d6bc0f837722bc,false
e8c96bbe6ac86cba210f4a4967b738e4cb9da181,false
b98308a9b277e07f1255e719dee8d73808d3e85e,true
33606d5bbaa3ed344b0f9d62edadca68b9ec2992,false
6b1d71ecaa9a323b9f062b82299e4046e9fe8cff,false
b155a1d60d509653d6c11f9eee29ed5bcdb8048d,false
451908dc0132331a678bb687ddf855deb1bf47f5,false
90061e6138da70e842384bb2bf23b2f5bbd762fc,false
3faaf44935a58cbe8f71d6a69833952e86e768a1,false
3c9fcb274a199986086ca6265ccd864d89a6bfaf,false
c6106bcedf3cec89c1ad0526dee3464a8271395f,false
730873842fdeb6512a30033d7377fae157f0ce54,false
06386341017e039b05a6dae24386231c2dcc8353,false
685ec331fcc4cade0fbdf896f75efac9cb70d381,false
661b1ee5e146c2c88db73b954fd9911be7fbcab6,false
e496c866745f4216f12a24aafce1371a8cbe317f,false
71d7dd8308b7bba4b0cbe8de501f4e168c7ae0c0,false
cb5f6c2459480d635b1423601ffdd74f1a31f51e,false
12044ca1544df466875a27802ef4c050a6743ccd,false
68436342eb52575c5f43140ab9abf290058400aa,false
4f7e36b95fb5c36423bb80520eaa193693245d33,false
d5df417c2f0eab7f9aba01cb78f6a26a4f7218d8,false
1fa858cd24d3356a51834a57ed0831b7a0971aa2,false
85346abc7b56dcdb70d692c3a1b341be6b800b36,false
e435836605061ba213ef9ef12ef81b1c3c6bbadb,false
194da3c888133842e39a5d2589a2a0643120db1f,false
d8b1e47edcb2b667079a2cadf0d96da8fc43b782,false
7f7336de64ab5580358844d90cf787673fbf1f27,false
709341774836b3b155b73420bd21fee9e330ef81,false
dbd9cb4b0f6076bddf446ea25dfeb0c02b5b418c,false
599c7df38bc92a5e2f9c90c0e73d8426642250d7,false
57d1bc156818fab0697fc5042072467caa4dd1e5,false
cbc6cce4faa2f297e29299eaacb6a2569bb2d7ff,true
f29ff3a2b18c22c5b7d5d160730e496842816ab3,false
48f2c1ea7e185f1e4246a433cdda0157e12e9249,false
8986620bc2b599188c4ed7c8f01b86a95aba5bcb,false
243847c53b950ccad33ee4a728755ca91a093de2,false
c7f68b81a7a116ce347b9b74409618b1597a0ac8,false
98ad3771028912c74392d2d493a9862bf22a83af,false
76d9979b212547daeaecee87b638b4e1e12c9d4b,false
4c2213f766a1e799d3ade4d1a659d92ea76b61bc,true
9560e275532d8b4378a5fb18737afc41aa2955fe,false
5c7bec6b7b3f0f8c78dab8b0fabee5e6b3820b96,false
d938d475d873b16357b1585af70e183ef48051b1,false
0a320ee6e00c88290720d4ca95f8834bd48693fb,false
b06c70ceaecccd326a91a44e1140ad3f7e85c5f9,false
c92603c7942f20d16a1d858fd34fd86665bb761b,true
28cf20e9b89c80130764a7fea7e9fbd5bf8165dc,false
2c8ece4cbaeae701634579507ff3259fb619235a,false
833f3eb7c0fa22ee4925a99d4ea4d68aa82d2553,false
1f446233cc785f5d54b878b4572952a71b04aa62,false
a31e8dd52d466814a57ff4c69d98adebed976d94,false
95bc52a23182424b1f51ddea3bc7968124baa5e5,false
7592535e562b435408455f61e476e1e8234a7d2d,false
2ad9875731168fb7cf1dbca92a3e5591a587bedc,false
f55fe25fed3dc09a050a8c42a10e950d3e46b805,false
66b81c1cac36bc542bcbd3aa31043dc1677605aa,false
fa68e9540facd64c7eaf777c4394817f145ec1ba,false
df640e8691f2625a08e04c90e0d9172e5712dddc,false
a5ed263e905df9acda5051912c9a624ba980f00e,false
9911c07cf3642247206bef91e7c45cf53ee227f4,false
b198f6cf67a5b0e8ac3fbb768abef812868f549a,false
9cc3ce6cdf8d22852d7dae6e6406a5a56645b715,false
1eb14468a5c0614091373bb57cdf25fc4967586d,false
2cdf24c52dd378cb622ed48a8e94ccc570b531d9,false
8d4ad40204fac5b38c07059a072918711a542ba2,false
eb1cd14ff73285b7b3b28f1043a0964e12638528,false
6d39269b1c073d072dab7436d3925e6b381ef73f,true
b08b2eb0ab29742aa0aa2d96865dc3b6af9eb8a0,false
cd92aed9cf29a1d12bb0bc00ba87f6e21fd5ae9d,false
d632e8115bdf377ec10bb6846b1efa99465310d9,false
69dbaed4e3d768efb325a5db2edd220f6ea80c74,false
c65597c3c0efad515fa39c53d27477453a5722d1,false
6ec6527506d6aef077bd94703c007f67a50bd1bc,false
23d91e4e7ecd87310d56632854b0cbff6f72e844,true
165e6d780fec6c8d5827dd52149336b9ea3408ed,false
bc84caef7da39914d322e7b9f83f2cf4ea71160d,false
a8ce29ed9f5f70f6a066c1cb317f0cb3f5172fbe,true
ef2a77cc08f9ed669706f5ca10d39d07fc3fd5aa,true
a59bc3a48d3d30c95537a51ab0b2d92a6f58552e,false
234ea7391ed928e6302282a46454ad5fc93c43d1,false
02baa52feb7b88a13a799799dbc40515b6efdb44,false
2d1217a496977ec027f210c8be9d69b91a4ae334,false
dab5510cb3e5cf7a40e4b529e0b91ead5e62ef76,true
265482cb5851a51b4beae3541db95288f2c18d00,false
102b127e64cb115690b66c19fc3508381109d81e,false
d6d2d4c4575b9932e3d4408d0e8e318cebf5365a,false
7b7c814769bf9624e6a4aba0b7d293a785985368,true
81bae59580a2f04e0c7aa9700d3576ff29b74f3b,false
8694ff412911014a9c06255df5fd530b30407c80,true
84ea0249af0ef6fac8247da4548ed0c5ebd3e7a3,false
da0e2471124e8c5c4900e008bf9c27ade7cbc160,false
fce11ca0653350653c5011b4f1feec0d7fa4b393,false
6672ed457d0b9b6bc6a7da502c21d9943074145f,false
af4692b2df82fd3d9c300dc1ba110c6ac0c748b1,false
f3fcde53300777ef7ccfd443e98229085ee329c5,false
129c8a871f660de06264893caf5fd438c1b62d40,false
8b325be81792fb77cb03b8bb2406b7cca4a1b0d3,false
f902fb119017850e7a84b4bc83f321d9525c118b,false
32b1c6e249eb8c0512c7512299122c8d9b94e24f,true
1332569dcc9114bed683cffb262e70f9c49031b5,false
80a5e518173f3035f4b6731b01b9593a0107e4fe,false
9986172ce4cef17caadb2b88d3125cd37f99d6c6,true
9c869689bafb7e553cedf2f42cfe7f1cd3b5262b,false
3ae74600f7fd010ec7360cef0be813c3492d3a8f,false
38a7c7cc963b158023b00c1d016338aef79361aa,false
8818c4fea77934061e5ed6dec34144247fd40f6b,false
7e6eb1f0b99840fd41663b90ae923c497d63e701,false
390f11f4f0add1ebe1027029a5c344dc0a07c1e7,false
0c767c7815d903b582bfe9ef564da3726f05e055,false
92dd379d012c21c317e547436733fa7e1074542b,false
f31ce92aa8f51c4677212caa96d13bd785b5ed9c,false
2b2700d97ec0993af3f8b66398af8d57254c337f,false
988123fe1bcd91b021f060e2955cc8cb872df4cf,false
93175ae76272cb76d69263d55da2e64b2f27b5c3,false
43a1bb4274bc8bb084f2e8b074a620b2bee46373,false
fcef93e86cae28059b4f5d29bbcecc6879743ef8,false
3b6f2215c973da3543c071e118aca304c3ab64cd,false
76c3130b40e5418957586ba7d3a468c10a6de4e4,false
2f811439295440059c8b885b288a776316ce4a45,false
248c501ce1869125cf9fd3f79339be5297400c79,false
1727e774d5d827fb43b2d12face71106ddc317c9,false
94d8d9d1dafdb7444d37e84007b6a7c7f70a1cb7,false
4cac6ff8e9c88150fb986202dd24bacaacff5b3c,false
31b0600d0e30eaedbbd70a86f82381ade2c6e4eb,false
7a7b5aba96027bda548517aeb9e6c5d4ca06654f,false
e11ac11631456513d70b07840fd5e94daa3bfe95,false
287d320ff5f3b4f26f8738a95976231acb82abdb,false
f8b75c315a9c0e7b5673cc3d1cd0f34ba2e8628a,false
78496b4fe9f913f1c99288e59ee1678c8ad33521,false
23f896a31240fc18efc98e33cf048e77568b537f,false
5540dd3b8163a840b6284ea07bbb94eab10ff369,false
2be5cca32f5e560c42a676583296129f7ece9d89,false
b21c721e78aaf01888f8318f1a10404c319ddcac,false
3c6e7982f1732956012309b52c937a1902a97949,false
b9e89e3204d35cfd294bca1a91392ad56f86c895,false
0d1edb49195d06da591c9a4931650846033f1b43,false
9ee1e5c561a5a5c3c55641d9d28ab68bb27a75c1,false
a1e8d96e975a07b4479f8cca3b75a68051f67577,false
721f246c2cc015de8e80579be77751ba159c8069,false
91e3573c8ceb721e4c8da99fdec4434685849ca5,false
e24997e064c01525dd9d94f652615ef3e073bfc8,false
de8c7c10f13294534a9cc392625075e53fa1c1ae,false
2a36caade3eb24a4751d4507ab8e278228894313,false
bf60717b4060460df2bc6096553ec189ff51b447,false
feceec3babbe8b4b8756ac23bb36f47cb6b68def,false
004808360ad7ca2c83bb6032adad1418d5c916bf,false
e259d79e372e6918cadc500464ad02be54d41457,false
f72f859a6150752e949c422fc3662a1c6e31b748,false
1e079c13e0835ed58ab9126a1173f60e227f0073,false
73340df61be4dad10d7310114c56a3c3a2d0b857,true
b09f8abd07bfaabc14522540e2284c940d5bb3a2,true
61a7a596f905274797089a4121c1c8e97c97e6ab,true
3decd96738917f5b8f5accaaaa7f0a369ba43b96,true
282686e585082b9c137bec4d8e5c70de678b5506,true
58cb869e8d14fd19c34f18016a6e841c7ecf4c27,true
6cd6c38c7ba8a78d704a35ade4d129e56fcbef6a,false
0021571a7c36a1570d4c92a8d72b4964a513e181,true
832506c6f9e5f1c2d9d03d95b956d6ae5f1162e5,true
0951ac60a97b2b8611e41758ef0cbbc75c90d177,true
0bee06ed2107fc6260ca9cf03709b3a0496ab760,true
061fd29c60b36f196aeb6a91388605c5a75e82e0,false
208f400041207cd0feea7d5cb8697dec1490441c,true
3321090f20219924db1fb6666bbde83ea619419a,true
3373153b6bd710d544e30409a9922ba29e5917e5,false
eda34cdacf09923d59139ae99621e96ef7040936,false
ef476758678ebe4f5b2a10c41d11cb9ce18c2ab9,false
87ea1705f6441eabe473f57ac83c5e537f5f82c5,false
68a741a2bc45f9f3c2989be537000469e3dfa377,false
a425b4f682be5ff79fa1dd975f2b35d773ef3465,false
e446783f1dca8ff454930d1dcfc71cb9b207e5bd,false
c0a81b0f65f102d4d0468c7b6cc825ff77206ad3,false
d5906ecafc48f4559eb885962f1ddc4262557904,false
31115bda697742bee543c755eba32b4e5ea053a3,false
e99b43323f1d35e6d6edfdffee73bd0395497b5e,false
a1c29e985e41e4a6c0ee41a698edb5c7c1efecfc,true
82a8403923704821712bc44122607025ec9a795a,true
1e775b3409fc3fed96b4226bd939d5dc57cd2d20,false
dbb4f335fd4ebc1dd63886a15c1c37fe3615646b,false
9c858195fc9538530babc8415dfcaf123220f956,false
670c45c1005b9efb5cf721fbd63003817d66d905,false
5f7a6f6937e0396b83d6d0a8d87e05948423e025,false
852263625eee3650c0155754f707eb2ec2c6c7d8,false
f0553d02c9376327d5b9d30a5b119d2c2366a7bd,false
361dca233c4dac67fdcc38ef452433c40c65dcba,false
450e85a4f757598f322579aa9d1223af20e824ff,false
d027d900b48bca88c490dab17128a45c5e57e4ae,false
4847b6ce8b47474d6dca1f2c5a2095d886b70b49,false
70368faba87a0c6212ac3e708dc13d42d17a7bbb,false
736b8e025b5c2f73389cc9794adc7bae4648ab71,false
95194007cf0d0ab137aec51e044b486bab4d886b,false
9a698c12eb293514b6ac33007a75ca360375f42f,false
7ed5dcc6dd51a005b854c372e381b68988537b3d,false
fffaeb2a823c645af5cf750e67becd0a1bdfe57b,false
65840894c56c6b557ed3e8e4bb946ef48c27e511,false
d4809536a0744e78646d71da441644bd9155a0ce,false
6a1e88f223fa8be46e07b2a19520de247c75791f,false
8b616e5100606383e40f8907777be282acb60cb3,false
aab44117689d54e9ee8c4beff2200fa51e122e13,false
2cfb3f269e911608cdc8fe4370ea19ac8a6f05cf,false
0dcc38fc53477995707c784ec382ae8cc3291b82,false
10d14c5e339f05b940487efeb0efcdf9f09fa6d6,false
354b2011c840705f140e456499e4f26f780bab95,false
ef9bba85101b0b0b832b1965b92111ea3efafe40,false
8079bcd368f89f997fea0be4963e7d820346ec17,false
ec6a67c53f3866c150669e75406cb0917e037a7d,false
908c1d0062fe3ce0ed6055041cc0cdd594586d2d,false
7514de1b0df88b31aa8c7ac35fe56d89fdfb9b51,false
09da33f3956a5cbcacb40689ea2958338092a8ff,false
489e02b25f1aa1bc1a6264ba48f76127826f6ed2,false
40eea4d76db8a228bc5c304e87f988ededcdc0e8,false
56547f872283f1d08809b17bd1c7653990335acc,false
5ee1c3702c0fe5c06646c997068187cd7ac5f8c7,false
62bc7103b2ab2ba1227c9a791ff20c5e57cd101a,false
0e5ffb074c24b95a50be568824181f82cd155032,false
427ed53cddf39fd0ede0aaa2525381a25b928ebb,false
b73af45ebbb08a2c638f222c728c433803629447,false
8eed698c731d574e7885e067fd703ad890b9c954,false
891248087d2122aa9268ae06b79147129a5da188,false
325508aa1180cca0fbdfedd8c7d13af8905c5952,false
95347918fb8000acd0d7c838356856b9646d3d3f,false
ec8577dfb43604c10613526f935d1048a6dacdf6,false
ac0b66570431f24fb0b23f2b7f005535abc51e99,false
d1b38577ce872413b460b40fde611a1236eba7a3,false
723d20543f2f175cb258d08b597b35d563c4f698,false
b4dc055c7d2eaa4759e24e85f8b4ceda5eab319c,false
a05751302eb7a6282a2cd4896c02e2116294b024,false
aebe9ced5b97329111daac290fb5cfff29029242,false
e27d591a409cdbc0591450a6487ad90e91d79c47,false
c17a84630ef6af55e2d6853b2df7580c7a37941d,false
699fe3a287c53a1817b05f442735b285bf37e788,false
a7bb3cf3674b13ab97d2ba1abf6c53c39097bebb,false
d605f37ed17ddaa9e00d368c37e8fac9c73e32e1,false
405cd8a044ab01bff82c00598bf21be3f619b3a7,false
2742205e4194367c5541e086dd9d1bbe2413b096,false
8cef7ca7593d6e7d8f66830aa5f6d06d612f66f1,true
2622c258dfae236a3160c2d37451d7b8a889dd65,false
9d78732fcddaf70cedac640a7a97a0645317c638,false
c02acc280fd70c65e019970985a50ea1f64be39f,false
d83b8cd38b57c7d0d179b929d5cd9a17e3e581f9,false
05a2191a2bac85df8935b4d68e98d806579ce013,false
ac9927d3c869e637b5a398a20b5bd481e3263593,false
7709d5a7d5737cefd546f600c46a410be4d65da8,false
c7c991c3a7e071f3e8130111912e911601b9ad23,false
2ef2a4a2385e11b98017af5f6d42c128d3368357,false
04cb537a1cf136aa270692d678180acf4b907e16,false
f2f198ec74ca5f568750124a5ac5839fc7479cc6,false
ac7fff881166e474d84d2221760b3c15c9915880,false
d15e98761d213a7c216ec64aa121aca814e62029,false
2948d4ed16422e4a36d12c0816eb48c0db9ee84b,false
3e88aedd727f7fca713f9c7305041d82871c6f41,false
88b96bbe7dcb540c794d77e10d83fe60d27c58c1,false
2fff0f6bd5a8e5d9783d9d137121f685a460058b,false
8fbf46a203f1f816b55b94d635ce245f7bfe395b,false
e3ae701647ae3b1139a452ce75f978e6a8d64458,false
23df573e6b349639e5f787f7af1e43ffd9e1435f,false
b791937fc4ad6e97f5d730cbb7140b464d76a198,false
0e25fbdcec1da96b957f47abb952aa2e9d9408a2,false
398da38c83663e7f2818126e7340fe73fd907e93,false
9d5fced9416b37a2e78ce812cd38edc223997c26,false
0e5a06cbf849614d9baad89edace622b8e04e017,false
72be2327c87158aeaba7d8c321ca5cb09eb36bc3,false
6d7a3ae6be4f2f5c128661a5b43fa57d21220d8d,false
873d2c4e2410055bd39dbe7951228c0f89b04cf7,false
e6616b5d2e9c514cc87c9233666c9a7d639dd13b,false
9356d702865a31122c40a1ba1f4fce9407634c1c,false
914e387d253f6dfcc779220ab2ec145c3c676df8,false
6f9b77e2384ecc14a0f64da04cbab209294df4f8,false
3f0a7583dd3277eff604c535f7a270fac2c6f9a0,false
0ba2ca55eb04030c8ef92ac56826a09ef5158912,false
a6659c6de0140d01196cd01709cedb8a419917fe,false
9a3d2b03d4361519f65390a3f9918fa03f9d0853,false
510897cbd980af5ab808035d9a1b4f5cf767dcd4,true
bb00331fa1d95f247075e8e96316a9cfa5bcfdfe,false
a1173957051201318ba713c090abd76722d930f0,false
6cefb8ac29e8ee7fed91fc0d73d9e0cec14cf80d,false
d69b56f36466ed68419c50db04d4d8af49fb2792,false
29b13206e0bf48465434fc2976a04149f83935b2,false
3d415f42c768c0ac863d329fd450df8a2a83e3e7,false
947971381c5bdcd81332d8eae27011acd03c42f5,false
3f32c22c96d14cc9c870d761ee37a333835d1c5e,false
bc507835b521d38144bbd35156caa39e566bd04f,false
de1c324c0aa371591c820d9128a758dbf22b287c,false
a492546e3150ccbc4d52b96b04d06a4d07b335e3,false
94ccf64ed29392a4bcc1bdacd73fb31122c6e3e6,true
46d22e11f8e53e9239afcc2051dc4449cd7ffc58,false
0450d75560e49c736dfbcc9dd0657bae38e071f3,false
56e3f8dc26a12fb57ca93bd8e10b7080a7d8810c,false
6621d63ed0d932d8b94e99ba1dd4a8d7e9eed2b5,false
f80cdcd2299cb72931c9b404e70e900f67754376,true
8f1f8168355ed12d8d5cf6a1c524b9c2607ceb75,false
cbe0a91be5a4d2ccf1a1945d2ccf05f5b8099a35,false
26b2ffef3ee54761835761d06d7bafd71c135b94,false
dc1897184c2552946f20b6b4c936d2e3b512a32d,false
667ec193ac120a113cc1d3b6d61a99b441ddb090,false
4378ea6a04756285de9bb4190773891342c17c23,false
11f196a8deb6e2bb34998a19e60b242777ae608e,false
513440b09131b0dd362722f4e8c866165a692879,false
3a260b23eb17de6f009fb841845eef0d7a063735,false
5e9c448875dd6c850db016fba733eb54a0f42950,false
1af07417481941a68d4323fbadc1a0ce6f3932af,false
383bcc07828a772e165c4eed87c9b86548d37c3d,false
6ac54ad0b97c3c78bb20d235e99a0f4a78f1c262,false
70e4d68cdd56877a06dc200c2dd7bd238d3ded3d,false
6af78656ad4c1d87ae8a087db502fb5b53346fa3,true
be947792edde424af0e1928d45b4a2b750b72e49,true
0c7230c77962cd6588a37b2e2349b68ff045a8e6,true
5ff1ef8ec1af4c381d7009782b563942cde11f77,true
1f613ae4b0c25083f471d85dd89a1450613c9cee,false
e930c47c261158a321ba148527fcdb9b26915732,true
49e628bd49b4f7ba64846b26d05dd720f02c094d,false
91656eacc7e2d12f840dd86dc63254eb13ef4f03,false
1d6a0f94c9f3d02a218d6d22fbdb0a727b5b3f28,false
d7cae0fe754d449b78f84e79c98368d62edfce43,true
2772cb282ba4122dfafab7080cc31970ba1d1a2a,false
0ad1049a86a7c3f621af07e8bc539b76e0f0363e,false
c3de2d0accba2c1406d60e2f6a2a9ebfcfd688cc,false
9561f42425aee9b5cf0e2d83a709ea0a681c62b0,true
73d6d5cc51c0ecb5fc9e1ac34ed7e5a8ed8b6b2b,false
7a564be9a7eeb05bf6045ca880741c51b17622f4,false
140b25f235714e6d6bacbe854c7143e65518c42a,false
a57bbd87a9d10e14ae70219ae49c217a474f4dec,false
fce557afd9df5d8d69d7d298c163668acd7b9b69,true
363bcb9660fc5dee80b5a4b955732298446bd2ce,true
f2f539235033f9df5ec0686a48c380667774031e,false
49a462a69ba87f880240759152751ccefd79a2d1,false
1fc5a1be812aa62265983f13c9ab61ac0c8c72b8,true
a1fa334d1c05bab7702a3cf6fad1529799a45629,false
415bb0fcdb9b43592140832a288702a0c446f70a,false
5b5145916e46a07bf5a3d0188d1e1b00ebea6c6f,false
515e0d9edd78b13082446e78d7a159bd0f9f6cef,false
cc32e4c4c0791b75f7066b6304eb71ea03319cfe,false
f672cc4a6df16105cf79c0a6188f3d3ca8f7ccce,false
f26b5e5e641b72fc685156f5971aa7e051b5926c,false
8146474ce59beb051dbc0608f11e36236eeae84b,false
f1b885b5a564b71b5b47230fcfb691245081d743,false
429172c899aa9aa4908d55375568e2900bf45c9c,false
fe17a890e8daa1f964e54a468c795b192177a675,false
e924851e4bcad99e0093bc19f4ce239d2be7b79e,false
ef2d79a890a630c23163bed19ffb5e6de9eb8141,false
3bf74c7de68cf3e1e5e22f7e3632e1d3c211b73e,false
0d5dd518cc622b1524e3656c11acf2e771ce0446,false
20e0e2a72ad8864c96d711014ea3d25f9e8ebb46,false
19ceffdec9ff897d5d3b262ac3ca28ea1a536d05,false
3f86b8871d6ddf1e50390a85a80fa2f9582d426f,false
74d5f806c225b4245d3de19de89b5d1e424d7b08,false
b3edf2acbf30338c97ab71999e98f2f0de8eb284,false
be7427b5b587156da5fc759cbd06afb47ece3dc4,false
8d3ce8e745b0602a3bf166db573e13b001c7ff31,false
8901219fa736f652c14cff01e0298f00ecbb986a,false
4499c6259a3455a8494295bd27ffe096e2354c6a,false
77c22f66b02dadb49fd0f40d38e3e35ade8bef90,false
23bbce9fe65183792ddc94ab8244176dc00d073a,false
dd08a70871576dd50da0423c1f4006bf9a1fa364,false
6c8e34404cf1907b0aaef5732781098ee4d3ff1c,false
bbe7076ac4a54dac98403b0f3187ed9dc3eb6a3d,false
eb8bf8d0b19a4e4455cb3594874871a79f9bf38e,false
c93d08ca2571282fe765d497c7f9d111155d30e2,false
31ae9ff7826092f0b3320a8f01d66b9fadff5b63,false
85ae7bb7bfc6381971eaca040064ebb92ecd7c35,false
9eb60edc38ea5bb98e366a1f3c78f3974b5bb91d,false
96cb834c5ab1b68c26677acad78f912d2994360e,false
028679bf3d0d4d9b171e0eec7643cf7ac378b9c2,false
e70816186f7f295585e44fa98244c5145f02e923,true
f6afb29965cb13c270cfc2ac87b7038dcebd2af8,true
5e39f20d6fb4a6df7e727dd4d6b73ae69b24b285,false
5b0817d2c83ba1256629c5b24dab480ca32d5d2b,false
48ae2cfea4ac4178706c0c750a150a83e1dd7095,false
50ed572ee4d8f9db9bf2c2acfb9934516c9678f1,true
b38976cf365c764f753cd3af58a1ce42af6cbd38,true
4d7a3eb521ec3c951b8812cab4a4ba5cf5ab4e0e,true
80eb988c6ee6efe8343edd2c0938898e0f6c09ed,false
a945dd5ba1f96b9c1ed1c5c5b3c64fc859682cc7,false
2e6e7e5549fdba443d61720c24871b309bbf500a,true
85ef59fe725c8ff8b79821159478a93faa4226d4,true
d6554f29264bfddaa8c6df7e82ce9bd43b2d306b,false
73029ca6cc59a019b754b27d85ed9f6bcfecc383,false
2300ce264e85ab09a7a5451810ca234091f8b2da,false
fab4ff261141dca656511a6317a58c232478dd20,true
a31ce0cff14ffe4e28d3176ec757ddec5bd79768,true
a1c1b4d6dca954640adb54ce3b6d8eec1b3e282a,true
e12cc3cffc66ad4d4d07fde811de376931985f74,false
ac645600fd05d686ad060e0227faad59e0366359,false
fa540a8c87092672611d10543732a1d2fed052d8,true
a7eb2807b3563fa6f8dc17f26f5747d051e604bf,true
67a55de6b59796a058ec9f73a3e5dafef4c54f6c,false
05064ee469d288339e7566931f3299aa34660a32,false
62900d61e0b54e0411f715b6effad0a6711a34a7,false
4b3bc5617860767cbb86c1c457e37c318d709b08,false
79bbb38c9e9168bedf53cbab5ec798c33b6c76f0,true
eedc160948448a3470b2942404f9f381d9060b97,false
86f0aa0975bc95db2400da0ed249a654cf54e13a,false
2db3a72a87ce7813a6bc8e866b2547b8eb6166a6,false
3b22692305cc7e42ba1738b0b8663d89e3e41ba0,false
e4c4671d2b9c50ebf97ea73601022df342b5f2e3,true
0e2193dfc8e683eada8a445476b32f7b27df14b2,true
3eaff721a1766b55c72ec0d956bf13c97cc1d814,true
dbcd45606bce398a9358a94b745e44e739ad2510,false
d5b42da3ddfc51c68af8673488744ccd939e9114,false
8b591816068592f926a99a1272914e9fb58a1371,false
a77fba796a255556d2b90da21b94792e3c7431f8,false
a24569686084a9cbae372ff315e347eae5d72ff2,false
8386bd69ef77e3ed783d350d993ffa7c52cf9aaf,false
03b982905449b9c6c06a65500df0072fa38afb7e,false
cee9cfef0a7941342d04c5e3f4eb5874cbc21e6a,true
d925fbaa608f118fa0978ed5fba27609ae60a9bd,true
920a0e2bd90ed3de3b3c8b0c217c675ccf6b0bd7,false
8e88b06b54f815d0a2022f005ac1b93cf00f1e79,false
c90ec7eae4d5c07f971db477937fcfa1e2086121,true
4b785adf1ad33548255c7f7571114b944d5d93df,false
24f5ed38f89a09dd7ebaabec6f42a7b7e304ef62,true
0b45888925733c301a2025d6f69dd0000d7655b8,false
8210abead4ac246975639a1950e8165b9a88edf0,false
c7e157eebd90b191524ccdeeb9420a3df9eb0f9f,false
3f3138b712587023a7074271ddf3a72f072431c6,false
5e33bcf99855e85420c4f45bf3a9dd584627fa67,false
0927d51aa7eb578fea0ae57904b5e5f92b3ae74f,false
1c6240c15ec8354474ebc1f316e44115cae0fd35,false
821ee6b36237f7a3a46fcb80b281a9263f3e71b9,false
ab8d0efc9370b36ba7c2915d31539d87ee0798e6,false
33d9bec7247944a91e532e3da934ae2662df82ca,false
3502e21e4f51595a448aeeb4444b58c1bbc5e5f5,false
17bd62e10179124ccadc8d01fcbae6f63f33f87c,false
c7759ef343737807a1073c558d6ca8d4f661ac61,false
03aa59f5f9b3c44fbd2b77cf4dc4ff398dd039be,false
4e86abda4b1118d958d2004f592171f0cb3fdc5f,false
d17c0e1947939d30fa46e72c786d379e70db0fec,false
eab5770ec18ca6ea28274418dbcc78d122a328d1,false
3aa8d68ca84e287c39d745bbcec3328df8ca0782,false
504382268bc8a870eace83a4c511cdf0b48704e8,false
a01b4944b5130e7e34552acf13d5bcf34733502d,false
4f3ea43272a563464b1449c55977f95f6f990185,true
c5e081a769211734d801a1efdf5624ec016686db,false
f5a9f6a3d66e0d2a259de7de7e92aa392be16bb7,false
41225e20fa18a6461487d3af830752b20200cb9d,true
31c3554dca8a3471e83d4365722efef28938f9e4,false
385a8bddbb17fd4bbbf65a0173960ee30da81ee3,false
fa0fa839c5ea7316409e879aa60c8423a27250a2,false
945478a70439254320d8c17d5c73f4fb21c742e0,false
c299a43a314d0a48317fca36ac5a3589e932ef15,false
01f5c715cfe41684a5c51e31915de36a2ace03f9,false
3e2eecfdc4081e7c247c5ae9a614ee7e1abbbcc5,false
9fd720cc97644227397b8412dd0ff15158fb3275,false
3264113e35b039dc04870cb576c859527a053956,false
4546ae8d7e564fcaf813a1e20d140bd31ae10a20,false
feb43b55ae5cfb85642abf9fec97a9cd9f370740,false
8d58525f0012ce91bebfa45d6ed34af0dc46d568,false
8c043b98f68aa8446fce1715e9e650ac97d24c17,false
f9a8edba19350ae0f4ad1123a60575c4fb35a396,false
6d59595aca345cdcf28a876b7d5b4371e223f2ee,false
50b3da18a7a2880f4de202172372c2deb58f2079,false
4e48c709269c6636e0f49848b424b23be4a858dd,false
d42af05161b7c02ebcb7d4931bade081e11d1705,false
70b58f2d69a3034147fc1d722055edd26e6cb193,false
2a92642aef3efaa04e6f3f9dcff2c457c3163710,true
8d517e7cf8e1143d343c965ce1099448a47e004e,false
51f594c058456a16d71bb6147dc7db9719fa05d7,false
74d020d910a794fcd7a1d7540eb6da0abdf02325,false
f2817a2ae98023ffe6acca1f54f244381db7ca6c,false
18d5aaba5fbeab5952bcb33bd73482409a7b7632,false
f7f27ec760846f168c8e017a87c9a3cc3b013fc2,false
2723fb3b6cb580a77155ee21a887561e3f371fb1,true
9d84efa9aed52fffcd32202114752834370911c8,false
43d799b8a4da23ce938aac6afee414686ba8f98d,false
ec007e19d0d4dc30e4d3eee27d8236e7cbbd6e9b,false
fe72f553303963efd97837e0d749e58b1226dda4,false
2a1356e20292af21bb8d0c0aa275c7c04309d20b,false
7649592718832cca1aad485314d86f93654fecfe,false
60a04c569a0f99f1bc2e15f992c1162a66be5eac,false
3c37174d457d46bbf5dccfc623615bc042fb23db,true
ad34a1a620904fce3422e5eb2e919bc70ea515fa,false
acd8f845c60e782a35984e285c52ae41204f31fe,true
c459f9a49a6e3bfbe4240e7b08594b9573a8bbf7,true
5328271fa50057e0f08efa8fb5c8d1f933d6088f,true
d181749ed91659c8706d7f02231e26010bb23abd,false
1c8a1d76698e6b0435179ccea57ad1fb6125dd0b,false
f56ea6690e50e80b2e60423d0bfbc6b1f59f94ff,false
0244e688bf7d4f229cc23506a77731f059afd3d2,false
b224370994dfa89680196391b3a0dafba78bd5b0,false
9a7db05f7de8781b92e1f8f750d23e00ba3dfb97,false
7c7d11cecb2cec1e57732addba5e233be0c402ba,false
55501efe27c629ccaa835b44946d1829f7fa0bb5,false
dfa3d149b5d8ef8340332593a2ab3682a825f190,false
a4a36995630f0962adc1e8b9938ec3f65ccaec3c,false
b48aeef718153147a1f693c7adc23ac564f88fa6,false
c494229fc05b68402886bdd161f05ec3b1f03de7,true
559973c7649dda69ff4a02b82a66c141d43f412d,true
da3bb1b92b45aa735cb18248d8e46b41b530cc0b,false
02944d75b587f3568d8ef6869f130e7a27c9b3ed,true
6aa17046732426376106598a78b9f6bd11b8d03a,false
870e243e53e8e5b60ea3d8bef57d685320cb30e8,false
7a98ba647de6c2beb35434de37c82f5d8916789b,false
47c6538248ee9ff1bb7dfa6f6d41b72568e0aea7,false
75c099f9b2f0259bfc62e9d12132ed728169c290,false
b1d59707d8158f12fb7f1a3daa7217719a83d689,false
09d3f0a9f0e26f315045091b445d7fbcb7fe9a4d,false
af8e699082de63f8c99ecfcf764a08ca8b4de8b7,false
0a89a6bb23dd57119566c93764d107830ac73272,false
d9c2c0d334e32d52df6de76aa87f38cf6cc3e9a3,false
ba6f82da51a085b5404c7b2eff62631be9ce728f,false
644d884d64458828b2ac087fa98ec632171e2f0c,false
f56016cdc87cbec2eabf7fccadf6d894a204d12d,false
aef44e823d1c42db6d42766f5574a7cd572dafae,false
38eb9ebd0db9d21d4b594fa1047f06c1ab45d511,false
39d6427eb231715fb8a1c198315fde22e8948284,true
e73369536076e41362112e9e70b8c7df93455c62,true
71f813217726e1dbc1fb07cf76bafcec0fd5508c,false
7810e9b31422a3ef38530501681619876957fa85,false
f5ebd3acfce4e0d00d1b83993c23def69a8552aa,true
2948ee861d76d7af85140941fd7621d5c713aff9,false
2a9ed9c0f605da23f32f172fc0f8c8f7d23db10b,false
9958c71bb10e3aa585aba4dfb328d0fa66107936,false
0ad19b5397e55f3eb92e6f580aa0b5443f53658c,false
0a848cddc6f7e3772a2e20bf8b9099306dad69f7,false
d4362a4aaa1db3b847f42010c3cf8ba0a9a21d4d,false
d77b2d382da6eeed4f15856efd78fe62b8c6aca4,false
5e17e7f59cd65ffe7398c7889e5fe2cf74874744,false
8332cd0c7340f34334ec097140e136cb4ff32f8e,true
d8c99fa8dcdafac7c269aa89ab0632b66e9e6c48,false
ebc24c765928a3a1f4d1cd7fe5bc09ab8afcf4cb,false
f17b924ff9ab220f588deace0e66cd480f9a8c8b,false
6c6653fb840919815ccbcfff8b00f45324770582,true
47ab2cad62231503d820c15d181007f7b8db9a9f,false
e653e871852500972b29c8e01770671b5291168a,false
dce545302e65849077779a5e9c13e0085ba326c0,true
e323fc9a2ee851549f5337fb596b7fbc1076faf3,false
a456ccd4c4408ef832b4d5a2c945bfc1a26d1159,false
0fe00a7aa53e749deba19d07d7d668c1b8fc18f1,false
82c4add72e028a40a6eb043c10a0ce378d3afc31,false
b19c1e9cc4a67ac505066c4930afb7bc84ad9cb6,false
5f45856a9b460fe92e7c24646e2feb21f9982e42,false
51a124fc8bb678cd63c5ffc72086b0f3c81045b8,false
18492a9cb36eff5fde59ebf0ad2442a182e398a2,false
0df9012b2563b6491d302177d4ce395b5efe6ed4,false
bdec0f4be4b50e9429360b22a3c5838f29b2c694,false
f98c250fc1434e12b8657cf90fade161ae99270b,false
83f20fedfdc51819db8b370d07576477d9e7d5e0,false
f448d913774effdc7ae804ccbe79cba3555634bd,false
dc499b52cdb1052b45551b07466684dab53a0b8e,false
2096ee942441d9032776c2c443ead13c392c9b33,false
1090993b8cf7d0ce1efd6c6da67099aded777a25,false
de2adb0d32c3243946ec81ce85fd26f4ceeebf5f,false
8afde2209d07705d5beb8b3dd90dc3344dacb0a2,false
a36b3b989919ebf77542ba24046c97661f279992,false
56411d905397e8f8f5d24ad2732cb8dc06ed454f,false
c9311c54eb1b509f2be7b2b5a95533811c3a9a40,true
c4e9b896fdcc7355f89ed4a86c4c549de5e31877,false
f3324bfde87ee7171174b4e4507965f6b9738702,false
c0fe181d9f1a32e5a2041c538bb1d76b75839944,false
2db520d645c98e06dca5e7d16ff903a46b86fe6f,false
c921290dbcce7f85a8b8b74c6b43d60cc2a3c359,false
d4f7d483dec019ab5e9dc83943e6db4c4029aa9a,false
f014f12b2a3a3013cca2fc8372a313781f8cc99d,false
7a6616e3e29103f67e1a71fa54ad349b8132c1e3,false
c73c5fa4e31393ee3f30e9c00824f838ddd65884,false
1371e7b8174ddd1adb9d148d3d5bca19c91cfa08,false
a8d643cafa5064bb652b569722d5516c307ddda9,false
6bbb22f41245f09a18f75b596b2f230fcfeaf099,true
e1469c05b73ce1d07a09cd0b95b8eee443385237,false
d1b680adb32d587fd6b86b7138c04fe173c7ad14,true
16d3b98de63e7d08fb14b324a8f3218ab73cccd4,false
266460a580713caab5fb482d403f8b6cb77acbbb,true
da13b4ffe668d9b4ef1685173e32d59272551d4b,true
1eec6e9c9890cdbb60fb9cd40db6e6cda6b24dc8,true
3e6d9854c352d22cca2e3d2bf6b461edb0ca2397,false
60ba22bb52d8deaa85f09d05669ad981ff64ee21,false
1966737f6e15f144db4035ed90004d25d51a53d5,false
c8344cf76c10639ddc49ba77f917b86b4e1e676a,false
4dc27dc03f1d1328bf42e97b043bc842ade9b6cc,false
ddb6d0c0a7e33141d8a3e23ded2ae21dd0c08240,true
d77adca6e7062147421889250b9bd383b19fa9ab,false
dec1abb296127a2d764e3677959cf145cfe42d86,false
07a5325341e1da3cd7282991d263c151d815d190,false
8bef2f9a5082a0ec1655af3eb06512d1502850a8,false
ce698c1757c6c848e43a285d7578a5e751c636e2,false
e0b40735d0b5777c72da4fd71998c4320d33a9aa,false
47302b1e46652c6e64d5e72e31296a286bda7556,false
a372b292df8980519f4c6b506134fa36947505c1,false
3ca95bdda98c72dc062a25549781bc7e95944fbf,false
0982b934b422bab0dce1c523d8aff398e12224f5,false
0a5e6109f7f3a17ea44e529e1f23f5fdf5b0fda4,false
0b2c1cd59301e6bdabd81194cb8926015e3f8531,false
e28a3663adc87b2023ea9b60c9bba56f8d61a280,false
bc8a07912268b831f8c011595eba20377266c923,false
0aae0f22736106920350ec6111f8144ca267dc3b,true
59612361786532ed50f1559d6107264f62f33300,false
50d1177a5eb88f333e3f01dc63976ccbc94c4a8a,false
4fb908777597a33e7ca82b1da42b317bd6a3bac1,false
938afd4ffe41036991da62fbb93101abfb9e6a75,false
31d286009c4a86e2fee4e4319060e5ad435f9820,true
85012cb756bf3436e2fbad917b4a0212def5c7d6,false
9f5ab3d678b12abba3fbc763412a725c1053d5c2,false
693d3420c57c9930d2c1214e94da74a147fa1eb2,false
40b9da9344fe777ea27ff0137263636bdfa6153f,true
c9f7fdcf1fbca4b1f8c153c4cc95bb1eb8471b1b,false
9efb107e1c5bc30434f936e9a30b0edd14822a98,false
5c8d0b9ad6db16bea353e2cf722e42280660b244,false
a2cf8fbe76d5027fb9dc7c0937d4dda85eda375d,false
3f5cc29221506cc7b35435233485f323edec3abf,false
8faafec3f2f3963da7d8b0e1c80cfe83c697f34f,false
7a7da5aee49c265fb3fa36e440072cb5354d2f4d,true
58b616a2bb3ec0a0d1b2f6c857545a0856a31c0e,false
c56fc7efae9b167047be6552b499684807906775,false
33d4b322598055599146a24ff8b8987406659ba0,true
4bf79232738014766ada9d19ad329fde4c60465a,true
a7aee654c9e7084d5b835de7be1de3639975ffe3,true
db0c1dfc220dde3b06bcb755142c9a7f2b93c679,false
3a4d27cf7ee9ffc0500b84e00ee673a4c3cc43c8,false
d704ed7edbde899ee1e5c64db754b7faa40b582b,false
013508d74a221ede19a4ffa36fab9e4725a0fe6f,false
a24a3208932fb24ae7a3ffe5d954b9190049d09f,true
28918b468a2469ed12135531d3a6f80d121c9bca,false
4fa7a15acef901c1d333ce6d5a11eccf8e30529f,false
a594a616b927f7731a6438c17d24b24cce55a806,false
b3e43780380598d3d0240a5f093418dc73073de5,false
b6b325e8ca581a13c0c02895ea3cfc5cdc974c31,true
6126f0bfd362e4c5d8015019f6e88127b631a753,true
467e69377c270cbda6a08f287cc7e2a938f96bc2,true
b974cd29ed1f552428b94d898afac830151ebece,false
7dcfe75d03a2e12797aa2f78f204fa9f96393c52,false
e70588c480f7136791044d29bff86bbaea00711d,false
9aa67b30328c77b0fd5ac4e2e21e51acb70bf069,false
fee121e818a34087ac3a11e1e6a047a353b9deb6,false
515f9c6972a905964fcb6ffe7bb140675c121d15,false
1344e68ad13a7e6c025054de7a96605dc15b1f24,false
4e495430621ce61e8a52b46275e28523c60817f5,false
e97236670c03d990ceb409952f256a9ea3f47bb3,false
183203d2871344043857a5aae4046117ede98760,false
b6f6d25bf8fad07062cbdd92865f8b24f84ac86d,true
7972d32b90aa51ac45e6617a971cf38534c480a1,false
358b7d4833516061f0954fbc5ea97c2ac4be77f9,false
5f74960807890a9c286917e7084a08855d98c751,true
79d4a09d2eba74a895618e13df88a68d253012aa,false
e0b0d820b3ce4507d2452ef94a6ff49cec9fc926,true
67df7d852fd8cf060e9caeb4e1547c2ab61278fd,false
8ad6dea8b454c64e1700336051a12a6b2067b984,true
e953529d4f1b89f72bcf5cd15a72c3166946921e,false
f86565a635792c420d48da2076b78923552795e9,false
2755f26a80046d0c5240801e5c3ac07b93da34b9,false
80d720fcc717774fb3e19555db33b89ce5092bcf,false
c2a5bcd7907cfc265ee039d00e2f64c3bb98591f,true
da041fa95e9cbddfecb379210e81bba36c96a1c4,false
87ca8f61bd34c9c269fdc489e4c9844be61a3ad7,false
19f13ba30f8d54bd8596a5ed09d6b483d71dbcd2,false
f5462ab03c8999310f6bbab7cf0d9d5978a1f575,false
46730716fb79df42b622f67f20c328796fd13bcf,false
5bba4cd1c681349c14d69db7739d3989bbe7adc2,false
02c07bd9fd13dbfd6aa05b54990a7b45c29b8099,false
3c9d89158833f9630018e95f74ea7b372cd0c606,false
692e6f18d70f68ae401f187db389682529930d9d,false
c303cc65eb5333863bb950ef3a32514e1a78aee0,false
83e0e49cd7c80c0fb06226da201328da45bd23fc,false
1ef59443b8b0d789240e6a82637badf4244e3cd2,false
9f8b570eade288e093f24b4d560e57bac83daf45,true
0ccc280ad584628e29d13961eaad90ef316d5fae,false
957be6b5c962adbc298f8e2580d9d18063b56d79,false
d1d74d68968ec21e67fe2de9197ee5fb0af7f2c9,false
47afce3ca1be734f09bed2c71ab5ad1222fa1d44,false
4c55097a488be01256d3b275f949214c7a3d2122,false
86fdc029ac14c4ad8e98691b6dee58a63bd023fc,false
d2b4ebba3a4156fddb86392575e619bafcbf933c,false
cf6369e9c795d16636d435ab01f88d846d0c270b,true
a8e9bfa9f54708c14a7af70fe6d56edc4665448c,false
1c128f611e2f7016d69a6b0f8f6954ed34840fc1,false
d2765829af3e870fc90c634c5f98bfe738af0450,false
14e16e51b01bcb8a79732fad812694a8d6a44917,true
03b60018ef594c9abd8ba1c200fa99719c4e9407,false
41d0ead2d6a8309dc935e5786ba0908cb32976e9,true
f02229850f782f8b99479e618ab144892b03682c,true
8db7389b6503d8b0be184718da5c11257ef2f243,true
fbcabefa4f02bb5939e7d456ee23e77527b4b113,false
887bd281780a1f71f4484d4474a33fc9bc43d4b5,true
73fb37bd15dd7e29ebe1d8d2dc5a45df1f3411aa,false
911f4b56137d7750e9832a625efed86a026efa8b,false
f85991b36a2e8806a86038453f25ac3864394841,false
6468aa10df71720b66a0079544cc6e35f653e911,false
cd9e6ce1790f9be0fe3513a4afcc8680c345b739,false
0d444fa58bbda19369ae9ca0103ede42ea95f36a,false
685cc16f846455fb8a94ff32e4d07b56544ffd52,false
890dc890f2270ec965fc0fa5fb015da50334b96e,false
d9f4c9354333579377338a1594242d0952c7f16d,false
33636b3dd15c5e903b19120c11723bc4bd781e5a,false
0b32400fc7bc3b46aab5f57fd976ed5bda031d62,false
43f8423ffbc4407ca9543ecf2bf37ff10c00889a,false
dfe918ab5619f25d4e1127dbf8a0c04bff686d96,false
7bdb231d8319f58ab712458819a5f0a628cbbba7,false
dbe268f87d27740f20ccddd1896a1e877fb43142,false
8cee9f3d34cb9a74ecdc2fe524126ef21f142813,false
112df0e90bcead147dbb4027542e42785ffc0992,false
65e971d1128485c6627e9e5b33636fd144a844af,false
110ef629996ba0124cb535ecdb3bdd6d567f89fe,false
d954751299834d010a4c3fa17a0f88cee80139de,false
98bbf41c4bd581dc88d2326bbe864aef06637aa9,false
1dbb3c5295006005bc274686bb7fc02cb989b512,true
b084c768427019f060ef2d9073c2329ecc2ea5b2,false
15b208d82858da6384f67f63a2e32e8917e52386,false
565aac9a2e26559a6f39c0810bbf4187f24783cd,false
5b1e2c36f4e435c1288874f754ce07f73703d3f8,false
5959e882f383946b92d91f393d03858b18a98841,false
01534c5ce1c7d3a8518c218af81921d7edece554,false
52841d9d44f6217333cb82d00bacb37e4eb2c68f,false
706ba1cac6bd13e929ede50dc28ea907425ad6bb,false
31227ab9f6e91184a6c341f7aa05cdc0a144caff,false
06214c91c91ee6a9d54799038ded49d753b29791,false
4085c0f4533c30b73f0f8bb1031236e6ff430254,false
ac0123ee61c5e489dfd4a58732675fd802813083,true
66bf6204b9670872acb81e1511965366c73a9ab9,false
a4b682fa0ac5243a9e4e0da4a7465464ce0148fc,false
7ca76034d61cfa68ceca5c3d33bfd1c9f0e02ac9,false
3e3a4756422760b2a544c689b611ac3ef7b13f07,false
763e1ee019acfbb909a6bdb9f808736f03ed9c83,true
40e2818ccdf1cd1267f37a6b714ea010c9f85fb3,false
d54ba71720956b5367ceb86ab2c6c642fc45062f,false
b1548a4d6006b3d9a0d20ea69c386ea9eb79804c,false
8882f5991b500e6310f67ad3638a3fda8bafeae2,false
56749a82fffb1a6d52adb2880f57053412039a67,true
a158022a2e4234ee8e7fb644f528df1738926e41,false
2f51dc69d10cd40a0767433c5519e815171ca1ca,false
34d47b2387eba3b393852f52bdd95b1611cbb089,false
0ab79d5565fe2fe080acf3c397d526fd050f0286,true
81f76284a0b29b76c0383460941ec907910fb0dc,false
0f304ec94cd799821b031bcd582c9eb0708b2972,false
d607c1b372b27415b06a7c37980509ca31b9b844,true
0a16794a1e005e0b0e76a3326b0bca918a868534,false
04aa4cc3910f72a6082c1545aa4af602dbe87f38,true
6dcb5cf046f0e99e75934811fe38b402b265ec9d,false
5385f1a1ad244e8a04cf9f91c69c441c2d9e0d56,false
d29e5108b26a4267eef66794df86f0d1c6ba4088,false
a7224d3de047e13b5dece62bb328b5d8cd131af0,false
4c2e439a0531fa32d20fea2d5123ba8ce6de6a97,false
29e56c2807e60e7c658140e145505fe2579f5176,false
65a28adee986f32a2de4e4809a5c28ebe21c5239,true
2fa4564ef3590393970de7949249350d9302b1e4,false
81519e321a7f1eb5db8d93f7ecbfc300a9f2ce32,false
3969168415a8c618eac49ed752eb9b0120c325c9,false
543b88bc53c608b0bcddf2690c7cd8015e645688,false
6c23fb849536fe6c983bd8a04ffa68f38a45ca54,false
9a1b6cf33a6a784c5b737b613011eda7a65680d8,false
3cade2cdbf2685b7c80eebc06007fe6fa4f4f28d,false
dbf79178bfba38d86613ff8d834afade5cb36896,false
dd5a48ec5cfd692490b7a423656e1d78e4422465,false
74f9b6c8c25c62c92437e3d25661ee2594efd0f9,false
11757fda982a6d915fef856c7768c2ba83a49a43,false
71b8b24370e81bd191e804bfa0d6ea1d270adc65,false
4c28ad80baa59945d6e9e7818fa62eb1730e6191,false
32661399f9a1318c65a2bcb37c2412cdf3fdc71c,false
6636327e735000cd88b00becb1740c5558625824,false
27e449b98c54e6964d583c1735e73765fec668fc,true
c5df862ee02cd0c9d77ed642c5427a18143d9b89,true
44325944f2cade7416457b08d4ef3f8d038aab3d,true
e381fee278e1e247e245c07dc4874d16af2f2687,false
958db2c7143b1448965a8f036d49c7bad5353c28,false
4538dd79d42fa409f50c5e0d1dc762b0f3a56300,false
58d6431bf03557180e584e72ce763c95208cda77,false
8477ea946188e5f95348061826ac0c7c6eca2370,false
e03962736b8fb0d95461d0a3287e8084327a7f6e,false
a43acd1de6bbc8fa4a5a9fba054722e6c06c2c51,false
c7b3c1149f699612e4baaea699069c4628eeb8c4,false
ff2b84622e241131990f11c890a25e27e9ae9d6d,false
521233b7d11e9dc8043275199d5349d8f7849ad0,false
32057d8c77e17d1e6981070320b4a6fbdcfb4190,false
eb2f4b1e88a73ec614f003576bd7cc056a07e63d,false
c9dcf95720e079eddcb5238251a09729e66d738e,false
bc6ed750b1140237168a1b3dd6014adbce1c1aca,false
ce4b9e28223db55741b0015d6487cb2e80a930c9,false
212aedc28dcb78024bb15c40c59a88cfb0f88ac7,true
3ccd3d2b0079a34d7b137814059dccd3e180b33b,false
86b837a14afc268124d73128c94276f2dbbb5f35,false
119c103d9d6eebd91227f5e8b5a682497b4c56c9,false
a720a4a5d5f81a3502ec1ead60c86fb7a1d1529a,false
298242a8014ae803291d2fdd0a638159d718e8c4,false
b97c943ecf506794659503989ad959e69a9f85d5,false
cf8d7f2ac4f77d6c30e97ea290bb605bbfbf0798,false
efc57fe6a3e50f88081561af13afa6eb1ad51fd8,false
5a895da0cfbb3669daa9588f1965ef560f180f87,false
ba9efd9af9ff17c1074c8a2cd5f555a967310de4,false
0a76d3b186a8472977ce0edaf0ad9c2eff3eedad,false
e232448b5fd933a1b2556e73298ac204e272c30e,false
e78865826fbc6a3954ea46f9c577f59a7608ac29,false
7b65307ce580fd760a65729877c4fd8cf4c76a36,false
78a80ee7f5a23b3bd05ce5565bad4c788184ff8b,false
61ec4b36b95911628379847ed9031ecf33e3e7ff,false
670ca3a14b161345a7ee5b39e1d98c130568c02b,false
7bdf4749d4a2dd6ba46927b8ba08ce2570fea1cb,false
2dc441810729111b18eb080a10be00565a44d1a7,false
a739a2426a419c4e0ac36b175ed02e4e213f73fc,false
d43befbda77565f60e58804922533109aa4d5e96,false
b6a1728e508fc6e997cb143beab65041a47350ea,false
11557cd9567a357a8412d4879e3f2f4a4ba94f4a,false
0893e9dfffee5b4e57e9c6afb082d7b4f24ef2bb,false
f6ab941c15495a69e1b1be3828bbf2a8dfe2c622,true
83f46eeb4c5e9e7e1ea61c8b92f1989330bb40e0,false
ffb070f6b91d99021885d34b0215028f8652e0e6,true
8c3754b2f9cdc6eefef0928d3bcfdfcd134266eb,true
bb59e5c4e9de9be31cae4e453f033699b85e0c59,false
0d91b6cc24d7e056e1a67f45f65724f8aac298f6,false
e20f67d67aa67926f3b9e9fbb2eebf6429a7cf18,false
5f8f6f3f0102799a2194689e873678c46ad2b7d7,true
eebb259c9ad3090892983dc78e5f9f930779a514,false
957a46942febd7bf233c0522296cb4ce0286ca32,true
3cf2dc42308f4770143741228ee113960781d2db,false
a5e51f8660d27bde7e4df44468de77512a1ac872,false
809f3100af95e8ada66efea9b4c891548f4e3989,false
f09935130f2efcc9536afbe3fe5ef0ac262e65b7,false
60001d63aa72617a5e603a7f2a8e24bec6b2bbf4,true
b33b61f571f8209e02e5da163f80c42d8bd9e5fc,false
faa3e0d43eefd3525512a5b48d2c3e1a3df0d4ad,true
9608fcf2b551a0be84012700a2ce08d8ca90325b,true
f0e050df30b65028ed04e5d5ea104e58569ca177,false
b7df25d24ec182e83b8109b729f9adca253486bf,false
26e78d95769f7bb2b8f666b85a5e0194ff6e7215,false
fc026b8974e27e02659ad7e13760bdb5af424480,false
6d666f7dd6feb1e9f42ffafbfad0afa633e94ffb,false
1df5e0f280f35685d3e6601af4affbde297de1ff,false
0774f48d766b4f3a737461aa80dc409ec8cc021e,false
7b8e19bce262d51d05859ff96336acbac38facc3,false
b86ce8c04bb1852cd911076ebb8549b54c21a4d0,false
24721e6b0cd8431f65fca1d704cd25288e28ddfa,false
a0422748ff25b4b1f3463abb174e08689bbfc355,true
f17b9c0120065bb889f0ecd428e7cd2100641617,false
c0399ed6508d36550892eb7c2de39b31083b6f21,false
807c505735ff445dcdfb4ceb9cc0f34868831853,false
6e8eb10c2da39ac5a2fa2ccacca4f989ea6f1b78,false
96c449485b59568d3edd30d9169906d08521d3a7,true
158381d3ba7b9855275977e08e7f6df5f2647a95,false
2657abdd9514c5f1b8ce0e8f9efaf48911244428,false
d24d739f4ab4d40427c3a70c6afac275188e4855,false
af2d4462318a0e785e0af30685653aa3499bf369,false
cdfa061ac8c1b4f122fe137ec8a8c4f0d41dca8e,false
9086fe63c700a9ae4fd4e0863f246dc3d68f7e56,false
e7148f9a5c59ec3c539bae5ac012d102561eaa36,false
99212ff60184767e161b746bfa5c21d7fd83c27f,false
d7873685559c4488b59bdd4e9e0e3a247fb56562,false
c534257079f6f9db79235e73170a6825e8443c12,true
9515f3a96616fd0f3c279d92006194b0bb115cd2,false
efe02439a0495a78b55a36d54e3f4bd6f42a1b7e,false
bd6a021b7087fdca3203572f57971324065a6ddc,false
733e4b836ca8084468d64bae24357c64eb7e2e42,true
aea4a5c04bb3cccaa929f7ffefaabbf433176d85,false
9ab1048738c28dc342f53153989b79eab664bed5,false
958ee81115b7c724a57209ffa49deed816a53df8,false
7bc4d7edc2cd6e70a787ba2892724b7d750932a5,false
c0487780abd5d69ab7bdc4b4c7d3297aff73330d,false
0bb5c67bb8026e267f042d8282780d662ca7e5f8,false
e150795b1782171e68f6142b47aba912998bb326,false
d963f623136a718a81f301529fd799a9d091898f,false
2f5cea0a671f9c8cc10114f01730bd3a58fa1efd,false
d84bf6486328fa604436526cc4fcac3636d70339,false
59420ba3d3569a30ca87907b7c53ed596367ab95,false
93b52aaf80327332eda680f5f6b798a4d9dc1a36,false
a76c0d7957dc55c385cdbaa98b4e118d65fd39b4,true
1e21e76ccb75717033cb4d0e5b2a605b4316412d,false
74d465d49b4899968a2dd95fc1ff8753d1e73714,false
86ed3c798e51b15182eff5a51723bc3c2e91bfc8,true
740dd20c361899b7633398036b8258058978216e,false
a26156f2c1fe70afc840f3f198ad4d8ecf4d73ec,false
c1d20d0baaf1e67a075bb10be818b68fd830565e,false
e9b9c348db69491cc62afdaa701b1d0e2064153c,false
17abbb650328732f1ac7950b738662db447461b8,false
6788da5efc5b827e36ccc432ec769679598612e0,false
f49457b7f2d79c82ba6e69fa6190e5cdb3717d46,false
9b8f3f1fa6c674f8a2e59b46f081c2b9e41d7ae0,false
3a362e7a07d0a7c16e855a62cd01bb9c3f2283dc,false
6aa778c556f5beae568ca60db05363d91162180f,false
0bec17cd206b051f49dd5166a1fda96d61e38d2b,false
28bb07a9bd5d7ef18444b1ee86959fd1f15f6374,false
897aa14db219cd0b9c76a68272f379baee021a32,false
91a1c765c9ff19c6d468691ee40544a2a315ebaa,false
21949cadb8c64fe3f4eb61364caed78797f2fd2c,false
e61d99648ade54d8d41ef1138f7a1439d4559fc6,false
ec307a2a9d552bd3b1a5aa61f8ce78356c6f0310,true
69b9bda159720e17e20ec9122c4351adadec8784,true
df841d7ab8894bc307ab3c5ef67eb34dd70b9df9,true
1a3b2b361d78e1c12986acdbaf887d2f6875d717,false
09b49070fbc77f05f0942ad5935d51926540e727,false
1b335fdce414ce45150a1b55ec901b97b9cdbb55,false
243333029c21f1a58bb37cede60562456885d22f,false
f9a5e55db04361bd239d49a873e7fa44ccb385b9,false
d20a09d5e044ca9bebfdfb210045d0d508529ecd,false
79688fd1488ca4959e3635a2d4d70b7ef45462e7,false
88cfc6dee6c76651556b0e67cecd1386ecff2a18,false
9f055d6bab1e686a1fdfe60ac22d556ae00fa0de,false
41adfc544fe4ad701e8ce06c67176efd6bcab8c0,false
d4e64d3f23dd9cb433c0d55bc86462d9ac6f2a49,false
b3d39ae90fa0e654c4c44d41b46a53b073108d97,false
9ac5c990158a933748b80cb5942149455d79ed52,false
a49947252655ffb67d4f207ab3f4697827c4a787,true
f44fa210ac2e5f0279284e5f33ee9a3a0029f404,false
78f56170da724c2a9dc2c3ec42e7929a817817c8,false
2ba5ee9a325aca3f45da20b4715e6806820f2fc1,true
054da61e0180279c694231f9625b140894091bc8,false
305c14ab4a5bc08f1653d8686d48df9104afe91c,false
3e6312cb8b90a49294798cd69af34aa4835ebe0a,false
e5c1b7afddaba7e5d9ab432c298340360efbc6cb,false
56b9a8cdfc20f0af34d82341b1d9c7cbe0d90d12,false
a11770bbd7990cf0fed89a7befbfc6abb4e5394a,false
b6b02f42062cdde8fd0d531eb801bd1e27c8d547,false
78ab74d8e67ca8323a16a457c428d53c5aae8bdd,false
89a4fb395eb7c78f336ba73687d3c6ef9acf6d9a,false
df303212dde2c96097e767c59a1fb26b4fec38d9,false
4190e3fc0a5ae27643e664b310b42a16234dff2d,false
d55cf76559a812c6c5dceb94cb38b1c472599e69,false
63f4b1f969620b6edb0a41213b8bfeec7a368cb9,false
21b229432fcb7a042e0d5dd566bd861413d01b04,false
a47e15191a29a9c48c2afd26e29f8495f98545c6,false
a34d0f6c0ca1285cc05555ed08fad43a28b1cb9a,true
4924c91736b0a511893697e95e44b0b2b0b17518,false
72d642b07b96ee06f14d8a13530b9b6b11ee7503,false
443e245f6059957e24a2c1b2237e8d5879c3b7f3,false
9d1b64e67b1570d99e58ad495aabebe5d7230d61,true
06afe0203400cd61f1a438b01edbdfb97653ab73,false
deed8bb0662c1bcfd991517d27792b52971410dd,false
86cf99fed4dca09ed33c9b9149df6bd86c819ca9,false
e81f606e35b3fd957a0636a0683eb79690836b85,false
64979891ce617b39935c49e29dcb75c81eea53ff,false
7020e85e5a591963a14b75847b4b7540a78784b5,false
f4f0718b87145109d7d8ff4692ca640e9ab71763,false
6f9f83ba95d1aef374f53c195f42bb432029e29f,false
c0a1184b5f6baa492f8e6f3f7c23e1e8d4c75561,false
c36393ca238160bbaa418697ff3f8d6f2b689bbd,false
ab966ddd2c52353a45f0d514b4b7b5d7994261d4,false
116f27c2fe14514cc6afb8f8f7aa536d229f588d,false
8fdc7062cd42493936ead769c6d06f75b72386b0,false
9624a092da76f2ce7aeefcd6b9456db86dc5d953,false
ed154a341d9fccc6fb6b05dd161fee5876f0cfe0,false
f2abb2cc8b9627f3477cae31821a5b3c806863e1,false
75ba33abbc3ac9e4820994a704ac1d1e5bc69db4,false
4f02fde878cafb863bcf9a3ccc76270c47e8b59d,false
c381c07397861072f2e77d7e7dd9319ed7538db7,false
a33ef5bfe29b63822e05c2e1f06fcf2f000a8707,false
52c4883ac6c04bc863ea48d0b1109b8109d60d16,false
9d011e280ff49c6bc02f447cbfdd487ff369e2a8,false
b9ec71a0d845d5f3647ab342bdafe7a20ed18405,false
8ac6f92eeeeb7be45006a9c75b38e8ebdb957c29,false
7ee76a35602d62f39c86002e058755244f54add1,false
4ee30960b9d15f3b42f7c793320a528723680192,false
3873be95350918fc7ae19de026ed4d2d85fa6328,false
dc498367eeed6310fd3ef10805ff235503f031b6,false
50a1b258649dbe4235ebd84633f711c3381f9b50,false
740c90409fec5af25df2b61727b23663c3af6992,true
abb32a9a505e4a3760f28824ed92b2b22e1a9537,false
12720b9582fea6d41b81b8705cfa45d825a4f74d,false
543fcdf54021e8d54574c37fbcb92bb58880cbd3,false
1fcae28525a83f8d957ba3a5671a452ee9965698,false
9161b8c4386f465d326618c4f52548add546dcf9,false
ca9f05e84a9bc1991392bf3b48a760137907cf55,false
72a2516e0b22ab9471b9eca4740bdd27b7f62d04,false
a4e78eadd792f77278197fdab9769adb04486ea0,false
2ddac89ef9267a5ed3882505bfa92e47807df65c,false
42b5906ff0a0d6a65d838f17bd0fd3848d7edf4c,false
8171eed8a2de37fa61107265055133fbee7ba092,false
97028c76da26bf882fae39a6d25e67f9014232ab,false
ea1bec54ec3fd755784f899b9cf987f096770649,false
e03d221bfe2b13a1f71125021bf00e1c6fc15c7c,false
264c7e24a19ef44163aaf5b71e8388a908de545d,false
e99cef6bcf82d17d0c786416de417b76af4bf24a,false
259022ee0d1ee3a15639517edec8e4807deee67a,false
42b239bb402990a763e31187effdd39234430b84,false
1f4e446367728a68a0218943bcda492c4f1c865c,false
f5e357f8ac88873c38828b331d8fbb5b2f5b8547,true
250b66ab384801f2ac9d50e0b66111b9107bb199,false
df34ec30ec12bec825e6ae9ec3474749ea6bcabe,false
ebc4fecd1b76344442976ea3d4c454b2ccf6c789,false
74b1e83430a798f8984155316076ce922c9e8988,false
2030856f4d531a8d0b0048b5e2c70915fdfadbeb,false
3cdb1b244d1628227569d7a04808f8ff7f76585b,false
761588b17432037267ec7314ebf1886f74d95fbd,false
fb6c4c07e743a8905c6c8a41c071c58351f2352a,false
7e1096800d22a3497370f735cac231c21de8d4d3,false
2f6a47e2563987bab1254f6f0458d2c38c522786,false
006c1bc89f23f56bd6a8021dbee0677cb0e77ee1,false
df91c19def7824aaf38a715d39a592856fe45ee6,true
b00ceaf4ea1b9a6903fc9a31d7364584ae34af6a,false
ebaf20043548ce3c9194f2fa463052be241b609c,false
fbf373bad4eec6d98823ccd9eac0dc7fa02074bf,false
89e5e084f0be33e640ff7a20c8100e1f6ccd57e1,false
a912fe7f4d0a7501b87bcd9d51672a9397b46e9f,false
583e4bf2126fc089e050335b3f20f692f384da31,false
0b7e9525a873396d5d6598a1838a0b120ac651ff,false
f5ed86551e69274728a1e72ebc0453a3427fac4a,false
e93a667bb4d03d081b5c11ce20ec2a10a19a2b64,false
65752f98a29b7ab12abde270c6e80a75e631ceee,false
28e4898ca2aee12489fae8a72abb43e829067a24,true
6805391d097a25812ed9e0c59c5d2ad89d3e87ab,false
7cd0cdf11aeef9c5dd9f9d884ff854d166bcf4d7,true
6a553474d88794333d2a852473a355778de94ba5,true
989ab5ad855b168d6e6f7b9ad573a5de1c71975f,false
3d4e4a88913a738b2351fd24fa50639da2198289,true
5f8b8b6460e46eda20f43bdba82f767470b6f40c,false
af8626c36d86a862b8440f5c8c1e689b230de918,false
6dbd3709894ba17801333103379ff9143219856e,false
a85fc4ff5a00f82065d30cacfd748cc77b414d9b,false
36150335d1a9272f7787c8114af47caff40ebe81,false
063e7e666e7c9e531ababc77bd00c0f41712e9f2,false
dbbf2cf707acbd1b8b082cc98cf3b279a0d992d0,false
ad434eb652c20fd11d73f0f6d45abf511351e6b2,false
3039ed8d2c25fbade4e3b8b383d5e809cdeffc0f,false
2cd2cfe1960d118cf3c1322bc8e903dba1bcf0c4,true
f0491cec3ce645005597960624ea2b18e4658e46,false
4b43bb7794062a4d74466afee702976ade39611b,false
5cae39ed51c5d83d13f02d62a59a61b23be47fbb,false
cbfe611be265df09aca505180e6a8e636b94d5e5,true
de37e44e7665f05c0e22247d3bab938951652f49,false
853bc76920171911a0d6858dd0479b80a0e8a540,false
e61389a98b0a9aff52ee4c7eb885f81a3dd0119f,false
553542c99bb3f5ab65b4b001cfbfd96cb252d399,false
27f44d7c1c123b3b5acc6f6e81749a83a2d4a7c1,false
f65d600d28b5c2845297a0cecfea2864f337cd2b,false
4935e9a2fd54eef813358545cead2f5e3035a1ac,false
118fbe52ffe864488ec03d67846f1db18e174a83,false
49659c54ce2e01b09673bfdeb86b9cdd030118e9,false
335b5555a54b13fb3925863a7de1db6811ede54c,false
aeeaba40a42821a36dac8e4710e77a0fce371582,false
c047eff83b22f06b33c22f8f3d0ade9383adc2d4,false
b67b24ac6f284fba59a3555c3f732f6c3968f233,false
150641a7901ca5a4d9320835af2a9ad49566cd73,false
035425d4562a37cda081229781b86c78925e93dd,false
1ae5b9cd7bbe79a85bc1f1550bc2017c91df8cb1,false
6d987d1dbc0f5a682a6fa40a1a9cdceb4fd5fab4,false
5c32b4af9ec110810e489fe985d55962442d1d1f,false
abef00b79533049d9604fe88dd236ef7f475c22e,false
3014b5f45873165fa907696f4853eb5d23939b14,false
c611e6ef8a172dcc724642da9a969561eab647e6,false
078137c41cf4d2256b13ed77679ef3a80d3352fe,false
615533b3b3eb8dff13b93d81fd31d154f093b059,false
5df33be01d6d2e078092ba9780c6c623eee9961e,false
605363cddb32ad0b29aa4acdf30bf90d0f143d2f,false
beaa67a0aefffe01cfdbaa99b71caeeac49d7b59,true
02868f3b0c8ebf6172e67fd74752a0febeb17d53,false
d90d238fc828dd1fcb0f877699af994dbe55b446,false
9572002d44da47e7a1d1b4a6197750de191485cf,true
635bf376f9afcfddaebb243e7be82d81485f6fd5,true
5227708fdfdcddb31ace65728b687105b04036fd,false
058db18253b3e58bf07d7e4a7d5537059914c184,false
b1f4c9d82706d184fd781b2569302be072af9020,false
075cdf5e4cf79ec62ecb8c73eab92c4af6797ca4,false
842932a8b65a38b4394131b866002a69c85e9aaa,false
3d8e898cc0588e01d8343e39dfb0147da17e50c1,false
dbd56f3affc766a7dec73f86ec6dd2b36ff1bca2,false
5b1f8d4fb76bee24d0dbe6fdd6888b100fe8e5c8,false
e72b445792e1de4fcacce0e288ce1ccfe0cfa1a1,false
b81d495ae7e20c68bf42f8c179a4ef298bb6c090,false
73beccefb47baf43ffd09429f31f56db3141db39,false
2cfb249f39a6eff70509a2a108c0410f2071759d,true
2792e74c60457912381d99feebeb17a3842befa9,true
10339092cccd6dee320ca22de2d86339db899fc9,false
6f9b03c54fc2d4fc37480557d56339f6a00e294e,true
8c89d73206e4876b2d7f59eb0bac3ceae1799d8d,false
89f79279ce14df02696903d25e1e3b5d7199304d,false
00829cdd787ca7241599eec748ff070a5e8dff59,false
76fb805c2412abbd781ad9349513ca9b694a6c41,false
2dabe3ecfc107ebf3c34deadaaf6ae5bb31bcc84,false
45a41fc35274a6159dc0ae1d677ef680679c0e16,false
39c0d76687da7654b614a90b22850a3d9ff0b58c,false
30c860d1b8135e4b2331ec29159083b08f6972ba,false
e26ee8e1cf09f6dcb469517ebe1c5d9f38ca2d08,false
592e18a025d8b1af82a7bc28662791b3bdd333b1,false
8aef4ff7f96fe5557fadac91589374700e346193,false
f087d37d9a8c30a2cc25246e97d1254ecd27f20d,false
eb5b99dcae125f8642f47497a170fdc69a91fbda,false
1b7a89d4847f5b8377bf34b8d80022dcafa00449,false
24b0af482b2bebeaa05f84971757b8a83d6e0246,false
4a6aaebc6bbb71d7a091e7df465501377384eef5,true
c4601117cd36a49e831cadaaaa3e09a16e9d5115,true
41ce91a9df206baebf437c9fbc523f10f93161f3,true
3462c66bc486ac3a4048b828ff754553f566ff31,false
8ae74a866a4ee5e38a7091f7c9cbfd4c0fb9bf3d,false
594bc8819ccf18fb12853d73b1cbaddece1ac1f8,false
92bc070cb3aa294b451976ba79a1f0daba3c782f,false
95db8bce0b1b17a46259fcb8721b0b38f9fb31fd,false
825f5d956626796bcbaa38e7056f442b4913873b,false
39e9c1f0d31b797243098e197b71327fe86fdd63,false
4750c2bb4cea97fe0ccf227a401e13f8eb87e574,false
9bbe533988fb07981b219b07f21ecd4811f10cfd,false
0d932b7dbb33d5c2e880133a2b987fb27e46f4dd,false
a8714b655a5cb2a0c45d78b66a31e57a9af085f7,false
20366d47694d668a0a3f1f5338c202db78f1de7c,false
69f3edcf910564836a20431d762ac30370a566fa,false
c144a93c3030bf0fe00140ff307b6e5be19d60b7,false
1c9a343b3c959582e7a5db626d64214b56099ac7,false
47ed1123c28f98e0740e4b4eed9bc13611f83628,false
8684786f83ec0f2f3ae06243be59f4dce3e8f2bd,false
ee889f3d47899f3441d9d26bd1098367678a5628,true
b0faa9e660a98056f6cb41468584ae50b9b7d222,false
b41334d5dce127ee40e6492d48b9720757f52ec7,true
f2c2900ed235c62a41a4e4c5876bf8ea199ca730,false
7f54032b30dd52555310a998e3ab09022ab2ea80,false
4343e9722ac4f1fdae00f78ad5319b34f8b44922,false
8b2da6827de9f2801f9cb5ae83170beab043005b,false
51f21c03c176999b217cc8cd42f61fbeba6917a3,false
e9b141ed3afd72b34bb7eb48883fb51ac39c570e,false
e620bf3c127ccdeae7b3d92616b9962f00734ba5,false
ebd3e3d1fff5f80d979cfbc3e86db695e57606d2,false
d8a317e6f6117925aa5bb33a2d38561b84147a84,false
db31eca38aebc07a0ede8b515cf6e6b86981a2bc,false
a06aa0c0bc79f6a6ab840aab81f31611e4f182fe,false
91f74e43b9c71293bb4da4eae386e56d30ab826b,false
1519d2f2030b514da14b03ad3c0751323bb9176a,false
6e5f2542fc3dc42033b78e0ce8e218e26bea1877,false
a140e846e8dc207f6f25f3b2111d001f6e2b255a,false
9918c6823dac1e75bb437809fe72ee745db6848a,false
9355a6e53548d061aec7c64959a9ab836eeae4fc,false
6d202533090c3f10ee52ae8d1a0eaac03f31e7fa,false
ad1bbe2c5adf22fb972ced2df2ba944037d1ed84,true
403639921bd7e86e4ed8e22cc90cf0bfa46ce95a,false
a9f72e3a1e1a2316b2b4b8ac4c7594cbcfca7d86,false
019f7dd7273c237f041f852788321b37e061b296,false
75e82b37547df83f3d4737749b0c3c50f10bed83,false
2673ff21fdc59165fead8a9cb6bbb82cd21a4a10,false
f67ddbf8cc49bed8fe8c0f7c1d80b7f13f1528cd,false
d4a06adb182764053275128347f4096f7712f5e3,false
1dc65783b80bf193dfff55524cf15b055a3d549e,false
7334b03f86a5a432b720fd120d5af000e1f5dbff,false
72c78b383ed3ad2cd27b2d27766634d9181132b6,false
61aeaadbdefc3b8e8aaf8397dd77741d218f3cc3,false
53ad09fc793a25cc0cf8f22a11df137917d3b242,true
9e201eeab9c3a2589859c6fb23096aaccd013ffd,false
fa5c616a97f64c8aa8378c4056f92e3aba4838e6,true
844ca1c5c6e481a9c3a9367fb83cd27e57d4d7a8,false
72949fa9e27d6c61a3191f040c3496e143248952,false
4d7cd5e080ce4a5498c3a2de6821051c62dff494,false
db1753c6ff82a3fa49974c6bea058719ac811d7f,false
ba51dd428180c71e2e7aed18c23c6b958527b557,false
c4631a823085939ac10adbb4abb05544ca6c8b3f,false
4cfa7effcc1faef51e3804349a77e66583bc9b10,false
1871b375b4d1ed4a00a6d486bc497e039f6065a1,false
e6bb69f1ec3347ada7c08ac4c32dde899b85f385,false
64a97a3a9fb33f780a54e1b9c43f02020e25c034,true
86c0be6bb179d606b0b3814e0306b2861a6d7585,false
1350de5e0a8cc53753c9283ead06d2578d780d21,false
6f62da3f40e29381a6652b0f4ebaa8d45e610b24,false
72d2ed3c97d9fbae08925f7d3fedc3a4575835bd,false
0479db94f1053c86be7ed7662a017fc3ee47ea72,false
9e02c0e952ee776e83eed2f96b0192d9e7fcdae3,false
bca7307a59b5f1e5fc09cf37375a40a347f852d9,false
619f8a8e640bde846ac95202965d51af0dc8ef57,false
02841b9b30e30e604de8fb237ad77a33e4ef37f2,false
38e392fa4bc1eb492254e7441c12d55dc57ff909,false
369dc11129ca2669b8e79062d1034c10c42602c8,false
4491d8cc7eea904147ad343470a3b1399f4ad8b9,false
2043544ab090e3a6f5d8d8195ea6636a648126f0,true
1a96fdaa17d1b4db2e64f99d912ebe6c5f22839f,false
333fabb0672735dad51e11e282725aff8387f6ca,false
9b1f8fa83de0f64a311e1911f84e790d41c53efc,false
a68dcbb42841260f940d64654d96cb404eb3507a,false
152bfd217b3789ba05787c5513a91ffc6169280d,false
37cb2d2d45dfaf1232ea47d9933a957303250eae,false
17ae75b370faf0ad58306406cdfd1f816fd3a9f4,false
1a5b97d557626c96947f29f90ab32611f219c790,false
b898faae899239bdd73270ec4edcb5b325c9c879,false
9096a8610514380f86abfa7cc900661ee8aeb359,false
a69c7e622cf9610a201f6796573f5605d5913480,false
3c877af981a0615cf7b577bd90c6c06b03a78518,false
4b4c34cb8c90c800f3d2690ce5a3137531a7036b,true
a6b9378bfe204f2b6c73900e75b4d7bb1e3bb390,false
1abf42fd10552b942262f11f759a9451f52e99be,false
3d29295ac2f2a18d17c8ef01656c85da44a8a2c2,false
f93f527dd8ac271a91b32fdf303a7af6230a8747,false
e4621c19475e5fe8417a8bf5e2fee262f8c4513b,false
4e72642e0337cd27eb910ec4cb4850bb15011db3,false
084153b6015dd104e68a29c627d610c60508c7aa,false
cb060056d4a94970dedf9839c4afb13e10856fff,false
5fde91110d74d1c54450058f475fadcdd99f3e48,false
beede5f3e0f6fa4c4948cb99742e06c976f5fc30,false
7d63990ee4971c0aedeb8d45008d45d2d17f5061,false
7b3d21cb11f12fabea6de27f74002f78dd65da99,false
57a6c916ebacdbbdec162601a69cc9174e9ffef4,false
65846bcab66ecec1f037a6c05076863fcf4c5d87,false
50909760e904be274c2384f93990fac2766b2b4d,false
5a791ee1149bf1f1751be6ea9d21cd071fcf3b02,false
68847b881be09f6e69025b4712c2cd9d462549ba,false
973ba944a85180155dab15d83d99fd0ce74b3dfd,false
c2a59dd17e93eb802ee8438c66d22dde5f1703fc,false
98ce90673225396953fab796bb515587c0ca893c,false
487b88a8a214bb271ee2e184ecb86d4e51e666c5,false
bbe768f3e77f64df7c70ce76bc13d00a0fca3678,false
96699be31f83b17bb8cf70460f6e9844135f08da,false
1be0b1f433b34aca1de0e07e43cb5b921d416178,false
93b757d64effcedea0f75e4b380be56d7bfe079c,false
a0c2ef0b4411b1a6b19979314f5d7ce6125ab041,false
3faf781eaabf9dd437d4bd4d44eaf969ac6694b0,false
7ca8a7b76670075b2bb25c6df7cce13e4d63a173,false
70dd45d2e432a03df6c72005c8cee855fcebc55a,false
d3687a2982a61f8dca56592127b79ebbbdd8ee4a,false
ecaf2c0224810f69ca6e889bc254eb35ea872c90,false
06cac7d9286680adf0388d5975309aaa65e99f6f,false
040ed4c70728eec07a07b7f0dd2e497757d54897,false
e67935d2ff2461d4c652acacb9dccb7facf28309,false
00faaaea3fa4b9ce9ec6de1e88aa830a1f9f37e1,false
48c40cd50d5783c8587206cb8d1548bd02120d2e,false
93167d27eab4065b8f4c5e7c3209600bfd2f4b9d,true
d48f25eb6b492f4ce0c049a60ed42724be6e932e,false
b0486225c23f05215ca0cb10874fb52e7a8188f2,false
ca39b9dbd9ccb722ad4b8c535ee832f824b945e7,false
13e4356af3b841bddf6272b2840fcfcfbd8e9f11,false
56f929e0b539bb16dd767fab2f967483a467822c,false
a1c1b9744d6a061488ce2bbe69fba725c3e26cec,false
a55ac553ab0677c7b3e109d078e36fdea0df5c74,false
1d919c2397e45b0be162c4ed91b3a7e934255d22,false
99012e309a03ef450968ca5347bfde71a30c7ee0,false
80bc0c53c297e2dab586e4f92563110972154f7e,true
02231403840a598294009fc89e52223ef13b96d1,false
3f575710ea4e5dcd6843dc73fb8e579053170218,false
f9aa7808fe8503fdb9997bca6f039027cc7431e4,false
4bbade894c3bbf80254bbd754aa2f7e7aa1dd8eb,false
a9cf7a63fcb950c9e5dead402532b2723f27d2d2,false
c31bc93053f6ec52c3583f0fd5173122fa34f05a,false
516d05e60936481fabd9d53ec692a16f863079f9,true
671d471f3a1cc082578aabe58bfc23bc3d4a79c7,false
ee2e06b09ef045f2a12108aa4079af7a0318c71c,false
a9aedc9833aa5fc9ec50a72f9dcc840609e237ff,false
341547b0199d6a4e233135d775c6b8142bb3b623,false
52d5c32a76cffcf572b5004fd71b5cc5bdfdb2d7,false
83867b07c5144db39f1c31f2e0c631c2a31d4c86,false
c7565f494fc17f280cbcc6d06d8a63970713be7c,true
802e15cd16be138179b42bdb63440c105e3830d3,false
34c5b6d8598e6ce573adba204c2c39a0fdb4bd4c,false
d871a85f5526661d77822dc5fc50a0ce3e25e6bf,false
f3c842347cdab17175e9fa8daba7786c510f1476,false
d032f4f047fbfffc4b6a569a4482ec7098b23c36,false
4650d4adbe4b1e24bb4ce2145cb71d23baa7f3d4,false
1b5b1aca88033aa742fb7dcfd9d052b824d72360,false
04d684179a2ad1705914351a2c57821a58bc0574,false
ac5b897c65b8d028cf8d281a883917d8112397be,false
f74c12ae886a60d75ab81727df743a765e11cf5e,false
1a995f2ccc44cbab9ff525056398e0d55d8857f8,false
9bdfd5939436cb4f4f9a259ffb96822bfb8967a6,false
0a6c33c36a7bfb7a67d3961b5f3a1d82999f86ba,false
dcd7aa1d8b7a0b8447904ec39793126ed60f4250,false
3ef3be5b61ca753f9df75eed5af7cb18b340d961,false
6797025fe7bf05302e38b286f2869cebb8ecfe4f,false
e9a187f83382e8eaec1d39b7d471a1458e3ae873,false
eabb1e44baa634f7c4438443cd48ffbd37852253,false
18908d045ddc72879b5f08fb8e630629fdf98f47,false
c7df3c0e15bfbd5034b69ceaf486234382e8d09e,false
cf3bc3a275a76558fe1bba88f148e47efc403e61,false
b2b15a2cd38867a3dd5d1ec17b2153b66293dea7,false
c169ee3acb7961d7908978fe600e59401aa7c438,true
6c7d0cdbd5e612d74c6686259acde3185c2c3e88,true
485317943e7aee2d7f4588b3cc12e391b7edd185,false
2b00497e6898070ca90dc6a3a81e2739396382dd,false
1476e84d370314aa6e34e497b91bceae38ca2327,false
a621ffa2f90d90755a3ff7a956eda84911c4034e,false
a8a0d6030613f12526876e53170907dc739f1e10,false
b84c0c142951572587885a30257439f05b7f632e,false
25d83f888486688dadd2ac4950658b7df0143efb,false
d6236c0351e8ac91a507eef85006b9dcaa208bd5,false
587a0c9dad0241032fde4534296bfb1d0723b938,false
90e3d02f3676d0ae72ccb7969e51a1c0fff81edb,false
77b74152e4dde7c68ce1c10af84915f1c00126a3,true
15965683bb29ba8e50abbdcf1355363cca7a6520,false
b757e7bda6853f0e828aa684ee8e51cbe4e1e938,true
acd9712c1c2b845885fa2658bef88bf178ac6494,false
7be8ce8fca19ac238804905ccad8321a98d59173,true
d81801f1c3c4fd04f7de7d0c019fb421835f6528,false
ded2867cc27638ced431263a4d3afcd42cd4ba5a,false
6ef5ddaf11a17a47163b1b07e2367216029e12ae,false
6e152d05a542c86e2a0ba54f8d8d7e3a4d43dbeb,false
5661f27441219000dad46716aa9f02263582212c,false
f2b8325e365da6eb7a9edaf64e9c0b58a4115aac,false
2a1c1a1d24fa4dc4602aa950bf2469929af72eac,true
0274296d90a3d82f741618f78caf7c64850f0270,false
daea11ba8aafae4f4c423ab9098784ec82ee7867,true
41a7554556ef5ed3aa1e0c3fc75258224d64051e,true
30896ce2c657b8bbabc2c0b5abe1c26fad886e6b,false
a8abc89b35dd1c966015c90c72f978e67ece6271,false
f7f1ddd29f9dbba2e3d04e611caf4140077d8d8b,true
eba72f967ed6b72363a8c46dc44fc9c88f368baa,false
ccd859471420fe07965630520d9cf2802680b4eb,false
c1da70540e8fb745c5f62ccc64069a2131be1023,false
ae72a5a2d98b968c136c2fd77784fefad50e1802,false
55b097f34514865095ed481686a1a41c43941659,false
3a543a809000fdaa08b4fdb955b6e36fa824f05e,false
d0ef97e58a505aacbbcb065fb80ab3847c807634,false
acadc74fdd38a11f133cc3a74e83ab19a5461c47,false
0c8a3730efed7673ab73ee1603407994ef022f7a,false
2c6557fa119c034aee2db5807f8d5b6712f942f2,false
b61e2332367990fc626e5413df6288c629e531c9,false
00035054687a6de5eed9bfb09dfbeec3617a91c3,false
f66e9e6e5e6e45f9d8e6bf21d468a0409ff86ecf,false
97c3938d0c27739128abce861b1264f3d1ce119f,false
e4ca574366907fcd5d63208c400fcdb7cf0f0aea,false
48a8aa0d47e9ef483aeab408d9dfcbfc5ecc7f68,false
1afb5730e36eadf66adac3c75b9961c46ca911ae,false
49740d195afcca8cd22dc009756627a32caf3066,false
34d1f71593c53d1bac497ea4f9f78118a374a05e,false
d2a7762a5df0e497396c2b5f040ca01248dbf22c,false
4cd2b432d4015dbca4ab27e20975d0fc0a29f4f7,false
22f55c6bcc880d47bbc5fd126eb480ed5990f158,false
0ef02b5d9f17ff5bfd3532b8a892681a078ce11f,false
bd1130fc2736fd9f5193d601c21acd99c3e812c3,false
b124e8021dfef850c39323529c0500bcebcddc53,false
e37a44db9bbeb4a6d246805b7192710e3142852d,false
81edfb6d992c45f8bd6a0f2a277c6e6448621a4c,false
81a8dc5144f413e64df5f74ca4f743f89169a122,false
49d9c46762c4f1b90a6f0e481f235de0fcc76d7c,false
68809f2c32da1aba1bb1a16d4f80fe25eec46929,false
82b09e8e3c29770dd8e299c7db1d7b32c125089e,false
931b553dd97dc5eb3fd1c3f5275a558b0f8743f6,false
b958f43f8b32c818ede97fe358936da1c2b80555,false
ff5c8a5c5a79cb61ee88cac537b74467de155472,false
e96b6e64f3b7e984864e68827c7a2088e8283258,false
49d8c66fb00427bde9998ec018bce8b9535035cf,false
88c4534ee4c90de446723afb529d09be16160505,false
bfbfcda4582b87ae577f1687da3c118377cda54d,false
384e8cd8fb991bdc3eac7e6ad0c534b5c0a45b7f,false
1dd59ac86ef9fc063e8f15df4d5f563ad4c460ed,false
ec91979c36b558a4d84085ec76b668a6408130f0,false
14cd3c899cdbfd242e674beec320239a782afe40,false
8cd8e462e00417f2a717a2b135466ad97f850501,true
db9b49273e210797ad3e60db28b2650e368b6408,false
7ede5bb8698b20a4d445ae6d8fb85aede4b9e692,false
6593423f273cb9c2537cdb71e691a316e5ad60ce,false
0046d4fb2626ef84713e610b3614fc8eb2cc85c1,false
d645ce1c377db9099ddd7e242264aaca53df9afd,false
5f01750f8ee6f46326ac33585f8a546fd4839602,false
80d41d37e8f5b3ba673d80ab46eba4f422a3a993,false
90de8447238f3be3d6bdf0985130c7c95d8135d2,false
bad2dcccc451cf2a225f2aa00c3e8faefb3dbdc1,false
36071f2e4cac4f9cefd02af223f72dbdf9c3239f,false
12c00b18aa44c66725cda16919832d79824d2f68,false
a042ea29c9bcc745dcce1aeaf0e0701316c49b75,false
5a510c0303a4c9c5a3d7c9f72e75ddafd19d6c6e,false
9b21d7395bd61d4f33a6763dbea221e6780d4fce,false
3beb2bb728b25b56df4bca3f4a6a6b11ea20e108,false
ffa8d67100508497d87e74303c517f28cc12b0d1,true
db2c5bd8e4150225561a9528e924150253bc6faf,false
1016b9e41ff64a4c8917701e6d412b331f2f93fa,false
b17313ae7608a5ef4b4244b6f2cac58c48173a86,false
a22b7405c483db9ed180c838a7f36dcbaf0e71be,false
926554a3a2f750bacf887227317b93a4bbfc7d69,false
f9ea72e4c1fc4455ae52830ba150f428c5d17720,false
525f3d3921515c5ba50c527d7316371064233467,false
e654c9f9f73cfb21401715ef4346fbdd3c618385,false
d673201245f4b31b4fa841bc182a929ddf2509d9,false
8a93576f8abcb5da3566ad3e4110a6b3c9bd0171,false
817db6e7a09bbb5acd42cfaabc771f70c9231371,false
5284e6b74f71846d48ddad96093a03d771cea195,false
1227a2d9b4471b138179df25809d410c2d68748d,false
a9747a3cf7c1870ef245a391c7ba137aff443fe8,false
43d39411597b22176444bac41b6d7f8cd3711411,false
d2405594b208b303f2ed0f8b2da32112e61bc3ce,false
f203653ea628f2e601af47457cd90051af2aebed,false
0849ace478c79c050bcc8e396842bdd53c10331c,false
35bd53e7f7f99e74003ab7f9c2eb956357008bdd,false
143d9b0b9925d629f02ae2c965a9e176fb24122b,false
f6df183ce2d961e1bf98ab10a0fc04112ea61c94,false
be942e6828f54fe0137b9cd583e8fa4536692546,false
87d66285cb0e406564d8f544ebc2f61ff18edd4f,false
fec610239b6d644c18a3f06759d8e4114f76e275,false
e2c14e7966e751c39fd17596dcb4019ec699edf8,false
81175d1d8267673305d7ab9eae67e4a23cc383bd,false
17a187f17bab424e1205e78d7002f60b46ce47e7,false
c3faa27c2625953fdc6bd75c0cb57a6dcc99edab,false
ba5a0cdb5bfe9657e1a51b7ed12c1bc5f3e0243b,false
a5e69af05508a9fc4335e722e26fe7145f3f0ae4,false
f296cf920c2407d10710d9b4ab91c7dcb0acea98,false
8daa136d75edd7acd23c292a8e7f4402ea1ad4f5,false
736dae33fdf2a251e170cacb4acd7c8c6e5ddf96,false
6977604c96e41b77b91b20b98cae30f536c0a7d7,false
2c0000cf09181a44d3372037ff2ac0a626c3c1c9,false
67043327ed261a1b3b2c7c057f9a9e2517d9c71e,true
2527058bd929cff556b411e772c5ea4c2ea36eaa,false
42337cb3e55983937477ba7b4142d28777b714f0,false
29558314934e5fa05a8a4b32038a412054195a58,false
e1203a0893fa48802bdf06bbddc1c0b6c59560c8,false
3202bddbf86ecd3b5ab985126224a5a3cf51673a,false
5f0dab67df1aa37e3fd653e5eaddef2c5f5ddc11,false
8e580f3feb280fbdac62613b3247aff1a7521307,false
cacf25f01ef11dd204706d1f3f955983f64f8d48,false
8d32ad2754e75a3b6921c17956e87bd5cf4d4dbd,false
50e9c9e25cfc3b9d7a27ffd945009579e56b7b48,false
ac1d5037507f8332b552a164e51110374ced9c12,false
2cee8872a477b4162b205f18b4766aaaa2507928,false
3727b8b29f032238d60cb10712fbdd7618c11752,false
514caeafb1b55d4fb8a388d4833b0cbdaee15014,false
3e199a5ce70658e80fce8e37c3e48ebc2a5d727b,false
c61ef5fb0f8440783fcf152991a262330c5eb883,false
2f6ba91f443b2c9fcc6c1f81ec6191ae269e7b18,false
d18a6201f36b1c4d184f1f3d24878ea4fd0f5fa5,false
ce35d01282c3e7382d4d4798b26c8c8f1fa1ed2d,false
cde47e983c5d486450aff980bda1752bce04149b,false
58f4843937343d3ad16771cab2058e5d23962900,false
b7bd5c6ceaa8bf113561a927b8cdcc90770aed89,false
bd8a5524bc96936cbc94a70ac21733f2536630e3,false
efcd1b03b574196d55465b8c505e1ca8f4abe03d,true
28c3070c8c1c33a99bee0509db7e1551b943d127,false
ce86bd80454ff556b53f898668b1a54ac2f1e6ca,false
69af026102172e79cb8592258e77af9f544c8c9c,false
8b084e7e08a11c3b32326cc27efbe3dfc1ea8aea,false
990694188d8974a41b106e3918a90b7d86030c10,true
bc2df3466157379c1fe517f0cccb5921d89d2e6c,false
d00e56e25544194a25b8488bff98aa0d6c1255fa,true
3cebb5f74233182971f88df8325d1d15dcb0a5bd,false
6f148d3d30c7f517872effc6daf0f75b47e8b8d1,false
201f279cf26f319265f529375f72b94449bbf1a7,false
4b3bbb9ca423c5e77e319169d0abe3b5c199b749,false
839b833e9e053bf7ed01c3c6d0fc3b0abff5a990,false
c1fb4538d19de585fc5435fa4d32aab38ce6446d,false
85cf2d48af05731014260cdc1149caada519014a,false
09f36b9229f1d7834e5d3cb9c4bf34af351b6207,false
1988f5cda0a0cef42e10b0bd8f41038dbdbf1d85,false
48595a72bc6b9ec4b6acea30e50a8d8e415956b8,false
fe2213f11ccf36e0d6d29dce42660ed7fba30319,true
b027f4e607f0a99b7d2898e34e0a2a4525ff8176,false
97fc9360de33824691a6b4b387b890c30d24c2c4,false
cf370f7c84015204ea770a086ef456e2deb6eecd,false
d5d8418a1f4b29b32f8d0424e2161b8c8358b523,false
3e37ae143416d5aece254fa45afd0c7f556c8a6c,false
b8bbeac234eefa73db0317f0f0f617b257fbdd59,false
4a1d36ca9a0028393854224c6529e913b584b2e2,true
2a6628baa8201d13f4a1f7669a99f56ac044be8f,false
06857a289f2ca202ba0dca684b949c6adfa03468,true
24b0af5ab9c8dc76269fd8a6d430997fc5e14280,true
0978b1d26efcab06380b5478a354fd0097ae910d,false
16f13d1d3e69ded5c5e763709ee9b8b68750e279,false
beb99e5b90a55004e91dc27afd79fb78a1829d15,false
7116eb6530f69d45a4358d433125e01be141aeab,true
6b03769372a97ac88862f6fd3a9b6b3f4b84a852,true
272bfb104bd50678e2a478f81993653bac54c386,false
5806f76ecc50fc0bc6762df7c975d5e5a9d8a993,false
ad82250012e560f27cf2ae4cfaa92d376286ec8f,false
b9b50f41682671bf8f22f15d1ca1b9adf4d6bd4b,false
f4de0bb7f75cf04d210a43ce8f0c98555833c461,false
247e3c588d9fa914325c712fa59041019250f288,false
76da0f8c06981529e4b1c88e8981cf8bbcf79504,false
cf0778a7ac4a37ae2c0cb8aef5602af83ab3f3a3,true
af156ac4a2d7ba99bbdc46c89c9976997c55bd27,false
a7ebcb4676f06616e9fccaf5908645c67a9d8320,false
ecc5a95e0d43a712f01e56440c9646d7b2a01e9a,false
c21d3dd8d968b4bc1dc2b99ec8c2df2c3aac81f9,false
71a6dc98c03ae61dbeaeb23ed6b4938b15b9fb51,false
d5fb0e057516942203643d696ac85e2762a50a12,false
ed2f8aa05b6969b150bbbef48a1d1fbc2777629b,false
426ece128728d0ca06c516a4254ffdc9db893e6c,false
fb5dad48842cdde87806e87ce03470204afacb19,false
d3bb2b78fd5b562c0b81fc7b4cd3dea741200779,false
f6844f4aa4f59b00137161c1db8fd0b2e647f002,true
e98a9b02b9ffb7dbc0ea4a3f770af4e14af1c406,false
a8394b0fe82a71cec3f8471f61952a86f0e9ddf2,true
b6e9c4fee2fc589a20fcd6833a22f100f041f210,true
4df094c716c6777b5c7f99bbd39c6d8fe162c2a3,false
3fea3fe326389b5e299d4dfcc240b6c5feaf7036,false
0fee0202698eb4c9edf2ace5a36ffcd7c7c2a29c,true
93cb94bb89bd2e9d22b6551b37455425ed8590fe,false
9cdf768d27fd28644022a5b34246e627b00dfce9,false
d4d3e1c44d8453d356649c9e7d1d37b4e63fda09,false
87befd1294fd65b21402b91be1cc34f9585e4c1b,false
21def2753fd82ee4f36ed4d3ecb882df34548a2b,false
675b5de33690897c0dc359dbcb91c92a48b3cea7,false
c6c7f3eb0db1e274c2fced9df54bf72ae4473905,false
68c1b863886c0b66d69846c0a5a33d653896a013,true
029319b1bc1e7474b31604b09e6a3595853df60e,false
bf7db0edbc8bda0c4be5378b85675fe225ab0be9,false
22cc3889a0380c1fd7ba1c8532715d90eb2cea17,false
c5cdf6d7784f15c65ea6ace84b6ab3f4f3299798,false
6c7772f99a3fbe8b2c2025f0c7ccd950354b71dc,false
5aa4926c8cf614758f53dc40c6353f061aab0d88,false
720e238e45ffc9866a49aa6215cbc4af0fee892d,false
70829734fe7446ca25e2ceee0a094dfe2ef1ba25,false
ac5d469fe4bb7e344686eccfd6ada5a46f85e666,false
ee7ba37eb64c87bcb54899d7511195bde79e3a12,false
ceb65f4e4bec90e3693cc647a5b3137970d8f8f1,false
a48ed9960d2447f3b2a7648357a3f012c9cab957,false
8656d2f19dfa71bba324732bd3bd8dc1b02f71d1,false
83ae2389c40c4b5b4e58948dc5ebe74fa8ca36ed,false
1d4dfc2e88623c7774117f39ac1658b2d96d5b0d,false
1a2a619c5f37d4de12a982da60e4c855c26f55bd,false
4b49a4dd86d4158a944070298a22b5046cc582c0,false
3a3fa828922151157547dc02339082bae3a8e652,false
fe4c7e4231105a55f8e9f2d9bc56df371d882d08,false
ba10a2826af4fbd914f30da46ab00ad6cb386c08,false
cfa797a8cd1714dbf5fc0a840f88777f339dd802,false
f50a193fdb8061034aea69cc0aa4dc49749ca0ab,false
3399d3355bd81c6d9ed117b8e5cd0151936ba1e7,false
431c4f73c7cfae0671b43a99fceaefb51bb1d4ec,false
f8f91df0a2986dd22925a25cc3dba958787fa5f2,false
5569853e05b3673d4906e6801252b31966a947ff,false
dbf1484ec52c694d54b042019c99e08efde04a1f,false
1422b98cc2de5f1bfb82fbff3dd6207a1b94945d,false
7cd3a423848fd31912ec4633e8f61d418ddb822e,false
6665f683e2dd5ed32a0fdd53a459d833ec6ce23a,false
ee68a9459e14c8cd7d3816abb9eed1dc19cc0c54,false
cfbe9ef52fc26b2881c348e05238b5e36b02c507,true
32ce42d4aad387355926ccab3c7501a9a9160281,false
ce59887ae7729a4a920206d72b601b6064b98398,true
76560db724603a5980609295970573024e3d8dc2,false
a80f9b921f4ca392737707b7c686ed954089fb51,false
895a5680ee96dbf0a281baa58f513e56feb0d9d6,false
b4042eecf6b866a4b51c04da3aaab306b769a4b9,false
2cf9f9c817a556443e1e28785a0b1c4329b71f14,false
7966dfdc0ee2c5b014f07cbd454afd96e7dd6eae,false
74e963cf56febab89e8390680928ba25b00e3cc6,true
8f6f5b22b2406adfb077c582272ae4c220f1990f,false
277bf10eafa71f7ea7d0a203f18830d40c92e420,true
d51ddf5c7026513ba4f9039970f5241a7e269b25,false
99a3f6c8de929a37fc23c7bb3d7f19ab8bbc771b,false
d2a04af5adb0568125a288311d55ccd9271e6239,false
e35ff4f95447d4a893a8f0a39bd81ac50839244d,false
adc2ed7e8ec7c7469ec40dff4b85a79d70af5c12,false
a6e192a7085ca0a47eb06f9836ef035c9ed2d814,false
4f89d13e576481a91fe113cd4269c2ad308c9a4c,true
4755c5172270da4ad1ca050d7f28e54f6e536067,false
37af9b40ec6c7cf2f6373a0de2428aa32595b192,false
b45626c8361dc470e9db28720ad958f17131a539,false
e234e080dabf9c07518fa322913244b3aa392226,false
05bf99b687b4a1c59e07f143d7fa830be9371144,false
173fcb6a601dbc91b4c5f76c637e549aa3e5b3f0,true
e2dec769a21d5ab13740f837892e47b75a49b3aa,false
43468cd55657bf7f866d1e4f054ca2714dc11426,false
eb2611ed568024f2e3c02a19ec27b819096b8729,false
94185a273e471000244b9796d8d47b5b294dbac4,false
a821e0ca253f04c59ae26452a8d7d84ea5348ad9,false
66c3f0e9b7a3b1f2d574fac7f5e905ad974bd74e,true
5c577187a3b76d426dde873ab7735fd2faa9db6b,false
3cedfb499884df93ad73b166394bf8fac0e5f1f2,false
ae384b0c094774d2a0a589949a05f80f5671e50b,false
6236896dffba71563b0eaf7e19d21b73adc98e4d,false
c4220749085f269c80fb1f6c999e0abde69f69cf,false
660423211398170401794285ee66f4de1724a1ba,false
4102e6bb73212fc2394f812ed7c015ad0b32bb35,false
f828e58d083554a15037c608209de0723e22f3dc,false
8eeaa2b483f9326612f433349cef268819668d3e,false
2e72e4f8d207e9d04bed53be890c658b73f624bb,false
5e4e5fff33f00096300f43987d3f4deeb2b74c75,false
f05689c995c8ae4255cf9a7de1d3b33677c11e6c,false
07323b8780d78e23e48b2a429bd2ed97e7da0506,false
ac4f21549d807e17a62d62c804322709db55790e,false
c254c9fa35d8d246ccdb9ea8401bdfd4358860d3,false
c4cb811bc6672a57c568de1bf826085c54c3e753,false
9a74e3a62197cab6337b4eaf40ad94a33d213fd1,false
59f1b112927775b5b0e0479ce0cdf5e897da391c,false
1b7697aa454dfcfe5a3991f2ad3e8977b180a71d,false
c6d49b1e9a1a7e09a33c48b0af1b5c6b29f39665,false
166c2df952bf41a6f98228414048626f2a27b225,false
7b31272996703efe46d4a5eb3ed3fcfc0fa9835e,false
991dd615e4c27bf1ae0063190aba9f0732103ffb,false
233476cc618fea25b8777573fe30aad3b14bbb2e,false
7fec8424ca2fa1bf909aa0a79053423aa69bb171,false
e7feff98f8560073ae2eb266513e981e4fb5dc3f,false
9a322f656f8dfe05a595b123ddfa7362fd41f9ff,false
d7bc55356c5ce9a8dba23d7013bb7a8c7a381bbc,false
b39491f20acb953f1cb93fbe9e8acddcb3b74e90,false
396b672f777d3b40451984c015b349cc07a915d4,false
6f34f24fa9b527d7c7325140e42cec9c840cbea8,false
69ead095776732e196fd5fc8324f96204c4a3620,false
63d706370b78b7a909bec18f8599738a42deb403,false
c9d418c048c0f4bd0165b076a30163501bc65db1,true
f35d711f48f5418a06b465f90cd02e07899c9d4a,false
7d47bb22dbe5190e55f2cbaaf79bbbebc1a9b9b7,false
67a92ccdb7553d55ed3b4af376992682cc1dd252,false
e32e683b95f6094b653a106f5464d47ce3217c12,false
dd8104bcfadc33ac0e63b4b9eb4ec939687dcbef,false
28f6615d4e985d5d0cd3378ca02fdfc0379afd97,false
946c638b1d080d268213e09f55fd4d9264c29af1,false
d835614e20c4aab18057d0895f83cd471e42d77f,false
1338a5292e01c7751a15e8e0023ccfda8e3bbd15,true
6fc47c9c2f79ddcd43e25b71238797ee9f8bff0e,false
ce80a48365693e79ceedbdbec3ed03674a049f7d,false
e3d2da5f10224b03c89e7e1c32b78eec0e666731,false
6d2ea1e7de09c68792747c962a65e86e49b35594,false
66aceb0027d1a8fce1678e61c55404e3195e916a,false
084597913b95ee50f269b39bb25c4fa0e306b31e,true
09d32f02e72ef76c0e020f28c2bb260a9e28ac5d,true
509cf0a63464e67d2ae7bdb5666133b9d5cf525b,true
2536c0ea787afe6e76e76d1d4ecb158f6144ce6f,false
ebddde745a89d40690e6b29bcfa2ad48bbb8081f,false
b141d84f509e6c7a0538b1cf0ef5c02c83a28bdf,false
ede91fdf4667da6bd2334b30493b8d1629be9bfa,false
cf71605bb3c9c504bb4227d0406666e77bdcff11,false
12f66d41dd464c0a2373e167910e31ed5f06101a,true
34889147e1b5b6a180ab9bfea98741878992f4ec,false
ed5c6c824485258533534c30d464d9b5de440064,false
380c42e65a57d78fd7ef6b6387cb40f3c70fcacd,false
d1e5da7175b8ef432a6c6be6ad406d469b08f4d9,false
f0571abcd40485946a22296ecd70fef38c6581ab,false
c7792b7e68a7ebc37cf25bf648348d1d738f320d,true
a09c44c1fa53dc72cea093a0bee08bdc774d50e8,true
b7c4a6f5819cbb0485f21f11349700e847d5403b,false
5a28dc38ce20fb4f8eade0c10f8262541bd0c326,false
a05a90b103722785fdaa7c1e7ff148f265e21441,true
e639a7aa4fd5bdd475f437e6ca132d9d293a0e75,false
e355724fe72df90b8d4e6a9f400b0cd90e79b202,false
be1feaffed83406f37f77048f7b3a9809af73c70,false
88bafd0ca01f69ce2572d77f43b438966e0b897f,false
8c6a48daa9772d9a47d8a968a3337edf8b6af8b4,false
460f486fea233fcf4e059f740f058be01a3c8ff5,false
0804947564b3f1f5b1f2cfb326c38efb42f8c956,false
de88e14629c4e6eb74f616a0874aee8736246c86,false
664b2aaeba9c7f3fcd9f3f948e7e0e8f20b81bff,false
96ec3fb6491de26bcab54aeed037407dc794a897,false
5d320dd304e428c8b999af4966631c0470de17e3,false
3b4d72a20fda252391460c7bec6e0291ee9964f9,false
c157b3530d11cfa6c1ac62c9e7b87e18f704b335,false
593185a01c5c4803df2f67644dba4fcd5b792765,true
7b70c1e9f692018c10db57d3c226358a497e584e,true
b971c3e01e01ed95e493e86e00b206be8310451f,false
867890188e33a449657a171fde5a669608079f91,false
1cedb3b4a395bc8b5a329deb5e9b823257a83578,true
c1f216312d8879bc5040b0d04dd9d4ed5552ba24,false
582bc7aa42c3077239410c685c1ac21e9ae5642e,true
68387bbbdbe2f8f1220bd20fcebfa5af1d94f900,true
0a03b45eed6608372c2fbcc380ce05413e73cdf4,false
0f49f5dca0499deb48d1017fe145c090854a49a9,false
efee40b52e106100f65d5406d4b96eada49276a2,false
6b3a421e189cf65802e88d9ee8defa32bf3fd977,false
b78de3ed48f22391211b1dab35e29b985c7ee46f,false
570796814ec2c03825315acd8b1a661f6dea4650,false
5a0677ecbc92a29a2377ef29061a9fc9ada36492,false
8cbd3f83463292a8e3c6d757120c27c8943957d4,false
0cc7b61f8190e9313d7fe96374bf47f721b49a4c,true
539f8748b1260f1536e450122e10721171e68803,false
881edf31fe2a34ada0d7c1de5e1955e181a5f5fd,false
3a0bd79730652297ac8b52030062590c2905b463,false
908d053cc015a0d7927a193f1024a368e2b60cb1,false
e02a3ed044dc15c67006490ce7fc8fff8475e389,false
88de20b3e0833dce07ec28d02d0028ba2432c4ad,false
112b4473059ed6326af08ddc9fe9d791ab62ce5e,false
7075d1df75479221bc5603b62900256f81427744,false
c781b473c6399e646774f07cb7ad0b7990a07d54,false
62c03196c634288e45735d54af2cdf078000e792,true
7f1545185d7c1273a5614cb7a7628e5d03a27f0f,false
b8d2774ac3a14397ea63f8f073fa74f954c2b753,false
be2b601b8ba832e4125bd2c43cc18829d6702112,false
2b1ce999658ef5fc35cacdb78837b173e7bb1282,true
fc81d592d4b348fc5bcdad9df4b211ab1d5906b1,false
3f6c59a384c79a969d0f5b17508ea7136890b29e,true
96ee484c2dbcc8094fd7acec5584d420c072ad1f,false
39b43b466ab6b22729804f3df24026bbfb4ff206,false
fe0c3498498945c7c4d4e3febe208c254ee0075d,false
d8cdaeaa2792b8a48eee1b2082a55c1b92bff961,false
01c383df3b5ffc05d938f1f89b3f76cfe21c807e,false
861a418211285dac45942c99fbf51678db670636,false
b8bcf8e98819b12d2a3908a377c7e7689a91329f,false
0e78f80e2bef9daa53caf41d4e94e48ce438a8c3,false
dec640109995ecdd68e8310df8e163bd59f9aa15,false
f41156b0d992aee10e015af24c131b9d4649149e,false
c6384aa2a5a1f0ced090ced44d1f31c415341859,false
cddbd6c4e6723f40c6614739d7d80a8577c2b79f,false
2031303fd675b0b5625064fca8c173c7d939b742,false
b501c787da743c0eecf59c177be5f08ca0e20cb5,false
b43d65810887a7c1cb9a5ac40970c4c8df2c0efe,false
c03772fcb8a8032163107c2bfa0ec2ddbc2e92f5,false
0076420c5c9b7ad60f0b4d5de02b6bae23c3b114,false
0ed6b1c31d218b841514c613fee4fa4f410ce8c8,false
9c43a96d6939c655c7dfa7bf16a8531789d7c3a4,false
a3997d7f6b505529d2c2caa2f6fba968278a1552,false
14a1ad5c904d2a54171c0497246460fd9566cebc,true
67d1e03fdb504db1a803e198ec5a77d040328934,true
376391a25483a51ce9c9b22ef48f06e7a3367d26,false
72761653a57c1b928b3db2ff924f37d78f470beb,false
edbc7f92f4302b379b96eee639191ec31827767e,false
40f24a81e66c83973bd23ab183cadb4a42ca2a0d,false
e4c4407117a063cdda9e0e9be7547db0bd112836,false
f1bb16c89f9db28ebea6a3a0e182abd46f82a67d,false
78b06321e9963777b7240fcf26c2671819b5d592,false
932e0597a5dc9a3f750785761bd268afc5c661fc,false
8dec1b445f326a25db066055e0ea339eef0b9aec,false
2de4841d74a6a5d81e859dea761235a14e57ddfa,false
959a088a12dd6760b06faab74892283dd8a8d68e,false
d84c1b002aff00c304598f593b498685c142d001,false
079da7897094baba7d9c7416d27872524119c54e,false
37174b5390f3a60fff8a8cc20ed847699702b860,false
418feefebc4c0c010e55ac1cf5efeb821805fb19,false
a0bff3d18fcfeb1f3b947ca1ada74f52be1607e0,false
b60db7123dda142a6120a7745437cb9be349cb28,false
a29dbe480b64cca823e4e0cf8ad6c5592957b7c4,false
9a3351df7808db8bda42b7173df94cd946889755,false
d811db352d6772e67e5e9f6776019152bff6f404,false
34e557608896c9a29adac800d288ca2c5cdf4c53,false
e93885a65c8f9b88f8a2f04efc70fa7e30345442,false
0fa57bf045047ae66d611d6cde0eeacb0b4d74f1,false
385b1187b20d8427609a00281b7839dbcce88a47,false
5819f7161e5cdabab9c86218c00c294759c5c8a1,false
7b7d8cc23aec494e6f945c96dbeb33194a344915,false
7ded61cdfb1a1c71eb36c7dd6216cd9c4a64791f,false
a9b9421b5176c623ee9dbdd281a4f150bc2eb9f5,false
39664117d8fcc13c6431f6f38e7829af446a0040,false
71cd4c390cb0353d1eb393a7f9f370e2b13fa930,false
85ec91ad8e048623063027b75389c4eb2b466f36,false
d1cd60e8790063ec9fee79dbe2b12dae03b35681,false
b540790cf21e7d25274a3183c853eda5c15d85ef,false
fd4f2be3aa52ca3b5e5365a390845ea52a7fea52,false
30ec853d7cb49ae7eb6f5052f03881c299aaac65,false
46e0f4d69e31dfa766dec8e9bbc2f0793dc4e26e,false
72708e3aad22d28afe3fcb956e0a69ad6e8965c0,false
bd1468756615f77dce98b863015b154bfb8393d0,false
473b675aabe4994682f8bfec6bc4358d74cb487f,false
75fe1bcbf51f55cbd473c1f72af395d62039d66a,false
c765141e5b4f871dc056b6ceb6a149a4b7103b87,false
5cbc0c03c6c0e509f1ca123a5f3fdc667f94b02b,false
34c31333b92a8cda9b99f56613ed15a02ce3b2db,false
6dbc8ce0a40f401c00f91aab7c1bc7248112d89c,false
29152f3f266cebccd53a9f9e7fef40a1ac494d56,true
3831a12e16c1239750ac0ba88bc8d83094691ebd,true
d7e632cc17bb2a41b6e5e9cf1ffd1461f85d23fe,false
a0e6820fc16bd922214de07493c2b6871384cb22,false
55171bd31d439c31a457bcc49d98ce6d669e9db6,false
e5657b6541cdfe72fc2f60c27b9b54e2669f6f8e,false
526d3e7696bb9e9b20c6e9abd086fe26c0418a99,false
5a16c02000e94c5379cec195aa9e106830a435b7,true
2d74e2c3a4f702cefbeee648832173ba140e2541,false
1deb7983637a5c9272970eddc15efcd066ea711f,false
078517cbd40a34f4f750b7cb3ce0d64dc3a34ac8,false
52982520db949273dd8567e59134315d8e1b9a6d,false
82656173929216cc8a1dc4ddb1d7affe01412760,false
98dd91d4e97eb75baf38d2f3ee266a0880fe6448,false
26c18fd95a043137c34c4069f48b235bda44d2d0,false
cdde5004442541ed579520ad04915ca22978fad1,false
949f15aafe8ad0725652e195c7a17cd2e4acb3ff,false
c914c059c3b7ae88b4d0d5280d8e26cef53196fa,false
2afb24a3149ed71e8311a89b04571c323db7276d,false
1ef55789dc004858bbdb2115d44b8d47947c4629,false
0c6b46797987cf98762f54ff1fc15c397c93e706,false
f3292b87010ff21ce133a7a5ba421845d92ac77c,false
26f1c5d57a275f1c6e1f2b71a25fcaae283e7b34,false
5952ec82cb9a80a35ca4b05893c2e832672c86b5,false
8f65cd9262d30c441a28a5c38e533d4df179e458,false
d07e6c2ebc24607066bc15ebbaa029b8b1016548,false
4a45a46c3ccdf422784c69848118897a41990218,false
fae88aa567e2a8961a05a9ce499d765bfe52cf72,false
50ba283f9dcefa1d7b175919accbf438f1d72a7b,false
bc0d1136bed030ff456c5ba4860ac03ce087d726,false
c44fbb41009dba48bfd10cb7c50db492ea469bd5,false
2e3c05f11d13682ae1c7ba34828d1f17a9965499,false
b84bcc5824607fe96a3b688a33b145e5914f14d9,false
aa5aae4965c7c66df25961191dc29041df8a8122,false
7dee7fde2aa22c397c67fa3ca2b7bd81a68fb322,false
2e5166acc665775b1680fcea1802472d8fc7c82c,false
57b913d1035944642dfae6ed9770fc9fd8af1f05,false
c89f90fa7f44499b0b6f1100a21bb835b04239df,false
50030ea1e4dce8f674fdd549a53fdcaf3928834b,false
52149223f2e0a414653a0fbab8f7497c0de04ddf,false
c1d8977954c6386939b86590bef750628fc2dd86,false
b06ba599a96ac85fa0bfec389f6e764e2ba5baf0,false
162e752a2417b256c36b06b9bcb9e51d9f935e17,false
2cd6cff9d60f23eaf3f23e953152879d7f285376,false
a71b649e39a948518db2e773edf1ffd5cede9f1f,false
33def311384640ddc9cc400f1db35c788cfb4eea,false
9ce6603e44197c1c9dc5007bb93b9c3a14d0c931,false
9c94f5f3dc8339bfd3528a0b5e77385c94445783,false
d62a088fae1021d45b364c78beb3aac5de84366d,false
a540784fd671265462b058484bbefca97f2faca2,false
3ca81480d2d13f83be10d41c8de3f0409b1c5b09,true
3dd796efb130859d23b7e952e834a39f083dea6c,false
24b81fbff766d731d67ed766da6a637f1998663d,false
67a1a64e9a11b881b3e681b5ac4c7e53b8abbb23,false
4999dad454430409228390e4184021c223d45fef,false
31a81522ea1d937033d3b30e26f1e1ec4dc85c93,true
cd3e5b3664dd7c3765bf3a74c376f1da74d849e7,false
f4ba3e6098b65502f8f78e3472db6e1d494813d7,false
bf919b69127a973e6b1b1395115ddeedb725532b,false
677a5dd0874f8e615ae0bfb5bac09fafc5c26b39,false
ac2eeb383715f2e75bcc17e9f475834c5603f978,false
ffa795dd28252104ded5fd83d52bba5bb6c254c9,false
121d15a65328aba9652aa0f6fc4ae883d0c29c60,false
af8da80a918ec59f9d4d1ee75ac6171885d7dff6,false
a53dcde64e09335b156321ac70bed1f927395fdf,false
05ec2d137e4ceeb01fab0b564657ea1be2de0526,false
2435c7cd169051e98b72a8bb2002fe1b906f918e,false
3f9c790c1577def9cc035afb9a20b75a39a6e817,true
b0ce5ce4ce0b1d1a4daa67aab0ccc04cb5f760a6,false
426a1dd2bce8dbd6b9e2ee0d56f82df7f2e755cf,false
f9b6f2908515a53757f67079ae82662e9f1a32cf,false
8d371e9d9654562a00bb7a0836ef61c6819b59c2,false
97f1ff9b274a2d33965d5e44a3d37be50f851406,true
ecba5d61445fde5142fd003ca6c127fdcfd704fd,false
d9a1b273dcc3984ff1466e2c18d22fb775232a35,false
81659cec6b0d0e98b661082b381452df2d102e81,false
cdf89f14831086bb3d6d1172444fb2c6c2757e4e,false
14fe6b29eb28b9d829e27d86233cf7d61b9d7171,true
824c3b8f7058a2eb24a4cd98ecaf084e532164d9,false
4c9cf0770a47e43b3d5c4b288d2f0953a6d4ac6b,false
54b94d761ccb07bf2602b7d890d9e79e1f80676f,false
87b11fa87869b780d9e423d803c636c400fda49d,false
a0cd98fbfe561a9c1707683f2e3ab5c40ce14f3b,false
628bad4703b82f7af6564e49e9e57fec279e4983,false
ef544e912dba9546ebedcab170ec1d0650d392fb,false
2eb05b2d6d37091398ca595e854f5dfb84730765,false
eacca94f45d2baa0393d440acd5755ac3e489b5d,false
cc94ccccbd4a1e84b00493e040523574f8a78d35,false
e19ed347cf573d6051bc147ae1c855f404c9b541,false
756e071150cf53c6a881bc0c91bcc6c5b6fd5801,false
9f1413847cba876065f0c02244113ac0f4ebd0e3,true
61f79f56c674ec672a80b1b8be4a211ec2cef947,false
4659b04c8ab29462cea25d8e2781143056441607,false
0d00a344a284e6e39afc2bd840311330af4b2f64,false
c63c1a23830973f04649102c261097a8787cb2ff,false
c4d399516589a9b48faa8c38178f244f84bedf72,false
37b4685ac37bed04b9d41e1463cbed0374373e6a,false
8f331c2bc9f36f2105523f3be95687539eb62bcf,false
5497d95a46b708e81cbd0323e8ef444c58ccfaf5,false
e01827835569b28e1ac1896c465b4a5edbbf9080,false
a438fe1835d4f32f36e956a592c6d17673fc568b,false
e3fdf56ab719b5614f4886dcf3d8704c3ad53921,false
c6368dc2a49afccdfa83815c2a19b779b76d49cb,false
72faec7c12030ef427a170950830673b2f0440fe,false
5456f5aa5c43dc19049ca9c1f90e32bcbb000162,false
204632cd711914015a5d8b16bd785345b89046e9,false
cb17a33905fbb40907ed736539c5c2ef7db9e6c4,false
b808eedfb31facdb2ab8f965e599ef004740978f,false
7d8fb27153b803bf191076cba49bb20552ff9c1b,false
325ce93818d15ca18979061410bb1ec8810f58e2,false
e02857b43cc7bd6fa9d40f655f0011a892452636,false
64623ef5760b5cffbf01f1fbe0227d4920705b8e,false
a7226e14c3f559ee9ad615b3fc68f8b658ae4a5c,false
fc2e4b13e6c175da4ae132c7ed142abe5ea48393,false
0b769ac92447600ffe4b061247beafc3757e1d53,true
c0abbdc3d7d4a939bae0e4647c657416c1be9f2c,false
d5966378545758675985cc85b8f487c521e95d30,false
c2863e4d7edd172a7c1ef8b6c522155c428fb352,false
0d5c6d3e34d9ead8ffb35beddb772a10ecc12540,false
fd7433b857185c8a392386449e296160b64a1c1b,false
3b36587996a0d59f4e5a72a26f72dd44fd348115,false
37fdb06bbc6512a6e7040eedcc8906dc9924fdf0,false
f737c14ac3d928daef61ce8cbe0a8119872eecff,true
d62ac3794325c5f48a38c2ffcb6a5ca7ebbc6577,false
6faccfb4d9599ee4ec536390a9b7bdade04c2a69,false
5395247e0f2d0cf29909b475eada05cef28df1f0,false
2543af9dc92fdc63a0c75b7b45667feb11aa44ed,true
71704c2f2762fbac04b0668ba24e00fbcb9afc0a,false
b5a9f16005366f7a7dad1dd2e8db0b0235559f1e,false
307879a711524a89c7e33cb61700bdaef0ff2a78,true
b60acf17609bb0408205c4c4474980cce535c5cf,false
fec0f9be35b13ad794b4edf28cb03bf772fee9f6,false
2f339b94233fde40f392218b16f188d958858a29,false
5177d58a707e2a39c1c0fe82a1d7b95314543387,false
ebd5521169735f540874631cc920000499442bff,true
c5ac875ba64e965790a312594796e921784c19bb,false
f81f0e226f17a1a0ebc7b0274d672d400944eb42,true
49e7ac829bc12d8356938d7a259c2c2df3138bdd,false
b37187cf4fa38efc023f9f8fdc4fad5f5688da47,false
eb988de94336efa861654a6f96889941602f5372,true
e2fa3c52f04f4fcdaf92ec0053cebfd25c263e45,false
1e7e9656067a5410804d030155fb015247fde9d2,false
d50c762b6664779a887f97350a3900fcd2b4b6bb,false
938400385556eafc7096ec9d2f7cb778c74e46d2,true
710d5d52212322e1ec259d4ac612dcc9c372e73e,true
1c0d7242946ee987ef68d1753b04c124ab5fafe1,false
6389d100c111eee0ab3065c3a3a3b6ee714b0d6a,false
d0642b8cba1da1d9e775717ae1443acb73f8d26f,true
381e244d22e0497fe409facb4133ec95b6b8763b,false
90ddadea403e3cd33f515e0dcf3a900263fdd98c,false
fda53f3b0faed43c6de01bf7cc83a400f7cb9021,false
4577b2a007a07ff4ffa73c9058ba97122a0570ab,false
2fcd16217b6a97313438a0e01e6e71888fef1a2e,false
d69e50abc04017e3128593557d0b2c24d3306f21,false
3a8cb062342127fd86e3accbb6ab20ae60ad8562,false
68c5463f67b354b3384068a1cfa13e8284e96d32,false
5222a5f6fce903e618eafbdc3dae5bc2d6b215d2,true
7f202a3f2bc0485757e5807dea1f7024a10caf75,false
ef4e900ca74f87b309999de4a1d9c816631ff561,false
7351439c798bcfec397f2e68347217129217e67c,false
09293f43d2fc3aea30654ee9dcb1248579e3cbf8,true
ee51b29249342f1dd4fedb5c1ed3ddc43c6f1d72,false
46969e364eafb7ef01745c9e118acb22791a0533,false
c49ed26420a033e93904d9d826afc88e1ba5344c,true
2abc53319fd6053b338540d689494299c237ec70,false
a70dc361cfc38559e0af7f4081cbefbcedecd954,false
46fffcbc2b38a71fa2f5658c5bb5833e7778fddc,false
52f6121544176e71e50e5a9f6225ea6579c284c7,false
c4da6115d2a73edab65328f87c7c383a55695ded,false
940d5d1340156791666b28ad4e9792e1ec1f4ff4,false
df678d4eb2e1009c6001ef9a24256c932a2588ec,false
62fbfa876115b31e0d5c4edf9223bbaba55ada5c,false
a621749e7ffe577c1e4a0165b6ee3be7a3aeb6d2,false
bdebe020a7271be49c5896be2a0a81d0354b30d7,false
aa4d17738d7c149b84f4589baa2df019fbe325a0,false
674fded54d606cb29b6b327fb8d2f2edc4137f82,false
b6acd969523092d675c69565ea627155c0f70504,false
b6acae05fd682beaa5d7a50ed765397ef47ab963,false
415d65c858c305e6be404dc14edc87c5618ff098,false
695fe65a4779a54645ce252b2c7af6652fdf459c,true
4a03c515e4bec1f82db0f64add882bcd04659215,false
1f2e92a6c605f848a2d7d5819a64f9e37d62539d,false
15c2faed985a83e87b711d8ef21739207192af5e,false
216cdb6912bd71af10e84e0666de8d8a6b909c91,false
dc0c07a9782b8ce7eb3ce6d87c45dbdbf0e3b8ac,false
8e7895f292138a230cf9a9f6109743222749dab7,false
7854ded5f0683ffb1bd605c9677eed5c0ac6354d,false
66e5d2393d8f0611930488dcece41cfebea2fe39,false
b950bac32117fdd8c64d76bcffc2c8b1cec11364,false
2166c2d0f144dc7a78931a5ae53cd697f0ca060c,false
a3bb597b39d19e549f016cac0f7c2c22123d54a1,false
7204eed71a18d955e8fb794fc823d7983dfbdc09,false
4015d3ade280c49f6615550697f57024e188de21,false
afd6c4cb73ea7ca8974670c1187e68b3d15c0057,false
9110f23990d58cbe9995c71b11df0d9948d2b6bd,false
a1c404e3873f004f3bd722582d9ccfe5a81e0765,false
d2a28b9e67fb252a66febebc0927c739f3ee3ac6,false
f83eb0401849e54704c3b7f07727de63f5ee10c1,false
0c532142eb71aed1b22c5a11e6ef2b765b1f22ee,false
24d3785c0783b016783e50b60f49458bdc29c0ba,false
536f7baef85f0cb8f4fdb15f48d37724d27b922a,true
7db86acac27f5c65241dd01650b6ebb46a0410de,true
e164183bfe64e69904d4992204e84bef82d6c69f,false
81ae5731ffb7c720fea89961490c1889bb9ef465,false
465196585033b5de54d434d464548c55b4bd02f8,false
6b76383d3850285b3e6d318312796c03840f01d2,false
721f48b6c3890d658c65918ce5f87c382ef89956,false
4fbda48beb150294a0dce6afa0d63440df6a0228,false
d631c0d6a2a3c51b983f86594e8ee7fd58ada93a,false
10adb97489072b242edcec0274a39a64c4b8d091,false
75f6e8909287b3fb47ead00646e72e0ac137a3c2,false
669b7f303ad6be6391011885f6ad78d3849efea0,false
3689361d05cc799017309d22bada61cb16d741d3,false
0befdf75c85f7f1c951f69f26cbe5f11cbc75f6f,false
13665131a1b32b4ebddb5d222c47660a50df1929,false
2bbfedc3024768a31d10b000abceab40e9ae0c90,false
e6743b874662321306793207b27aa6f8a3abea7e,false
1496f216b31381f051573cb98d4fb4e56ce0de67,false
deaf5a1503c13459ae45f8f353c51f0f2f84f5f3,false
fcc7abfa3d58760443f7bea223c89c9de66d8f9d,false
327076032a0496c5dab17eb14b90c916b49c2c3c,false
31cb8d56901101afde9f4428e31497a9206fa812,false
dbde2693571c2f053b95897727528a7bc94af905,false
0d4bef338cee8626eeeb09715ab55b4ef3a709e8,false
acd348cbcf297de83291db040fe689752b35945e,false
53288636a4b260746edb1e7ac0692c2b49e91383,false
7d2a6e363c9882ff2b3c2260f8680756c8af8da7,false
40b547f3c8abcf26ebf4ce3f254f26d1d4d76673,false
c3be533967214b4040563bd12c9e9082ce502a15,false
0f5dc4e03df4dbd6a32cdced0e4417a37a53c933,false
4a55499e43964d02611e1750499b237aa1737b5c,false
c2b49f68737f710e0a67d9db73984bc121498177,false
08c72114b526a186f713acb8332501e3dbc05126,false
4535427599a70961b55127f41b53a36d860d910e,false
d49b79cb21dc399aebb1f81f2c1a36cce5069687,false
2e989ff6e4305a8d048cd69d59781b17dddab651,false
0957d04570183a0ae48524b89ac3bfa684699b09,false
3e4764d5263737c113447d2345d66aa671027993,false
24dafb63d70b8ae4cb0f534f956b30aef0a5b8a7,false
36974a90b968a7c4d9cac324da9b6a76b63ad48e,true
d168d187a743141c2b12ca08f674ed5fb9e41e93,true
bafacd00c5bbe8a6884bb1ec4995d001167b0e7a,false
148b30aedf711bd8c993b8bcfdaf44f956f62b0f,true
12fea15f5ca87521d5c5c9e9d4aadcbd35a898dc,false
2aeb0b5d4e591bccf192cd5f58dabb2e480fbc44,false
8fd90ec62353bbfc29341419d208ec59ed2856d1,false
ead35924fddeb7a58434cbc782a77840c188c3a6,false
7fa55b56bc7e8d86c30240698048f9c2fcb86f4c,false
03db897ab143f06a73ee82ab5b2a83ae5169bf01,false
df225731f82382ce50dc3202738f31e5c47d8edc,false
5dc4fa65dd4b0a1c3b7c2c59cbca22825fd38cf0,false
051d8f363514a0c09a4d1ccccce0893d32b2b82f,false
1e90ce4c6acd3df29347c0d9f51e1429b8537f72,false
152d1bdbeaf82c81e1a25d1c382e3134281f481e,false
45858ba6df8d8cfb3a23a35290fc584b1b07de2e,false
ac8783a67852bc72f432584cb4b2ff44a0a2eaac,false
02dee687b0c1d7e6fabd8e61bd6bde0fa31f130d,false
a88f9acb2a75be83ef77e8375dfa4a1f3b07ac95,false
49e901302df046a1fb6d62e2965e1a7a6586537a,true
6d413b8073ade0eabc116ff1f407ccba8e6d857a,false
0c4ac72c1fdf031450660d4b8c4a4ee2abdd023d,false
90fb0ccc4ac1c48fecc43e6c49e1c873ef7f497c,false
16af94ac3146edded1d45ecf1286fb1fb09ba64e,true
b47710273d22bbff0c8c2afbfd363cd637ee1db0,false
92dfa22f5aaf725cb12b43d12f07e1ae02b40e68,true
1b2f9421a13f93c07fe48447f3155ec27899aa37,false
2abc21ea8727b56e2d09fff43e092b7c77d8b010,false
ce6fdf068626ff405a99a31e0feb4d7476daec65,false
37a4f09b79b617cced48de0c6728e2e4392c97b1,false
991e485b6d3a45e17b8a4ffc3f6b72b42159a163,false
76c8f51ef5981c998fb9ea4cf961fd862f8da4c6,false
0392e546177f4beca0a3edc0f53a474cda8eda2d,false
650f014a88db71ffb0776f07a280d54efd72533b,false
857db34522c14c2d3a15e0fb9e28be0e235b50fc,true
5f3f9f0172fa28a6f9dbcb378f486c32b0547fe6,false
0341b5d7f29119c351fd495806db9b678f6238e5,true
98eb24cbe90b4c6409026d77897766835ff70cfe,true
8738d5c94d794e6bfc50e8bb3abf4fe87c7905fa,true
af285854476a1ff4f59110e7a48063e65b20260e,false
d70f9e795e7be52c795b69a07ecc0828d1f50335,false
d48e8dacb1a4402f263a3f7a97a0b330e2f9ecaa,false
0dcadb6e1c5ab71f52e46cd9f19ade46ccced0c7,false
c33f1320cac02f7b252344cb8de2608fc5b0a3b0,false
e57d5d4b3e9e7df73170dc26aad1c1a18046e608,false
efe8bdeb31fa226f7cb8798967a55813e70c4b55,true
3024d71b8f62282134651fc676dead8ad3144814,false
0c3a312b2707804e878cf974f40c656a3fd764fe,false
3959341caa680f9c9fdc227953277cf6cf6d5f16,false
e0ababc142ce9cf587e40bf158c3f6833e5b1fd6,false
306c858ffb6a5f47670aea916cb83b73a5669847,false
52d4fc4a29b655d9b6a60e48ab292953d45fe4a1,false
438d436c4871c87ff258316cfca84d4700796a3b,false
b4277c98bf8b8c53251541f901288ea9f0b8e5c9,false
3e14421a6fb0657955597ec8d09b665e04eb90c1,false
ac1ede841e1a7aa66f913dbe30b1733618605986,false
7db3a68f1c1974f903c329dedf7bf649d26522c5,false
30887f1ae04c581288f2930ed17bba35029378f3,false
2664960dc4046ac3948d35a30d69c9e4586e08c8,false
cdc4ea23b694f67279174a689c628dbfc4299465,false
7a018081eb04f74bb8e05ed83c201dcf5eb2cdc3,false
b6e9294ddf1f719eaf23c75bfb212d1b4ce54962,false
0510a726c7cab63c5ec1ac380aa3e3c3f520ecfa,false
fc12f11368213e8139f9d02542f703a2c0b3a69e,false
e081cce523024ec8fda768ce4cb7490bed7265f5,false
70f405e94d094ac3dc36fa0d3862ecd5f4d0a142,false
b802e591449b2525630d4dc6c5c2998fdc95e64b,false
209c676ea438f27399503afb4302e3b084b56e99,false
557db30f917c647ae6d71782579a1220b45ffe35,false
998d0104de6a7517bd9422fd08b248246bac9c7a,false
7d657fd05aa3aa268fdfd188b2649bad5b0437d0,false
fc2a83198ebd5fdc18192c832ffdc62f76d737c3,false
d4351210d01040ec353bb240776945f3a92cd72c,false
a80d61126374d61ef72038ee104787a3629bda03,false
6de43e2761e47a76d15b7002ff8f01633526edf4,false
a9ac0192e7d82e48cb80a785b931f260a939a054,false
8a8078f7ee09e127ec2ef170b781778bfb68f9bf,false
7ddb3614f330e0ea536287106d3fcd28f3ea95d2,false
dc6dfcf255497cfb6b7446bb207ebb5e46e389e7,false
47303ee20c3272fa87c7bf1bc2b9bfcdab5c0cf0,false
5ee02f3f6d1576ca6fa6e8dbe6a27ff17be3b57e,false
7bfb607e3ce150d8effb0fda750b77bf17ca565a,false
9e5e73f5e7bc811cf2f8e22898b166313efbf862,false
0c52e574d7e32490a68036c458544364380acd14,false
52ea2328ecaf410d4c88ef3c5301dc68646de3ec,false
132125084355b527495187621977da1dd3bdb481,false
40ac48f34b8b19cb1e80fdb9664235bc6b8272ff,false
bd7bc6de686bd00bd8bc8b1c8fbfc4b6533dec73,false
7a2a821531f1882758aea6a84288494dbe9c0a9f,false
36f917c1565241288f8e38d581c7cad80fbd5cc7,false
5d4527e07dcf5bcfce664aa32a8e8c9e8160488a,false
d7d4f5a79f6537d68b8aa59c803a763b67f9beb1,false
8078bca89b5c1ee94a56f769b7eb04d622ad02ca,false
1f553640a5b4774aa24913f1b381192f51c4aa2c,false
fbca7aabf485f25153cf74c8f528197e4970c2b3,false
6e40f445428102d31db1e3d7a025171a1ee2787c,false
7516599a7f094fc42b0f6d21c8fbdd953e141c32,false
7b048509565b34456e3a68c72154e62386d5179c,false
fa5b7de7afdaf755f7b7c7237de81dbfd0735e8d,false
24c7f71de260ed3a924f3a709d19577874e6cc27,false
8b6a111e494424ef0cec97bd61f27133936580be,false
5d7b5d4c1d7a47e8d013e4da7f5f4db5d41cf8b5,false
d24075c247e0c06063b90469ebbb1a1da2b0ff60,false
7e48443933f0e437ae48c0a10ec21df974e26b87,false
d76d4015c7e72ababfbeb5eecf9a71e1e9eaf40a,false
aea55f5dbdde8cff1f9ed4a950dd30e17ad67713,false
38637f03d14e8fe377fbd346790fd15b1c60fc34,false
661ae848627aee3fd824fbb6c60aa8d279699836,false
d2f7658ef8c3c1075e8e549940b7819ea21feab4,true
b12edb30903e72499feb1eedd5c65c271098a3e4,false
67eeb2e1e9241717ba1eed427742f4b752fa62bb,false
a46ba4ce625f49528e247bb14d520c5074230d3d,false
6723a3b0f3aca4d538183a7636418ef787563513,false
5647979259c519aa67f8ab1def87b3910f23627c,false
cd801027dc2d4d091aec0cfcbb4bf460d741a664,true
7cbc082ae7149e17b88486963402d163b377b806,false
8c3271f0566994d34df7e356932a44f580ae9df1,false
5f483b6b28aefe1e7dc29d348a281c904c5f0ad5,false
b1c3e59c8bdb11d52336004fb2c9760a5382a0a7,false
e7dbc757cbfb3c7683d8d705b3d256aa167e8b3c,true
28a607d323b3e0aace5108ca44fdc48443b46c80,false
3015106e8c5e57fa2e55c8aa8beaf2baf1e570aa,false
6d00f05b5e507bfa37a0117a208a0f19d2795dd2,false
88308ec6ea61f87d22e96850ecc1c5b16fc85750,false
0c0ddeb510619b324350e6a4a5de3d2c01bde39c,false
463d4f8a04d838415dcf99e4da2c7e05329fe26a,false
6ea518f5e5ba9d271c8004081208a10bdcd86a6b,false
5505adac56c542ee5633b77723d066e3c225fc71,false
8eaee62da6516145ae4f8d640c5e2b29615e98c1,true
a909e3cb0898ce914fc1a3f9f5d7014e6142b4f5,false
6928c7c7805a26d9ebcb26e962e3c8c128fa14c8,false
ddad98334e8515f0a5e101e92e4ad098e1df823c,false
3d168d5f38cfec1d3e905849e13d313b280c2a69,false
7ef70ba4c2dfd0b38038e80a6b0c672ed72f48d2,false
0408bd5d9fd7b73c5e65ad4da940afc0836f956f,false
dd36c4d90b7cdb1d711580295020d6323ef8abad,false
86ceb02c80f267d92e76700d482a6461353d4d86,false
e4bb4c9a39c958c2df62c7ab14fc3e6e42ab1b72,false
ffc7dcbe27a25229fccdc619347b615702594d9b,false
2a4e43382f8d117950bde5bd6a45eba69dc42a90,false
2848151761303386dd81bc498b1b4c04832c5ae2,false
232ed15c17626a7c359f9c5459e53e4ff8f24dec,false
7572a8dafb4e3cbad66471e89f80514697aad9fd,false
7101f10ac290b6bf208849de076405ba7c29c6aa,false
18a75516df905a23bedd712e8bc082eb8c3f2c76,false
996630a975dcb3733049d15a67e5f7141dbf2bb8,false
bf068a797e6b91679174baf957e6340681717165,false
32a189a20e1b8657f8f5a5cc202369297debc8a1,true
854b2eee3a9a994ef1eeabf80b358df882110b56,false
caeaef3c7020dd28d615b4a2dcdc32ed52aa6282,true
e126b9564bb6e63bc70ab970ed3ace4a919d223f,false
ace31e3a567a1c374ef124abff9ff9265b52178f,false
beede99d79468b6448d867c89b6b52f6ed914e1a,false
4ca4d2b8a6517e2c62c4e8423e640153c2a23596,false
2a9a00456f482df3feccd618125993e0db80e9b4,false
2cd536bf68171c0d073f2debc4dee97b2d37557b,false
91215419d1f8c9ec4c27c31b7426cccfd7467583,false
c577d22cfe194cc28cd9476d1045b0fe412e3d2e,false
b281f88b97b9499b1c8e1c7ebd887866fd4b920c,false
340b92e96bddb0f6879593f1b2f03145f3333297,true
06a45598228ed6d5f28dee1d37fdff36454b9919,false
d9f93c8836f42e2fc5e90d66e0e9351d78f24ff5,false
4e0788250780b73474af973f4c0d8880c4cc5979,false
a456b5de44fd732cf6170cee0834fc9bbbd0d6b3,false
1dad208539f9abf3596f552b471d4a925b2f973a,false
e8fd7712ba9b2c19c889dbd611b62f1a0bca8bd5,false
5fe4eb08cd1e69920a3b8c4dc9e325219c533edb,false
99acc86d2d416f7faedde82951a64e13828957c0,false
c362c62db1cf0192b0ff0a54f9579d2c3d63f32b,false
c545e94ab292131a82d3ac6a24d9ba920f11763e,false
2f5afc59eaccbe91e5e6e4366431641ad35d252a,false
8d6702fb832a9f2760d3ed0f55d847425a1b6e82,false
033b9c42ee2010f78ca030710ab0c830fb448d6b,false
21fcfc6a67308b4dad259b0f0febc283418258ae,false
1d908f12dd0381972fe2e0ee81c4f36c15ae8777,false
13166714eafef7fa955c0b9c47b12d59a8026d26,false
51dfc15fc811a90d2e11f852f868ec67d5669249,false
48f737f3c7fa7b49e9b32c09c4145b068e34c28a,false
4cf64df4df0c78d4e11340b5bde3e6dce47b838f,false
7ba2aff7b0a1127e0e797c8f1d4b9d684e8a64f3,true
a63144d5b3004620f881877ec58729c82d8d5ee9,true
cc84965f2d404b911e53c33ea208f22d0fbcbeee,false
47c5519a61c27833f9ad03bf2acbcc749d8ee0ca,false
169496ee969f472dec0e292c748cfce662484d60,false
845e0ad2921e337163cce45e475a6770aad58138,false
4de0e9dcd4a10e0733bd19cb336b1e511eea1138,false
e3b51854d17ad04af4fda56cc8450134850bed1a,false
45e90864378a681ca3b25cd95f32ce0ed9389377,false
29199994231b323da8d7eb59a17648e7863efb3d,false
3f6076b96ef95fd6bc5706cf8d6f6ec9c6c351b8,false
109ed7182596eb88bd978c2e4dd5f75ca9d1b129,false
ab9caa25713e75d37aa99498de3c57bc7f3a7552,false
5ad7a3d53060dd7db1ef5f5f0a12c62d5eda09d1,false
34c122964201fe3eb9d3c3f7b63797c56a9c0069,false
e74ae5a9880c78ab0a4e948215ba2a20e8c9627a,false
22c00977ccbd4d3b5eb2572bb04b60bb7dd2cbe2,false
e88485f14494ec3c913376fe66db5e003ae5668e,false
701b8b770fd7e5e719a8da9446b94bf612ca8b86,false
3371436b6575e8b139cdf127962af41b9d63f0b7,false
eede338365efadf6c70825948ff45941eb19f621,false
0c8774c9384b4295ce85b27c7549d8e13f6dbc15,false
dda5323afebb4c4055b40bbea5aa1f2838488248,false
606f20a7ceddc2ce7625c4f873f8c7079dd49283,false
5c116cf9556500fe3088c922d2f0f16658da0efe,false
54f9d568d0aacac9d3c65498b274dd1ed9dfa843,false
38d7ef02d601c0fe9b03e9f5acf9b0a7b4e0f6bd,false
c59d69685224c60cc72b7bb25ed70eb291ff40d1,false
7db5e0410dff4ff7a674a8fba16fc828e6991e07,false
39d54cab4bc83d9cee62336e9bfb9527b75cd994,false
eb213e13f6231763cebef3503535375199ca1d88,false
a907a42d783fbe4c25d4248e4444f55a6abb0713,false
b7580f3ff585d5996076f4bd2425f25562de07c2,false
8ca057b448792a9e6d7e51527acf2280bb6ce7e3,false
b4e9d9504124dda2be1f2953e1c8d2968cd0d008,false
0146f5723b97b3d6dc0c18b27b08d7a837c8f8e0,false
3ed8feaece0987376666af25a8c95e904bc59f68,false
fdb0309024b94edd319a70af864b4f3978703b37,false
9e3749a0a8ea09c4ad5a3025876203f3c39437fa,false
9ed42e3ebc0106bb89c03badf77c82c89d3fa4bf,false
c76f0330cbcbbeadb22b7ef9fcc31131ccb54d01,false
c86d68237fa614275479b53731f59c9e25adec6f,false
efcb72f01c49d8b37ce60b81bdb53c18321b46fd,false
141c57c63a7b40b0ab448e23537c56e1921d85c0,false
7d6ece3cb5b9640237763e7f60ef2c5252f52d44,false
07ee3375cb75c38e3aac7d9264afb2b25beb082b,false
c000be156b048186692e7ec419fd2307a2a323ce,false
38a4310e0edbbefe346d93df03d8622e4b0f715a,false
d8f274355f8351bd2c2f7e12d351ed5147b50a27,false
70d74c41290c050c6ae3379e47e47243fcc2c8d9,false
d61ba0e1a7ceeea3b3b3f5add035e9549bbdeaf0,false
59ae07071953163ffc69276bfe6bb12fffaee83d,false
a77ce9fdc9b7c3919ba3fb4c527408b86d29cb21,false
08e1d1529d22af72526abbca8f80f433293b46d4,false
6a0f0bffcec37a1d89ffb8c544d4555087c8f106,false
47a90993d48e96a6c6a6bb6cf878f2a86f8b77a6,false
238f4e481d6ba762eeaa5c7185fbd9bedd81918a,false
2443757fe934a66a4563c1edfc4aaa705a769d95,false
cdfe761650917ec7003368b7fbad2061accff742,false
8cc0200df0c97f6c9ce859b1a9d28f4028f080c7,true
e6c3bcbdad7e50e43b04acc68c081a0c6be8d869,true
f38b2f5a706b8740d29848c9bfc639d52672d5da,false
bdced8215af673e46c67fbf5043c5574863009d2,false
20965b239a010ccafc5e94484e80be5f915e4892,false
5982b3334d4a0fcc4b95baff2837b766ff248331,false
f804798d14abd245db7116f2b63e3e001d8b4070,false
9b84765b92a78e9c5af9285c16202b0c86d5f4d4,true
e38dc65e8174c8cd4d08373bbb8db93cf3ca577d,false
303b950d342bc2d33cbebb042013521272244bd7,false
7cc12c9a78b0c8d1edc068c73580edc9142be1b7,false
b83cfd5cab502d7da944722ff6b1c98348b469a0,false
9d96e9a88fe43469e864380674893281bb8b75b7,false
0652ef38cc37334f64e374f63e9f21fea9fda1a5,false
c91671aa4c82c350dfef43347214ea06f1bebeee,false
b112cbbff02bdbbb1c863e5fa685e0ebe1f323d7,false
5f13011b4dfe81f73442c904c031db3623daba84,false
ae8bbf49068e0c15c46f14d9bbc7825d037a34c7,false
ee41c1d4f4b6f24237450004f9a7b9c138301474,false
b9ebc7fa443fef70706b086243dfeb6df969fb3e,false
0e57fff940c1fa4a42a7909ad03e171d12594a42,false
0f4baee690b37309e16b08938675c15f01b8e2db,false
08ece9415f9a566f882d4fdd0ec1a84e66ac35b9,false
13ffcc6b5667af31b93eb580d998e6702026f8b9,false
5fda9a065fb2d94f34dd30703cef6443c075e46e,false
ef52ee7f7760b20889935a56b28877da703a1c93,false
810442e295ebb4f260dfcf7841b29ca18924c611,true
5bed09b1529c242b7221d2f5a664499293ebe3f7,true
b025b8ea2e6b6f6dd9adb613aed2efa757c55202,false
96f488d994e494455681a23e5bdad33a76009d13,true
2eb894aa119732351adf14812b81e00fa7fc1f76,false
4657a16c56280391ce7d7a4b3ce2e8f4bc5aee97,true
bfc755321a1f3084371a06cff3dd11da8ae5bedf,false
d5cfdbf80d1c1b8cac954660e9fa1d20e336a5a9,false
5c0724d8916a8e76ba82a3a9b68820a5ac2fecaa,false
42f397e17435c71d7f50f55795d4db495d63af57,false
d04df18c46558279063d943bdd8c4b8939f0d477,false
02c2d71b7a38b6c420a4aa5f49f74699f167438e,false
296bada212e66529c457081a559a393f71041121,false
66de88321aa131e3882852bf2de7331979e6d58a,false
aad81ba64a7f8827138e7f6a4d95c1a9a91a6d89,false
9b641d282d6f9b9614cba76731376220c221caad,false
335bcfce177d760fb72ad4124432c3244be11fdc,false
6f6cecb6a3d0710869177374487d559eeb1bc1e2,false
b0150900d7c187aa096c0c8f3b83c19dec1825f2,false
11015bd3dc4050dcda973d9e3f91724feda1431c,false
8ad93cb3b32416acad0e6db33b95c0cffac4df8c,false
e58af3d5bed6ed937c7c1c9b3b0bd83acee15a18,false
8e98445ef6bff1df2637318f9bebe5dce770948f,false
b772f453c7988d6560039f240fddbd2b7e81ee02,false
86803a4a68eb74f2bc039cc5b8238be37c96868b,false
a0e9a65c2c840997ef5c21332613a8c8359f05a6,false
cea3187838643901b30e079197ad9a60015a0dc6,false
edb323c37779428d04aa20d1a4b6d14001953751,false
741285dc20234acaaba71320dc356860eaacc042,false
57e1a49a8a7fbcc73a1a0d397051b8eed666b997,false
b938c03c7d7368d3ac9d309863046839b3830066,false
1d435c487ef037f63d50d3943c2a10cc5c4959b3,false
4b7a8a2301e93fa8f6f43f577a756ce01c1b2be1,false
52ad0892d0f7fa99c320b54cdd204c6f8d7a3f9e,false
891053996113bd1b6c91cd0a12fa7dd63760b5b7,false
da479af8693311e34370e488e01dd2973e2f58c7,false
21787fe42bcd4a5d45426584e9cda528a9480791,false
2a02080451ebe37035c071b0be9b6d9af59b6cd6,false
5fb9597be95ec455e5240d4b94be7df98b8a04d5,false
8f291f8d4045e335cb9598bbca9a8f91a6a9ec76,false
cf56a4dde71de1670357af1edc875732c873e502,false
3041bcbccc3de0285571d541f10360da1882f839,false
5b0e4af89b3df7eaaf7e1020e72c06505ab6eae1,false
6eebee19e58abeb6107da4c0a4c6bd25e1c8269d,true
583bb49765ff6b37e4651b167b815e8e27843d3c,false
7b4f5e671ec896661b0005560c5de6812f9b1fd9,false
9c9288c7a83ca89ce88dc6f31129653876364e14,false
fb8dd2aa116e03eae07a3e0f2650c84d2c57640a,false
c31689f415b5c5ffe605bcfeebe8d0a0bde26d9b,false
0ceaac8255c86faf1aa9a1076507cc3f3bae724f,false
069732b7342292f7b92763c600ebfe094a84d1b4,false
e9f7a823ad187b30a71dec161deb45ee35980d35,false
e1e8e7f32c330d7b19781d5f95bb189d7488eb87,false
eaa624d502b0484fb44014eb1b5eaa83d9105263,false
ca304d7f73ef71568ebc817c069f149609961b25,false
1a7b06bb5db9ec60d860018d93d153047639e055,false
923559e30aedd921ccfc32bf0cda42473ff7be7c,false
3b7187fc3904a6832dc4fe28200ae40591cb6d77,false
eccaa6e2e1d2abc1f984ea387934609e4ad258c4,false
f9a5909d106259f6930c69b007540222368a1ac3,false
e5caa664d5b79b75bc435e7328cfc93905f74125,false
e38d23fa8ed5d94b5d9aa93925d47e3502b419d7,false
ebc6ffba57d0e55b2cb930fd34429c0315024faf,false
68b9f0af03800ebfbaeca5296a1bc9b0697965d3,false
8c661c21c273ed2a967d4ba5cb7d0a7da58dda3b,false
69e81ae0104503d34fe7a3bde451051d39e1f984,false
79d5a9eb4801d517d43ea5de0070e5587c328a18,false
3e2002e40ea798050b5197c82acc103e80778fd0,false
31469709609bca9e1f7243ace8e011902c4cf70b,false
5b790a9be89d437605e13277217c9b606620ef8b,false
ad4407e8a65a826f5c1b9db9aae3cfcb72c8956b,false
512ae68268b5866bd45cbe3e4d2d997554a3e014,false
e4b55fbca247eb727364b3e3cefa72ee76f1da27,false
5e3f60e2ead52f9709f86e9d28d7a7c16338bded,false
bed75e9103c6b27321574082e9c50fd416409c9e,false
a8878d7af097e6036f95a789ecb16cafbbd79da7,false
9139989b5a3aad0cc5336687c2499cf72d665a26,false
93d8a4ff570fe840400d91b9e618baf236af106b,false
4c78d24547d166a4b2c8b9af302fa7cb0dd30db5,false
1184d88f53c21d0c6c5ae60a42ea121ea9d46218,false
e73a32efeef0700bb6a8cc979463aa8e74e6e9a0,false
cb40c53bc3fc59af3069d233992823c0c21deeba,false
04212c82cb5cf18ab69bd95915b19c632028bf58,false
6a54478b13de6d831867737313c5629c3c41e4ab,false
5708831996605a4dde706cc2172a93c5f5eba004,false
52666446a46452ec36dd6cab00e7dee4aa768fb7,false
12c3557406fe68ba95dfbbbd675bd441eb9dce7c,false
b3f3ad8a2f76255dbc672d31818a81610ff80cab,false
72e70a59d694d86fb161b6227f43b0e6cc93448d,false
994bf56de1d23f88f0cca85c71e221339d7cbfc4,false
729a4044e11ba558fc17e9e171ea7c8ce870ae0c,true
2af67a14d9e6fc719159289208cc57416ef35f0b,false
80fe435c034f7d52b54cd321f60c8247ff7e45d0,true
d2cd5a65194f8536b0c83d692627a6f0cddae7f2,false
8f1679648860ee874805765e945d8b729cc5cd17,false
e388b9f372c043af27983818d3f415e4b79cfcc7,false
37080602ee0c753cf419a761e78ff54af90fd77e,false
c8f69c1c80bb1fb84f682a735611769ed97b4634,false
e2a64f23932650e54abd1d4ca82e5a5cf2384e5e,true
cbdfab3346fd462f7ba189157f8d6c229472188a,false
c769aeb0577accdd9ed52f3d6250b520b1cbbb8f,false
dae50fe82abf984b6d61eeae7285b6b06645486f,false
9f9f9482189aa38211a4edfc57b4d9b3daf2e996,true
117c2ec764aa36bb79b3531fb634eae7d9a5f9c9,false
1986433939603075ce01f32b5a608b4cbffcc69c,false
8e7d9f498840d6397c452078547042189dab40da,false
01f0b3c8506e5fe117ddfec926537dd0302b7b39,false
72447248c50b6f564d9d88a3a49943802441a62e,true
7a576e118e1cd19c5e60811c820eb9fa487ce850,false
d1704ee3562a1c602690272a81d2262acac86ba6,false
de832fdf7f1724b8b68e4e0dd7fb749f4ff39f5c,false
efdb7e4cdb91f3ff52d5649be565f88af9e8661a,false
1dbed3f6634735e866aa82ac9e11526f232f81e3,false
a4db3c3be72db097c24ddbd6ee7642bf96214713,false
3ef86a9e3e19a9b8114d3dbbb629cc08136faf32,false
4ecdc9ba10751b2e9a3c075ccf2176de252053ec,false
6506e4addc6b4e208ee84c452986041ed199d5f3,false
3d24506008dc19345d570313b7574e7b45cf99df,false
981e2a064d5f3123f53a1be1789d3d84128e3c86,false
3c438e8f09403d1b71033298f97d07d9464919f9,false
d82445c278230bcf6d0b8bead03a1667183b0320,false
a2faa3b7c71b83603331b2829228c99918a10e41,false
40ce94a357fd5c60f5a8f318d3ed6d5ee339ef10,false
163824eb5e9b7d20a139aced15c6137c479bc61e,false
127cdef00a72653f18133380d5b7c777f061f3ad,false
afffbef59c88b7b7bf10debfbc43db99c3c77212,true
00fafeccf190f932366a488fafa225779bedeb45,true
ed2922b18b79474ed3701d175a8db14123d7e700,false
e785221d3d1a4d199b50332d80915e21e6c0e0c0,false
9cabf28f6d3a47e2be83335b049876b47b6a004a,false
179e540006a5b0bacb35c61ae3083ef9f22362ec,false
2a2a29960cede46179bd64932906bf50d1417484,false
a1dd8c9f723c44248ae9bb825ca6eb241042bda3,false
439a8dac887c4cc6b2279907cacacb39423ab989,false
ef2d7017439fbf8f3114a9b014cbc2f649eebb90,false
4d0772610935780d9d99c6595589ac16d2726335,false
2644b70f424a39ab5dc9f6f920895179317d5e62,false
d6ccb743be442b7f581d9cd5ed8353ef09fd0d1a,false
87cdecb104748e6867aaf3b7f8fce722c49ec68f,false
aea608b586753829d702160c8c263ef5d664fc41,false
ad0fecb47b560d5e9e8a1ec530065d6da107642c,false
2a56a170f7602bbf48d7f03699a9ce31d1ad3c92,false
e6b27572815f6d8dae7b61b928dddd43ceecc251,false
9bfb5bf28e13a00b118e3d757330ad3cb935575c,false
b1e01e1605a9e28ff96351b2176a4fdc7e9df22d,false
6d08ec3a22d927e9cfe51944acf65cd984028e92,false
7cccff313cc87f554a2c49da7cbbb816145b3aba,false
fce18984c51b00d47e1fb6fc2bf8eba125cf59dc,false
2131d62d203f295a6c62ac63b0a09ca576a65e1d,false
96f5d9d5ee1ccaedcd070afd6e4aee6f864b93bf,false
fe5b83865827adfb8ea79d639832246072758b08,false
078fdcd14fd8579b06f07035cb994fa034c31a02,false
0d9b377187e424cac04d7410ba2fb0a50bcc7fa0,false
3c2783a78a42bbed1f7dcab8db87c7273c538854,false
c65605655a1c6db69d8baf2b34456f1de35a51f8,false
6f3a9467dddf37a2286bf81be4f268e235dd243a,false
a02178369f5995c31ba5c2f26c3765923eaf81ce,false
0d7678181ca2cae34112d2e2ce3ba81f5969ed3e,false
1ad8c14ad172af87cd386b4579ffaa8a1adbf9c8,true
17cc90f9ff69e9d45532232d580397a77a27e283,false
dde18b3c730451d690f8540367f70a56545a8d52,false
c930dcac7b3d696ad8e86eb973eba20a62959a7e,false
0fea3a4769d46e2913580bd2527b48e5043ea4f5,false
00764a8cd17dc6d8fc8633c2e59482857ea0d14f,false
fbfb275d6cde5f76975930f21f3ed794ab9bd94e,false
0a5697d164991978f1f92267f160d547e4ffd48a,true
e72d1af6b05e8636e5730f51f0022ee513928e8a,false
64bd3202dc1d1773c0c5032b875c00a628760be5,true
6eb5e6f532b7d5f52b135fd72f19e0df902b44b7,true
529237b33ace846a5687ae2de75c73ffadfbf76d,true
cb44757107f85379fa3b0412af74892f6b631420,true
0433b1ed2de1b18938cffee649ac7c9f55514efb,false
3176ddf8ea79f263a1e0849299d8cbd60d91f39f,false
b5e6ae1561e0100cbbb200cc8fea528ab177acb6,false
5fc5b1787f62fbca5b37c2da4fcb3985c0a98633,false
d8636d66f062f4053af8de816fbfa191adcc649f,true
f014095c282676501c2c375c9ac1aef11e1ef263,false
931c02a58ae8c648703ad4966f8602a5bca3fdd7,false
9be722f635373c17b629a8159127c98adf6a6e20,false
e0cf002ece2857f0d0fc68129d509ea528ff2e21,false
c62b03c91d5f3f692cf13f7d873ad4b57a5bb0d6,false
96daacabf7fbefd931fed25425ea4b600a5c3369,false
1bf3a6a246377efec47bf29260974326a434c66d,false
ae8f045c821e0e211d871b7814a184dbc06cb0a5,false
b6209ac8203b1d95399d72d7b13f558e683a5297,false
035a19d3b2ed602aad5abf0d8fa8d40f49eb9635,false
cbf0986cf0f937d4e8aec2522b13fb6ac28699de,false
84e8226a8c0c5986854aae9a4cd569788510e584,false
0491c160ec83ec95f54b2e649fd941a5aa8526d9,false
4defc07875a9cc4c0adc882da53673d3951ceb12,false
9730501d211e2dbf92fe91af06a46930e3fda24c,false
76400941b980b12131450c9618005f48e2eee4d3,false
6a847c8cd85c0afb5c8eae6fe9e0956107294bff,false
11cab4694d2f358f7adb49ca016c00d8524ec6ef,false
916882c85fedea52f1913f2f0fb81d95a5b37517,false
abcbada38bcf953434157771ea6119102d80a931,false
0ca4bc4bfe1680af4986d51c4709fb80711ed63f,false
a70fa83b87ae4c0e1c719de03b7fa0a9da96e52b,false
e6cf1e62c67093ab86b1b86eaedc3b6136bc08bc,false
d5b8bca334ddb3d93d49f1df260a2d0b0d8e3104,false
57c2daf599f6d049f5461a1b50fb48c0ae3ddd8c,false
1436c926086231b4734f5bb04d94f32f028181db,false
12b4bd2340bc4410b80e886656701303e6f84798,false
4104a725ac75c6116b36b1e38711193d1fa912b0,false
31deb5bda808d104f81b21c3f1b17547c099d074,false
478d2e1bebb5547d680c86d80d2b0e6bea5b79f5,false
49af1321ce4b24b54064bad6a9edff2de473ceb2,false
f629a2ab809daa670407e8d1f1dc66379190b682,false
71ff49b37bd0aea6bd808870cc53a296ea45fe49,false
0b0bffe37fc4f80d27167be7ef6fe2a46334c89a,false
3f89dafcc871fcd75f4ca5330533caddb0ea9077,true
61003c8552676e12fe5690cdd31186ee27c83b4b,false
738668ae477d4be51f53b348bbb85bc5e37effdd,false
d637c810045c07e55217d4b71499b53935591652,false
3eadb5d87e343481e2189d2d9144e57190e5a715,false
97553014c9a7d5a22e5aeca40becff5237324ebf,false
06c80b32a381f27a434d52349bf6246570dac671,false
eda0d9d168b288e2a3d59ca46f7600e766c55a2f,false
67540355ca325d80c2138a501e3ea87e1e5a1a38,false
33b8f758978b61f9eeed76bc0b8ee42ac7d695ee,true
9de27da6e4d64f872730fe5375f587d5a9b5230a,false
6595819a62edebdfad99a4e350249a3bdd7a3215,false
3369261c2de86e955e10df559827909addd5ba0b,false
f7db5f74b8b5e8dcea80d21412398fb8a2877232,false
5d384670da16537549609426788b0b0db3b60da5,false
727ba5b062beb26b381e090a33545e0f1935c508,true
941e435832d32187fde1f84cc6e8ff950c897131,false
12d09eb72c95e6bcdf852a6f0cfa1cb7a8f5b055,false
74d493def7bbd6d35e4a717250cf142ee526df1b,false
7130fbfc0a538f03aa05ed5f63ede2f3ab6fea73,false
27a35254ed7bb133f2e7b6ff84941d9cd06f581b,false
5f7d4114e15070c5dd6c17d439e0ff63bc6ec795,false
2449f7c7f93fb3057f5147ab0956d03928488180,true
eae72bc4be727e05145c945c7a9b610a9aaff2b3,true
9d46e459801c3ac1385e44cfeec1ae31d4299b9a,false
dc264fe742b0db22ad843e268615618d31a79b90,false
cb572186085eb19027d108dcea9cc5c7f659a8a1,false
af88597ffdf6f9a6181ef0f89ac14af892f5fc49,false
60a385436d0e8d2058064a8d16c2c2f71fe804e8,false
6af2c4e3616b53b86b3109039490079e5e5123c1,false
6b6d94c0faba7dc1d148d2e8fe8e567e685176f6,false
42fef13fe9819d63dbddbc4a9646ab8555d7267c,false
c3fac07db7e5805f62b2ae23581d60bea7590c5d,true
af49ee6e6a3bf3703c85b5d8a0d8d02bfedf1c06,false
64a6defdf8b88178a61ffbe451c7b053a8eed6d9,false
a1b4da1d98c5631c9b15676e84854cd483fb8727,false
4889c25587122d32df8662ddcabff5751dc047fe,true
ffa5dd944ca445f083d20ce10868e3bdea6a0e5e,false
448deb60209b5267f5575c18b511b1c4b16bcde0,false
27b145ec4ab29b6c850cc6068fefe600907e06a4,false
db5b9e282224603eef012d849cf5c90ff00cbd42,false
5a606f09c61d6f722d8fcd6d07571610734d4da2,false
328a632e15e3e88500c3b6d82c2b8b414f7c244d,false
9a045be5e3034d1024d68e859f3efb8e4e4c6063,false
c71070368d91f9558d5158f0601b765e64118bbc,false
7d13d7c23b4056e3f3f188886a2059733e60218f,false
7c02b1e57a97de7bad28b5d162fa927f3ca9822f,false
8fc25cfa78ea555ff72754410a7f68cf1d8b6e86,false
91e2695eb858b19268b50ff626e2139831b81e25,false
29b3d2c4ffc47fa9687a8265b49299269003c5ed,false
0eef8c95397f2feb015a24da10d25e9a47ec542b,false
fdbe58bee81b99bcf6c7a26bad5812c8560bd217,false
0a4e09ef847224e1e5546a2ab05d4746a506ed08,false
3bda3c77b4876236a22582f077f19ce75ce0425f,false
c1b24f2413cda8b5c1ed87bd3f360110b0566e7b,false
ae6443aa3085ae2e10a0a6b9e1ab914badd34b4f,false
f082d55e48b8bb9642d5231f48b35a3682d9b72d,false
e50a017e5a0450f67a5e2dbbde0dc6f3e9507b30,false
9d4fc8e9905e1df04e53d5140e7b63a315b06e7a,false
5e1571f11a8079097cdbdd036b0f366b9928b237,false
d1f82403414abdd1c803973d70092779fa35ca73,false
3c0ad0e54e4dcea9d6305e930c7328ac5df273bc,false
bda0db1252c99c1a982554b9f28b5549351356fc,false
159b2a17e480144b3e4b9ee29d46eb1a2ff9631c,false
ef4e4f7bff35f5a6fae286e264c0e278db19faa4,false
3e13560d7bdaeef5a94a0757f11c83975b08ebe4,false
5584d3f8edabc199f1eceae791672cbbc52a43a5,false
a954a242ee1e3edfa1c8c865229e9a4140472376,true
a5d9443da100f1297b2db5bab62439274518f888,false
33103db09af2adcb3ce77cd4a216197fe1137872,false
ddd01cd509c4092881bffa23aeb33887a2d8e24a,false
a1eb327f2512f182b1d8738b73559b36b52d10e0,false
2fa6ea8243041b4013158c1df1e4a5f77b680673,true
045a36588e23c0db7a5641a0f95af0acbba7c7cc,false
b5c453c4dc46f7eb24f5ee7383939a9f3329eedb,false
d7a8e766a15ae25316fdf8410a1322b118d95ee8,false
23889a7aad4a301f8360d8ec6bba0a7895962077,true
eb30573516da5277f424baab764e78b8408e088e,false
27f7233be592dc38fa064dbecc8fffcfb3610ead,false
5885667e100330d480495b3092ada7da1e1ecb2b,true
76e491e89049d7547131e9e3fed9f5cb9dd22ca3,false
322e4fa23c02ac8b043707f40a6c4305835e13bf,false
debb693bf3a7a92cb6999e19edc809108f6bf58e,false
71cd7b10c9b8cd9c935b707ba78550990d972ecb,false
4aee5706590349dd43c7886c99e822a4353c1464,false
a66ac47419e98495e09b74c906bc1c5d3b09328c,false
01a3de1cf8df01ba0ff87c6b13f28753b98b4726,true
253a03eee79bf8a34a3342e7c56d84eecccd663d,false
392d0c80b343bcb27a0a8c6170dc25c9d132af0d,false
0cf391f3ef001fd8f1f825eded1a42032ee6dcb6,false
c9e0aeb6e5ab8016ba454600d988d0bcaee5b61a,false
7a5cb54086ad36265b9607f0bdb092e4b854afb7,false
3214af25670e685d73e3f66c8be70ca213f1d73e,false
0d90c98c4522db4604904deb442064afd210bfeb,false
b493aeba5023bf4d9ec28666ca199fe3be22ef1d,false
e4729fb47616234b9ff6d74b30ce38168fbf6881,false
647180d90d0ae58d96b9f70dcefbea2b3016c261,false
c5f1bff8c28f2ee5b8a0d5c345484956ad24a144,false
8a77982923bcd3d860132593775815acbed36aeb,false
1bcad7b3fde6011252c864dd5cf93939ee07ff3d,false
ecc778652008d98ab24c774c0fbc92ed96943e8b,false
5e0a85a3a36f34ad33b33639c32299b28b35daf1,false
645bd6a8b3e35026580c5408ec7d95734d52a288,false
9a44ee0609f58e724f97d0820b7a1444a07c0522,false
6adb7711636cb109edaac14c5ee0ad1de9e774f9,false
feb0488218de4f48379ef2e79e38953247618a50,false
1fb47323e1f293374109e1e78c9c2c50ae288206,false
8ab67810859d238a1d3d1d50c8d03899f06e1737,false
d7c11a5c34789f60b756d86d369b0b9c7d3990ac,false
6c4567d3d602d1df3426e7f949adb969ab2dafe1,true
d66c9c55515a8990ffe984a8c8fd41617a170d9c,false
23e55ebb81bd6120f653c5ba1d3c2d676814969a,false
59ba8494a815c7be5b3ce430c4b1cb21e8ce57d8,false
50fce57b099fa51a7353992784d7192548840c17,false
00673996023ce965c6e36f2388942998f86a5810,false
635a4d32612abcad6215e3ba14a21bdc3b9f2f3c,false
0fd665eafa3957fc2127a6d539549f22d234bf15,false
55e5cea8b1d4ef994a805aa5d7bc9a5e8b9878e3,false
c8eb7b51ce38ed9865d5b8abaa9d25f73e3d09b9,false
e43529a330cb12e9caa522628326e972fe6324e0,false
024c4b1306d1b6ec1b3b59724d8da8ea87246223,false
109862dbe3bbe641ecb67010d10cc8dfd39194c4,false
2bb1944c6f13ae2646844040fcb565d7f28b0529,false
48bb766b7f8a7c10c950d123e1523fa7b11fcdc7,false
35d3436f2598d7e5ad0e40b842b2654d8dff59de,true
1c8a2461a10b86301572136290a8b0b78e378c0b,false
7d31911f91e2a1fec27249d0734171f45cf1a650,false
15ca940e96fec37c278b00aaeaec107430880c89,false
b7f7de5ef7df4fe04b535f7440ec504f80b44387,false
3a09fdff84380560b054a92a7f3ec2f092efe822,false
f79ee19514e78ceac982b3c44ca7dd76f236a98b,false
b6777c0f89186e538c3f9ca677e5dea04ddcaa04,false
01fb16a16ffb02c992afe6b782a70fa0625cc943,false
441777451c92d872a0090311215019527c84ee0c,false
351c18d5e825195432b060a3f2dfa3aec0088e6f,false
423ab993aa8403c51d67b849cbe11ada4c4331a9,false
0b2a54b629665ab044990b66a58b56fa82cebc5d,false
1e23d8a6a90b269e315736ac0e6b01b339c9d0b6,false
159d3f48d5c9d916d75f5ec6aca7108bcc2e4a27,true
62b28367ee2a2ed4bbc7efff2d6851b4bcbec97a,false
8933cc801d9a1c5b60c2528fd8fadebad3b6db4e,true
b491e0ef22ec4382f93b0aaa75d6d08eda0054a9,false
530a4dcd9a87bb64bd57c72d43e672414ae3892f,false
3eff042478944f6245f7217ece75a73240cb7dd4,false
f658d5f77694a8c56640fc37d048944ea05a56c5,false
57acaa935b4341e336dbf745866dd0186180ca7f,false
35ae69b7bf15f54934e2914b4fabbffbfc4bebc5,false
9fc87b2bd05dca4360e7c2843e1eb2109de06c59,false
57ec0b23a8ebcf6b479f47b69015b7a22249173d,false
3831db7c0ade58505f609e53fd5c4ba9e691ff4e,false
cb8f22ed9cee0088be4ffef50e961b29d54b8427,true
308aa9d1fbcab96c8e2b9dcc0f37cf03d6e59d76,false
a5707b6ec39c9785a9fd19ef99ea63c806d1e753,false
afaeed1011e30d8de0a9c30afd6eda8f6c2b292d,false
2c0a3452de9c9c8ff8f18564b98973e32073389f,false
de7d789e78c8beeb29347f47271c52c33349cd0d,false
23fb437c804cedfcdddcdd2dcc582ae4c42e7585,true
9b76101080a86b42770bc12d48c63db0b45064d9,false
5ea122c9f56804939cde95ac453d825b3aecf7d9,false
cb33956edb90ce014fc45d6b1a8035e9a040084f,false
8d4c917faed15408a236e917782b0497139954a3,true
35fbb5c919a7c4eef08b9bd90835c7c04968fccd,false
886aea728d6f4950f1ef63283f19749ee13116e9,false
d35087c63a9c4a41ccb4ef80c9951cff7322dd2b,false
f399e65b7267f009903753a0aa5c733d03af6d8a,false
49e37a8cb6c452dc85f1b3db9096b000f21b2dac,false
11d85ab1fe21f58193fd0fff83505436f0f235a9,true
9246b5d330e6ff936e39254c4125c6bdd4231e17,false
714527dddf94e3d7c21aac21a72859ab66d1e9cc,false
a595a5448d0bfa1b05706a81f653fd3a987c638f,false
4faebf281a9e1947a0f1d0a0d43cec7e6613494b,false
6bf7d4365b8009694265ae02e355095c262e519d,false
2478e4a71d3855e5ff694fb33398d7f7990f234e,false
265fbabaaac426406816a3464411443cc5ee8fbf,true
1acf36b88acbc572c4c1507c79c6cf44a98c50de,false
6f4f25cbdd86353464d4aa04e37f55a637e750d9,false
2e4c32c6e8053ecbafe4552a6a8d1e36ef1b0d64,false
f1589ded589b03f8264d014dcc03ceeba22e200a,false
df298c1462d59171d18f5f1edeb99ab7b2ce2a03,false
cc2d2fb84353682193f78e2e3772b5c730f50892,false
c2cec83993c399d762546c2dd53dc08b262cf50a,false
b28ea6f36a1e097ea981659b14ef09e936a85538,false
21a034ea2f61a1334a16723973f4b8e33158c14b,false
897f1ca9f2de87b7e6ea4e93c71cb979b21eb146,false
6ed22b937251c6fa74dde047713d6daa031c8494,false
97bf0b0b10be8443e0074f1cc0ef7e77412dd1ff,false
ee68596164d02ac1c8851431fd8fdcfedbe174c5,false
ca139276e98b5b0773fde5906787a4b60694ff70,false
b06521a0d5812fc411dc9e8b278529ea4c60d62c,false
4e313cf40f956a550acd762747e0276f41468c2f,false
eff369138b15891d9e243fa58923f0513b136d81,false
0643086489bf3ae7cda5ec0a484c371f21c855a3,false
290fa31dd9b3a9a5d2be3b14d3b18d50871b2a32,false
1c892902cc625072c523fec078fef3e35b3192ca,false
da52600b8c12588fe6a555297bc18dfc0ae5daad,false
b89474024a356dda4c3cf6834e64530daad6047f,false
47f3183425c644ce1f7f2e4f199b3945b8e2141b,false
4018e9e14a79ac5b551db80e197beffd893dcf37,false
a81d867769a2b96cade3ce29d06477b721056869,false
ed117f9f8318206fff03d116c68c36a1cd6f87a9,false
007813027a3d7c598dd65720ab7ff01611d6b34d,true
7f017b64efb8afbe5ba3c596437a16916718d7e0,false
e7ca93e20431961c5168a8169125f89351164742,false
0a76b9b8b550fc0c0dbab39efdb6f4a36b49a3c0,false
132b0416edbc0e9646a7e70136bcc0646c00bece,false
bae3f99acef6526665a312e0567cdcad7235957f,false
7684f4c77e0db0e18503e41d67c1676ecccef6af,false
54ad76d6a2ac300c1489ddec040ea62bd38c46ba,false
33ed9501faa48d92c2694c0a2bc6106aacdd41d9,false
b59efd1788352119e284878b1d722d2c2457f296,true
517b256139986b6e9753cb5135b9f6a98e508cb7,false
2522c7f6a1a001a0d6c69256908d01b5f6fac991,true
501f5b8424c9f6f24f0c18f61ff5f60ce0567ffa,false
547bbb788cb3e68f170d8b279e741275b4208c6c,true
6b376f0604f8350b74f6bc4c13ab92b45b8ebeeb,true
f249c9711ea6d03754372806c7c9ce1d8d2ba99e,false
9a832d1c8a9d630050fd03aee23622b9b53df5d2,false
6102fe6dafcf5dcac407be532d673b65fbb538d8,false
30232dc01b780fe0d4bb8f828c0b979d77cb727f,false
61b7807436904fcf56d686e299af777128c8ee07,false
5be28c2b6348dbcad7dfdf62bdcf1a6e7f6a6a0f,true
d9783b7fe126215a875dc4512ad012bcbf701108,false
6031111ff3b56e39709632bc7e5a64e4c652b1a4,false
b18815b0d6937328bc1ef47d309bb7c55f7514c4,false
7f2bb383069ddfc1b61ac9243f40ed07e6b6e320,true
7b97065ea7e5c4947caec8ad7b48d3f61039b714,true
4347a04c38c4f48450d750267883a3e17ad5a467,true
b4305ceb90f0cffe86ac0116ccded6289271932a,true
eb0488347162ab0c4ddc1ce4962575f121ef839b,false
4d9679034d054e54b10aab558ef03f9aabcb9e0a,false
3df41b1e266c48e6e25cf287d1c28f7d2f0519db,false
ca7e9c27ebfaa8585b042b670b02a5aef1e7697d,false
492d15f422d7567e734a8b51983abb6e49563e36,false
7d43056a2e0cc933475e28bc16d638ad17e1d839,false
25b16505dbf735f0a07e6d7a3cf09743800e348e,true
69cf81b9971c60d493e77013cdec26ca632f149c,true
180a4b87cc9eeedcf1c2876baeb0db8e48d8702d,false
615589593a1bf643dc4711596878d1030ecc4db4,false
a357b0be9594a11b4561336fc0380cc0ae2a7900,false
4ad010d2d2bbd983a330fc3c2f07b021687d699b,false
c772dadab2bf95a3c9e1f5332e7aa5952ad635df,false
08cdb4d51648bdfe17eee038b051224b8f722ba4,false
6ffe6b83545d8315b6cb6865514981aca538f087,false
d0a6fdace6b12715729b9c2a119319854c76cf24,true
e87034efebaeb0922f4182bbf910f6e8f28b86bb,false
5b485a4bef97d2407638e50ffe4680596c4393d5,false
ea44fb2b17f2b56ef3d35a539f777808316819f2,false
669d5b4bc4c1cef24b1702f6a60579c3bed11e9f,true
8125d4d54eb25fe5899032516089692d0c16ff06,false
eb667501ed6cff2fe94b4b00cb241d511ee9e60d,false
9de51b1dce18f5ef84636faa97c2434f188b8f3d,false
b43b528cf2fa5a8be34199b58468a9ab80d63953,false
ad51583e72e37c86606daaaf2ff630ad40bb28a2,false
27a6d3447c5bded148027d7a00ee82f4118f5a74,false
5a41ba45f7d5d64dd22b854579cec3d1bc76e594,false
267cff1f2d2443250e0712210b29ab6d082256b4,false
0e4dfcf04b26afff0edd1448e929ff0b1c8df1c0,false
b2b8e5e2de9977240c1a87c222f75e1fe01405be,false
7b41cdc8dd81e236afff1c1938625c74dbf68ec9,true
1902c2b021dcbcb3c44408c1d97309d0bebe496b,false
eec619581107d6fc8947cecbc5521a70100ae4c0,false
212d20a9563fb8d19c94b5225efe4f7c378d3325,false
a98d2de53b7149d7c8867a39120c4f2f2dd2dd4d,false
21ca43ee093ad77908c0afe7b1e6ee3f4425d304,false
0bf92f9c8eb5979231b470237382582cb0b0b390,true
c8398ca9a6abc7b3d88edb08730b66aff3eafa85,true
607553d78a4e7a372395bae0d79440a4eab6f9b5,false
ccc55ea4032c8cd6991ccb38da42c6de1e580889,false
125e3ba71e5982972f566a74677bd62ce721c437,false
9b2c8774e8f9dce9d64dd2703d30bc3935deb55c,false
44263445e33a524145426c587c13cf5948627503,false
c9f516fbdd495ce075a6c3a764b92fd894021b3e,false
8b5bc23faa91b861e6fad569ce40c853e3908371,false
d465d24460c96039af679013eab47915689039e9,false
633022e8a24bb6ad671e20ee990b73eac083b28e,false
ef97f6d11ccc397b596b0e5e22c2d9dacf44a14e,false
c865f922e648550e206fe203fc88c39e6b458029,false
73131e4ea5c742eced943c0e67938e71869501cc,true
3bd20e3b411ef35ba751651b19ad1d722243b910,true
ba6f63db94f08a31d629434cedce449c207a0d01,false
7d524f34db0c443ac5f7932102e2c87fcb32cb4f,false
21ba90d41b4e1a34216478e8c2aedea8869a361d,true
6d2e82179fc3874d5a0051236d47e24872ac2d60,false
ac102d23a9ca2a0e2f1ba614e627ef13ea377cbd,true
946b34203c0d2594b5059ec4a9d3f3dc06b77d99,false
038d415c1f6812c1f0109a2c216e98e954ae3877,false
61455f01dc779de96b5a38bc817541e56186afbd,false
c9e236a43c8b37197ab4c62013bf782aa761fec4,false
704b35ad487a7af000e934b4bcd508c23ae55de4,false
84c0eefb0307e168f29199cc8a0386795b233c83,false
7e0737e148257c354a7f442794157e6cfccc97da,false
29d871069f5c91231ebf5ac17709c84d158da653,true
09c4728622eb48db0744992a4f672d2644df9dac,false
ae7caa3f86f4d513850667cdb81f7448d6d35ba9,false
cc7718b9207e68f8b8d292f64b3f8dd9ef82262a,false
e7dde601898809cac49a57132e78f2f494426298,false
34f17def91f9220532bb5372cc3f237e3af4a281,false
622695fbfd70bb450aed3229c50181ff7e74d744,false
76bec9ae8a666c82fae6d4e1e3c34cee54d1fdbb,false
cdfe305faadb2c495af5c284d97b81e780eeff4f,false
dbece4db9b4ea3e67b991f56bd40b460ad7dff1f,false
ad456d03c29337c37f6078530e1c6096b624c988,false
c3bd398403fd6841ffa9d980e9de76d8628941e1,false
74263421a7be24e6dc707f2b4ac98bb7fae0178f,false
d6fb29d1deee5d8ee7d6ba38b208b4685e282511,false
0934137f7725cd475a1510e7b51f93a1738f9e65,false
c52b9cbf942fe93039accdc0f31cdf3a51ecc46e,false
5bcacfea6634ef69de5499fb3660cbe28dfc69ef,false
6f2ad4eedbc550cf1eeef1104616ec6614de3830,false
6bdd88b3077709f10b277133437333b3fce96657,false
e85548a3641c97dd07198bea837fe89844db5add,false
cf7e6529ad593f0564f83a5ed7c3f633b06e66ac,false
d567a91d02fe079586b8c733a09508359580221f,true
47cafbe25badd8b7e6ad6198488001b5a0ef1b58,true
1087081e5b70e0eaf5c0aa373e567cf24cc5d34d,false
5fdc7c46a346724be3023cc0c26484a04d0dd978,false
3cc5c23e56e41c77ce3cd5b73f003dd03c24d114,false
69b6e3aa430fe3a29072448ef9809b1b719696db,false
15303296d116d8e35f1863e5c88d225ce36e57f8,false
4ae353b57efb76a9684dd17ad3a603defb02cd07,true
2ccd7e92291032b430fd9ab49b62b28c63cfa852,false
b92553ed493765bbcc90218f6749264b92245ce7,false
e356b94add653e0c7e4e5fc921c78722cb8ca2fe,false
bb61e8a11d5e75a884b972894ebaf37259c0d20e,false
9d9e0eaa47b97301a8ed17169759048ed6373f19,false
e7faa9590ea4ef0f40e2ca87b721c1ce14918877,false
7618931e31fbf1504fbea661e76dd9c53d70ef82,false
b6cb09fc4d900883c7d4e32c7def51cb1a263cf1,false
06ee1134f3571e29d51df3b715da5eee9a2eed95,false
9a33d218cbf905995148ae5913a2b9219b6c4674,false
6b727af0e4e9c8c30c542b0a294464f198362e6d,false
bd4487f7cfe3dbbbc4addbc1be169325b834bd25,false
b0a23bb4d179212514bd471ba233c7283ba5ca4a,false
c2a0e521bfda65309df16b1fa2f24ac594a77216,false
ff75de9c11b6253fa8a92a429a3087fc03181c53,false
3a53ab95450ea844dc720ee878893a1938f7f7c9,false
1018f7d5bc6d3dc7aa0aa3ea538a834b4c3227ab,false
94f51a5220728b7deba36cc5e8357ca586043db0,false
79bcbb0686a89d6c135378743986e2d395414e6f,false
37e2a656842104a25813b1d50a4fbba34f3fe430,false
c13087dd39be27a1768bc369e69aa634982de987,false
a72fbe8334de656bf87ae5d058d8209aa1a0e6e6,false
406373ec1c2e09f19dd7c3b7a9ba38045a634640,false
e13d067877345f1cfcce19979bc205e3fb8401f9,true
0d9f55aab17939bc254afd3b4e44b7abdad572f1,true
3b488f1a2f6cfc8e197d9b699d5527fa972b84a7,false
f39e115272b013ad3604be7e9c2ca25bd61eb21c,false
48927fec3ebbe33a05425770048b81bb7e9c77b8,false
e1c2a4bf880b32d9c20bb2f926335883ca4d5957,true
fccf163eb3fbe5d6992643b0dd53111db3edf6e3,false
ad1e005e369bee643cffb494050184ec02740661,false
ede0bacb7971c80517fa6126ae25bb8b90ff6650,true
c807d610302d3b72c3e73ddc8da4e29c96733842,false
419157d41515d4a753786c27c2bc35292abea949,false
d460e77a1f9fea6c6368b5555fbcb5bfddd33980,false
db92e9ad19b9212ec0a43025293834e9c5d7dd91,false
fb9dc47a04fa81f0d5ababbbc9ea59d0b4e1d721,false
b16779261145a4ea9303dbda2b6df27962a41d9f,false
f306cef59a6ebd8a3f2e6860db17482787ffc976,false
4505d43bd710481f4e2b2e3bca5168455387a707,true
bbb2461ff8a37f07da39f55cd7727b5a106b5a59,false
a62841c60d46872d2b96d0c00a07f16b8adc68fb,false
83f1763b7977fe9ab9b1b6dbfcd051763e339bf3,false
0dfa6b66323f0093af049a2ba1b372b0a689c122,false
1add57aa21969b834eacc291285f53fe887bb634,false
1774ca67f6e7be6db6b88604b746f85e528baeba,false
bb32d3731d145399dcf07d14652a7537d343719a,false
2797a0ef871cea0cdf79d035832144bfb403e252,false
311bc8bd7f35266ba3699e6846dd76aab2e5ed0b,false
8eb6e42907d04d0131d080ae628e12708f02d2ef,false
019861de7cae823e9f17d2b8eca25fdc4fdd35d2,true
9f40ea597fbb0fa24ab4e4957f118d851c77ae0d,false
7e95ce6ca09c84b7a7828eafaf9de73fc80c353f,false
76ebbabc1e977cfb01c4f3cedf460956740a22ab,false
37d6c1aa246c10f80ae3e2d149e6ee75c6845073,true
3adf489d2e321e27a530365de6301c20fb1a9dd1,false
f4180f1a27a1e36efb615c36f5f84a580f9c6e43,true
bca2d9bc9384841ef1594c3875bdf8ef955da667,false
2d5954579de09c07f5c52f91bdbfe51e520974d4,false
ad28377107cf15f71a55a12389c72a057564da66,false
a256f40cbc2680b300263ca6028239c60e98c830,false
71c1192356aaeb2ad9e8cd0fe7c45fe0b73cdb97,false
7497d6318af020cfc23c1014e9e26015e8b6ce9e,false
495c80e2853c4ed1defb2dfb06904fc4d9aae674,false
58b3c3a91befe6447b686b1b51f84bafc8cdc6c3,false
f887a6b4bcfe9ddc0417136415ff5b875e40ca43,false
3aeec098733426630d3c7f9ed2bf0e9c1225caa4,false
ad458e701625314990530e9a65848ab0582858ea,false
0151504309615f852c2e08837d346d61b16494e7,true
518ec27482eaf6b7564b1116f767b5ca937f0692,false
80012698dc33fd0bdf86c7c68bfc58495b354969,false
dfc422141f5871d0db9b06e28a94a5227f14b49e,true
38e5281dcea8b9a6baff91708dbe1d39d933fcd5,true
fe2a30b80c5d0825960eed9167268e65a8d8bc31,true
2aad27ce5102f1b80ad3f5941972581b78ca206b,true
44e3b60848d308987374c250775865f0844ce84d,false
f1b81a8e64110165debb797da27dc1401d263cf6,false
85197c4a1796aeda3e2597682ff95b680e9ccedd,false
dc20a75dd01ad7d0fb1caa4c5e9d552e92dfd645,false
aae8a01da73dab0e12f1770e3e61ec8c314bd35f,false
d9148ac131bb5c50dc06ce974af9572a3ade07e5,false
72858543f0fc18b8c4e2e2c62792feb969a7b61a,false
8a8a604c809fe4e5c96611e1eaa41d3f0546f5f1,false
2905a5fa76e6afedf8821f75855b794ac2173f28,false
b8152432be3166e251563abac7b5debfdb283113,true
fde3e5ade1b1950dd8edaad6fb506beb979aa223,false
b2f2d90089d34128757733f37efc5995bded6e46,false
b9ae7cf4451bb78608f19363b225e2fc5af3134c,false
cd8cf81f2e199c565d2dd764a07a0bb16118f99f,false
7ce5ffeae85aa7d0aee29f86607877880e938a0c,false
9dd14ddd918d1fb0090bd25c97b6e6135f40ff9c,false
84b61675c94b7c1164ba4b61a94ada6b5fb0557e,false
629b59462214782ef64bee03092c880cb0a7a792,false
bc3330ec273fe839f389fe820a804a6f4c6afb06,false
c88e70b5ab4d822bbc02445ec34243b69f639433,false
b3364c3154fe8d6bc2265e8aeedcbe968f25b56a,false
cd38c8cfcc5c0f8a0a8ca9ceeeeef027734f4f99,false
4a515669e39258f1bd089a9bd73f96aa6170afff,false
175ce5d0cbbd14bf08b6a2edda3acbcbcd3587d1,false
97b9bba2b128865b947627dc17fbea5805055bcb,false
9d6282cabbc1a2eea89a8b66f05960f5cbf12d40,false
178c19ddbfe9f333258fa33a0456c5ad730ef587,true
8bd062421d8c376cada04cfe5878ea316bfa5f50,false
4a75f416b1ecb28776d4cfa9304a9888ab4e1214,false
a109fdffe51fbbfe570927829f7ef8ac02fbce74,false
4477de6a38cd26977f4669523b1d4b7a1afe92fc,false
fa76503e34dfac7d7f11c669063bc14a262748c0,false
36da42efb21d553d1e29c1626a805dd03a00be46,false
b92f23918cd2cdc6da3db0dd09789006385a4a0b,false
fd57d0b45dc7b6ca814cba7571c28305cd254c81,false
3a5b5683aa9a3642d80d8e6806faeaf5863bdb6a,true
f9cc5e91b3efecb0daebb5dacd3c60b1772d6611,false
cca274fda6aede72548ff7808afb9a1f325bd712,true
ee0b573f70938a3174eafb13af0d13764033a4be,true
21eacabba90c96dac5fbd78db064aa19d093a954,false
80b525e8cb27294ce2d134e91db063561e11e1cf,false
eb6d6829dc916d67b7aad1df12ffce99eea5894b,false
75d213907855cc420651d66d1f99cb421f92adb4,true
3b7fddc30f6b629ec04bdade1082cee31caca865,true
9a53aa65e9a2b90ad8c79e2e7920d95d748ebd9b,false
1fc1812243d16e6ec5d76ea832f78005918ddb10,false
87d97c235e5243f229cb5abbb1aa2c98cd4fb047,false
16b89d6052788df0874816a6de51a52aaa436442,false
dd5fef433cd9bd533ef99bd1be6f9e8f2cc2c270,false
cff7bed9143e8043b80ddc363c0eca09e8bb3849,false
9a537b8220c9af937416fede9af61fed01bb3a46,false
f6381ff51621dad683bb08a0646c9644e2cd2b51,false
fc3730103990a7be1d767c946ebf3273651c924c,false
cd7d4c310506053ffb3e85bac5139d6ad98a4545,false
6e14222eb6aa76b2d527b48b7bc87b5af2506b66,false
3551b2af537ea48b12b512955a3fc594a4a3f122,false
d9c5c5cb99166e5e2347fa9ab00936f227f8f3a3,false
61701bb45bd06c217f8b2274ab5445485b223b07,false
dd58880887a0d87aa9ddb709b55adc4405fae81e,false
e23078331b9203ce21023d9193066ac8418a3c20,false
e415e9774426929fa3296f917d294e0fdc6cb6d0,false
b34b4cfc359e9f71ced4dea72ef18071502c87f8,true
2c0238116a6cedeb96a7dbb41f4e3b990990c762,false
d0b72f737ab14a3e35feadb149b02caea233e94b,true
d980b565460378b691cb557d552693f3f81063e4,true
5c515d7c443a444fa5ddd6a240617333f2bdee6c,false
95cddaa2f2a1b6874264ea908bf3d5be0ac0defe,false
c6eee9f2a3f77278871d25103802f486ac42a308,false
b73023670dfed20ac46622c254a3f2540fc7debd,false
8960f01366a9bdb08955569374fae05c21d8d9ff,true
12f17886339ed2f4619dd80b213e0e938b276e0b,false
415e9afad6c1a2b6a79b7514fd7945c45433fd21,true
d2070540b4d3ed065ac03cbf86aefe5de5a6651a,true
fce614c162ad85fda5aa0a057899c1e76748bac3,false
d8b39833dc4580b528a4257d4237237102a7e74e,false
41aed4d02a8f262a632b06a41980a6952cc31cf3,false
7b47a4bf02a713a90454d8ab0e7e1062cae3f5c0,false
f6624b0846d3981ba2b7834c1c492915450723f3,false
4e1d555d7cc5c2a3b9c47713e3737a2a5b4c2109,false
43e667e8a2d2575882b7d9c3156155a844d5fae4,false
db2ca0d9ac4a824fd0712aad7218d4580f51bbc0,false
423437723a88f56b86317d311dcfb9be6cc74a00,false
a3406f35fc3668e661d1ac5a42264cfd27fb0132,false
3bfc95d6cdcdde0efe2f7bd6db7c4343a21feae9,false
6fc58f5a794a71a34da0cc1935864a9c605022f8,false
b8d213f1f2c0ccdda9f567ca17b6317e730dd234,true
9d385cd52a74d589098aa3e6c1edde75976d84f5,false
29bab59c0f74ebe259f1680006ec1a3cac1a84fe,false
f57406e0f0bd9372c6682a7524fc17d3fc129fa6,false
acef3700823d003531e7035856c655fdd7aaf5f9,false
b88664f3dc5c6601c09af55ec0ef3a3b3abc3ca1,false
cb21698394498b51a9bf7367f2b454fac28ff6ad,false
39c1f8d562a6b985427a070d88b5c0f5f327c4d3,false
6f183b7ce9f10020c558e9d34800abdce6815ac8,false
19778bee15ee831056788f238dbd9374fd652854,false
29830f1abb01c241c0a9f649a82adeaaf272d01a,false
c667a73692c67897e71b53c55ae5a095b71be0d2,false
6dd805a5f32d9c621bf72599be275939a6cadc3c,false
d37b16a53f10b1c26159a7a3e839852b6c317d50,false
1758b9baec947ed015ba247ad8ce3124cd564219,false
ed7428fd59667fcb2b77dda01a71a810323dc0b3,false
bf6df1f98dd4d800a633c01e22a9326bface1072,false
a2e34243de65f66d9099d0d463a1cbfd39c6992d,false
aa8778260ce44ca9251c9d91659617003eb90d74,false
0882e2cb9125f450eed6a8ad2a61fba788f9ce6d,false
b2d407ed63e9928f73a538224283110c014ffef2,false
63173361c93c43805d7ac23c1cc6daf3ba748a5c,false
a7548d2e869595d85419e78f85e3ac673c6cfc63,false
1157e3b6d2a4123f538891916d5ce28ce10bfd0d,false
1fd3502430b6fa11e9e09d47237c3b91938d0bd9,false
9ab3079b3c0dbd299894efb111931376da529486,false
22e9cff443be6afb58567283f3e8174923c3f267,false
bc2781cf0b48b92c925262d422c14712ab10812a,false
086ada5bfb598ef582131ea73901615591475282,false
9f7b70a8650a0837e7b48860a2272ec7531a696d,false
8def65fd64678f467bb3b0a6d7d9bd19540461d5,false
d20aefde06b23c06340567dfa1250197ad152105,false
d7f5c339d86849b450f8089aed9097d0c5d10b39,false
4e4492126f0ed51ee1b4f97f762d81c80396dd9f,false
458964621a5da076d491cfde1df38d583508d606,false
fc774190ac8e22c10a1e9ae3c7054e4efa6b3ae0,false
eefa207f8957bba281a684c9ad4bdbc6e5778cf2,false
fcb25fac1a07071f7bb96ed7a3220ca5c295ac62,false
369f149000a8861382ca7f28ca2f8baaccf7316f,false
9eab712bf93a1229b283e33da8dae4ee8669fd29,false
6153b8753823ad507036c197390041cf2ab8ccdf,false
8f12c3c30229b2681d8d67e2e761932b02a4063d,false
36f4518549d916649ec5d879583bbc068ee4825c,false
805cc55824c9722d5bb96bbd1fa181ce356a0c4c,false
39e80596c6243ff15b38d3baebad99835d4e5596,false
52d5f769e06f8988e72d5797306260750d317f10,false
014e0a8e63435c2911e29455529e6bc705e95393,false
0454e4a138766f96b7670381a0dfb81b8de1f729,false
24b7d12d362cf51c607c0b21d54202e62f585904,false
11d267c68ab3d16a59c8b494933ca4c102fc1cfc,false
08519f8883b7610e1170606b6b5a48b9174cc1cb,false
86d6b0223f0066191dd9f6e2a112a19578323b52,false
89fece970d628a375e2f2a26fd5f1f26da29650d,false
9a16853fb506115741545dec3764a764e2540fe1,false
57f1fdf0b59bf994b9b2f84827a8431dcad856f2,true
0c42099d80475c6347ff24ce65ad2d28cef6635a,false
4ba1726681fe928c3123862366d9df6e899744a4,false
69f4b3bc6b6c2861089978cae0734c4cb3342963,false
27ba16eab21ee1fe299cab0ed20938db5722ed09,false
6e82d70369d88808c02ee0df88f08506f7cbafe0,false
060ebebf1d78ee1d422c0ad2794ae3e5c927f688,false
e9ac6e590a979b9af15e49ec5070bfa66c91dcde,false
e0f4bbb5a1daf531ac5518b1293f0a2db5001aaa,false
71f94183c67dc2abfb9891e2d8ac3436788df687,true
3ee3068c92a837d1d973c99e2d7267e86c137d14,false
14e6ff1bbcc0fe28e63ac41449bab0a0175667c6,true
255a1db1e9ade5cb07f0e4f0f11f0fd2a8c389f8,false
292867ea7ac50b1a910b5afe9c7172f4b04f0e8f,false
2756e0b9c0feeebc7296d2cc2c47dffe232dbfac,false
19ceeca26c47c7a29b6062b4956240bb409aa14f,false
38bc1bd6f374bfff59e71a55ab39a77571139b59,false
624e3d12bd7922dc2d7ec24e316d05cbd534f7b9,false
6ce0e8443848e290d6a84ad5f1494055e850a482,false
44ebb34e5834cb6f5ff47a0afcc268d90fa4ce2f,false
1e1750348e35e33122c8ea87f9bce98f182804c7,false
4b3ee9a5e5b55746c7bd0f8568cd920c51f65aee,false
21c7e13496fab237c9794c5fff5197201de8f98e,false
b3e49c4a6e26162c0c9f68fe0aad23af0fdf070c,false
53015b267674eaba53cc169dd0e8848b27adf7c4,false
e29f90befe90430b4b226589781132042a1dc859,false
bab9cc02340635897b14464bd63d271f71a6aa73,false
9e59227d340623ebefe44d51f0e74c0cb2719c9d,true
54d4aafb476b430f394c57910996f3c04b341350,false
3d8fdc545d5aef5f8ab71716f1a399f69eefe7fd,false
87902900a22f5508ff8cf1c4d254410a6af29698,false
c6c1351c30b4801a789c27e1f194399be87b4faf,false
fe60c09cb9bffbdd4979d7c08a448cad5983d4da,false
35f1a58430bc3aa3bd9da8e007c77ede514a3c65,false
ecbcb9a0b1ed599ad67c8e2d2ddb1844de0e3c86,true
58fc1dbca3d361c120126ea4d651aa565bf099c8,false
98061c10f81ddc2d7f54ff8f6d2402dc8d99f122,false
de0dd48a931568d4861d418c65d71fd62157fe1b,false
6bea0bc7df8bec7444ca00aefa526bb1ae52d446,false
3154e563f1895a2b41398b229657aad14fba4143,false
a6ae9d2b4666d73efef38f38ce5505c1e67e3faa,false
edc8a06613a5d71055922095d3039d6c12e3cb8b,false
50429ab4527fa1539d538f8d8bd12c3222d02b28,false
b0c4dfb432a5e784bb5f67b79d88c69ef47b6586,false
5dd2b4ea69ed85fa35e46629a6d3a46676ddf6f5,false
22fe63235900b67706fb1ff29846a3f12f6b0442,false
9e1dfd9f55f15093eef3fddcb2531a0b5ccaf6de,false
324395ad3594f3f0423dfb6d4c19d77e6644feed,false
84b9503f327a6976ccae955422c6fdefcc1f3749,false
cbb8024635ca3763bf1e5a41e77ef363e9eb1244,false
90950a9c6399bc5a4784ebca15c941300cfc593e,false
23f3c74d8ea4dec12b515e346baf4f1ea80eb572,false
66c69f62bb22358494606d7bd10310886ec47613,false
f56cfc89a6cdd7f11646bee4d7d0bd023bf43da9,false
85e4e28b898883223bda9db28b3867f6ae302cb9,false
55e7a7a978c172f1f7e9bf07adca145dbd489a85,true
965d1cccd5ec58434f53a23eb99fd9fdd16452b4,false
004485f963c74843155d16d8097047c4704f62ff,false
68b9dfe515b18b5e9a269e1b33cc239ed7f4b6d9,true
65cc67246708356036d8d051f4fd8010148b3fb7,false
6044e2f1a5d6e76c7ac5e5fae926f36aaaf15652,false
fd06cd266ef11acce4fe972474440b91384d14b6,true
7dc2817a1f0185b47b7f380a6585ba01cbd0c969,false
1ee7285ba2d249ddde52e463f6d87a8c9431bce0,true
b7700f3551f2bbdfefee76e0236fb57aee0c9187,false
f987a280bf4a5c039a18b6e8059292e88e9f6e8a,false
5d2b8dd9a695967080c6f522b715b0c976b4492d,false
b8b5b2133650cb0b77264d8f2a3a85a29e816129,false
734ba3591645799998f635ee5b12643ea10f2708,false
d252c26ca6823a28133268a2d664822569baf7e4,false
5205b2cb944b76aee80a297b301a1040e79e146f,false
f8c528b9c050a31b6cc5d60f6a478fafaec63e9d,false
fc8c6878a65f8f8108a8ad5baf5813936518dd7f,true
031153a6fa36ed30795d1e361981fb6283d2811c,false
c3dea495677f1a2cd14f00219756a560bef4d3c2,false
9fbf99c19b3f5364b4f50ffc4c8804d244f52461,true
702b42491119ef8edcb0cd2c1640a74f01ee54f3,true
e94ee2ea0a0f9ef4eef5a4a052ff7648c4cc86c4,true
da25db15feffd36a2d36f3b18102aafd6745974e,true
a312fe0b38d6818230b4d89934c074be01f5248c,false
8173e65eef294ae1dd2590e73690659a93c152a0,false
12b3368b3774d922e150e98844488059f2202d3f,false
e8cf12c5cc2dd0dbf653b44dc11bcdec89f18e81,false
ebfac4f3a0458fdbb6879814c2c2deb0bbe31234,false
80a5f542df5dbaf87bf09c0612562715a16c291d,false
b1d7e82db94d15203434acd56173ed094c62a7a4,false
54b7e0f22d887de25600e71a5bc0632a2268ed1d,false
c0e4c0fd4714cdf57253fad091d04b6b839ff9a2,false
19b0af039d09a8598553e6686ff321c7426a02db,true
3a3d3601bd1d4a97afd59cd09e0c07dc0bbc3c9d,false
1f225c57c49189d1aef06c685abea118c7a78dfa,true
4619c5ced6a5339942c90159a8812310f821fa6c,false
94d4df797bf47f8e8400e26aaa9631a6ee95aeb6,true
96f3e8417ae219eb9142d5f3811e9d11e0ad23a3,false
694bc2a23a0c28b17f758227157352cb6e9c283f,false
6322ae14315dc4a207d0f382d946d4f306a6d31f,false
d34aa97b783d11a02842d6c706b9f9964d860d48,true
aaa3160b7efe261a3744b18ad142c4be39d1a81d,false
f1eaeef4bcd0730eac3417219d8098e7e13001b0,false
e1f04800395a2eef98c2b33ebe7bae37cd5b8c60,true
79ae332d1eff26560ea9b0cfe898f6d3fcc1e6a3,false
c00f4998ed343d805fe40f7d559df44bedea223c,true
71ef0151494b5cc1d3bb86a39d2a6731ccaab3b1,false
2ddf800c79743c280e8bc3e1df1b5ebe3c5bf17a,true
d0cbf1e94a24ad05349e493fd39e6be454531aca,false
3707b08f083e26656a5021db218b6b530c41b71b,true
476128a81f84cf9ab9f070ce9802c49971df81ce,false
3feaf340a77d20eeb415ed87b740043c44c35c04,false
fc2eec96deaee2b6be95b41051a510a11913907c,false
6cd2bb79343b8a4d940c1e0c7935b45e7f977711,false
f0877c751d9eb7ab887e108d5a8410340c3c4bab,false
1e9eb282776575ef8f1869a8a84174c3a2f2fa4f,false
a87bcb84e14f8c808fe923cfbaf5d199d809a7c4,false
a0a7b26d04930c9b18d36f913a9f5fb9b4ffe912,false
d6ef4ed94bec0755e66d91594112308e2b03d397,false
54ab82037b70c5bcb9460421a993d8cf2f9c5648,false
f789fd8b8b9a3d2a5ae3a3ad220c3b754261be56,false
e812ebec21fe2c985bf8186f7fcdde407897e083,false
2c184d5ce1264ef16ed2168d2feb7348eb45ae00,false
7b0a9478f32bf05af4ce5e1d3c584ff3dbbbe262,false
92b432465110940cca0177f2fafe14eb71e3e561,false
0b400bb87af81e37d8204610c8c2dd17be5d5b4b,false
178aac210ccd9d2b53ab5fdae2f391045e758f64,false
9166f7983ebe9d63e96d40f185d1010970d337b1,false
2920d67e4b55914eef5255633ed5331ef9c36228,false
0c7a80462b0abaceb7bdd3e1127438d30769875c,true
2c53eba8f1950333bdc6dc23ac783a05c965d203,false
513d1abf18c1c2e86d567246d2b8a3bc143904be,false
36f71c741acd1f858abdc4ca67c0bb326ccac517,false
aea24e0a46dc3dc263fc59982f497f3e96b286ad,true
d54a1baf8c2dc8bb972753018693d0dc015299d5,false
33bf86c17915c910adeefed7f757c76aa5d1d727,false
7209c19c71a3afe404ec6f6828d7208a28173fd7,false
f6afd5c4e59f462e206dd140056469df95204260,false
fb616c98ec43fbffb015513e25d7bf0e20b44da2,true
9dcb9d5adf946adebe9c03624281ee2a1608a50f,false
fea99cba37459a9af1aae44912f79587fef574a6,false
5c5feb0193224e5f564b4c2b4c803d1395de88ca,false
be76d1b0c24af18b2d3f1b51b39bd9897182c331,false
f257202e87dee62b1fba27939299467a95fe819d,false
18583223336569d1e528e6362bd82bfc66736c5d,false
65742003e4450eaf431e0627409d8b83641f8278,false
c27f135567d3761683e8f098b0f0b7916b4ee5f7,false
63c4d6391b4f1be9c8dc8a5a7080f4d311de86a0,false
49d78ce301e653b47dcf864867400cfcf0a74a2a,false
b8cfa20f77bcf74cb0debac96cef48821ee73551,false
f493f5ccf1561347c13f6c3be040bad579161945,false
a2e242fdb0a68c9d40b08cf396759ce5b024406b,false
4342f784ff8e65f8032436dd8eb11f2b2be4607e,false
9aa18d47606351978d6fa43bfddac901f1eb9cda,false
caba59649f5679b7885fb0cb063fd80ee2ce830a,false
fdaf04dec0b39dca178fc0fe785da68cd0ef0879,false
9482901f247e49c472d364f604d1ed09783ebff6,false
4ad51ad56ef772e4c392a9e7522ab5de0fd45ea4,false
09fd64171b9aa5f8bfc05c90d891beedfeaa162f,false
6c666a51aba97be1842576f3a9628b81e502a5df,false
2dfbe7c8b0b1771ad01cb04b06772a3f7e2ab57b,false
af2805f0a84e11ae107b60c825740f2aa372ae8b,false
2db0ac33898dcabff9a45a45fc658d71013ae738,false
fe918073dbc4f8191eed4cf2b0af86d544f0f55f,false
24df0c118c695e8a2f12a16f4bc90c9edb2b8813,false
564fd60bf9c314c997e236ee480914842eba39df,false
2595ea4b3882cf21119fae081544d87e8fcff6b2,true
8ccdd97f90ce0b8d07df3484b6728557aadddd20,false
3924e2e6fd1aea4fdac6ebbf9bf8a522db820f29,false
c8721250fb4619541bdfd6fff13d911f73816689,false
b8c22143d0e77efeb19d8b9fe89269301852fc4c,true
6a2445cc46ac2c0c1bffd3fb731a7d6ca5a7fb81,false
3a972b1dd1968b703c3fc85b137ee3ecd5a12572,false
0c82c98941c4d2058f9b66d4c0fc5f61662360eb,false
5caeb4fd4ea191c46ae6ccaa463f3ef39696f21e,false
1e2dcdf9a15ed4096b072edd8c36cf8a0426165f,false
3b0f091b6ee7b5dbab29c504ee98a0d80cf4d45f,false
f83ff2606bbebe810a9cf2e6af333d2e1a48194f,false
4b5eea9882f1b0d0b2250c5f5b3fa07661d97d8d,false
4337d80f00c26246066fb0d50baf97125ec70d27,false
1ae44b8882a22dc345bdf0b0223be44734d15269,false
51008d1666f6884e30bb02cd2694a824dda88100,false
493cd47f5163610df977ab746cef4914e833b051,false
6d53e5b8ca7c19d7252afd8a4c03a38ad0e7acac,false
57232cbf8021fd581801523c51e7c62e9b18753a,false
1fe242c00f243e97c12f03188322fdbf05e9678b,true
2aa99f5796a2379e52a0c7dcb265b4a25c6c3b98,false
07d09edfbfad88fb995c7d1af19d0a6b5b4b915b,false
fdb64addd180bb27a03926f691b75d3747d9bf18,false
8b28663442d251360ffcfda2cd02ed1b0148fc17,false
67eaab2fe4624aa76625d9e398bdb99570cc536e,false
cc36f1933729ee1ae2868973be863f63524d58e8,false
7f5e60d95cfba13301a842b43f5455660d2197e0,false
560b2f4f7d4d19a335438c59dd4ed4ce29eef990,false
966b36cff7444f4c3fa8a490724acc18c5fcd587,false
0a613f7ab43f699f4964d1ec221fe8499bb8c67a,true
5d73728aa3a9dda84863641cd632861772dbd463,false
61a82544da858fce54645382a0f34f997ece81fb,false
1e62faf70ba308d52e20ea334c93a397a8f4f425,false
8d3c9ac2a1c37c330f51b58bcf2a57afa6b049f8,false
0cbccfc5505523ef860bc6342852b03bcb5bb79d,false
afff403bc034f5c619ce0742d2113a592ecacfa2,false
de3777da05f000e42bba439311664cd1f6fd2c3a,false
06553c72583e757d62ce722dfd0a9ba52149a1ee,false
ee3f55c8ce5a1f3b455baa4e48f26e1e9ed10fb5,false
122ded67cd55f5bf1783c5d565a1d012d8d79a23,false
b09d61dec38cf82b14529e9a73996d7c1aed8407,false
20ba6981154e837cb5be6d3a72c9ab4509c0aa6b,false
a3b7a99b5f5189a6d937d31736a6d8b8e9a172a4,false
033ccf30fe1d17324bcd33ed3f8346b2d6fb8c11,false
b8e7d007966978851d618ba84688d9daa657b24a,true
1f049feb5e56d2d9edd241f92321e1fd0bc8699d,true
42cbd31c9df92aa25398095d5adc95100837f0c9,false
d5130a425b686b4b6d1064e9af2d274f6f003591,false
9e3debccd0452391febf4302df92f7ee640832f5,false
ce6a6f70d78388206741dfaa0b2ba9e1672c31fe,false
6cccbacd3e9df1271a86c8dac338629731e11a53,false
19cbba04cc75828bc7eeabbdb840001465ce1035,false
64cb8bb920acaf06ac5addf8fa8555ea86f06fe4,false
9bb1116d139ba7789eb294d72c817e07cf0fb4ca,false
588abbacf289e839b021e64c4ba24abc1ee53354,false
b899fd4ea673fdc54d5de6f1dfb43bc74d3ca52e,false
7855c4d3d3f7b5321ae123fd375600c211199a74,false
369cffa73672cb8d28c684406ccfaa23199da349,true
a50ad15e63c1ab801f6b696362742f4094f00496,false
6b693143e4f327853fe150f64e0967e299a0d28a,false
109c4f27ce67bae93ff7587fff29243f0d5067e0,false
fd8dd721421074c31630536169170984bc2c0ccc,false
c0224d513cd93dc03f80488069be178a371e4d81,false
def601e248a7af9dddca4e37750d3b8bd03f58d8,true
badc52dff78a8fdb4b9953aedefd8a637881abf2,false
f89726fb069f0e134c594c32cb66553cc7f9fef7,false
f868b38e2263746a81120e99659a8bb0d880bc93,false
6c25e4e7cf4519dcbc9271c34c9f9906a241818b,false
d0b6ab785daee44263f2914eb95ccf7fc2033390,true
2e0cce7803a070251f0edac80968937b9b022466,false
64433ea7e92278ce7d268a0c2b9687e261e10d3d,false
ffb3cf210a94ba52ac025a68d63737916d3aebeb,false
446bb13395fad86a4892285252349f8166c81e33,false
b02fb2553c24651d00d76868a5db47e0c2542270,false
92478e7be4342ed0bfa63878c586117de82b540f,true
02965f258a90fd3d37e92d8312e8fe8673c4f8ca,false
9c4b200cb74c02a54a1a186ac5ff6d70d5500807,false
d197cff4e4d27475c1afc5f388d7071e0b5385e2,false
3d3a785abfacf75312393545f1073e554d277d6e,false
e7744ebcd7a357e5760553ff9db538fe5f93f951,false
8967e7bfe971834d24f1c2db23a0ea1c48e14538,false
1b4a3215fbd0ed298546fa61bfb54b4266c0fb27,false
47059b617d41df3c67aa0087ffb71c5eb7139cf4,false
d2e95ad93f803f186d40eb05d7dfb7075f296769,false
1856d435302f73e208d2265f8c7110bd2b7dc4bf,false
962d6fcd5633b7ba2460e6280eb0580de2762c43,false
81c090f2bb4301a601b8a24522bcb339349eadf4,false
f14336d405c40de729e40c5528e57057a021b3dc,false
0bd2b423a2b737ed368a1c68026fc7a31f9fc0c2,false
7eba62c5ea1c488bcd548aa019641a58a13a735e,false
b99e5d5d4b4ace23dc3eab9e75aeaf47ab0045ab,false
a875914a43735b6785a224094599743b7b4be4d7,false
e55c8f5bd4f7434f6d1ddb04110ad297ab80e92b,false
643ffd1683fdcb4805b0cdd31dc963330e715b1c,false
e25f3f164d563693e92f0d581a3eeed3ebfeb8a6,false
236bd3aa1e5045380cb6045032ceaca9f07f22db,false
b87f402158113c6eef421c5185c2d313922aad88,false
8f65d6189c66485bb95b864124e35693438d75e2,false
c0f2c238408c1f1411c0ed6787f55619c37d0081,false
85e6c4ecd74f6ef4278b3264367a60c461357c79,false
e15da2f60e9178be667c82fdfa3997107fc86ef7,false
35a5327956417b38ac7b1187853b47b2ab080af7,false
88dbb7e1fd880b0166fb12af2e593c5546299715,false
25957163ae244e86f565ef33ed4adfc161fbfde2,false
a9ad4be4d83edaf99ff181dd48305825349fe244,false
887a536998604f19fdb97b6dc499a800b1396e1e,false
b59f456f0aa0e15858f24d160e7bc296462f3383,false
7a29a4fa133618ff7a4d5fd54a602003d435d55e,false
13518ce7521dce9dc47e2ca6cd696653e326ea00,false
a779c8dd09dfd2899cd034b2c393c0ed1bae7416,false
7f4f7c1b29151f2f48ead0d04d18e3c357a36cd2,false
d5fbc552c34954032b7f1b19e7b8c3cb34ad7782,false
0a2b2c869edeb98e92052bc331df38f39a8da15c,false
61432eab258aa86b55bf4a22e6028790eb454cc7,true
66bd2d3a4739cfa3a13bfaf0e70baed7f5118a38,false
1a6b12a4cb84960947348ffc4fe76c3fa1d9898c,false
bcfcd8edaabe237f1b552926470a7caa5cd447cd,false
4aeb9c6bd62946768f13a683ab072bebfe5485fe,false
f4c238b010a10a0036be52a03451219ec7bbc77e,true
860be3a81f30c496dc59bc8639713701f321e572,true
9108234f9dbfac3e75425cbc3315b01271a8efe4,false
7a8b2f79403721d5ca5e5b66bdaca99e40942a37,false
8101a8309195b20ed216182da6b29d0c59ecf9e9,false
dde5dcc9d26b1921bea43d651a2495a794e85ca7,false
8f956814aca5ad493d8db9e99c74ec7ebdeb8a78,false
ada2422b93aef40a34f552765506590d2e1ecf28,false
3adb5b4c4b2d06a8645cd8ccbc2bdb0a3e92670a,false
12ce7875383c47e58fd805d1c8a0556ada6b60b7,false
74faa7cf5939e0a80953c4642e61f38ca05f6d72,false
5cd1584c4bef29ac2582d9cca6c3500c8afb5547,false
ed829ade4c4907d0a9d73e6d2757c4c3aff701ce,false
8a11c53e1ec3d90678dc23eaa04fb3eb2d8aff59,false
2b3dcc22185b4d2b20651654b0a998c50de53822,false
07195689b1a17ce29535e5a9daeb9869b3fdbfb0,false
44d42182359a53732a83c22aeea1ac4c7af7a017,false
3570442cff9adca7b856342cfadfffe6eac1e804,false
6f6e039db449df4661f79c6f6738b8a5cee299f4,false
54653a383542271c5df71a5520f9a9530ec9332c,true
405010f703417a6b79eefae7ac05faac27efdb90,false
df069b0915c8a97c3cba99dd80ac6aa858aa140f,false
8c307dbb6dc782b6e03f6605378054ee41f0d3cf,false
7e6889a4bbac6fb5968177984252e8431e982909,false
8229bd8843a8fd4e4420a2069ea95d686b5da1f4,false
8db3fa6291e7e829e7fc34b0de2d16b2172a9489,false
853299bf1f87c883912a084e0a04e5d7cea2dc22,false
1675105d7c64834a5dbf7a6fc404cd49c2a1dd32,false
9fa691a26a70c67329bfc6e10ba953e9ea6c0383,false
4452f3dafa297ec94ddd323a3c3b5a5091b656cb,true
529909204e892c580c07389c3151ad7e6b6c69de,false
f725c7ca28592b73d71ca4761c89652bb4893a63,false
ea8acb01f4ea6b28063ad535d972910fa460379d,false
59397d0f5ec362dd3728cf2624e1aa54ee539160,false
7151bfd9ca6b2825d31129ad3587d27b31123cbf,false
e92a282fdceff24bad859353c8730fc6932a6713,false
94fd1e3c3f7e7fa337940407b3d7f41f86bdaf84,false
f8f1e8df56a53696516b5a32745b1d24c4306c2f,false
cc43d8897a890d3fda8f379098c06cc61daa4040,false
f350af105d12b25e8377349901152dfe0c2e066d,false
f4e3493ec294c8fa8b6fa085bc9d13b85833f7e5,false
abfeadd8f97f960287f657087ddc7ca8d4a70b39,false
15b42d16d3bee9780f421ea067ad25131ea7d1bf,false
71cf32e7688829497034defd894df2fea11a803b,false
54076d65a61329d979fa9ad6f832ad21e4048db3,false
be305afc54a76abdbddd811310355ee22e851aa7,false
edffe4d2f8642c3869db324fe2192580aec7af18,false
108873031c0a075019764fb3573037955d088d78,false
e36799acb5d7c20c15e2829e6aab870222ffddcc,false
0d5f51f1ab8e21a8e55fc912d31286c7192c1bfa,false
d4485da071f2355e83bd596bf924628bfe1e77b9,true
0c26fb4d26607ab1021afabb537ae58d11445327,false
2a6fc30cd598191f73752d0b9272d204548f1480,false
d0a67f80503188b07ebecdf306852348a419dd32,true
f5277980d7e37e64562c2380b227e2bca3dd6b4e,false
256449f938f0ca04ce12aaf082764a93da57a3ec,false
adc8f32461e2e5e7132833c4fc320403bb4496bc,false
dbb65a2730ba26d54ccaa5aadf99752f0d86bff7,false
e02bc333f9dbb0cfa0d4695237c1a31be416b5ae,false
37c184cdea3c273524b21d12fef74015c27d6201,true
94ad59b08a1c8a638ad7e6b548dda70f34b2cac3,false
67c222865189589e754ce56d52096e1c660184bb,false
28ca64549f661b6c7aa4ef3d7893f53ca61bebe0,false
8a6da6e1a7296031f8a7f5d71255eb84272573d8,false
eb56b3db1eed7e147d8c46a5839d08525efb18a6,false
2ebcee47751c35313fde8e003a32f01946275393,false
58536b557b197dbb15d7b06992c21ebf8f4b2996,false
2249b3c0ed9d3c14520613681719e010d6a49c3b,false
bbd24973e04eb3a84fe521511fc97bba6c4c39cb,false
115153c77c045a897e204c5e6033583c20987774,false
31a8d7e3593cd7e5d46c4d52a21f5447ef24f412,false
e129d204edd8789181738a563a221434c1154a90,false
8249ffc2c80ef0dbd5df9340b2100eb17b378b4d,false
f429ac7eafa1770f2f726ece6506bd1948d5e47a,false
4bef7d7bcb6b3972b8c1b46ead043038ac8a2fd8,false
97a5ec7fbae31dd125222d59dd1a1cd89e3b123c,false
fe51c2890a3e5f8030ee3cada210db507d14e8fc,false
20499b501ac70b9f68bb473863a910270873b8b6,false
de523945fe9da828b8e937196eb66bd7dc78b215,true
ffbd9dc26819c39a1fc97d7b80a61104e586391a,false
98fc1a58f43b1b2309c29683d85f006352711d07,false
a2fa86f3ec5a8f4e8b8d13dc4fe939ff268347ed,false
7a03fafc6eaa1b087d5b7f30eef12f79d29614e9,false
368542d4b5989fc2e86abf67f3dd9e83d942ccc5,false
082c123fdc78ec134d6e363bee67db3baacd7211,true
f890c004ee5fb9094c21f7efa733c8c0528831d5,false
8b356fbfdd5a9dc88ae6cf8e7b3bb0ed26ed8806,false
fcd1d4156583c737335f60d803476836d26d3db6,false
2312fe6486dba9eff5fb02ac01fefb5a5d33d737,false
a6e3835aa071f2af894f66eee6402bc6b1b0ef50,false
a78ea0ca4141fc8d3b62cfddc8cedfe10d72f34b,false
b4728f73b77cbf548776168c5ee6c0ed6b546185,false
79c3e9fb0fda5a5d977d6142a15fbc86bcf89e2e,false
245c1c71863da61c6c7ff4aa43a29ef4a1721844,false
0fce11e1d57fd8d6a565c6113bc91343bee935ab,false
6d9b7ea1711aa3cd2d984c01d7f8ad07a7bcee3c,false
6384209f869f0c53e774e78c61c400ea41185907,true
e4937af1696e9493dd2e7796c079a6fba479dc30,false
f0e4cce6ff50df7a697701f2376ea6a2c916914d,false
56b6f38f85e791a4d52906a3ad1b9b9a04da8e5b,false
bc7c2cff61078d023a29ff79196e3515a9587b7b,false
a7ea7df9be3f514e15b4c303fb2f97e208e93235,true
167f396d4a1a22740da591c2d32bd75a72327fb7,false
03385a765bd3e27fa40cc0b48ffd83f0ee184112,true
15249f528f90efb180ac27b238ff10db76045f11,true
bc32653a7c877a53581ae6650abf593a3844cb5d,false
e149a4d94c749129db8c376ad5472a7cd608c66c,false
4640f2cb0328617fdbfda1c73e8cbc6e650db0c2,false
53438d62f1aa87e620b6597f9792acf7f0d8bafe,false
ca6b978d72eae50d776e04fae887a8c1fb80b538,false
fbf4f0fce13118895c981c0d24f94c470b54946e,false
bfdb6db0dacb0201ce50929175cefb88b7a53d42,true
e50a222c9096554da426b73bb97880fda7eaa51e,false
4ded641966d2abcdf3114f01919e742d0eb44a6a,false
7ffd4941737e82ddd4de1d2cfb28021e8f883fef,false
b9e8f9c74e894eae194d7dfb30bdd40b31920984,true
d31c6aa986177338169081a54689bb5a3e9df92f,false
19e749cafa4dc21b1ac1b332ea79f898f556e52e,false
0a2a8a4c675a01d48300caf2fae38b2d3cad2f42,false
cc704a843ae6d3faec92735ef2d46af345f42c0b,true
67f3a662016908e0563e9c6fbed8d5c0680f12a1,false
52da82ca01a50d22f66c45b12d7d6f56ba9eb2a9,false
161c1cab3f952f7085846fc01665bb4357273d99,false
c472a13f9b92cb927f05c5cb7686c9bc491b9c32,false
e8563f674421fc7fcc03d8706c0101270db148d0,false
e609fe599444a14d61a6822119742af8fb82361c,false
71092a964452bd9be9402dcca33bb49e41b1f08b,true
9a85f46792a0941b15a862ba9ca5420129b02807,false
a86ea1cfc917294ffab52ac62857dcf1ceb49c68,false
b72abdf563fa00a0d7a634fe3d6f8513cb7e8785,false
02aa8a43bef52348095beed96a1054cd274ed438,false
3470901eb85e676faeaf5cf711023647e6118783,false
002abea8e040a6bec81076b8559a303c7264c86b,false
f7b8724b65924cf6875b75c46b75adfe5429d998,false
16d06134ab079020fb450aaa1e9e2689c6fef094,false
29e50a057f77a2bd6d7208e797c202178838d155,false
d1573ee72f8f7b6adf25e2a9e2c6549500097b71,false
6aa92cfbcb68aadc3f46cfe61d3ceab07f19bff0,false
d238d915aa2c8a2ee3931af70967bf0d4c5ffa0e,false
2306a73047877c8848ae13c95f5ac25359d13c77,false
b302ad518ceb0cf7d4714b66d06af092f155b548,false
8bba6a273f2175bd5c19b90b32823851846f72af,false
f9eb7904f9792344bfd0ae4eacc5a7c453448754,false
581b72e1c32e257be98f03c0bf9bf693aa4ab97e,true
287e98c94d1b0e3c568dbb4e5375dad9622fe196,true
57fe998e4745cd9853e4024872daa3f351646c33,false
01fe7347f04a39c86b11ff178e4ec5878f23e72b,false
a1b284cde6b23dc729b01a1bb37db8cd5fb8770c,true
657301d66f851b6138ab5d03f3f6fc3dd05a3aab,false
9af93d0e4be0aa0d19033a1b2776a988fd1e0fb2,false
9c4cec9fc7b2c6753065f428bc78faff48ccd9fb,false
8085aa8dd3642b9b075e43f70b1030b9801c6b50,false
23e5b5b0ba611cee6fae2e5c21c72fff41429f0c,true
f2b19be624ddc9b9f26c45102085ea4b0e39a958,false
77c41add0169d411f9262cc0ccf5db6ccf6454c3,false
c4c05d808ffa919ed1e7503a299a6e00117a2335,false
94838a48ab1e22136e0c09665e1586be942a59a8,false
60b86373ccbcf7eee363290eb574d0ad7ab90908,false
4bd32bbb20a06893d9cbeba1e35dd31a4e640931,false
03d250f34fc40d204201991b5a9d3800472bc60a,true
dc3d8535954196dd666de5f3df982344842f56f7,true
e3d81004da62ef08b21690178308c9c8312947e9,false
4c363202909fe01f92e2812d2a5386930aec9ea5,false
bf1140ae9991023e43b4243de6177de712d269b2,false
f78dee1e0d054986a4feff3710acd9fa71b81dcc,false
9e5ce24336799a6b0570ea3a66ec697d6262ae88,false
94d591bc42ef4aa1788cc6c7b89a8f98a0b87a4d,true
4e2121b034fdc87b43ff38c99a533a3ebab6f48d,true
b0323a87c9c3e20941183a735f495ae078e46b34,false
310f74464ac3b48e553cc9fd9a457de61ec8f74d,false
873601af7bb37a903ff626f709895a8eaadfbf19,false
4eb99e73642fd96766e1003a9a1acf40665e1126,false
c3f970eb8798b867f1acacc6af580c97707cd13d,false
cdd68ca48bd7119e78c127b0a43818b63affe70d,false
d414b4ad9bc873bac7668e3aa03bbba740fb9a8b,false
e2e0ff8f8f3c8c5a1d841e0bb0977d5c943f732d,false
702b38449712ee96127f0b3fcc2dcbb5a345e702,false
56e1d25b1bb7916cb43c133b0cac42328ffd6a83,false
c8067e26c1610c2c6ad86f6994b90cffe7d8c93e,false
1c70d2232e6a272deccc6c4f6b1c4588aaea6a6d,false
5d03c1ea5ef7dd2fb77b3fd32274828446d9058c,false
44e198a95e38d1849ac4ded35d3c1520c4dfba6c,false
2a24fa0dca48a8664d8dd7c14bfee492294b8b93,true
70e3de65624723fb6f5b3250a10760acff89b98f,false
70f33302b1e3de48c527b421d0ddaeaa1f6b6549,false
2816645771614858f8fcce5cf17c68312039fc97,false
075a575bfbfa7e1aadb1b0377f5a640c756d3d91,false
06ac13715a5f1e83d784d456b3d68ec0e9c69fd9,false
1f771124570506be1c69dd83682e40e1eaf8df72,true
b525ec8308f8ca1b50a7756367fd18c5cd358fbc,true
e47c048e16c31daad67497a3830ac02ab98232f4,false
09b4e331f2d077c62f142ab326f2d3e388bcbb10,false
e8069b15d622b192163e25e392bb0e03b15dc057,false
3ebf813402d846f781cae25eb8d723ff55252df9,true
52a521a1e692aae86e169b56825298bf6c6e8c0e,false
dfa9a72536999d403921c16058e71ab26841e30a,true
4cd52c7d0ab822ec41cfb6c0a38981674a6af6bf,true
be258f99a873c41bc2fd598d70db2864d8962eab,false
ae41a87d673ab2a104536436c3704f795f25a0c8,false
35d54ac7ede310355e8c4558022e06e25d0e494b,false
9b85de7696e77e662f0163c9623c140e64c013fe,true
867a060a00cfba1ca7c5fb8c82dfe6adb4106ff7,false
46b61949e4053fa5850cb2c6a2bdf6abcfc3aaaa,true
d1c020d126c2c0964e81754a0bd9a1be4664ced5,false
4277ebe31e88e4b2277f070350a9627331f0fe0a,true
417a67c5c84bd9d660e3ce9e51d6e2b7fcd5ed56,false
fc4fda2679fd3ed5409a915bf1a8906e2d728034,true
575ee40f6f4c97c0237bda184d1beff2ace9f95c,false
27017e83c747846ce4633e93d95d9552237dd57e,false
4a5a6d51d7a830349d7db4abc271df6be908d1cf,false
ea3866a045022b1d2ad42ae8c9ccc80abcddb727,false
4ef35024b68e12af4a1d0a7298bfb2903b569d01,false
cebe04402f91e9da8bceb39221d53e32827d54a6,true
6700c4f83f8144bf85004c8e104135f43ca44335,false
cfcfb05b22e236c8a8eca243267dc94d4d65c1d7,false
f8eba427198bef096979f63ffd66b474d6206f6b,false
b02ae99bb6e1e3ba78a23d344f09aca8e540709e,false
e830e328ea31f398c4f2dc99e0063f660b309322,false
eee60a7f332298966d2be89d8cd733f51cc30a64,false
8cd672313c9f2d7985666508779ce68a2998e4a8,false
704431c7eb9a82302a3f954eb6ef03f1deec4a37,false
e26bfc0bc4bc4a1e86f7941f33073572d6e015b3,false
1e4ec057c47ff2f1ec38da482762cea26f58b7b9,false
ae4ff8c3882065879da8e1bfb0bd43c8459e75b7,false
b5d8049fc98d276d8125765c2a4bf85209304884,false
b4427236d530419f74bc2d929f5f7da0ad055149,true
e10a3df5dcf3e66ac72ebe0cf882e4c4f6458b31,true
0b7663478e0b51f43981f9582a17b0f8eeb6aaf6,false
19082923813442c3fc3527db45e9332727c64bb0,false
f0c82489e80d2c24065b830564f33487643e96c2,false
1039dfc33e86cb96e3d61a65c1ae17c5068c1747,false
7e508425a80c7f9da20c89db63200155e1819570,false
d78a9fdcca12e86786d24503125ad207587d833b,false
81e7e794a025493de6965ad73e9abeb8bd4ff27f,false
af1ae12835fa222d5ec2a7588024e77bba972b55,false
d45944da66d4591c5287b9f8566f18d84c4778fb,false
55d421fc649cf7e4de860c7e00861194d9eaeb0e,false
82ec67dcaa038a3d5aa37123afaf986757479925,false
e4f5dfcada0fa87ead56b5d4f72bc4ccdfddb398,false
80d702420e2a9fe81e6359478314bf3c5fdc24c8,true
41e145b44c39366dbb55e27f3256ea1deb36c3eb,true
44b4cdb030ed7e4424e7978c920985137bee92f8,false
518125bf5eec50537e8130d5b0439b6f60edfa35,false
da7fe8cc797a89e8be22d104da63ee9c8a6cfff7,false
96b2817f155dde61e40e9840f94e6003e134abe0,true
5a40ad347b1715bdb75d281476d2bbf07f9cbc36,true
c87a48769e02dfb718868c3d1a8828f2c0745a65,true
776092d017efa20bfdf1156751c2320595535fd9,false
d981b4e6267cd2e3127a7e7494f1c3fa2899f502,false
ff90668ea3be116e252f653efb45875bf3edadbc,false
f8b32a15fb8f7f796cf59ac0bc7d023f11e16eb2,false
e25e664c7f155d59f81307486f0dfa247f92e316,false
52f80b7407a3f6b72e5c9272f0aac0358a05b2d8,false
c8aef088c80ad8959c40b72dc3da04a8aeae3f20,false
d35c80b03db6e33be35a51847dec4b509647023c,false
7e042b530301ad38bbdd69e0299fa6b3c942707a,false
2f486c61e9a92188d797b010baa3ad2b8b0f8d5b,false
53297d6f6bf2849ae2bb24651245b9f6813e0d13,false
4f1db21cb856df5e6e8b3fd04fba31604fb597a5,false
4c7341c39c49014165d1b69ec0d710d3c6f198bf,false
e14bee1b7e0b256a3edbb4d53a3f796c463aa068,false
17786ff6570be0644e4cfab67d56487e96da2b3e,false
5b7926fcecce4cee03a01eedef253ef370e7e9ad,false
ffbe1b19f86f497a0a3ef34964552f1df89f2b51,false
e6f1992c2e4717b584f9bb68da1e3eef37c2f9cc,false
d7b289c7bb667098d07804033d0dce5ef4f6419d,true
e133e887ad05ca2bc06afa84d86d501502257ecb,false
a1730466ed969bcde69d73f126dfea5c73aee6c5,false
ba83c999a4342adb9f98c6e02971dae36d8a1797,false
d957a9ba3893d5acb1921a46424f4782bf9c9477,false
48be8e2d4c46e411f1d87142358fd6486101cc19,false
dc2caf7a7ffdbab5be169d3b5e5e883064115764,false
0ec91b4a6a28b076d610db79669a18106a96a8ee,false
2a550cea6f95a76c7575cab6512b868d188ac5da,false
a4c96ec6fbbb9bf04d554faa3754b1b287bd4582,false
67bad272cf5a27892a663a42b159b7e9eb2b2124,false
3d5fcc941eb169eccb4c9277e4ae99486f1ed59e,false
6c5bb870863d3aba85d30b44f1339ea289cf2a7f,false
cb3870282842e7a01ce9264f3ea361e5b80526d0,false
3b052df9faf50648ec2fb6658b28497837f37c28,false
494dd590b28e64a5eacec213e16ba85260f05e93,false
cf73766534bc57bd867f786216fbe3bc5aa26a71,true
8dae614da5057d1c0155ddb35c428882d2f4c3ee,false
ff882d2b7ee8492a000a2d13968130a340689dd2,true
8c98e3d87b9c23d03dd940f41a4cda1466268319,false
562021105774e997d8c5a54e8a63fcf9b907efae,false
c9cc54354266013868a7590643f8ffb0d376a7a9,false
ea4392884cde7667eb09af9748f2f7d3b933a911,false
e0abbb8796b5b795ce6f424d8c6edd2a4ab6310c,true
ae5c157450aeb36be3482853009565602d5cb63a,false
00ca11b6c0ebb1e1d4643f510c4e2cb6ce7c3802,false
ec910c7c16002a4131f140f87fc1b16ce523a3e4,false
e36ffb81b5827b2b31ee75cedcc5620caf18805a,false
dc46f509d6e93cec38ac752b6f1cc09c3055028f,false
bbd7ab63256687f195627c3b29e62a454609eccd,false
01bb57ec72ef74f4630c889a9a4db49118b26342,false
218d363852e83c5d21d8e4c6b9cf86339ad1179a,false
05c5afd79d98725215b5285bcf35fdb96c95180b,true
283c28b5563d02c7c0d009209f3f137705d64729,false
31d1c1afb62e5c6019aeb7a8c5024c8ad81e1b8e,false
dcdd7d4f4874d4fcd754546eed6d8f1890d5c5ae,false
ffce1fd3fa8d91a0ad832231306fa986e02b02ed,false
dd63567d01caec8303f58f9e83ddb390078f575c,false
2466cd3ad2aaf3f789e1754ed095bd0b925a8111,false
8b539808fe8a81588f943daef0e7cf130c1beca6,false
1496572621382e179fedf6fa6c1689acdaab7a50,true
214a5c16391be3db3fa1143e416b5406b211b30c,false
db7f67b8ba9594cceb7098f21a5975041f96de06,false
bdc2a10e90681a0020d1a280631bfeb83373e196,false
2b47c74336a9c65ae42b45e2a400e0d7f57ebde2,false
f6d2be9492d8a842745d5133d070ca200638154d,false
4651237707a489f6feee1e017335867a718a2dea,false
ef3aaf70df34605a6acbdea60837599481073bc7,false
8acf2b57ffa194dd91ecb39246ff84d06e8fd55c,false
910d8ff5fd3cfd39371428cf72418539291f4fb3,false
cd75e705992ca634c2e2291b79adc43e6350eac4,false
250825ca45b0bf98adf9fc52fac86980fa215331,false
c23a151f79cc04fc455b6c8dc402fdaac8a65614,false
9104f31f09d0d1719af115670045941338ae4445,false
d06f403e49dc70d1f0d378033d52cd1a6f79c1b5,false
2e435db655effd6d87154c8311c4a4f7ce843c40,true
9b29a5c70862c359f8c9549168ebed0de4ce7c4b,false
585d98070d657b916e78dd0e2ed684e7150a5dfd,true
56263d7589c6e3eb71c4c049bd5d2211288a6128,false
08ed1a95f60d313c851b91a318a6056203189cfc,false
cbf465112148a378bc70fa0d13d5d36a9314f46d,false
af268c3acdb9c0bb03c9ac8cf87e923ab4de7201,false
f9bb2c468aa8750554c80c41fe555c390129d8dc,false
895ef2b6d34e4c241156306535ea7d784c68a8f5,false
5503216b92d2ad1789e664728a96525a5452a0d5,false
be69b26e8fbfc5abd9a89bee9935966648a71b9b,false
4ddb02e51c847e87f458e78214cfc75de6169112,true
996f27bec560c41e5ee8feccce0de78dccf255be,true
f9e574659760c9ee4bdd308af9e27da32d3a0fe0,false
ded202fa1d504375772f366db38b459d51260bee,false
a11e06ad9746ee62eb140b0f83ba2b2651d14453,false
dee63f0c2cd6f1cb5ab361075f8778b7bbe5a453,false
ac47652459bbffba67b7f0bf6c0fc281e630da48,false
fa4ccf22a7c3554bd17256a2feea998db56560b4,false
0f7ff4d23ff37f59a3bf86c8990cf3c685feba5a,false
ca3a9191da906aa3cb457410cc055179c7b6a3e4,false
10bde5efe0d4f96b54832289ae2b7e9be859a661,false
2d335523c5cf8127ce83bb752f4d373058766c4e,false
ee890b43c92d7d193a2aaf6b02de8ab0a32e6394,false
739596b0e7cdc6ffc66ea903d3171ea8d5121e50,false
3a94196271f99186576adc58a6466732a8747483,false
0004d8c24de45195e1e16f5d33563922b92ea2c2,false
3779e7a9f70be0377448605dd1d3d10dd1425385,false
5e71f6303073d8ae548f2bcf32d143bb77c2d997,false
805c3a0bebbbb668f056510846d414e09592cf62,false
17d1a382858a88c7d909dcee4e2c89936dd70853,false
f0e5eb814d4d5a65b28cdaaf9b7215b472d07ef7,false
191ba23f6a28b631f6925b08cbb29c6fbfc64430,false
a8512b42f319e4f2a2216637c148b7d4c31dcda9,false
2e45da0cc4fedc02db063935ad8771b60f47cee8,false
8a076e62fb0bffaee479b9fa2ea41e245b57f834,true
6ae445ade12db90b287db0cf0c0d7dccffa6704d,false
d1da4639e594022563888ca816b2f014cdf843cf,false
5bee6d1bc23c8a4ed6a0a36a6ba2c4ccf1c06d1b,false
4765beaebc6e66c2afb93d2c299fcc0998adaf6f,false
31b97d9de5fae4c9c9a0a7995a68be1bc1e2d317,false
4a8af7d0ce5bfaf4b9e894a5826b376a3830f19c,false
75209e72b7a94090d33ce7e288dcbcab78361332,false
136acc89e582548672dd9439de7e661dcc94a7a3,true
4c4bed63036693811174e0b9e46686b2899ce8a4,false
c07a9b06bfebbc82135dfbbb437c16fb589bf40e,false
3db42f6967a68901e5325f65487765f810b34102,false
89c326aa275aecad3ce3633292c002d2702d57df,false
c58fef84f3dafe412136b5620a4eb9f9577f7028,false
0c1db3e312827a7f6d9b67cfe68b2f798154579f,false
6c724e254c15fcb520fbc588eeab36d58bdf5e74,false
16aa51351cccf5b5b4af6a252cac7c0755fe6263,false
2cf542eb9e14652983e19d72197d703adf39d426,false
bbd693f3716957e7055eb66780a710e1e27e5770,false
ef799a26017097c19165cc30f89d481a4323f5fe,false
438cd66df1b3256d890d60523905f1a597fd5bca,false
542a39312a409c86936db395c18a8fce2ae3794f,false
016dc08ef6bcd499e54e4105d5e20248ef2e312a,false
a77da1a29149b0f2974f7ed55a04f65b3aa8f7b4,false
2bd3ac08ed650e681957e6049c4cd490a851d889,false
0ce34d5ebb37e7d1d4da6c9f61df19482b98787a,false
e15d4f652e1d911b0991e493796afe9d1bf68145,false
65e2624fa90ef12d20757499a40e9db6099fe5ff,true
ca0ba09e54ecdecf7078b0dc0ae6d9ffd72fe01b,false
f699ec031ea5c88c03a66c0228d0ea3cbe995903,false
38184f9795aa166c0498da4e171898234344ec11,false
6665d181d494f706b1d792f818e9448d53b9405e,false
e7612dbb5c785f7f7b577a7ca94d7f68bc7eb6d7,false
7e710cc91ef67c851ebb3bdc0a5ede0d9d8bfc83,false
1cbd8b8380062d5f75a1cfdfd895feb6ec8aca16,false
1f7e58655baf4bd33d08c632864341d43ba2b956,false
e0a44acdfcd6478ed77cabbb0ea031fee2bb1a0c,true
e5bcefc6739f601c12d833bca4e9907265924089,false
d5edd7e9bbe225394fabc09d20018d76cf8d96b4,false
4eb02c779296859c90b6660acd39bd4116f15d8d,false
34961170ee259d71c2bfd40ea303a179ef5443db,false
b82496bcdc8ded1338b1866165ddbd6cf8d13b8f,false
b9c5b44451ceb56a99a171523988168f31549913,false
26d1cc8189816ee9d2e81812619f0c7b34ebe1e5,false
bcd7316bd14824e1b54c6e8ffaa9e5f74a5cbe87,false
92045733c6033c377dd9a2a5fee12cca4eaf347a,false
91454f7e6399108126005dc76c37a28f8ec53f0f,false
7ede51dfcd93743d5efe3bc0af23f2df6c39ab5a,true
761dff00e62f9b63798f712b2b97c59cf1ec6009,false
fe8d9df7de424327699a859dd3bf774aed521cb4,true
fb553d1f20aa309ac1be921557e44724346a42e7,true
ea22357118c18ea0ded0cdb10eb09ee8a7dd8dc0,true
d3c63f3f5a7c4fbab07df00635e802af04d885ee,false
ffef5acdc10ab29600ed09c2ae97852eecc4d948,false
c9a8b4487a6a0c36148d0bc5996eb9bd72c26a24,false
dc3aed0ef562ea9d44adfee6d37a91086e49f382,true
48dd3496bd017b4a386d6e164ac9f5e69c0fde31,false
088de951fa3866d6efdfa1549f7aecb10a5360f2,false
97456cd6170eafa933365ffe31da51a035c96d04,false
c0e8097bbb956d6fed67ee5d7c777c9172efd382,false
63219ecf3f9da15d186abf91cf9c840768ac4abb,false
1a6cb3f59b6bf105a292415b6a1c827051680956,false
2eb7e8842546ebec82f6340d0dd3aef879bd6d14,false
3a6657c895d54d0734c7d50c2c123434c102ace5,false
e4e5b97fce8aa73d0067a6161043a2b351c4287e,false
804fee477affefb04b8d807e39370b89242848ba,false
9e814380eb7257d4d9acced3a7b0a21add0cb928,true
094ca60b1e75efb7e64029de50d631d705f85f34,false
0657b475a9bad641c6a563180016d8a6fedf3968,false
7c0d1a55b8fd56ae7fb695c529dff3b2b35a0610,false
ea46f5ffe40a91f84a8a4c685ee5168374506380,false
7bb027fde1cb132ea5e11f517a9b1a68fcf95cb4,false
be8af465cb34a377361de8b4ec08ffc51f460e13,false
2e3e2226987362bc51e6134b5e4d3f04fb403924,false
c3246c4b152892362642ade7a7bced346fa341fd,false
52d459fcb6de3b67850b0b3f3cb51f166fb608c7,true
070eca46c855268bfdf2975644d6a7269c6d1fa9,false
ab14a0385ba8b1b0f36100284b3814bcc5f3d1dd,false
865ad78684bd7fb8e6c3c283080f469ab7e6b591,false
7361c9e14a32b76513dedf9e9dacbf60e3707e66,false
b3536e572d29f36c26c261e183a0e07636ae5d8d,false
19f552a02ca613ee82184626fb2c80e2d6fa9f2c,false
68c727fc69958b6d886c3f4bae987b85d46875a1,false
54a101c5ab445b26311a8fdae0534efa8a792dc1,false
bc4705ff6bee099f084b9f8bb05eb5c0055e1653,false
61387de016ae7098ff25d430e8740ed9fd7a50b2,false
4a7f6b8b887cdbf8914c34e882080f8c7deb9270,false
62259221573af95a19055ef72e5dd44aef053a72,false
6b39b3837d3eb5a43064af19ff562a387c2c7fe0,false
68d4a9e2184954677a5d8e7e5b5e12de80243bed,false
861f7212d9bf89cc5c1ea0503f90128c6e16d3a9,false
1e36340302e2f8c9021d73e19579a8ca644b2f3d,false
9589e79f8b0df30ebe5482d2afde4d97e89fa075,false
de0b555183c5591480ed59e47b3cda26a04291b5,false
92f2090478ea585e7a283f711cb3a83694551468,false
9598de1f88c06b46a588030e33dab58bdc222061,false
3fcc78495963332c73152fc92788095427a0a684,false
d59cf1096562f67ae4b059df27c9ed49fbb470e2,false
f81847981418ad16135b80da689483ab15f4fe83,false
24d61b3c7fbb76628f7bc53f7841376f8c11f2bc,false
6183da7f989da326dcf0738282be42d9d1570c02,false
5c8ba1b099c6b0af8c82dde8669d28680e92eec4,false
05c375cbf883ea11043ecff1df5e4015bd1bd779,false
4b6f6f002a3412919fb3d437431cdb8e53ea0bc2,false
2cfba235dcea451dfeb550de9b15a27e4eba7e8e,false
9946c8e55a1dc161e53225fe172c107a367dd9fb,true
4e410d59f22c0c924a3ef13807e608ae7594fe72,false
ea21ee9ef7ef8cca65697fcc88e2d749f49951e0,false
58a83f5c670b56f820ba00ab9262db5d54be65dd,false
1f5fbbda13d19bbf06dc9c2a1c3eeeee60e8a2d7,true
50bf6cd9eff3644dbd261ae0721ca0f0f1c5de0c,false
08374db9c05bc16ba930637d3b9a11e808e0a733,true
d30196022da35985226a522da20158b5ed5f18ec,false
79b89c501837fb7cb26a982025c238b6872396b8,false
3b29aca0badc65c5fd2781d1becdfad1295b6e20,false
48c9f7fec732cef774b857d9b98c6bb58552414d,true
66645d53ba07baa7962c29429b720bf78f94ba3f,false
10f21971f76fe195e6305ab687dff74aa4570b0e,false
a22865f7dce14f42ce5695901b108a1d285bb85d,true
6ca50a2a4c411392f72b4bd9d51e55e22d3e08ab,false
99002f5fef0efab7e6fa53591df6c69c2f7f3315,false
13f0ab6ca0dc93af27bbc25b9da90cda0bf1cde5,false
ec4ec7bc17140eafc6a7c5d6cbd59e17e260ac77,false
28b7430e5240b4e6696c8718a38d785a001699f7,false
b586c3fa67169987135d3001e60abe0d4dc42790,false
1f032bbdbaec5eecbb76106fb0a6aa93f51c19ac,false
7cd34e1e46e141f0e7b28fb624236a0189f2fd1b,false
202525eaab612a5fa799773d3cfd49c055572e11,false
f5a3e74f0fe8dc74113dc367923415596e5a1f73,false
fd65e38c8176df807f7c0724117033d6b9cb4034,true
ca7eb57656afb34122c7c78c826b50464a66a291,false
e08b48708c8d1b504ed0974ad70c5179f466a08c,false
49d5d11b43ec21b9f1ecf0364f16d5a78f326eec,true
51e31ec8085a16b25d8aa0cbe871b91abc5c4063,true
146483e041aa85c44261190c0b70003d02c28665,true
cfe08bea3b9493dc2b1e01e5f31c1c76c18d3e71,false
0bbcfee323c643fd303a087733161fc00e56ba19,true
3aef8497e226a9678f36e228fd648babd0b5d916,false
2b3a674366c8b0a249e6cbcee4592e1470bdcb11,true
df781121e9959cc40b5e160b74b38d43e9315f1a,false
b88fe8837623a30fed4adc294deedea8d9eb25ed,false
4f554feb9af32344ddf2e4ae2da916f0e5351176,false
3885f49b0762c99143ed8252f0d4040e995ed09b,false
78ca0ab3f4819b426408b8fad0a5f739e929a6b9,false
2f45ec436401b6ebed566fbb269e9bce06ce3ff3,false
cec4da5577bef826c492d5a7c55d0e900f79a890,false
ee5030d4de9ff7995890030fa6d83ca9e1271133,false
5964135ee8745fa0c86283edffdf2b4c00555044,false
0d61742ae4135fbcb2d81b0b77541ab368a93878,false
6aa942d3f406b1dfaf26ebaa316cba1fa2ba00d5,false
4b82b21a9f40db9baa11ff6f3687d655b74e92c4,false
25d8c80489a340eb6cd54d78cd32b6117f35c853,false
b935e3f183f5b57941e1ba5125227d27ea5b7256,false
b80c2270be4e65e0913e9cd0df8049070ce7ea25,false
43a2d3f716334287a3e9abb7e8b57d2fbed3bb07,false
abf493f2c93e4eb3dc9668e83d7796112191ab49,false
a598e3e2fd04c546ba26ea640e2a7dff5afee32d,false
e8c898b8985dfdadbbcc22885b4a56ab92948cdd,false
76b6eeb0c22ea84a361d85c7c17c8cf224b0f14f,false
9271b3550c3516904335dc253e968774b5f47961,false
b7b10dd23d5b52b4ce96a34aa4e83560d239cccf,false
772c7d8ef4d72d64fecec16a670d4d626af0095d,false
ad4112fca78c51f4f40770f87ffadcfe3fe5455f,false
2fd34556eb832762b9dc0016705182d599e5c4c1,false
50e75995bc58efef1738e0f27d0ed70383614f39,false
c9bb608a4cca40586839d420164a33a2ef06b603,false
d25b44039ce7ddaac768c57e7c4811a566b7310d,false
c38255f943cbf0cff833a4c82715c3bbb39a8323,false
bb0a75b7f7c665bf9e3b47513d6e05b0ee05fd67,false
bd6b51ebdcb599f60f8dc0e860450667082acd3a,false
4c0415b1a168b481810676240c624de61f2f7474,false
7f0b373bed2ee3f03b8ee4e5c8793d2d66a8fe23,false
90de1b528417a3110b87e5aad344211e9fce6b0e,false
4926a826b115e1b2ba847be0a10aabb89d81240d,false
54f8b7d115ddb3081cbabf870f2f40633ac82286,false
3b973ad6ff07ee15bc205278ec528edb12d79634,false
879df7c1a62939846697749d7ffca99e9ee9c833,false
b3101f089da210676b65c89dbb97fb930b23fb44,false
effd526bc81eda3af495718540197c9a4e677eaa,false
216b00b1fb7528454555edc0d48172f60aa1d62b,false
0948ef4cfb8c3fc5891e951be68f9380e9c5597a,false
b3e95132b22d923a3d30b40b0fc3be760db5dc75,false
5e5fb4678b38f052e46ce9fa20e5121f52d0bfc5,true
d03b989aadeb6e1c95c62edabe68a930a57c8486,false
f99cb51797799e8b064172ed9060f3178b661fb9,false
b79c8e11e90fc3780f4a27c27fd144132c97626d,false
02768bcadd578f58fe62c81187c0e2c6eb22f984,false
7164e22822039a92282ecee38e784a1ab57c08dc,false
aef22e2d2e75c4247b6abc8ded197fefe4a97857,false
907ee04eb8a796c4768bb6b325d8073bdc836990,false
5ab8740f607135965a4d0fa28c878d1c47d2d481,false
b2272ed739b6af9b55d14e5b5a24e325875736ea,false
16953a31c2e18bc5de6f5ce0cba64db28343bc18,false
7c01e533f00f362bac43f711e8e16659cb0a6367,false
ba7a4f8ea453b49b84f34d3ef16b2369c65ca002,false
94a32ceac81830131697270ed53fb7a5a3f912c8,false
3059ef1d1bc4b245d7be2f504d81b24bd929027e,false
9dd4e08247b1511624fc3d96161c7c4c443da665,false
51e1a25168b105e3d041ef5ceb7dab7fe7d1a962,false
cba8d59154fb8c37ce2dddbbb8bf74beb21059fe,false
712e3d2d175a8d3d7a1fd3d75d584bb0d006a6e4,false
0d7858e53d922c48013b5f689e1857df3105db7d,false
cff9e19d86468eafdff262455e9ed19be5437050,false
bdcc6cd0d35e70d2560979c8c8c0af89ff9e946b,false
ff5716e8cb749384330045a147ca2cab65351096,false
1003beee1ec4b0dd24c5b6d807a98f5250050f81,false
8f2bab2a8c63b6de75337c4aba6bdb3aab28c9cb,false
648387077694ba3a185dc1bc84b6a24270e244e8,false
82938f69082f7023de175e1cb10c2edacb6acf40,false
00f79ac21fc4c71e6bc18677a35ea125521a6e59,false
fead77dde2f6dbef318fea6c57aaf407efa41cf9,true
c7502d811c470e7de5a25779184fd1bbb1892318,false
9adb71b68263e4db2d929385040c76f383f43513,true
0d06faa5e84aae6dd6bc05a1f787310cf4197f2d,false
645e6ca1fea862b50140265829422aadca07dc27,false
fb4da221432b3b17657a4dc541fde33aeabb45af,false
e8775f2f0042de34a962552944d1a70b892c01c0,false
712685eceadc4382f6f2e33afd071ca3eac60e4a,false
0c33174b9d1958486b4f0028e38bf0578ec6ea42,false
17626218cc5fe02a7b6e1007d595e7a0a3af9186,false
389ab6f5b589b646a532e15b87ceb399389e93b8,false
e8953ba239f40bdc513614ee33ebbc336dad9a18,false
cd1e63a46781ef0f840cb05b952367464d274771,false
e8b624445593d6aa3c5801b228f49bd157404d91,false
2864806d51a7777e7b280f0b2f7ae05eca71c1eb,false
0dbcb92955698df5ed9cfb594beda836143c509e,false
d454ca5154ea79a6c7601e8ddff370756ef4c8e1,false
6eb849e540ec64dc794545bcea99d25df3a2ca74,false
a44e1ca4fd59a7eb6f6a4d34c6336bc80c4947a6,false
3ffac5ae102517128e24cb923f7c5fde6158217f,false
a39cb312105b79621668f41e35ae9013fb724184,false
1aaaebe43a597631a12ed0524a963127751929eb,false
ae8eaae9fddd345e470a04fbe1751c2a10db9b5e,false
b0b59f1634f88dfdb4a29a9113a2c81599508e52,false
94bfb68e10310b09e0e7ab896e29b360a9254ba2,false
4198647585ec2bd899ee7b8acb76e9aae0e00278,false
b6e3da636e77d304609d22f68c936cc8bb722558,false
895ef48d6f729dda3bd1ff1be4cc82961347b8f6,false
0a17e66b172168f6fa8af8f470450e44bd46cccc,false
31b1cc3c39057d5d078420533163a4a4288a89e3,false
4ee6d001f8f6aaa9d7ee5062321c13f75d334ecd,false
301a3e0058bf0238fbb729070d56061631ca1549,false
cac789620ccebda7465b9c08c1b121d655269b7c,false
76319476317a995a68fb6c4a02afba63dad02543,false
e9a9895aa3eb8d608e4b273d2af6be2121bcf30d,false
1aa73122b5af49a2642967a403d62f633396fcbc,false
1e4d7ec8579fb6b716f167a4952ad3f6c4872fcf,false
78a2770c447abac55ac921970e3f0f56ab3440cd,false
713884898d59336aae3f371358b13812455147ed,false
70149bf2e05ad1ac6b4b33d03c48983950a3c7a2,false
7cc5bffb43823592f6b2975145199ced28b463ab,false
6256bde9e1fcae7df1d17b0e0f296e34bf68e938,false
e7ab1fe13fccecbda2aec3902bdb693797c3ab5c,false
d28c15d178d79f56afbd73aa483d9cc9626b1b48,false
ef63a9e2b5faf055c11e12ba91342c787ef53634,false
21479c08267f5f4ef59e19d77aa16e45153a85e6,false
a5cb09f22f8b103e2496e9a9f601a6d1b0dca9b3,false
3283adc2097a842eb6cf233aee6ba27e74712e62,false
9b30817a355b87a3f2b969018a4338b3211bac1b,false
bb5b814dec1608f96490194c251c1911a1a2b215,false
316390f090b5528b06b287d1fae02078b1b989b7,false
9190c024705221a794bee16a92b13bf8f53c35d6,false
81b5cae7f094baca1b6cd77343b6e847cbea0ed2,false
2fb5f74f3cf870863ab7523b02c24b4ad0073218,false
c65975f3e1a9d5b7beabdb0699ee14763f8a7b38,false
d7b40c6538db4bfb99cb5b29b919a90c39732b5b,false
0dbd93247573340e7e91cead94eac700f88fcf3d,false
36be394c18b4f9de14fd50c880c944a3f7a14c55,false
b7fd46ac43bc1368c6688d4b8f70d41308ffec57,false
7d984ce81040ab0f0b7454c8521b0fa8ebca1919,false
93807b36e6f490113dd9e69e02191d2a5f2aa0d7,false
792079638c071068ee235cde4e8781676747679e,false
d77e5416782f68b6a87f5a70441492b4183178b0,true
715e15cdb2ca82859354cfedcafb1146fddf07c4,false
d38e4e53856bff47144d0099932d15f3f179c7ce,false
906c7cb2ac18ece3aa0e61cbd758b9d691d554d7,false
7421514e98c721fe2ddbdaac527c26dc680c6255,false
8d25d59b5447c287e917e686c845c316fe07bd65,false
4db691e2e3c17ddfdb30cc3f6a54fd5920ca1b53,false
bb1000f99474bcbfa0fba389b7c4f6e9965ed6c0,false
d7da573915ea666d28664ca6a973b5249463e842,false
0a7994c243e3c2bfa7bbe9bc4470078cad3d6d25,false
f910dfc137635e4b7ef23b74ebb15c915b998a1e,false
3d189b21e1b0ca8a0a83de4b13812ec651ccca35,false
6e48c1cab2d4b93596b333975a1e16661f5bb33a,false
404069326513ca93edf340b0cad271989a3495ec,false
affd5cb7027f6a36f24fc54cd60208be461c2095,false
eee5b37cd3007a1d2554ce903fff3dfc87f425f7,false
b25a2662693a50a9d766c8d956c3e0143f6c2d67,false
4d11c56ed64641dc17efaa205965a820af4e0e19,false
2e4c139b5b79e7cf80cfa3dcd504084901c1fc90,true
b8dee1732f2de723359c64f2fc02f39c312d86a0,false
40ad42be60b33dd959077beca2bf1d87095e193d,false
212327bb6f39421daa251baecc5a4247b29548e1,false
c2838de9e8178bdd51b51e78efd2b8997e1e16e0,false
e148516af31c86fadf54e34b56457b90ee9d509f,false
86b9d96935011a52a291d45b47f5fb1ee0841ff7,false
bb955aef0debd8e6aa911dd880d768f7bd447daf,false
3a19566f2190b7470edefb33049a951691007b8d,false
ddcd98c288def93229605ff8b28d2aca9eb1757d,false
a1965eaabd15d271d2c996e789eb5c09e208b251,true
ff288549bcd72cc9d1097ceb5c71129f15a9db67,false
066ed3a48fa1337b4086e998a0033d30406c66ac,false
f4757aca5aa9c3465082b3d8cd35137516e6d8bf,false
faa29c66cc2fe1b41663197d37010aaf0007eec3,false
40662d7404eda05a9d2a7450943791c559a2ae96,false
c8f107c58a769e6f2e870d6b57b2aa29c3e4e45a,false
43dc709a7bbb71111428f42a06b4146ed49cebef,false
f6b0f4b6a2cfd6941a23a914794ff141e711d289,false
f3430a2e09d925f7588ca790673eefde8850e8b7,false
b4e58e2b5a158da5871591f21612e253814484ff,false
a8ac923f91140c8548e5c1806e2641996d11a6e5,false
4d4d0fa47edf67385f58a8c18f10dac308ace196,false
6b24d52e0fd239d952ec65fe41c3705cb9321616,false
01462103d4eea8ec90f0b1eb6ab354ddca379497,false
af437f3343b33aa343e97578e83bcb5c842cd896,false
c9a7002e199befcae97417abb257b07bbd58e48d,false
624add6031a03eb4423e409dd3f72610e9e85e26,false
b354ed2cc25d2bf5be6117119755c49a983114ce,false
f44d6cb5c746450c5871c26a4f21077bd7060f81,false
65490b000238fe861f97acbc236c1cf8e7fd26d2,false
54b32f193f0c4356e30f918f68d737794544c47b,false
0f4cfa428946c6855cfe3222968401ef05df9119,true
b3f9ffb0ad1e635095014481188ec18163bf1d07,false
0f80abadeac16ab036a545ded178304862f589cb,false
927e54513ce44dcce10efa8bed7462f1ee4d37e4,false
f4073266ffef93258ed081d1752334a5659a75c4,false
5727a5f627e82422554407b1ed64c1daf2146f5c,true
9a398dbb8adb3bfb666254790f8673dcf961c85d,false
c1470f46bbe0a9646ffdbb8c80557578c357b5b2,false
8bef0ef7a552ecdbb566063d0c9be43fcb00c357,false
32d7f7da3820e0d636f5ec6e97f3a3b993a12677,false
256c505744f79d651a357eeff446cf1c3c8a608e,false
e93e55e1602056d964fa063599cd6fda881fb553,false
8dde806700b3507f4b3ffb93c946607ddc8abf91,false
215a628291102e5edc40816b78b9e26a1c688275,false
aa5ab20350a014ef46cd16bb0bddd93ef9954463,false
4015ba893cb8a38eebc7edb3666c4f5ed05304af,true
7f61ce1cac85780194b11798d76eb2ad847e9f52,false
e5fd6e01b4bd924991ec131a45c06cde69a26454,false
25cd5e100a4d83b5e063b570211e84c828c85afb,false
0e1365b463aa1b3d03f1b0c1688e6935396e88a2,false
7fca99aec515f0fc66dfb6d89ac9949e4ca847c3,false
31c99902fc180db58bf334de2c9d78473a734fc6,false
9043394147836652f07bae5b83abf210d5b5f9d6,false
725cb60e9f5de4b4299ecd9da2106e6014e531ec,false
61735cce23e47dd618888cec971071d4487c9d2e,false
5e291c81cf09ba523717e740af8f45c018006013,false
856435eacf314f69bfd5f2d02b80b873116feb43,false
69a3460ad2a696cb25935d85c04b5c0ab6b2a91a,false
a0d119667dff083f4fb45487a14fa89bc18fc76c,false
f5f3e25479ae3f577407875413c48ebc3f45b116,false
a45562cefe0cfbe60f6066b4657b0eed4d1d0cbc,false
599ce89ca371204f529f8072cb3dded25a78f2bd,false
cffe6d834a2271eb8761075d8c42fc42773ecd59,true
7b5a8305bd3fb0568800503c37272d4e2be33420,false
4a16e2279539e84b7cf92905df49b32c10a2e844,false
746abd12fb7880f87c9aefb9edf8a99f7c0b2d2e,false
7994d6a1086c20dbfaf1d16afbc70564e312738e,false
2360da09974875d83d1df1048a050c4546e4f206,false
fc21e7b8f6eed932b24f18f3329d727ca9d7c07d,false
9f64022f368ab13df2a744c0e0670fa9a1b84865,false
93a0fa76c0a753a4a04a876ffd0240d84a10bd6b,false
3e02fd1863bd72f20457c621ce25b552f39d6ef7,false
77393ead6a3aff3c4b74df480de4f5d27537a56b,false
eef8d2fff6efc1ef8adc527920bd7b124673456e,false
1eb364e13d2e32b0ce6e8c642ca4d3bb717ed720,false
89b1e1750c81f1c42227c7217abb6ed3a4593b30,false
079162e98519f68c2541b3d80f4d00936821f365,false
ed79eb188760ac1f893acb495904045d4c7f0b0c,false
b55d6ef0cdfabb04a53ae8883071f1df9828bb3a,false
246460bb004abb6caaa6f3d474fbf46c659166ca,false
ec009eaa501653ad106cd6ca6f83d4dcca3b6120,false
2087462c1d3868412ea39e567096842ae626b547,true
7708ff13c992fb7b2df7fca6150c8d32461041e0,false
11171b126c3ca311bdec1e1b6647f64433cf433a,false
f3911c136f97760c307226ced498f438ca8f9ae0,false
a96735905f90d7dc283c811198708145a6d4606e,false
0f0955d42ff00786fa4f219347d8ee8a124f93d9,false
d14f7d940999e6f4fecbeaecfad94fe8558a1010,false
738a42316f54bc881bed8742d6e7d9363c28a901,true
78aed1288f0d3b98d99ea1e4df49e9c5f8ddbb38,false
b5252ebefc51cd3aebb0cc4cefb953cd1458df72,false
a49ea4afb9bf5edcfabb5d50fcf90d0b4cb53b59,true
ee540ae2ab553e7f9084d08011841fcb25ba65f0,false
df5bb617ba0191da723826e9140ef4d036720a65,false
941b3e66e009bf20e6367c1cb78501700897733e,false
151336cbf9f254849db6c59bbaa18e23b432e421,true
d3a6eea9d2d48a1af0e5220c798d5bfc7a43a186,true
eba4b9d36fb1c9d5063c541cf89ed10b76f67074,true
bd6c0da377a6e599824d9fc62ca11418b96b679e,false
cf598e6393be09b149d168d794e5d1fd008ac9e9,true
cfebe8928ff06359b34a6b67642b307e8d7f74b1,false
3efda58233729e976cf30da75051b9d4b2e1848c,false
59f908fb13c1b6acbc2821aa1daa5551502cb242,false
fab8687972236a2f6622013c08aec4dfc39efebe,false
e4eca720c4f1a86345942d8f28bf235c547049a3,false
4cd7a716d5ba646c938f9ed087eace94ca10a242,false
7a5c9a525d05887a2ce7bfea1fe478ceb71f87da,false
c78a7103d1d41dbc26798b9f4dd0212094a7a52f,true
209afa626de4436fb635103a5e2c524386746169,false
f336ae014c685fc1aa5187ae4fa99369eb3c0569,false
a2330a49a61a618d42e403450cdfb15013f59211,false
605d3240d63ca3189c8d842911ea5ce691dfd2a1,false
ca97d282e0ec62a37f894ae3d3b6d280ea28d631,false
a4f775ffa6be5de3cc20e94b84c15cd18c218eb0,false
becb342d525bd624f8408d262ad27a56b8b3fc88,false
5386aaffa0e60f90d2a9bed2c4d7f64044a10282,false
ddea0170e66c624cf4e552fba70c907fe2b99a99,false
cecd32afbe1a7705da18a080d6ede8f17be0e376,false
ad3882ae0684a0b1435b33d7ae3530d6437fcd74,false
b5bd6d4d1ba935799ae0ae87a56aae590549f18f,false
b2753291b77b4300d9588cfd64a6f4c0a062c4e5,false
e3c1113c3cc05dae659f7c7644145a8d4e154af3,false
b49b37ca26537d7e2c4130921e6d3d84341d1732,false
a201d744532e044959dfa3bbf690d1d26caf8178,false
59f8139ce4200d5ae22a2f8630b7d4b54e0140fb,false
737464ffcad4dac3edcecfbfe61f02b2d66a71f5,false
3073d172d80a067210acba1adc7abaa8e38f9bee,false
ec06b08bbc70ab7370ca8fd3d34459093bd5c090,false
22a93ae18c1ec932d0b5ff2c9bfc94d738d57bd1,false
dac8d8d4bfe90a6a77c9b64eec1be4fe2c1d2182,false
275c7d19f25438032c1fcf8c33f09888369bdffe,false
cfaa5fa2301f5fd26c60a61247e71f7efeaf0483,false
7c7e8395a696199f8d15ec3108a57c16dd675aef,false
768c42647cb59509b5b1a0448d8dc49996461ada,false
cc7e8bb1d5f0159191335189463fad22d4532682,false
f4a08396574ee9b5a0311884704d91f6108a02ce,false
0b142e7a2e84fa22b48e1a0812f19815a3f5f542,false
9fc058eb88600823a1d13373e5bcd9497f0466a3,true
c360613a7d23b480aa8eb4c9f475f5c1c525d869,false
a7e8f5ddec80be356c8d994fff5b1b39ccc63eb6,false
bccc03c193e89e6dcf219492d1102eabba875290,false
e2d2752e56ac36655fe3a90d834343759f67f33b,false
05f2ff80c346f00db0cd61ea87d16cd53b4517eb,true
6764e16f68ecb88a247856d9578ac6d15ef0eb70,false
eeac08dec1a19f4c5ca32cdbf3fc70ff2da952bb,false
e81067c8aa761da22248f9d11edcfe0cc49245ec,false
2cf6c1078d0f5d2736a5f76ef850f5df1336f472,false
85129aff00118a4b9c1ff6d9d8aacc1f37d8096f,false
a8f090b6264daad9b530986d3eca1411edc0ea8a,false
60cb61f0ce114224afa958e1c3b65998dd9f1d35,false
567a51bfb1f5a78351961b0f26f54e62322da715,false
9c3e105d1709f0a783b2ad2983352b1cf5fd8bb5,false
d83c785035a0a105cbb6685cef6bc1ffc07a0ff5,false
a530ea97b3004fa2e4058c7c2774cfbcf0b7df06,false
e64fe1d6bfa64167babdc8b499edb4a25064c6b5,false
99489c009780a2b1967cdb1f6b99aa63773523ce,false
22e1bb743e4c7256bd628b0a134dcb0403057eb7,false
849b8bf529c2a436d9894623c14864840e70f995,false
91a87b874d51862ef932282b1b8a9e2bc76a6816,false
fd8f66b6ea35537209edddb8fcd18b9a4e1ff0b0,false
05d5ab3bd13a16cadfcb5b0a1f3a81d7ecd5fce5,true
e6ab1a5f1986ffc2b8dadec3c933d475699479ec,false
b70dc2cf100e03302a5cc25bc90c0ae8b8b536b7,false
9774eb19fa1c2e3ee52dd4264c385e0d1fe2ea2e,false
fdc9f4e69bfb72aea77bcbf2dcc6c1bbd583a4d3,false
4e0bb2a44f8ebcdf282ab0c079a68e4636c6e802,false
062e47cfaf30f3680382f6ca03a05159100cd8bf,false
9beb7c66375ea242c70c2a42b9e3680e865d98a4,false
2552957790da10f1a0f2430af06786a432103146,false
0cf7e1113b5fe09983120e1a08013604056c37ab,true
7218ebcbb1c30be197008e41b7e92ccf7fc4a828,false
5668c75e5f5d86d6b13ce84a0d17dd15f5a9010f,false
110a294707491ba95cf5ad54df5e5b6df09ff35d,false
d6b4a5a5669ed13e520728c57075a7689986b2cf,true
1bce49ac6fc2fc3b91dcb9a6a2e48843702f33a7,true
8290a232daea3f332db76f2dc6ef0851cbb9dc02,true
b7ea79a2e03183a22cc3d93d3986e32d0fa5adf3,true
aec1d9f672474d46021871135832f60f7a1d00a6,false
ca0ac76c2b8d9b1aa401948ab949aa8ea30310c2,false
b9e20cbeaabf1355c926dcd1c62094890a717a6d,false
e68fc1a3b336b4a4877fed96c21515d2cb8a8f47,false
8ce2d0331b8994b93cbfae25f674362448f006fa,false
6b58de62907685c210b4a5dcea24650914e79573,false
dc1bfb7422c00e24318d6bb1478859124e362c23,false
50dba492a06d53e0ce2c130af67d1149fc022dd2,false
7d8cdcd54e9ebf0241428bd4ce679ee290607d7f,false
c35caaa820fa1150e76ebef24b992d73f607b2cb,false
b8b38f0c183b80063ef18457326d0d13fe798332,false
8a9cd1cf0229b67cef086cbe7e33c3e588c799e2,false
5edbff84bbedaa995d8f919682147f652882d548,false
5397c8aa4bbb24f5b942a21b232a35a08255de59,false
e9a8739142d6c7ab3ca77af76da5c8719cdd8d0f,false
c12adabf4dd3575b8d2fd5ee63a08c8fbb5298ff,false
7142ab6247cd406591d26c6ec86139bcb6c530ca,true
e44db4cfb75baa1edac3920edfac9e1665cd67ff,true
43264c0b72253914372c3302c1d6fd8dcc0295be,true
7a2f1597adb57ae591acd8b2ba66ca59c7ac1274,false
05caddf6357a3c01e5c663eee0a4482fd5bcd7c2,false
addc548dcddac1836673f1eaa1d6c825869a0385,true
5f9c6a41dd2ae4940f5a5251b7caad219828ba76,false
e3c80e5bbeae31a9eae8a09e75a0b7bd94725282,false
e693e070b8ad3aeafaabc17fb459e085f1acc45e,false
fbe4184d854f66971f3cad89bbb1dd51a126e92c,false
ba5362efd6e63097e503447e96849ca71a7af552,false
976b6fcbd13ca02b68b6cb7fbb9cbc9c14418ade,false
f4fdba10bc3acf7d14682ef3f260ea31a0e00eee,false
0304bdf1a8450cea0b3696a1e3bf7f79058b2d94,false
54d6074fe930fb003b01b61fedfd89344a847407,false
d8dd1f3f9278af88c74a0974878f6225b9d03901,false
dca65e7b759de79dfa42d248f1aca82f901c4b94,false
bf74dcedb5bda3edb793742d9ffd2c967cc79bc0,false
8b19ce8590e4c7311917c1574cca5885844603b8,true
2a9fc271246939d82f7601bc5e0d361c6d98591a,true
82f11a073756a3ae45e129090964318a8012a915,false
5ec96128e6e0b209f296016c30c1c869bf738635,false
00664f2fc15d855dafdb0f4f772e62ca288ec85d,true
b7fc53b0983eaf010d2d470e23c2c1c0deb0c19f,false
1defc963fb9125f77079cba6ae0856ecd4df7372,false
d372e944025a8ec2ae155e898b4554cf7512161a,false
2685473e2f4e0923b3ca47ab1177ca88d509ac15,false
fedcb1417327a71a5b3e21bb6de60a60630f9b1f,false
e2fda7a6bef6508eea4344fa26d5a085a11069f2,false
27e34abb29c95837d24a2b182c83750a4ecf8c70,false
60aefe0ac41cb966b2313c9567b7713de397294e,true
9ec83642be99dd041c5f10d6a4de35060b9e4a3e,false
cfae2918fee9f6f4f2c31c6a0d6af04c773e2b4a,false
e01906425ae0d6aeed230669ad1971a77e06ed8a,false
783a2f84de71f36a5dd8758e15c747070e026d90,false
0b083962028cc1d17a74d5f064762ff3ac673f7a,false
8f96d43e967f3a23badd5677510e945b9c39f85f,false
0a7db9232c4fd64934fb3d33771ef87e13b8ffb4,false
430d3e67e40ced5cc3e1554c4dffb6a76b8315ce,false
29de1ff1ae24a8dd4dc3dfd69c08fb2a98bfc33a,false
7f80a467280b2452f3284e85cc20be9ba3cb448e,false
d07eb77a4a56be5e30c4c7e8597f0ba7be3b136c,false
c229279f05e96904f14210231cb46936231d1f91,true
4a7b0bbf3c739feffcede2dc22e34c1dd4be2ef0,true
47cfdbae883e2a2b3ac0781dd32d42b412e55b14,true
c12093c0610d33e2dabf8d2d420b2af7df0647a1,false
af8dbaf4b7fee75aeb85933057cc1f5f32fcecf1,false
a230f5d24a57e3d029a74afe8aba4c98c559b9a2,false
e1b472be25ce84543c851d6367d7e0fdca5b465c,false
adf93b1f7a2003d4274cb48ea1bd163bf543ae83,false
fa12795c1453ac3d32b174944e9d7d4277520a9f,false
3544979493b8d51d3ced2051bdde7ab640f81914,false
163b74122e1f2bbb1ba74febb878ba8574454c23,false
d30a8ee8b23f4989b3f9de89cee3f200c57f2ab7,false
ccfa0c5265c46cecf2393f2fcc88ea83d7c20e16,false
6e6e019bd90ae7502808ed279b4f99b027797349,false
6121cd8c58a2102985cac546dcb5726c3a8fc1df,false
03071898849f20ef28571c83a540b2e72a4604cf,false
9aaebe48a8d2b251d0eafeedf0cb22e36418de2f,false
aebd4c6c4057c3c0d0c22db8e33558be58d9be31,false
42ce79d289878a4502c941d16fb76ea8465df76a,false
46367dcd50aecb0e937d2562a83c3ab01ebf36cc,false
980152de475418ed8e5e1f2af3fe256de8a38679,false
f65bb5a903b33f043818ca5023d3e67d7d738a56,false
be723a65873cf3a96cab127bfeba0e6052474914,false
caec238a42f4817b693b276fa1ef127ec993f5b5,false
b1bd1978040cbe625763b0bfe1b0313142a58b5d,false
b2f428e59f056a33f92c5cf29bb0b842bbb9c867,false
c8ac62c80a65b26915c2561a5791b20d1824ecf0,false
9c4deced6a4eef675593dcbad11f020d9b0c3e69,false
81aed5c4249996daa642cabb99a99cf6b5c304d3,false
510aebe483f181eeaf5390f1a16a54e01e72ae77,false
7906a3f7514a56ad0c78805f6a41871703f1f9fd,false
93dbeef4dfbb2a423f0f432b522ba3236736c42a,false
10a805d6b8b3fcda962e2984d31772251abee2d6,false
8f72d08fac62639c722719b94b39bf7c4a827fd1,false
91e9b5e62c6bfd6473df8383780ef3f1344cf8ce,false
69f8e7f8de3bd064e85a95bc509f5d0f27194c47,false
7b1e392e61f7b19500767c65ca9e552301ba5a41,true
505ae09dcd96291bf339a8d76117d7a157bd0dae,false
4b4312fa031a058d73515c251190e716a0d43710,true
82b6b349c944f17f1ea851376c44eb9c232ac39a,false
d623fd2731dac67b46e93e39b81871c0d8837b7e,true
60151f246f6dd3eec36e4a5e7b82ea92f42fb831,false
a53784b4d3404da8ce1b2e80036311d260aaa80d,false
8965ef0735a7c386fdb73a37ecf5d8ae57fd0cfd,true
ad97eb898ea660c2b7b913ee2f683f4503aa4682,false
0e54696c91619a3ffc2908ed64a532f0620c7dfa,false
44a32907eb13a68e93489854ccaa671cd7455281,false
8057e40b726a2eb64ab42f40cf9d4df7ce9732cb,false
3ef6f29338626feda2133e3006abbafd7239b09b,false
87109d63112d54c9d22b96ed14fa0e74e36daa46,false
220dcc719d15dab4ca291afa5df07553ae4a8bb7,false
43d4969c7e93c81b5028aa1b4127b74ed9e727e0,true
1cb9e6aa278fdf3f1ca4490230c0925b3330fd12,false
fe6ed78cef1722b48a2970fcbc7be574e024cfe7,false
da1e6244e28eaf94fe720c74608e2a49931cfc73,false
f4960fc76331492a832a4e7f8b2417d84e2b3b87,false
5d52d67d01eddc78cc8ac0ca5879e5474f9db7a1,false
eddb6986adebcdfc9202843e0c9e8c243cefb33c,false
b32ac6bf0146539a7647cfd836caaec14a2808b0,true
bdbae4268bd796e81bebff59acb43cd4f0eb7ce6,false
c28022b62087db48fbe4fb6a746fc9a8f95647da,false
6840b7ea1e47cd1e21f5f8283c6efe0fc3e403bb,true
67d20d67af41760a24d94024193833cf267e8b73,false
ec449b502d1df236a3ef61c3107b1be3d82a303b,false
4c98c8e2f92b963c07b9aec9364d203329c25fcb,false
e83a47e976dec51216f4a2cf66a1500f14dea9ed,false
e431a71c7ff9e2bd1d8f660513fe6917123d0873,false
453d4b8e0e80fb92ca6adaf692780f3b22419bb0,false
5ffac17ffa45ae52299fd9697bcfae1db622c984,false
7313b2c661a6ed7850dec616195c59894fb7a5de,false
39c05deb57c5d047460437aded524c0dca553270,false
96d5190268b4de91792fc3eb811dd2da4958cd11,false
6a084bdf531835dcffebe99705b74eaef7bd4321,true
1fbfcffdd3734afec722d6fdf0227ce75e48f86d,true
437674db9e57335b058570f5e97e0b5b63856963,false
c83ab36d5035b5a80c6058230632e9a9aa806840,false
a95f70ee9bca4bc06146fe69eb883d7c7403ec90,false
3dbdd483d4a2a1d43ca07f443e655d6b0a90b017,false
0740965324024d3d7000e0dd41fb2cb91fe6d986,false
7ee345b0c0af93aa857503d90c930c6a277bbc5e,false
c885bf0834ca836dd9d4bc53a7159ea7c10ea9ee,false
d98ad6760668af8ea54c8cca721bc426761b0d9e,false
8e65835119b514ab2a6697c2213222896eb7ba68,false
bee466023647e4512e96269f0a380fa1ff3a785a,false
1c1fee780cae77d167f8c409b561919f57a0041f,true
f4a072196ad54242eab56efdf02a47608c096f8e,false
cca3527af1c472bdc9ed52a78e87de9b7f316c13,false
01c28d02c2077969fb40d436c6fc9a54973b0902,true
b8f6f8a8330e3958fbc20cc2e72af643a723aa2b,false
7cb3be4a84540a03722f7629f493b4591e204f98,false
0fde9d33d3ad1410d3a36a16d4462b40e8019031,false
be9ded8c5b6dd6febda54e48da48dbe3c64958b3,false
d1df18cb0f02dd698ed85966e3cfa308dea1e047,false
1ff306938d91d38dd2667717e58bf14b3ea2fc55,false
61b7915eaecad7e05e9e3ed85f2570887bb299cf,false
96065ead92310f5c9d361ca17a20e1d6eb241c3a,false
40fb8f0d212394ec330affb38af34336a79a7ded,false
3ba79fb6697989c2404c73b7d9476ee364a668e4,false
042057cce990b9433a9058ff4e08a13ee26a33d9,false
9dd0ae12bfe5f16c8813ea2584fb98c7d0935658,false
5c242b1c27a33b638cc9529d581df30a5dfd2fb5,false
7957e1b0246e001356dd65834a824283a206bbf0,true
e1fc89037049331c3a86d08052e6bf27612a02c8,false
8c02370f670b4301a0409983588561bf088d5c85,false
43251b50a2cc5613367e86d90c588220a05dc06a,false
6b89de68b54fe7d225f9e397379c9d9497451681,false
6930675672dad9df6a9c697784377c78707b4f26,false
fa19bb34098e829eb649f8fe52d45c189361fc0d,false
e9273445ea5076dc6d61afc5d890b53d91cd8ad6,false
8b5cac6e78310e5a8c1e92f7304a2e7ad97bf48f,false
eb083a46bca58da20418303286d202b401edb321,false
c6c3fbf68d207c3fa5fead1d51b9627de4af5cd5,false
54c0c64bfcb4af94be81229df55788ae4df66b40,false
2b303122ad07504a10723880ef17cccc8e949979,false
4387ea90bb3cb6e29cada7b4c91d4f95888d14b7,false
30889e99055c6987596c76d8d4a57c1a2010182a,false
65116693ca015c6d9dfc301a3a7e4736121fbf2d,false
4c10d9579b49f7cdab44dfb8f71ba94fe43ca826,false
9168ffa8c755306340149f693878d131c9877865,false
4bc59b1243983bc7d79dcc758e4786aea51ebab3,true
d16b6f94558b209bb31df5414c1018ec26fcce96,false
7d8a7503de0f024c9c1e67e12f435c49d622e025,false
2255df2ee055912659fd488167608bd3a5838dbf,false
b275563a6987a723f4f7c632e630e18d3fd19353,false
ad61b836a3efec43788ceda3ecad4ffbb4db257f,false
4aad9a43a1200513258fa620e165976389b72ec1,false
a45d3d98f59eb548c61c0139c09d69a6dc2c9c3a,false
649cad98ed7b063138eca8b9488689bbf4f7d083,false
a3b4748fc328613df47edb7374ea3945c615fc75,false
2badcf36438bc29ad0c41b01ca74599fc914f107,false
c42d8cfaedd72717189ef206a4b1cc4fd66231ef,false
7e6262d6358fc796951a451d4075aeac19b36249,false
61f777c2527f2591c9f2e5618a113cd1ca7c6bd9,false
e401249fde831e4dcd35f6cea6bbf29106a7b341,false
db25a9eb16e36a671180c967daa102c9f0249199,false
3eac27e951e0c29a817f730712ea9fd8b5608ddf,false
2a1dba440f6dd00cef210e4e619bbcf1f52d32ee,false
f85572acec4ce7acd504df9d710329e0c164e2b2,false
583332876b3fe59e2da1ef551f9665a1fea8aeb1,false
e4bff1b40acb64c8711561f65030a90ee3df722b,false
f3054e1651122fa09453c20ef9df0d11d9f87be0,false
8cbafc80f592d8919d17c3dff1b9e7a449ed4c3c,false
2e9e98a26d5c335f143d5f17546c560a765651ea,false
571a7f23e6cde754fb2719b2a09192fe14439c32,false
5a3fffb3cde905c5aa318e589cb02116f40c04c7,false
0d057526b1ba8b6725acc2cae7695b506c9e2a33,false
9f50aeb0433f6661cafac48caac30a3fdb2460ba,false
11de246a21a59f030b37d295142fca85cb9dff78,false
359cc80b1ee5e5ed2c8ff15180c041df14198180,false
04a03fc5c803833ffac43be9151f8fde982c39a1,false
360ae60f3f39fdffd66f36588d8e800be2090c3d,false
27463724064095e4d071fe1209b882436c13149f,false
d46c2a4a811160d3d7dbd06a8c78d31455b09735,false
9cb727c148a765b83e4768dab6c5c588c19bbaa9,true
c9753d010b924c3be2bd07ad97f60e938f91d0e4,false
fd0381f6731da4787139e455a9085429733062ae,false
053ffb94db7bec4f17b7ebb59e178993fd27f06a,false
245273d87a7452c3e5c17bd8e46691b48feb0d0d,false
67c93619937964ea109e584d601744bd48079d33,false
9a62152138ac6ea9682c19d518472af321677eec,true
234575d3a402d59dbdf3abff95f9955d908c4890,false
8af540d18ddc92094136d5b51a72693ddc09980c,false
6846da907a4a3aefb7a77844634d87a2cf25836e,false
d8616da131d277e7ee97004d4faf8bed13ae2bdf,false
25aecb9a7cb2cce687d61234e23469d75a3cdc16,false
aca1a0ab2f7963e5042706cd74a46ba180b8f8a5,false
a96176209f2f9edbbabe37f1903d75c18d2ca907,false
23b1e5f77b3c07e28d1c5f73382d118ad73e40d1,false
a7878c91e3e84e8455e1f5844e8b915094c4e1bb,false
aa69ef6ec8f947f205e50918f574af8fcb3e2e70,false
280df5c8e86f362ce6a42caad2ddba1331145d9c,false
aeb2821a55e399f63a6e6eafd81e372f6ee68453,false
ec62606293be0b24f9c52cc5245ec6b9a3eb35c2,false
4203a4b59b5199cc6e04162cc1b914cc15542925,false
35e702ed538827dc7d57b5f1553879ca5fd161c8,false
dcde0d8c45f63cf50e21d90e2c7a1dbae190a45e,false
290c3f09ec3d36338c24ff85509dfd6bcaa381e8,false
810435f81a3df4aa907c990335815d4bf0063c14,false
b79ef1f60e2db6e936a7fe01b96c486b6d0fe4bf,false
a3399d8d5741afc03f6b74443076b790edb6caec,false
7bddb461d99c720ee1293dce77ad297c840a641a,false
86d97bc4eaf832683c89740566b0ab39849d767a,false
d416c1e2a4354d396145baf15db00b65e6d5594e,false
37c64129a233fc4a0af7df865e64bc88d5c713d5,false
e2d9f63e63163f027c615b6c58929f021547fcc7,true
84ae32c2ae5e1df17d7bfaa8d2e820ea30b08540,false
39139648bc199db64c50b2f6290b0387364d9891,false
26a5f4675c34a07242f933ce0ca08a2884322a96,false
05cef4214e9ee0ab751847e00c5db77c248975a9,true
400affe772cb33e3f2752a0f05a7b01bb75253d1,false
3b895437d1232a70cc34625d5a620a6b36469402,false
353bbc112133f8b11d294fcf2e7aaa5c5ad6a319,false
1998e7dd1490416f492a53faa6c797f8d566c909,true
2f7b12fc803dc3f73060c9683631880129587f99,false
86d3af16b9173aefa607a27bd1efdeec28477699,false
f87fbd0e8325580916ba006d28ecff62379344dc,false
273598762b51339cb66dbd72b250a9aef58ef682,true
412815a883c1dbb81ef11d2403c144dc20e11e69,false
8f0191fef09289257cde57d8c75f090b630ce0ec,false
772a899899f605ebb990c7302825631ebc0bdcaa,true
0410f5b5f345885447da05cfbd3ddc015748fb73,false
2475fd5432a2d5d9474793c135d3d0526efaecc5,false
b002001067232484d87961873ec38fd7b66bf5ac,false
f8ea52052358a9b74be2a45bdc8c0c4b2b922e4d,false
681c5c7f4d63d85193abf6e6f8c3b40a36302031,false
4a4fecf7e6ed0a33ea44a2d82744ab6469cfefa3,false
324f5d1367c36fc07ce1654df9d8f5457fcd455c,false
b7a1e751e4a7d2d663dfe304b89f70278e98bf56,false
78a7fbfdc117f9b8ec35bbd1b36e1c0f7305b654,false
8c0babf7efb2afe36949bf6183d0c2ddae3dcc8a,true
c7f24c5d5abcf49f4b730aa4dc0d96a867473ddf,false
355075955aaf98d401816463d85443e92dc7ffd5,true
d9399d88b136c10fb674e874a63489ab1b8da19f,false
958a6eab0b4a79e7a9e91cc1e0825063eb5a986d,false
748959ca5a08d64f7785c3cd190dacb9b2ef3b69,false
b995d3366dec9b6efc400ef9aa67e6f20d7f82f6,false
e2bed88e60080e1af2130b7fff3d555efedc45fc,false
d206a2f289bd94b001ba2d465bd7bf2bf58d1d60,false
14e932fd31ac707758be0048056f55b978a0ee90,false
72d117ad41a82ac352a152ea3f5c62df0a682c24,false
af8622ff92e489796efd5d29c9b508eaea388a5f,false
732b47f3dd18641550a7e03e13e9340682212333,false
50ab8a26a3512f4b2ad8719b5dac6f88d3c1f8a0,false
ace0d57b52eff0a40bf5d23cd53d1ed36f117164,false
2bf8f71aaa0b353a7c35c3d69a46cb7b02beba91,false
b6854155d83e576a6ff226e08baa70d8cc29ea3a,false
05cb55054089320fccd9c7fe3606e25305d74fd8,true
f3508ec0ac1b86bbfcd11dc149e9f023e9e0ca15,false
c780b0ad1e96b9e6e2f7491b05646c97e843ea13,false
f149d334045c329896b6c35e5905e6f5ee2d2552,false
43129742d7014e2d0f891576280c6cac797e1413,false
0f2c4773fc195d7148223c7f8016098d04eecf9a,false
82f75d57fbf43d49d626ca4c2e873e8adb888217,false
1f632d27a09570a9ae395a1a1b182f43798ed0cf,false
dc9a9161864ecc37d81a68e58e05328436e20f34,false
7da2d70046571ab0e9bea8df7ec4465c8c51a3f5,false
d3c7bc13f5bac25b4debffbcfe5a89be53e641da,false
ce4ac104ca78da21b4f072772ba4f4b574a7275a,false
291e13384635690d1a333eb34a470a8b10ec914e,false
31fa0a7ab342cff07922b6f42116e8e1d4d994fe,false
5dc744f87bb0cad297ece82ae9cfd65acd5b7ca6,false
22533434416fbc78b7a2df7405af797e3db37f87,false
17b2446b4f175f254d48f34a5c42c2352b52d4c7,false
3113b664e4dcc90d9d808ff6c41fb2ad2ca817a0,false
da8a1ea69aa0caeb521dae3337538d3da3710aef,false
dda742bf30b6c2e0e7873ade9b91539ab03d395e,false
fd56247366b6aeb9c989c3362f2ac9274b5b467a,false
d325de86a077ddcb552dbb8fa6e688715aacf589,false
1064be2295be33fa96b396a07d7bf72daa7fb6d5,false
d600e189156c680abd933c8d614d2d757892580b,false
ab9fc14950ae578d65619c90855081cdd5bf826e,false
00a5e9398ea0e61e90f646a7cf47d19f3e124540,false
2c38dbb280cb83576ce5511215073ce168d650d8,false
63cba4108328a041ce1306c0420692628cd46f7a,false
27de738e3f48cb8f5a4f29085c2e0766cd32500e,false
ae8bbc4ca3e4f00bde5d93691a610265f61971e5,false
84a8820066c621cdca8aee1f41ec563d2e2292b4,false
372d4f77224d066e4c96570f421a2f1abead8df3,false
d7a0914ae5b9be82a33699e00fd2ed263e1709c3,false
19814078a12075f565f13e29ad73b77c0d0312ba,false
5f1153a09b70ff7e03c8dc2c4ab87e8e3e3ed1a4,false
0d3910a9b3df354d42e76f4e6663542408868f27,false
eb693c04645042a801c139f5710e65b38151bd19,false
9dde6c91bc2b38985e15aa8d08aaa629030a344e,true
a6b76e1fe92ee0eee0a290036d98d46919dbdb6f,false
82760a865fd4859c4d1eba857f1221bc1c0b6c62,true
80b96f56338510e2ec67c222050b2afa46b87a62,false
20ba0fee88a6ab5f6782bf662642325096da2641,false
7730235eae7b31252e18aa596153a6c2d9eda9a1,false
c217a5f47129ed8f46cfd5c0f1af29aa34cc3890,false
9f9658018b0610c3266ab4f1de1b72c43b31c599,false
da164198e4faf55568dfa1497ba393a31db03c22,false
89d75c9e7754fa9c407f453ad409879bf9214d73,false
f4e7358026ee5270ecd400945af4039325345b1b,false
42f88310a4994c71072e9bf9b0691d0ceb2fb926,false
ca9a21db1c0854cdc4709e0ceaafc89c6ef56eb9,false
0ab71d1611c18564aaf370394f500c643d678511,false
47dcb10d37727c14d61f463331ca9e3bd1bffe36,false
eeded70035f0510423dedbbfcbd20ae27347aeed,false
fb64acb7f4d3ff9e544dd7db6d5c695d979b2f81,false
eba50feb6e7534d8aefebf287aea54ae732c58f3,false
0cf3d99bd3cec6c9c37e19320b5aca6b4bbc3b9c,false
6b0d711bfdca35ada1bd9d208e4d09a1d29af0c8,false
964eea8103ca8e42b44c7ac4f9cae248832c3de3,true
8508ca03cd81fec20033a9a69a487b7b440418ca,false
c540a9c7c6ce6dbd3fbdc68dcee3cea2c1211f4c,false
9a38c0a093b06bf6ad0c31313ebcc7ac7b65b254,false
883ed9d0ee0412aecf589c7f236c4f422368155a,false
7cb00e6478461f7f8693d44f79a0fde8bebe27cb,false
6fe825476fa30aa10db24ceb22ad3c1a4b25aed0,false
523528c0a4b2ba2809f8a822a3963f21322b49c0,false
c9e70be63176c00b70336028de8b533ba142bbfd,false
a004ebceb797da6092628895f039bc3cafd456e2,false
68fdf7b5a0e57d4086453cb2a1d5fdfd847d6960,false
44497efb451142dab08817110e508ecce7a2b7c1,false
f097b897ccdcf0e23739a5353868d36bd3ec03c8,false
63cee2a5faa690555f11b916454266efada2481d,false
ca9f41f518bb509e0be61f4dce6885f963fa6288,false
a242e64b006c894bde0d1b238bff3add241c7479,false
2fe892eccc8d6a4dd635bc6569733fb0469d5758,false
20f813354d2148d8fd4ceb8062d7eeba47669ec4,false
1eba9e0bfbd5a4f02141dae81e145d13899deea7,false
b3a0b0361c6448a93eaecd95ca2576ec243136ee,false
6cdeeac5ea38a61491a6e8ff3cafff4700ce4226,false
a5105350ce1f3a2eae9cc765d112be52a4bb6707,false
c39ce4844456500b3821bb2b1e4936787c1c8bf7,false
29c70e8bad02408d4ea1a52d8f299142b9abd351,false
f6f3947c24bd59ceda1dc3eb87ccc87e8efb2e1a,false
8d7386bfaa3e4b64c86ecf5ea55867a33448dde0,false
eaa57b15e916f04a5b4aa48bbce3aee017e0929c,true
7eda474405486ac943bbcfe612d906f837ddf50d,false
f54c3e4369c01620cdb60c91cb6fa5459463a33d,false
0982e027e41ab932cb5ff3d69fd5e5e16bb80e0f,false
7fb1609896142229c3ec7d88d865d03ca260c5d5,false
94ac8217d7f4355cdf457363b8e2c84633f138e9,false
4d096c5316bc0ef00dc46a782684f781c12f61b1,false
b49ff5ab919d7a42cc265af916b75c1b24945568,false
4f04dcf3decae67b840dc0862352234e3ed8d01c,false
b118ed8c0731d20bee05a458b2fcccbfaefcf496,false
2ac9389114b9d93b18a61f06775fd03b1fda12c2,false
5c355827eb7fc38829f72f8c2ffa8e2c7b31e9e7,false
3bc8c945f3403722ad1d80a6581c0ae310022d11,false
1821288376e9f564cc560d422d829575e52e2e64,false
4896855c6ea7025da3916f807f8d9678a8ea7f82,false
92a5bfbc49028ec34248533749592f658b72baac,false
805cc51215f8e69147e46960ee0d025ea845ed38,false
8bd6d2a4aac6b64947d13aff503312602dfcb45a,false
7e38ffdd5508bac5c975605156a5ee795968a8a0,false
c0cd8695974976683fee3ce270d17444230d1855,false
968583287ec2347cc60e463904f8703b59e681f4,false
d437cd1be116e7c8a491ca44d707f2e0327404e9,false
c3878ece600ba6f4ee9dab8bbb97debc67f88335,false
26993b361afced6baa39cdadad50d9ae3ec92d79,false
a1d60f371775ba9be626da3a50c5872da6eff851,false
fcf89c5074ebdfabcb9b47f028c85d102544f9c5,false
e1e9f3a990d5ce25fb716ae34e1e2361fbfb5571,false
0d72d0717a2cdacd4ab6b5498e9a33dfe9e81bf8,false
92fe38b98738a2706f6c8cd7c6c6e62ed05c2e5f,false
48a3b9d86b52b700d3ad2ec7c5788f21d05533e1,false
cc49ea9b4b1bf7e06c20f09f3d6f63ce9769e85a,false
d79a571beb7223f80238e56e3f634f18acafb8fd,false
5b1d258d26aaead2116d698e02cce7ee2b73c774,false
c8f7a7d75184790dad207d3b3a5aac5ed09f934b,false
fda5872bf20e8cc4b1e2f7dfe06ac0c144dce585,false
78c3dad013f247453f3e238614295ef8dd27fba2,false
c1ced02eefb572e3f8cbf10c75ed082c82e49805,false
43fa15292871e9375f838e7646085ae68afd83e0,false
56fc09cf22bd8cc0de9abd210a4982b1c89f34b2,false
c1ce5cb12e8c3c99958843392d5b93d9f6bbe934,false
6dd7fc79af8427e5b27a861fa9ab98e9f0e69292,false
92b64e12c43d1a3e3381dfcdaf7d194ba6cc9e60,false
ba16a4fc06bf82883c1fb0de4388f4a5eecd209a,false
b7753edaac22ca456fcd96258f48e9e1ab8f5a95,false
7c19a00128a74741c2c27d0e90544146a38a50b9,false
ecaab59f623869aa75c8a00038e3dbfb6ded4523,false
4ef81cb26011b84efc2e93df1ece91d202f1b674,false
80a29cc210134e9c0983c41f16c1dee49b35a8eb,false
562950893bfc6a0826bd674b7208303d38aa1595,false
56fd4d5a51821d0ffef39518e73a7f9964442f8d,false
c08e89ca48c13e38e85742788245ddf041416bd6,false
fade8f1111b0c1d484cccdeab11e0e6dc23822e9,false
9541d26464b8c49fa27d075bf58d7a2a189894f6,false
f6b9d256d9ae97fbff4605aa92894b5012c5e4eb,false
8d3608ac4de7e144b7141965b77e1869e84fad43,false
65b278ca4027625abb15d68fe8ccec643c9c1b11,false
cd956a4f33e346aa74e35f1a92c4a5ed70ddd2c0,false
90a587d65cb753377c5ecdf4e8e54d0216ff1b2d,false
dcb95f4f0093a5c9d877c5c6458d8b0cb2b28fa9,false
1ad640a1d0736291dd480204afbc30cda60e6aed,false
068b3c4db5b59479bcc6a0d6a754af277d6aa71f,false
808333964f0bbe7bc5c1e6d995ad3ac73f1b0d8a,false
6ab3185d874e737727ab657c1cf224180b39037e,false
e46dc9152c6482ad691a655b981b226d4c0702e8,false
413b23bf579d095a7ab4c08a5d9e4a90b23282fc,true
70e994a35cede3bfc2e73aa6e5c2546ca6451960,false
ee6f65e5cfaab1b9b491ea752b45dc69a4fb146a,false
a585359cfe9d296aa6889ba068d8ebf124b54869,true
92bfbb2e8076a73d3e252542c375d6fde53351a9,true
70f096286066456628e8f5dd145b342a26a64bba,false
3ea990f161e3a8210c4f093daca5275b10b26c64,false
a849cd6caaa40ac789049281057275f38f2b232b,false
75a12411902a0439b576cc736834152a10f13162,false
558cf6bae386565ba167470d8a6294e045e2f220,false
c0563a4f350123dd0990ce0125a6a3edab96cbca,false
57af513941f5117f8819477caf8f003dab0449ca,false
c12725114d110810e8ce07c5b5ea8ef62af44f46,false
cc44a29ffb64b9f6755080f33e36086c752b9b15,false
541ffe6276d10159f1a5bb691a35f6e66a3d2deb,false
7c58ecc4826648b23af447d804a1e49ba11495f0,false
f1f62a8414f93e9e6575a8877835778dae4a7460,false
4b915fca50568d4f4cfa5007c554bbe199f6d758,false
1a48415733e621e5b167d537fb36272bb1b62bdb,false
fc7eba5804bba5477d655a28023f3b032c5bcd98,false
645f6a8d82ebdb1c26995e1b6d0bac46fa2641c8,false
628331bd5caa5aaaf2764ebb85341fdcb46fd516,false
c4c9e796652923fd01ca31689a3a9ab4890ff5a9,false
afe48049def98a91de376e9c105bbc3fc0bae685,false
e8c6d4f0060f6144599cb9e17362a6eceb5cebdb,false
7de1e234ded30fbc595f5b95dfc844f59531047e,false
5849859d97de3a9349e297eea09c640b8d25ae16,false
211e28c135a3168b8487871a3481f3cd99701b2b,false
d393b76761a831567714694a544efe009b52eb16,false
c48a16d7df16ebdc4342b1b93be73baa7d67332d,false
4bde911e031f79e041a29eca71a8eb1fb9b89295,false
b38178515112df203e39e7cf8c6627af924cc97d,false
a140ddbaef7605f1c0081559f3c9f721fae2b64d,false
9b3927a4a346dcecdd5c513a5be5ed61f9154322,false
ce62270fbaab6d9ed843ab8909cb5286010a7d73,false
399f7d6872e4158a20b4f8087c498a9521bfe2c2,false
75748d5e9a114be5800f52c93767ccddac301472,false
6ffbdf20a43352670b81a589bc36cda976d2dbc5,false
4008a997a9daff4f40c6e28e173562860201ca13,false
90b2e402b33940befe84290bb110c32b0fb9e424,false
ef7dda1d384305047ea946010ea4e5c618af5be7,false
48224336bdb1ee7e8d2a7b698862dbb6a3b54563,false
535cbbcb8be77a9d5839f585ca49b90c2763caa2,false
574ef4e45349e3b42daf370affa67d9264845da5,false
52299401d15b2fc2e0d10321138868726f18ad4a,false
42b806a92536d94f0a68bc2e265deb90e5f9f8d9,false
daebeff817c7cb7b616f52faefea05d41a8cc0dc,true
017b9a006ea5aa5d6831e8799c3c902f57d2621e,true
7c796ba2b42c29841cf9fcd75126e259052ba37c,false
4dcd57650f53cf8882fba373b98df653ff9d7fe2,false
4e1904fbbf1a7a9e6d8266d980123c9459d0da34,false
7d10e4c51d8efe276016a1f9a6dfdcc9ee8d9028,false
8d7e8feb1e0f69d86ac38d60bd6b538a76bab806,false
3111ce20bd1b5e42786d573b7eaaee8d9628c8a6,false
ec0375ff0f6f216d021fd3c1102f5bf3aea01c5e,false
ded794aec5c9493f0cc03d666f7978fe89afc61a,false
b384effea01d8a2cdfdec9532160808706aaf62a,false
f81eaf1204335902d8e204bede084d89c2050886,false
077aedb7e0864928ad3b819d073655b6eab531d9,false
856a14c22538ce059bcd8803e55a4eaa2fca9589,false
a1d9bf64c39b55ec59d25c853deecbe7529e02cf,false
a0cec7bf037ba286344ff66278e7cd555d132ce6,false
6dba384480d1ed8e428a2c357fcd28dafd0e3b2e,false
70093266f88b01f4dbfe47723cc9fb0310308805,false
d797d4c8aca3030b9a08036404e5b3ad005b6b2e,false
4f427c5327190d17c28841945cf5f8b4de79db9f,false
fab26c5a781c4e80d0091f0516f6de7d8438301d,false
5adc27d68922161befe554b2fc48cd4dbf5ed4d9,false
3c85e6c6e0e8ec7ea64b98339a9c204a093d2420,false
a48a9913c7e97e16481a9d623ef8d82cae85af22,true
0c6c56c8cf59aae3b5692b957e5d38effd58a191,false
7cf10371f0fa023a6eeb2e13303bced9c4c4ea31,false
0d55705eb8e64d7e01d712d795c3ac5c11364240,false
2233d06c8f93233a2429e7b33a21b7812c7d420c,false
f2f5b59892f909d86ef72d68b27a925c1ca84710,false
09a2afa86412879a5818e199e98f8daa85f1e2d5,false
1a9c105cbe29b0e1e7d99f72842553590645097a,false
c16622ccb3949deb4082f64ca22914e9fa3b71c9,false
f4a20bcfb6b9d7df66cd3058fd28da9884c8ccad,false
acf57990e9c539fa67a258728527e7a4888000d2,false
0b8d19f8d95d23bd09811708f9bf8a41b0c88bd2,false
0f9b3d4f4c76d8bdea90f69152b0bbffec8ac666,false
bef114805b20c42c7c33bfbdc44a5d65e108c06d,false
d938bd0123da666b7d723afa20b557879a1199c2,false
c15f31374c8b496505fd9e8c35180e9f95cfe334,false
2973d19294af23e0644ebf51637de6b5fab08070,false
650ccadeabbaec95bac51a8d34789b0e5b8f9b91,false
5716ebfd556cb79982c86e0599f86ffd4f0edcc4,false
537897b194a037d370024b90f2494d3df6bda536,true
8eda0e9f464d7606652650407549d45657ae0730,false
fdf9d3db845f50de6d2a982db660f2f168b5f927,false
6e5d5f75afdb19ead2595ff9d36335dd42ff3e43,false
8ce36ad975e2a45916670dcf58b4aab21a2b6ca7,false
b185745dfce82340678ad235f064cc9df590234f,false
fd637acbc4d8c2ca5d5112bf553d34d9fe305994,false
74c8a54c31347deccd5134cf1a3d8ff32aaae539,false
a8a2a0da0b569f93c574688dfa04f8624c764f89,false
bf40a933703de3a157ff6e144f606ffb1d6b56d3,true
42af99b9fecd7cb50b7c0358cf67a06453cc12ad,false
39b37b53940a24ac72b710bf7c3c93e8d86eefbd,false
df8763fff0671323154e65f26092f4092633dfe3,false
771891166a38ce1d1003b620ddaabe9f13910810,false
fa655f3d9dad8173aac2e7de26d3fe9a6dd3567d,false
ed1e21f1699d23d40d01d0149b86c68b9770c1bb,false
5889e3ad00bd6cefd7aa1de22908db99dadbbe33,true
78ada8210a15244dd6bbadfc1fcc17b5dce48e50,false
60596db1c1945b971a94ad3db25350352df0bdd5,false
b684625279a6db56018ac6fdae979e38340d6e04,false
114281009ac167eac0b072bda9cf8105bb84fd82,false
a697f5feeaf18ac23468b2abcf2945507cf56b40,true
80bbc719cec4351e847e3ac376362db8dfafd077,false
2b954bb6b7e80a2be0a47c942ecf8689933141c5,false
4127efc9f8db1300be66d0debcaa4fa8db7f6837,false
59dbcf78e2fbdb0ce22859c9db7dbbd3648dfc10,false
9ac3b3b129cacc916ccfc0cd28b7349010466ecc,false
704ca9c839d5c04eb915349d1006a1d503628ae9,false
89cf60d7efe33bf5824b4f5df8cc029507722281,false
01df16254a6f60bf85c43676f4c6068279ce1e9b,false
5161c2a9b3ab16c2d1c89fbefcdaae9349830b87,true
edeb22319e8892428039998aa5b964f566e96ab6,true
d3309fd68bed6336d52d524fb135dae3319cec01,false
271ceef1d7728a9f6662be66954d683e1bfc9ea5,false
d35f94bd4dc2cc3f6a8d9ad883cc105e89708146,false
133c32b113c6dad4ad128d0d24f6e4e743016563,false
0f880acba9e7b27a0df521098d6d2c6b71fd44bf,false
d3920e85a69f5cac03cf0679622a5defb15a1e7e,false
c2821b547df1bfe6bcb93d30b68cf92f75578b51,false
c46be453bbcf17295829208087d720c9a2587fdf,false
bddc6b2119fed3eaceefdfc973780bbb57c9f6f0,false
033d693a86044f06eaa5c18e444993c6da20fd67,false
63b98647e45caa81371df0c5c04541c6b75b3e95,false
74da661a7d88bb5558a7b9cd77d6209cf59f0756,false
a48ea74c870b6de90c39325241480a4163f55b47,false
33750fe12f70ced2d8dd53be689fa2d0df8d470b,true
1d142f91de0a830eaf1c2def6e6fff8d0df8e47d,false
297f280913538281a53747ffa90cec4d6bfad371,false
b9855d6f0dc968d6e174696dada03e5f08d8d076,false
29be4b84c0ab7d93662d1a1a9592187726070b9b,false
542c9034fe821e9cf2b8eec909fe4b89001c6ffb,false
ea2a3c1884df8b9794c7f5d49dabc344994840b7,false
e582803f3d7870473f132aaf1051c65b22d4aefe,false
3d3e6ce4812661ee93c0c8e02772be0f728b7a6f,false
ea964fd62654913037273d0003bd6f28265fc3f7,false
37f6301481f301fbeb8c7d6875af059f45dea9d8,false
9f565ef177a815b51c4d44ed8123033bcbf40dda,false
ba34410b3357f88a26bc38bbbcb75aa88169d49d,false
2ae5c6104261b296c4fc01ef9a585c3204966ff6,true
27724033e8132254a59f0fd8ffcf25991c5eb8c6,false
831d320992e80fc446fe1dd0b96901e472b0d469,true
28d321da3721301a964b9b649599771c855be145,false
330e6cb5a6affa91f6a4481a0afb8ae4355fb47a,true
82e1c05f8e0fa116c0f53de694b6d61162f8aa6a,true
1de3a38dd4500b8bca4af64a6e83b40ae806f82b,false
f4cb55a5f22677ee8e9567b23da7a500d665e7a2,false
798f96d2336a0a956f508c094009c5c3933692d4,false
ba92f125d4f70be63e9d91439a023e89f884f6fb,false
f23393857499b04eecf615e37b7c16b5f508032c,false
642ca9b9ac2c1071cf6fea5a0c7adc169c42e389,false
bf100947f2512c2ef2ed06c551e25b6528a823e9,false
b04a1e02a7dc12982aa586d4d024e618313116c8,true
756bd6218685ef1965899e456644a7c69918b0ab,true
b4b78a6e33bb0c2fd0b8cad7353b30f2b7ac988a,false
8bd02e1cf890ded55cb5e72a4479d79413e5ee9f,true
8a7fdb764156e4d99482a6868a5efcce0e6dcb0e,false
c35a6249134719b2087f10b4899fa7ab134a2154,false
952cb88e097dbf59d23788a250c0e069d72e465c,false
71c1c1edfe29ce01cc17963bcf5ceeb5672311f1,false
cd3340f2098853c982a5adaf0457e5b746454f3c,false
0ce2cb508993d41551827ff8908169154dd37f2c,false
1dca5d10d044c05025acc4629070138aee48e308,true
f30fa850a349ac8b19043a59934b6b0c5da5bf22,false
35b29fab9d42e61fd4fdd680272664cef19d1a07,false
03ccfda31e03c3290aae44c420350815700540ad,true
79bf18b608592f74c2d9b13ffd50448ec344ca74,true
9c0e300228e6f02b5435c103a5f6c690b88360fb,true
b90b120f2e7481904dbd6e416b8d32c3614aed4a,false
96bbfa170b74f42cb8901aa3c798f9aab7c27a3f,false
c79a500022463fa82e47ef535e792cddca85f979,false
b69b88a4862b463ec32d5039ce925bd8d726ace6,false
942cf755937b0c476ee64b023c5cfc8b1fc687dd,false
7609178802cbd2db672117520b4c43419a518f45,false
1cae6cbe3628a53868f39a97f125601e76197c5b,false
a6800d6e91185a1bd5569bfef1a625c59f00acb5,false
2ee0adad924676588bff6c046253f2bc23508a1e,false
5c3b8eb2efce439d6663ecab2ae862d4bded4f07,false
15511419c705958805851242fc60fad77d09e850,false
020bacfa1db58a73a65b24491c6dbf39841e06d9,false
c3a4f6c0493fb1593232da1ef25590fcc6e3b6dd,false
a7d9d751a564f3067de2517585e64df6a22d01a0,false
7b6ac7772c9e2f6b552e12f101e47bcb76f0b5fd,false
c1c1175a25d3a988a6467e25e7bab23c9e5d62d0,false
ec53e1f3043960feb5809edb1a9a7c29f0acf089,false
9cd7d9fd8926c07ac1c7956a3d81fa55b3e9867f,false
1d6c73b186ec25515312bc96e6a143b4c3b6e8f6,false
b89b455a25895bcdb30e05b0d69ab24115d132e4,false
033674b888d26e0a9dcb18a50a48f14c633cfa09,false
dac657f52bf2427b284d27d8b14fa1047a72ac74,false
5e1f9637682869ef5f174f65b33d1103bbfe12ca,false
d9565680336f57786e4b215871bd5bb805f084e3,true
1ad559cd4f4acbda7254d5ec6b6459e794c3e15c,false
f059411cc2e3c09a07f0360d7a532662d27d87e6,false
0033cd0602db054b677f327377d77eaa6ae88509,false
2a1c2fde90d4a30af85ae75a65c39d368b4f09d5,false
85b971e3685e904080b98b95490b8615a6ebc01c,false
6f23e10ced9d4e1bdf82d9a525f28246bc498d90,false
c949539854791128123de0a5ce259a458d0e3767,true
476c5d18f52cb369108f6ec84a768393c6e6e063,false
5a32f11084862531b238803a49cf7484e65f22e7,false
00fbc9b69028a1fd80a2161cc375db6a0d327c05,false
5b37249e1811f8c4b2a9129cdbe7fc35719fd35d,false
93f47451cac0e358d41b856ef2f8a866aab8db3b,false
e5133f686b30907065a3cdc83f2f5144b7fdcd99,false
85a2c9866cbce8168ad4e49148ac3f9210f243d4,false
1c82cbe3cbd8166005629d0713030ecf39888494,false
624c0a92bc38415360cabbf586d02029d652887f,false
18a851a0bee641156fc5b875cf4f9e2bb462f044,false
dc1ea0258a6eccd70f285cea4357e9bd6d1db0c5,false
2503574bbf1bd852919bab4383505ff1793c9c5d,false
27af4fc4b93d157b4865a37c0ccf5b98785de93b,false
c8c5a47591e8c7fb97222a9c76df510346157a7d,false
2baa8f7cfd412370699045df87382f9efa52a6bd,false
314ec092f5164391b920b31770e86df4f2559c1d,false
e03bafbfaf025e07e6134b7ee7ea05088a7e60ee,false
d1c2f53af5d5fbd58735cf7b354cd98e84ad4775,false
9171d4f493be0b62265bf3f530b53f19a7093174,false
2fb5fcb6a47f1d3b33f574f450c7d590f00a482e,false
3b1ea8402d77eb6fb5aff21a19908a8ca2e27ab0,true
1567c9a07c334cc56beac60e43304a5e907b409b,false
2630e50c1920dfa39d58bb553cbfc093c71b1ff5,false
8a37c258cc38220347953b246a37d488c95513e3,false
e7df843ddf2b49342b7af61e5d9470e19dcbd24a,false
2e73935e343f1fd0211c2ba7279119081bb3a9f5,false
17d3b2d7f300edb77460521535ffa24086808778,false
5bfe32213dd58ddbb5e8f35e8d5ceabfecd8be0c,false
6c5e221690e406d6745ac8e515edbf4f9c58dea5,false
2aac554b15171039df6e49607fa649b85d3b24dd,false
39b55708ee3c5938e7e8df41572f631bb3ee5d8d,false
00ee43e3220250487be4fc995ae79d8683d6746b,false
c2ad48d56b1678da156a7f81ec84c229d8fe30d1,false
0410cad683491bb76a22d02ee9105f97021c8b5a,true
53efec848c14256ebb0954fd40a1f41a5c177284,false
f60db399f1362c61e7682ef3c67cfc5db8e12a99,false
0de1407f5ce7219bb5f4ca9d7636d39fb130eaf5,false
28be7a35e3ed499a658b45de7be5168909547c51,false
10eb797155acc1b7c04d6b2dee4183c0eefc3202,true
f4d117196006d1b8bdb7d3efb7af5e1ac091e6c7,false
38f7cb51c691d4c8793f2173a203187d35dd4aa0,false
3651a03202ecab2b823d87002ff93d7d18667658,false
67cca8f9c4dc7e3b30fee754daabdc8d433847f1,false
8dbf76d7299319b91c73cc1314d7e5303a4b3796,false
fa0020cf5d22b83627b36d6de290224d98eeee9f,false
f037ccab20e3f43efe8c0d1b3252455522e04838,false
ccb0313a79f28a78eef8bba2777ef4fdbff3b010,false
48d5cb40c49d8e29351cbab303c47427997bcb08,false
72bddee57fe4e815c08fadeede1741b6ac1676df,false
78add5a3713783d66300a32c491e22779befae85,false
a8b8a5869fe149f95f42757c932506a819bebd2b,false
63d4263282a8232e6f259dad194b0a4b7171c8dc,false
fdfaea154bb94e60b1ab669f9be0a6c591199f33,false
c60c637494c12320e7b8e9adf65996ebe2dca7a3,false
fe7fe8571f945eaa282d3dc400428080c2988d63,false
475375e039aacfb86be0e0129e31e68987c6a7d8,false
f034414cefe7019d7922a9e2665f1665779ed2fb,true
d8f27678aafc4c52d840d0e0a758bf78ad6b79c1,false
39825fa32655183107cc0dd31d34c8f799bd5eb4,false
63474dfced6510b1f99c8713c77c712a34975e79,true
8b32aaa76e98080d487dcd8b412a087e5d8c2836,true
3e68aa9fad5033ee45da181ed7b38d6f76cd1875,false
1e67132c80bc822df5c4047d5705acd1bd6e73b9,false
82299db2ea017dc0de632ce20f59b90f1bdf26c7,false
30658962ddfe2fe1a330a2af9821c982ffbdf1b1,false
5037de458cd41390a42844dd6ae3330f1803946d,true
84b83f6335d0fff49a4673b5122e939c9400d7d9,true
a07cea56946d3325a145d1f63aa7f60370b18c41,true
47584da2b76d4a350c3122c2bd86414cc8cdf09a,true
70e8b6756d9fe055eed1336d3b3feebf66316294,false
cd207aef725b84b13225e6f1e500c82700a0e35e,false
11746182eeabab96b4117e11f46dcd0ab9b195f9,false
b4fd0cff4bc4b2e979daadc3450aa7f5ef935074,true
c7035797ace16ca2fc78345c61b37613c99debc0,false
8edb8dfde3681a56572bb6dce584ea0711557a9f,false
2a491c4485e64ecd3cf177705a2b73dd0712e9b3,false
fc5aa820910219a4c4d69bc1849609b11fd56d3f,true
5139ab805943efd46a29e00eee5fe3d5f4e5e755,false
aadcd2c0f2485193157a186e07d8192cd30f9953,true
c28a1d4458e5e861cb88dba01eca43eb078812b1,false
be2075ec0a451d5e8bd4db80fc8fa32461d93cf9,false
83fc866723d54ab1376b08b60fe99527cbf0c33f,true
52e1e12a3736a0698e195294d45832bb4745e64a,true
4ad721d5c20f7d39ffa2c72719434dc0db812a4f,false
1dea916820592189d0f82c778afbee6a10698991,false
491d4c4f7efc950c520d7814e4fb4408b7d05f8c,false
dbfcc482e91042dde713720af17c63ed83c1a47a,false
80db50f217ea8fb02a78c55dd6784ecec5ac2f78,false
22c09867d9d156a8a271af5ef7dc262b46d70f8d,false
7a01995aa6a353a7b574cb267bb51d952130953a,false
e60c2732b845fab469e7a224e4e4744acf1e0807,false
712bf1b2096be3cf46123307fef3fec83149b357,false
710557a3e20b2541a39e551f9f6de5761d67be8f,false
c2d6b279f98f2ad9a212f65051b786400e4da9ca,false
01d5e6e8c340b5b3c17ce2fc3f8c5e3112c576cc,false
1c8e1f74a7ec92fb6d9315657c650a0e7ffb0868,false
20eff46967bd98cd0b82cdc8b95173faa0ca870c,false
19a6290d3b7a0f42339064583c3158151df6ac68,false
9de144ab5382e35867afdb9d8c4b981c22d653da,false
0f4a2cb0bfd68e24b8e496690ecbfa59bdd4ebf8,false
ee0576b8aecc524a49498fff11a88f183d527e23,false
2f5386dcd0180194a9dcf1ed7911a82be4cf8d31,false
9ac203611f28cfb260eef9b81f790d74a7330cbb,false
998463196039ece8bcce806ab0ebdff289c27e6b,false
07fe38b9464caec02dad8b473da7e923e22cc3f3,false
a5a39c01cd2b963ddbde376554e42128ac2fce77,false
2456d8656c01b2bf2308e2bc187048af1ce599d2,false
0a88c4c672dec4aca1e6c9c80daab199c33cbe6c,true
e44dc48bbc1d7b87018e3fc6e6bf3cea1b5934f9,false
548eaa3ce03f563eda01053b469c1d9940ac46d3,false
33e66a0dda0524533b70bb2cec4391149933f22a,false
a49d59d4e0b96bde244975da4a395b6d97b4ec53,false
ac206918375c0c7ef22a996f3b701be9d8b9e7e3,true
3b9fbc724841589210060c1911e94ce81c4c7274,false
025d3d85dec49ad9ddbe719a8644b1502f4c62de,false
4b72a85cda12e5665552138919214f5499090e83,false
fbbb3d510b5883cb1224176679978f9b472edf6a,false
d1b0be5cfc90a254531a45a28b589be1b40cab52,false
fd97a639e424a507cceef421cb095a020008749c,false
cc7c5446b3215468c8030aef193ed67cc2e5c70c,false
705d257e5fe828cd51ef9aeca3b576921b3e477a,false
6d54d88b4a323748a551949d0f94924f5155e170,false
31846cf2cd302493260e88aec22c3f7a9c61f687,false
5f28fac642f7cca67395900705554d400c5dcf15,false
3ac63b11e3a4e3ca26099e32053dea092d598f25,false
e4ebc28b9a20e41e1442529fe17a362ddf8fa852,false
fbdc69df6f2e77172d83de6ece27a4bd787e10a6,false
40ce9f58c50acb9efe60d875fca8def9fc8b0c45,false
26d18c9dc600f0c582958962bc4bd7d556e09147,false
bdcae0a21e37d66b5f71cbca2cb0587954c43351,false
bf5448ca6d9ffb60d03172ffa8625f64e53ce083,false
c17dd72ccbf84c3f8ce1614e259d2a50aac76c47,false
8b423ccc92ceccaf5124c47f4a1fca56f7549d16,false
15bd4940c122f9a34fbfc610e861b17dfc5442ca,false
c14c66d8257376f06a8fbb3f7124b209992c1318,true
dd1cf323f01c9d65bb3a36f6982d0f59393d8e60,false
33ee3b42c1b1c1a68464b70386fe310fc9d1bc22,false
95feeabcfffcf14426447e45517af2bb54925dbc,false
5fa17838dd06d8eb4e08d8f61816d9a4a7384122,false
829b57ffa42b6ab44be8e42c6b6eba4fb7fb7e70,false
43f2bdc69488dcd7fe5469f48ee3f79a0190c2d0,false
5e5fc2a90e913e66e19d9f2dd0b0ac93280e4192,false
bb79375107b9a8f68bf93ee6c4c33e40291fad87,false
c117c6b86fa18b91e4e2c3d8f46fed823836f895,false
40b937c87a67ec230037a2933b8262e2a1a5902e,false
ce7b9ff979a41d71b7cbf25e96d469a102d09cd1,false
6433f26f5d4d8151af00f4c73b368b101aa0c25e,false
768903154d8ae1657c143688ac8d4e688f1f3b97,false
79b23fa784d0db9bf2a5a63158f3b691e4d94412,false
69b8c1bfda45449c51b3f1ec22556b243cccce68,false
aa0793c0a22e370835295f6d96ecda71c185b82e,false
36f6e3d11880131852b4e72716ccf751685c4606,false
c17a556f737af6baa1bd99d6e6bf91cb8ac8cc4b,false
172cefe5ea0174f6ebc9af1e2ae516a4a01e7d9f,false
f4596d1ec4b9431843b4546c6fc007b9e622f56e,false
266f0d2c79e02effd52bef11d43e938f4eb19e33,true
af8a4d8e94272d3bcbd1402a96587aae19ebad25,true
ad65ddc653c549695c801fe14872950872755321,false
1050ea177d1f97dcacf1b6d8d8fc11bd1615c47a,true
412b7058c4bfb28f77cbcbad3dd699f44262e865,true
5d1c931251c426af1492a86223c61c5ff4062e4e,true
c6c3ca57fac256695a199cc1be0e14ac11b48fbd,false
e5f922a6932108ed87d0110dcb8834babc241f81,true
dcb22dd55db2653a74c45a568167698937b53fed,false
68c30123ee51c6f494bffd4cd7601d341379d7f6,false
845b6d1e46a4982e57043ed6fec1f163fad0dbcd,false
ee3aeac63408df5ee093d575864e0ac1d6127bae,false
e2b746a6113995792e4a80d0fb50e8883c3e393e,true
a42f230c7f29f8c69e0f341018ab9907de464b70,true
c8662e48180b51d141032370c657d897e8cb64be,false
b84a8c44394e49eb8de0a718350333fa2c53ac80,false
c6ef07ccec64c8d461baea2b5e6b0ef6be358610,false
6c725d993ccff232e8b6170a06193731720ecb4e,false
9509e096462a05d880372b48e2b57293a4810cd4,true
8b5c9902f79dded432e1208d0e96e714f64ffcce,true
01304047ad579646fa6f73fa82cc3a190053dd08,true
1d8153811b2d28acb1f103438b0008781ac9a08b,false
73ccc891e0e0a457894f92d7f62c54d3c40bce32,true
a3d4ecdd188c6032d45eb3182c5ed2b8410bc3a6,true
80914234f8a0daea7d757d787ba3f035f4ae0b1b,true
9b3f1d2052f965f8392c88cb56f9a8fb56b448eb,true
5503d1c44d6c758d5c5a67cef04d2e771142236f,false
aac1e90b773a34f15282052630783de9c42cd432,false
a9cd108dbe69c59d0fe205f60cc22a62de70e9db,false
5a9858067ce8fc0832f9c91804d9541c1fd6cf9d,false
2aa2e9b37faaefec9f6aa24389ab879ccf661ef0,false
09f8684a8f3a40657628289bcbd9b7a4f5ad8cec,false
27fad58f6c15432dd577ba09e595397f833cfeef,false
8b0bb6f020be92d6c4825ccde205d17068882431,false
059bee0258251fbcbfd23d4f64e3026d1310bfc1,false
3c1e64f6550b0c80104a6a25415a085787b94489,false
a4ae67b4e7204c4bc07f7001e66054ade59ee79b,false
58f7b4fea90ece420205c21ffdabdbeb8dbf7de9,false
651c83f10cc8f4b498f67a49742c8d13b076eddc,false
6647854d1c63a42e9f5f57f1fefedb855b359e07,false
e0b49fbc7afe100e8126b1dc65c305c2b4353b35,false
d2f47761d9501fcce1d0a4f3b2beeead2766eb03,false
4050e4149fe3aec6a36185eccc572bbfce3755db,false
30a7c9ba8e9a6eebc7f6f833dc35a1f1797c1d0a,false
cbd6f1e59df1b0b7ddcc46de314c8e99b772691e,false
f417e96a3eaaf628d3d22d6356d8077199e47fed,false
df134e0f7b5886fff84a3496f418231c1f7f8316,true
be5da1dd4011a5c17c77aaf464dbeeeef2f12623,false
ae657c299e463532d6c7caeed96615ba834c37a7,false
4cf609e00225fa692412510c09690bcaff8b781c,false
05f75d2e2563c5f64cacc006eff55ca8cec07614,false
9fecf0c5c9049ae16bafd5a4f2b6124cc8e5dc09,false
136389189e8857fad24baedcd20a4d9a81172c40,false
c286c310017eeaabebbb734d39b29561d696a692,false
97611854b2ed10877df64411018634dcd692979e,false
f8a06bdb991d5e2dac313d299c4367bf4f46a942,false
1ba18e92e396664503e01516855d92fc7086dc98,false
eaca74352d4e95d4553c180081c40fdf7c1df2fa,false
fe20195eadfd349727e480f9143864b1531405cb,false
6819974a846f0d4baa23d0375c0c75972fdd9f0a,false
7e2516a7502670e99841c07bf4169f6241cd6cf5,false
06b0f443f96a38fd01b673f5d30afa96b32b94a8,false
bcb814b1189be8623cbd95881c8fa98067efecc4,false
cd4820fb6222fd020b239c9efb06835ce19098f0,false
f2e25d4f9ffb87172f54670716c954e9a8de8f4b,false
b0bc7d5d8ea4abebe9f50a20ded8f76143376eab,false
5900031fc9917456d83f0c68a72562752bb160bb,false
c330ebf58c517e54b381e27aee691eb9de948ad0,false
0cfce25a2e8c771dee3d413a256b19320cfb3427,false
e08a21e338ccccf6bed47e024321554215bfa91d,false
b08cdbb5857abfd86ca3d229629df3ee4f45aa63,false
749fa97faa5ee9e7696346905a5d15539939bea5,false
23c74afd0e14c513def8a0c3bfb3f367be56877f,false
42bae09ce9f8e8072d7546fc0dca09c035ca4c16,false
2e1247bbdbf0e08d895c3e68525fcf93bd2fae12,false
1b763f9cdb7c65b3922bed9b52bf3ec67c5620d2,true
0af462b08ca8ad7eb570128eb02fe8c6eb721611,false
462b42b822dc351667cfe4196c125ac22872a8f8,false
bec9230328fec937401c9af3caf2bee9ae882591,false
08bbf58a11e4b6581d36dadfe5805d61d3611ce0,false
66ca3a2f722bcabe4acfacd30968744edf6d97e9,false
a6a6a93c58ee56db2bd381cf577050828ad179c8,false
5b2cc806d5695f9798fdcd25e2bfefd51ace45f6,true
8d419e3fe4fee693141c23a73456cc05697a4b90,false
91163d9dd98602e33b28c06b21fa74e114c71ebf,false
f7987b1aaea74e5578b4957fdf827f3587befd9e,false
1035e33c6bd7cade60cba71d639476788db6037e,false
0a4382ef6d93cb9995e698acfe6183cdfe7cfc1a,false
81d8462590ed7f6dd79020403705d0856d617a23,false
780e1839acc3d5aefd47f8860268a86e2ca0a4cc,true
1049bb379c4172b25ee3987771bf6af58a302981,true
e9d1504ed9aff51d09633aa4eefc932faaac78b1,false
84f2d5dfb841049bbf6dc658943c500045b39b83,false
8a8f89d52e26c7903e9b8035569252a6434c7246,false
f548e3cb96ac38cd1bc3da33f1c9ebc5d364789d,false
f1aebcd33f86ba08ea74612e6aeb65da58245900,false
f1170a37b8600e5bfd44c7d5657bde490d69de96,false
52bcd843274098f95bed444da3a7cf6d9125e299,false
418aaa68bd996210c4f9c6ed9ef724d97b15d709,false
482de15cdd79108f8dc0b0ed31eca99951d6cb84,false
be7a7a8933bd3b3cf09dfa331f962cb510c8c452,false
ce3edd2a6551407c5ec5f81f034707eea53eb38a,false
af730ee879d1b1bc5a930527993b09b8be47180d,false
666b3ba54245629cab642d935b69501dc9b9a57d,false
ec78056f2fe305b27b2160ce13aaad67a9625436,false
4025df543268e6bdeb4b268a9a22756ddb9faf2d,false
f8f4d5068753e7f49e6fe56c2970c883e199cece,false
e0ade09f64b54f85e2de60bb0a7a3164f703505a,false
849c3627d46fadfe0076c35ffc00f77ff974aefd,false
f46f7970210e4037c2b8f2f7e48c095b9a781728,false
095bd44f8d0b2614d74a7471dd1d58819f10e0fd,false
45bbe84d78bdcecdc0d72f2276d41738f078a795,false
ce5e65369d263293032d4828d7edc4b242411cc8,false
6e54d9a97e751daa2146a248f1b87701e5060be9,false
d5d3b0c0cbc8fd5a540016a7fcab26bc521f83cb,false
08308eff18db1eb08ce43d044a4f302fc2a94c7e,false
53600d566a175c11948f6eefd5be694bc94895ae,false
3a3ab93b8d1b718e204f03c7e8259c05aea39dfe,false
8da697e54970a7f0e65e1d22939ec8dc62e26acb,false
cb442e9b53531bafcc3b18e24949c2a8bab7087b,false
bde908c66c72a04ff57c16a41684764f645ced47,false
87a2857676786ba0f13f4be41d817c5ac982f86f,false
cdae9acbcc8d3fb3322d56f15faf6270e38ec306,false
3de8b61a28dce2b5003b2ba7d47277060368d8c9,false
b533898478718d90ccee66d56dc4d7bdc648730a,false
33baca294c606d68db55f642786a8ac23a5d8acf,false
2c0a5e62254478690c208be9256ec822d783e846,false
ab9ba7e7ec006cd042bea0e74a982ebe24753b23,false
974aeabff69ec9d5a2d2a121c104a0d6b874b343,false
9459583bf5f5c2fa5399313b7d39d74e8518c9d5,false
7dbffaf38cbe6cfa2c37e4bc007d2256e7a6964d,false
41bc2a52d04bad046a8599dabec6e1e41c1570b9,false
897bed9d56459c5833170a55868f8c11c149b334,false
83807ddaf503cb5631a67202b04b5f02a1b52d95,false
206a4b49ddad2996d8102548642b87d723153e08,false
1ee32770a55883112f08b3fe5c24cd6c310007d0,false
69f3590d5a2b46326cbcc4a3a541b96dd89665b4,false
1bee26e6704710d1b362e316a83ad1a216aa3fc2,false
02580c00faab61b29333bb1af0326c2e5d6c4400,true
0749f585efccfbd1aa0ea9bc1c50951b306845f3,true
aa1591bbfcd65ecfa91501d74460e5f8472ff60f,false
72643424a926418df41dc05f081be4d843c9900b,false
e78220b970812a16b3b5e6b1d28f006f5f88a483,false
d6ba21f8606f67d78f30d86af23d9f348bb1db43,false
97e2e749f1087a0978dba7112e1885adcccba29b,false
2526c1172fb91b9ef7803c8119dd481e31bd3920,false
1e06e77d6bd80eb5d6f25bef2f6ed4985665f2fb,false
a7828db4ff2553edd851962d907b3629a59935a1,false
f013ef7bbb4adc6fca31c98bcd53b9ce8902d545,false
553c062f9f47433579845a12931090c4352e9d8c,false
8da26aa89666a94eecad1b0a76f0d57410d6cf31,false
85e93965a7407f224e2ea24008305e4bc57df353,false
d23142f7b06434f4deadcece253826e506f64fb1,false
753fb4610beb334d783db982da1481afdc6ad711,false
44be10fe5f9e1e2e107b985d466ab1c01b1998d9,false
62a7b0f2601a68af1abf3b2d40cc18c74b90a9b0,false
b0b3f8f6db308aee5e0452c13518444c6378a478,false
1323099940dadb9fea7a270501e87ffc1810a72d,false
07ff9f524652ae20a9909108f4ae00a2eedf6a93,false
5cefb8493bef44d9283044d219287672b7678739,false
6cd1f2a5241b5ad3bd3bbbe676fcd935e1ab54a5,false
f1a88880145fc897736cb13ac175e1412e16fa32,false
8e7859816a371da9cfe8c3a0f6e49611ec1d8d11,false
c97e02773b596584f9532f47e6fcb408ca2832f8,false
04a1722caa8c48ce5675f82bab5e3ddded86248f,false
51429c674da0cffafd099390f69dbd3ac65d2ff4,false
b6a2f0d2f49db14e488c3b0f466a24d81b3d9414,false
4da85557ef11ef70724076d7a4cad8578712f2cf,false
cf4fda3e21ff60851b6f2b030d32ea6faea55a73,false
c50a8ce65763a44864ce061082ed76243dcee4b4,false
7b733f8ac1585d209a75871690492a444d19be36,false
7d3485a978846dc46b62728ccc7694a1300a7993,false
b7f01f81fb67881895ae3ae90bcf919d6fea061b,false
b417194dd5d6cbd720f0ff9df3f9e6badf9c5a80,false
538fe7eaa3e9a8f5f2b712ddaea08b525d9744c3,false
0ad809734f9f1514cdf6408c5f5b05a31c7178a7,false
5bccc458f14eb2aca87af378a0bfa1da3f1972f8,false
f3cae6548945918be6a0e7d94382ef4d5eb2eee8,false
4c6670a60459b030ba5cca9835d397a67bbb2d49,true
426c5982c3d2951d85fb0c4edab781e9b810a867,false
46c4b4869a0367eee055d1eedbdd05993c8dd772,false
8272411a124bbce1b6448e485af44cdf72d74e18,false
d99e9ec3392a7e74ec931ff1a68d8b212c180f3c,false
9280e14b1b28e4e88a3d01690f8ee5c7e992bacf,true
e345fd2c479d4245a3ca8351c0df726f22eae785,true
881317990f998db9c8f9d6bd93c864cfc50f213c,true
1c1687c18b0bad85f7cbee9d9590ac49e31ac2f2,false
ea691ac69ed2d512c74b0b3e3f22303b958c62d8,false
e6cc69e45111e3af0ae1e3c7d62e74f957a50f33,false
1d8b752420a7d562ee831e9d3a866e7c6421c295,false
71dc043a03c98835fa1af87e5a8bd5fd920c42ed,true
062381e4d9625009964d33a3a859d9a2ae937e41,true
10a51b09fc9ff925fa3736661f0ec5121aaa18a1,false
04db421f9adf3ea959eda2a2729dca6aae5b2773,false
d67fc3f574f8e9d8c99ad53bc0a4c6ac65f8d0cc,true
aec9241edef51c82a4ae857defe29486c1b8cc53,false
7717ba91ad77df02b1ddc022c5ba41d749d62fe5,false
5f8d199e6946bcefe6b4cc6f0a3641e370028829,false
7a053ad2887949ac2236445c91052dc355c95660,false
0f80a1a2ed7a1e215cd4c277815a2b69ebb8affc,false
0e2a46730a72ef12365d96c2f35a848b2aabd63d,false
ca8a426c0cb676a74712c9b25a8b4ba4e6371f94,false
75257346d72b4e438f94aa8e082c45da6a32fbf6,false
d1530e9e80888bff8f2e8427ec3409f5f8fdb990,false
0055d5ca4e040f400230806182f4e5c425f54031,true
495d69af5af529cdc036a47df0d48612c2ac5e74,true
513d0fdc70daefea7e66ceeeff1595ae2df58d3c,true
1f10cdaecc87eaf15fbca4dd4d9e8e25e6a0154d,true
346baea80a2093f8fa2300aee813f2a6859afccc,true
2216d19354fb3c133371611e325856f17b9d34f6,false
50a69b414594add04acf93804cb76ed5f37e6292,true
003bfd23407a05ac70c0163c934f7b8bb8bf2d6e,false
f977a917b35b72c76542371ccf5af39ca3b2618f,false
f5c0ab3444c4b9470b29c847cc88f3002466ce38,true
8df9d9ff59b7bb51b88fc920c89f69639bfd89d4,false
7ca00676b95cf3d4eb5f044a0ad61ecb32c9b8be,false
6cd0559850569d0c9e7dae00f30d18c870ef3c53,true
86d545b67db58ff233f40bc04096245cb0e05be9,true
a81272ec13e8d67f8d1227b068cb494251c1c2b1,false
b50427d6a411835aca203cb6bc37ece164dda3ae,true
c8819cbb0f0aa80eed111b78d2714b8c0a9f90a3,false
f0b4f35ecbd810af3935e1d597dbc85fa7f8f2e3,false
2284542fb161ca7e0b293e71eef8308c6a128881,false
7c0539b523b5b2a5dcb40809cbb5dac5b89e9204,false
8034b47dce4cfa49ab267f379d36f7e1513e4825,false
9c9d31a3efd3b2be0c31b60a949237d520f61cac,false
9a7e320afc7d87173a18387ecf334ccb97c2131b,true
d8816946c519bc075d6ced9a95f6e3eeac0acb9c,true
62203209542a6bcabd038f1ed3d868a59b0e00c4,true
592846253fff6ad0c363a231b7303f61fde79383,false
10e658e24f0c7ecf477fc8a3a035116e1e53c97f,false
19af2edb37cb23fd3f6cb2c4298cbce0172df19d,false
4bba6e23750b636d3166feea09d7fedeca3729c7,false
26059ff27293677a253baa94fa10d10af6afa000,false
a93038db0215fe249be040a81b295a184bf62e9f,false
a7caec3564aa77fa3b0d4d9aa0d2bdf1272d876a,false
ae90f758887df37470eab3f2f323db432b45a9a8,true
78eb58123eca253549f074e53f46373b08a67b1c,false
07d8501262e2c5f1f66904afc1104800d04973db,false
f626482b7b485405e0e5a7b8965277d85252a0f7,false
fac3f781e38c14b2c2a5cf2a7872314186db0e7e,false
f6ab4f3ffd89bdd1f93f2f9d4c55ef6fe07faefc,false
6e44f464157f5e6971c0edadf9ac450ee9c30028,false
0492b9094ba38dd12759235e981b48579df7cab3,false
1626523ac2ae5b7ac0dca7fd84d334c8006fdf7e,false
5d0638477ece06868ed22da801911d86118e466c,false
541841e71e960c58a086357a2c9983ec62b1090f,false
ac2233f9065571886c25ac85584e75b713827606,false
2363040c18b8f8ac8a188bd97e3fb8e8d439ab28,false
374d14e81459396dbc3905cc1e65d7f2ba74cd1a,false
ab1fff8c2848c735d99393c55cde34056093334e,false
cfe149e34336e7332b6fc9d6dc4e69e642872341,false
a9a60b04f026f43fd607dadf51d90109856128a6,false
7477cd5851f17f80e7ba8e5727f552e449e9e55d,false
b81768ffa203a1880fce0199bed26f0036044bde,false
ab0f9a05176cc3a278da2674b824d73115b27d2c,false
17e646487d1d70682bc8b1ce219fc9d50fe78ae2,true
7accd5e1330d212545432fbc0df8af37748f438b,false
fdc4ebdb23067fba54dfa02997800d3c297d37ad,false
a2d4fdf4aed9e132f8a310e12fcb3d9ea61452a0,false
c94110e48c9ae9ab44d6f21d708cd24ebf443edd,false
5ec2ece64234b4ca7402b76126c900a5359769cd,false
075bc59e16d468d1f991d28001a0299192c350fa,false
8e51c6b8a51aabbfc4498c458378485b7f83dc1b,false
86f289cc2bde9499c444d0ca6c99bc89ba647c89,false
34a190e7ee057ad0e1b7872b4e0acd0c711485f8,false
42d8a318700ca3d22512205d863a8af2531fd378,false
6ca5ff087a152c6dab1b0a8cc3b80e2e79195dd8,false
2265fdec683f63f441e470f050e2a68b937ca480,false
7e7bb85adb479ed1e8ff338188ccce5788e7c51b,false
b196bcf9ad4e04b41e59f24396bd1400a306a183,false
c615220012f46bdfea48137a0e483621fc0778a9,false
235af78b5e49fcac192cfb3d31e696025dea4095,false
11344af386cf536212e42ba9a777a51e5783f994,false
441398df2d885113b98a840f5ea93d5b2a26e24f,false
52f2b05c98d1f86926605c2bc8fd03720585e0a4,false
28dc28e2f22e0eb5fbec677227f3eab7ae2f85c3,false
374dec5c073b4e8a07166d56b4f705f64ec0c7b2,false
11081f5eb1b80fad90f0b9bb4f4dc33d3d4e2d9e,false
d6b9260b257f4968a73d77bc9268f48ea5e0c046,false
7f7a951d8cb909bf31dd67c5832450fdb7f951d3,false
0d3611f45110f4ba077b786c89ec1b9f7395aa8f,false
7f7d047ad3b8c716a2f8aafe31d4db5b10dd130e,false
e0dc2b17de2945459717f37cbba8031bbfbe25cc,false
9d97e5a637356acc86809749398862e106772a8d,false
a59225b5be4cbcb53f3c38d05aa1e526fc23a626,true
dd18d6c49a33807140804d5dbc4b384eff329e74,false
0f91916b2b5c64ebb93739f47de49f78d1bfe1d8,false
e57e6fdda2bf589bd7194a252dd16de09e775db3,true
bc2e6e4d1011ebde039395b03dcb9b248321b08e,false
f3529d6c2b4d8148757af0aee74edcf733e00c36,false
7b2cad10a0f8b7e820b858e74a4da3e0ef5f849c,false
d36702ba8c4603731d0afa135cdb55577539d3b9,false
1bea42418ebf52cd76be94b12fce7bdddc9aceff,false
94c63f63eeb422363c2669ca16ee92512eec8c8e,true
291021e9e35670ea599e964805c8edd13d5afc67,false
6df1d4d60b834a741ef09531ff372bea3eb93a43,false
2ce5877542faab4c2aa18e7912baabdbcbccddfc,false
ce4a51baa5001442b0460ee8cc12adf41ba91438,true
98829ff256bb588a9490c7ccc0feeda023caaecd,false
e5fc36e1d02c26deb443b47751c25f2a2f953b05,false
0b58f1aa72c38af47ac252112e6eb9973d6f7987,true
0fbe01a97ff53d99c5cd35c3a72ef9e413419406,false
ae3a8a8b98603dbe62cf26396574e0229237bd42,false
a8ba099be0a9eac587af1fc323fcd52a8965c59d,false
1e326ccd002fe696515fadd9d8ee95c0487692e8,false
defc390097ad589c9260ec3fa8d4670a2edfde83,false
394fc9d8320504da4ec88cb73ae4fabde03660a5,false
aebb47de8d350692d5095bd70af05e2ec59189cd,false
def636be83b180d91615083ddf5dcad7dad91e8f,false
3bb4bb25e0a3a2cfa33c5f709abf2e77289a6a70,false
f461c6ed830e9c141a4df16b7cc12ccbcd69da5a,false
df84288ab8581bf935575ccce4907bfd77fa7fdd,true
282fa0831f3a3d7fe8c8c30e405548a3d8769007,false
cd570ecd2d97b51c1195bd37189ca7817e76cd25,false
d410a359670c14a6b709bffae27535d8b6935cc3,false
0b4f6dc4f94386f973e61ae29fa8f89b8a37a084,false
88403a5135d70052b1916e5f4ee08f25e31deeed,false
019b492023c6c3bd4042c71032a3daba3af300a5,false
da07d80a462872803df619bad226ff20e1c7e615,true
b3099d53c72c2bbedfe23940401b6fec5fc7a02e,true
180ab878b4deef9151c7b1f28f47b32f5b549cc0,false
e9431f97ee483261e007ff94c14424381638005a,false
24e93a3df994685529d9a7211fc88a7970c24bfa,false
468fb2d8a1dd696a95a2778e1baf1299884a8ce1,true
c04340fb83551c781b859f2dad51609eb1523f6a,true
7e756cde75819b47142f023ef89b026b493b6d36,false
f078b16e77e787683888f3f061d3400fd95f1e4c,false
4281f4737c77c972831af15546320f568728e695,false
5db704dfdc1859d15927b5012da55f3a26fe8a4a,false
355145582955a28499b2582d8eaeef376f751823,false
370c744af819fb3fa52e831bb53d3b24221d44b0,false
e2005bb2064f7d306fd83bcc80cbef5d856f95fc,false
01e7debad58d0d082d9e1d2a5e60bff8d2659f5c,false
10155aa036646e61d87332ba709b033a81408346,false
a2ff0bd0c2b58bbccb15d00c4e5947d5bad58e0d,false
0e024ce3061685be786177a7ec73db93ed3060ed,false
7b03b4020680d3be722786c9882bc39478ed38ba,false
0781760776a5f06b55df66e9e97c3c829a129fff,false
53cef9c1b4153aa9772e42cf96a15b24d385aeaf,false
038001114fb995760ae3c829615d8c3bcea82d60,false
e1cd44f39d6568e3e87b92c4e2ee33f5233cab4d,false
efbf6fc416fbd974e76f06aedc63c595cd73744e,false
6a812eb96cee71ba271f8a853fec8c13d271fab3,true
0ee21db2b78a230a44f9f457aa40b270a354ef79,false
6c97766fcecd53c2256c00175bda066a5c53377d,false
727e0e9e6808d0d4800bf7af8b55b78b20dd0890,false
7e158dfea9f7620c2cf65a385d52f7a0791e5a17,false
a77ce48ae7cc0c8808ffed9a811fafdd2c7f51f9,false
f61055c0ad1f62e11cb7cd3da62bc93c930ae18f,false
093a7e340efec1a5f98096a31bab4827d91069b2,false
aee06e27ac4725b69646e09826b6baabfb81a560,false
afc7919ec71e86e8e79393be44372954c3091630,false
fece14194fd1573f09b8d247212c006ae493395d,false
a49b4c98ffdfc9156711ac33e0b5774403bb3f4e,false
58d2ffaa6a53bbd9abdc5d051cd20fe841fbfe35,false
efbfb4b033106058e5b033a97a50145336c0010f,false
2f5b4d02975d2a943dc5b54edaf98789aa82e229,false
545502ab26135234838152bf8c3300b4581a0010,false
fe1736b58a8d15550c9e96b7f8f7b1bc9aef327a,true
8eb859446be3b313384d5b6e8dc635c715203ae1,false
4a46420a5bff49cb0cf8f0e9b8838bc32690555d,false
e2c8752c0c4ad0d7d69165c7bc87e2818ff83773,false
4f3c1c3cedd08ed4ffb9b5c02ceb28b208fe0886,false
f6e3c31592ee4f5d6e148128820c9062a1426c80,true
6d5ffade7cee4e537b8d7cdb6e72181555a7835e,false
fe1933d65eee6039acd5cc05d69f450563314ba0,false
8f1ed47e4d966e771e81d236ff605505ac3f8881,false
e7713fecf00b5d0aa85c983eeac5c6eab1df9c42,false
cc63d8a12c89933d04adda5a861833e776e5f11d,false
dafa64dec9b334a262b8ba251909ec747c94a195,false
91f9032c6f27f660c62aa6b61fdc1926efd48225,false
701e2fa8df14e203f45ded179ea15658ebf44578,false
8d9d1e5e3c113734ce24060703e420bc7ac513fa,false
0a659ea73cd85b2919cb6a9c62132dad831e50dc,false
b4485dc0b3f2d09ee874d708936c252fab8b08ba,false
da595439eedba1978533059c7b15e8bfb976bd58,false
4956c3b8c35d4df688ad3f7aef10628007d2cd40,false
052be7c5475b0782d881a33a42904e94ba9b2251,true
f3051a837d9b3e8bafd034d834c578ee32be3810,false
ed10a21e0ff6011cc3bdb14e6f2a797f14c3b8cd,false
056873c36e77441ad0dcc72d1492a4f3853a33c2,false
e637a31150e86b02a4a2beda9550241291781cd2,false
1fcedaab03bfa00d57ccfbd00798f1ff12440ddc,false
cd3ab70f6eccbdbc6bc758f3361380fd6a35428c,false
f36e11c1ba5601eba53bed6fe5bf601bce5bd021,false
3db66dacf4a14e0e0d9b1ed447c01276e4c24dad,false
5aade0da1e58057bc3e81b46f906a9fd40daca46,false
fa9c253b4aa4f9978806927db73625a7dceedc3b,false
7bf8c4f023a61526ed9e0c390a9eb893789e99de,false
904784503100d976682f335c3b5f757c6ceaa731,false
b7b16bb6cc628aba865ec223c36b4ba94f9546f9,false
ffcd5ba6c8da74bc2077fad331b4265dc378a2ab,false
e666f576c9dc56c108c14b4ce5c7393007999ff7,false
f4f3a7f023ad9ecd1994b7d5030d7095ec23b738,false
cecee94926ff2937f8f2b8d09af0eb0c635fb741,false
a34084e5fab301af5d0eb02b5901b55b01871b3f,false
498c7fb6c937282a41c850b064df9fc5ab345303,false
c7021184f9f522dc154e6a67c541e0dbbba557b1,true
0b09d8badbaaf6d80b5b3c7296de8528360aa91b,false
f538e149834c44832ec3a1633a8adb3144afcc92,false
f7e77828fc0c7a6dbf8c1623246481fc15de1f14,false
4e930ff0af4f539da0285cd7d557eeccfe3d6517,false
1400c9bd88eeb9336574c3f3435f3a5519d3f9ca,false
9cfa9f763c7d99f2e016d9ab5a2ba219895c1ccf,true
8aa3d6c510c2be94d2c6dde350639336f463bd1a,false
f8b3741ad4316b724a8ec0a0d056e65815263ff2,false
f6cf7aeb6317fe5ef8b0312424b1785c57b5274e,false
99007bbc5ec5362e390551cc45cb60753c750df7,false
6f9e258d25b3cf37c58f9e72b7e3bbb2361484f3,false
9c1e708ef1017fec7cb3604c745be6fe726c204c,false
eb38c94a510c0f060bdf12348809ff1cfea12b67,false
cbae0fda280badf820a6b760566a275b07f6e2f2,false
307e3d77654cdf00dd50c83f981114921de90028,false
59085a17700d52537b36d817a17cb4ebb4df17ca,false
596007f6c1214d3f2a9fd5baa49ddd37c701cea2,false
ba4c411474041310e924dcf1049633f0043afe52,false
9f467e8de96afee96390526f38b5503524da752f,true
74ababccb2617998cad061ad9dd281e104fb2e08,false
a1ba4332f79f675450a9de594336fed74e647821,true
079a61d111b759ccd7333049e5a2fb18fc795794,false
c9cbfa5f0b46a64ce93162bc0a4c303869e199fa,false
1e297b5558d457a344a12bd7c952ae379d339e6e,false
35a5b392c0e4c78550972741b398de92da7de3ac,true
c6e6b3f0466b7695b64ba5b237da351fc9eecdd5,true
42fbcd6e1fe6bcbf45f038d38145c7597bce0c8d,false
969f804cf54c2b5fc2e7afae988a3bc6954c89da,false
25ce22b24713a6ba133a072fca703f1cb02bec91,true
3a558d27e9c97b3f7d5d02b7d6e3615b829824f1,false
6a69bfd96325ca5c2dd31488187b35e50566729b,false
cfc31c831c0535bd24d395d48fa6cd2dd2273123,false
d866e03d37448a1bab2801a781ae360ade14b43b,false
3e22ae3d8f77ed399b402a8238c7f26731efba24,false
29d8c330f38ee3f3a253c173cd7065d384e87f73,true
bf69dc428345c59ea506284f8fbaa65bbfacbc57,false
07ebb26ad3baf19b5316c72de000aa7a5ac6f487,false
98bf7610eb0db60d63aa887ac9a23b3a148d7f54,false
9ba233b47db91f2fac91aa6e5cfad967b9207822,false
76d708667288658b3de2e2c5552c8a57ad952fad,false
d542594eb25210d80b81c2fc7b105be8ef3058c3,false
74bc9417fae3f9bc47155d7ac9f20cf704be3906,false
04cda0caf8fece97b90f8352149311fd56a7bfb7,false
d5919d95e68e3340ee8bf267d598bb43c0c68d06,false
18f58b60e5b51013f8a99e26ce1249a000660703,false
4c49771289d1b328da8c7855980c9fd61f9878b6,false
77d675090401474fc7ccbb3d6fba5829de8c8f3e,true
2d7873bb33373bb00eb47b19ec58267110cfb74d,false
373c8c31867ce5a4b5f82f2624aa3bdb88e877ac,false
37b3bd04e9a57faf7c9f8b87092f87af709273f0,false
2f5d45a225da0dcb5ae14dbac3cc6df104d14642,false
58f15f95c8dc49cbfe210f05132d98ef491b4aef,false
1ee84cebfc02ec6541e85fc05781723d9a535387,false
5c731da2582141f31629c00732733f77591c54cd,false
20f67c038368e9f2af6390d49b4fa165e66e8036,false
4e5e0a0a57fc7915d1f7a8252c25bbfa9419fde1,false
0193cde905acc119d52bf8f441db4a393d58475c,false
cb7a5715fac087b22a2265b6c01052fc96cabaa3,false
c324a2880304ec9532180fa24712e84d06ed4980,false
8f9daf62ce97c7b1372c63b03257af3e746bb497,false
f0d05be7a2229e42a1b2c35c1fb5f747e12b708f,false
8b7d26be6582f4df7ec09558836dd1de86f963f1,false
9e6b2dab20bf1bc2ae00d3bb9b44665adc5368ec,false
7e8e128f252c3321253c20771539235b43494b6c,false
766d387c26b104fc32e114022a0d11cd066642de,true
c3b176eeadedf8de0cf964af660ecdf04e83792d,false
7134bc7c60b0a4db393dffd5b3399b5d0a71f7da,false
6141fefda8d6cef2b538a8e235a3f4a4de7f5ce9,false
6aaf0775bc49e1425ad542aa55fc2bdc0850f3d7,false
1bf6e75ff225ea240ae70c021281043d13d4a8bf,true
73b2af4d1859257a280f99131f19a1d7c694aea4,true
2651b2de9147f6f3ab21210e776dbd1a18db8fd8,false
68fccdb83f50a9ab8e8009c353ad3b65f990246b,false
0eae73a2865cf63b9f75093c1f23a3b70603f70d,true
7a7b4df79bfb4d432796398db98d3259eccb2c38,true
859cfa89fcd0661d2c64828352c618a412208510,false
109ffd2e46f3df9fdf18a859d3a65b600b1826c8,false
b0f4d2600283710bd3113660980689d68e6fb044,false
cc39605c1c298261b6b695c58fdf7c1d0d016416,false
1ef832e1ff7e56e252c8267cc29bd533055e59cf,false
addf04494f368cc97798b1489b79e5dfad65b449,false
ea9e99217f633b4b60e3109947b50bb727b538cb,false
f30cd3d187c704708b43261bd2b64b5710621856,true
f602f1addc56dd466941121c77c3c88768022a0b,true
caf98dee05dde114f8a20fe5eb8a09437e15c945,false
b78b71d1969bd0f6eeb8b10e0bbc754fb8da785d,false
e3c6e7c02d7fce910f3fa55b4aef9221e82ac3b2,false
219c534f5b94746a4ad629fba74f4f04c21e9387,false
ece875022f5c70bcb64592d649efb4f67329f1ce,true
d3eb02e875fd331bf88ab3a210dfd7e3c3da8a1f,false
5b2d544de52ca5200f86b6f6433c0fd2b761bbf2,true
40d1a69c7edba91b3de93048c40da48e834c9c8b,true
74fd2424c4cb39a4de650f22cbfed1e8686bf3bd,false
0e0e352e3b70d8e93cb1dd05d19158cbf53c6dc8,false
df29a0a0efc7c367ee8adc34faab94c860536430,false
d560000927ef3b4ff78cb002a22dcd7bc8872a7b,false
14f3467b8ed963fb1b86c464d9c452b14ba4d1ad,false
8ee8b6db100d78a9e14b43ca70a21e5ee96a2618,false
38f3b04a65d951c4ef969d043b1deaa62b748457,false
362ae46b38d0f6d6b88f5b549974956dfdd67f7c,false
c8c833d2f1cbbd5718bad57acb52533b13d8420d,true
bf57d47294fe2540141b28d80492cdf310abd716,true
2ff4472b605c9a253ebf0a16a9be3a9437cc6b80,true
5946a0d0187342ef7be314357b349869b89cdbd4,false
3fd52f6df3e6870162338dbe1318844f1f1f9e42,false
f4a5a580988382e5df7198d7bc5845561e38a98d,false
1e71aa08643bd5791811c11f688f737abbbf5ca8,true
e9118e595ec74014d84d1a214d4a906e27c322f7,false
998d4d9866c81b4a6220145a6766e822ee8d2721,true
836dd8a70cbd2bc95b9117f287d270bc625e685e,false
e61b9abbc0f0a29624c70bd385cc84bae759e557,false
b621fb406e16d96be45bc2b56f2dba54e87ecd93,false
fd6bab60ace4d2f7eb86cf34b39f51f0546630fc,false
178ed68f42679d08e33ae97782b3e36d0e824859,false
4c6cff99985fb0dbeb0905e1855240cde31f13bb,false
a371d2081ab3248711bde1095f085d4e1831e22a,false
225569a42caedc6f8e462b1965fd9c3dd7a085a1,false
707fb431745ad309546e971d1b954288c2c24eb4,false
ec321ca2265c59c4f010742fc76aaa31927bbccf,false
ef9c397ec0c136b2337f82b2b9874a37c2130db7,false
14a92e1dd245639625082da7b174de2ccda7800f,false
d6e89a70184486dd4fc84c572ed455a9f3161f80,false
edb9a6a0d9695d0409e22e984c28b88d115a9a65,false
24f3478426ce931f6dd4dd29b476ece16e664a48,false
e4047cee28ceb447086df58bd502c284091a8f90,false
37c4e06d347dad2257a7f892676792533439a12e,false
d24e994af135107b016801616fc1c7ed529b4f4c,false
290f7ed96e9693cbffcd04a9754db6d384fcd51d,false
46014212ffbd0cdca33f26d61532b14df382b15a,false
d84a0706c6f4fefbd7bb334405d6482cf71ede47,false
66c78bf30e5897aa1e44de8c234bb3a67daca069,false
0b84a611ddfd8eb908372ece5a0b9d0c5cd365b3,false
2c89490e36ef4dd4fe9e496f3f74179f6cd01ac6,true
e40f9894b1f982c3e15441b84ff6ceb6b99143b2,true
3a888a23d3078f07b0bba6fa83ebcf2cb2be3ed2,false
f7fd9d29c1900be92a166862ce699d56646f50ac,false
b0d6c1494bcdb284cf06702605f69fa05b1fb343,false
905b999b901ffb4c3014c56c05e5c8f5227a2b51,false
c6aea4559f6e278dc69499fc5c180a06f4ef4be9,false
81aabed635d25b8368cf3d1d9ecc78286f48ae99,false
d909412efde45d7675b9e95afe7c655bc89c0dbe,false
20175ea203b1bf2986f4dece58d85ba430a279a9,false
ace6b71d2a5b9770b410012b6168ae36fe1326e0,false
c7ac2cb87689a5695f227c22144f5a91c83fdcbb,false
50807732514138e46d712caa270f3998d65c2f65,false
8950c66efaab1d5510e324901cd19051e88a3b05,false
6b1d4622d9c58454a04489eecee786cef8ba74a2,false
c0b1c7a362426ae4e42424d4feea37dfced53820,false
fdd10ce75127e51b6cc8b32e1ea36c0acce51376,false
0f18beaa5a393b218ca7fef1f47160fcb4123d5d,false
eb3e28d471f2e18dd1a7455691bfdbfb1d32caca,false
5bc3f7f33f0f1491df29d15ae58f0d4dab86c186,false
0aed767a7eef93fa5bb7df535f3ab2eee1053aa2,false
71b0aa9ba987174166f1312e8fdcc8f10df16b64,false
7bde71428119ea373bef34a26226f29a14fc4ac6,false
2b7acbb0b8e697609730ea75ee13413ee7e476af,false
e3b46b4d86dd0ec2bde8884e5c511020b1220314,false
163181e3982809171ef740013a72e73df31174d3,false
cf36542406a05ffb00fa0a98fe23a3b715edfc06,true
21ad7943ca6222edb03efddf09a7dab9c28efe12,true
e5e48f0cfb21aed233094438d85924aae9cc890f,false
2ef343a1b3af90463d15747f194dff5803e5aab9,true
6754dbf40ca73d1f01262a59c9fba73d4041afab,true
de2a41ec1e3a4de8a2a16c38ae203d89289305cb,false
b94eb4296098a9f0f097f4614fbfcf000f8c5009,false
99ecc775890914d2bfab75acd4725d72379a6c5c,false
bdc933101cfebad0014d695f98c7db11ea86b63d,false
65d8c05eaee13fb70a3cf933d08eb907f63b8f3d,false
11968cfd9b0612537d3258ef3923094c15685c89,false
3428e4ba1d577d55fa7c640445c4c661f8afe592,false
93182614515d28ad76d3342c0a3d3e20ddd4b4c4,false
2f1a1e2be0a9c3d30627329b564a4016d6dfad95,false
a19fc29e36a460f672095f4c57ab2f6addaa17e7,false
b12bed75483d691efd8024b773c2e6d03ade088d,false
f42c7f98f92c1be93ecd43d1acd0e7c6d2450f56,false
12ca668e00eda4f1953f65c76153102381b90ee3,false
ab143b76f6bfcf1735a69394f91859d1fb6723b4,false
290f6cf378fd8bd35d779c7808284e6206367ca0,false
75bb1e18cbe7422a78c6dd24238ec24273ab611d,false
156df41bbc71d779525c26a76c44894fb362a3a7,true
af600cbb980dcfb298d6e5fb0119c88e1a507109,false
52437a74fc455253b9e3aaf0f38e1b633f0c91ba,true
62b9c4077ed1275d48522d71cd1852f621c57aac,false
c3a4e37c091fd8dba49f4aa230f917ea4bd8f4a5,false
8d01d033230e16a3b6f6535e88699646e70c1d05,true
7664e346fad3957c097051f730eb559e2db3afd4,false
a30cb970413eed2cc83ffb3614ce2acd7d44d9c5,false
e21c2cf145c494ea823965b0c6b0c092542c293e,false
f8ac54c34990520c9221259fe28ce8a008a29ff1,false
0738d5838e699d5beb8e84ce252238314d5e22fc,false
ed89892e00d4ff9911f767b172705d27d4e153d6,false
c2090290f4c6e12467cd652c95e568ca4d08012b,false
41a803b519cce728283408036328578509e5bd38,false
72e31795dd3a1a32f8f035797908a899118ca8c4,false
a5785c5344adc10a1d8573b8ccb4b9b47633eeea,false
81940ada65f80f1e7b00d68cf19ec67835b47461,false
455aea93d9615c1a7714ae140e3763262eefbac0,false
ea484b93b7c302609386848f578abc9fda2877d6,true
b9191da5ea080b5671ec3735e229244a61d77988,false
04e20b18177709eb733b665e00dac24da822809f,false
02fb1ba0859bb95a9bbd31096983f2c0309a7d6a,false
bb7a400aa6607ecfab29b09c2faab61021a6d93d,false
69d4fb6128aebcadeb95080bdb7790808c3c2e11,false
0a9b0f8bca98934cb42720a450939f7271127750,false
c4ef8a2ad8926c2e5b1cf32c9e705fe8a7f3f765,false
29511625368b294e70e063652420100f45e8886a,false
30dedf7cead69099be2c0e8f9b21c8e6f65bb382,true
9b3da5280e3ad0a05d46f43c80e202c95b094c4a,false
a5fd6ecc524d7971b58d19c02db2008cd8eb37c4,false
e75623e84778486362d3ce9d4c3f99a220878fca,true
f25d1c6650d55fee74de52aec2c19b2346e7002d,true
01a6885bba4f6af30e0f6a06c6d32d54d43c66be,true
e2158146677ab8137bad2534c3e26a3abe8588c1,true
e14af6ff13c8d3037e093abefa03a85463c913d2,false
ec7fc8e590f391a7f466fab1480c55a0f9b01af7,false
a503d9f7b5b8491c5e9feed00059f76529c0ee42,false
a0011ea3d34ae28439b595f15148f0bc51a93e18,false
49fa236926e0b0737a8495f6d9becb5f901c092d,false
eeefa76b5692ceb773a1b196e60b36c93db54e8b,false
26ec2b887a2c0f76c6dc30e1c32e4880deaa3479,false
b101855ab54ac6d756e0529cc766fe99768c2e6e,false
0e50ffbd10896dced8d49077ce6e787f2197a0c3,true
a40fcd85dbe55dcceba3f9e12b2ec73d31be5128,true
0a111b67c7f9b3fb5345e85e4ee3fc62f9ac2847,true
9e1799a53ffc67097336dfd5c3e180d26ff99876,true
d2209364e11c0091cf4e01076db1ebf774e3cf5e,false
6b7e0eaf0e8ac4dfa84b1826ba3ab4e766f6c2c9,false
b699c62dbdf1e7fa2168fbd2f772d3ec86ca684b,false
7f55fc6fc6cab72c5e13ab1ae8768b1fe749b4b2,false
b203475cf070a1962e3b5778347eeaba651ab2c8,false
693be79c5eaea52b69ad8ba3a38e9ded847d5032,false
f3f05bb010772b114330a618ee6efce23921dc8a,false
039a3d3adba955ec9e649b0848b3cfd3fbce5243,false
d1b0d51bcc225fd931ba734157fd753e2d14edcf,false
80dda98394c4dae7cc6b10611cf37cb444311196,false
b0280b434524ea4dcd300da164d7a9f5c2de4919,false
288958fdf5ebd422a04d2659da343c5042f240cb,false
f69640f60f7cee05bfcc5797e16ee3ce16262241,false
cff55220560ba7784252e4929c15a4655a671671,false
7b75852b15000347ec0f85403321957c8ef4b31d,false
4efd84167c8515559395ce3a1f05aedef47a5a75,false
be20ce62d8635282b9ece8b428f175f4e86c5d69,false
850507d09010d4099ee9f513141568705acd5f8c,true
da17a33290aa06c4acdeeafb6911b0c866586ea3,true
a13a4e6e2d095be4ed426258ac793d0d0c244621,false
4712e259a6dd22adb06f392da6ca0549520977ae,true
c640ba7642a04858aa049249dbc5ac2d1a4ca8c4,false
984dfa9f86143cca443b0150956876de5b76d455,false
f76e0a4fce9e5cd07460250a0415071d2761804d,false
f016eebc00aebbffca668d15f957999106f4c769,false
c3f43b9d855e8cf7dd06fe9c60750ccf81240233,false
a2650bfffc7723fd118160530a703ac71cf7063a,true
06af019a8a4aa0a9d0dbe2a6f5dc6224fdd27e60,false
297a7eed84c20b40f7e714d94bba845d79e8072f,false
c153e502cc597a81f14867259aeba0706f8c495b,false
91dbf08f4d7696f67750e530ecb694230b20e822,false
7d91d41e5387e15a233aae20f21547de3265e9ea,false
662d7a09f075e3a3913a3de289ef2769263f3833,true
0c474b857e2bc58954826a4560ce999ae956fd12,false
2f4be9645a4199554cfc8ec9f4975478793aa38b,true
50d1043b1b9db61e3398ab43eb36773dac3807ce,true
b83e79b14a814c3e2de736af1e05db92b7584d40,false
311c96ec555a64e7762c8dd34c76ce0b35e66ee3,false
ba308accd7cf7ab1a773be97480b5ba1be61eec7,false
a555d3829b98ec0e8027d04df40688b8be11dfcf,false
d3064a5782287ec299ac722c62290da225626c27,false
053579e608e9578244f2c8b5d1a355d9338c904c,false
f42b183cc417b540f7b7b38e76015ad722333428,true
63985fe7c4718b500fc619a119fa3cdeaf3ba062,true
6075cb5d6459bd6f50b158583ba9ced9f9759f28,true
7086cc8b2303fc2a81a1cf2bc292a479bda23efb,true
cf3fe5585587b852dae6065f1bb242b0e2e4a95b,false
cee2df7da1a11fc8a030b41c765091778d2714bc,false
780eed3c4acf7f047871850ba89b3d99286e90b7,false
b1987056fb3b417a22ee8850ed8ca69671b6bd64,false
b3d82768fcdc8e7ada94d8eaf280a93bb378655f,false
62c9c828f17814e53896090fccd5342e3b362cdf,false
2fb1647ca8c1fefeca6734b762939d199d63e9f1,false
87caed464bb3df32d6fe66c368a4354825165360,false
cd77dc66ae40c82832a6f05aee820a90a6f5805a,false
b00dbeae6a0baadc1ca5e9953c5814ce53a40aa3,false
dca0aeed3deaa2e16155a6f298cdac03b3de4bef,false
2db98207d4ab37615c3fcabfe25dfddd22897be6,false
de0e38543200d5f5391625e7050cce350f6dde54,true
472f3a26bc258428141d7cb96983de5c04f12b4e,false
e0cf3cc67c0c4b919e26ec68f6b30f4472f78185,false
d20fc6754b7bc82f685f12c2932b5b0eb8d0c8e2,false
715dd3348a9a3bf9d671154cd76342940e3cac71,false
8710d5b34e364e6c0b86d2ac01563074accb9c2e,false
177b4cc39fd37d64d43ab48e07e6ea9fc9b0d500,false
5d5dcafa5350686daa356610c53e424d77166a77,false
e29f3cbb3d474d980edbbe5985a88694daa6a080,false
eb63395151d319c86174aad9d5a1b23b5527acbd,false
529bd343dfa480a00c40def9423f03e53155d038,false
7e1b41b2d47a0d17f8d2a41852ebd7257416d0d6,false
57c39ed0aef81de19e9d82779e7dbeb026f79170,true
a8127da942ce95132b1ad08ff0ae025525ddf2b0,true
c6e27e25ed505b144eb0e9de818b60201bad2b3c,false
6e1c8ef14f29d7afa10bce22cf17383f66e35e84,false
00e02e91e792008e980c42fb6a3bade188980077,false
53728b1e891d459cc2f9f2716555f000554bb9b9,false
b72d8883c751af7289f6afc05515e626e8891e52,false
49b562527584b81bc0839bafd0ab1261287c8eb2,false
4b901407d880447a44beb5a118403bd4ba95cf5f,false
7736917616c76573818131ab419a9b0fbc78b3bb,false
f1b41b1fffe2dd9633b8a83c9c1e81e35e286523,false
c0f4abafc78438127b54688a72557cbef4b829e4,false
3a299cf07febc77cbc55a83978067d6991f49656,false
bb43c64c94ff58c98ff97b6420b1c2c554436e35,false
b9160551b69651d7229e83196cd1bec8a3a87ad1,false
da70b4a0a9e5e3583260b1a320586b15dbbddbfe,false
5a1803af64498b40b3ec7daa5d52e932e56c5212,false
3c10c3668ee201738d5b8ca2a84535471325b702,false
765c164e53d163712a87d351cec658bc0212e04b,false
952f541ad4d1caa0247db1f7f714542e128e975c,false
351ff710b3560e42f660ea21d5408ab0ac9af626,false
d8f3617b4e5af123b3356f519effaab186cf29ac,false
282e71a0cc86f6db2f14392b6136d91f14c01244,true
49241f295406f479f1aa573871bb26cdf4199358,true
4b8bed2b8009859d08bb63194a7372d332fed253,true
da7bd2fa0a107c921690284d91462095fc10944a,true
d6af48cf60c7b51085ee93d282e614678d2e9dc1,false
764927a62c2be8289d3bec7131fc926b3a21b9b1,false
728d723632e7555b61e92dae4853a0731577928d,false
b9a8356c650584bdee050f02e8593f6af57fb368,true
ff761947250e013133858ab7ba5a2e3e745df0ab,false
ac3abfb89369872c2a69ae58adaa859541e992b5,false
f6eba91340a5cc5521c7be7249dc4a00672da98d,false
a92ed626f93fc8d712f8f3396dcde9b755d88086,false
b159abf7dc6d0fba1598d7f6ce5fc69aa24766c9,false
e874c143533cf0fd73270ad2d275b587d060cf09,false
537517505c406fc38521ac81f0ad3e488b353b81,false
91db2cba560275dfb0a34cc9c70b2ea9a8e291c1,false
e631350916152958c972c5a18681ebaf229ba99f,false
14d4e2f238c33ac0ef8d5249a8c25a7da0f73e7e,false
e74abcaae23c0b186d716f8871a2f10e96ac3925,false
c4f20b6df85ec245c2139f4436be8e2b20540928,false
6ca4739ef739c4b923fc690d124c5f666c684b48,false
44b747e1c342b41564588673815d108eff3f6550,false
03220d8ed6660751f2d9b39d76696f6ada243229,false
d5530b3a0ee58d4da1c8abe84f419a34e2f3c05f,false
570de5ba3afa217c60467b635450e2358dbab24a,false
0873a3d05fdb30e5d0144a132181654f2fa458d7,false
5938c4b78caf44dea9feee5aba0d5b98989fd047,false
c7f766babdc476c0add4b6d682b9bbac5a5ae846,true
b72743f9cc4e2ae244c91d3fdfca0ea406f375a0,false
69b710d9ad9bddef605364aef32357ee7efaaec5,false
1fa0a4f39fd86ae7754aa28bd0e76aa6e86bc348,false
82e422ac2eae7baf24ba38ef479231b037fa1884,false
855734b910a584a49b4c2b3487f8c12f4bcbae57,false
6cf6ff29f6ebc656149b113ac12ffc16740e11d3,false
bfb21e97ea32a0767972e7fea63cd53506b3d6a4,false
dff45f6a656d38fba9c4ff5d18bcb5a25736107d,false
0b3e498cf6edfc5d724b9d77e7472cf9b6ab9303,false
22abfb62e2aae00af7316f39a8a785f6577d284e,false
c4fa5b62bcf5c1fa2a8b43e2876089c596d1768f,false
a5bcf15d27dd9f8a8ad543eef05efe05054d67d8,false
3a46fcec1c8c2defa6749b70ceb6e7f6ff328fd4,false
2cb5daba0026eebfd9bceafcec143dce0b1f757f,false
0de560a9036f127b4457910e11bd2c8138c4bfb2,false
28e1530b809344de243b5cf5fe96dd950f179f60,false
eb96e7405b2a6a1006c890a0fb48a9f8dedb1f6d,false
bb7afd127129cae52c4c3eb50e86b10270be374a,true
433dae839b2dce4a7a3951148dfc897bb2023884,true
4ede59f379dab4e147501a2a9cf69b73eff9b4df,true
efa8d66aa01a6aa247fa8345698cd5a0233a184b,false
070a58711a56feff7545944e904e06259a179ba7,false
6a5a6510e6b247a4838a52939107d4054934f285,false
2e7c65592fc6c5a50d96a0467860f9fa76e4c195,false
8d2d991aecd9fd584945bdf21b0598151e8c9d9c,false
eb57a08a636c53d160b3441e087c840dca3c3a8d,false
742e71b210ac52c82c7351c6b3bf48dac5ff8b70,false
ba2881fbe2646b2f3cf4684bb80b0e41a26d04a8,false
a000950edec960b59fc252ddd010d7eb18dec3ea,false
7ddbc7d7303eb16ddfc54d93ea1ba02f019b1448,false
e6c3edfd8b78195ee1ddc2cf9617dfd9c2455d55,false
59521a222702691b0cc607a085b52537efd9c4c4,false
8c101b8a8635aa75cf9d0ae1ef7bb6c6deab2d25,true
2e6a3cf8a0470d56a54279b53a82fbc8219420cc,false
2f9475cd2b8df0c1937d62d17e40b3a835918586,false
751170e1a533eb378aaa3bbbaf0d33f28320a7e0,true
8d651ef7b0c6478cfa56dbed82d86c4645157879,false
889ebbb5b89c0f2945f1fb015a5fd549efad820a,false
5d6a5023e67f8cce632f18f90f67e5e7a5cc0833,false
d042453ee88f2e67b2fb3bdf94e3275ac3f4af99,false
f95ee05e12a1df63eaa831ce0a6f5cfb74e7ba44,false
d9df413022ea00b190d0eb68d94a3d4552a46e64,false
8332aa1af58cdeee41cf12723aa941bc76d22407,true
1607b48a653d58b8939359a4a5b07d974c97a508,false
40832b73517162c2c2c067c781579a08499c5918,false
95d2ef1973e0f426b9abe52c45dc12ee2a65471b,false
5695a852bf32ba6df49a5a26f283ca0a39cc798f,false
df949db9ac1c999c35b92908ca3271df9a85986e,false
7a255a2784854a29ca02c9498af660feb8872852,false
4d760780e92128928f58e5728cbc7ec9d5fb0e4a,true
4d3ff7d5f375df9d7fbe9e295af7e921890cc5ae,false
456f26a68a0c40149da72a79673a2dec06fb78fa,false
80b2bf35f0b7636484af8898416d1aff0cb1bb6e,false
de29a26769956af550f59452572f5024731d00e5,false
1ffc3f8a057aa41a45f572988fb485ff86ec401b,true
f1bc20cf61320f7162c7bb20853e5915e33fc699,true
a08bbb935b9316e5e7451d8a8482ae3484993081,false
3faed64ad15bdd8a206ce6c05769edd33e1fd135,false
f87e94651f9865f02929cf055ce3810ee6cd7edb,false
b5fa4c996a9ad746d754ba354df9ee7a5b95c71a,false
865b542fe65e6276d2faf732d9e4791c0580292d,false
121d6af69793416a3292e8dba9df637b80dfe03c,false
3f8b658c1ca888d74b561ea07b22fed2cdf10bf7,false
3d829aaae0ab0659d759f4f9dbdebca528055ad1,true
89a2f9a248525f95de7d48ffe1cc355d32f6e58f,true
62e8eaeefe44772aac8b0199e72f621d4761ce90,false
fa4827b9c24329bbc0b8e8fd8312c37282abcccf,true
761fbd9b9cab2236043cd96af7bbec1f73de18e0,true
23e2861096404fcf12059bb17f27058360ec6570,false
fda222c5a30cb059cde1f59086130c8dfd66e64c,true
0cd5b2cb4ce79b5eb01c908e303e8e2199d51d74,true
546cb2e23359297bb1d01875febc13bb90c0e7a1,true
9196e970f5cbfdced7884e7c82f2b5a1e75db7d2,false
8b9c489f5228898c92e9f627a7cbae8bff564de6,true
8d679a1c89f866b30be3edb7818cf891e835bfa5,false
1642f5a90092f1ab64ba04fcf8ea9210f1d1d4d2,true
ccdd35b4764644bea4d1b688b56ea1c44bf108c2,false
8d06de366f7ea2c2d63c6fc10a045e048fadcebe,false
f184c1eccfd017aa27e98725bb3010418533090e,false
da5e13f4d0ff2b28922c0d0a7737896dc1026d2a,false
deab543d657ac47da0777f47af6cf6922723bba5,true
4d6b27695cef20d22fd0729672e27482242843bf,false
299258ae6955f172212449f3066467d9e06c6f69,true
02cfea57e31b4edf403faa59cee479dff9c5e9d1,false
b8e2699e0e06b82146f1e8a74c58b9b2d0048940,false
64de04d8656897def1cd6cad3a83972dd3798d92,true
e07c7bd8c8204a17c6a98fa7f386400673e575c6,false
d9880d6464f9918daf53b4e48338856ca62c35af,true
3ca7303d9268b0c6d1b44a7847aa85ca0698fe07,true
d434d8bf2acc6ca9945f628bec05c1a1b112d908,false
fd5648386c411d9ac869ed380918e10403ffaa62,false
03fdf279edb3a4d07aaff5faadb3b10b04a25ae5,false
b74426631c7952fff4db1fbad40dacfbcfc8af1a,false
9235a8c167aee8dfdd4fd558c6fd8cdad428aa32,false
93cd1b6d738bc0596800d7243612e525ca9ff179,false
a147ef051ae72e3bd667907a2ad4aee648b1245a,false
9bc89ada9dd60c1ead94ee43a776ddf6d203d65d,false
b45b639ffc99335c6cb0f033adec936ca486651f,true
3acf6ecf4db8f49ff48504aba0714b59204eb0ed,true
1bfb165ff4f59b36d5e3ab39f7f7204df8c42ca7,false
1b254281790ce98950029ea3c9a83efdae3f8752,false
bc3849836e2ef6cce2c75a8061e08b4ace56b621,false
62153015c118fd41670c06c948f6d6f526f13379,false
249c4191014a7b5ae48733f3b265939c9e3a8ff4,false
237d5016cb401b6d01748c3845a16046daa8daa4,false
9b30a35bffea9f4b395ba9ca5946e493bb75c9af,false
21a8a152f900e11ed6be8f120200c5b25178261a,false
31618cdcc13f1a346b3efc5478372bdd98b5463a,false
656098f2e4c7e9b628a35e7af73f64827817a887,false
e69f07c5643d3c1c6f51d7ae8c136143e2235f79,false
962c8094b6ef6a71d4c67c3d95019688379d3c4f,false
30c344f3ae2c92eb4a693353d4c4a370ab47b14e,false
e226f49c3b224cb59fd495319a363eded0846ded,false
263e6e77db0ea60a57355d8af84de481d48fa4fb,false
83be7089c6e6812de9634245e412eb6073ddfd32,false
6b33999aea38f7c1a5a2c217ac2aa1113873d12a,false
ae8c60bfea642300b1bc0a51b13ea999aa6a9ffe,false
dda1ac8a9fee39a30d6c544203bbedb51118fc4b,false
1b4b52c919043a81d5ea751e74ea4fdfc2e33621,false
a2d4107f2afb8bdec9c70424de9d31828005da8d,false
9479622a716b86127c7d8e5f884b07d7d590e6b4,false
bec78104f9c086f8d7b48c174bbb3b25e23cf2d0,true
73207465ae93f7885fadcfbfa3abd5dbd0725d01,true
1b9a73608a7c1881ad761b9b604fb4850ef792ac,true
ef3f67a25fbbf87f1c2906a8ee94ec2fe88ff2bc,false
d44dd174eed8acc8190088a305a3e6064439c0d0,false
7d15c08f6633aebf68d2701a1e1efd2f3dfba95b,false
cad3694e47136abb79ac907e68280cadb2f05c4a,false
76e14946105ed494436ea2edec43ecf24d39f284,false
8ae5d16102a833a646cbbc22a1070e1c65107678,false
eb0a188a3cf85763fc835787086e2e2b207093b3,true
dd8c9c6c41cb4577009f26e9d380567a7f365939,false
6486c21ceb62e46757593e9cb2f5f115145c662b,false
938d5cafceeae14b712cfa28109aa6c8a0fc991d,true
cef4832ff6931665bb9c69923f0a012a9dea9f5e,false
0ee6ca01966e72514bc9162b654413b0f329416f,false
08802d2432b5bd060a491db623b627a474bfcecd,false
978d8db2badd504db4c788c362f9bf674d56739c,false
250784a6d8cda67f2b0c11bc312b995a26d6c659,false
ae2358bc8a6fa86e84ad25a00b255a86a10dc5f5,true
aad4715235e2d01c94c4bd732828d6f653c082d1,false
13a13fab3287817a918855af932023e7fea032f6,false
1041459cfb828aeb05dd78641db4e692f114b6c3,false
cfe9f4444d9f386bfdedf2403083e80ce2108049,false
2af8b03b96a5328e2cb807cb1f3fae11c4a2b399,false
475730cf410a021ea415b542b46cd3b5dd2a4daf,false
b1a49f6649434271a5cfaf3a943c381ca6e9d189,false
51e2fc8ac3955cce6e6254b617a87299318df3b3,false
69a876996243299682ba9d0eca4f000d1e0ba2b2,false
6006070a88757bee17cb6cffdf457996fc840b05,false
c185e0437189a19b9157c50a4975c90eb3656e65,false
cb8dcb82d2096054fac7471cde8d291a34aa596a,false
aea419dd6cf1769e5ffe67721c0557ca7e85e7e0,false
d9b7097055dab2d88bbb18ea23016c1398ed8bac,false
6a06377bfc932cbe3ad125c246f1fc7593ce42f3,false
d828c981edce4abcd7b9cb17688203c1293baba7,false
ee3927ba931cd250963081dc85351ffd4b729a46,false
b04c4f615902c53d902048ebf0330f7142a6d7d0,false
d1fab6e59a82761f07657e959e82eaa714993571,false
a9df7bb275af03043f76726bbe4cf65e4b3238f6,false
9899fe1a53d7963604ae556dc8bf49aabe7ba3a3,false
4b9c226bf82f78c9c7174a3731849b860afcf5c5,false
5039595d568f7c4fe254283e2274ae6f6516df88,false
36b45a6acfe4dec2b8772c874f2cd84831ec3216,false
33246e607373c13215765c831ac00a744122baf4,false
baae372afdb2e60b193642dda31750db7a2abaad,false
c4a81aa6d1a41cadb4459d308ca4ca9d83198150,false
a3c2847dfbbc1097916417a303d8f5bb865a9594,false
dc341be85452ada45c32a2cc4beff934397b5622,false
b60ad1e70747b22360d8e7da7b4c60d0522bbc47,false
246227a04cbf3db8e5a71b10abfda294df5660e0,false
78c49e99b05b34483ce496106291ad94868ce095,false
f4ae1a37688556ea585aaece4e70e04f3cb5331f,false
c9ce9e17188950f0be85fcdfe9f20b177bb8c155,false
425fc6e004c9782ac034842612456dd3c82f2fbb,false
67fc447be3ff3d19ac5adf99245156df3300ac81,true
056fb7aaf12ef555ee6a6db168fe72a5cd97b4f6,false
dfb14c916773abcf5e34e65034ce0d50c5c3616c,false
cbdd7e8ce2d1314188669be5a2b5d3cceab75773,false
47f04e1dd31519e00bbd803b57ccfb8e4329d44a,false
e62fffd6f1db3a598b3104b9d63dc18a72eb0990,false
94691deed88490ea1e61c1736ec7d203832799ed,false
6724fb61b8b85440aed9d5c565a78596af4041e3,false
1bab081c879e7c6cec1a99a675ad4b587d6ee882,false
d7e65b9ecad55c4f13a0235ff42dde9d8d51a79e,false
c6d96c3fd6c04d1fcb50c019250ceac80a363fbc,false
0f518e2e9993ede2d6960e977e48950a0df0fbc0,false
8fcc37c1859acf05c96dfd070e496a072d26c6c2,false
cae9deb6eb40465c16a0b5d657fe35c4909a8519,false
3fbae5d03574d9fd4584442c9afa148ac05c1716,false
9f802af7ec4f24cf415784e4154b40b209c1e13b,false
9f4589e5ccdd136dcbb671b7021e717c3f5bc9ba,false
0a5fef47ce11661e5b325b8296761ba1924513e2,false
fef51ff7842c45c463279afb0f70f2bf93f303e6,false
4cb7d978559d3671b58791ae1a6d4fd502c8dee9,false
465e289c7241a9025c74340bbb8c51f80f16b4a4,false
7e9058d6c1d2573a3fa191523272e149bf500287,false
b06092ecaf85aaf63c4bfcc3c0397554584d9e42,false
248a732c650cb885a4bc3339da93c55321270d8f,false
bc8a875b556be0b02e7fdf5fc9bed3b5269fd314,false
34a0f60d73a3c7b456171416cad65040ddc0ecfc,false
0f46393121a173add036c7b6f91b0a2be3a9066d,false
794c8fe979200035c77c77c3e5bdb30eefee20c7,false
a22cc4d3118d8b61f92b42eef5ade8e7ba571361,false
9906415767a434181053a527a020bf98daeaa61d,false
0e8abb95de2be10fcf47c1e3c964a44d17aef149,false
53e5de8176a661f0e21be57705c4e5cdf47e67db,false
359be484bf4e263df35b12be6b6390198d4d67be,false
976b3773fdc6402e99a6716b97acd52a5d7284e1,false
9f1d9b4bb5d6ad0b29bfa7ae06405eed083a2ab6,false
eedd4a188343c06c107a0d7288b56aceec9cd60c,false
f21f7e3dfaa2e098b531ab0f449d88770ad91748,true
0fae05986202abf0296df1a649b0128f07262930,false
18c90b3787e42b053b2e538a8203b57531e518eb,false
953d4f22cd36c2b0a9f36f4a841637f187b72b39,false
14a9b5a108453479c24777e44237c27c05b8d230,false
3619f5d88ba13932a8ca18600f8a1c717e2161b9,false
f5c33a23804488ee099b120882b9e8573ec7ab35,false
be4e5c4c6fe9958834bf5f29a9ef8333b277fa1b,false
8211d2a365e7c2c55a5a365fb018de1e41879d07,false
57e117bc1ecac646561c9618524b528afd9487d4,false
653e528c2a069d0807500d1a5096d622261b3e4e,false
9689e8c1d9e8c8c351a900d4263d9578d6669da5,false
e79a467cb6dd841b621e1dfe863533a4f7280d91,false
2a7b132fefd4c4940ba2a8ac02bf27f93aacb9ae,false
cabcbfd3413165cb871b06a50f00a6d7ea39bc08,false
630e9edde9bc0cee6ce21d5d458cc7fd8e9b2593,false
f9d6e2523ef546c224a382489ad33bb1db435b7b,false
b6c43c72b46ce1232d7de947fb7ab831476eff39,false
d401e7d7a05d321c5e949ec1faa22bc39fb0cf5d,false
4a9ebae39e2f2977fd1dbfab2f1720d3b0edcd33,false
36fc77c6da0e42f00ccb0976c2349dec5e90e810,false
ce0f57ca3b614127eaf2a6dc1779bafa4fde935a,false
bc73771dced1cbffc0b8ea42a11f92cb40b6f5e1,false
815e1deb6d6488658d442d75a097ac847581b717,false
ce691c750be263a014b6832afeb06a86ec9db93b,true
73d9276c97257239b0160967488ccbd8df16a56f,true
2439b012c2b00db706e52321b24bfa4d85f31e68,false
5d69027d334a5f43f5c120373c0e4de8b3ea97d2,false
f3a67414df552a2f2852774692d37283ceab5208,false
ede5831e459e540de2a09fb27801fb88c009e273,false
fe2f6ff40fe97b7ff7b170e4418a7dfef9b1eb03,true
4cd34b32b0aa8f117f12c7232b6fb033dede834a,true
d0c691c0988fb5088240a85a936baf0150545852,true
20824ab30b44ae19508f07d4b9e41bca1a887b95,true
3c7f83ad24fec72f0bb188f25892d9ce2d334585,false
e5358ce4f6c6d6746eeffb50803981d038350a55,false
f6c2aef4a2b855ccd00d327f98968e70c45ac134,false
7d507bab80b20aef264cf5295b324f5d1c601d0d,false
47e5249128407bf689ae5b83806f7979724a01e7,false
b8c791389025ee0badbfb5539eb1d61f8024fc4a,false
54d84b3ef1763fef050b67635685353541bc6b54,false
b09e1d5d0a9b26e62af0c05e174fd9b415b25ee9,false
ebdf314b9b37f413c72550f804b1e9f59eeb18f3,true
3de4474e9fa8b214dbd89b8b2be2b2d0c1a7103e,true
621eced20861466636130534aa0350e715ceed2a,true
d7748a97ffb2d9e1e98bca7bd77f68ba00e5760a,true
b8d63606753ba6ed35aefe4619d3d9746720485e,false
ac88887bb087c13de554d54997d9655a879129fc,false
13b906433d2b0ff1836acc39fa22fce71188c1a3,true
6f703ae5768b35345a49af3ddbdc40bbebbc83a8,true
f7ad4817cb43cde6be0cc75a6d39e354319b4e79,false
5aa2fbcf08f28af4375d828b29e5e2bd7f3541de,false
f98037a9046cc228e01ead1ab99f94bfa07eed0b,false
173f56f9d8a92942cad46ab205838092f2c0f717,false
ff65c5a677a1a4822c0697f6bce4417ec082a566,false
59fa4165eb7d5a5c31b4a1816edabf59db28d7b3,false
43c799208a04bdc1a9f055f7dbc88acfc4b23a95,false
e8c944e7d2d2f8ab13d312b2bad3da6b8e77ba5c,false
f29531c599feaf522830c72ba98d42634235fe82,false
3e773ca891233fde333b6115ccf56203308b52ed,false
4b9396aa40a89c7704ebcc90e6d64a0a0dcac38a,false
29e491168b3a2854c8c01b4acb28cc20c86f228d,false
66760f3991c6ab1631b8075a90b2f2779b492443,false
8b4c525b592f84efc4a2fdb847f36bb7c5a6655d,false
aac22f092196a8376d51adf629a3b92e39506006,false
ae65d097932451437c92908ffd3392fc8a4fc5a1,false
8beeb131d3eb49515c2a3e12ea7ad327c5f6a94d,false
dc301497a56b7a48d983655aa9864fcaff53717c,false
a4774f470bbd102b86fed33b3c2aa8f442f54396,false
d1645522b685f95d4a8dd07b57e84e1142c5fad4,false
acf0c661a0dd5071ead5dbb7443b6f76f7529e2f,false
68a147b34067a7d136c33df2d800b5fd283b689b,false
d0c1d21f2259cc4af0af077758dfdc02474b549b,false
bab3be62e573a119d480e5decc75a0b3e4eca141,false
b0a3032c41aee1c04f4bcc94a855071ab64e4868,false
4e8dcda767b85702159fddfe2e9ca4f39c9ce35f,false
a7197e7a6fffff729a65d3d299ef077301472ee5,true
f9099c4c4e6f58c4ef1326f41d1e459e98c06237,true
767f1d3ff5997c2663d6348d002f11b5afb199e8,false
bfaecd57e5eaf42408a1f1717195ccea1aa53d07,false
a7c5ee482366482bbbabf9b9f1ee2d3c590abeb1,false
44b0704282ce943228ce61d28de196edc4ce1af2,false
c3e57b0973398e30bb17eba52b78e60c8fb2de8d,false
6a5a35a1ca6635a8775e4c2b2bd90523cc8e2cbe,false
8f08c118b4f462c70dcf2e8bb24721f2473f503c,false
73fece1ce6f3998ed901e4f5a2024e29606c3c31,false
69181e80d173dc8c6ffb0550cc224133c178a720,false
177bb7562dba15779f3919dc7cc5ae9877ca3490,true
c06cf5f868b259284e9cffd497ff9a2f7f21ea43,false
822306b0344030eb07c17f03396afaa890e2c1b3,false
2f932059e99f6ffc5385e7776499a6fb8bd6a999,false
e76bd655859ea1a5df4176dc3a70bfea8b58cf4f,true
2936ffa53177fe75ea918eb1f9e347cc4a5f49b9,true
0d94c7e1af98485927cd07d54ad35ad9224cf7e2,false
6db913d297a196295f836ac23d5cbe3c6de04b97,false
59a4613d6e0012829764bb40129836bd54ef1d2d,false
21a0ee83581e68c8219e5de1e95e77ad22357101,false
696e0a1a40081c6230503902f318b7f38e3e7cbc,false
25f64a5a649bd7e53911d83525c91a3509afcd98,false
0cd126656de5a29ffba55ac56bbab1c847808ca1,false
588f71bdb0344589a7a4442f9a92f053ad7e1445,false
12c81692cd036792c518a51e232cfdb8205e095c,false
da1e3f0bbae233f9478ae4030b979adb43d08f4b,false
03a0863ea9a2950748a38216e558b17da59a8bf4,false
281fe1fb65dd0d98f725b1631b43ad273d493219,true
b9305ae7dfb22fa1bd56d75833cf4a46cb0974f2,true
1c505f962d067b4ecb17760b32cebee6c6b4b551,false
b80b03a63bc492592f8ebcd81411048eb2ae776f,false
63a12900e6dd1316d004638ebd1d64353e141d23,false
92ccd7fe6579b00bd17020a9761421d96cdca7d6,false
c81a27419fd2a0fa3e51db72224f012a3589bfeb,false
9f11962265bf14caa03e7e3da224a42cda44abc4,false
93c171151510097f64e964df762e59e5373b0af4,false
f34531274879ebe7bc48c8a179fc49dbe8b74cdb,false
ff6402bc467ec6c351b38ce641bcf9549f19e3eb,false
3ab0214f2b96e361dd0d0710c39923715fb1b1b9,false
a3192a8df53a057b8df582cd115a246f52e12c2a,false
390d6bfa6afa92b7c90930c4c17fac337777e8f1,false
11366febe7f1f38b19b6631142753426c0093b4a,false
f3053de99f5dceb241ff3418999447cd96e04907,true
f4cfb60b3aed5ba636a73bcaed2f401d09d16a71,false
50e943def6889c8cbb4f1399fbb69c543a770975,true
f6facaceacb5e3f2e5ea2aa483e620410665d656,false
278442fecacaecabe323572924c44434e9cd25e4,false
67fb2e2c4cdb3ac2896e10905a381a498df18c58,false
e10fff04fb274dc25142b16802caaf0ab8209136,false
b572d9fc1b19f22cab6cc172456ad9ff273692be,false
4c79895af1a947273e465e727fa8771c0e1d7bd5,false
78bb08c2a36c80e533e799e9413eb11a330be09a,false
b3fb4880af00f4917c39305d4641b4739135b2ab,false
1dd0a54a656e80d32f48eb5b020cea076b213438,true
84327d550373e59c1ddf3bbef194d501fa28e47e,false
719b34b8f2ec42ef78f07f2bdb053ed093c14f66,false
f551b8fa435828f3465d3c8058de05f0991864bd,false
a3a5bd67e8588eac6801a48c3ad1c943d3ad5b99,false
e3906797c5259be0e9eab651d6dfaa99c0db96fe,false
2eb3721a29eba46ef7898b76c673d8c52651e2bb,false
e0bbd84179ee9a3223240168f68751df99f610f5,false
01ed35c7af15ac970860734cbdcc51bb9d443dd8,false
75d4662fbac5a6be7d2e036220259717bc73f964,false
8f626be505db600baa41f124dd0adaf396879f7f,false
0af15696af7b9a0b674d78e4ed849df0c0181ee2,false
930811fca3e1c01df91a9820f8ee1e107c214c02,false
42b0453e012f60729e168d91408205e05ddbed90,false
57a83c261585a312c06618de99a6e798b71c17e0,true
774eb6eb3adec53b0526b5730e23c9b49c5cdc37,false
0a00534778707da327214834530c12b634f3c101,true
6d63a235a8448e4f90bd12a5e71070cf8064ebe3,false
dbf4198a0e40ff68bf7fd8a8468e24f0a41ae49e,false
8349ace4827973aae22184f08b5fc1d7f983e188,false
a28a7f8a88476377096903e8cb26af41a041b652,false
24a0ebba1698d400bfa139b74d45fa8f0ae814df,false
79524a6cd96907387c451914f92ce8e785e798a2,false
73cfe490c4a347003bf7c3daeb7ade96dbe771e9,false
151b4384e1f1457d70d3162a2a5e725373e6bc99,false
50bc0eefc42fe8f653720378fc30b7cd3abace67,false
43ff77e00db8bb07bf616c0db5c2d4478cb23a83,false
7dd55ce50000ecbcff44f58a24b6c0a44d1d5da2,false
9232988a770c0c46f94dfe742170936f9e06b051,false
2e00398cdfcfbfe26cf59adfabd7902ca266ad45,false
d86e0f2d53b57bb8201f62663759a29ee76968ba,false
771476ef670cda57dfb089552542819aee4d8fec,false
407a5bebde3530be55672665772d7d914eb2f258,false
78dd49738a1e6c3d6f1b4f323532a01a0eb73fb6,false
b10197e93e62fea08ba48b05286243bd8ba59bb2,false
bd81998d7d1184650ace039ca6a2afe5e2c7902e,false
3ce76337c54bb03645c986d9779fefe8d102f6bb,false
f2727527661a8c4fb014413075015503f5f20772,true
7d8589d1e5336fc45bb4d1b4ae094ae207d1dfbd,false
28dffdf60128a8970f785237ea052b212ea2dbe3,false
1c9b5ceb86f5a75b4da00f0fff92dc216472b2f6,true
530449a6c4914d5e41158fc9b689744b5d0a7755,false
6b1d65f445b0a8b879d596968bfddcc8b8b25466,true
665749322fe23cd41851b623914f5baa029f3f88,false
9a53db8ccc082bc856dcc66bb8c4df1e6f7690ef,false
9a0c8f11a471ab197ae5d7ebd42cb18d8d24e685,false
21db4dd2e1d64ff854fce3a9404e7ecb16544f8f,false
9f93a00ae3b132901695c7dcc9bfd7ed7e019724,false
552e1fa23668ed6890f10a706b6613a39b4047a2,false
87b4a2237da3efcef786e4ff93ea25e32eebb9e6,false
33b6ed0a4910e38785af3c79e65546b67a3d3234,false
cd23ecb5c3d44776f86a113ef24e692dbc524834,false
287b507eedd0f17e2cef036c9f1a7824fabe1551,false
e8cbd16c1b9696d60a9ee981f2efe61c4652808c,false
b93b480130b88de3e6828abf383ab78f13adaffe,false
a5e4b44be12724efe1ede7187f76a25d274ec33d,false
c66270479f86c4066bb778c67bf57115f56b7199,false
bf10940f2c6a570ab9b9af8679c4ff3b5a405860,false
f4c8428d89a6b902fb4c028e6f0907a12502a566,true
01b2ef24ed57f15cf30b33d29207108747aa9bed,true
df7569d15ddd61042197d83ad996c4fe7b882c83,false
a972a1755e8f299b840ad43c3c07d8630aca3617,false
096dee1563abb80aa680900b735d9dde9f3a0d32,false
7d5c9770c38031444d748305f97d3e97b1bf5ed2,false
6cd3dcdadc7c6cc40b328ac59120e3d7d2b18360,false
3b1f63859248b14220770111d76da925ea028c4a,false
ffec78cfca6ce7b30c1d5fcffb01e553c8e1f30c,false
751c32ebf97d08aa6cc8913ecce81d0f65af415a,false
f129ae639e180ce4f4d62be13846b4ae8006fbaa,false
2853b015821b5333e1a7d1d573f6b06a6fa472a1,false
fe3451273d92dfa95d98452946e126469ca49349,false
cd9622f46db7db2974c5668ec6f212eea06723af,false
066d9627115ffc330f108c6f90766b0b2651ae5d,true
a79e6125af6fcd25a3735a302585fc641e541176,false
bd49f4577bee5efd687f6c5e808b2a99a9a30c5e,false
395a917f20c80c8f4507a647a8ede92c8c11e4d7,false
65ec80c668cae1a443afefe931b212e49fd2d46e,false
4109687e72f4ec9e3bc61002aadc47f474d0ba0a,false
b30d38df8caa951dd745d646e6b53896ae3290e5,true
be85e38e7187658e124e770d2ed15aa97221ef79,false
405e8452dcd25a113d0187549e5d429fd4136789,true
e11d4f63e8b597e7cf108ff6ca6b3076eb06ad0e,false
6d8fa22cabd2d816260a2e8e877a95b0b2ede549,false
9a984847ad02f63837f2dc89c715225a16dceda7,false
3899aec42cf11c91b6b8df51e2aa9b191192f608,false
c7452a99cb6d5f859bf2fe8b116b3e28c6006a07,false
6281e0dec009d1fbc1681007b5f1e320cb7ce96d,false
6df066f31b0dafadc8a92e65922b02f7cce0cb85,false
b1df4c144762239b13a1fcc6e0733629d0f7ef64,false
7c6c71bb5d6a9384e393bffb2fca83aba1ab4447,true
c191ba3f981950a1c718ead0bda093dce1dbd3e7,true
a286aa1e97e65ea2eff9599cadbfd4ab8d41c3d2,false
4a46daac982bbc8672598214998007d81b326a26,true
cca6f870ac3b3dd7881dba88010020d64f530f16,false
f52991ad9ca09a83c1e72a60c8421e90bfb65580,true
62101d6ffab8f39b1545a9d7bfbb72075e267815,true
26d4a4563d06cc610828c1d59e52d426734de13e,true
3eb2dc07f57dceb1597d857b3c4eae824eee9f3f,false
0d581a387f2c2b089a124c9bbe78fe9126793a74,false
11042f9ce117c32b18d88deaa79fbd0e89224286,false
0364e6a00fb29b8898e317f279083eb6859bad45,true
9368ae0dddd7ad0db45bbc2c0949c4479a9c5373,true
8503e35b7fcc0465d7c1d78160fb0f159d6ce552,false
b9d4b6c021ffe8efc0ae238961f9076b4bd153e3,false
43e9603549950b16651628f4df5ce4a4e5ce148c,false
062cade1f4cb7defbbebec93d1b869cb00ad8899,false
8eb9486ed558f59e16367f359d4e0e32718650b9,false
c5daa9269525b1c5e54d44e7bb6a1b35a2b2b08e,false
1f132bb20198570d1f3da486405afe6a49885276,false
3bfff7181caa56560280ed3e30e87112bbca82cf,false
285df068035886118a6daf618c2949a0c9a47e4d,true
76e353ddabde89c2cf1b7abd9b006dcaa26260ac,false
e6dbf9e7fa4b67be7b04b4374889dcbbb34824b7,false
81e91ab3430bcb0aa7f2ba204507e199d12bd584,false
ca65e103f50abaf9a781253abc2e44f6f2acde64,false
bfd162b91ea21f54033271ace21a86ea3bca0301,false
da9db90583f1ebeafb79d2834f06aebd3b62a929,false
4b4385160d6070aaf7e7519fc72ab0beb7be100d,true
56d1cc5565472dcaabad9626bec9e96749dc8b78,false
332b9a515d4f053dc72b9106747c245d2aff3dad,true
ce64f8151e698c88008fc773325e4dd2ed8c8234,false
41d0b77eb1bed8780ef2e52f337576431db690b5,false
f0e6ef7428ecc2242e481524feccfa03a450aa3f,true
e6ca0998eee70193d5fe1dcaef51a07fd1588225,false
3cc77baeb34c608bce1a23c699b27efb484e78d2,false
cc1588ab3a5d13c5018c959917b3c04569b34a6a,false
ace3be3dfb6b9a8f1b2c8ffcfcbc53a182e1d4ba,false
ed8a62cee8c31d1f4c489bbecfd1f12abe0aa5f6,false
691260fdb291a66050656177f3f0415d7da19525,false
a7e3733050c50fe836c4c760bcc7196915b2791b,false
e5091ab6d640860a931665b9c04f84288d99ee23,false
a5c30c0dff609ca06454b4a76406739a58d1296c,false
6ced2a099e45ba2de019a398f3fd015f6f56597d,false
8358abe15e2cffea538c06e3894ed16df219821b,false
c88f8d6ee6c4f07a369490f22e04fcc1d39a07d0,false
7513a573cb6a25771c58056bc325a068278d7182,false
789b67d6979b799e5af1f2af7708bc8d09da7e52,false
0f8aa9e53c7d5ddd04ae0903265656a096fa6e45,false
6c9e9b71a56af1722e1ebb9e5d1f614495c8db28,false
966f8315771c798c24b8ff3d3f88856ba738e526,false
24d57c55663e4731778934f1f88e0ba336b76a08,true
424aaac0c07c3d1c88984b71babde8d1c55bf831,false
b2ab3c5560e68740fb5454b0385d0354faf42703,false
4ffc6971fed994a864d9963fdd46cccfb1748149,false
70468e4e04c42bf103cd30bf89140da4a11334d4,false
f5853faf382d4e8b548e279ebc50ee9fd3fd8eea,true
85231e8b7caa5beb643ce9adb66c66608197701d,true
7691e2386c087f2de4155bafe68fac8314ba3ab6,true
49de5a5443296501be832bbc5516558d5931afbf,false
1f3ad09b1845c75cdd200a2dbaafa2a0dfba7a22,true
28e96c6c034f11610022011e5c3943fd232323d7,false
6ad1c5f81ceae8792567d2929f71f3b7ea2abaae,true
90a433361c4b8e13b84c1b83cb68dd02aa032dc1,false
b01a6ca33905a13208982064ff69e084c4862763,false
3311ad9f037a290c6a539e57270e879285fe52b6,false
d91ecb15205fda6435d85ddf244a171eb1612670,false
0577c800af96eabd5ce37dc05f4f6d61299ca1c5,false
933705c3012ae0bf6f2ec02ea2884a93278d4451,true
6131b082160910cd56b61eaeba35162baf8d787e,false
e75acd38410e0441c0dede8913818be012866350,false
1bb28413c78367aa5f24ee62ead25c7013cd48c6,true
9a85fff3f8cc3fdabc0e4c42c41e7edb67f54e1e,false
f8d1338018e776bcb21f9e43bf5c450c77402ccb,false
c86bdeedc77ff08c68f314d4cef066503b819f30,false
4d72c85b2171684d74e46a9bb6bd2218eb342d97,false
13fb1fae12d582f106ce094c92de4395e2e0df7f,false
2055cabfa46b8aa87a81f80552700d28b3202392,false
b9a5e5d443a3586d228c0e21920307080ab8e531,false
0693e459964f95e44359c00ca5bbcc5c820eb6ab,false
8b407d8d1bbc3872ea3aeed6e4e46431600bbe02,false
466cfb297edc9fd92c1a2138392282115aabb997,false
75074e083ed39d21a98bf5ea45a6393c4b14d21e,false
487fb3937205e36b43eff12631de4cb05e5b43e6,false
2b4c3d9c75419be1cbb36adfd8302377780c67eb,false
0a6800155c3a336ac7f1459af5233abc3bb1fba5,true
a3464a53612f59e79f2e06ff42d2366983220c6b,false
55412558a983e395107371637967c999773985a5,true
869f29dd762c3dee335bc458ba9ad43c9e7bd043,true
3ea6993731195e9d6702257e1b72b15b087004bc,false
76c464bc998ff852e58c8132959189d0cfb75738,false
227e32030540ffda9845ef91fa7f5bd5469494a6,false
5d629895ed2b43709857362d7784942a9d9648e1,false
90e44ccbe9e24cba1f456a0c3b5988135409a8e0,false
b0e81e84c9ebf4da234effb0634c54061fe8d5bd,true
6699a88f1b6ab8e04b8594da695d75bdd1b2b5d2,true
c2bb59ed1acfa46d71f4867383c12bacf4670eca,false
275f20427ade7bfc029bfe97333898211a8410dc,false
247dc5e7312ea7a6c974505eb30547d679b41a13,false
1a5dc132b25e5b160dd1d1a1ddf8e06ca8a3c006,false
b78536c79afdea4be3489a4c057c80244506ce7b,false
31e94db6ce3454805170758e5d6e85fa3438f707,false
d0e037d88f8e0a3a3593fef529fa0639723d6ac9,true
ef97d31dcf1b6c4f3e0305b892e6c5b5624b82da,false
d20de267f948d715ae796ed070f3e35221a11a44,false
de91a15db6e238c04a59cf0d0ef1650964e76ab6,false
400a14f802bce2e4f12262b33edef99e1a03cc1a,false
ee45e01b1a0e822746927f50368d0a4098911e42,true
771f646445372870050a6752a1255d4ec2561585,false
13b5ac5ab7947c788cf5ce9269bcb70f5323d21e,false
6e354b27c783aa3a7ff252b1424af2e775cc75c3,false
1cffc9fc023d4d449f53f6278ad21a48f76baa7b,false
56317a495bed7d0426cdd27ae5b78347d0167761,false
176c69372b0ae52596044877770707e794143322,false
a80305e3f6cf2272f0868047e55778f7dbf37ac0,true
6328f8767bf2aa8c5ff0da6e834efc688a955698,false
38b54826519750f8564507e9aa54f783b1312397,false
b70d935bfbd99b659645087400cbb719f3860c40,false
4f1a205102075690e2a47e939b8d6296b093cdf8,false
727738e9a42ba25db8d5dde7d9a8ce2c61132a89,true
428fdc1d48ab08454a686445e0143b0448f2237a,false
cff3f8f2ff343b6e0d5f4219d7f09d6ac3e38b15,true
f2cd23683308d635efb9e9477de389d22fa7e0f5,false
15e9fe5ff0aad3fc8116289db9ac37ead4a22b2d,false
1c8f6dc4e07ebd4942004dbce09c313bea75cc20,false
4d0717b0506e63d8d477e231f4b667c8a9693dc9,false
a3b4842128f322701228311fcde209eb43922544,false
f8c9c4460ecc8912c8d2f3418b4331f78dbf713d,false
f853902d52a03fbfa928db6bdb09daf8c39e3b4b,false
5e74223d7c42cd549de35b024dd2f216528e990a,false
831ff242a41151baa045c05bfd9e9e4ecdc674a0,false
4ac72e4191641f7aff8d7085a93d8c6bb1bb9b82,false
9cc77d229e61069f8234ed272b34aea483781616,false
135a14605da9da4f5d8806bf8c48fca175bc4134,false
657215103a22ff22bd72b31613f6e635c0f1aad4,false
31162c43344fd089a73c5f6fa99822673d42095e,false
467245ccef11f74b92712dc87f6c4e1da187a743,false
cc238a5b4689146621fa56f690f9e9d9fab6de30,false
e1c88a95da7d6e8f7658578e60b77926f6ef66b8,false
556e99c13e4af330a6b8ee97db47c5b197cb334d,false
9792b3415ecc3d059509878814f21647ef7c3b26,false
f3bca808928381267dbb118843737e0328258d6e,false
7a3080248f56dd5dd643aa4a6310963992cee970,false
2e1b7212c133dda4964ff2d73963cd7d5f9a00ec,true
faf7eed8bb2d3c02bc5ff5af8b1c9a4f50721a68,false
9d4903080be9027df68ca142f62d23e541be8b7a,false
5c06f0171b6bec3b990ba5d71d261d668227a496,false
e5062f16c58fb42d0dd0582e752273da9a3bd879,false
51180697ed0a740ef50d50fcb7ebf56fd8778009,false
b23bb1b5692f7239826c5f145fe2b011eef59528,false
eb9d3ceaf51e2299517f337ffb1171b80917fbfb,false
4974f8bca65852c00a36a701a2973df4dafa4dc8,false
ff62a28439f221bc35300d96ccb67e0839b1801b,true
aaf9b4035aa76213c7a211770047fbf892773d47,false
735243b1ea8b186e0fc861987c4ec138d60d8c4e,true
6db0511e074a15f98d9ac9bd63bb485449e585a1,false
c3bd997c2344a314bbdb630813a03c69a4fff2cd,false
1247e96a5bef0d3a8c7097a05d75521b686fad9a,false
7f16e9fcf52adc001dadef353fdbd1a3cf164111,true
eb6df3bab845c231c151cfb5b8374e8f0865fb91,true
72a49d28cd74c13b004fc1699d701dea09ac543f,true
69c00efe82e93b66e68b008d60e8ee41ea7a7a8d,false
61ee58d87b8f50943f4ecf8842c04e7eb04366fd,false
eef8c2a7f30d334395155568caf94570345dd272,true
5423c1e11910fa2de28bb91c22d6447a5e7027f2,true
e290bf496b59305ee492f516cf2b1c313e4830f0,false
f39382a81e285db10bab4544c4cf4af3f1444c26,false
cd8cca47b4ffe0c59a1425bc7e3c66bfd242b485,false
dee81103accb2a1d1f5c97ed67b0ede29d05381a,false
62ed3d0f77abf94a1ca01f3f1b4abe35e383b5a4,false
5e907d68e2b64052e75b78b21923846567d89960,true
a0992d34bcfc489982159d188a4df51796f4acab,true
dc3251063619471514413dad9805d47a439db35a,false
aef3c7eeffbb80d0b8ed33978d303028440101a4,false
57baafb96ff1b5bc9a9c19ac9ec946f11b98dcc5,false
ae5f4fd1f3a249bbf888946364021c59a132fc8c,false
a653e53b00d69a35acb46042d33c28307960e99e,false
ac33d802be0b68dc39c7cf29d3fbb2147f8829c2,false
ea2a269c6a5f0fdd48252c9d7638d531f3f9d8fb,false
6270ba00bff32e273d02c49825ce45969f800d21,false
b55da4d981741ba340d3ce7d77d9614c604caa55,false
f8e64b2b795549da112baac2f4154334b68e709e,false
cfcfacd0f4a2281010df391f5518144781308ffa,false
0bb0a01b7769cb4dc870a21bd08c58f820be1339,false
11478df02f8234f78f62e94371ad3df2b3c9d9de,false
95dca31c7c2b67944b4bd8e11996723359de7941,false
41146ca2eb57d8cdbf1a5b06e2de9c2851b56ddf,false
696328c5160eda386de7a4476340d3a0ef4b5335,false
8692c3cd459b0b5fb8debe12cf6e9dc5573838be,false
432f0b4fd3cfd53f0f84d5b73771fe3e8f6de9cc,false
00948a8910c800e9263a8c3b51caf981904360dc,false
9b0ee0b39626d4b2f939015d4f9edb21f567e35e,false
f43556d95b315a62a335c04cc177307f7e135cab,false
8cd1bbf64641fb777f1c6a670e8de1f2863abcab,false
b25d7aa406f6da1f1ea3293afaae2d014a530d59,false
c3b8a5dae78167c1e8ba79d7aa57b84905fc9a1d,false
cf4c75812fb28f93ec6cdc788050ce6acb57bc87,false
957e3bdce5bf97a7615fdf65b8026be8182af1f6,false
8c0633a55f8857396d01d6ed546ed456ea83ea73,false
f13da264d8c07f6195b13010e281adbc3fafc3c9,false
e5e5f45dcdec059668ba938396e441f673b28740,false
6c4eed1b7c01b1b859ae981cf251899e7f3d6a8b,false
816c83c98bd573c3881f593394a4bd6431f687a9,false
5a1de30ab382097e949f32edab654e83a661a018,false
1a2f5b001990891f410f325e5824220ce8e72af3,false
c1294e4ea098abc2fb4144b37b312257b9f11a03,false
6d282a282d96889ea93e292dbb45bc1b405f96d1,false
d442c78e932a79529933d127e5358c7c37ccd9f1,false
550f5b0a1f8c5fd007a822baf6987e885aac1353,false
05bf5acebe4eee1689078a68976062479017eb74,false
ee075304a3d831f6fdd7484efe0167ec08201dda,false
713204006f03a0524349ad89bf2728b87d669f9d,false
07e50f4cdca9c6d4d65d70329ee4585e6d80b42d,true
05584c02b7ca24413bd410d856a01d95da645f58,false
e9b6c96d3f2365399d39cb054de4d097ee212e2f,false
079900b901df0486fb76bb82f42f07addabf4950,false
a3d728ba337310795861db76fb56d546e8431c19,false
15270ef26372f4e296b9fba1e56565b5a9737a7c,false
b7561bd741ecb6eb9170f2d5a14cbabd69f84140,false
89d189850c55d21a428daac2c3a53fc44cf097b5,false
662b63717681b326f8d605ac77e7e9ac1adcce28,false
6130e7691b13106c0e3a119f70cd75b573a3f0a3,false
871a777ade4fdc85f6a209771f05b9d07b4e9c8b,true
41d10563d718df76fb23c449d1910d128dbd22c3,false
1b8cf2c8bce1ed68516e7a3b1b6f445fbb917109,false
f9cdb21889d6a1873e2fdb0320e3d3dbc5af88ab,false
aea8c2619e891cbb107ab32dc8d67126165b57d5,false
c388b6cf0a073c77fb74631f8136c4464dc96630,false
f7dd3d8bcb6bdc60d8bb551e4ec24aa3a09ea0b5,false
e23788484fbafebed3dc6c0efce3468835a774cf,false
b1dc7c87b1910bb793a1c5e1d430af70e28e4713,false
5ad4546fdd62554c4e24628125f809c68a47e1da,true
1bcc59a17840938c560a43d8b2d9b159b82f766d,false
01c420bec3f123986dd3b7beec2a578ee3ee14a0,false
9e53f42de802c87b5151dfcef1d5b89bc2c11b1e,false
0c0e20a438efc31252bf57e5aeb82e4c05fcaf1b,false
3a1ad2201aac68bd40b8443bbf446ab47231f523,false
261e2b44654a426d504f642cac1eae1974d4edc0,false
a7624aa0fc0030ae999f9862b72bb5804770b2ac,false
dfa2e19d377d2ca8778d5b424e84f22df3603cbd,false
c0ead6eef22e2b403297f7301e195d07b45a638b,false
2fe3fb55fbb6bafc2ec0a06997887eba3b32b2a3,false
1ded83280e2420a94de31cdac2f182c393610e9c,false
81accb7fa32aebb796cee0deaa66a6a524bc0c30,false
f9db1a18fdfae5c933c8db51ff907009b02695dd,false
0858c9f10bc28456c5f8132ccadf98b95ca3e50d,false
e42355cefee87079bcd28122da4bfcea812918e2,false
76d321eedad9d3939040c9fab013a5ead94979c2,false
5aad00ca96e43a055593ff6d12e17e6bfdb7248d,false
79d112a56503edf0fd206de76cd938c748d6ec3c,false
b0b318b23a9f289dbdc12c9227709b64dad3437a,false
b694454bed2a12b618364c52b03f2cbc1d1aa477,false
c674da083f5697e6011c77a8800e8dc29eab4162,false
f8b94147c2dc67a52fc08efcfe11c54befe98df1,false
3f516108d2439e1ff1bdb1045ab3217f1fdd27c2,false
fbdbda4bffce0349692282362bc73a78a1d345e2,false
baf49e943ef6ab52cfcfb52a73394ac9c0a3b757,false
a41897dd8547d1caecc1ff0119522a6608c79776,false
71e193c56e20593fbc6ede069a2b3c4f4cbb504a,false
2e54b4806117c9a34247cb5ba8f6afa6c3b92953,true
aec5664cdd7b9712243e7ab911e34e076607a934,false
d16b821405b327f761bd152e6a77348e05d8d5e9,false
6d2a53ebfb7b0cb2901ea3f864ba7efc35489001,false
62eaab5eff0b0a5bdc2fb177ba8f2b9dd5928621,false
6408ee8f231bf1a762ff23f8e26c969da17e656c,false
50c93fd462e5d1e66478983e35b86ab543a4bd9b,false
9734fcf285869ba386e18133f59166bd3cdcd7a3,false
6efeea30115c2f6abbf83abc79d0185b846e5bfa,false
baaf59a20346a33adabd56061108d2161322c3e2,true
3d4ca0cb4967c304e9d7da8fbdf48a80b9b83fa6,true
df0c594556bddfc8671b29629b78fbb4e202ac36,true
8aa02f82c589757f43dae65e959ed41a6aefe1a3,true
5da8ee7ed253dcbe2b4ccdf2d9747685d7b01bab,true
15aa4ae658e42a3fcf88987524f60d7045bd4875,true
7e6f31a6ea0c95bc7870de41f156d328276adf84,false
35883f647f01f3a4f20d9d86f2bd8d09ed0aa353,false
ce97c380e7c9864a49ba51f62b6ac3482a5b5d8b,false
5a8d165a5a4159fb487202cbe57d768a787079be,true
445e40e748037955194f1ecbd63a7da3b1e4bb51,true
e6d5a3a1e03a6d677c97f49c13adbfa07245e767,false
bb07cec17f21778ce5efcd7b8803e15829e7837b,false
c3971f0ea62214b27ed3cda79076319acfcfc299,false
8e946e8ae420cb87fd33cb0bb54aade5fb074c09,false
c41b637bdd86273026a9166f537fbbf531caebd2,false
8a5bcc6e825bd5555c78f06bd1c3b21c058cd289,false
a59311e043b669cdf24f38b2aef0ee5bf38fc9a8,false
7df64a5d227262c956f460a76ad3fa13e38814f1,false
26ccfa6f8b713c7460552bc6dbd0906a73d7873c,true
e52bd5b841f098cf7364a1baa1d4a74a7ebc2cb5,false
14e4a05e9da5d6d4ba126352ee6fff94bb3d0159,false
f2159461511ac99e0f5c705019e353e7a76ca87c,false
cc593db488c8fde985863e8f9e51053af0296bdc,false
c68f71b5b79628d49b3bd57267137652af4e0a04,false
3e479bf838a234a7e0b86ec22d78bb2e4a2b1751,false
e64c40bdcb42e7b65ab5426e154e30f0eb9a9135,false
0068a6645c61cfe8628e98306f3476b70fce0227,false
a4247501a9458942faecdba0b930598cdc0c8297,false
f2886fc067d80ba57cce005745be1afb6010542d,false
2d4c2da0cd35bb635e08f825a72d4d1abbe62c5d,true
8d86b1e163d3f5bcb0c958316bc8b3d04a0153a9,false
42f674a5672a17a378c4bf476e69720046d225ed,false
fa5898dbb21db0584a39bec27832b78ec84b7382,false
da69def5a60b28b048a628709f3243513ac62543,false
05ae0ec6f75fc99a5e56b6c421be6b25a867613f,false
550f8e575d864414b6d039b19a6d3f8c399b35d7,false
2c60f6f7b221cd2c56b043c070c3fab74a79ebeb,false
823139f2b0efe0014192ac0f5ac2e0dbf658165f,false
f2b0aacdeda59232fcc87ca49a3e5a56deae7513,false
e93433c18083a951c5801abc480142caf9e0a7e4,true
b79a13c0a45f59be568f8b42677f7816182339bf,false
f550166810c32a2b9b204aa2ff0f0cd0497737f0,false
1d7b9e4fb8c449a59da20bda30aa11750ca43013,false
f507964d56231b8e9154b8c2d5459997b1adb6ab,false
9458d3e77ea6e77a63a1beb84e9207ce6b206f25,false
0a4ff42ebae04c66847a19bb63e66c23a1ae14dc,false
cca4a4ce2d5f2185aa1566ad6cfe6a07b78cbb73,true
1654004aa90ceb1ad6483a6c6d73529a19c45515,false
3aacb2e73d5479d683adacfc4b84d8c1ce9ec4a4,false
b3e8dc497ffb8294740b14c2a172f4f0cfdd324a,false
071538f647ed9e317d803e1c5b7281179447d1aa,true
2dce6a68b552c58cd612aa85dd9391c0f7d44532,false
de78747c4eb150fc78be00e1af80b511f94b4d8e,false
584a5f4bfad4b5a31ca1fb327113707158369e3f,false
64c5559fa2172a59a0b647efccb05880a771dee6,false
83a26334c98b39a496580cb21ca4f96123fd0d09,true
661c77455a7f8cff15edfa82746bc277622a0d00,false
7a93b25b6f1768e3a0a330cd6b740ce2a6f7a0d1,false
0ec31e0bd8588c53e3c3682e713a52775e01e96d,false
155055f56192d6bf32fed7e0bf9592105426e817,false
70fcc167565eeba6d182bd4694b86f5776c45238,false
9165d40b1aa39604fbca23b9e23aa4a1c85f8602,false
f32391a7930dff078d5866bdab45a299577583c8,true
e8850c35179a984d7290b2c20c2f2dead2efd5c9,false
b7d93b01f015164d82cb9f1571958896d468ae13,false
1cde0ce49b8436b2ede819d2e13dcac929ac84f5,false
776fff07ec4299267cdb94cbb4bd60414cbe4c25,false
d152fa4e9e1e218629d7a96c10d724049ae7020e,false
f7c11ccffeeafb1d454f38a849d5572e4350c586,false
8b6ac0ac21ff12e3d15b92c092536a4e7e66bd79,false
a54835e65bc0c48c2a5514c2fa27abc7129515e1,false
11032226e831231c630f9408cf88e513f4f6da59,true
98e9d3f797d1a1a1188b16e5e744834ec1974cd6,false
d2a1731db6ed2f0e7b90330d8bf0e041aaa856e5,false
8129c026de672b452ce2fc9ed69701eacbd13dda,false
33e20701a7f388e86e8e32f45a14cebd7bb1f00f,false
790458bf1e8f278db7315b1366f450c2c899f68c,false
ef12f8f42298a36a88fbc7bfd66ee59563aa3eb9,false
6cbe08fcdd8358323cdad4b0ec23c0a9655fff81,false
05fa3e8400d56efb1a896e88f8de808b0e364c2c,false
f3ed8f783f4826db7417b4fa364d02c7e7dd5147,false
af5c5a02b1f6dfe2ec206cba66830a331aa69fe3,false
120a47c262eebeda84e17c9d301d8f4b33044d4e,false
8b27a34cb50107c116d6da3e810f818a7ef7a3ed,false
4dab7caed43c7468b26e3ae5390a3b8c6a57950c,true
3c81ce3f7c6f06263b0afffcc92c6f286184feba,false
1bfa80dcd6d1aa539c08c2f4d00dca35ac1b1313,false
f8318db95f602dc179566432e11860292b2a5f2f,false
58eb647f2bd050e6a4f7264dab4ba7f5995beb7e,false
f20d74685a622602b34a049e50e368d8ede555e4,false
ff90709c8921b6777e9f3b0e200e0c6378955020,false
c372a8e76d2281df745a8d7eed8845ad835b1547,true
97ff28b51ead686bcf5eae96a34d52512bd2c76d,false
bbf513f03c7300595737727961a6698805daea48,true
f199e7c624edb902af0ee4be28b0acb8c81f7150,true
800a8692c68a81408c1337e564e8b92482cd9ac6,false
987a8120cb752b009061e323bab1723906d49911,false
6e2b41197e5800f5a65e994c3399200b12216d48,true
569ce614639f7dfe7e3cefb49eaf62726897f00a,false
f6a38700685fefea0018c47d9ffc51ce0bcc2495,false
25332d2aef70d1103867e48b6fd4fafad451c936,false
cb2befec7d4b209176d38f98281d10cdc02799ba,true
006e44b0f600c6e0f7f1074578aa5d19cca062b3,false
d9a0bb1ae34a3257d377ead50e4f1b01feced19d,true
9ecc4a960cd8493640f8491905b602197e5f8a78,false
892b9f5b3f5203d96f3ab0aac527c46a52188398,false
2cbe9781dfcc522a221525b8816d671b78a5a60d,false
5551f19745eede31717ac63934b80576ab323f48,false
64eea0e1b9e15c96661b13c86023d4c9ef67bab2,false
6923e646516888e0ce0b15b78bf7f0c1beb1fa4b,false
24004d2eacd2d2081132508c008f647a8009ff2c,false
df6f4d5212ab955dd3d32ce1e029ffd00791fa2e,false
7eb3e5e673601567380316347f43afba6f93e61c,false
611e87f017b5bd84d60851f01da51ae22ff1f387,false
3a11745272a98a732153fcad9bf85951e6a5229f,false
3de012a31d5bb8d07f7acfa2d324b191a307d14f,false
880e7e802e573e01deb14b688da0c4e703ed86db,false
670d8f01bc5446b7bd5f74209ec176f80b16b315,false
50f8ac330cdfc29f02885e044b84ec6c559753a7,false
99e56a4e3c5ad3b28d591e0d8a6a93f6da49f153,false
16506330b90cf02f1ed808665d0e8e2c09f77ddf,true
2b02da48b3f85e0ae92c4842dbd80716b3249889,false
328f92151ef8be46b85441eb56eefa944ea61b12,true
e14dd9a5adb0ecef7c06951ed76408f57943c487,false
6e4d9e2eba23aa00675515127c410d5efa247608,false
aa79e7e74bfc4fdf49210fc554fe1847bc45da2c,false
e720bb89a5f678aaf949b228654842ceaa4d3352,false
cd827fb426e95cf0b044d078cfd08e5162bedc68,false
3a6b63e79293e1a7793adbf3810924244378a683,true
46c5f21a40bd4e1ecfdea45fc77af55237b3f82f,false
f36bd9ee0b25f6ed92e6b8ab29745d8cd91262bb,true
3777b752281a4b8a5b07c16bd38d0a96cb650b54,false
d11fd38dafe68194ec5d458c7d35ab06d85c70ce,false
9e7e5edc64c0616e42a995c07de67dd9f7f02545,false
55565dac2ad961acdf04df06d94adcca05efff80,false
3e0b1201e222c7650035c721352c92f4dc356898,false
98db4dfc2c4a11c5f45c83771b3c55989ccb16c2,false
0b410ca563c3e70443d76c13565ef754ad2b7332,false
6c37cd5587f53361acab8bdb8f206cdd3b2a9263,false
066e6aa1642688e13b647a4b4467f46997aceb51,false
beaa0d79d6915a3d277b65cb76d8d9c17a402911,false
d69386ce17828c9326f9b4d0c3ff6c35efb10a71,false
83731e8d408fab67e202c9d9251ea613c6da45a5,false
f77a5c046b1be42d7ba865529e3fc2c5ebf27037,false
019cc624d08d8e7adf65ffdb3d6b81defdb3941d,false
51e2713ad93a9415e64b6e72ced71334aff97eb6,false
a2880c007d1b077bcc23a1a9ec7e5132142537ca,false
c4fd1c966269fcbe055d08cab9e534c3981da2fa,false
9d4c2110fc4cf194c666f786da0fb4087c599964,true
39b4ef5149f3cb449197f2857d63162eb206bb67,true
049790343b31ac9a4fc67aa51edfc6e9346f12b0,false
b11616328274c486bb8d0a42bf977e3630ce1064,true
46def539b2f9aeb4444b77a0ba3099a169325184,false
d6d8095eb80f0f2824b6e1ade40dcaff500da8e0,false
99486b874ebc76fa56e45acb9a5124092eac5e20,true
b661e21761ab05ac74cbe0deb888b06c4ce33a28,false
7dda5a79ed920bceb92eba4c2e479d9b1b365aaa,true
75edb27fd1e8a2d5005f88f4f166358418f8ca82,false
46060257f33271676210bcd4d46b5a59d2f2599b,false
0ced3f437f3e38df6b75488c2f9523e12b85cbce,false
3794b078f885d2ace1708ee6ccc6b937d22cde05,true
02c378d80983d5e6a152242a77f13a2eaa5f7c20,false
304c66965e1d62adf18670ecdd4c237956985609,true
1e9e0c478dfa044c32b065eccd784ab3add0f102,false
e55eedef0b8e66e03822862f45be8aa2f88d732b,true
cf1e25a253aed05c11458abae0b509c4bc2e9921,false
edc4bcd5447a79986c4a78af9e9ff83277f93e00,false
66139ce3491c412c60bd67ebd605490de00741b7,false
b2fb5cab7b050151e53a21d458d09a884c7e1d7d,true
d4c2a4017f7bf8cb6423f9bcc33c947cb545c7ec,false
9297afd0e4b3fde796436b6cadced99450a29da9,false
af7b306a770a86165e6823b084b6a503197acaef,false
209bedc3c095435a5f33b578d761f3d725d1d650,false
4718be2970191cf0b507468fd879535cca8fdf48,true
aa29485fc55e79bac9e110de5ec0b5ed6e20b065,false
4c94712c83f90bb5e500f56be9ab851184f50a54,false
02cc2a20ab2354ac776f289fc3391ae5075ef988,true
f8f101ba4c931487ec0c414776be24f0fe3a942f,false
306b26ce5d46aa4601ea1c92b9e3848fbe8907a7,true
7ea273d553adc2096ddc8889800deab732c79ce7,false
95239e0b3fb045c24a4cb17320bc5c794df84897,false
57615e0b5d76b64eb1af94770fd22c984b69bb79,true
a8b9929fcfcea4c80e279916fc0f205966c52000,false
31d0126d48b4096fccd68114371101b34ee47f4a,false
0a03b693274cc431883316673ebc73a5263717d6,false
7aa3071b954a8b057924e9fc9cc04cde67649c4f,false
c15371a1d7808ac18121b91b3918ca35b8853df2,false
87b68f8330a4fe276b56b12c9227115db39d5cac,false
4a5585c3fc0e862dada0185385db44eaf4bc3a2c,true
f7f78e249a62e8bfd337450211e59a51ce1be612,false
ce4b38340aa29731f5bb432d3c2d3ef4883b89cc,false
47ce79aea2862e398a039344238fb0d5591c9f1a,false
0a0eee223ebd5191b18bacb8fa2bbf162092765b,false
bdeb10d52a03f0ad64a478765013d051dc372fe3,false
667821314f98baf29027bd257ef741c4a68f1f2b,false
68c204b32f3cd5cc3e0c531614d228c30ad8ae57,true
c93acfddaa5a7370a1acedc70596f7d5df90ecb7,false
032f87da50abc87a6dfb4207cd293540a35fd543,false
0daab35bde36a1a2095adde973c57970a8cfe91d,false
661a529d64374c0f0d48b64e6bc2bdfc57635983,true
d5ec196efef489de78c8a36f222b94e7a8e1a84c,false
fe496f8d13c12b82afc324ec89430ca0232cd5f3,false
fd43178b231b55d874e35b54e1ee7ecf3dd0fe00,false
23831acaf15462b50e06dc2e4d7ae7d322bfcc37,false
a11bcc1fe2951f91615c30b2b5c74db080ff8749,false
31c9abc67f33ae6faf6f26f0bb9a2353d27894cc,false
e097cf4d129c331ea4e79e4da50891ddce44254a,false
dd2c63fc50d05eff00a515b0fa37643b898182c2,false
1829ee75bdb4f12a7ff7fbe77ad31c9a3d016af7,false
4031e1172fe34d6eeb69e9535e30f8dda386b7c5,true
e94de722d04cb09765c6b3ee589143c3ab3a03d5,false
cf3ac458784def615576f66c2100b9dcf9718fd9,false
bde939b1e5f5b948ae4afb39d357e23661f196ce,false
386dcbe30b4ba7699ce7604d2bdff07deb887ac8,false
37327c1fbf4311a7bc39fc14724867c2cf59a8b7,false
9e9d47ffb612fb64344db3a152164b9d90f4006a,false
b35ad2f8e55f69650506de5751adebd596189e56,false
352192c8f09c3fcbf02199715c0a7c810ba91ee9,false
14ced6d91625e20517e4207f7c8f02eb58ab814e,false
830f966997f8fe65ba2ecb727e73c287baeecc2d,false
eb30ed31c2038863b3288a83cd07a56bb9f97863,true
70978fd0a0b0b704f4171685a95979777263e7fe,false
e056827b074ac6b425b6548ecce7470f6f25e22b,false
427e724bb4ccb8602f0befac139b47af1d44f2c6,true
0af891495a32fcefcf60a3a00beda26395b0f371,true
db3ca14120df9e978af768b9ccbbb153359f9400,true
24936713811b74df33d4b4b20bb9816e26c9fa20,true
c4abc6d12191ef185c79d64f621d540b6a469130,false
ca92970e91464d66bd280b6da64ebd0ab76fffb3,false
77ac84c51a450a09e85ce102667d039b3d1df19e,true
bc6a2688940c537320c7f464bfdaab7ef27723df,true
2f6b34277c88e6600a131a45fbb0baff90a50c28,true
4a972626493073d529e875e5d92d0dbbe2fb9c8f,false
299d18a9044576610a6a657b08493f9a6d504908,true
f081fd2502f7e15cd90b67e7e3bff303ad92c325,false
aca4daa9d96fe20172fd5fcb52270a2e10d51859,true
6799a6aaa53d39137e6973d0934a6e176452c637,false
d5a192d4c4d88e39375c247185f188b38c90abba,false
97648d02f4198477f1ccff378c893ff94df53f86,false
cb8aa79d2ca3e8ec825ef800ebb14cebe0857908,false
4b64c8e70a37029d46d476dac61291e79a4d816d,false
378a6906932bfa88f0e7d26297782667a0f9c54c,false
f1e3f4a24dcf0b0d413017ab178ebbe133acc09f,false
0c85af787105457be600e104f14d294e2649f8a2,false
40ea879b5eccbf0baca1c2240600e6c81d5f7219,false
0e4c1e0c4290b9ae26210f387206f9c1df5309b8,false
d77596ee8fc647620d092639c2aa5a95fbb526cd,false
21b5b830561c7747ed47df5de582548e533e4144,false
760b69f69aff032c8ec1fc77b6763ee98e6efcb5,false
8e28473f203eff4ddd31cefb7f820b726d0b3288,false
5e8cab5c9a0187db90479edf2cdd52bba6c0e030,false
aef7d596824fb52747ff7f758ebb646d2b4df998,false
820e1e61d4cc397cc53091514813ee8aad497abd,false
14d68e0407b4cbd98fcddc346e11c833cefbc818,false
d78d9978777143b77472c15ece40b6e2a6bc766a,false
f367b16eeba3d2f67f6a74a1184523e847eed0b9,false
ee11b52b924c3feee92cb98cc38da92b16aa8306,false
2eac6bc9476d783abb1ae8c4997c161541685575,false
64738e65057c8a06e7863c499229fcc15ea88f84,true
9a8522a6b220fc8933bce614f34cbd23c3b97eb4,false
43c655c8e139bfdd7bd7473cb9d6f2082f711fa8,false
5a8ff1871d255b5943df4e1bcfeda20ad8287b8d,true
012365243764b8dbd58c719acb7a1f6245026226,false
ae683847db90db207001640dd0b1a69bad8d9026,false
67286e8e11f8b31f0679d225e3a20beacd87091a,false
3e2cc8e0a4172976b8c37283f865446405903659,false
2525acc41caedbf3a71b3cc64c7049e7a2a7f337,false
ba2eb0fafa6283f54461f5c3dd9ba5d6b64e3c4a,false
34d079e4e358a386d2c086b3ea064c553ad1719f,false
031f412b0e2e0ee08edd97cd0225ac740e14ad1f,false
45f622dda7becb3fade2999546605b874fc3546a,true
28b058f854e47ce53a18281bbbedaae0aa6c1c06,true
42d2a74a90ffa09859bf43086fcb4905a3677396,false
c0ba07e973b6ce7109c4c8dc3c48b87e98345147,false
ac6ec7d1405fd81208cad807ee7a38a2b4f5b84b,false
edaab494da07035ab258f01a3dd13c3dcdaf0c5c,false
c05442e5a8d80d72e52b059eb0fa80732f2d58a4,false
241edaa38a8b55e18da7bdaffcb97e08e1ac8902,false
1789bddb1600f2510220b54de7ba0423756c871e,false
d05d3e01a60fd675cd66564cb2cffd39c07cad0a,false
78c65c6700119d2c282ab6bce1e55a53ce1fe357,false
ab252c700d5b2b630669048be9d86a81366a7122,false
293b7783ac08c312d23873b628a017ffd7eefcc7,false
166618959439024fd230f2a094b4331174897159,false
1d12179138e65daf67eb2395da3728f9f6db512a,false
409373a03eb87c132e4b26001da9de00aa904fa6,false
f045e0d64248ef3b71059cce7fcf4ed559b2d651,false
4ce3da6e035097ef6a27a419d54368f0dfbfe6bf,false
26486ad1df22b47c41b38951affbebde8cab56b6,false
d54e32fbef5f1762d23feb708d53127a42bc2a13,false
f070417ed3ef10c3b54b0be090f681d90ccb7947,true
a8bfbaa627f6d1cb84c7e182ec77fc8598ffce63,false
1b4d249e6ed8fab09a9982018576528844e2b048,false
f98dfa314961a99200d1361db5e1ba6c43506c2f,false
dc82bb0a01db9486f94b9ce4721db7721a5c2a8d,false
479ff8591bf05b5ac6466d70d6a175f6f5f93086,true
2689965b10f29cd861a71fe3256aea8cf1ee871a,false
18f675b3b288fbd4b7b4e030b9be9861e222dc3b,false
cfc56e6e7d261594c5cf5c3f798f232b21ebb6a1,false
89499652d129909bab86b9b533d8abe3ee13e7af,false
0c22d9f026a4052b85870b238dd5be34fd60cc44,false
166070f2444faf1e5eaaf6d1ac1c16095ba38e85,false
4a871024f94f8367d60f80f9a11000260102f854,false
542aaa7d05247195230d6258ee30253b66af2ba3,false
503c237ab885dc6309bdcfc7c7bcad3d45e98fe8,false
666fe2a24d9d379e032336694e0b6a40a2664117,false
d5914a96564f06be8b59be32b20a7e7e098bee4f,false
fea71e2e515d25d1f9f762e11f0bdc65e7ff2247,false
0e4e5d63606a3f98d4677bbf24d46bdc48214440,true
271049e8b47797f1a96187a07eb8d025792a3377,false
4ddf6d87eacf6c1cc6fe28a3d3cf9dfe2b70d6b6,true
c0931d91d0b8aea4555e1c2d1e0cd44cd274a4e5,false
0ecfeb280bb259102f1b2a4700d3e258b249cf78,false
7cfbc7bfa93a595a2de31e2537e8bf3584025439,false
431711d548a2a98cd59dbad43ff55b21d4781a57,false
b0e564e60fe4568b63bab35411e0a396bdff91d4,false
6cacf5365232128a55b71ba2947c8a9eaa5a08b0,false
7640ca20862134db03bca96f4f42cc1a0e7f3d18,false
c2c0477e3273e887bc338f9936f6cadda1f4fad0,false
6770a2f17325d4cee6cc227eab9a59f1088bf1cc,false
65122ed7296927cdc1896d635c6ce4bbcc9b6e32,false
fce193a39288c8a0f2dd2694465bc147f867fc11,false
331f4fec3e2f5edc868f544c84e135d08ac72b86,false
1340b342882b34dc3d71d11929b8476f96c4e01a,true
e4803310104be93153b4a5ec2af8576451046d56,false
4cf9f261c7ee1b626492915671e1ba96bf5ef625,false
f657f261976fc8d3dd81e72d33d18d216cfd828a,false
33d8d4e8acd27ec67fe24d558fbc3282f98fdd8e,false
6b7397dfaff71f726a50fe54d10bd30f75e29a05,true
cf1b32f31c97520acfe05482f44e397764f729b7,true
5ddaa7f0f7a441c2e725d97698ba1dcfdeb1e478,false
b15a136e2667aefe03b8b4496d050c65d31e6946,false
1524a432411880559f60abec03221fd761ec2410,false
18ed5625d22a3d4eaa0c04c31d106b6dde75fbca,false
76f5234119f438cfab4e825dd3801db6bc42a10d,false
79ed4c56feec1f507af7539715add450cbf7a5da,true
6d1ddb6634ba628e79dde7eeae35ccc9adaeda60,false
d45e4f394381479e9994cadb4e4c9a44cd246c4b,false
7b5dd3f12016636d5dfe059ff9adf362998b9893,false
2b727ea7fdabec43680880ddd9a5d915f14d86c2,false
8c78a767aa3f052cfaf22f00f4296559c2810d9d,false
0e803b177f243843d7ade2082a88ddd3b8b5126c,true
262903998cf75e592fb19fd84105caeb2b56920b,false
74cc9d785ff965c749aacd76405e4089f78102f4,false
71913bf042f06f56e09f70b11bc68d8b8ccd13b6,true
6b95c6942a26c57e950e8da12abe9ab6bdf78d1a,true
72d1aa36fefb3695ba1f0f1269529cbaf0860881,false
03ae072409649a269ff6488647b86c69c7098c67,false
bf9ec1757fa4b23da52cd887eca6fa50376884af,false
5308503d872ac2e35ce090330b9a82d1de51971a,false
c68442c115c2f9a178df4139bd5c95eb127ecdae,false
c69cb67a5b0d688b6f037b72c726045383fba3e2,false
e97a3dd95609e24a8fba87d506c423ac51683360,false
574eff4beb3a623472ba5e57d042cae5304ead28,false
fe13b922e3f0929d0f3a1692c3c77a87eb6f5c66,false
189186886076df05a31cc9178c982ae52cf2b86c,false
c3f223ddb3788b932ab2d8d658ff256dbe267802,false
6361a487339db83a1bda7cccd05ba5147be2261d,false
1e227709390fa37b40a7c7ba536ead6a475b20fb,false
3faa230b107c20dbb410411ce48f0b2f3f2ff59f,false
8f8c6bf019b886461e223357b38b930655afccac,false
d0218740acd2ff1c4f6413c8d699ca622e9fc1f2,false
55536ee4d5b860d559c3c690e20e9a5417801d91,false
711d8e798fa110f96d46fb30ebdca39e94bc6c32,false
805b76e4656d30f17a3d95260fa9b10e3cebc4df,false
5c8ea8c23f67125fbafc6dc79686544bea579940,false
9c114515a5c99cbca871dd8c2a7c48cb1374078f,false
4ec7128da712b0f50888561fc12fffe0ec4d6ba7,false
7deecf93d66ef2f243410ce45db30f6970b203c3,false
9fac0ef1d120d8b9c87cf6e954c67424d743144f,false
fba7a48c451cf6d0d714a143c4a222957c6833a9,false
c3a3a76cd99870c3fbb8206671154edee0c66d5a,false
97c45650c61efa4ecbc77efb09ec6408945329a7,false
fc56a68143165fd4d040d8f1737eb7ce8dc5a450,false
50fcac9d9849b77c8f1a2ccfe276c16e3485ef44,false
f31a899b49974a5cf1bde1921240fb534e070a61,false
230995ff1b18302ca3848cd92548f108857206f3,false
87218efcd328899304089807dbf66648608f738a,false
a2ab2d3cfa518f669f2e344d0a0cefa1fad9d5c3,false
da6db36e312bdadc08bb4bf260a3a8f3866f4c08,false
125029cb0f2eb3d3833e83ef26326d11283a3b03,false
3eed33941e7e8fb4b2b7d6daa37ad6630cde8c31,true
0c2a12180b2db8ba5e3b161f539a718e5c907433,false
4c731636e92632c064a9ae6e968ec52707378a1b,false
1e4ead7823455549539e2c2435722aeea598d6cf,false
ed39e0a6ac2fc10c5d9cb16e1c85bc8ce2853630,false
ffbec5230e9d8afd1f9a0723296728a743d584d5,false
9747adf017e050b50622cee308b48801e0b0a6ba,false
c1062d47e69c7d0b66e9f87eed9ae679e7d4ae46,false
0fd329d211f66f9a2bb1ff9be30ed01843fefff6,false
146dc97532c92c829702549b74d97bbf035f1fc4,false
c942a152894f71addfb555b158024a5063f792ea,false
ee77c33c52432dd8617cab0e21c03afeb4ec35fd,false
7c6bd4e2a549371a0b4d7e96680fc990530e921a,false
7bdad25341e489c1414020bff231da4d639018a7,false
68b20f4b7b01d7445a4bdd470532692cc8e4adf1,false
cb3c9704ccbc80c1fe7b3d2a0ddf61da950beee2,false
8c0a52940d6e1d6ef65a16fa0223d25c316293c8,false
c907bb6a6c909eae41c69541797ba30d894e2f06,false
3a34e9ec075864b368e64b00108695bf1798bbde,false
b4d386d13c79ace16cda963e34d4d9c54664f00d,false
100ea0fc8a57ca4eaf6bbc019408de461512f71d,false
b6cb8e77be3700360979e40b751cb71120a9d64f,false
b2f65c001445bbab75643af2aed8864684e1798d,false
3c4517fc1fb2246cf28e351edf4317116269f2a2,false
0aa82c6b19a50d6961dae4d3f887127e4576a057,true
7c7708ab6960ea2cd5904d620264070e74b8d5c9,false
d273cac567e350fbb9c01f6255539a890e6dec64,true
b476755b168e129ef03f1637f4aacd5395c06c6f,false
5020a1316a777758d5a48f9c8918781166b1eb1c,false
06b09b7741eaf6c56ee22034eb0e9f87135f7879,false
e592a44d4feda6d04a76a79ff1af279fb4885d73,true
91c89892db89639bb84512d7dc5a82eca1ac99ff,false
c627b2ff5bba26ddc57bc7d17758f8e9d62c3631,false
b863bc54e1cbf51f51d41cf6d40eaf7b3f0bdcee,false
deb9a608940053217689e935cc7d1a372f663b7b,false
e0c0e8eaccf1da86a61ab4d1ac68ebe39ba1cbe0,false
fe4117a382d2a1825844304fc1b3c8a85b9b2ce8,false
dc1c6cdff87b1a478c04cb46141ecd52458576da,false
66fcaa78c13283e75291f2bf3e92a650895a760d,false
9721eb9432521f6fdfe3b40558b97ff146bdc77b,false
16174f7479181d75f8990ad10bd93cebd7fffb2b,false
d04352291610030c28310bbd3178cbf8e3678e38,false
bd39c56476238dcd38affdfe57cbbaba46ce3ba4,false
206b51bf11527e1aa5348be18c48456fa6e61257,false
68fb57e2e9379ebf145103def6943d39f774aba6,false
5389d0f54a5e6427f8d6da7249765187522f9e98,false
a4aaa5d0f5ff97131744a68acdb54761a1ce94d3,false
621710b42fb6056eb431fce4e177cb7bdc320ea1,true
9d92f1e391af543710e68cc9e7d5f976ffb01df8,false
562d105610ba8962a162a79ca9569309d6bce53d,false
138728140d1e6834a8e6ca73c1511e4b5c7a2f84,false
f1763074edc48389bbf4b598109c7ff5daa16eb4,false
ccc3b0fe1cebf2c734fec4359742450160b120bf,false
b2caaed8b6b0ed2d9a130cb244ce01736976b93b,false
d6c6229902da2eb6f055368856ee0d2e55e37b4e,false
43a5c7ca1e2ed0756a1e09f2503eaa3d18ea5c36,true
10b54befd654365edf1df612876a3d2417456b63,false
69747d72ecabe178bc4fab53511a144ebc98acc9,false
924f9164f3936b4e398ee3e828530f7bcefd74b5,true
bfe2c900663b0642ae86cc5ae4eaed4a2a3bba61,false
a41c76ad075d3186267ddf16a03682627a66bf2e,false
cdf0971b9f74dd8957969fab639f09c2c37de7cb,false
8cd9b5d039d836af913497f7dc89617199df12b2,false
1a5424136d677c3dd93fa060809edc1063cee180,false
2e4ba8f70d044f751ccfe765ed3cdc7cdaa1888c,false
7ec31fbc9b361d269a3f617bff0b8888f95a39b9,false
943b47e55975c8cc3f6669050e1466c103c93a3c,false
0c8576431e021f499b6dcf84dfd9484279e30b66,false
6c7db8e95c1985895bd88e5296194b87bcae6379,false
11b8fb524c8eb19a26f12fcb92fe72089bdf3768,true
fcca77be63d7c23377429b68dbaeefef1303c773,false
623f6d5fd9d974b470e3469c9340c6d77af127c5,false
04cd8986d0ade8a35053a12b90a84d41914871ec,false
9760549786abccc2edf1336962fe5cbcdceff7ac,false
866cff11247b70b252b250956a397b251c389511,false
063fa80b57c314eeb8366aa42645731ee7f3cf93,false
e966532c2daea4eff6ead147a26994645cbe473f,true
73422b2675f1f31e7bf155db8b0de2aeabb4b83b,true
e0ecfac88e7929cf066beeb6887ffef2775800ab,false
05a25c0ca093e4a3267a432f16cf785f6bedbba6,true
efdff57ee844014124f7c7d34c6f3e8bb2d0a60b,true
2d9fab150de05a7e8b12582a86389128839b2ccc,false
0ee41183b1d30ae079ea5b060e620010185b2d7b,false
a7987428d3b81e4aabe2ca83dc4e70de072d494f,false
c57e86860bb23ca4f423fd3cd8d0a5d0c3a83b03,true
abb55e6addf24bc8f6bd635ad403012e0134480f,true
65f5d2f8e6844ff60c42c0e108377cb5fc21fce5,true
677fccd08f81726200fad2e3a3c792700ee76527,true
425bab9d28a4293d7927ccdae6637bcc9a0ab3df,false
85aaf0476a1d1b4114f3fa3176f2a3701f30f92e,false
73d76ef45b756df98f4d83312ed7b7f081bc906e,false
399e287078cefd5f3befcfda74489af1c5731ee7,false
5926879a89f84e549dd980b54949e9293dfe32ef,true
940b1d8bfe4bed424a5372f3d21afc4e2456430b,true
1f25500359b8e8024ae774d66994ebd14d2d5ee1,false
d1b8e6357288f8ff981a1970235604d2613d24ca,false
0c738e28f167004121944689c51ff2c27017924e,false
dbfce2cdd58947b5aa057cbd034f735b7b9646e7,false
2fef3456334c8cc49232e373e755bedebe997ec5,false
12e2d9f0c60a0427e5a750d237be95f433caca7b,false
a7c89fdf6a90cc388e1d25d76aa43ea653e4f035,false
29610f9a84c9138f542be4247b9dcd04db58b6d6,false
63968a150f5b7fc5a8923111205660dc0f2bbd23,false
764f02b06f04308e0b0f7a85e54f0a6e224c640f,false
eaed4e591e0421d64a0e76ecca533946d72e965f,false
bc7a1b020b4da5274a7c596e274d10df7c926fb6,true
cea62998eb33852f0ddaba8614d15fba248a0092,false
c8711008727d461e6401f33466cedf45356bc168,false
566a69748e4476c75d0ae932de42997b8e1282fc,false
0de96230fd565c5320856f62a8e037224c3fc5aa,false
ff0c901a20485cd9d60241efbe37aefaac09e075,false
1c9c0bcce148e55836af6a93014f4618442ae7fa,false
cf80c35c06c9890dd0b784fa0840f897fb938164,false
42aeb920f993d2b5e1a3786d02088ac605857611,true
12775a50d10e2e617c1ff4f717429e84903f8ccd,false
ae224cc7e499268321bae0f063fe8e2d4c92c224,true
56c3749fc04697ab7f8259ee05e4a5d3c1f57178,true
c98e85990b62cf6d70ac84af33c32cc8ea55d0a8,false
ab06080507476a3770aa74d8210b57f26d3a5dad,false
11c30132be9c510fe2379fa6d6d845270908df78,false
59ffeab5c1a366ca9a80ada40349ffd39a492f57,false
89bab07fe0ed1d4774d6ad9017a049d363dc9ef8,false
24f3f14f3fedbdf70092e9c2be528a0225c10b10,false
e15e40fb9c9de1e564e3749faad52378ca529c66,false
590195df31f9170c0c398417dabc253287517a6d,false
986547047c4fff78634016f25ad9a674c241b292,false
d98a96cff10d6f328511e78dbbd0b49d9362edcf,false
fddaa6cbe6200f82b3f4e15999dbbde35ccfe0da,false
89bfd31919544d544f9d401f387f5c59e10c253f,false
60f4bc3b18ea7f9f984b6353f211a30e5acf5f32,true
ad90cb23c6e34499cef6155013d115ba48fca1e8,false
f1614db31f0b1ae62c930ce4103c5818877c063e,false
836ab26bd2b710d4cee34a52c4a13b3a9f3ea749,false
a63eec2303578856a09f256a054cc3cbaa5dfd75,false
1e6548a5fc97ff110d602d1a250f8dec5ea54564,false
36a437ea96ce46a1c897775942d9d6eb5ec571bc,false
240eb05f74c8b7527ce343d4bf64c02a70398a5c,false
9071404771fd96acf29d8134ee48bb3157b333f1,false
c2fea8a0bc6352d938072908b8164b2fe8c2dbf1,false
590c3cd884f75bba60cef9fe6de85fed1e643872,false
9f00fa7680c090cfc627d0b24f39581752948a68,false
bc76b98b05572958eccd19aa8ffed751d165d95d,false
15b71f2c6129b17046de5ee2ad70bcae1e7c977e,false
50b77ac362c745af2a93c094cb444d6592c9ce63,false
7aaf55c92eb89b6631f324e1350526cc9ee06207,false
863f584f23e2d62e748d7ef74d90032d5883ba53,false
8fc528ea8e60ad7d27909a640f8111cd78504597,false
0d6036e085b0447cbe7155bc88908d1daf31f6a6,false
dc64fb39ed8947e9a69c857a393c3ac85a47d922,false
15cb63706c99e5d8c2e4e28a1d79f5004ff9b579,false
62a9c0e37462ea3133bcdc87a651ebf5c6acb6e4,false
18f25a11af7b0b568bf9d19e6654cdd496544c61,false
b5f831df121180986cb6307a142981ff3a6de739,false
caad2536392180d09252f2fae1471b509dd9fbe1,false
9aeed546e2e2a3a9f8e238d69e652502172a683e,false
41427275799cd13abaf514842e6920b0cd96da4f,false
42937ad907fcf588a7fb067c9691a0ce337544c1,false
fb8f462ae17af95b6d42d7878b180c4ff048059c,false
be232d1fd7999f2fcf01543ad5bdd5aa55efb777,false
cea7b08e0432ded22f9f9d0e0877e86bdc5f7cbc,true
a2dc91239f847b393f28ed0bb2278f875d90cbad,true
4a58d6314b3ba6be0603f75e8a31ee82300f47a7,false
00b6c5a84eb77ea8ad399a5520fa3993b8b47a28,false
c417e3f619dd7b8d1e8d1b3b778093e3ed81813f,false
1396cdc1318de8017f3d7e96278ffb17951cd44a,false
2af94b7ab949b6409242ba8d5a0faea09d363210,false
476aa341ae9628a24502227a77e532d207783f45,false
eed2ecf41f5356e581b2a875abfbcbc74a8dd644,false
81ec91bd461a97311b861beb17ccc53dab7d3f5b,false
6a31c4ee0cd3aff5bd9b03222e764b7b94014ffa,false
598e21cbe1d2b8bcf03fdf4c6d64536b38668e21,false
9321ea680411378238eafb15c6bbaa5ed3272b87,true
670fa15d2c591a4065436f419b16fa3d189577c0,true
7d4d0e519fdb1e9ee717f08771dd6bf2e739ca95,true
793d482a8e1444669f41723dfe91dad1de26e467,true
737b11d9c9476243556340b7c1af90b44b0fa309,true
dffc6f4ce996b8fc6920f076e29210742926a632,false
089240446539d45436bfdff242e87d36b6bdb70d,true
13f8f1b848a1aff17616dc93333e3cbfb0cc2d5f,false
25638d59afe65c9456ad792f438c27907fd9111f,false
a6e34afd29dddfeb1cac800f0a9335b95353e69d,false
523d7bd5972888c19e01023c99c9937edc49a08f,false
ceeaa7b5bcdd43efeb93a14ee3fea1aa753f2b6b,false
65b2bdfd70cf2d0f9e4ad3816774a9632b515083,false
762fc6297cb10a898b93ea7baaa79a4bcf49de51,false
96935bc8d1bc40b93f79dbe825fb3cf2e8afacdc,false
6020a39a8263d57cd3c150baaa41c435a2783f1b,false
e2f00775552b564d6f3a635ae1d656aa915b53c7,false
d2d32e7da4d5840af334d76f535c185ce2f9596d,false
cb057dc9bc77b5b321ce598f871b13531bb3d41d,false
c7c1811ffa9e0707f19ccc5249ef0f7ce08b65a5,false
b4d4beb436a1ae326fa47fcf7502bc06d7f3aad8,false
57e90d71812cf9d7436eccbd53449ebd96e6788a,false
29afb26681b3c365a09c582472406e7c69dbe867,false
869149f7a88c8e7688607e851cdc9750f068e3cd,false
f80089a3e117c13d69d5e1470ef745413603fe6d,false
ae844efe11e66c47e11f800cfd37c3b727816fba,false
ac39975306fc9293e69c75eaa289b0298b3237e7,false
a60e25fbf87714b0ab2820c22367b1ea62c978cb,true
0ff8a3885859d693db887ced73a933d5beb9b4d8,false
0212466951ce58a15ed1a54b79d9a24aab550dae,false
2024ed494327894913dc9b67d1fa7c038e14dc83,false
77e20f064308bf9063c0982d8f8d55c0aad8e693,true
867eff599609be37a9e0a9cde52b7b0537530ad6,true
e8749551270c6cc4ed637c53bdbf4e716a2aa38b,false
a6652bd6fddc43f41b10aec7ec6af72f06db2b05,false
d5fde7ca971d3f281b1818cba1e07103b776a43f,false
3ad8c64c2998981c0603d0ce22fa032dc190407f,false
152b212237503bbf9ecde1d713b1966c17411b1b,false
adfa346b2520a06c042643f389541d99be4fc0ee,false
2cbcc6aa2f67dde73971fb983e01b430933e3918,false
bf1297324b44c897e8beb86848cc3f314c3066c0,false
d83058d0d8261d278f96752e46c47d626cd80d2a,false
0b7ad8a940c255c5da01b11f5fc3801ef715ba3f,false
cf2843a59bc50271f61bc0b9f0c5bda6ad1139a8,false
b90a744db4c17b47ff0275af9a1bb2ab1cb84e9b,false
a24e2c75bec189f6f3385c63f08e28e6fa00394d,false
5271bccbb067df16db233758473ac2586f1fe206,false
648ac8d2617585e8a54df493422270ad710cd2df,false
75160a8919265f804502fbf50643695f3d74d1f4,false
b519b9ab83c04b2ab22a74dfcd40b1b3dfb856aa,false
c02f36209a1ed3fdd7e1f29d9c2d0a1ccbf22ba3,false
3fb6c481820b9bb85569d1a5305a78abd4ee6028,false
e9b6dba26c481fff6a5e72dd5068b0ec201e7b9d,false
287c035ddc695f7498ad4d832fb1fd96c930f630,false
99e3b697a61f3e2d92aef9b7fda965c8b8d8ceca,false
014542fa6dd3586aeeb5b277e81e32a9266ce922,false
7ff3ffdc0a442766de0775e404730e02b56aa3a4,true
4ea2b9b00c0413e1d47cd79317993641c198dd44,false
d9563280e3d7bd100a0774bb46fa459ffba2c736,false
b5a77f18bc6b090427bed388bb3d7b5e1c7605e4,false
73fdc3956af26d078fc3faf105d66aabab70aa00,true
571c4279cfc14f485ee0364b5fc6ef47ad75df29,true
94e0859a7fd0201c83d16407419dbe54d1086695,false
54b8c202108f443e3542e7db1323af43cf2e2149,false
8c3ca2509042589df16f1b36cbc92f7b75275c79,false
893fbc15fa1e68af9ff16082e79424ce23d15549,false
a536f785e5a78f967ec77a0af5148123d22c025f,false
18124b2e458d0b92e7d2f8010af10b1f3e54a440,false
f8a365584cdb3feb168748e992738dd2df9ce36e,false
e12b6a4a986b6958d9d949528e6abd3330896175,false
f0cdb435bf0158fde3186ea9d2671cbf2d74d939,false
556cd003bbac8343f9ddaf42ba1192393ed5553b,false
43649e66d43590f6ccbba2d3d8b75e315c2b4170,true
36cd9082c8f7fe5d0d368a5fad44984f4821680f,false
4574a1df70c078b35de92b266ba6ee92e2389ef8,false
02f7481eb8fb1ebec2a6599a232da489653cccd5,false
e3e7d9a9ed1e6ddf55fcf84d40673aa4e4a4262f,false
ed543fb90d0cad80a0ee9e7dc1a062d7e67491fa,false
c4be01d0c91d2746304f21d38c1e13bf87967831,false
9e84e6f2a86f98075fb732493654e7a484f87d96,true
15baf17e3365e2a85cf315c92ba4647e586b552c,false
573bb3226a8f36bf4bf3911f1fd5412d21b8a650,false
9f0f5cd7298fbdae315b90eb197bb3d559262402,false
85a2278726da0c2e7e5b9ffca4d554cacdd8347b,false
1d0cb2ca3fe9bd3e214cbbf571b7e855d2f65f3a,false
f180d919b6d92ee7d260b7430d74793057672254,false
39664f0fee035d70a4cd5215cee5fb3b87cf4d15,false
a5c3c7afda045b2b497045d7087049d9f2c6f597,false
cdcc597f9ff93f2ab2f1463422c96d535b6ccaf6,false
4bceb35756099fc4ec6118bcc897333efea5b903,false
70bcb5e07c5e5015089bafe7f344ed27b8d5d66f,false
cf1ff43d1e0d141b2d1f36fb05433937d33f2fd2,false
50bb6a23d4aabfbcd6adda0eee720837b388ec20,false
3f1da42004c5a98bc6ee3562e6ca93f95fb45e58,false
8743b90c588fc8f55be122bd90e2f0dbb1654fc8,false
a796fc78da82091639c5c663d56e517ef4d1aa55,false
1198245c5373f0bf912ffb36a6406e6651bcfd2a,false
68055d7d35f0cf7bc653a196482dbccfc7c57d92,false
ba59ccde951d03a7c0b3eceda71855c039c9ebec,false
9a1dc7bff2ae0eb9b1db66ed407f9153ccc0988e,false
8d51c1f1bb29fba573df1a4f15bcc6815a60b2ce,false
060171063460519a8916e1c69dfe598e748d5f3b,true
071dbf09bdca72f9bfe3a8de192a1ef5a70ba804,false
56158fc7a93468d55c94e3f3433753ff5f568282,false
09090a5584946cac9922fa91ae554c025ee7c3e1,false
bd8cd17ecf390f1b3bdf471b9b05bae914d8a6dc,false
f185550046c6cfaa5f40fa8ceae45c7bd80c405a,false
abb7b0c7e7f2a53241c29c6e50bbec95442f3a0c,false
d19631ccb6b92e34a9427ffcff770c374e252be8,false
c1d867de264ceab3e9517870794fe232a32ba7f4,true
10a7db75c1936d2652a436dafe895bdee9616aee,true
b51895c5ebd65760e2d74a6c2e06bd18fc3d6f97,true
e7d301fdb5b561c0f36d01ba59b49f8f8b528cfb,false
6371764f032f5b55730dcb322f2b8a669f615b47,true
a8f040420ab6ca9edc5c94c538244ce83896323e,false
6a4c643cc98a7698be93f6760831db2b2043fb36,true
e42c85e958cc20f36c4172ec8cdc0eb5a2a81783,false
9a879b9cdd58e5f118dcfab80b0105c231646580,true
68b4c5dc22546c4243b4282f3204672011d50bd6,false
285b7c685c5fa346b64f7c279f10d47aba7c2290,false
b5e2437c12d4a7de85e0e4893bde0b63610fbb43,false
f11d293f96b5c6c0ed1ab1b32df7aa2be4e669c4,false
36b523c9f5090d4271271b9c2bcb077ecae499ad,false
31cdf41fa82e63eb1198e08f4ca1d4b8754c1148,false
e25eb9b2e294b0e5fa017bddd5f91192d3961f1d,false
b1ef2f9a0d83de7156c08e3e5fea1cbe2f0a4cc5,false
e595e1b8567e1e7acee3ce235ab604af304b90b8,false
30183e6b45ef0f553347f11a42177028bed6ceb1,true
15b91157a6351c506b55c0b9fbf7746d1f54ca37,false
50b5ccd649d73e55de9839554ec29de36ded22dc,true
11a0f9db99f39c6b29ef4618702aa8298b10e3c6,false
d8947ae4746e2593e803588fa989b1193aefe0fd,true
daf7a7df34beb55e89bb2e8098f5412bc6e8a59b,true
115275edecfa93aac0a616a147a806d42f9126ed,true
6ca4969089a17c1e00332c6c110d4a42cfabdf8a,false
838e5b857567a212a6e59e589e16568f639b2346,false
8df452966e3d7ba5faf36f92c92d9bf377049138,true
824e44e7ec54a6c152e31877cca6fbfea2d4f304,false
1d9d190b2f22b41040318aee5597b47869818ef4,true
0a528c80515a92eba2d83339b23e28c1d7412a5d,false
7fd8d4deecb34cf4cd524d25399fc7bcfbac6170,false
60f99b9fca0ae539ba278db6402d3359d8349243,true
7a23c955683222ecdf2178005eeaeaa96282811d,false
98c34a75f5d707e2c61fbe437bcafd81883906f4,false
ae23a3c7a79c4c088b862fc7dd95e59623d63dd7,true
090852dcdf8b47aff8a8b8d4f2fd922ad9568d9d,true
d03f1d8a441a4aaa1ca0d2f4b2c47932bca3b0a0,false
f5fe1e5fccb828f596f16ffe6187866d16ce9019,false
daf030c73727318a6e4fdd668730d831190cc04b,false
108b25d9d2201d1bfbd95468d3896a14655c5601,true
6009fbd59df9ae0606499388a41a82f7dadfeeca,false
0ea45201680fbaa525148058d262c30510d66bf0,false
4a7e23505b03dbe825867979d2afa1ab2bd861fa,true
ec6749a165763fee3fadc13c37b7bf5175e9cb1e,false
a4564b5e7918ec97e208f396d7fa98e6343d7794,false
f58743acdb7748b0ded61b9ad8452b3cccf7ce78,true
ca689b3feac8d69e2886e4da7a3dead42ea077a5,false
0b38dc045b43b0cab2bb2f49a46bc92148a516f7,false
fd4c750cccc9eddeddbcc6f8974b8447b87856ed,false
6d7f86529f21020de397701fe1e6c25bd5596409,false
71915aa41295de767c291f9134b789231c99ace0,false
5417f95244e962cfbef0ff00a7d4900dff707e9e,false
dc3211d451dab235bb611a94c549d97943ba800e,false
8c8acd940100093d09d1ec1e0d78b111128abafe,false
a7b566c226f7628f918ee9014ac7217cdefc79ec,true
4f15944ec64888a4ac869d772a0082da08ab06c5,true
da959af251d01ce137565d79f06067fe0b60d343,false
6c5db9e37e872dba0c1738f7183eaf53eb8e6be4,false
5ba24f72c973d9741f8b85fdd75ec8e237241678,true
71dc1343b581e672f9df794ed2428f4b79ca2600,true
70de76f055d646b62e3775f87a5c8f95a068cf8f,true
b3e87e984143409f6e614d0492e532a4f514d873,false
036e9e66599d27e0e036905a75bba47a7381d73e,false
3e1e5721680920912f793d29d07af7e34f67fa48,true
437cdf13776f9a215795ed77f3d5c653f65af13f,false
e32b96b301a44358bbbbf613d2b86ba29fff8073,false
164e9bd164940c8890cf4d560e1ed699aae77f03,false
e2f8c8528564dba1e45f0b1ea149a3ec0519599d,false
ed0e9ed98304982c1f3c036c53effb6f89749396,false
0014fe621f52d0da42f786e9c5e768cfe7aaf449,false
50112cb0260165b4bdfb456fa380492836144e34,false
3de000c8d6e620acd83c3ee2f0b476279e629850,false
a5979c1095d53b237ad6503a76b2f9408c6ee47b,true
1510a9326c8ad2823ec84538a828cb63c02cfa2b,false
5554030e3a7d4167e8ea88e5a899956ab051cb7b,false
56c6398fbf76549b326a941b5d487c996c22c391,false
05eaf35be1772957a620cdb85f75479af1ec46b7,false
c4fb310f30460b9a75c234b1e4d2d13d6df867ff,false
e0d10886adfe6ad82479e9da7c54da96d8d58fd6,false
39ae15baa08c4693908e7b93c28a6e5a4848e453,false
98566b0d1c22312641b66d3f9c18fdae4b0ed647,false
4932423ee7640cfe3bed75237ee548d70592fdd9,false
cd1f165b2ba06a23eef849afb088eede8f0cbc30,false
a028eb7d79e0dc1a35a85a705f36304768b91edb,false
c0e77463cc7afa5eed21848e5cec60242fdc61cf,true
f1654a20bd2ca0458ee1e998ee29c89bd88915cb,false
30710f4e3c8af189f02c9152af420ed3c1664767,false
e0ff6b0ea35acea75012d5ed2c99d3c3b46acff5,false
5d2502ddc8512f740bcc869faee85a3f236e4a63,true
fb6f2c0fed13fadf73829b0956003470ef9840c8,true
5880ea572a9afd182d595489b5c3c887560d5b26,false
117fc27ad5be3def6d62e690ba0aec57006da107,false
54827a139aa47cae38a8336205d4da0379f4cd87,true
6cdcfaf06f4d0e83d9e8555cf6d0cdc0b763d57a,true
0728b78b0fdb618ee878f47a78645c6fce91b88e,true
a3abfd46d5d5c4d656a53b0967e7bb1e427605c6,true
c2119ee99eb8bedcc81c6358e80a8707ab7a9c7f,false
e5d4228fa491cfa088e36b4a650b30a2866e3e30,false
d9f25979b073971307952e39f8cebca84afa14a7,false
793684e97139f4095e307a6df28df5ac26d6d561,true
909c63301a194ce018b8da8d214cba2b49ee4010,false
42238f4958dcab22d1da5533230a1aa2680c252f,true
956cb4562e0b0f3de4d4403486af87e30dd339a4,true
659fe63b80a760381b413442288e02087ab47c8f,true
b7f4fc7800173644edb69f449dcde1adbdfe73f0,false
dcf1985b782c82bc84d91b14316074c7339f32a7,true
b8005340c1d41f3e99abb004642c473d0a435545,true
7e5016d0242553b5232b4b6d4f0570de30e9e097,true
566205de04212a2984deda5f3f95805d0c21144f,false
c43a00276ff65ccfe63d4ac6df91e4109f8b52a9,true
3658de337cc8083af18bcfbd8089f635e8b4dc31,false
ebd15c66af18a1bdcdc7740f1c416bc2a8611034,true
d07d9f2a4d35460ed39adeb0990f0936452399d7,false
dbf36eb5b2856e6d03334b031d9bc69f0d786138,false
94ec60425b7222dc76b666969d64d645d334ce20,false
82198854f28dde50715d3b2029132ee5d557e75e,false
585609c390ba48356faa8fab68583e5cbfaefba4,false
6a51b2f6c33e5369e89a4f9f921895892511b56c,false
e2c4438786af1572b6cede42d95846d5a980fc9a,false
f239296bfa09c73c1a4574d4d8165c838b846207,false
bffe493b5c6854520e89b74df7f353fcf16dd1b4,false
5cc11da303bbe13224b88d41a87f7ffce616f235,false
10e0229a129686d71fd18465147ebcfbec3d2889,false
323004642dcc358da235619dfb83a924e9d1c1f6,false
c472724b3c5b75f1cb5a309051dbf1c2a688f166,false
b1bab65ea2865e3e5c8190d85ad6f958cf4e94b4,false
35a0956c1f40bfb6e30f8b2f1ee394924d31697c,false
16d48d8818c4944404d51a88d4bab3624b91cd81,false
4980e5f29df58efa8a80303f507739a4541b7c35,false
648e4c722201b7fd9f1d29ed84c83e01faf3f4c4,false
f92e977667625baaba350f9d3eaada47e5bf4b48,false
463ea078aa1389117146c9203472864897f25e6c,true
8780c6320863010ff12e3a30e009249f9bf2e256,true
c802ff6a034105a5afba815b1bc18cadbe06a6ed,true
f285a73f9e73125d4fe7cb18c47fbc3d0650beef,true
c737ac01ddb25f810953ee161ba69e3a7f373210,false
9dd9d948016cb021afb9ab8cde022fb73414311e,false
083da3e69ac4dbb7f59c3911eba4a6b4303e127e,false
1282ebc88d8675d98c9e81999102da3816b947f7,false
f001692d950aee7aaedf9d76479d18d88bfdc879,true
af8d5bf508986cbfd7cfb951e7b990e04347d76b,true
b9fd2ffaf47eb2d0fd674e3e0822831b4b38162f,false
7878de1f3243f957136790697dec107a3b840a31,false
cfaeb9070a86c208183593d0d01593f0e96ec104,false
475135efe93d835ce068e830d065ccb4ecd8ba31,false
b36493921405c1033efa55f751dd3550e3350dbf,false
e22ba64d46b9d998b1c0a096cd8fd2b3c135c505,false
e82d191917a824d4491e21dbe5ee9294a4f8c975,true
cb82497e6fe5e693ddded7c9c977aeea2fb6cee4,true
99733a3db8896ed5041ac863791d6fda50dd08a0,true
50a8b80a57a641ee92b5521a76cee43fa8ee6e24,true
a9a167ef10e05056115d154408b80984aace4cb2,false
f026ea8e2d8113fdcf4cfeabfc9bac86c6e9c672,false
41080cfccdd4ac42a789c048b9663fd8f0ca088b,false
7b0817da57436f254a9bfa852e909e5922f91ee3,false
9280c8754e00965357afaef54c4614294f1fe9c2,true
b86bee8690606b7f0f2fb94f9151b3d17e587bd3,false
b10072584bbd24afc9ca519d47444f32e9cb7928,false
3ae10536d800dc76ba2e28dfc7602f9e343ad7b5,false
0e63d9cb6f55e5f3efabdad7ff68ed87ca0cc525,false
2155fff2b764912674e58ec29e816158d6932433,false
c5596d27bf2f178856cdb683f0081f46f5df18f0,false
7bc4af1237b239803a003bb4255831150504d5b5,false
76cdab197cb0902c657c7c38335289b504da240d,false
d91964cca5aaa6ab3253ba9e331dd6ff97b025b8,false
487ad1ad12b2c9e23ebed2203c9f2d87125b84ea,false
7b4c7c2d040af1503de7113605f3745820c72ad1,false
8add22fac667bfcac8953c89190583e1d8b6c876,false
f64a6cc0aa2009bcf02bc7d00f4935d5118eba55,false
6994c9b17ad57781fd1debf5286de161fe2704f1,false
cb29f83f43465cb123c4f41f36f5b0c9dbfc56ed,true
efaf06e2d987d8831f69dd1fe9048f9fcbe61320,false
1be50c607b426e268a96e577b6b1fa7715f6efe4,false
91b380be3e39afc889cbae99b600a76631751038,false
20b94dd099bb98a60b93c2a40b77431349d4f26b,false
01464828a9edaed14a6a78a99f690d520a81311f,false
3a45ce12f60c17de51207d2d2b8dbf581351a34f,false
3fc8a5f1155dcfdb45378faa27a67e9da22b054c,false
ddf5a52a41c9c71b9aaa427279c87ee0f59e38f5,false
ea8076f53911e863d0065215a517a84368a33a3c,false
85ebcdac091df9ba8c090c4d15bae09b8cf12fa4,true
88c268d097d5b8122f1c324f3eceec3058c44ef9,false
674521443203a1d86e1e1c7ebbdb929cfa2464b0,false
807ac332368409d5efa9864bcf46bf72a72565a4,true
7e920ff1152c83ba337940a849f512a0dfb5f973,true
5ad7e9150dacde09568e7a682da5dbcfb6fa061e,false
4389508a59db545a82b9e03886241def03791afc,true
60ef4be3eb9b29e11b2941cabe2869ae93de0041,false
b85d6450a76783555dd469078e9d2cf2e459f085,false
b3e6d9a33acd14c3371a05358533fc2ce0d5cce8,false
0057b781dec6718f4701dda5deeffece0e0e885f,false
4374cfa5481a8a0c698cd09eb5b36164fb076d68,false
852dae819a421ab0341242b539c6d369820d2f36,false
84d35d05286b16b19075aeea3658795b1ce40778,false
05a8fd15e949e40f41d01655d557f73228894255,false
7dc70be0d289f445447a6173111c56c4115bb5a8,false
2f4f070708425b7516873893e56b59435e73706f,true
fe2b6fffea09f0e3a6967dcf1336c77973ee3077,false
e78dbea48f3c5f27d43422490dc4fa0000e5eca3,false
8509d8abd6a08be5029a4777930d9dd478622098,false
8b9e34cac86264ee751f84d83fa711de983571e8,false
9f8985a8f635831cb48d9eafd8f3fed36f1f5b3f,false
d7796837d3df732b564085a865b03e54f7010086,false
460b68e554f36ca7d42cfcf65ee3b5a2caaaf19b,false
3b7f162019663c6df3e98c855443796b2534f12e,true
ecfe1bab1b64b3f58348a848cb1b7ea0645d858e,true
5fa02f0cf5f6065613c563df48d799efba953eda,false
5be740e2f562a7964edb2ae16b9f281598061245,true
04d89610787c2e8f30d7db33c037c9c26eb03f2b,false
f3f8297375549e3140c00a33c81fea3a150f699e,true
53200235673dad043fd0739a6acaa09d3a2e7995,false
978294c643f371418222a3fec2001e03f312555d,false
2224efedf3adfa59540fa72d7792c218dc871993,false
40b2df99367d97efd59be3f7e43d8829f4fb46ba,false
61c24bbf243a2bcb0c1128b262615b72bab81a73,false
fe7510b0d1771b38073b98c8e4c9def900832e6f,false
d00cd664bff3935a55e4473d7dc673ed28db436e,false
aa108620bfd14cc3f91252947582e705e7f898b7,false
cbaf364fd2f2ce68a96ea2861509216b08bca3b1,false
96b5257cd9ab50a4891f5967c46c46039fd3cc26,false
f4b3a7d2bccee44778072518e2840bbcc3685ea3,false
960813a39eec4cb651428c297e84bb86f93187d0,false
aad69d91a7f3cc23c202d8ce763e2bbd62ac2138,false
ce9898a94701d38b5633bef0a0b2e907a573a4bf,true
1a455b3f6a1c3bc35af50cf4af335accd475aa82,true
dfa15bdb68f2a7f124ff54dc9fb702fa4b0e395e,true
13d467b5a7e31bce48f144918adcaecf27f35256,false
6da3d20467f73b37862c2395b6f9fac9f5332813,false
164a02419619fffae681d107017552ffed819590,false
4d20501c05ea0d659972b241eac10d25a997314e,false
29d46a1c334a27d7cc0888537b0896b9576958da,true
d4f820aa5e662a686fb6f4061eefa2b619f3f092,true
45ed2115826aa1acd4513c01e9894760bd6bf80c,false
9ad88ecea02d2fd286aa2c6dc360759f9b790911,false
81a1c11c3c051a73d0ebcb39362e59e18ae6d35d,false
47b60829fa9c758187efebaf11b8cb8ef6ef31f0,false
3d0c088245dfe20be17f77a8a45fb4850de65ce4,false
1445a635accbe7ec3a9856772927ba5fcc8fdf49,false
7e1937c75a479ebdcd27c0cb0bd83c16f908fdf7,true
5259e2ac8f27ea4cfbff81f87756f293f691e78e,false
82c0c726b8cebcb6467dccfe087188b11ba2b854,false
488b34fb7b8fcc64a2fdbfffe1d834191949f63f,true
e20d2b96ca2d93229ecfe8f350d142f0f0251ea6,false
1b3177287cd749567f6e0c387091c1b312e2b0c3,false
2454ba266045b83da460fc60584789103befc97f,true
29c7e72a219bd471b72b51bd74619f4361de9d7c,false
917f499eacb803276e597a5f1bc252c3958eba57,true
0e4c12d7b9284aeeb583cebda4872f530fc121ac,true
2c9397fc9c45b6701685eb792217b01b2e28d3e2,false
a13a50c15e9821f3789311bc0614fdf6fdcc5cc3,false
8d1eea894aca961353ce3ca020371071ce3096e2,true
72e12fe621d4f05b8aa554c9801dae5df27d8dda,false
c2347a39ca3c12f58c5159fa782231f64a25aa30,false
49a8aa9a51aa0aa48c6d07d9f3f2ba5aab3f098c,false
4437ec2b51e6850a1092ed1fec5650b529b9bfa4,false
5e9cfc554e0dbc13d58b6e89804ef2e19061843e,true
acb4f1955244484ae7d9012841aa3ba8bcae8ad3,false
84e0438197817747d1934ac837ac750ed56dd311,false
179b6c8afeb60849ca6d87c9dcf04197a71be7a0,false
52a4c58e5861dc9f5a40fce59fcc55b41502f459,false
c381959b7cace530f7181fe91ea0c44f21dceb2e,false
7172060c4754f2ae961cb91c3b83a333d801e072,false
d36a39f39b85bfb5835740ebbb9fa2e6965a746f,false
b61553f71b2c23b8a60ee8f3c60d36f8b98601ab,false
474ece618d9bb84915da930c5a5c224aa09c3020,false
0c9273883d74dd4cacea709d711bdce8708b9a03,false
c523f57379be98d1bf4537eff9eaae1778db2db6,false
18b2f912735075e36affe0c2cc2136c3870ccd34,false
1382e97274c5a7b1798ba270487af8caab28c584,false
971bf86ea5cf8c42b5aa3e65715335f4f49f608b,false
ac82d5cedd36d444688a6b1f43a9caeaa26821c5,false
444773c58c2659c8cfc55a9774810330ae77f12b,false
62d48fa2e99c7e8778d79081b386b833662179b8,true
444a55eddc9c295cc8427f615dacead055cbe439,false
b9c9de420b02b8c52723d4b4b0eb4c0945ffc2d0,false
50a169f1fe3a6c5b4f06f35356a655d0933b5b5c,false
450d3a3ce9f17a00885191f68ccdda4dd6b3ba2b,false
ce9e8866e3b9864b0d96fb88cd246b48defa4017,false
8eb1a15cbc1e5e706b64e8981416f73ec5634515,false
54ce66c8e240bf66e072a3280d6d9335c0acbc7a,false
2b4606453366ade2a34f48f7f97a8da4f2d8c074,false
47d0a1b3e6367cd84167d039c0db884d68671cdd,false
6c15c33de67d5031d1a553f55ae74d38b65d7d68,false
f83cae7535b42102177c1e40e84264e6a0c705d7,false
209c58d1f5838bab708f1cb5596aee4dcff852ae,false
a22583f523346cedd656ebeaa5f8c939102d45c1,false
f6d19225eac65a24faa7fd01dbe9c56a2c6baf8e,false
56a3843cdc8911367e62a1702391935abbb94d51,false
a286553c5d9605a628e710b5130658af65554e21,false
4958ef7c759dbbe014781077b9c4138c553eb9b7,false
32bccd7f2b1c4957b0076488d3fc8dee219c201a,true
164303605d1caefb7fafc43df19e96833585a092,false
e21c715c76eb1b94b261eab9312a98c450603459,false
445bf19872245f1779ff0c09756667336854fc80,false
17b8ff87213b9da24f0339275c5372e75da787ea,true
aa77f16ecd1862e57da468530a721244a61b71a9,false
e5aa5ea038c27ae6ccf67b5b4c37e74039ddd74e,false
856ef2d8e021c556ec1378f96d9be8a06df219e9,false
314c2b91e32da6bd7877d9f0a47ef13cbe6b4af8,false
b2d8a322749b0fce1306a3ee5336bf3deccb5916,false
ba929df97806258aff79a7878a3e0fe8f18598d1,false
a3856ea134b032e55adfd0f278cddc8780183fd1,false
e4753da2a09567c917b582fe8d6748af66e3689c,false
4a12ee6a31f21373109ac390e9faa300ec473547,false
2ee3d62a7c992cebfbda07cd6e1389d2b92b0541,false
9c0bd8bca759c5d215da3f63b387289478616927,false
f6b86080b5d0340f73cdc17b5a320019696811c3,false
759fa8a2bca462a3e56ce787240869dff7bd6d90,false
55287c8bb17978b032140d1881c4bab9bb24e3bc,false
2d85534f9d0c25719043635d624b1bb42909f3d2,false
bda080934d090da39fd3db8483e0d746993a870f,false
06301e9bce4b232165b9a363b325d8bcd0b97247,false
3dd735a525b4be237a62f36c6d18fc6814c42669,false
b92030bd5c5e6161d3ab4c1f3e070493db8b01ea,true
d192d843ea49338149caca70a072106670abe6ae,false
d0e498c4fc9d4e34fa22d16a877cbb131e03b8de,false
2afb35aab4deeb7aa796396b3bb7719eb2e73f01,false
1e205327896b67c5bbbb16b87d0ab2afd1df08f2,false
3e077120e6d1cbe780235d342be4f9f73fb30730,false
e79b0b89dccfd522b3423e5150f4ddf85ab56ab5,true
27c409a634e169cda17a35da1d86ce016f94b97f,true
cbefa5b109ea84049df73a28f40203e876f05442,false
1121b40dce1da2a5b59d87cf41950c3285cc1c47,false
30258b7a5d15ca4123909e75496787e5e7197fbc,false
b83fef015375bd552f164871babc9d07e255a03d,false
d09541550374b1179c8881f63fdfa5e66025e75c,false
82a9fef5aad58a012d6dcd204e0c93e4be4d90e9,false
12fd5a0f132ac4b8690864df94e78ac930dc6f45,false
ec6b4073b5ee30cb30a6c52e452e84bfe9adecb1,false
ad4c2ff5bed321effedb04a03e9186c1e4023e71,false
bec799f0172ffbf13c0692bbd8f6d3c77dde3758,true
b48cab316f129076bc37d8d647575eef8e13d545,false
687cd6ce2043a670904171f01c093f40f4597978,false
ff0709c59b7f4f4922491a46f0fafd0b1200f7e4,false
d41ecd6629c079e9f390f4a1bb613db844e112f2,false
3d7e568a290f3cc350fd55b4bd122a54334bd49c,false
32250b52f9959cbb3e4a3bf11d6e4bd1e57c4b84,false
2f1ecab82ce7d84dad8bf3dc93494c23e2bc1e49,false
c71a7f79bb071abf0ad1a052028b3db6b083c4e7,false
71a5acde1abc335cf245e509b85cc46b441dc59c,true
d3b0071b9eb68705f0af32fb3aabb39d29df18a3,false
8d7867d5f311827de1dc58d0da9c75866c715bc1,false
93dd85e95680735542e995c7224fa28e06f1bdc7,true
353b52ffc29616f91403f1168cbae3c295a00823,false
91bad3706f3adfd72a5becc8316ec9e796ac97cd,true
d86f1caf58cf571f364c0fe08ba08129de6ffcbe,false
f0814292b1fc78fed07bdfe7f14f383aa40e95d5,false
7c34faaacc2d6bd684e9f96ad3737d90f83b2489,true
bba80013fe16d2cd6e012b5d08ea83049ffbd82e,true
12b290656a80294d61ee189ff397e21eef479a98,true
730fe3b73ce6baaeca868fdd1e8bfeed2587a53a,true
05c1b0a4096c749302f2a130aa7fbd24dbe4f398,true
f5ee2a62aad5a5524723acdb246812eab448df91,false
c68aa2e8e1fd15c817be55a739656aae13804e4d,true
9365cce68ec6b071a5b004124a9faf7145b78849,false
2e1bc41f6478d37974fcda9bc857903d892e65a8,false
357236b23ec2cac18f934b980ecb4b4c29e1d11c,false
41dc7e502272aea58963e24c84a8ba8d82c0a47e,false
f3fee2c953fa03dc154ed78117ca1e16131ef91a,false
7feab2316998b3675365427aeb4c121e4b6ed4e5,false
a1f3da78e86394486cb2fbf2eee9ed8ce38a635c,false
9bdde929087b57f9d29e9c5129afd630f9714228,false
6418af230cd4e3ae580d0065c0cb68fbeaf14490,false
0904e65734e14d1cd846939e4f6a4d71f8299b03,false
7884a6d176bcef3699168700bb21421e8e88fe25,false
4c7331dccab58c607426e5ee13c3ddf3a6a13d4b,true
1560ced40653d27d515bb0243785f01e2c21149c,false
94608ea457419f66e7f7f313cdb8581b34563040,true
2f84339c24e8c061e4057932ad7e98472609e1a5,false
68bd63a56d1966cfbf0ea9e1e46fe2d43839caf9,false
9408afd761fae85ee43b5d19353c70e025356a7b,true
ebcfa505f3e575d21083fd9b47cbb1b9e8ab73cd,false
7cda4077602df72de5d985676ac96917acffe18a,false
6161f29871c2acd466f1a0f49e04e8a3c844e92a,false
8a531a930060dc823245b2fb66d42dde89cb4224,false
0fc9da5d3729a001e84430b60cedaeaa54ae7824,false
5fc065694b5be39a51b1a7390edda3c5593edfd8,false
70c806ab51c02d1854e2332e1908201d35d9a800,false
cb0ef92551c071233c2e5616546525bf5e0b036b,false
c92fdd503a611978a836c8eb2da3c4e6ebe515b4,false
41659d58b2f8d0442f3d7d8211192cd402212777,false
e0a4a2324b7d01dd65f39cfcc0bf22cec7d79e5a,false
35cfefb65564357d03be486d58d8bee62394fda7,false
c5c19147d7b646d50d6c10be547e3011ced441d7,false
40f44abcb2762ebb4c3e16eb6643da564a0f64d6,true
b97fe3052334b2b2ca9730452fe8f8975cfa7079,true
3ea431cd9545e715d0e396aff0a0eab53a4a99fc,false
1c8c327e54c0903a3146d64b621395c02ff150b5,false
899a9617cdf24ad73ac8b29dc88404c1d9530ffc,true
8d5ae91d29358e3f5c69cd44d1dfccbb317fc30c,true
8064909caa57e536a95ce0c905c4124c40c312b5,true
bfafd0123c6551ef5502461aff76ff05075741da,true
ec8e19f2bc5f6b8aa21fd33239ec6213ab0f044d,false
5fbe73f6f6d21686646ed822bb8afbcf20ba4d5a,true
01ba97dc77e1f8317bb8285e6ccd33fd5d3539ea,false
78628b106ee03b5d64f743e1dae0a63aafd820d5,false
e8b5c0d20febff7b80c42aa5f3f3086e99930863,true
7daad30da7778e65f9454132bc32a18bdceee77b,false
bc9a856a255b1cc991359d84da76ed7dcb6d966b,false
680f9705701ba9104c8f8c0fd99243dad8e36236,true
37f20dcab77dbec20c61cbe23156f7d3d079b2d3,true
c1e8162eda4d5259cd503fd4828b4b50ebc90579,false
f2b6233914f30b39275868357b33bc9a92afe32a,false
bc2543cdb2b7389cd3e2f868f103ad20f9d1774f,false
d2c68c20f9078fc21918e570b9cc299e37c852e0,false
33d3d3e406ef495ac57711d35d034f45bfaa345d,false
6d109324a30a7b34a7db386c08296e50dd2abba6,false
597caf2fef7a6d28830ffbd034866c936dcaade9,false
216339663aa96efc4fb9704c534981ea582b265c,false
7335ae9a9e255107f9f09cab51f6ca8c59271a56,false
4dae76a337ad2515600f46d5233fadcded0a1f47,false
134e7ce565174215ffe92c5c99dfd8ad155d75ee,false
33cc4038bd738ccdf10d99bd794767a7aa6d55ab,true
ddd5db508dfef295d50183c6fee70e5c8714fdd3,true
7ab864a5cee6858daf82d41449463dfcadaad0dd,true
aff2a713645739fb1225d6e003f37ab8783ddf1c,true
7921b1e0fbe345bc9e4fee6946d26500978ebc73,false
b9d9d1a3a418ddc178ac0e60365322f3138ac937,false
b0d5ca1e8d31f64ee098c56c40fff91a384f72ac,true
f3bfc9e09010efccc31f9ab6b895dee6246d9f12,false
02a53bd96f26c7d75394a34c7cd53efa7b57336b,false
1fec552005a99fe155ffd1e1e5350b3b0551b7a3,false
b493f2a31f2eaa1d5a5163211d9038c0c1d94a95,false
7e86a5a4e62d7f3ead510f8a330ed5653d9d8320,false
95c29e25b2d0f98aa83511f05bc76744566d6592,false
d9aad8983aedd0027196a91358ef9b906211dcaa,false
0bfd9c6ad68e65ddc8d1e72752e0d51688d340b3,false
2e13b2db2668a422bf546377eb4b606da4c2b472,false
e91acb4a7389edf92026fa53c2ccea6b37a5f6fe,false
78046a0dd9ebbcb9fd8a25dd736165eccfbea719,false
660ee133dd33d0519dd796b1870d8c5830682bd5,false
ffe355039293e745dd9bf28c5eead46290c7666f,false
497aba04b06e85720f9a9c97e47e01a8ce817e90,false
019711488ceb2d4089935577ece216a98c744ca2,true
9c20e4401127a67b86ef8a3b5f30315b6dd0bba9,false
7857d9f1a6544c8248c0c73c5cd406efb3c7cde5,false
22ece35d2debedd4e7209f6adc5d3debac25287b,true
4c0ad4b8f93a41dfd219d43e5309e0f4183c95f3,false
5f5cfb62d3b9f51b4e3682c9920fd30da9ed124e,false
fa7bdfc3add105d64409ee28cb73e85ba7963c6c,false
430c788d72cf519419d73dcbe18c591664b6fac1,false
33dc8f90671b69174376216743c35f952a5f833c,false
d80aac4802b3cdb40c58a664ed9c17afd49babeb,true
25cb79eba918fd05ef1cb2be90056734f579168e,true
fb1b863cd62f19f87a9f2b75e058c2bcd0e32e2a,false
e74a176bd02bf20fedc6ffe56808148c4e3d8650,false
f38e6fc5eb6d4534d494dfbf24d5863508a7aaab,false
0920bec6126271a9c600d70d8569b301dcf2fe0e,false
098973797183a2764648bea2a63487cb789b38c7,false
f1591f04a65c4442dd958f1faff31b8fb9788332,false
0273a2d601f10831e4da6321338a55825cebc419,false
979574951141585803b54a4dbc776451734c9ae1,false
942b3eea2a15b7e6012a833f8b715bb52c77c541,false
25d90f73d1507ff00ab20c9e4b878b76e66fba84,false
e4a764d59c56c16a00b58a1b4af89a0f1207b36f,false
b3b617714b01efda80c80610a21c6085f8e38762,false
6582d0b3d494058214304b392d235dab562421cd,false
6693bf6f4dc5e07c9b2240cc8b7fa702d46df4ea,false
336eba6215acb972e39ef0b95c219a5526f3b2e2,false
d1f0e33c3c794a5421b69a4cfd2cab090eebf84c,false
27d45a5d4cd048e757aa2b8e1634cfadf3a1e4c7,false
0d04744e03deb6f1d41ad8ff80063428a99974e2,false
0a4959a2232fc7984e784081c7faef7ed5a21561,false
ddf8da707588ce460cf9225e6ba945482b8ed3c2,false
0a1d4fe907cb53c7fe814f2b2bbab3364ba2d6dc,false
6ad2a80b79500203f8fdb82d48d45e4b1978c6c5,false
a63c161594ab1c222aa9dc604daee289ef88ab2f,false
9be831c780920a4179fac63916a0bd6e39a959dd,false
42f25fba8fd275f09a4d1965d5f0fc49ed2f63b9,false
537e0d9c2aee08cad0eaa91958de152bc71a3c9e,false
13a45557eec06558cd4d752b2c2f4ad4b079dd53,false
e68e895ed06506d6a1f8d3d22f40670d88dd454a,true
53c2473a6ea0c6b3ed03cbe6d531a4772bc76136,false
8406d2d939a6d1cf032c44cf72dd761c9176c7af,false
1475bd8bb44046b2dd951d2c59dbdc05962a73a7,true
05c9df8cf77c02664cbb9c8b1298ac9b963850fe,false
db9bcac7e8d6753d1c4cbe3ce962a63ed60009f4,true
f6f34496cfc8d9650286eadbc269e8f0e3f7996c,false
77e0436d1280545c03c0a4890048ec3e40ff9c3c,false
af8fe295975c9d2bf5b2bf210ea2bf3f76dca57e,false
3c3ec65e8083c4692f2ba88ea4fc4e9a0f9a24e1,false
8c6df4d856d53d0fe59a5584e6a5468e5e95240b,false
b89eb9646a732257ece88995e49030f13b9a22a1,true
580e224d33661abb220cbdd727d60c754345d939,false
5d2b3932902cce4bd037df4c9d54d6aa85ff0b06,false
aa9eb4818609be79da6b09c23129f377a21ca517,false
65667fa13e663dc324d683e61bf37a45b7308899,false
65c112e4278fab49d5773b17bd05b6a97f9b2ebe,false
f8adf33ba964207a900da8427741896df796541e,true
599af339acb29df3e6d2637ecfadb6cbb4812a83,false
d3dae3aff67c5c1e95d1743affff46308a57c959,false
ace55e575c6e0b9fd70f4472f40651169430e2ab,false
61cad9a102f937a251e2a7f8c342512d4520b54a,false
28597d70459cd0381a7507d97b29cd69762b67cb,false
c2b7a26239c1cf086733620ec4303f3a0b5cac4f,false
0f306f2a88d178862694b84f627fd712e761c3e9,false
3948e098a858945677e77fb492bb2057ed2e611e,false
06da288632548eeec378fecaa9ebaab50d694fcd,false
b15ff3970ecfd2fea31728832c678fb7d280c711,false
96cd23fdf90eae517616631d04b10c4d26e0d0a8,false
142a5782d26b0a7c14a8edb668906c20951d5963,true
0ef6917af871c27a9a1b1a07c153dae540b1aaf2,false
bf1e4ff956f8ffa3d18e84ab952be60ad8d36186,false
8f033749bb319012d29a6180c5da2259b83a3b1b,false
fdb340608cbe39657e12802bc6997ac098b54538,false
73b2fb92b580d4dec388d66950f09fe016fab61b,false
18f80c5cd0d4aba7ffd80fb4ed0105fb9645bd89,false
ad6efe07ddd504ebfad09f91a016ef2f93616ace,true
db9be9b685ab2b00ece136ec9967fb28f2bf73ae,false
37239d943b32934043933f587f8d1bf96de925c9,false
706f77ebafb4279513f4101e3771453beea8e0b1,false
ef7c4891d5c886fad0508754f822acc62c3ce64c,true
50d3e9898c22eb6fad8379e24cf25784f476dd95,false
46833dcbe82baf75842009821317eb12c3d4aa04,false
7fe3244cf921f37531354faf366a67dd26d6a85f,false
0797b98cd5b0e077e1b29a1b29a00dc82d793a1c,false
8eaec1416e96a54967e8e3eff166a47a8261e06d,false
ff973b723e80e311d081b54a4f6097ab534d38ea,true
0bdf58247d13a2787cd938a85dbe3b0cf736937c,false
74857cfc66fffcb5adcce3118e68ebc8eeaf81be,true
82b6acb8197daf2d61b09c48ee6eeeb08b08a4eb,false
71a6f15c0f5a6b45ba16c29b1cce3e335bc1f1cf,false
6ea5b23d70ddb9e4fe26d151531f8af5158c5495,false
ff19fea4f98291af8a192ac3f604362f40fba1d6,false
0daeda3ac4e1148698a2a5b2d0aa78749747cf01,false
f682b67d44dbf4a8b56afc57e0aeeb8e541bbaf3,false
ecbaf01d921ae91d82c72886db6e48f2e952990d,false
0da0d1582821a106022c2c117957e0f1dcda2d84,false
2a4b2dce37d9a4a9c1fcce816923e98905b4f5b0,false
f224add52ba2d723820731356a17a83c0a5ebc5b,false
3347daa4c48190ac35f6992d6f28635e7b94a5ae,false
863916a74ad30d7447c867fff24f538d15f84e17,false
58b6429a77bcdc12d4ee1b93837e532d7b138c3a,true
c07b908ce2382540297f6095e5ad9f73977a70ec,true
23ccbe0066c3e374b679743e0dafc5e9139c5c34,false
8b1f89949ffe52992b7366749727b94bffa61c3b,false
038e6df2b82b3feb13546dbc417456351a2c7ba7,false
318ab5f4130f5bc63e5dd8ef8df9870a89f21af5,false
fa1abcafe4de71f2d5d5cbb07e2d04b2615191cf,false
5d27504a4ab823386322e7941ee90508fa9b0e97,true
83e33de5c04d7a538793f9531273a215934a85d7,false
4f9f3034ced93a301d572a1460a95da3701aef89,false
b8abb3b6f52edd572f2b7a2f81b619b0a6f291e3,false
a18439612bb1067f74c23f0b3c8a449845702246,true
f874e0c94c06d4cd676f0347b0b6c4416d4a604d,true
dd337953659ce97af9e464a1795eb6ea3eeb1574,false
99f31b56db8284648389e60afba6c977e73c3cf5,false
54b731220f95545a77fc45c80fb93ffeeb76299a,true
d4e0a268f0fc0f75938f3b5810a8431ef3a148d1,false
e2add8f1f3012104ee9e8c15402317fed21df9ee,true
929f2d02feff29b7b119f73f865dc26e2d1b1ea4,false
53ca71bc72a22aeb70c7fd96d822d2b12228b2b3,false
8a0dd567711bdc9f4f7659032ecfba1b9ff843fe,false
5a19eddc73652d3dc65a4685f376cadc2e4b4752,false
8eee5c561d9503c7425ff47b50ca90576f761595,false
db26afaa1c679086a8a53859fba03ecd4e572b90,false
6e5e0c7b5ab9ab67eb1709838ff8d5cfcbf970c6,false
f9c030083dd95dfa2ebcc48b9f7401f305a677ab,false
6f5673a83982f35f5230d118958d3bf4cd2210ef,false
0ff39d2f47505b1f1789cee50e9aaacbf44cfe7b,false
6605d4cdf3aa55a38d8952630f7067e163d1cb6c,true
db556f20565d7a8d1b4157047ab40063a22e2ae8,true
0263b1fd9fefdce0c320d8f25371a57df58c7606,false
3718fa0171ab938af7c5781c12564dee4b047ea8,false
38ccbba50af31d28acc1eb7ff0ba435065e1c89e,false
8be0b68b42fe06214a81e5ec5dc594feefbdbf4a,false
6a2cd0f0ae89467a6f87d7e5d94737554b032b99,true
0ec975681e075bb609c182ff0f22bd91ab2f1067,true
a6e1567293d6ee3fb11e0cea01a3d79508100949,true
14d610ce7bf93ac0d6d5e26b3e032ab555bbe283,false
09f0033206e434daf2e7a7e0960844c8d684a78e,false
b4c9814af7ae44484dce77a844647d6536139176,false
342e9ba3e5044403f4b7453c78f8415148d5009c,false
49eb390973dc79b591715a0f78d0e23128b195a4,false
31459c02a8ae35612351ef7d9dcf74ed80f53484,true
0ae6f1885f13827918076b3949033b9b339f3536,false
292194a0611889c8426f48c8db576d28f1464d36,false
d27a40625c278ba2270bfb3e5151e09d3bf86073,false
9e0423395d318f2b0d8ba141ba71d2df75447598,false
4f070bd47c8a0f4c5b7e65cdb54866529965d3de,false
6d170790a879f18e2a71d41086e3925da32e25f8,false
23f0c9189df52e814a18aff8d61b59ba21fd0c61,false
abe09094e437f5577b14429b43ac66b66282e1f2,true
e880b655e1cb056d668858965ffd38d38a93e320,false
87a3a81fe1861f8c1523d3e0fcf1b2a19f21410a,true
17e31045401e3304e08be5f8818c3fddc3842331,false
b11f67d787dda12f30db05adbcc678f10d246cb9,false
b66d4e99937f65a9fa627041f41d39688df18649,false
b99f3046dbc9f3c2c62cd04b51b53a052ac22e9e,true
31df414786070baace536b65926eed5ef59f5c9a,false
952fbc5a779bd8b240e26d612976389426b306b1,false
579f40e55fcf569b9b969fba92c37ef137f22fc1,false
66b25f2323d1b169cab10359225f451cee9c5dba,false
f320fb6da90029c21abf7300a0a264d98d59bfa6,false
9356e2a76c7699c079fe27a9f83352f2dd298196,false
13e621095cb8dc392f6ef774b469e33ad9a011ca,false
f3c2a5c40ef30cc356a3e59c83ca492cc13ef83b,false
cdcb60c35850e1b340e3fa51c7efac9d6b95d62f,false
9cb5026fdee67256b70ae071827af59643f4c28f,false
eb11d4535ead9e3f67e444fccfa250705902feb1,true
c7a912bbd65dffe991fd9dd02d6e4e0b036807dc,true
1a9f4b552b3d9fcd572251827d0ed8823bced172,false
ab57d19cf816f449b451610dd843e3c296b8ebd7,false
dc06cc10bdd6d12aa67ddc5a97f957f82f71715a,false
9dc7c1002e720d0e51241f2d6158b3fa2698b0e6,true
c4c983b27f8b7c4f52d19499a0f140622901c4b0,true
4e503aaa94870689101aa86f6d4453056cdae11b,false
2ba8192f93d740fd0249e8c2676503c9b89533a3,false
a6d941b8926a4e6ce4682ced97570d6c8226e1f8,false
04ec33fa9b4e82b373a3d28b93d91a1ae08acf0c,false
f71a5a098c0c13d12bac26db94d3b09adef0578e,false
fa1b2689151555b30d06e70f34a7a6d26a64424e,false
1b9af1284ed5e95b6e0eb7b3346c56160ad6295e,false
5a5746b4212b7fec4c6f77f561e05bd79210b49d,false
c8e116aea6a6037d5af5c97bfbf25e23d7f1b634,false
41b690d5ed20e2ab97c8af3843a0832e35300e91,false
6141e3e1b8349ae56e5d6c2abcc728be51be2011,false
78012aaf1164655bc50a54818a28f8af1caacde0,false
ef5216128fb590e090fbf1289eb92db4387bc65a,false
f5d935d9547d09aab6559b31281dde3cc1eb331c,false
14d6882d09d4a728e7883360b23001c4ccc73243,false
681098452743e6a0eae48500d2bf11b392c12f1a,false
bf5b3cc1ff506f46093616cb5c5f9e0f7ea02b08,false
1c820d159c8d767c257abbf0108d9f6437b8aac0,false
9d2a7e7e2e0470a6b54b2a51a2d3964778c6263d,true
5402245fb1d8c2d0746f0ed290e0420d72f153e0,false
607c78d0d8284e894adc850c3e18c838759b6ee9,true
01509007b642203b2295f6dbf2f0512dfffc98d7,true
869f1bc264faa6321ca2b8865ed2ffee61b704f5,false
33a387cea58b71c6e2e36e169786bc515a8319f9,false
0d81cadb4ec47f37a153f1d9011432cd792d8284,false
7bf435ac144f50f3ff0fde9e95859a6d054b1112,false
24a1bc876e4463523ddc882b55f3aa663a153699,false
c97254b0aecfa169261e21500941e4ea177e6039,false
1cd57cd3094df091b33902a9be0e5aa5b22fb656,false
19efaa9e625660f6607e100736d9e2fd65a98457,false
75ce17a29eae163f39dc7146ea63213652cc0adc,false
038c0c98507e4e7b98112c3d26e027676ed4deb0,false
cca4564bb4aa9f0313c5f2cb8797e20fafa21d80,false
2f0923b937ad2b4a74e96edb7b7af0bb7a5f5054,false
39d43f073e5dd36baa00ecb5081f6912da292d10,false
83fec638367017099003b30d4c2fd9ab8bf5076d,true
9dc4be2fb11f8d57b5c7c0366892faa5708b0eb6,true
07d4c2ed6b3c0884a2435846c71ac4a1ec1f7c51,false
99fbcbe7ee21bfd77c3e11c529d5f0a9359b0cb5,true
89d4ab735d72832cbe7ced57175fc45f80ea894d,true
7c7c3fd1e5dc5e81228e8ab36c5255b814e6a883,false
667a17576f57f0b073159e6e192dadbbabe5f1da,false
730052bff2f168928306b45489bedcfd69d20c09,false
27c94120c82a3cb6af78e09ec41b0263cc763d4e,false
fab65092ae382a53b2b911d0e4cf95ce35c56834,false
f3f468f2fec8cdd141cca252ca16293365586546,false
dc1a48004aac8e2805fbcc419aad97d1a9a40656,true
a37544848754dc47766acf3bcd197c2d47364464,true
fd10d44edc280ecb7f39713a9e39d45f8ed0b33d,false
5c050841b9c9c7bf9a098177a6d4c5f6ae8cc25f,false
18fefa85e3d289824548724b5a16a6362454ed59,true
a7275ac2b9270acea331d77b4491e416e6b0af49,false
751a628089765b34e6f1ee2bc0461b599112b8d4,true
6490c8ee08b301d52a626e7048d75e86a913e23b,false
6b2f0c92b5dbe9563a337ae4869a795cd10f2b01,false
22b31a3d307961dd21daf353dbe336eff35c5cf9,false
4b7aefc24087302510f32fa2c64dca514e1e63b0,false
c95b0d89a7e6f22b01d964510162a003b35c15f4,true
86564c1769310ba789cd6a21086d9518421bb7f7,false
b2746dfcfdcb5015136b7f80d220f5c01981c8b0,false
77fd9d1d1d466f343da1984058733d3480237314,false
40ad88672b2170e03b39273c7d0b7a6327bec465,false
a1bfa6e0b6af4c78c622147e67ac9de9b55383a6,false
60c5e7deda0da7ac93b5316f754819e7c8a1977d,false
48d1c2d752d8b2530805bdc48577b139474ba699,false
082e5dc14ebd4f463a8496cc13365de729b45804,false
2245e5fce42117548f9bf8c65069fa3a325c95da,false
ada1457e6c034abee29512e23fd98c8c2fd2f84f,false
31d78f01f974f278e4e56bb47e83624fc4824305,false
652e6b8275a20eae3954d7aa99a6bbfe7db00a96,false
6713a7a20973b978a217f6d29d9bbe56a5c039eb,false
b75f39a18f545b80b784aa63c5f0d8251e6fc029,false
0b538a762d7f5e9aeabdf34ed5f9d2c09cfcfe48,false
43fcab8b523abedc213a75f87055be01d02159b8,false
ddd20cdd3ed659249536bb0afcb714cdfc798c3a,false
e57082a297eec876c0523621ac0091661316501e,false
fdde0eb94a2dadd75f55ff7ff03623d22bccac21,false
43b5283dee6e7ad1c71850884953285f4be57be3,false
f956eb88adee0491cd93ad0c34e1a47af3f8a1b6,false
60f2da13db5ce3366b1110236cc0f0985321fa77,false
03920c8973d56117fdc84e30705e3eb81b1dafc7,false
a09b45e3784028f563be8bcf9cd8b465ad8dedfa,true
c3dc747e86c2f8d26affa51e9e4e44deac7787b9,false
04b77349c2acf989d48ff7182dcc671321ac6443,false
50315825af5b6d0edb0dc50d24aad73a6102a5b0,false
06c22448e6c8177b97e58dd0d6ecec206c5d7040,false
a9d0ae6714b044a6c22faef5bb00c03ef6214dec,false
167d379b46656cb163a596c020f306d36fb36951,false
d87168e189638917879c406fd2c6401c3988b908,false
0928599d6c95c5375ea5532ad7ca4c18acdc304d,true
63b868b3d9b042fec6cb4d85d1718bc07feac948,false
480a2c76eed14871f1c2836c8165dd8fc1080f56,true
e9ee0c8c3379c4fd8cbfa8fc858251f101803704,true
6a19449df0e96a79e57058eb5d79f0c1b24dbfb2,false
1fc2af58cd7c443d8aafc7a949af053bf66c00a2,false
41f5c6d3f68e4f95cff8bdd2293d42838e4cf146,false
8dd36e3eb6c7899b466140b09145a87a0c74ed7d,false
c204010b6643d2b1be75352b8d05262496954ac7,false
e7c8e2838abfdcfc7dd65c71b19a01609757605c,false
c217d023ad259ea9956df6d2b572d274fecdaf2f,false
e721c903629f7672da8ac69509e0da4087f15fd5,true
8d4beb1bc14863af9cd2ad784aa1af907430a45d,false
9627c05d22efb0aa79759af500f0f29a9c92a772,false
6edc9dada338b34e1d227e7b9b344c3c9f632e9a,false
08d9080fb4609aa8ddff5928defd56d5e01e5009,false
db659d187eb47445f6d68f19d77ab8b579e95685,false
da44b1b0ec129cd60abe43314c9b519ec656ac33,false
435a3cd867e01b58a57cbc3068e46a3a3753590c,false
8c9b798bd8d68dc370115604f32a6588319a744c,false
7e46eae89e520a206760de7bbc89742abd70652a,false
67f375381ef262c71a13dd5dc06bbe9c97ad8f38,false
2cc7fc4ccbbe6fd21c224a11852fece6a93b6ac8,false
e22864bd956040ac8be3061c8ef0f23e78144c38,false
727127a8a1d1bcde4931df90f08932cfdfe5fc76,false
b6b1a87f14765c40181404d237a2ecd2887bd119,false
84e36b39a5968b2a89f46e769e5ec06464bf3366,false
5f3e18a00cc284c5b4add2d86e62aa323cadda0d,false
4f26620534d0e48b0bb3ba5dff7cabfb925b7717,false
be09e280443a6fd14295378d41bc277c7ababab5,false
61c023441e7941b72ed19df9476ef7b8d4c7dba1,false
9ac9415a790663d46fd99990b710aca47ef88261,false
9ce944d5221af57f5008b412a5068c94f9dc83a3,false
99f9ac539b19c7ea5dee7ef4038f1c40f2853bed,false
6be7d59a4529cfc8b621247971a0a9f2c6acb535,false
02c80a8f9b52812cb9b87a1da503d20c94a9c704,false
548081e59b7fe93fbde37a24698d8ad9c0bbcf0c,false
93f441e09cc7991b5cbb8fd91970817ec7e77c88,false
d658dd7f7984aa5831d6a13a064b7388531c4658,false
d877006e464e39a46912e99680a060e339840e13,false
0ce0adf6d32b702dbc7b8f040cda56c5854a55c7,false
144e32924920be34a5c8a16541b1f08ed9173968,false
e227b54dc402ed66f47ffda4b9197b9c4ec6dab6,false
fbe31a68f57e7a84e9aed4cd9183928073080d95,false
2f7d21d01af06f387f3f642790b68ea6456ee32c,false
7a1667078ee7aabc1192d901197b4253cc2f6331,false
cbd234c1e3db2dd2e0fde25bb73d41b4489ffe3f,false
d4b3c44ead3243f5cfd4b13c4be01a55326adc0f,false
42ecc6ee0645b166a9476f0078127f8412dbfd8b,false
884429d786b7f81a0fe55e81ea05adc00c0bdc88,false
9101fe100b1776fdf7189080fd5bcc7be19be64b,false
f2958e1b0d7eae49228366b5c5ffde0b7bf59767,false
be45976fe4708de1d9ca74523f9bcbe536bb856d,false
4f7ebffaeb3a57097dff9538412da873a4bb59b9,false
673c61f8571ef1003376909997021a1c22306250,false
684e18665ebbe56a37f255a5783432efa387c898,false
630d02a5268549e827a217cd375593d21c76b56e,false
baa2bb6593edebd274f17cc7e9c21118b4962ab3,false
fc4b5e678b206e901a2b33e46aafd95c350258a1,false
da956a386a210d80c700e7869659039798b53760,false
bbf32a9216054e8ca6a91e7f44c87f28e75da481,false
8e409386663dbea082a0d1c5e6082ff58847ba39,false
c26e450ed75dc3e9910fd8cdc04502640c031b29,false
611a9eee9fbebfa2166b41d04140bcce5495ce18,false
4e7444f737aaa088a1c1facceae043c54b1e1b2e,false
b46591641913f18fa7f954890a7d25c95ee7fe81,false
ead079da4c7b4289a92c7cc5c7a2a9b4ae1f994b,true
1096e3fb165f27d00d90d050efda09b7ca04055f,false
a19b2869f613274c8c0b0714eaa7c5d012cdaed6,false
f7845b0251e964ef84b32a8289f28753b999376b,false
77e889179891bacfbaf9d91a6eba3959f95e553f,false
537137a69c4484a71a77ad08b15dbc5649fa9bea,false
48c9bee2144ff4d75fa67f9794512ede699f33d6,false
6042115a83633fae7d25f4461f530fec23186694,true
1e02c033b5ec2a2380770bb572cf54cb7d49527d,false
9c05cb978c6f3cf4f6b4ae77ed08e69026a457c1,false
622c8f26ccefee0b5879f1f3f91f0e6efadf8917,false
5d340be9cf338490b3c926749d172ed94f9af567,false
ae13a051efe72552c4c61b102d80f4dd022dc927,false
03b6596ea8419fd8cdbdfe98eaa21ee9f3409873,false
ce205e2df45982489a218490b23fb59a4e9d5351,false
7b43a31e6ef67a1a5021420bc4d14482a76c81d0,false
33f93e0df7825fd511fdc2431335886326ff9672,false
56701a6711ebf119036925fc5f898bf4ddd8451f,false
aad27e03ea4c9a59a747a92a9654c0d60824d1e4,false
1448d0e407f02091221f2a76b17a7434a910dfaa,false
ee66be79faf3d9ee10fac95273cccccbf613d1fc,false
9b49e9b803bdea57ef45411e563f00cb4b5ae68a,false
c599411404119f55ba21c536d5259a1cfe7b001f,false
d36f0ad66219a11ee5323edd894f3978615b0d4f,false
72fc4bc7f5b4b078dbd5ec9a20129f7aef3f50c3,false
74504e462dce7d81de2f6c2e00762d825195b73e,false
6f60da0fdb810ff915fdf16c672a0d43c3c15836,false
1e9ccccd754eede035a630df6a0ec4670f24d1c7,false
cd22b63fcb06c138d2f4a681c80c70f3fe2ca25c,false
9e1defda96c28287557cc9ea8c24e84eafe5f0ce,false
9fc38079f50f75892136cbda8b6bc0ff97c3f82a,false
cc2cff94693e7852a9e10d4e7ac202594c219858,false
2a4c83588b1f71b50c8602767e24178439110c90,false
587e8afab1508db45c5e5f2e7012bb6ce0b947f1,false
4c7f0c829dfc513e8eb34fd2c096934d1c2f9a55,false
1f3ea012e5f2d423aab77d3606f6ea96f7c25e5e,false
fbd5f04ccf05733ded7c921e93f946658e3232ca,false
b1c7050149326b6a5713b1e034ddbc27d679d965,false
26749d6cb09b4a5b94f48e02cbca11d5c2be3084,false
0050f166ce9e5b6c2e3f76f9aba93c8e2cf74e2b,false
12782e068369c83eeddd9f37d5daf0943a741c8c,false
1acf7cf93289c34b7d839e1f8dcf6076ca2533f4,false
210152627e5eefc2c3b6424f917be51b91784309,false
dd5657226af4061d20b2888653376f6bedb57e4e,false
2eb85881e597b8535a5647909bb8a79489109111,false
b7eb8d5da10002d98aeda413d78501899f1d5cc4,false
12960b3f75ae67541e9a46253be7c7e599b44288,false
56daa543ed5ff02042b5f6efa33d8450d8e744ea,false
95b07871ac177918bb67eeea780ccb6106995400,false
7218c12b07fbc9413894c391c0165456c1158046,false
f6289c39127fb2b7b0fe0441566413ddfc54a4de,false
aded5e66bd34018c0d2077ca5cb3a57c419c8b60,false
007c9f4f2371cc1a88165f2d6b8731d8c1c4874f,false
66ab28c2feee592189ecc887da6cbfaa0805574a,false
7f05d036085c91d69f6a1e037a89bb0a6f0f7548,false
da847c89e012ead161c4eb7d9982d434f5ee2205,false
cbeb1338852c59851631db58572420e3b1a034e6,false
b383299a322608b3c8f662c8cf1e8bc918793e38,false
75771cf5c821ac22a347f2cc1a05e4cb307b1d65,false
2c7c45cb512dba46c3a2b845152aabf576b03b7c,false
8fc2cdb44bb33a0ea6e88fd24634523e3b416cfe,false
8b5911e794f73a6a95757d16d692f2b65ca875b5,false
1c2440c1478754f582c7cd26802855fc35051b54,false
4290cad4274f0ba78fc1ea0750098cb996623e82,false
4a811f8b20672decdb19384a8f5645183c37922e,false
9c50159639e1a6951a1b3af3e3f2590a73c33580,false
5217c1e5711805d06d22f0c6f2d23624901d7ff5,false
dd5c48ea785b32d8541ff5de691c7cf0c119b619,false
3162cf650d8898af92b95022f528c98b41a5fd11,true
88130b75204e4566e2ddd6746a000d3a79177099,false
6ba4e0cd8e11e90cfd4f191b894f9a0326ddf937,false
63c410aa2ae78b65680e9d36589ff23dc45e1373,false
75b10889aa71f2040741c3bbc9f5bc86b4075dd2,false
eba16a5093b1122018c2689f84f24d14b6e320ff,false
d8a6c1db1b5b6af20f45c5b8e6d9a3328ee0aba5,false
48158f18f83b1d40ab97bc38d0daa02eed64bd51,false
d763bd58580f1885a154482015756d6935a73c08,false
cd7a7863d1b05dddc592e2613934547742204da4,false
7266e55ec5129c49438a3540058ad917c9cf87b5,true
bb6358528a07912a937e39c2d08b2cc95fd9c794,false
7c58d2b4ef902eb9d64b494a39f44ccd65c589b4,false
291a907ab1fb454365a1acecb820ffd28b8c4353,false
c25a44690321dd634e5966410ffcdc79759836ff,false
922215da88b1366f262afb350825920e7b5f9dc2,false
919110cac761a28c9ac3e5ff2e82ab58d61d856f,false
aaedd929e8fbf6c966cab33bfb909a73c565582a,false
fa05671a5278b226c6d3a4bbf4604966cdd20ad2,false
11b2a36920baf5731360f0f714aa79ca85673f0d,false
e70ef8e5cd04b22fec658807c531fe6bd9a793e8,false
90233f5871d339d8a9cda527edb647c4e53ce7de,false
c24d1fde8f0361ebee412b094e6639b2210873bf,false
22fef18605d341eefedec6bb608ee5e7938ea848,false
5662863a7fa653fe8df8e7f67b4640331009dd1e,false
a6dcf8386ea054c440c4bfdad38661de36fccd9b,true
fb53a551ab8af2679db6072091c1d6fe5cc82242,false
1376f49a3e87914bf99878340d0d6f83ea06bc6b,false
e8756977eb8ddb26e8de493a9d872fa50b7d95ef,false
2b65d826c08af5c045db6d46d40302c9477918d3,true
e728fa6b16060dc0d09307977895486deb03fc15,false
280e3f97f86d94e9c7e039d6702314d2b7786b48,false
8c5fbacab1a795c80390804e78214df045003d34,false
eda544a5caaa0f5a8cef42f124852e4107c6ef05,false
c29b823d02c9dc2740decddeddf99aaefd670cb2,false
3a901135f303e794f5bbdd144ae7d6ddf9ccb280,false
2022a51fd7c985776df5312606ebec96d37192f9,false
a51182efabe7ea57f357e7f899af8e8d6d8919a8,false
594b3df140d5db17042b2adc931b3471a7770885,false
dbc3639d4ddc93ee6f9d7b73357396ad0727f4de,false
1033295745275f40109235a649ec2732faad203a,false
e9be5ccc088d29cce6c45bdae85809e377608360,false
43b3b0ae7d42a4218c685544dce131ba282143de,false
c9c295013b275565ab34a67ba8c3b6cb7e7d7cd6,false
20dc22d0c2fdf2afca7b3aca543a3c0910ff4ccb,false
3155c107d57e0f73ce2cd65ee96e42627e26ee7a,false
1452b00e8ddccdc4c9ac872cff6c8350f74ce26d,false
f5306f90cbd397dfec802ae7f2df8be93454db55,false
9722df0e9593f6372e35b9f30dcf48b18649a742,false
ef254a5ed6157c0a9127bab43978842f0d015d16,false
e0dcc6650b9436f0a2f0582e69d71a83e3b4bd05,false
a8cb320fb6f6821cfcfc17d2ab48b82bddd5fefd,false
6257732832bfdce43559f9fbb9cc6dbc6d3ff6ec,false
cbf8720180ef2af5e6eb64e997c56f759d4b8780,false
93dc1af6d5441c62baaf5ca07c2b9989c440fb90,false
8d858e81e82c541e1a929d25c96ab22f1504c164,false
fe8474ca635f5134b29c569082b43f6ae2a6ba33,false
f8f9efdfc02b541bb6715cec157ca78c4c590d16,false
c5092f4cbec8f25b340412b2ac5dc2d1d6bff758,false
3de14a5ad59d5fcb65ad3a67bda2fc63774e8928,false
2af483be8b477c2e6949b4490143e463f9765a67,false
2c7c754ea0349e724d0697ce0d00398963d612d1,false
51b1c25f0b57e47d486dd006a207016e9a88c347,false
8c3c891fd312817cf6a5b2a44bd1cb5e845774f5,true
d9b8b33db2870182dcfc2f7dc329572f867eb67b,true
8333f0a243ccb14bfdeb01152a2b449b2f47b178,false
30fcbaa260e667f1e9b9fe35eeeec49bd8868464,false
366771f31354416b89b8d142deec837bd8950d2a,false
a6cc6f0513783a488541558d0903ac40b5680af0,false
8d2939e767deb5a1f029a7ce84e3fba5ae50065c,false
29e1f5f00de1170cc351ba33b6c25c8159651282,false
d66e698281507415368539e329c70bf607d1a8d0,true
27af520dfa5ab57449b1e4a9ec1e6ca66823f51c,false
80440faf06a6a172e68b70293cf188b2756a1cd3,false
48d0fa99fbed809fa96930f2d412436e1cc4e180,false
26b863e4ca2584c660d2451719ae7cf3aabf6e1e,false
0f0d6c71293d278a176aee9cd602bc268282e810,false
fb5a5a2d6febe03d8a5daf5769e2736d52ec516b,true
882946ab9be4d251f8a7177c8858979e32148920,false
4d1d75c351a6aba6857a073a16a4289bfe065853,false
1a745cd36bd49681bb05d052b6cf141b869e42b5,false
07203c8282f59f0948ee56eeaa12531ca838c887,false
802b50dda596a2167b892f0292e104e57becffab,false
e40d6cd5761a3062d6e11962edc6f4016a149e3e,false
2e6feb8912f92b3a012e463433457119da8f5103,false
c0621a2162ccf7e02c5ab4f2a8036df99fa71a67,false
d86793262ea33aa96a9bffb36354473c699c4f0d,false
638a71d8b7a9b8122accf42f485539758c8203cc,false
d976d85949f2f76938c15386c97d3ea64050baac,false
b700876b356849b1b7fb53102f8cfed68d9ebe7a,false
f0a74979a55a3c4a5d36e41e7975f5c3e927037a,false
e489145a553b54b36a62599d964363f0650528e2,false
221aaea15b2a8bf7cce67e6d6c7664a59a7694c9,true
ffe7bf98d5e4105a240b8f43ffee5a874180c3c3,false
d465e45d0577d73376f471c654780684ad03266a,false
cdcbb9a7cdfb1e5b0d851fb8561f5bda9fc6c59a,false
4cc651a9c503c659a87bbee6fa1d0ba57ef45afc,false
a1186ed6f48cdc7d14aa32ae2f5d6585a4d887cc,false
f67bb59a54221ad052f64a6930e07f283a1db6ea,true
ad781a78db761959965faa9feb2a5346c3081472,false
984789e666a850596bfc3261b794d28d1c5a1cb2,false
d7515aecf2d8ac2ba8705d1ed393f90db1da9286,false
4633c8c08aa1313aa020ffbce2ca384e2038239f,false
e2e7427d8a7d2a8e9406d9a1732b0d0004529a7d,true
35664650d26bc0d494e25144bedccef5501e7e44,true
c58623b063993e8bd0eb4f93a305844dea726e04,false
12290fe40be38ca63eaa242d535c4b547522cb94,false
6fdec44220b206ba27470feb5d56eac9fd00ff6c,false
7db55818b0f68135fa70a8aa66427b478d31505b,false
4ca8aa75f04ac25a5911c8184ead77f888b482d8,false
2ef598fb1b3ef29b85205058708dd1ec2e715164,false
3bac3bf8c28c6a395abd9b894866ce919315be3d,false
b4b3bf4db198546e9f386abd35357471f3824640,false
02a1df7f77e24eb1e7d150fa00b93552ba7e3cff,false
ca7e395aaa61d4d121265bc0296e913ae0d67367,false
a4c087b60ed9a950621710535c7e7f6ea99fd5ab,false
334d11d67478ce8edbe646b6364843f4222d27b2,false
c632fa2f4495c7d06e95c4cde4c2848e3fb7ff99,false
7aecfe92b302fa5b14586b115d9e20cfcdfff611,false
910b34cb585b334b5cd6bdbd276cb449bdbace11,true
624f1dea661cac3ef4fa0fb9d831b6ddd048467c,false
5109a5b5a832d28287691996d5b8dac86d3cf89b,false
7356f194cfa755a6346d09aca04e347c57899a9c,false
4d2dc94452fb50fd9196e834ba6b65cae0aa7319,false
0052a6632fb0de30d44fb6d8c4147c02489a3eca,false
9fbf6f3c56bc3eadb408b49595ec7197f3817a1d,false
ecd57ca11d55e395c9773c24de50e90bed5f657e,false
db18d7b31b19a6fc00d184f57cc683a37b3263f2,false
541a7fd0ff0bc49cd3ee4fee5ed93c37ed1b5df4,false
3e9a669dde7c95725834a1dd19d8f1279c277e70,false
cccc9c31f6fd12fa65d26d05e942d5419cb0ba4b,false
846dd20df85515719dac3618d71864f38b233331,false
86aafc855fd397c7ffd8b5ac32cf423428e8d3a2,false
8888b2bd0a788a2a27e3f5f29f3e516eaef216bd,false
4de67e83bde5572d4cbe8ed26267840058646445,false
892ae7cd8dce606f61082db5436faaacf2f5c5d4,false
cf0dc2199d0ed6af02413546be79b3c9223722ba,false
fab9ef66477f325e43656f14050574dc0fe656c7,false
ea31a9a0ed36ce301ce585d46c93cc491a82115d,false
9bf0d5165f00e4983a3f841e595d93b7d080d79d,false
8f620b0bda3a00ba670536f249d2712f724b8c64,false
72d32f767804505c188d057db6cf78eb391f5c1a,true
0049125cba624f9ef22ae20c1f88cdddd574add7,false
3af7fb5b84d5f617e2799e3d59aa235f47b24ca6,false
03a95d260721091f85886117387b7d468853b089,false
70b6a0659231cc8653e3db40afe9c31851d9e0f4,true
6c615e87a04ac3133f5079e145ea77bed2f9b80f,true
b29724732cfd2db43e67114750df22a9b6922676,true
5b5592a5977353486d072861790a451e1a69d723,false
04bd8847f393c8cb81d51546e1b8491224889e02,false
247ea43ebd242539f90d7f38942abdf3f47ea408,false
2871b4a8e9ae7aaee70824b3cff821d66b3936e3,false
c8a86fcb07f799e85cbd6caf61880a3d8fa0d9be,false
a0831c7159d25e16d6596498d1395d589e72d365,true
54c544de9cbc03c01f7bc707d6454991b12727dc,false
e9d18660bdc8cc9b35dd9af44a4fbdd848e51c3a,true
7ef4db99b0bb03f4a0c06e82a1a7488b063ceecc,true
dab75d6ff7c18643f2e90b25234628c8f19798d7,false
45323a4877eb9ee68448a12b376f9375dda5231d,false
25c16780b54c0c6dc7d93f1f19415fa68575590b,false
6a230f69cc5257bb100bf711357739e0f871fbbf,false
75daa0f5b625db6cb1bc024d627a45a3ec198bb1,false
baa7e7422ee0db66809b25ecc97cf501beaaa9a3,false
3b62aaf5483d037831ed3751e808417ce32900ee,true
1667d1e88c77c539b0dd3148fe061f381efb059b,true
7699e87f61ac00d33efe3cf5fe90b2c9f9c59225,true
d9637a6387924262e115258230e97cdadf4a615c,true
41846b378b53510a400cc753a307ca9c40e7a8e0,true
3d89dac5f1c7eab4b156751faecc68f774b73e95,false
a2bb249393edea2b17348941ca928422b89e58d7,false
5134303b20b2be3d937443dfd2438bca72622e62,false
bb63a70e1f946b4baab12341d19292a9b53b00a0,true
a2b4c63436d8b50911f76d4f2520239de0389616,false
d26349f8e713ba4dd4d7cbc2a9c3f7e08abc80ad,true
83918529754bf7f939b21650506a06e1e43e74f4,true
32e0db23bc2ab3df494db92810ddf1d128f96815,false
b904b474b4e831cc4972f08ee731afcdddde815d,false
030304a94cf5aabe14420f965a170deadec791e1,false
9dbb1037316eead293e64dcfc149a9d7ea2bce0b,false
5d787b2a3110f76ce6e5353937272168eec69b1d,false
31e857151b6006c48726dba30b6490c9de6f3511,false
8023564aba753731850c641aa369a8a0aadb3718,true
80ed3001045c4b557ac62d3ea00e0a4e15ef58c0,false
52c1e4cc6dd475b70f1e828fe6da207aa9fe1c38,true
312f371cb22c087471a51b04bbd05d0fef47d33a,false
039b1c7bf1271e14ed0897757538e25fb4a31792,false
bf9f5e6140447fe7a337c06382149eee0aa4c788,true
2ac464b5d6b3f5aca48c91d4a62afed722c25477,false
ac87f066f61d588e16061e2a69da8db2c021711b,false
9e52ed8b3ed50a128aef75cf96538aa2aef769b2,true
c31da7f93fa436afa3ace267391c658e16826db9,false
159bb22ddf8e69a9af4cd3692c13f9ff95755bb3,true
74876ac26606c4286beda354d3868e77e1b78f59,false
ad0d6760936a3433731232bb7ec40be11eba40ad,true
96e759abf26fa87dbc234f5e6e4821ea7e15904e,true
ebe5c2b2bb3901a6e79f8cad5854ff0df0c34fe3,false
b093fcfc2b0111fad25772dcdbc0f48153578a9a,false
dfba2b264fcae6811fdeb0283cae137f10cb56a3,true
8c6a5750cdf3ea0a6d7c187c56f88be7e778a37f,false
5bb402a981fbea3a4d1654e6fdf8d0f551c7a472,false
ba60be3a3b89993936d5ead4dcf4ebd29894cc1e,false
ff8ad5af12477b0e8b7f9392647e194f72e16772,false
bd29612989de567a876340699b7a1fb6e462ae5f,false
c6470be9774eddb70540ecc2fec8809e01ea1554,true
3497428a976cb59212ef1ff36706258241191414,false
ba1b5643b41b8e602dc928c1d8927a861f923822,false
cc1a9064ae3b18445dda10d4a245b6eee2e74a2b,false
4965bf389517023db187ae4beb485ef3c2c037f6,false
e1285785422065fc38b98be298e8166e1f91c87e,false
9001d4308504bb51186a59762510206015452594,false
3ae91144e44a6307d76cc597384d8fba8110d7b1,false
e40368f48763b75f2101687c64c2d35522f3188f,false
68771061ade956043b1cd73449619d6d2f6f3767,false
719d89bcda53444ccce71ac7ca4ad06ad35e5c76,false
1ca067c88a4112cfffa72b52a2bac9978528090f,false
d46a3eb2ce3615ffa475c8516230316bd7c90695,false
d5c04d6ebbc8a96faa153ce1079fcd4bcde9264c,false
d2680c442efe5f01258c6f44782e6ad5ea4161e1,false
d5b74a049ca1d54be3a9680c6b772c4cf19c03ce,false
a2e08af7fd3c4b3aaa1c9ed5e1d5285c7452a8d8,false
428367e90df8148647724bf6db3f50b3be7534fd,false
8d31f43eeff512a476baddd1ccf5a3bcb4c68be1,false
4e4ecf7e4d10e9b8378894a89c3ec789427ea7a3,false
b45cddeb734d74f73bf054519d627c8ca0e69c38,false
d1f466fbf1beda1c881ef01d44178b6aeba4a50a,false
3da86f86f8a6e7023c151523114b14e7c825b291,true
f04907119dd49c833ae68335f240deb9f20e75af,false
21f54923081b82ede075bda04cfbf0a361a8d1c0,false
f2c007cefedbeed24523130225509fa64d3443b8,false
16cc0988d2ebe2d59f3633a8a61583cd162d0571,false
44f27fecffa442cea53fbe2777973ae45064421a,false
d36182150b49cb0cc7b6ec12301361c6bedff7cf,false
1abea87093e29caebedd54d74f9c7d2805752a06,false
db7ecdb6e778450d6b4cfa0c0b03792c9e008c75,true
5701a72a1ce86058c1a5a0d2378aa702feb0c60e,true
8ad3261b4018213a5bbbe693ab1626ebb6be65c7,false
8a8f3fc989e70d04099d9fb9d17d5171ca6fee50,false
b732645b2d22f3c520182b2758ac87567c3906e1,false
0dd38799e5a1d91cc1abd2877f6ed3c12741b9ad,false
f2d8e58366de08afeb85be298647e540fc0bb543,false
217970771a383bcfa3ccbe4e3a13cbbe0585914b,false
1df7a127e873f12a5117bafcb87b67ae6af6eac2,false
cbdaf8ad7e6c4da73940b2a92786d72a88f885af,false
af9e4b7538b1462de248daae62fdc99015bacf70,false
d4a7cafd45a47ca1e8ad1c0bfdd822df4b8ac0e0,false
e32a66170d22433e13151acf55e951decac3781d,false
5fd184e5925daa2fb1a0ff5b45b69ff50ac5462f,false
fbdf16e7455d00034d9aeff92b068c5bb667df17,true
3af0ecfdca750979d63eb2ec1e4ac72362e24f32,false
6eabafef0df9cb8eb85cb2c1f6da04c8399b8eb8,false
4abce5d5b619c49522a979daa9fc88ab0651c615,false
ca83c6e57e9aa2fbc0821e8a6f41c34719ae1512,false
2383f1d3bef5a8273d8af3fd4e6aa53640e1fde8,false
d8a21efbf72bf0406552111ef37ddcfb2d3917c4,false
ba025c3702a549c11a5400a2b1e0b23a1d586d04,false
ddf3fb4129664ea55aa0e2044e6598ad9773eba1,false
9de46704dd44b5833d84488e33278339920687e2,false
7f7656bf53199d4acc8a6c0d6888f9597f9d9d4f,false
e75ab7e77db2e576a095347aaf9989370a15dd54,false
81e9550dcb67e36d9805ee1d43162d186196644c,false
fa90a95cf87d8c6540bf43d43ec2540593839062,false
d935bca8692843a8acbce3c9f9f913e48bd079b3,false
5ae692b06207cab36278d931bb85c6b29ef1d56d,false
1ce13a46297975594a350878e852dbc8f0706795,false
3ecbf5e1fba7d358fea4f644e56d8fd30b786223,false
9a33cd1a635c0b6d44a5dc63acc63b6f614fdbfa,false
915849c19f38dd30c6e7bb0e517562928f0d0c06,false
0a8153a5e5b277f279d401db2bd407c05c478f3d,false
06e17599f4b02934731b84a8c8ef44e844a85e1f,false
d82354f81ef9a2eaf6ba91c5a2e74a1f35d16173,false
5b56eae1e27e4167e32a997d674cbdcc6a19e82d,false
6b4cd91023724b4e8e2906d9b29c0cf189cc1314,false
bc96ff653cc53c5e3d118b54724bc6dff9c469de,false
e15f83863986021473c5d943cbc992ba56ffac7d,false
780abe24b20782e133747ed40986647ad3eac4ba,false
5682396681a11718bfa970b3ec77ac93de2fece8,false
568c9e9c28b6b7ca77ccae8b96012cb62d01a7a4,false
6ca3372d9f551970553d79e6684b0b75b1b646de,false
76970848564d7951e5f97bcdb2591703d76075a9,false
5fd7dd6f034e0b9ad3ebf7b3fca85b09d6616120,false
a366a8ff3b0922fcbb9d18e133635cfd49064d37,false
baec9463151e47f5e8ca2f3ec0435e80e3317108,false
32e3f53e27e36a9d35eb763e6070b7bbd7dd3fb3,false
1f3da7f3339554f9d2cabf83606b8e2e8d12953a,false
78add3da011038e3db1547a5947ba3cdb7954ff6,false
c0d09049dc75ca06aacb146110e14e445e8e44bd,false
de92049880f461221f3d76995a12be2c182bc47a,false
1c1bc7a30d5c3b8175399b691531cc05f1486c02,false
11752c817a711f5ee2d4c84ecb1e9b669c5de600,false
013896bb803e7fc03755d06be2981dec21adaa67,false
a2425fd13804f2d5340e02d2bd8a234df2ec057b,false
bf34aa976aa6e3618b418f464a90e0b8e26dbf32,false
a47006cca96c98fc01b9f1ba9f890589ef0d6583,false
6e51dcaa4dafc6b32449e3cecca5486500909307,false
bef3bbd92b9702c96c1ffc4818cb691539888037,false
e9235e4a5a6ff9bfaf13d881400ae9b7bb1fb7a9,false
67bd015f00005051e27c1f6a9b2fb1ca72c7914c,false
102a7ca1c10dc0411c36830579ac71608fc447c5,false
ff420d7ed08b2148251ab90b639fecf8413ee3e8,false
674d3c8b4c28f8396ba2ca8fd5162ae29f07b564,false
bb2a75407ec4f0fb5a1998d359764229e07fad06,false
91e3b3a19364346cdd1324b0d7366975846d014d,false
78a3941e14f4e7d16a76349af22298d55550b56a,false
c41bc26808a06cc1b3248e9ed7c9def0b0a47748,false
72bf94f1ba89967b70cbf9a45d1372a8e9c8c862,false
26668c1614f51942ed4e6526fb785826fc3b5d71,false
953af950eb8afe41c66d7dbd8e37c4a8f5516e60,false
5df89ec818db2ba8d64659e1e9cebf666125ca5a,false
d21e309c81f41bc71c4780fa346a5dcc9088dd3b,false
c3e72b0eb43c53df93b5927c2939a1f08d37b282,false
d1ec9c4980fc0e4b22aa3511c04ed392628b9c66,false
b8b5bee653e6cffea514fb8ae974c665840f9949,false
e2f5a001e7892be577d452d56aaa589554c49c42,false
742ae9f4038f24202e909a130efbd7e94bf85d21,false
9d2a08d46cd0bb7f3e049cb3b6d1c776d0e0c7ca,false
003a122d1fb751646617c9ebf0b7a048fa54c3c2,false
4118d43a0736ce89d7254ffad7ab1c5e52827212,false
6d7b168b477d1ae69361691e23c63cea4cbdb73e,false
070ba9a00cd4c53baad12b5196069f97d94952b2,true
9240139ad50a2e26e8567087f77ca8efdfdbd880,false
88896c09ba2313f096f80c7f0e28c1ec0955c20e,false
4ccd513b66a5a1d6e5eab6454aac2414a4c1a648,false
4d13a78c4201d7235f1974b0e186e08af9a163a2,false
f0b1f97201ae0ed14a2cf9b6cdbeab7b0c238e24,false
7cef526be2a5571d38c53bfd58fb525e6188f183,false
eff1531353df38cbc3fc0184176a48263b4abfac,false
803bdb2707d45a9f90546fd5a729728f2a5f75fe,false
46bf5e3db1e6d0d3ebc853fe58db454a4180fd56,false
6fe50590c61c6577b3232aa1e37ba58a39cf461e,false
5b05e704fba2c0baa5c6c0dfde4827e50bea5555,false
5614dfb3d469884d5c8481f37e61ee508488fce7,false
631dce18e6593e4a9860a36413b9318df94fdba3,false
aac59d57503cb780b9371b75d52c49f7a0c1f1b2,false
df5b90a98288d3757268732a3f94b4f700d6a201,false
cca9b108b5b899a9a17924ed603b1011d3808c0b,false
2c70c2d384269f4d07baedf60fce3eae0079211e,false
bf947f7786858454c6fe79f48821b8ff95910c62,false
ba13ddb50ca6ecb3461fc8eb02537a7a4422e30b,false
4c62eb914e89caa4c080a96ff5e31af2c809837b,false
1e1f2f9112a9bc094f98783299b25d1a79bdcffd,false
9162d1ebe12c50f0254fec257d5225a2f3cff325,false
497a8bf9cc4761f551b5d813259d6eb6debbb357,false
bd3268c3fc63028b047c3e17c458665d5d752ac8,true
50cdba133229dd844ee229741fb8223258877f6d,true
cd60af5f2f1c943518841a0de2251bf9a71e7c91,false
25b3accf748d53e01ce614e86b41716884383843,false
d66725e5bdf124abe8c07c05180728c8c4d137a5,false
7336f789251f61bf762ffe6a521b42b6ca9698ac,false
82780adf4aa7211754e24fb12c91d14324dcaf7f,false
239022c696edbda83d493b1e35488e943577771e,false
717a4f8a2f3ea74dbf7f13c53502054bf534d245,false
f1de5190b599d0281b7c9a9dbcef55bbd83bef21,false
b204b7b5580a3425962960f1414c6e2184b3e7b6,false
e4e64d6439b3a6c022e863005d09c05b5c7487df,false
48e7dd025716268071836883ee33f7717a300864,false
c6b6e7659f6325c1cdffc4a948e6c5497274c70e,false
5e46c5dd10f9197018c526cefc7941b5174f9f62,false
92d35b23cea77697d16599d39ab44ec32d123612,false
bda50aee15666657b3aca4a7f4c81014f138dea3,false
c0e4c754f8735a9f5c7f701be8e038b2336f9ab7,true
6b8737a39d00ad58307f347fe32a96287d627453,false
9ba291d828fbd26d8936cdffb84bf6d458f7548f,true
796f1f47f75259216cd4fc237335d0f68c384a1b,true
ac34e310cf0a1f2f20cea0abf15e39f1f7544ace,false
60b67cc68fa088e08ee1df90b0500a1919a40abe,false
2b832ba70fa8e4ea8b4e6b1528514e716062da2e,false
e4525b10b862633ea9bc9ba1fe131d5f7739851f,true
6b83c85d39e31ed6716e015af00b0d73b72c874b,false
7cf2e790a25bf1ecec02a5fc2d8b3149e5776f14,false
6b00a78964fb1f801ee1bebc6bc09a05e054c563,false
9649c51384313dd4388827557e13f0ea2e767c7c,false
7cca5aaaebaa24de78f22d5299697d9c8900a16c,false
6778e4e2aa5304724ef5295b931068a88228d724,true
0ab9fbcfe075663dce96b2e06bca11f47986be47,false
02ad7c54b5c35fa3e537a003a72d1506aed3c8ac,false
ec5138629a8e450599fd444b839e43b7c9b55b90,true
d7528529538d3edc8a50fcffa3ae40c18d6ab7fa,false
4258742d8f01923a7399ea56f3640dc5e0f9439e,true
52a18f12d10ea8aeceb96cff4de90d3b2d9aabdc,false
2a4c6ab16e297dda473e1cf89f9a14ada90b8a29,false
84235ca972766771012175e18a0e3dda0a4f096c,false
a7040c5d749db49de55f095c4121cd20cae4094b,false
7e258fdd0933b7ec8c8e18dc03dcd89f7cd6584c,false
dca22be3ac06686968c5d346af1afd505ed033b7,false
660e616cef46a2ffc093a6be479b241eea644c78,false
522a61e411f7b3289e9a81edcf4eeaa77374c89a,false
668c88940105a55945a3bd600d461e22e94035f1,false
d84c47d3f2caa978c607cb231e90677ce5948cfb,false
593accae508736c8da29eb18266df4ea984220cb,false
1315e836b8d0dab42d2f0032b6a6523dc07b8b5e,false
93481196b2d4298efcc8dd5d794cd88f0f0bcfc2,false
df334fe94bfad97ed84d25ebb650b357a123f19b,false
8e1a9ea6b7788d57ac2374eac8030b21bf172c25,false
8101aa030e2c429a7b92291403b6842e60b27fb4,false
bbcb732a4529d20f6fb4da0f01694a6e3bfa2d60,true
e82df617d4e4e2d347e2c585207d1fac744ef235,false
9977111451e64dff45eb48267789a9e3a24978fb,false
ebda894684ed55c959a3a8fb68d725240bcc46e5,false
4d2e48ef8dc0952d1c23675076fde0ab02ef12e5,false
af5913367c2663a286c9e2a39a5da0d53c56b7ba,false
bf8aa4ef286149268eba1584c3773719b5bc6f36,false
0dbdb3527ac8844419c113fb0f8b259838bfc5cd,false
990133cb77b194a7e104ff51d17ea79547e02603,false
3e0ad94c5030fd34b7baa188f80b27ce6598cec8,false
2a09f67f0e3e5a6d66a4522058d55a6a70c92681,false
e3c94a99ca46aeaaec3f08b90ee48c040641e208,false
1cb999cf4eb622210ac3faac4507697a10aecb13,false
9654d65d55b41aa22618566986c0097cfaabe7bc,false
b58a12c2f75d6ee2bc85887a94d7288089bf6c92,true
b8c9c5760a3402753e16c1bcce9d9d9d9b506d20,false
62eca8b389e8a3218595b926df7182a55fd059a7,false
3783c8fbbcea5bab48d0ef7e54b2f1f20ca9e359,false
b4f24b614851431cfecbe61dedb2fb703e3b02ab,true
4b1f6cb68e62852a5fc83bdadfb9332749114fb1,false
a9647d19c952e1b04701f66e38ce49eb0857ccf1,true
9c6dc68d00789232f74ae62c58c202953d020d3e,false
166c467f3648b5e19690e1e36f57ce521f7593a5,false
68100322fd35737a9e2bcf8ef52b844337cabb0b,true
5c957d2aade8a9ac6a35f734b85e272296980936,true
0a2c6e32b2a3538c5717b4b00f5fd4c6a8efbdbd,false
cbbad8852dd40fbe0cf47dc7b732d1e2eb436557,true
490d56b6d66c920a55a1c3c7667d983a61e7ecd5,true
00fac39e68cbd6b546d01f19e8485944a103f3ac,true
96873ff5ac440e85c43e4da8d6777da0830d9c0f,false
97dce03358a794d6f4af9661838273186b34ba59,true
3875e4970176528ecc009488d3a3c0ac0518808a,false
5e07cc9fdd480e9afc659cbe7509d36569c65764,false
baf1519cb4a1fec0641205a1e2994a01b01c7fd2,false
12ab565f11a29e17d23a6475f82c209414a763bd,true
d3c5c30f9f282567809d32fb6a62f9c6766578a2,false
b09cf99a50d4fb291ca56a480699d474ccd560fd,false
7d8846cee2dce987625d98b9157fb6e6ced41970,false
63a87e9214332953ed91b65df0434ee01869e64e,false
e69ef1e681ebef47fcd46c7a8b8ee09d65e53843,false
e5a412c95ac8d47bb326b17ca484df2b772fca46,false
69d9f8f21dcc67530bc47dea2c323a10cd215509,false
db7397166b2b4faeed71147d7b5fbb6eb5c6e07e,false
d1cd3cef6abe66abb5346bafce558c4024c7e52a,false
de071d63dcb0da40cbba79ef359565a07738118b,false
61a30efd47ea199d141335093cd3c01cb93a5f0e,false
14070fdff6c58c207f6734f7dafe49dd8459adcf,false
2e2fe3874737f50faeabe49fb315de7582eb76a4,false
ae47431e121f14622c7c55ac0b19f33f61808140,false
29b5a5752e3e1b302e8e3c3dee5533edd86b7099,false
170244e9e2784c5a2ce8d9811ee92bfa67522923,false
c5f2185221c3ab2b5532858e92c6c6117db63343,false
dd21d6011d1a666618097040b4739deeb301f21b,false
16d3021331263f8150f81cd9bbca7eb75db5cbaa,false
e19ed44939f850902f8d7ed6b994c426eb5a76c8,true
058c769196f44f49aeba8a0c01740f898e63d8c8,false
2f9b82b3782ba25145f9e4b04b64fe003e09753d,false
c5c91a4f37cc0edc9732e354fd82f98104f3597c,false
9669f70a2c160f612c69dc33dc82931ba86f6812,false
00ae3131caa00fe2dcde02f565721ad8d546a657,false
eabed899880db7324f3c0597344c05bdc5a8de32,false
401291ee4fc4a6458ae882e8d8ba98b08c7e5aaa,true
9293d5e4ccdbef5a2229ef3eefb253549538b448,false
df4c9844bc2719ded9f6bf9d95173012a2f8df6a,false
742257df3efb105a4fa6c2760a9053d8aff9896d,false
bf40e8449506fb71876e17c196a7048b5e2aadbc,false
05859e917895e5036ff2b69c8d740b95bac3388e,true
85a9b9448709dfebc8e7dad7e177f2ee610780cb,false
c25aabda30a919993022620123559668a7ff1522,false
e75baadb762f1cca2568d1047bc9cc995fa3aeea,false
0de188eb6a77e7442c0ba3cfc29426232a42a380,false
820f68d038c1e3ab53c054dbd0b5e08df6947acb,false
3ee1661a6eaa9f2d09e95128f767ef824ade6452,false
ce1a2cdc6b28e76d90d7a5e46dfd20251e97d014,true
9e45d28594ad3712b22a322fc4a4ed08889c79ac,false
f58d07a7026691187219687c51b0f201fc325985,false
b82ac5adadf6de9a6d6dcde253d9118d8943a599,false
70ce83acf16472014f2f1a36d6ebd890716a1c1b,false
0bab6903ac31442fc3ee1f5d700ce95b6ce01e01,false
5f4372217c8642b53ed5a0ef44bac88d591f3098,false
27cd83df1861118ec3ad2edf92f415d25c6d7b36,false
8acc09acdbb2e0cdb59a43e8616422a4b9f93120,false
0459f15427da73c55e1d3711eba908dc7189e96a,false
0a527fed5eeb18f8918480cbbb012b4260f519bb,false
95b51ba9952b42b84a53331bc17d117614f4378e,false
c783a75a1486e5160a52e33b3c58042c7aff5495,false
fefc6533420d714546b3a35d3e965e6346172328,false
f67ecef657b3d2a404cb1eb396c2c1e9be663125,false
0da25b3a06740db47077d6173360107b41b811df,false
9c731899b202c8ae1af7c5c3878f8cd8d1678e8e,false
5e42850c15eaa02a28154554e77fd16fb1bd6e38,false
7532ce4c7a44adf6cc7b1134989079f358e750d6,false
b8781690e2de2bbd1dd385059416a94e8cfc923a,false
5f2240d086432d66d32a8e441e062e8f7937ae43,false
8701276e51aa71747ad40a4aa3700659151f40a3,false
023762720146b48cd6420d8fa1329f0772ef8354,false
9ef4e8ea80a5557e6d7375f00865a6c84491c67e,false
3a02170e65df5d407e1cf4718c56214386bf899e,true
1523345d1870f57f1a52d438f400ae8f085736a3,true
67682e641efff99e851067e707e744a6d4652796,true
282a70ecb60cf130a4f6aeb2e91387e559692c59,false
ca2675e39c789107a4f5bbe24d29f3392ab1d3c8,false
64d06450985e30aa5079e80474f3a4c7b7bf93ec,false
d998ee4f477b14f64a5051f16f28e1d807f0338d,false
3ff4becf02598d94f99f7615ff320e1ef7552b8b,true
8dfd645a95bed9d5ea7e04aeec68f556ac9d51ee,true
090072aab1363486a0dc2aa7e647a097e22fdef9,false
62fb690f6b3fa83edb0adb7a1b99e8f50f039156,true
1f625ab7d597898fd905cf4d517aba63995a7f89,true
5ee5cf8252e87cd3e8c31d6116628b07acb19bbe,true
25812ff72f06af6a796c3d781b42f2232aee6b11,false
1381bc4eac4d325c3901305dd134a815a097f6ff,true
a3707d7a1576e6a4d9078c24593842e96e2eac7f,false
785c74a56014c82e4b286d65b275cf675f6fc6ad,false
da00128688f1cf8a19effe7d96019e9204f40d2b,true
cf478664f0da681b71b5edbb7cd5ece3dec6bdc3,false
fbac520b08a9dbbfbe7fcd5b32f63199d0853aa2,true
843e7c15900f9871efa5fc1852b70abadefc0d6a,false
c4b1499037234bcceb3002e140506351f9a4ef24,false
390dd2a2a1f974a4653b355973b6d755bdf89e76,false
13be6a655c924a0bb41a69a6912a2c651df1cc7d,true
a07e43d71ba0ce9bda2f4b7550b0933b6c62950e,false
6c20a17db1f726b1944c4250e74858d9fd665776,true
4411dc4ba89bd0232ed0c895226cb0b4fed509c7,false
f60aeed517fac770f7f14f8e194b3ff816aec23f,true
6f72df144918b80eb59b3584ccb908951045d2ea,false
ce6d02e3738be0cf631d09bc3be5a9e3c5910bb5,false
e5d75812c61b67266398cd2aa21d1c8dc65d12eb,false
f4716fca04febef9c83c601e98b14b081fc2f113,false
9b907c74e45236d46c1f5131ea38e69cc4d77250,false
6ba61f6b6790dc863433a60b4eb3132d5627efdc,false
48286313770ff9e3a8065687138ac7cba4033bbe,false
3f89056d91640f6fe0886d900ff1c712a6f10746,false
184803e561649ef22c46ffe7dc97756e70ea15e0,false
12ebdd733b38d2f9bfcecf6e756399277fe1c547,false
37340411eb5290fe54aed538a1e71f08f66e4cd5,false
30fb0a6a1956a4bae5dfac70a2130a5891d06080,false
c22cf5a28673beb60b2388bca5b6d754aa21ff73,false
0013f81754abef3d4c6ee5a2687a85edae84fb84,false
32f9c6ac3ddd4b7f27b33f8ca32232eec43ce5fd,false
0dff2a5d017e96b5d99f8237e08ca2081ea3c739,false
e9d92c6189b125b1e815f5b2f552aa4e68889c32,false
a780bdc41299d9ec5ee5afcb8a60100000429f0a,false
3662aac7b3cdd08cd81eccf2ce1f471c614b2a47,true
82c06320221680d72729608071e8721566e1cc4d,false
b1662923fe0ec8f1af8902c76d131e96ccdc53d8,false
18d2c86620e351c1f8cca4aaf94e6d94f43e1089,false
fe301668f8d9ec20d200367c1a07704026e3fdff,false
4b6dd5929394623233816db96b19718242a26026,false
8682c141dca01efd73273315c807f8a9e8f2735c,true
9645a22795327c862c0aeba1c636e6e184a6ba27,true
136ce4a8d50a1d9a77c658f0dca1c94cc1ddab5f,false
66a548ab0c3ff0b088b57dbac06fbb597d104986,false
16bc2bed8d2e2d6631ebf0dcc4e9eaa16227d874,false
78d3c2250cb603e6c63137e3acd46364ace7b179,false
265238d91d8a65931a161a2730d689118cf3c0f5,false
5fb63b8bdb8053386a86cdad3610002d7c40db3d,false
4e89651e105455acae3ed0eb02de1da1ebc3ff9e,false
f2ed74d6cf72b2f30250015b4f1fabf3dc61156a,false
5a158d4d04e05faaca2651a297cd0de97cd3b15d,false
6be9531c3d3f32647ae43a0ea4332efc0777128f,false
493c2c11bab8a982f2670aa67d0a7b5643575b88,false
32db03311f5ab14bdae5cba34c5ab98383553490,false
8d4e2569fa8271b2aec87e50bb6050b6bcc38703,true
546d214e463b8ced3c041e62a7b75f088e19b8e4,false
1cb23d1def9edf4bda1e771b34ce000964616aef,true
9986d9546e53d1b5c5d71a07b20abd39b7b42da3,false
5364f161aeb50fbf6cef37128009b73f34515b37,false
b14d069cf0cfcdec7d03bb7499eee42139f9ece5,false
b611f6303ce04422636b850ec98b212aa827ebea,false
7c921d90bc284f6eaa3fb524f0b8f64bb16568c4,true
0721c1bb614eb52121b279e259d40734ea271811,false
2411f8f8f808139474bde35aaee8c6cf6227d0d4,false
749bed7fce248d6502f8cf5737ac75bde993b9ca,false
63070c79de1301e3e23440df7f306698a5fe3836,false
930b90936cf0f405223d9fae5c1965153e5872bb,false
29492978729e11cb273abea4fb247868f5c38b54,false
4da31dd006feff97e2eba58fa07f1ad2446cbf0a,false
f29e1b9cfd12859afaecd530285a1934c40fa437,false
85a97ec293c8e33953ae89dd088c0b0aefbe2d84,false
2302d0c3f8498e57ae83e53d4611d8a6af425284,false
f1bd8287e7e6310f66735164b9539b937ab16c7b,true
0dd73a6657c01ad064ed8c3ac68cd46e143baa63,false
ad63b5cf988abecbd12edbfd7fcc76aff0ebe965,false
716c4067d613caec1816def7bba01389fcfe8988,true
0738dce325b7e3dd6aad89d8a8d55b9b7b9947bf,false
2e0c8268ac317d8eeef97ef3605afb86f567deed,false
4ec254ca93252fec32c0ca8a05b20aab6a542a2f,true
e522f28bb7c33178416fe20a88a69f3f2ad491f9,false
ef8483604a2ea2d477dad4fd9d61074cda3da66b,true
2f2cf76a823896f9d0f005e9365609f47b90bc53,false
47f956fdca4db9e24180b693ddcb1f56eecf37b5,true
65e256765e559e502abf106b54d91ac8f4ad5991,false
c9b5eb741f6a99fcbf870945d891a771dc4f1e79,false
15686030b13fe2e913ca4a72f140f34984ff1f60,false
b2d096b75fe3036b3bffb19af8366e6b69e84efc,false
5508a3a24d5bd0f251e3336a14d700eef0ba5ba3,false
8bc2686087262565d9f5cd6ec1937db9718e35c7,false
5d9930efd978fefd5f5c4548223ffbf7f510981d,true
b76d7404401c068015d8565d3b6d985fee39d55a,false
0d9806b8e73e2b5907631cf8ac6a9a28810681a6,false
395abe7f8091e226c0e557d972553b530655fc52,true
590fdb64f4b0b5eca55bf602e000da258591ad86,true
a1ee920fa78707af81d457493948b284b1a083ee,false
cd458c68b7eb4db26d079125ac53258a02501303,true
4cfb5f0fee0b603bd7279c556fea2d06999e4361,true
eb1f7f1b0c453e60ce2c5edd7b13f8a1780a1aa6,false
f0cba54f3f652a89a07de6010bea2ff9ef168cfd,false
ce6208b5833dc838ca092a4bdfd8470b40782482,false
6db0b9f433918ae251a61b8b2aefe761dcf814a9,false
dac8e0733b369d0768e2cc521b3738f66527cad5,false
4302cf59567c228d21829a5b7ee0914757b39224,false
d999e924edd752cd6a30c001520db4c976327f94,false
5e1e51ddb3f1adc9838ee09eb2e656f2c2303689,false
a10257d3bd8a297e5855a5e22d41cebfe764a271,false
66a2c6f61b34fcdc4f0284885a0228e305347bd1,false
40246e2f7e019291a2ec8f0462776bfd0642ab35,false
dc7584d02cf2bd7271a13b8f1fd02c91c682a10a,false
6a3b252f602dccb380550d40cd91a9deae803127,false
3fdb287e09671228799eee3898d089c0c76b638f,false
e943d27f4c8d1bb2bb6177cd876d334d249fde94,false
54fc4c5e1fe78a9da3c2c6de7c65047f243c8731,false
2bc9767bfa498630fbee04eb7cbe2b107861634b,false
45b2dce5b673c17c732bf4431b58c19de87067aa,false
6984d8a32dcc0a30c2d12a366a94e3ce0aca0c7e,false
a27a108b4b44c65b21281b991d27a6ff35ea02dc,false
c498a5d142ecf1b99b2eeb1278bf6fa1fdd99dda,true
23b4257c905f9a1309975b9cc82539072d10201b,false
1dfadcb85eb46aee106014fe9ced7058de8084c0,false
de9c3cfd77a111622f538e05da5bf9e83b491303,false
b09d9698b5bf7fdca1b2018ec94f8c1f7b27d2c3,false
3ece40a2c96d469c3eab993a6fd26707dce2a438,false
ee9f4a68aad19d2f7b57739befd6091e4c57cefd,false
d4cdcc5b665d5b2cd69d0647a7aac930c9695beb,false
b317b7698da19ac59647885523ea87582999b219,false
056ff7ed9beaf18b744dcecbcf5799c1dafacd2c,false
e38634ac1e19932021da0d3239747e34bc703799,false
52d78fdfe6cd217cc10562e717ce9c291d8f4f20,true
b26f29771fbc5b1c69e27d8a93173237ddd19e3f,false
dac49218d6157c4c2e18f70a7e8c077005b6a60e,true
f1a48de7abf84b7ffd529178480555ac420db7a8,false
b4d9c142c160e79bb2e124d64c10a62eb0aaa9ad,false
aab851d8ba4ec15b9b953936633ca3d7a7225fff,false
962806e861c3d1e8712b703305aa9dced8da1471,false
ca991fe058d4bd28c7830ab986cf29326893de3f,false
ebaf930238f66e97ce5536e4f30c087e85bc577b,false
f0a1292e7dd944488dd1b2a6638edf1e616ec76e,false
6a3de5817e0b6c3affa143bcedd3375592542794,false
a2f0ccb91a1e9f5e301b19a04c9a31a88ca5d085,false
36486188cd3ead57051eb08472facec948400191,false
48f3d02ee641f8de9ead455a4b12bf0a46039acf,false
775fa249627efdcf4ab6f84e74519978b9ccf9f5,false
417eb343e8dde07841a62f2887c07da5ee6022f2,false
fc0e91ba113d9c797e20cc9051fd5f9eb22194b3,false
e1ffb74b8cf41ab99043a5f00c560feedacd63fc,false
4b1d4a5170f5569cb85c6b452e52c99320fca5a1,false
c47e3b72717dc071e904d8dc923a5ea4d3c8d656,false
802e129dfb0521fb765c0119ab9fe3786b79fb5f,false
b9c6dfd32933d63fcdd3ea2bf4462e1cf82ec3ab,false
a5c3458bd988d5c64a46b8b4b6815a60cd684836,false
9074d0060be11040ebb7dfd2a9ef109c603f4ef2,false
ab587322960361bbed7d2e44f5397e56e3a578f9,false
f5c9a5e7ab71959df2a52b90021f5f4f0eec7573,true
e1e0fda6478f1f9852e5f1b1b57e3c3979f8fef4,false
86adc3647903ef5713e41cd4a59568647a5fd75e,false
114f07f0fb92e0c960f956e6d56b661d62c2d947,false
e8b165a165bc4aed8cabc18800bfd6475a319972,false
095a7e1c43f1ce60b1c39674f3e7e6b8e4734537,true
cd9a459473c5e7ccd37b7c4b6c1526137299ae6b,false
a6b249d0913866096f66cb2b8edcf428a23171f1,true
03dacc298c8732a8654358b63c3e3aa166d64794,true
13013a11857e9e6eb2e3c6a2678f9c2086bc6421,true
a3688d6a1e2312c64ab12e9f395c8972e1e2ed5b,false
09096889656f0cc2628f9f7cfc92436c3659114b,false
a4e7d83ede1058ca43ec4ae521e31296a795bb3c,true
4f8beda3add3ad0bad6ba55e6747b8452e44ce23,true
6473ffa554754d23c0323b0546e00ab45ffae684,false
91cb2c5b0cac6169a450a1eb1e5b3df779fe2066,false
a31f3c90f5fe7c849e6c39615d95e40eb68032f8,false
c45e46a105afd27a1079daabb3f8d98e4e7d60b8,false
68e0e820e91f18be32508d6b1d360d646884be4a,false
4420f89f747043e1c299721f63fea9051bb0d2c8,true
30445032265feb88fb2e2f7d1d7a97bf60f94a32,false
8917c0ec0c07073b7679107d01826d7d166e8878,true
0bba79c39bef69f300bbe8f2c363b29855f75b69,false
9fdb10160ec7ceb940c5867d7399a916225a348a,false
51c3189d1fb57134fe8d4d0d913623b5f747abe2,false
a4032c4d3a1e9e5f131ffc0dc4c878d0af343a6a,false
551264db0ba86df48d7ff81101a1423d27c35b70,false
5d7b107d0f2e0e81f04a7ddf1c2d1af50f3fd8ce,false
d467c5921d381f9f707d3c1557dba9edbb99b00b,false
e115c601a2f01aa21d3cb97c9777c800ad397a67,false
623cfcea248858f0ab02d1deeaa5ccb0fed58749,false
3b2d911a340980f49bdcf5ba3181b6a6e08211d8,false
b111c6e02e4665d5afec57edf050a1f78e1bd6fe,false
3952c1f7faf1ab2596538d21164b6f79a16eded3,false
1e1201349ffab35352da364c86c7d3a1d6fab9b3,false
0670a5e313c7a6ed35ed6aa17f27e780de74b05e,false
91eb461182ae9dcc7a0ac1bfcd0403e79be2319e,false
e1bc823eedf61c90cd31ff8a6c3d19a5f17a2b81,false
81ad3f4d38afb7fb70cd327cbbd364dc87d65900,false
82ca47efa5f4a7ced130f576c43543e9eb856938,false
6afbd5fbf9d00bd8f331982d8a54648b2acd0c13,false
de8931f6d7f6670c96a1c84978222ce33632ef65,false
70eb8c172878d8d5cee9703eef153eaab4591b0a,false
90bf7049e5cb7b99d11d54cbbe280484f0b862c0,false
706a95962a8a71a83a0b37a704c24a8cce1f2bb0,false
6ebae7b79c0bd592ee8289e47d220cf5fed8c74a,false
81c11202dd7cadab3c0faf9b659ff75004e99aed,false
09e6e300b04e9541659709f89388a8617f60a29a,false
9b1249a55bff796dc880dfe4ec272b74a37807b1,false
c9385db9b5486b52c9a97dc961c4e0eb2b964a8c,false
09d2cc26735f5cb2174c0a4307107a2259586256,false
5e2d8c7919ebd8957f331abfccb4fa65eca0c868,false
71b4cd7c38efa29ce2c32e95c84ed4edcfbbdb3e,false
a34beca3a8f829caf47ed53b597a8542882e4318,false
770567d8aec8f753ff613cb1b45395828444ea62,false
78e4e1617e525ef9b5f903791fe008b30703cced,false
cb17d88f681b188c27846eb388929f4d292a21d9,false
eb7342094e606abe6a1df09c744aa6c89e4cb754,false
3bb1ea7f51a8f69ad7423533cee5a92a9caba214,false
43d7d07d3a4cdc98db8a94bd499553658ce09f10,false
e65a1bb205fd3cb798be1d2fbed643923db76854,true
6a6447eb74fa58879d644574ca14484f48c875fe,false
5f73c91f9df921d90679010af6d14719a887b8b5,true
5b785f82fc408e68f37c8f9ec5c74cc47fc0c262,true
6259ad3fcd07c2c4e8269738f4b0236d344f532d,false
b37bc53ea125c6adb03f181a29c286bcadfd1aa8,false
af344ec764b5473f48d2ab53ab093704e64c17c5,false
79dc7b482be267cc829597385714359a66f3973c,false
104b6700186815266cdfa88bf1432d8e217a11c1,false
caa2e7a89df32d2bb77c02c91faecdf8bede66fd,false
88b434f957c0d770306abcaab6983d4b55dc7217,false
6b8e5e11c5915e341939bb1a9d2873cb752b5bb0,false
556c711902a525bbcc826d46a496cf9d4d509d51,false
6249285decbd06a2ad461377685c1a15b367d948,false
bf0be9492899a7483fd332287ed0d9e8eafa94d3,false
eeb1f68dedf6440e465ad04d5ac46f5609dc2df6,false
3eb9a08051c8b21b9806f1d26ab693345493a194,false
6892d2ca3ab6c75872f8942bf2f3d3044c105dc7,true
ed8b5315fc56c70ad7dcd9766e57d9bf1b0d75d8,false
a2d62b5113ccbd02c45e0d89f914477ada0762c1,true
8f3cc99784e2c63ff9b9ddbb4a93058f87829de7,true
b2af0f96c3ae9ed0518eb916164dace8f61c3b55,false
bb8817aa238572cfed18825dabe8a8fdb836e198,false
ae698d4d97783781b22ad74519f90da83f4d8760,false
d3541d343a9b7292ef3e8f65a69acec527d095d2,false
3a786aa216ace7ed45ab2937c53ce874493bb137,false
ff742833bd44bd6fcc8f78e71d2c109735c6f4df,false
dc02d0683f0c81c79fe833dd48afaf0d4df3ce64,false
3c70628a0f02e5cb2b757fea49bbe887be38d810,true
1452f9fa31426822f441bbecb4cd8c14c789c482,false
21b702e76ddd5b911235353b2b2a63496ea26df5,false
e9399abed967e80ca89020a60ccdf738a466a571,true
a38c5064ccbf1269cdf4edb733c0954f79b919cf,true
37ca9b84c2a8d9f4ca8204005003291d8bf2496d,true
4e81d1c430be644dc9397ca17761139fa85daaf7,false
7086f2ad8f906a6bb72770cd625e9a890c34e877,false
bb9af935e68ef2388db21a34697cd9c05aa58bdb,false
56503315df48520548fdbf52e95e63f590f9b01f,false
8371e1a88a40b629dffec4cb92b3d5f56523fc51,false
3043d435da9ab5c6b371651c371c880f921faec3,false
32589d41673931d7fc2c8d17d77a2b0e4153d036,false
31448d0f4b445628f2cd68c55fc2eb014cc06281,false
3fa0e16c1394263fd2597f1407f81213fc926e43,false
98f102074423426d9df621b6943f31e56a4bd1b1,false
69881ee43aaa7bed676b91c06b823616337f5541,false
b934a895397b43796ba7072794d7f9f4af87300d,false
53ae02e63bacecf1c04f6508e2d03afb778d920f,false
87189f4b71bb844d32045be37081f7a53f84c843,false
4de14be7d86d8096318aa62c7b02fd1001b38264,true
e379784de4f1b4231cef8a2ba96d323d34090656,false
f8fa677b5572fa90da35170c731a9952b07236d2,false
8066f62f32b321b4de9706aa2c581281a1f5778c,false
72293f89cc204a04bc778f27eabef21a8ec49f55,false
9f09b409f6e33115412494237b54c98bc3e4ef2b,false
4803b60c49b6a38734ff37f8f275c3b5edd2a3d6,false
cbf469ba99642c768deddac2d373d75794dcd567,false
1fe91193f17dbd2c8f7de0134f1b4ad030798c8a,false
f52f35d5d18be7821e1e3e643ec128a9c4a4d96d,true
8ee670814cc2039d35b65a6223fad14b00602df7,false
1c6aed25aeb20eaf09bcb9dccc6e1c02c1955816,true
45489f47271aa22c98656e69a79a95a093bca4f0,false
2c741fd886814fd19958bf21edde9d30d8d0687c,false
0ef1048c6b1848622a430c1174a7b154471599c8,false
e5ab3eafdad88708e82b6a2dbc297501a5bc6f60,false
f92229463a84811ae53d825b2f54540b33b904fa,false
54b3243942be7ae84a0de07beeb5a6ce987b364d,false
2f2112e5fb9651b0689d716d24837177fb87220a,false
a4a9957cb4cc68405d968a343b9fa9e5b3f0e9f3,false
f390eead96da1221b1b2c740d9bdbca517d1f1df,false
7ff70c382ab2af2ba4e5d3c4107ca8106bc59902,false
afe22a00ee1f7a295999003b7e04413ad318488a,false
448088f58aab3295500c44227e10892fa58659cd,false
130a90104ac32ca12cc1a34b431d2e427d0d1952,false
f44d7e49cb3ca3659990d5649f5c6f8b2b50aa73,true
bb07221492bdb29625c7e9a937d214e5eeb5bc51,true
fb99880d441e1584b2877ee762de421264b592cd,true
b6c4d580ec2b80c072059ebe37ba0e1302ced24f,true
71e28feb73f93e97c0607998e4ce6f91e25df715,false
a858f1843f2c8704d7d41e2ade9f02adaac5dc9c,false
990eda1b57ade85e5ad11d3b9ac20f0fc8413ab7,false
363bd6daa432bece0c7f82fc2e8d9a2e659391fe,false
41be495680937fae48f8b55109f48785a86058fc,false
e61d60aaf2c04f56c2855b47687e8cadf6b166a7,true
bd4e7517a14759ba774e9c889fc9549b50348cda,false
2f564b7d899b1811c0cf81476fbae3d5ae109529,true
af76694280aaea731d3ea57b7d5bd37b3e55b399,false
5c235e302d343383598f3eab220fdae467fac05e,false
d3af3d1221b2deccda74c5397b2f540fcfa7a0f2,false
c992150efad0e141d581103e2934788f9f790555,false
c3be924e0e32d5283011dd6e53c383a2c3c46b93,false
99f6a73778a94d14280da9f25bb8b97e97227f0e,true
98b927ea6ce2fe160e78edf0065f3d539f6d73b2,false
0993491a21d396af3ef4be832d6d056d4255fafb,false
1660f265a50e9d66b10e2aca2fef979da778edea,false
81cb977fbf3fad9ef6282b373f03873f0c1bdeae,false
ad9982e8b5a5a17d7e747e109467b696dfab6b36,false
25c5b8c991426fd8517a4881f76473f999ec9ecd,false
2afcca234cc762d31ae998b5e037d583ef61c131,true
32b15b4510b0bb996f129707fe02fb9aab5854a1,false
f9d5924b22a0b382432af684d927fecc67466a5c,false
36edb5866053e750f0e2cee6871cb7dfac72439c,false
999485f62536ec77c194153495911d5940c561f1,true
9b30082ef58c3343767c4f6da56bd6dd098ae74c,false
bc9101fcda1fbf6fdababb48c526a589c2765bbc,false
10f1409bf7c2c748f12290f70865fda360b70187,false
13dedd2a24677c0a75a7a12d3f45b98ddbb2d3ce,false
831b6238b2f072ab471d27fba713b56f7df5715e,false
70dbfb30bef947fe7b6d76f07ba3aa3e9bf6b64c,false
e5f8abfce1f23ec4798d7f74b41cd00a12c4e72f,false
ae0b8fc74d0def93aa5c122672ccde5e3dd6fa40,false
e15124ebe48582a74cd12434412cad5d43414f96,false
d9264eca189ce50282ddacec0e07549712da1314,false
536bb489985595afd4971c920d2fc2666a21a358,false
bd33c2ca9ceff8960815b5985af3f9fa3905ad61,false
4f15e1db891b32ce8879c89732e84d5af7a51657,false
546938bee62c279fdde6212c8345daed0e0a5c4c,false
2d2261d8d6294511cf624de15e0e96fa633d22e2,true
cb8850cded26928c044050fc862fdc341b0c39e4,false
2b235d5908b2b15745ce7bdae151840a300d8935,false
42e29f91a4b7a1f71903a2197d9024d651a97c20,false
036ff4b2dc266a3d89d5de265635654d4e0d0d53,false
29381fa9d2a5abfbe3d1f6e7f2699a3418603f09,false
d3deb8d9111a00f7770685bb576a4a0c588dd692,false
6a104889f50e305050a4b3fc3443c5756fb154a8,false
97ad6ca6cf11c1e180549de70cedf8db3e3f3e57,false
caac440ddaf440b0d8b911780271ad26b818c874,false
c6c26a60c1b98f39f777c523c0e4b6fd1605049f,false
b7c2589f7527735143bb610fabbf2685120a4985,false
0105ae985220f72239f8928de981a6c6f281421b,true
aeb8a6f127eec716d4e9ae866b95d1bb4dd47dbd,false
0edf495708a179446183906e83590763dc3189f9,true
4201b4198d2d97b8cbccbe69c74973be55b84c01,false
2337bd0efd805afd2392fb21fd7c659a8e7ac857,true
b8d06c5506885e04d5990f321673034a680ce4df,true
8360dae8a9d07700e3c2a741fc521d2078e18674,true
c2b5f1da0e19ddbc5e095abdeb36335e1b881a25,false
e85b0e03cebdf8df3796addefbfc426545928ca4,false
4b42822b9867c36893c0674a9fa087087574746e,false
b35cb01aff9e268b1a0c18a6705126efe0b4c5a7,false
d86073efc0ceee7e93a27564ce0a7aa2ce8744fe,false
fb8f8ac50427af5cb97ec61f0292ed1d3913bd33,false
6c59d71439519bad62bb1e2496149eef7666749f,false
78e487defb58d24c649d2f93b497dc21195270f5,false
73784606fc4e87fefe06a1012145ebd6785a41f5,false
bebf21cdd466a1e76beb51d3ae50fdaa53f6996c,false
52b713860c84e0674fbceb0466ff1bc22455de2f,false
a243da701aecdf6038d76e097c16be0af71e1640,false
86d33ef09ce1e11d543c76fe37cde7d9fc868140,false
aafdf32f4a35c426de3768a1a9efdda51939f3d8,false
ff234951b582d6343a14fbd0812377581e65220e,false
9adf98f21fae33a6cdf147aab8d4a89a2f9e98c3,false
e828ee69e97aadeac1b599af43a956ba819fdcd5,false
f69c86d01822c867794a8df6ab20d2833b687119,false
d168e5c292ebffe4ef35a999a089bc60f3028e83,false
4148a3b588bfa1599dcf25271f948712ab233745,false
1e164e1d4bfc71c659329dbb61e077154bbd48a3,false
cb041e02f38f3f9890a1bd2bea27d5be34504483,false
e7828047674a0752db509eb3a46129365d08a521,false
a7faad11a2c42c658f3dd83c6d3e4c7e1421cd48,false
cbb974249af7c45823c527da6ca0663b0a22d32c,false
645dc09e2d8b6870c15a34ff169b246f8193817a,false
49fb4b6b2a0e53566c25d80b02892e8f4ab61494,false
757ff0dc68bb434bb1bbc210ec4a4b2b4273558c,false
86f0b35ed5c42d5e2c218083abb5b3014b39aa84,false
b94d23b521c96fe4cca7ed2dfb43d7cd186a5b0e,false
46e9822210feeb10781b962e8a2562f91d303412,true
f226376afaa10574495202dec14cc38b0abb2d76,false
169ddb360a456109c72c6536f6e065dd47c4d067,false
c5e5f68f8c879154fc42b101690b06aaa42db828,false
6486e1e21de341862075a10814de6a69149821df,false
eea1e5b0091dac93c6fc81b8a696a48e52067bfe,false
753acdb1217955b35cc301af8814b01df0ac00f4,false
dd4cb3e6d042e946407384693b79291683ef458c,false
2b00c6dc19f56ef417db4285caf2c702acb8b823,false
46a1c4778f88ab6b4fb894365aad7b2fd8dc3715,false
10ef01616371c5f51cfe6a50af1dbf77bccbd3d2,false
1b5d83ed3dd4154fd84e237d7264358d0ca69b2e,false
74ef6ce184f57387eafbcb41e0e5e5d6bd4ef2bf,false
f431ff21db8905df132183e5fb2f7895ec23bdbc,false
c04246d1c84195841111da6e35ad5467d7b4c2ac,true
046a345463765ecd2454cb7d207f130a921fe0d0,false
a7cf92c74dfa313034438affe396544535ae04d6,false
9cf80cce01a2c0b4a7311b8a1bcee9f2fe1e5fea,false
57eebbb75fd5c2b46ecaccf0092253f140d5ad26,false
3652dc22bb6542ad13f64cb7c2c68d552876bd59,false
ec9491f924c57b2c54375457f1341a0f6fe1e431,false
6a935185f3fc7457957c40207601667a3cade1aa,false
4cf2e12bf3e23a53f03413783f6be36d5eca5a10,false
d381b86290f5a4d01a310891d3a59125f4b3a43f,false
d8a3dadb955edc35f9a522d1274425cf1a6f922f,false
a4497932572f889664c465425d2ca0e642708efa,false
92768d0bb81aa1d72da93aa7b791eaad6e4a0f73,true
2fbefd8517ad2a89674aa539ea7acabb65dc52bb,false
0df3f53766b4f8388f32da93a87dd8aa25f95847,false
ed1a630bb6d1dc899be48c6af93637d66763a83e,false
753fc2dd2193acd6611f96cd7d9ab393a2919f82,false
c10fd6b5118ea139e3e9dbfcc7d061f73b11b31b,false
41d5db587ff27cef1bc24d9d91c4837f4de1868d,false
67188c445d2b41a7c30963ecdd73f95c85d17450,false
e5478cca5833397fb34a6145ccb342ecf418fc6c,false
