hash,isBugfix_mistral-small3.2:24b
0c75bffbca41fc9032a138b7a181a538cc2e37f9,false
8c65a3ae4cb6f5840b493be8965fa1c9421a6e94,false
cd4bd62f5ccdeb12468709ea35ca3d469c2b8cc3,false
57d072afc611166da44216c5408961f5efee8a8f,false
0ff3b340820d06c973a39c87903993930fbff28d,true
c2f8d4040c2edd9730f04bb5472312c3014954e0,false
6d2013e403801b8dbe768516050502fdb7a5469c,false
615d2f17ab72b45a10b48d273ee075f5604239b0,false
d54a8b0aa6006dbb5350298349e77b3a5ac6060e,false
2fbb64b8ff48c7186d78ab05a98a918c21a75b35,false
a662034efed34bccff213f2fe9a1e33dd5614303,false
7ab8bd89e7c8ed664e6fcac1afd7d2018fc7ea3e,false
03c34a5899ad750fe3ec7b604156cdc7bbf165af,false
8ffa684b4221863601402ef71457f9449d731fa6,false
deb19c59119d0b5118d6f3de3f787d4b78270484,false
db449b41a5b5a0a5836cca02590e5d59e1a9d466,false
6836af2fe64e9b425c9b806246926597880c6229,false
4de8b130833e2530600f58fca7f1be8b90e044ff,false
6207248d187249f3976e87d93a2817080ae9c7c9,false
9128626d13a9e70132142e8ea95e71b5df86a76f,false
3698cb2ec720b62c37325cd8c36c77ff8d0fe4cf,false
d976950fcb229303151ba5cdaa5f2fe7799b828f,false
b14b3402459bda4507d1aa3e97e28e80eace57a2,false
b53fc2a8ece54bd1352d86cacdc2149f986b1d85,false
b0dd12489103f06ea74b7cbebb2c7648f077a1a4,false
d65be1dbb776318ac356a4f693184aac66f43f79,false
acd13e14c46d27e68302af47ec5376632f4932c5,false
432e904a7f71d0e0430f9bfd563f0aae070a4a3f,false
3de66c84d49ca1c153af1da5bf2747d7d2170373,false
12c234959fc3dbec72162594aba93da2e300edd5,false
ef4fe6e5a5042a4f050f0e20d987377b1afebde3,false
79896fbdd5baf7e920eb6702cf60eacbbd1bb64f,false
51fa9794566b8d498be206e2524dde80459e3f55,false
728307f9904e673a8acba8b717ea37a79f233c4a,false
91b3c24ed13a1b6a14b36236816698f2e709d07f,false
8c43acc1571234219c71d8a9468b65a6127f8bb6,false
36d496595f07ff82821a8016aad695c3f86f4b02,false
cb9fa2e0af3cb874e2647b158b64f8122fc5dd9b,false
0ed7b970796eb2bbd64b96e109ce3170da206629,false
2e856905e15ea66d0bead0db65fe6216e38c0942,false
368b7cc826d3c6add4a916cea8d812273f19d04b,false
81421fda7143ea5d966dffa2e962353255e9e062,false
420987f48ce4581810c6c9a06dbcb7460c8c2387,false
b3a0a5c4ad067dae5e19393d4de680f3d3cbdb65,false
1eb07e6cbf8348ccd3d5cf71508d55c47a8c9309,false
73e93c9212519ec07d42d02fd675c393ff54fdac,false
e75738d5b447acb776b7560d992172016a2a3f5a,false
d07c59054818a75404cb083cd1dd017b99adfcdd,false
8d374ee19118d3e7611b4669ef3cecc378d56fd2,false
14097764faa297fa23afb577d37e5e454e357a2c,false
9c3e77e80a4d3f57a7f768a0873907be05e9a93d,false
400597d0f26b6bd3697835a6d020c86ec0af2753,false
5a563692c8f5e49f3343bd353e19979f70f4768c,true
7850b54decba57f5ae3e9dc55645db990bdb7fa9,false
d6619d6445b204da3bd11bc083872a315cb16e3d,true
c24b2e9736b13a1bc7dd8445a8e2cfe17af37a26,false
1b3eb02fac9c864629eae098e31c0daf4eb47d4c,true
bb8b9ad3c8750269cb74c6caab89b5e6ef2692c9,false
cb7ffe6f3abd87eeea06ed460e27119daa3afe3e,false
6800b19df16c05c335e8365f0e4a7a7f07ffef48,false
b3c4fb14a94f54c1e307e858b415bac11b064f16,false
3466f3f6f52b942b8e0fa6f60d9498d5291f3d44,true
c9d084b784547dad67cbef8ba80416b0ccf69ccc,false
29cb9761a9e261cae5439b8b10b2b3c1be4c76c3,false
9c4e0f29fd4696628d89976c1a19558f5441eb77,false
41f76d644949a60817eddf48211069608b722b64,false
8227e3c0ae6a4de70cf14e0762e487ee657b8f55,true
3c3e9fae31c3a266b36c09221c85d102094251ac,false
0a1c434d94c73eb508e82c677e3263c13ea7c218,false
760049b0ba0e8837c0e0b3e92d3c34d6615c63a8,false
38ffe535df138b3b62358c87930f74a2cde90f49,true
b315e8fbf72e50d13dd5c6494ed65f996b922e56,false
4d6d21d477488418a94c95d3d63293f9bd368f96,false
be102b4fa2f7f101238af2706299ca22cd174214,false
5c43ed6e1c6d873e8e9301ca2670a8cae7cf94a8,false
d7908a2835af09589d0c12a03087f3b12660b605,false
31b1f71f2624239b764819b5233abfbcfee54179,false
7c9b9e45a08aa7bea1d1afe1ecd31263d2d95159,false
1e8c0b6cc2eab1cc64d7a7df98af1ff0cb31d534,false
3da6a5c24d02e4163a192ae07068b60c7e73e810,false
9abf2d1a0a72e8fc42e4d0312b5413d144556347,false
9d3a3ec40948da56e9f0963b54b97ff3654149ec,false
b13e94a320a401086387adf410fcf8cec1228e2d,false
f013d4d96ef57347fbae129606fb936fb60e92f2,true
f7c6abf6be9575b228f732a2f9f199058b537294,false
cc20bb3d79853d50530964193bb2e721271ecd24,false
c1d8e97c54387304349b0a53ba3c947cb156af06,false
90e3424af3eb437dc106eb819c848a3f2b1923eb,false
d67d632a8732d821797a421876e088d767299a0d,false
c8e472477b36ad16d5ed849882502302cc9d9861,false
e833a6ddf207fd6250253420efb271c107c0eb2d,true
dfa81b3608f5f84c954800a06e20754b7a70217c,false
dd053a75640feb1a05482d0f3ef52333c4f7e1ab,false
4cba754550a52944b0b7032856d3bbe923447ab9,false
9965d807ec4194f4e60e15ce01148301c0d6f233,false
880322a60b0acb10ef4514f44412bd981b3a07bd,false
7886c54197784485d0a86be7a570e3c7a14b8d2d,true
33f541743356e1d511819c820eaf37e0b4948bce,false
71eb62f4873ff98e3010d0c41587044233a74a63,true
410238a64d2e866e6d1d65c6b7d2ba621011d156,true
75d0d82c55c2f88160427ea6b2606f3912ccf20e,true
5162e4d5a0476b9c8e91ac1b9280ba8747ceb2d3,false
02fa921041b199b72c1fdcc8ec882ea582ff1f5e,false
27c4287fe53500b5b685c73b03c4612b5d9d4392,false
17642bcdb544f03dd572436a00c9fc0e2b2ba42b,false
cbf34d80beedcc405deff8fb76b73204db7322d2,false
e296f577a2d644fe2806675f0593a1268ad89b24,false
1eda6ff8c9fa2edee55a8c9d2839c7c2a17d22f9,false
d089560a3208066537e6002f2aec59650bbd26ba,false
d3a9e0b7118aff9e06423e958857078d8916ae19,true
154a25fcbd0d7c99756b3a1793d6af4f328b9435,false
dcd98709e1c25b3a3cf67e9db2c1be112e648e2d,false
5cc9c2c7b0e28fbb28412995670006ae8eb90427,false
223052722113f2908a104c717e2c7544ec2b639d,false
bac9b646e33bfde1d69686ea9e1af7c37c1233a9,false
f3b6ab4413e31b9de1dfa03094046ccd3408d872,false
eee042f3f238a926e0207108f0c9dd0bf989dda1,false
be336acf99ccbf9be7c0c71b97a7f95b7ab318a9,false
88a0235906bb96989b9420bd143bfb9bd9136bcb,false
49ad8b3780407c42bce5ecb885e3e3d33f7d1d5d,false
93f9db6df387a5c82af368d44e955600cd04c4e1,false
c37b055ffc0de97a40ed37ec3bf5cbf83bee7363,false
d332a66f2a74b6eb6aaa032990b54a7cc8d32f2f,false
ad4ab92edc3ca8063c069397570f04eb71990bf1,false
8dfbed08e11406bff6bbcb05d72088f09caa482d,false
3afb4365ac398903fc239cc924a9295e863e32e2,false
46de94bd2f837d9c1d86e5f1fa6275d49dd9bcf9,false
a5c632a74f156a794572de5d837cca53f3500c32,false
c7163205e029592b020224eda4a97be5db32f89f,false
4238c2c426e3a6a58152d5df631b2246e2c1d3db,false
f32e294b0bafb6d40f9d7dff02d0cb4dae00790e,false
bda554887a41451c34188b334ae08a61e41e9a42,false
99093c39c2344a76c7a1dedc0537b110cfdede55,false
ac14b317b0ba76ce4b2dd63084e1970c7c58a1a0,false
5d0c4c4e25f9fcbd202be777a6aaaffbf9088fa7,false
290238b5b24227e79421b2eaf594f6d24f022535,false
5abb165bed305303f6e6d1e82000ecfd773a21ba,false
abff29f935bace9c7e4b05c2da11e7ef147dd34c,false
edafd92fc1902304385226b927dc317e5997635f,false
900c877c0f02ef8bfff21d8bbd525faf89b3a9c1,false
ac339eb4d55bc97c4ea1ab6130dbba1c5f5fc2f4,false
dfcc97f7e263d40b75a8f85d03ec13a3ac72d5c3,false
23f48d6e95c7c140f05e1084af9abf9d744defc5,false
b135ff19129dafccb10b8df66ba2880f33eae303,true
b80c3db4fabf4e84995a382745a1f2840caf34fd,false
4e1d0da3f7566f5c47ea1a6120fb34c690a9bfa2,false
6fd780fb826845fa36fa7c13ff0ca06249049583,false
4cf2027e9259e9c5769d7daf6711eb3aa754d082,false
f628593cf94aa377fef77d28443df66d760f04f7,false
c87a46a159faf1a6084b92f2f32e2fc3899eeb3a,false
1e0e8f3513a2101765c1f4ba097bcc7e05770804,false
4005c94f566b0a2933ba76645b967e330258dad2,false
d009c5df5fe61c5554e8261e5a85792e68ce245f,false
fbcfbe7d7cf209068b7edeed5b18a5a73be49366,false
1b5fa56ea66b5c7413a8c0b84e27a5fb6ba4068b,false
694e414850f02a00a3c3ef71273b857048e870b9,true
a37cb13481f7ebfef3fc0231785dad054fc22eaa,false
5103c903c697e83f9f9280e9a801bcd017481c6d,false
26f174cca9d8ca39813cb54c1988058835979e2a,true
d79aca6c85f8d527006175519fee48cb7519e5c3,false
9c460f1532d8d0515fedf29d8b00f3b894b0425e,false
eb25fdb78264f8b28ce9f15147ff2a1a1dbbe68c,false
db06798c268df00049661121088fe48770bf75e7,false
e0822eb1aebe9b7a54d5afc091cc6a772bbae122,false
80480cd36fc2fee0ef1878bf66a720d25e6f46cd,false
9ae6a89910e513dbc7fb4e213ad9a6d349b07f26,false
ae57beee1a5dff1d83ad76527f4a7ed63a3629f5,false
057f47103d70ddf9f85e43204b12c4be2cb03153,false
ff9ebdbb045ba1b42ce6c1ffaf072fd1ed8a0634,false
556a49647b6fe88e7f0b99b312911ea299c9af3a,false
3863da93da761ac5bc7057400a0fc69fc67b0193,false
3cff5ec07dc79aafaf45788abb70d9c007086d49,false
b0b41cc18d94d84092cd6cd4a5f6ed83567e4264,true
8ae58301c2b4a1560410017d56e03370a3f90487,false
1063ee042e004549778f24b3971d7edf31cb1294,false
cb49450ce09e6fcc0d0f8abf71b375243258ce90,false
8b0af4676d93b2bc449bc0c0191b7da46820974d,false
570ba569f8ee1f7aad373b50b0193ad91decdcc6,false
d1e1c49555990ac7212f717ab4ed17f1e05a265e,true
661a5dea5fc8d58980c14e331e217d137feda681,false
cd31c543ba6bdb4ce1f6858ce16e38f614938ef8,false
ab53dfaca6770f7f20f52e6ce0fb8c94aba59738,true
e32295c1ec1abf10408889301b83d538c051461f,true
f12c6a175b80da7a26d857e4f51606cb4dd95fe7,false
e50a2e9857e75c11ac8319646325fd4cdf225a4a,false
604c02f4c9a8ecdea8b698dda1e06ecbdaa7b438,false
edad631d290a7bb61960e212eb5d16cf7730288b,false
ec3f0405f8a93901e7b3d0e80ddedfca632f0b22,true
9ca716d25cfc07f65ef05b71c650097b1bda5302,true
4c1ae3ff150ab5c634916d50abacffd2a71dad47,true
d7da0ee92889e98c333c756f3f3a1688355a7bcf,false
e55513efbbb3c201fc69d4614d7bfa03cd5ef43a,false
3e0d43b11b9dfd199ea2452571a7b32e4c606eb6,false
a6d4a20bcaa95c19d8e4c5a375f0246e999c189c,true
c1c446cdbd8259afd31bb493c92b1e8dce450e5a,false
8f33be7b84aef5a6770c04f127003e6398a9d292,false
591a0b91c4a9f9f50ac25befc1734a3e6f1f0d7e,false
b37bbc49e23bf587e84d84778b3f8ba7438fc4c4,false
f9bce8498225833fa6e53048dd295c630d7775f9,false
eaed2f7afb8ed30477edb7aa0467fcca1dec6db0,false
66ffd7b18c8119890dd3df1b7751ce9f705c1efa,false
264927aca57bec4142a70033d97e36cae85b2d41,false
6d734da784a916fcbc9f9f9b3f983e41e73a5e2a,false
4e2df929ccc0b08da913000693234428b66220f1,true
4322b116a35df40ce9751da33e2998ab46c583f5,false
f21bea0f8a49227245246fb8853d498eadd3e2bc,false
b036eea865c47bde394b1c0b5b3dbbfe8f7a3704,false
006e8a66f3a149b9047288771e06bf8e5b162c93,true
acc1091b7fffe36f0dd8413fac2d3fe17ac7e39e,true
311b1e51c2b868fed1ae171ee4204186aba35f36,false
c26ddc9b9dbc97d4f311161a3545b869b153ac69,false
2782ccebf24a00eebaf77fda5704d77bbc7d1b30,false
ee4355d6d12eeb250e94a063012a13da65b13ff0,false
2bbe9308cc7c96c0746e6fd19417054cfc8236df,true
2b5f7014df1343c370edddf2c16526f876bba10d,false
768bbedc799c3fae69f0ad3207fe23b6ca574cdc,false
f811ede4d6c03590f9366a566d924344f7eea396,false
de1745accee7e2d7f61b3e676d0de9668f59c09d,false
2532aa2d06471ec98a17da531160ace2d0d9fb96,false
c2bb3cbf8a31b719fa56ab5c70189d64d0535201,false
a54feaeb1abe451c399d6a42b76e33da05d2e2a6,false
8a5d695b16a0115c778293adfb11e69d91f5654f,false
4b86bfa4e36cd652fa2bb6aecd923a33dab95e83,false
d6bc5d405446fd751a79d9975cb38f4f1332adc0,false
eb360f481d602ebc55918e6c59087aef23717c0e,false
2c890a3bf7e81f1bedf1e92bfb301837a37a2f19,false
98a61797093ae703e79bce98c9d0426a7943c436,false
992fdf90fd6ee5422256a8cc939d17c45dc3ba8e,true
b7766148cbaae5b46fbe9ab6b88e9c3e7a1e9e4a,false
bb09e8bac98c8a6b1d38d8475f320260bcf7058d,false
6bd94bbab6a4f17c7d0796d1765b4c5fcac2e78c,true
aad84acb3f76c4ef9bb7c87bbda4c06206f72ad3,false
6b7bdfce8907d7030e127ce0c60c5b1869effd5f,false
bd6b6236dce91bcbc0ce1e85680f73a4ee14874e,false
d049d17b560b2973ba0019a260865fcc269b1c87,false
ea4c0e55af8af90f1ee9f3d601420aaef2b57eaf,false
218ac73edb3521f51b7a7faa49b383dbf738990d,true
d8287f95252a5440232821aba9edd344e775be37,false
d7c40ef7538d4db634cb89eb02096749f33813ab,true
c568f5dd40738ad65dd3e221c520858322b6d61c,false
7c322024cc5316ba0b816c890fed2c033aacb2bd,false
74587bb156cbb03007003c561b36b47b022dec2f,false
e0c9abd7a1b8686a225b895efb865462fbf8db86,false
9aae877359b299d6c78fcf248c609203d72d8ba8,false
ae786cc32d0444467e31edfc0440733e17859278,false
a48a2a5e366355ac1f7ba17b7a711f0e206a66b2,false
da246a1a0f92032d5218fbe09dda365fd02e4844,false
f1faebfe7d6a2f95468871f3172d82a17da985fb,false
62f83374318ff3a5b69a544e3c9ccd35956578f0,true
78f77eb12b196328470f4f7882952c06f67c4fe3,false
4fb130c36053a79d3675a8ecf9622ef5e0e82ea1,false
ce965bab456f6ce7f8c56205f5e0f50ce3a072f7,false
62218564492889de4ca22087313069f10b9ad8b6,false
78434c7cb0c655eb92f159f28bce2a57661d292e,false
2b5d19e69a8b8854c9e1e734d488d264f4071751,false
e6dc0896946d61c5d1308a6c7f4b5607df598316,false
813401935152bb377a35b8b86d6e923e018592e8,false
cffa80b9d4a9c5db932caf8ebccfd910faf4b762,false
2dc73dbccee79ea2954eac36b1a6ff177fd4cc44,false
4a1bec261b732844112aa63b271254b9a1e23d1c,false
be404dc96214812483be77065d64f0fe3b9f1182,false
762da9cfb8c06dcbe8d27bdaf184a6f9e6dc2e64,false
9f70c58866548bbafa399683dbe107087366b505,false
20f244298efec88ab9ceaf3e42269edc91f7ca37,true
af6fae6d93dbb28d03b82ae8046c91ef58e44180,false
f340b5ad939c9b63a0d3bfc1a8f1b4f70ef870ca,false
7b809f5731d5e44deb3b0c097d06997db1c1ff36,false
9504af2865eca77825fe575c236c2267e214dead,false
ff6fcfdc3ef70b83a46f39bdebc42319c0774ecd,false
cadfc456d041c0fa04dc70a71aaa96c0e847e934,true
27fc7414927e048026bb887304fe5d4b372cc9d4,false
0d7b636f575408c70d0a013e752e7746310df4a9,false
1f5f61b1a89e84af319ffc5e174de94b7c3a754a,false
88bde4bed44ec40191e512d7b7bf8de1aa6eb185,false
13623af6ba5fb1239e0e287f121e73b6e6a9a551,false
a03b2eb585cb673c8a86b4261ea58a11c125d8a8,false
f8588f83d79a016c47f31c901cb01abfc44233c7,false
bbf36fa1ad1c10497ca6c64382dfae47dbc27262,true
0e3219257eecf55eb44f9277498ba3ff3f18019a,true
e6d4903f545c048b522feb2ac4fd2fca95b190ee,true
f70edd8ebff034e09eb05a7bd8caab61ce3f1863,false
a759c6016ea06f5bfaa9695b90276dd2eb3be727,false
459842184a370765d036ea0306d15aa3f6404951,false
99de03800870234ab83e65ccbbed528fb772313d,false
8ccf5684d371a8abfaa0e8980b012eab5359b9b5,false
9e2f297e346d74d80b67f13f435c14b23f32193e,false
e0ddc50fb105f987d68f34757b296802b4022bf4,false
a927400a6f9e9885a5f769ca3eeedbb4e469dbb4,false
2eb79937a97bddadaea45ea9994e244831e7fd0d,true
1574e7c688958b0f6ca8e1cd77cf1423273c5695,false
b1e65cda41cd9aa3390df4e3fed44dd646f7ffc0,true
3d868c88a7e99dc6955ea31b0c8b9c8076f0ca1e,true
3f29f0d2e4b9d3095fbb9d6ff4d1113e7bc34735,true
6f1bb489906c2c9c6ecd653cd62e23bae4d6b5e9,true
e9e4ec812ab26fca03ac1c6b12eb61e198f13901,false
fa0013897c2376577b669e0041e1f8de8d4e4a1b,false
097d7c9efdadbb56415a068d26c645ea2bafa6be,false
499c95e3a03b2baf1800bc722ac3ed8186ce03e2,false
5d78ba864f81847419686de549feeb64603365f7,false
21936766855ea5d0202769d0285fe1ecb38a984f,true
171b91358601cb6bf206f9cca6edfda6831e9234,false
af589a1933df1b2a47fcdf7ab92274cce06884d1,true
0f1ddb9651c196c54e04366ebb5a00ad2a97fa05,false
19bb54b6a9cb2b3823f7f001390681feb297aeb0,false
d3b5589783029e582dbe28b48302f83f5f68b9b4,true
460c4ade3ea6db610ae30886fb316ae3242fbf6b,true
d7561a5e94fc5dbd08a1a0545bcc7b6dc6e9e09c,true
fbcbe1655421330b3c848daf7e16893d8fb93c22,true
a8ababa149038ec3d23fe38ce237d6b2f3777065,true
1c4fc04099102f729355e8b07efaa94193fccbbb,false
105e9c0dfb9552d50ff7c5afd89ec0d677da3623,false
3851f3f55f09bf26dc55d4f64e3755aeea09b19a,true
ee98989f1cb26045b6c7a006059f0649f929c070,true
2f9c2c87c30a0e417cf5f6edad295aae546fed04,false
26a647d3d48e69a5c6cb077d94b4d525dd7590fc,false
ace159020cf421ad3c6b90e0a91083b4639e7c46,true
1360cc5d0ce2b95ec79574c7e3c73848fe230bc8,false
08c69eeb96ecdd8663d0cebd905e9a0a2db7263f,false
3ce6c0a59ea11444de6ec494a9822dcf3f3837a5,true
7d7c9a9bb65955e1bde88e3e8952cebdf1024e5e,false
aa5a363b199cac08d48d0409e17f706d02db56c2,false
3882f8a27a042c9f3273964998bbe5b2e4fa7226,false
32910731452189e73f549d97813ad3ba2fb7637a,false
ce8697b965ba9fc72fde95a77d655479dbcb89ad,false
7d4567c3078f75605a5bf193021734b1d00f2405,false
6375bc87cfe14507a03d8db49ab82fe79f8a67e2,true
845b4dc51fb4190e5f0ee5061f5de81130bda89a,false
439a82a34d93a69b98ec521c52ff2914bdc9e72b,true
49abfb69d3719a89e255ab460c606663af74e348,false
96db4a04015942f0f32c03bca4a8d49bcb043390,false
9fbacad9accee58722137028b6ad39633ec1eda0,false
19912b36ec6b25f9b4ed9c3199a1618f6cb77d49,true
747e806d6fc2d14a491fb0cb2a023f5953c83bd5,false
b99304c566c359c4f5456134c10dde84763e59dc,false
50c9fa07f86137c36f300cb387900393e6bdf596,false
dc5b70d13f01965898938bcd4cfcf6016c71f3d3,false
93e41d32d9144f4c23b658c79979d406be88c968,false
102b53980b2e08c5c5b9d69e87b8b9461f528e01,false
b57879a86bd3abd8be072469608e8f675987c350,false
efeb676562a1c1fab74010e20644b3f52b5f9f7d,false
23074be006e5ea05b015319b5e15ba3f33e4d286,false
1f0f4f04290ee4fe8b9e7167c251072fa9f2231c,false
4d3dbaaca7cf13bbf5175259b23d1ba910f47286,false
00def5a42b603b5da41bdde626b05f0f05ef082d,false
dd8175cc318295f9750638a29ac7f549e5d10d7c,true
e9f275defdc03cb58482da171d8a9605dffd8c93,true
85da140dfac926868fcfe5aa90c225a32e1cff24,false
a23a810e339229253b3fbb29211bbad42528ddcd,true
498de80d2022e911ff091227f7dc1929489d36a3,true
6ebc413de7ac66a8b25b171277edcaeea7c7e05b,false
b48e932aacd7fadd71dd0a8dbfa09c3579a7abe7,false
c228a42e67b7b9702b4dd7e2050ef1d511c9a8e6,true
da4c38e6621e9cdaab04df257a778abbaa6cc673,false
98e6e1ffc0df50091f658e8e8a88ddb0b650e9ad,false
5da1aef2a427f5c46818f4ed4ec1f7339ee7b29f,true
fb85abe445f77e37b52ae760cedb249caf86d4f5,true
e471cb507b020d24e754d88dc1e796cf03fde19d,true
689cf9a34bd20d01c86c072d599794ba2537691a,true
940f6b963fcc593d59234cf58bfd0acb1502453a,true
0cd1ef098ee117a23f2d714351350ae5585b5792,false
8234fcec30ea72372f49471cd1d442a05eb566aa,false
dfb81d18b0530cdb2b8ec8517650eb3d7dff2c30,true
30e010ecfbb52b172e5f7cfb02781789bc173c23,true
65de3b7a2207b4a2a9e19a788adfb281ea34c940,false
1f9ef756a6d8172c9d8f1611e85842fad4df73df,false
a39883ff3460dafa857e1a06add07d03cc3a43b9,false
3809c687e1d04557062709b3aead8e0730284ecf,true
2441bfc803ff51788cd1918db131475c251c52f0,false
fc82877a1c4524e51edca9c3ccc2bd79665b8217,false
1ad576df4c9aa5976c5a707c9bd694696d5949b2,false
246a148703909e2ba4cfe9d2acd562134f67a693,false
c8e1553c7186efe1d6b66ed367ecd0fde65a9712,false
2ddd743e3601c0f678dec24f5452fed010b599f7,false
c3a2359fe1425a8359339d9ba12436a92a8de421,false
29922c0bc14f6faf689aa58e19fa4f5aaa43cb10,false
97761a1d40b1d59fc20dfcbc91b66f238638b068,true
a8c9b90f14629d00161747a54f6f1259b8ee1ae9,false
c1654287221955d1cf461eb3ca0fb0899cbd56b7,false
fa1fcc88582ede4cadf2a7c90c6bd237ffb47cf8,false
cfd3c46370627aeca8f82c256e2222e5f8a8c455,true
9b37246f4c902b9c69ccf590763b14a63c69ea05,false
087c822ebcf5cd9a0ae07d24b20c30b328d3a909,false
46f99e6953a69ab787e9eb36766bd43f31b89852,true
1f5017d1604aaec4f9f866c2e88d48f43f5cbaaa,false
ff6211e80093bdbb5d94ca5327f68a14e5932be2,false
c2ccc56ed83907476341d1eee223b58b546b648b,false
b55d7caafbea7414e173ad479670b2aa0959b3ec,true
4af23ad14c5abf0c9723952244da02f417a0eccd,false
145c5787f70d71b433265a48ac69516035099cfd,true
b2df3f98d132e4fa3723041b3ed140d4181dbf7d,true
e0eb74c8df5a35096c3ee79f1e8a283e5f66aeac,true
356759c7148bb5fa5a1091c4a8e175f71e7c2dfe,true
341962843892b2e63ded6b44e398601c7de96ed9,false
32e91ed297e6de277dfc3c80468dcbacac6b57de,true
e61f3403b5a8e5a3fc2b3932b39b676b859d4b11,false
9460c74098a5843042e6aad2ecbc0bc0cc389f7d,false
7fd4db52bbaa5bce7204b181e934a878f38130e5,true
e23ee3e458f2d6f7a04e1f9b2406deb1e250dfb7,true
8906e2ef0773cb6bf1839f4760bf7eeeea86a154,false
6326d46c5ebc9835b4d46dbf460f2643a4ecbaee,false
195834f00b7b33e14fbafe4b5358fd959224b7ac,true
98a148114e435446c66753a36ceed652df343423,false
ef146125dc98693665eb988e23f04d772bf83d6b,false
929909513e71282de388cf4e93476ba614e6c0c5,true
6b1913710a34285e41aa8cabf972ca9daf7d5081,false
6f1d22bd63c683c0474dccd51b09ce94e27d1139,false
293fbfbc31494dcd562630970dbae1595037133c,false
3feb96ad6b24ef63e394f521cc1c9729e99ef133,false
9705d3256c4e32ca712d3e5030a0aa0db0f9055b,true
31ced3072e19fe58eb87d04637cfae13ccddf5c9,false
c128ea72fb8b67a673bcc023239f3ce69290fcb8,false
007389ddd7090242b3b50024da620c05e9a879f1,false
e92a2dbdf0295bdb4f3079711f9c93a0a8f4e22c,false
02a16b0592a06f0d5753b60459fafaa884a78e37,false
b71986ef23f26cdf82e01af3f9375792cd12fc22,false
546f0e406c53de8a278e39275e91d575b987eceb,false
b9caeaad501d892331811a50653e15a930f38aba,false
56e9a08b09ecbe83c1a7a5dd944c41b25a514531,false
526fb8a7c8cc63ad8fd345387b1c675f51dd8e1c,true
eaa8d1c4302c009fcd003a85190c305c542ab909,false
080eb4368678cd1df75e29ca6ab6c2d87ef4ba23,false
10e2989732ca39d5f3ec3821e68e0fece0329e7b,false
371e104545b8de2230379d9c8a345f46f9233416,false
9cdf2988ded70ee934fa27d161b4954571341a49,false
df4efe052ad2bde2c134834360ef715a98613c66,false
227d94d3c1e427f5c1ab36b649eff34ac9cf4b8e,false
ccd8cd197f1c14e3f1c7233f2351204d2f9e24e3,false
e00268701b3e5f7bd1dd119eb833a88ebd9b1e95,false
41416ff2a932abffcb37624c47ace7f54e3c9848,false
27f7942b92d09a012e6015038e9e14cd6321e0b6,false
03e77e8dc383762375c2792fc0b55c81a261117e,false
11e871754210b3a33502f7e034379d4f5f9d8a67,false
d316741c212043bbf8273da6d8982a4b454f7cba,false
d7b920c2327107cdee70125bb203a26b05119b87,false
2f58d785525b862e24cda65a81c13367ddf75155,false
75929f6e572825d49fd43bd1ec640fe1a8251a55,false
e935369ad0fcc5cae6f8cfa490a243a25d1613f4,false
90d596b97acf0b448bdd4ab3844287834f434e3d,false
3d7a43182b6afd306a0a1dea3219d18624d854dc,false
2a5ddcaa881778fc7bc7d1c11b785f823fd02c51,false
82041907af932e58a40a5fe8c4bdbbede7fa2c29,false
289826594dec3c6de163db0391a203044f164791,false
f6b2ba38b12364d183559fe8f2463a5d02bf7c1d,false
715a90344652cc3637f659ab6e123c10b1ee74f4,true
f5bf0fa658c4d588382ca24ffac545792e6e8b9b,false
a5b56a40f2b313229ef062eef4b18f862b01f06e,true
daefad9515c863e32e21dc61bdf519fd85b35f59,false
f38c8181f699c5202bc3ee33083c9e19b639150d,false
5b1311b9e3c35a8e803a24443869a856a20896f6,false
3c2f503221a5df5c78c1d9b0f0637cd12fc14416,false
bfd16e9103b5d4f8d079aeb31ff3c62957e31ad3,false
b3a0d81ec8c2b8d10b9c4f9d747813d91c991271,false
d6842dd95c1970ecdf9c2b46514eed563ead04ac,false
8f582666aaf48fc3fb942b1fe6b90b95e564134d,false
4491128ef5468025a25967e36c4e6a7c44ff4faf,false
48c0f70810c4630ec10eee0998b3d3a7ff6937b6,false
8c9b10df349ce9cccb3eff2ea29731ed7b685d01,false
efe66d9a05c880bdbf8511d57779dcae2705cbd5,false
16f8cb36f946e5c41865fb11fd78f2ea13d8f96f,false
ddd47482c00a48f75d63ca9f0964343eccbc09be,false
9a3e27a74c726bbbcffb2ee3a5a954c9b4ef2d11,false
6e29c892d102df125c1d8ed93b1886d3d93ae1ec,false
f8e473ec8556717a489a542e78b41143f6aa2b5b,false
6b251c0aae8a0ea2ce12039ccf5cdd7a51660225,false
34980964ba1e460248187da56371c51fe27456da,false
b61e26ff410f292f62701950a9f16600471217c9,false
9894fbe3b29628e66c6cb468e8f7d0ed0d461853,false
9a2c7e186276f58ec5165323a33a316d9ca80fc0,true
b5123d03930c70d4bc0748e2a0b24c25160831e1,false
edac5ecdeab835fc94f52c2f697d54479b064173,false
c6bd4a83f65a004674d02489b575b97effe0f048,false
0f694508edd024079138cbf4ff06682c12d7c820,false
5e7c1227987420ed97c9e2e8793f8bfc50dd413f,true
6541c72177cf0358e5dae447f63a41cc92cc4843,true
967eaa8c3c9e128d7846d6126e53e39939c5d091,false
fbf095b214192c746c4d928e076a8a6822635433,false
3992d354f950b6e38aa81cfda77b3b0c85213956,false
41f740e61712bc6a8ba7ec92b34dc1f42c6e04f6,false
54a9bc9a8b3bc0555070a6a8e21c4a13e5993272,false
c73ce24c5dd1c745e8f64ddd80344b41f83b6843,false
de7b2c2cee14fbdf2dfbcfa7476943334443ea18,false
c4f4f2f20dabd818c41dcd1f3e237f7c7de4177f,false
14913d6dbc770bf3ba6ff2fe516212bc5ee62d54,true
dea24e843e3d4b00e2c226cbcabb188b1dd98e1b,false
19c0fa4691fda08beec1090cddc1665287bdd676,false
34587bf830cc8ccbd7fed472fd9c2ca8eed37b29,false
5315c65b8c9c88ab4bb08e4da4c29cecaf5f03e9,true
e884a1d6fb46c96684046420f3925b074c01623a,false
34622699e8b8c4cfea28389e133bdc8c0839dcd7,false
78b8274b708d5c797a97b4ecab87280f16ed8d5b,false
7ea9ede5c13809a051a6e177b2890bf4fb03db84,false
d002ecbebef732ce309e5769c0c27d3f96850c0d,false
a5d14f0565b4ac31ff822718e459feae6cf3eb00,false
a349dfb6b4cf6c679548d96d8ea6ca5ef60fd957,false
b6e36504cedf05eb097f2216bafe9d883208348e,false
659fbc2fb9c37628cc531882540ca7b5543318d9,false
89ea5edc086ed0e3cbacea5f0073b8c32650e37c,false
409b283c3b1f6a98907616e50d10a96ae85d1989,true
54a4d2fa03a89056833f44a5d094d2c08fa4a77e,false
dd83c24db6f9795b01955043d6ce2da9d4041c5a,false
c5e00f07b5a2d2e605e61dbdad57e42926a53d82,false
ba52993b9a4d0135f2f70c23443be9b035f074d8,true
d33ec005b8ebb20a1a771454470da067b30db549,true
f904037f2cf518198dc783310e3290ca06485c37,false
bcf6519e44821841444a30ed0c708281971d35a3,false
ced2ffde99509c1add915899aa0f104e3232fc98,false
88ccc3eb30ccb49fbc23d68bc5de03419ee37473,false
0be06689defcf01acad64b869f7e39a271a980e5,false
e6c587a411cf8092bed1602827b0949e3d6e538b,false
30f32f53361702f285ae54555ce2d0ed7f40e262,false
b66a70e901a619f44b99a9cd4efbedd767fe8733,false
74e4e3584e66cf557a6be1e987b5617e1faa1df1,true
314d21230a802c6ca7050b2979c54439e74253c7,true
837b2bc546e1ba321ea8ea95e42b2f155e26c02d,false
e3b7f517e7bcdb3f6e913438fabb2b627576a23a,false
ac1aacd0e5c9e3c6fdbe3116c24b6881f38f9881,false
d47832faa8eb146e60c06bc449c0318e72e91a0f,false
2e0281c52e9e99b4c50e183dbdd01209e695dd5d,true
13f880898d963c4965d563ed560345bf44b1e2a7,true
4fd7dfbb767e1844945fa6db314810222297655d,true
598b006a562c6af9bcc5a0c3dca80928ff76309f,false
0d877e83d50a3d4c5cdabbe001fffee7f08b08af,true
2abf75e7e3ffa4c274b2e0c0d3f4c81880a49ff4,false
0dd0b0b1bc3421f9ed6983c171608dcab44ea1e6,false
536dd631e28f9ab5f7cd4af75fab02ca878a69cb,false
c8b5be28752c58f1f8613d00c9e5721d5f248825,false
7916940e289300cf5c311c9f9e7bee9ca81f2077,false
ba822f90df95528c90b46e7c8cde8e8499bb4673,false
8371169905c32c06734e2a48eba71481e65313cc,false
b93f17508b9f79213510340823f0fc7282767d42,false
d8ee22c727dc2504bfd689bc6d3999110b4bf844,false
d4c35c40cdb07c903a8502ff501b92f2d2521851,false
c8032a5f67baca786f7c31ba57d0c714474c0dd6,false
d4abc8b4b86cf39c580db8f41ad7fd0c23018181,false
35a639b75b6702644a4105272a18e2551228434a,false
18977a60793aacb2c2e9633b05052f4df58a8166,false
cec1e6b07b23d489bbf609c6873da9373c6b9ba5,true
404c90782aa951f8da17b90d9b7e5c586378b778,false
cfef59e7e6debe0a2ba947c45c3c942fac7275ed,false
96d9b78fba3effe0a44d1783730916be72de8fc3,false
ccf5cbcddcc20603371c33fc5f0cc6772509a30e,false
060f344e6fd5211b83f2121b1a58adeb7fb0aad8,false
3e3cf6f9207442dc56f77ef96b79de99a92734f9,false
6f9a381cd9a25841813cc79ad896b69e7fc6bc2d,false
dc83fefce653ff8a8cd4b3bd0c547aa56f04e854,false
dc385285a96ef479325b7101b3a73cb1949f4065,false
f0c355f3af69780b3968b1b283b8c5d37ce2ef77,false
025db79e38db08a51cba7902f9f7194154882197,false
396263cf919b1a3e8871051ed5dc6bebe18fe2b7,false
e975db40c61d19fddd151f67f9d3d4207c993160,false
458b86eb6d2297f38621922d5523a1bc3cd1b0d2,false
7ce5607ab03871a7d2647c7ac945a4e37cb72e9e,true
cf9ad22f608071bd97ba4936ea178b850a4ac31f,false
12f9416811da4d46ac039a29483466a6872c9bfe,false
4a5232c41668fad3880e86220f9b826097f9d061,false
155a2096d9876b0d7f3a91fdf5226aa45803a23b,false
ba2e4b0d7acc9f4d96fc8db9ea4fe362dda269e7,false
fb9ca23e3befaebeecddcf63d47630979b34b08e,true
c318c52639124f44bee4e38b60b3dfe5ffadcd99,false
1fce176a78f38c2c479a6505accb25064d1a0c3f,false
2b639a728d3e4fde379d464ef87656a18e7bb00e,true
2dd1842e80694a4a9a9b3f90f8b9179d3efb34e3,false
34b16fea5e29ef7984ea4e4ccb817e395bb88b47,false
94bb9412e13decc7890d64cc698dafc94e451f67,true
2f5e7a56ed41613858fb7f5d0e14b83f9a0cf05d,false
4dc950ca352a53a9f8ceaeec43bacd67d4a3ccee,false
4b7d32d47951e338beb6a7f374db2e017e82a746,false
58b80bf4b11fb4de1358978cb14dc890edd2c6d0,false
c2ee51d7790aafc48c9ad470d199b67fa31f4268,false
50879c72a0325017d6c9ab8faef51df9cdb5aec3,false
a872a57de90a8c48f3679bc15f78f4ac78e4724c,false
b25bd51619c1e8f9750459a0743fd8c51b472ca1,false
db4c257f0039af66702883aec217b91f5f6ebd09,false
e4e7066bc5ddc000898822d55c6ff3e4e4a5dfd6,false
af388aef681f1a620a39da32bcf7b5c1609233e2,true
e214c25856bbc0db906ea05e2f134e60d4d0a135,false
78f04b584c213fa8f3dac6d9a5aa735cdc3e50f9,false
dc51e923252d334e463da7447adfdbe7d3683680,false
6735aeb4d0dc965697610f5b16a56169e05395d5,true
6418d9d5b746bf1f5dc74eacbb2924e9360d85ef,false
d60b4505a2cedf59bef92a76d73986cd1a6402a2,true
02def396413cdeddcc777091569b3f4303b10817,false
6c3790f0171b174a2d5f51a5dd9c77508c338c03,true
bb735bf89ab2492c652ea5ab4b0c5e9546b9cd09,false
84f2b657b4b0bef872ed9873263876bace6a4ce1,false
4ab8036a93c8ed6b51cb5847d06382fe5079fe91,true
a713a257d3dd05071f33d46012590740321d212a,false
0537a5661216ddb476d78cbbfde3fa30a9dd98c7,true
8c61a761d26b217414387788df407d97af555ead,true
e5bfca7432d0db7e46eba12ed0cf1bbd026a5234,true
6cb0d28deb445b90033a7cfccd30afc743f74a7f,false
042919e31256b2c70cdce3515d499683bd30a7de,false
00b89b45366f56ef55f2d5e15558edf9fb054bd4,false
277ae37a32df1fa38752623afa13c2bd9f80481b,true
9295883c252ed9c812d8ca04ada8d147ac4211f1,false
1fd2aba7721e07f9d557e7d57c1d6f05c6b2011d,true
c285f7f5d83e3646a2bec3cdb2e59f5ef9286c5e,false
29a32ce41ad9962447dbd26904ad6e8f8157e9b7,false
769f13a3dfe8d35e8396a65516ecf5994fd97432,false
fe00160450f2301f1e602a27e908bd5923a34748,true
60a752e9485fc838f18eb75f5aadfe7ecb9bf188,false
2fad52df0f059b5d9b3cf6fe482adc720c8fbbdf,true
4135f6f014fbaac12c6eb73990107965e3a8a516,true
9993deef69bd0dea3e6fcec0ce05f35fba032d24,false
a003441689bf0e290896d18d956237e6c34626c5,false
0540da7a39291a18192928e11452c4d297dc1767,false
a574ddd741d3fcd3f87f78b8efcfe489d92740a3,false
8c762b755f128c963b833aabb7175d590dff0828,false
6b6e128676332c6ebe1d52115ef51d7d21e4fcbb,true
96d5a9353819c01fbd030028ad2c105e5a65b414,true
c1784f91f254c6a1951cc12db2212ae127737808,true
5848353c91bae093c72462ce3a7690be8a7e9da6,false
545d89c469b0ae15c2c1f264e069dd0c5b773917,false
8c7c82df5929e9eda0d90bf040378a1e9e2e85a9,false
ae32782566723af501b10be12d20b5bb5ea6682d,true
93ac74db192ac8670644dd8af8d19c45c9ca93b1,true
9bd0d4008250d4613866acbe9b67ce14db092478,false
35da6f5dcb3cc014fd3f7d7849166aacd0bdbb56,false
c175bed4b014d276e2f51e4691e316e4299301e5,false
d3aa2352290a6adcda943b20ae34f3cf0cca9903,false
3f046d6ed2fa13d824fa51d74a869b648606aec8,false
584c7f690da54998acdeeb5cbcbb76cae3c0c2c3,false
adb77c0acd061367ce0fd19f714ae835834322a8,false
b2aceaa1152e55c14cfb203352120435593e6e93,false
bc7b1ae6dfd4f69cb7a90aabcbb59858f6d877a6,false
1c2b208e1409eeaed9cd76014325312172fa9aac,false
86db01bef285266eca7d28ce492814e9e579cce5,false
755b3e19981a5bbfd56236e2d0bbefcbf4e09272,false
b79f0a9b2ea9fe61dcb8a85927f4fcccd16bb607,false
4ce8952d7e81d0be81238c2395366f02129b5db8,false
cf5d0406dbc5949393b9327107dc1ffeb8419adc,false
1982478bc8740d65c793702c93e67f153d7073e4,true
54c410541dee67c30a74283051b3bcf2a160ff6d,false
b86332a261958c5a30bf42747455201a4af2b673,true
14d259ef5e9b7141e7dedd04359dac3dc9ec7197,false
d0e8bd5903cdc4d17dd446b94d539e1674c6ab63,false
253d038e433900b7488d86f53ae6eba014d5b6b9,false
63454de0ceb19acbffc173b937a656ff137ca732,false
8813a36ac753565770d2df0a1e7d643627a4cad6,false
ad69051ac94888c9f066e9c60c2905f601991c3b,false
ae51b82a8466d7423756f5a18020fbee46054be8,false
bccd2481d8485a2517c802913d78d29a6775b35c,false
930f2c6302b7327b6ed84ad21538761e4a5ef2ae,false
6f174533f426a282baa80005adc54cf7d3dd9a7d,true
24581bc58a70e06dfd73d42f97ecc5201b358791,false
55d58c2c3bfc7a74846bf6594336aadc48ef6a62,false
9af1abe8867b9423c51617d96565082d9dbc43a2,false
9431e1db680d001fa4286be2d04dbc3b6e8fd49a,false
c44df361c9da578ac7ecbd332c608e5538a2da6f,true
ba25032d238ecd3fb1d069e685c72dd8d9e6c445,true
c899cccb27a6105d28ade62aafd6258d8cf38559,true
48e0d991d687a459b0167a27de7b9da70c6ba428,true
d4e6ac1c4f40d4275b44be4074fda1cb6d6852aa,false
0328e4462fd8ba1e675aee5d14bbb5e236c7b277,false
67503d80d4539c3761b14de5117995dada79ad92,false
db13daa183385213c4cf26533bea1b84340630e9,false
c93d034a6396610294887c1c5cc999c4a551703c,false
137b53eacdda7ee3a88a934e76b100773a2e6e39,false
ac036abb36cc7b6f9c0341ad156fb95772d8e7c9,true
6dba71376f7eef844d50999dbfafb85d7850cde6,false
18e5459fe71be3fea41a436bc2db767b4e1760b0,false
a095effc3b7a47b4809234a612794194fd6281cc,false
1d908becbff2ff8e2a8254dbc52d88d140ea4402,false
87c889cd351ba0aca7dc7f4d3d974c7e8a9fb5f2,false
f6c1700c359ce8ec73ec8226e58ffd4fcc95f4e8,false
698afefac3300c1565eb3d0169381858b565c692,true
7ab3ce02d805a982faa398392ca1212790325129,false
311a9dd63b7b7b3854c8638c4514b2a615bba36b,true
2e4a7edeaf40a54386914caa3414bacbce25e7a5,false
0d14f8b7fc036a93f046f76a339c3819eb3a1d0b,false
5ca1f77783fc590abc07442cdd95732dcd18f433,true
4e9a94d431b6edd37742a3058595b162dff7c99c,false
5398c497200bf2e2fb14ef06fbc6678108bbfcb1,false
dad0d766a96089ba3ee6213109036cbbc81a49ab,false
be95716d906312365895372d588b48303a8e7f08,false
08b091a595b28f2fd53f7209bdbb082ba09366d4,false
f97aaf7e6d0865996f27d53c5ab462d09de743b6,false
bf70aa563cf4fba6c1f8d8145bea64ee935c7a6f,false
c3521f964a328ec1f9eff2b0759f833dd409ac93,false
adc32cfe2293664eaf5ba0cc69c803368eb68c9a,false
c0df74faaf6891bc0055823e10ffd894d62fcdb8,false
d2654010b691ad45aaf2461ca927064121bee438,false
e0d05c308282af26669aa7b5f8d7f9c5316e7aff,false
e8a7f2d46fd9c715f9d26153a570211a0c94fb05,false
f2ba3cbf5805f9f0f657cb3a6e1c6a417c465d93,false
58585fea634553effd4fe0833cfdcb87cb070c4b,true
087d3a5089174ac89898ee841832252aef756415,true
bb5d165369358f2d9ebf32bad0ec3a707bc4b81d,false
4671359302d628f5fcb508b29d6fe9e6cb0108be,false
52f5fbbc9cb15032ec497cc08a5757f4b0b46b56,true
edf7727cd691ab7ee1ffeb0f6b1a5ad8f51c395d,true
5279694ad9a4fa6c701b374f8168ff9b2f5c8ccf,false
dc3453a026b5e5b0af088b173a6415efae68b064,false
2c29c712310cfff988c1ace366f5c7dae8098063,true
b8c70d4379417bf67c51ffa2bf894e65ff5eefbf,false
9ceebff838ed4cd16b234c84b3593275e34d87ca,false
e5ac8250d80c633875777f7f9e19342c20f1772c,false
0fa6158a5e82ce85a16050f12c27ad40af2c32db,false
a5b7fad982aa86ad0345729e5c02bbc77ecf3a96,false
437016da28fad1c45a3e0ef5d1b98c4859f80483,false
f16133290415b169ade2d304fdb9da00451d88f9,false
ff444e1c00969ca606c4924fe728dce406dd177c,false
44cf516c640042144daf64a9ed06a0706fdc222f,true
c555c53290c8894c80dc7991081dd5d7591fda8c,false
148d7673b937b59a00af4c33d5ca65f782bc0d98,false
eb26116130da25b9418acbee1443569b849444bc,false
2923770521720be5596189c43991dd42cdfcbb62,false
dcc17c303eba8396582e5fbdec327d6674242d26,false
efc991c5d04073bea3bd79bb13088cae17f5e2d5,false
d3e42a6e102e96dd67bd97d2b23790c7848eea0b,true
95fcd435922ef4eaaa6c752859a8f068c4939555,false
d844ecd3cdf98903d653cda94b27f2ccaa9fd541,false
c0060b0f21158ff81c99a6878a8136c149888038,false
9f31449c6915b4a8ab8d896ec8a29d0816f85730,false
47b737dc2d8b9f2d232e88e9fed49217d469a2c2,false
27be707fb49c6fe59cb5e60099214d2291fdd9f2,false
aa27f420108e1d07a25845fff504d9dd65e681cb,false
9fa5f24cd55fadabfbe070051b88ac247b447462,true
ede4ec64db7fb587eaded48022e5900a5b0f7fb9,true
d723fb76a9c4e263c8db979969e674f01ab14226,true
c965a86c71a4cc0e7879435c5d75381caebdb1f4,true
6673030c38a3355a89ae4daa827c5ee267696076,false
bab33857cec4d8f0ceae0be2491963e71d10a7ff,false
f1d49b927e6cb50945d3ef2d8994b7ee14fed348,true
c73277ce75f48866893cb0d3bf38b5cc315d7fc7,false
bab7988f5f3a2fba6f0abeca0be3e89132a46070,false
7f8f5fa53ecdfad0d8c6530cce934eb5b2cb7ded,false
b9c824bd3847e73f659d6c28328ecd0db5e97de0,false
ac62c9b626988db7621b958068c2bb17e74c1a61,false
ec21bfdd206b82eaca3a8f394b6f7891fe4fd105,false
762c56dea7a1bffcb3d4528e8f6f761c1afa0711,false
2ba789b03f3eab1604a6788dea57ba7163a51c3b,false
9f6654eefb1f5d0ed7348fa9924bf9ddd2939839,false
10ed4f15e636adc39a53f8dfc005386eed15bb4e,false
b14f4b9820331106d4a4bd1537e5c7a25207fe68,false
9ccff307198b76f22559c2d9c885157a627d7b32,true
7051f873acfada281ab9e797d5305459e66a4b81,false
3edeef83b3ebc9639f5f21f7c56d3781f15f37f6,true
701c30a05141adf3164649461c82b8a12ffa0bf5,false
69337cdba31a49416d42d187edfeb2f202640375,false
5bb1d2bbe01645b76e4f87b789ac857d0906a928,true
681d91047d95e1e7445e4824587d3512640acda5,true
0d9b07da4546555c8fecf540b3e3f7f4162c2521,false
6a66bd318bae2ed1216e6d362e79a208d28a6206,false
c698ddd2449e0776281ad78771b6d42954f58413,false
dfcba61008c2894f48d72239bcfc36017cc38807,true
00f83dad3a0cec2bccb4de878b477bbcf850e52d,false
cba8ef4aa4eeb2902e44e6f1114394ac8002e335,false
cc81e571c45350f4861c328be529270b849a1e6a,false
2c1f249a32bdadae70dadeb70b3eb2b476706482,false
a76b3ef2ffb7a818eb2d31735495a042df0f63ee,true
b74278fc400070f2f75cf4e2ff3543f607e9ed86,false
c4739fb02cdc7b0eb1c5b6b9ce8e8b274c246609,true
4ffdc8e31651b43872469d130f0740bd8f8eacdb,true
ce4248cf7b960cc3c3425ceff587c6af57067d31,true
5fe19c5e405d3efbbc047e56fc0eb132e99597d7,false
a528282adfe0eabd9bbef9e62d46ec89806f9e40,false
d336a3e9e7710c51197fd385119faf7c2e7b9139,true
4823b6a2b51aef847540fd8af8fc61403f4f562f,false
7cbfa95e8c5565ac1008a4672eb519de03a1e370,false
971fdb2257bee43981a81a9402bc80a53d9a06bb,false
595831c5909c6de71eac5e8a90a032217a5a324a,false
aa50ba6523d6f801e936992418052d29ca373ee8,true
9c9de79b42d9e478251621f73090ea9035ca57bc,false
414d86b5deb01c9db7bbee09ebac83750d7e259c,false
cf1419af17393af1574cd9155bda3b562a66a841,false
4fe5b769c07d992acdec828eca1520e749442ff0,false
fdc7cba05a488f653cfb9ec09cfc725415a82ce7,false
904245e51298a19cffa610c02dd1110dece0b52e,false
f0dfd8ec41bab4585bbdb98a81fa977f728bf117,false
6a90184dd1f3e96e34a7106ccb7212ce9aec08d6,false
415527cd2d73f3043dd10c5169b7cfa78ae0ada8,true
b297107fc42b3c77140e42816317d6897efe5f0f,true
f425ecac15a4053e7f7ebde3d7aedc2d307cc612,true
23a12672c5a6e55a188ddfabfe2c11f8504ca0af,false
9e9effddab375206488884e45159e502db03c3d3,false
300e22f849be9f917c4b8c4e82eb8f59f7f97b20,true
f5cb55af672fe22e90c6d8eca0b7facee080d3e0,false
db478c426a625697810e2696e072c7b5d7e2300a,false
567fa2dc6c0c27b69f91645577328fd54a00fd19,false
cb8b129a9fe8bc8d40e41ea3a474a777449c38b9,false
e803a27291944b227f4fde5a1f3374f6de9a6dca,false
1359133033352e01ae743b3399106b6db7f15d0b,false
be0fd6c416899d458ca01f3b1e7f0c4fd850eb8c,false
70eb92966273c0bda93623c2f872005361b29f4f,false
c82bbd948e69a4f416042a33886efb6b43bb0c40,false
d7c6a7ded853089c638dcc065598de8a5002ff53,false
0c9f657be1bab89d71773f40bb61ad5606f84c52,false
33c9712985f7ba3aa10a77fc16f1dd0790f1689b,false
c5c1ce5314c4240b174ebd230c4a5a1b168f832f,false
6479d3e0cf5d558eff22e04142d430e3882d17d7,false
5733705eea87230259b3c15369e37c75d804f230,false
4e611874ae84cb8a11c25eb752d7c42a088acf2c,false
fb390bf61aadd01aa34ddd532fc283be40163ca8,false
cdf0408ec095c6b3f20830e22f80070f4d4f581c,false
61a1e9164f885a152a8ef59da11616b6c0f34314,false
d6055fe2254ca5f546de3304b48733c6fa236942,false
c16015610f875cdadac59327eead8a89ec35bb2e,false
9bac1affdd24474cc6897906baa77be83fdf6bfa,false
97694e02fddd85ccf26888d46c671d00b43ce781,false
1b9b6591207d95309dbfbe2c6b69815789ba30c4,false
26c1ae310b850dc28c073f5690ae5a6ad412d741,false
47310b594b4a98633b23667bf8e58a4d3c79e8b9,false
2bc968512a3d79a8dae384f9cc8e9641333d9e89,false
94ce0753700140d7731c9228d164aa1951719057,false
b54e912c18a8b7457787fa9a9de22f4ac2f55e85,true
c3cfba9994129e14b8312846a3731b53c1eea6c1,false
c5c80a1fa56d08a045bdf996d4a0c6e3bfad5fe9,true
38c84ade554940a0384047a0879ab2caa34323b9,false
7db7475884e91a64fd9c70266eea143d9409ae77,false
07a74e268596a6a54039c2aeb03d3bfd79772132,false
31f7c300e537c56e2e273737c418b254b12ba330,false
95e1f15bac00b1727774161b6c598d9ae33699ee,false
3338da0c9d67b21d2e38e06137f6f03a487ce4f1,false
3f18c450d6822212205547ecb00d85f0ee04101f,false
e2f137758fc11363d7739fe2e53f520d7771b312,true
1ab80fe7bafb99d247878374242e381bdbacd29d,false
4fc03ac43700a544d951ec44103ac5aaa4b80c06,false
538168870a64413abb866f9da52432bfe76ad13d,false
968133c892b19d8d041efce08f481872a60595c0,false
e7ecd371b473f59f017f3ebbf243a02fc5c2fb2d,false
6a0785d7c07586838ac145c3012b308dff3403a2,false
fd32037cb5fdee816a065bdf90dd0907a8efb882,false
34d65362f5148bcee28d9a82de741af05b950cbc,false
81c4bd45cfc303b32b32d0324c54ca3b565c4940,false
43fed91be6609cd875fa240ba106a4e59a390c3d,false
4d160691c3fd8338c0ba9ef4d62e5a487b0bad39,false
3dc4a321c106015bdbd774439c4e6b91393d35e0,false
c2102f633f8e75f9ef4a22868dbf4527591d4112,false
87b88b74c53ad5cd041ee5cb1f4a2b5eb5d8c2cd,false
9aee2739c063e2e0f68bed5fd0371d91838d1477,true
0025bb7d6f47ce93c80460ef7f1b6a50c1ef9321,false
d22a33f566df189565e4c030eb850ad4c9deb6a2,true
3d8af8be1df7d74d82b88bd8db575f2bd6ac9f9f,true
681927eb700b50522eae1b8f882792243947d9f0,false
ff4656eea2e9f9366a35cedbfd0c97353e7e7233,false
6ed68c23348c4ac3ae9c02d29d137861974c0843,false
866b7bc2e663fb8d64257e9488a1f7516b328299,false
4c30c4085ad3f1555708cef5574c7c5b6106144b,true
ca92675340481758be99e53de8cd3887ae3f74d6,true
bfd274849593ab160e77a770378e599f6783485d,false
c58dafc9e7eec53aa822e97a8c501c9d3f5a2bf3,false
e37612267b6fd7b2d0165d728cc9a12321dd4bc9,false
07537d8e0c593dcf06d7a09e07a14fb149d0cf86,false
1face9cea62df8503d8620c29655f39ac82a9aac,false
7f2fcf8f21afb85497ebd5175edc9d58a3370d22,false
b3a328098e97d40caa6dbe7aa1cb941c405fc054,true
94d2ad43e27157e6c76a80d1a2c75bafd60e22e1,false
b5af2e7ff8265c8a6306d980b68ce6390db640d9,false
fecf3fb3677da2ed0c5bce3f42bbadb0163b058e,false
897de98407ee949c51e7c393fabce32d26e756d5,false
5d9a6fd238fddbe5284b7fecdf5af8dd5bfdc90d,false
081be88c6ba3e52cc470aadcd330a4c94bd59523,false
f050849cc0d8dbcde2a4b67b98b4cbadfecfa439,false
532b44eb712b6c2b4fcdcb21a76d3e60d868e14b,false
fe707ab3258255e1f320e60770fc26b3a405b835,false
7a8d3d526757c9da8486ea23b7a43595101dd4a8,false
24aa5830d7facb22656b98a2f51dc01f9b450228,false
4d2ac590da988f73a7829030eb2c386aa66a57b2,false
9b7c3d53992b0afc1d088abe17d9cd944161ddbc,false
9d0a16d0c0fab7d1354c7d94dc89d3b8b8eae931,false
f47a4aa0f8fcb061e8fb12c7e04391fb710efe10,false
224c911841c944d61f0a75a6561264e06de765cc,false
990afd089d49c1db45f4c3e0966a75a5d5dbb7f6,false
d80a4acc47b8837cd8a8961cff13e6f21aa15abf,false
10c27ceacd569d5ae39af5a0afce8a1a2b639ea4,false
bf8ed7e5162b86c034271c1ddc8e7e37b721dc0c,false
7211adbb6e9ddee213377551be0352852262489d,false
35133d0241a4e4740092608fb42b69e2990edab2,false
08dd48a3c16eb7b4376ce36d26fd1b5bf77dd903,false
914715d2eea7306f3e0d82b85963bcc161006937,false
6dc54bb8c61bb16f4e8a3d823e18be58419c8ab7,false
2accdc11a7f69519b2f5fda49e0827d0ef0b649e,false
d7f7918ea165f8a2aa913cdc3ed7eb2f54f9eb25,false
81956e4fabb2f61d79fb96f3323f6a8fb74de814,false
654095820c6400ab00841c5ee1ba5ed37993b8b0,false
580a9ce5508492972e865ef2bdd91b3ce83835d3,false
dec33b063ed5dfe41824bc88b8b34507f9bd71c1,false
ccb41fc31530efa42042fe3569ca59d3c70613b0,true
55e70aaf3ecf34d6fb12538d23a1e615a944b0ba,false
7dbfe5dad13d853b2feb08a09b7041ca10abe65d,false
4684e187e46a93183b1cff4c9357b7e11b635b86,false
3825e96f72186e9b8690f4ef81d8cdc8685d68c5,false
cee1bd5c4b326a48c6b9e1912227b4acda655837,false
5babc7a6df5d59accc2bc4f4851a7d09800d65b5,false
c66000c3e290b49af97aaae3dfa19bd3832fd53a,false
15345f0e571fb62d3167f6a89e46589629013efe,false
fc4076cefe5ebd8c58b0bd389206e20e7e32e327,false
b02113687821c6d5ff71c974e480532029e9b7dd,false
963fbffc8370881fa3da459731e7d4b98c44523e,true
4474be50d8accfea324d3bab46dfb263d3f3b0d2,false
db22dd4d6718e8390b6c76fda9f1884f0ca45738,false
65461de07f209b99d34cc8622b6b68eabe193aaf,false
13a7dee497a7d47db4892842b2f266c843f7970d,false
64b6bd660f8d56f4449a88ac5e7cef25641a992d,false
cb1f7a9ccd9087298f525aa33022eab335837e1e,false
6d4ae1ba33741da5ec7d0c68cae2704a375b4371,false
d93c83c72d920f27c8b8d0a8597e68a10cc9662b,false
246b20ef0cd6be715ed247f1b8441c3de2a0abe9,false
10e6503e1a5600708011a0dbc8c5d7885d898930,false
3d501dc7675c7cde26494a0ec464db72f8500832,false
cea748096124eeb356ca5f99803921a653891eb6,false
9a1f540a84e8381d22cec3b70c5cd19c99464e05,true
90b87f86a46d057e003fdd4e6900154be80896ed,false
87b1a134c4d131709c9e98e6d20c2632bbbb5f6c,false
aefd6a79abc32ecce0bc96dd4a34e7fc4b5fb6a8,false
ba10387a1ddf8014d576c55ffb3abe0974cdbc95,false
341990714f9a9d39bf4d1fcb35089ad728dc1e53,true
18b50d78201b1e3d5a65bf3c2c112f8c23a637c0,true
75649afdbcf28f4d2fc7b0e99e317aa7f78fa952,false
bc0301efd36fbb61919849a62035a1c134931586,false
e1c938322e91b1c5d85f339397817e76f1ed5abc,false
1a781c751b9fed1790c847c97aa2e842c93cd02a,false
7e9a95fd336adf92e9741de5a13db570f24a96d5,false
4617eeef56f3a584747760244a8396d05a7962f5,true
06aab49ba81c6c046756e5f946f5796b1ff6e152,false
a9ba7f8aa637266a01cba517df4b6c5470fe549c,false
ff0c1ef6b1eece9f308449d8a484d3e4ac5f054c,false
dd7c01b0d26fc9ec58ec52c29b197d2131e0519d,false
276e7c911486fb2f98a1058f542148410c54f5bc,false
834898fd8f1b474d4465ca260098a18f3911673c,false
6004952fb2e725e82c7188a8b15ca22d63b1b880,false
cdf36a871eb220b7e2c3933b2c502284961f174f,false
240257c08f36b74248aab0ad93c59c68b2609760,false
4305cf47d87be8caff43ce528b9ac7f8b24f3e3a,false
19453c6733364c0e1ec889932ad599b60b2dcbe3,false
30af66d7008a08238f7e2fee7ec0302d34505bb0,false
c55696262dde2708a45b590b31a5d13fa1aa1c1a,false
b6dd4c6dd0654ea4abb7bbf99b42ae3db5ef088b,false
b60b49772e4ef70e984889e48ad753257be28edc,false
f03fd745c710ebb734e5e303eeb6d6dfadb54d6e,false
dd4cf9db7581751f7ed9d1c5d6c643e2e8e063f4,false
320e30005f56e2f27ed6f9d9056cecd9c38f711f,false
58535279556efa38d65e214045d0ea0187acb06e,true
f557182711d3724460e10aca7f10475795f16647,true
518d341857376897dd3dae8056d65a84583020ef,false
a12def5acf8ac041121b50f4d5dc630ca64d1632,false
b4f3f357e7ef8097e9487efaa2f9cfb05bd3c3cd,false
63c4affd4acb6a0f523be21266bad83e97c5fa61,false
be8ae5c74ba4bc09028e2b7fc49f2c02fd206eac,false
600e85c5f8d2a937ae302bdf6c1f4c6cf807d120,false
c9c4975f606f54056acdd1170333e9d06090578a,false
43f4aa2ca5dd128211e268e5491f54d1c9e0a8a1,false
9b30bb7ef2f54dfc380e96819c56d4f5c7f1a34e,true
e30b4102ef17c1aa0f219c1468ece46c0d4e5e9a,false
6bf8b4b4a8a7af921ac1be78f21afdd74c9c1159,false
7a4db54a9bb17b1b9585a7014ad95b82c7057e97,false
51ab2471d8b9cc37d1e751e655747315838da3ef,false
945c279dbd1a5f65c991cc9bfae84a7a9919adf8,false
ed151fe088f7e8dd8292e280ea5d09db4d3d9e7d,false
3f2ee13e7ae7c0e67fe0422a4eacd0bf222597ad,false
4c15d19bfa45c98cb195126df85da329ffce05c6,false
b74824ebc205d9e4be7bc33a13a563614063441d,false
9f4002e2e19ad9b195eb46449ad4aea0d92bcee6,false
8906b5497713e77b2471cab9daf12189a4b917fe,true
e44d0966d9f9e3375a8829003f4d01dc497fdf76,false
0af95821add5dbacf03eb8c0385be0b5cc852a8d,false
730b9cbbd7c6f3103a97b31734086d412317c0dd,false
5a913e3d21df15e52c560fc6d86208f21ccca27e,false
d4f3f2c7480c3a27876c5e9ff9da74ebb7bdc714,false
236759d025630eea102e19d77ad7d1e24715d908,false
06ae2e760d6ff1296d12ccefb63db8e6e9b848f7,false
1e36dd5c72f27eed63552c2d315d85b90e396b52,true
ba621369bd5ec55317a3e8ef32c1579d8283492c,false
7fd16c9dac38b7e7e2a4fb4aa6b83b1e6435efe3,false
3d3375b55e6007450e02ae1a7dcdd4d13b270bec,false
44e224d345c0c92160b0ad7a691669498655af47,false
f84d78cc9a07d882f32dde4515d9db3f2135efbb,false
5af5cd96df8d6dacfd3d28222d1eee534ab6df72,false
7a50cb23100fe1e5560cc62aeef3ead16c10364d,true
1edf7cf43c70c05084e605be5f63d3002d702ba4,false
984990d6a2a057825508c6dc87ecd26e556c1f37,false
95f93c538049341a7ddec06f242627034bc899b1,false
ddb3cbff1e5ed85a5f9f0fc01d3d4fd7375466aa,false
2ce9a81116fdfbaf931a70383fa0fffea958b925,false
bf8f9581b6b5295a2cffb33cc4cd68a23dbafe6e,false
7a0760de3906c4fbbd932767c9a5f8d658004136,false
783285e98eaebee98de46086269b375068acc720,false
369e282299a485f32351eaea7dfce830efd4db3e,false
0277c7cdae8a07b0df1164581fbf488c81db07b5,false
cfeafb76e2ec06896b3e4a08f488645cf0f1f9a9,false
90109de353ca2fda6fbd02e2d89c6c3e4c0f2fd6,false
c677628d84153d899bf092e6fc2388856e3a3c82,false
3345f80ed2ea40c26e34e1795ca5da61c36fea52,false
9dfaac55dc70ccceae3bdf5c9b960cd753012ad5,false
cff6e9b7cd7f0d7f2705cb56783f3b9d8bda02bb,false
8887d3b4b13d170d41115f0a2ef622cd9c0c3e0d,false
4fd0a607f6f15ef6b75a38c14b5663e07ad0cdf5,false
f988116efaf6834cab7732a8c057b7d2bad69c04,false
7ec83257cdeb5ed4dd5971de0b498c167b013cea,true
cb1c15ae5345cb867efd1d717ec09ec73a529bb8,true
739019274489fb5d5458d66dddf822c0a98364cf,false
2fdf5d0a1355ecfdcea0d211923263987daab8fe,false
51c82963b24f636a2284d59156f85217c27867e1,false
86b408f6992129ec27a28b8a6e44df270d265119,false
3c7191d0f7ea3226bf6cf230ec5cd04f4e95a5d3,true
054c3d0d347d4e43b530e10e900c9983b991811d,true
d5fd18254fe3624353784eaa76ebb95a7c6174ac,true
708f0c7661e96a853162db60e805b6df0e3c4fb1,false
31066c27e75099849b1d0316028b810bb390634d,false
36e30ecb64ceabb443143c10e820b9e251e8a8f5,false
52525d6768ae99baeca3374536e7d6c8f7cba245,false
f340d299e16505660949e0386a9bfd3784f619f7,false
2e7445109ddd8db65027dec1e19050bb86990447,false
3f6d74deaebcab3bb7312feacdae64d585702977,true
898bbede7ddca48d828b90f6fe2d28039b4a6014,true
772a1a1a58eeb830ad2f7e77b9314e0efc0886a7,false
cc6143c6316e75ec48a1e34bdfcba70ae0b5ec94,false
6083bb222f482709c440d4f1731a49d51a708fd5,false
4e715570c34b67a678323c9b54b86453b3a3faab,false
17e055accd1105046b43e51dcd197a2b964cb36a,false
efe3e825b918a34fa23967582d536ec11f285bcb,false
7a4e3606a8fef2ed409648a2cd3fc0fe6e1921af,false
c17571c644694cb32548edac78054189f858e5e2,false
517ae5252422edd3b116e4adee0f2087bcbc4f7a,false
404f7382785bf5eb682e2d69372992d6e87b091d,false
0f5aabf661bdf5df02563d2eabcceb9626e835bc,false
3ef699beb9df214bf6a13f3261d434bb40c8c384,false
4bec97960dcff95decd267569396910762d4f423,false
b325e846b6c8c484bfcd5945af3c822ef87f6326,false
d0a0268cf5d823f6eb11e4c8b2e61730e819ba51,false
254a16d2c5d72aa9930458d29c9428aa86d2b267,false
d3d63eec4a4ebb5c01acd9c036e7ac84581e73f0,false
360bd4842b543c7272ba6a792eaa54bb2549a841,true
deb191f911ccd88612c6e473508a97819c632a4e,true
10213179f2f134090df9abfcaa7bd6104401eee3,false
5cc821b6499e3169c57ade9801393b85da83736f,true
775a86179c321ac3cab73c9556edaa798f4273fd,false
47b6336b4b8d707c431e9b46c6cfaf979b50c474,false
9a434eea80d7efc7e958a06895ed7200e2081c49,false
97721520c915b17b31fd4809c24138246ea2ea14,false
27e0e9a6cc6c95ba1a0808a358e8d7402b290039,false
1218534ac8a1c47b9efed1d1b1bda5ce19575b62,false
ad8279658579b9d017b779e773fc3a304a015f05,false
b20de01b46efa188412f4b599a8edb19f28bf4af,true
f19c9894aa877c63d39e90fb7e4c4b014e0cb856,false
7da30f6b6762cf78b62c3bf5cbe1fe95be510bfb,false
0b52ad771ad3f55dd1ffbe097bb8477a54f51e9c,true
5a8fd4447119a7c89d9ce020822fdd454b1773c5,true
13fe532ff473730c7d77c7f2400c8800e9cee7ca,false
3d877f1891e17f8eea290f148a44d087290b8370,true
005160a5469d41512dbbd5a18bd47e8101a3e540,false
a786586231e79e21a339d9787a9f9af201781ceb,false
7bd1795533294976c39a4c04fef6d5cce6cb69ee,false
343ed19315536908f48540d14a65cce33c11d865,true
ccab5382389c7c5d873d9261ee068f0f337bd660,true
b896c28a41b3c11361b0fc42099fba4e15fad8e5,true
54f7b0980569f4e614972c2533e29717c9bf3d07,false
c5a7ef1e9ec275ab104d06eec81c5c93cb2bc2b2,false
f88e2a82302759c487783aee5bd67347f1780d65,false
f4c2d66a93557b206989de4c43ee1f7f2630c77e,false
1bd04c71f682a5322abf3a6d6f9203dd23348102,false
1b50749e185de6aa7ad6d335e3a6385620d4895f,true
b1c35f96a2c5b088cc8155bd64042b6793236a1f,false
6f29a998f27242b71d87f998a9126e75ff3b27c0,false
74abf5a1275439b24b31bec9f8bd16771d59b318,false
3f72692b7b7c737b12f1f120a275aa0b21820524,false
25bec475562d761289182df9ff8823f41d32667a,false
6743a84e43b300eda5b286ae32eae6552b305458,false
856561f6e9a11d13316e13339a4062dee2304d88,false
167ea1be981bb7fe2f1a7d34946b008d7cfe0304,false
1a7eb1e413d6c7c0467f4f672adc4534dd3b17f6,true
dddf497d787e45cd9f242b418a425adfb802801a,false
6fa9d8ee946200aa93bd8ca2128661cd3212de90,false
a9f8f182083a1231805ee305f170652d9ecf7a4c,false
b399be12a9e2695ca2a0b40e4963565d6599b51d,false
1d878afddb25f3ccda4abf12cf94c854f89a703e,false
20cdc6aa41bf7c9b0be70c05c583063b62183fcd,true
9f3401e2103637099285d4b3ad1530015ab1e452,false
8046b875cadbadaa74a41b50269b002ef2703257,false
d20f0bbef684ad23fdd2d7d91d117c4eb933a88c,false
7b86f572f48f1ab26fd3b0113c4f344175ada8d6,false
d94d6b426d38ba672ed636e9b81c9d892b4e88f5,false
ec143be798f0c461021dcb448f776abb50c721a9,true
87bacda61ee65b7075840d591a6ab8cc64dfca58,false
38ca2ec4db26ac4118a7c6e1987457247c2b2b4f,false
a7f1b6dad8bbcc48fa08841466d63b152985d25c,false
0df9d0cbd04979f04230ab425f59677f7f64382d,false
99fb2605718d9970f3901d775fe8ed2759f36b9e,false
c2102d80a28d8ff2b975e18ab3df866f0ae2c59d,false
77fcc2ead7417507fad1b90884610ddaf300a8ef,false
c14b3c3bbfb906c86b2408b1fc086ebca7b87562,false
ccaf11577777096481af264bd51bbf6930f992bd,false
bfd4101567b4e07e0d948161ea8f11c3a3447e3f,false
cb9edd7522c1488ed1675d8ada98470aaafa911f,false
df507b26a0b62435dd6efbf1b269dfe572b801c8,false
6982f758767e59da6ce817f5034947a26af93651,false
8ebacfa3f43707b9317a036db363ca4bae2d2c61,false
ae683599375ba7a618d5f2f1e945523823470f7c,false
8c08c81acf936122c9df3e458a79bd8450031209,false
759798985fb94b046be97100b510e40eb18c3c7a,false
1831687359e486aa399bda8d0c006fb2a51bd209,false
82274a558ae0b8c03b7b3b8f6c4cf9d10cd7345a,false
7254bea06c60acf7ecb6a64945bff5290ab45d4a,false
3a81e87ac181e60bcd1c0a75b3b141dc27ca7502,false
bbc991db3dd8a9c0c10bc7464154b92edaf742d6,false
0e8d618bc96cec4b53da9865d5c56a51d2ab9b9b,true
b7b1d1b5aab046417fb044f8ff75af04ee64e42d,false
1e0502c1f79f733b88195ad27b164e020b8e8e86,false
5375874f75209241ecacc1d5d4170850bf4b5310,false
25acb114147e5b5c70b913a6f0b5f7a9249d0182,false
dc8b0ca2eed4bb019db97c633cd1fc2af91ecec6,false
f82c525aa5383437e2495c33653922a95e984dc5,false
975c29e293ffcc0e32e317437160180fa650300f,true
13ecb664a8ce059ca8c582ef1d69281053f8eb6c,false
36ba30981526e999590b35e67e1aa3548203c5f5,true
7d300e772e55b28797fe567ad00f94d9e7acdd41,false
30738b4024b9fcc31441cf69297fd1910c64036a,true
1102f0b2947ec355de9094aaa684d9f9f96eae76,false
2091f903a1b4d5b2ce4b3b2bfc43491c4f2d34ea,true
56a5b7050fc8afad104137688a7e830b4912e93e,false
cfd29abce5ce37268b397a83e33a25966dfd1c22,false
ba66de9cfcad8c5851ae6e07b2226af314adbce2,false
24ba391f1816fecb811b11dc1abf3771437e8f30,false
e65aeab6301c0ea02516fed1cbc81fbd11cfe2da,false
5a40b999a8178bd0f792f50f27e5dc0193da0d0d,true
f03c61b9a7d1962d998de5c361bdfcbc9feb071a,false
af967ede8193d61a8f2979e63c1cd069540dc25b,false
06df626d2345e9e23a41a1b7f5b73a3f5e3b0842,false
d84d90f084c78930f5a7b7ede4f10aeb172cf68e,false
448e441f0fe88affa9c3646951c372ba0c358b59,true
07f7cce835c42a5d5b8da5c130285fd0d8db587a,false
a448231534be04f2a4ce51394b5caa0ec5e4058a,false
a9eb231825144b6d5c996f4212d3560dd12201ad,false
b4b28c8e94a8955b4ba4f97383c19b8dd30ea883,false
b9a1b3c663d287645cd301c7fbe061f5e5797655,true
809c1d79753f82ba1509ccffd0755e6f4a42c56e,false
d21a09e88f0e32dd088bdda0eb7b0e949c044088,true
3baa6467f58358557e34cd70bd27fd8d9e4db644,true
52886c9dbed7124517f13c609f6f5651ed569e1d,false
165362b814927f31fec8f26ab26a69d3fbdaf36b,true
0845b19619b1d7dcf871d578ded9b60843900648,false
8be74c6685f9d350aa414096d768ff62a4320660,false
bebeca3aa73a1ca3a2ccaaf5e2e2948029801774,false
74f205bdc594286a24ddd4f73f3c872cab4fc284,true
f580cf973d00911396c7a1c7a1897008deb528b4,false
dbb8a6ec82bd09a823beae6af460666ae230d4a2,false
09f46ed647d9fedf42e12895ee567f43182b6f26,false
4b4dc5e9e9784a37047297416d68ff0ae19d0bc0,false
9af0a2858709b27892cafe721cb70bd4147e1cbd,false
d02b31248a55f7f70fac1e5ae802c67a17f84f99,false
3b6fd3cc6b1c22d4b781cc8b5fda19cb3a1c514d,true
a454b6c57c1deec585d6b456d9c2dce66058b287,false
3c1b3476f2714bc8144f84dfad2b7d240c170aa5,false
15fa7bac0a095d64df837cf8ab62230ba7e08950,true
2f3ecb1e026334a2a9a661ea5b1846be1af51960,false
e5e030d473ec9f205f8648422c49153529e63fec,false
7d98cde5b0803abdfee5a3143d08b04a8fe733bc,false
6cf993c73f28c1ab0bba86081cd191b6666f6dfb,true
7b85e89cc4ad31635582c7e7e77185b29b5b869c,true
0e966a8b5490835d5d1d2f9fa3ae75d5c0d1a3b8,true
0ee0e1c84ca54e89b3ba378c495edadc3090e1d4,false
d773e42fe87435f01f16983d41ebc9bb2468e2c7,false
79a448976d238367abc7fa71e20992ebb7cc800a,false
94a96bf9f7d8573214b07efa5206e91e7e8343c1,false
bbb8dd30ad5a345f2266cac00a8577f2d0c517bb,false
1922900e8b8d0904ee2c318529a5e4c9eb9dc9db,false
b3c2d7f5aca0faabaf7d8542c457988ffff2d902,false
55a9483c37526d4d16d98b6b4d127d813263a563,false
13ea31d04596e8d4b90cda5cb4155237fcd4fc59,false
c0d8ddbba079f23d71c6c2cc7271dc395a663b44,false
e2c1254c04e109cc492ca0d7d3efc6104c30a78d,false
5860ce8dff1a46574997a0d89d6029a5632de0fa,false
2c5e3f78b65e5e9b00f69eb88b33748e72311dcd,false
72757a44eda06b86f1e679dc0d74267ed91c907d,true
2f8dbedd34e8a4f0f0dc554e3bb3a0d400c38f39,false
8cdc33bb47032bcd2fd18d32ab5d886c7d874b3e,false
9c670e4707c5aa3e6eb89a58fa6f55a8791a2cee,false
b28e1804b4de5c00566df25ace892df71f9b39db,true
11bef7952e8d5f02817d8cfeff2360e655692dd8,false
b3fb315468e6d99ae143e6498527665238389c58,false
aff04a6f8cd72a6c744049c18bbe4bdaa84c24a4,false
17e96e383e9f279cb60c5347242908ab6c2b38f5,true
23bf73196a859c9f295190fb87e2d61c581c1c4b,true
248f9c0b72b40f91c88e718343a865227525253e,false
6ee1ab072b3fd142b2d2dfcecf3712e8be82ddfb,false
3b70a1971e0bf40d4a57d5b88b82d972bc1d14af,false
bfc09352d1b109abe7c54351e86bfc5923423f98,false
b8826ab196016104934f4234bd3af6124dee39d3,false
4ace089202dd67c6919a2bc2286ffb1b1863e927,false
6430edb96e7ab7bf9464d9c606fda3334cb39f3b,false
ac69c14a1756f3b041b4ce1f462ab592f16431e5,false
8567aa6b91c857826fb3503f900800a83dea73c3,true
c2ff5debe8b697a3b461029f82dea1491409d784,true
459b9b557d5240dac63e2ed9b3a23e427ac09a81,false
9e0d77b505a761cc1f7ba4d4ad0913ace038afe8,false
db8a1400a9dbc4d84ddf0d2ee31962e232f588fc,false
249adb4e971db330a1879a150b4e78e481379bd9,true
071ee811c9c9bfb8c87a98dfb2d2ddda467a353c,false
82904e1d425feb22ef8506e8cc8cda4c9c813623,false
ead74f1d3df395bc79ac39faa933402606929e09,false
808413f761de35b7367bd3060fa020da82226adc,false
62c765d1616c4ada1b28f1fcf8fd68fb5753be0f,false
f1e25ceca46b55956f21fa25eda440137fc855f3,false
33bdc7fc9091aa51d2e532ed41524216edd472ba,false
d06d3f960db309680ff7f76b274889d5718f1161,false
a21a669992c7d056bb86c5589b3d0097ba8b2110,false
0a4a3654ab7fec7365b501144c54d24d99839bf0,false
cef34a7a1b1452c3f7ca3848cb25890ffcd463ab,true
51c7542a5361cc827b66e263bd5c642e0244ec83,false
b0ef641585ec625e85363b09b7c1b93a349eba89,false
c3aef08017dfeafd63154639f60518b157afb6c7,false
346a27d43cb246544fcf90d86634ff1b2704a7b3,false
0bd3335f112f5ce64f6395500234c701bd07539c,false
4e0dd7730bb25dc3ef5f84090a016a6fb73ba254,false
f7bc66cb64b84730a3da5a3a562335753a29d1a0,false
77e078440e8926ec4319d16422ca31fa31b25fa0,false
d5f303cb32a439b016356bfd29127e13603e6774,false
5414c05c647c484857cf07944d8724ae39dfb8bd,false
15020fd25a08c5d9439a6efecb24c91064aac056,false
98dd03c81585d00da59866d985620858469881fd,false
6cca6872e5f4033f42844fc170e7b64b6ec7c687,false
22255dbedd0f816d63bfa83e953431e0c05a3c4f,false
a9afdc713ae5b83cf0980c9aebf5fb2d99e0c8f3,false
b485e40cf239a8a8b5dac42701ce0d078e4869b0,false
8f309bc02a7e3e141e8180656d15d5ad2c5a9cb4,true
0752129dacfbf5fd769698d198d9e08433a2bfcf,false
0e79e1e35e789d2f8318fb816e6622656276d79d,false
c0338087a7a99abbf02cc1d54e76a0a9a3de9d62,false
0b44e10d08838dca8e00ca4df6886c77365c0a15,true
ae6ea7f0be8938d158c35d14a02686ad01fbd8d5,false
e2d3a6516d4efda728c2e97e11918b52e6784a0e,false
544ae0f591fd14b7031b6234aa88915c5dbf55ee,false
4b5a845e1105815238aedc1bd952af2503d4a62b,false
a7d38b8e50c87b48df26df5307602e7beb732f1d,false
08420f15334a3b4ac3f6a0675587e3dae4d2e9da,false
2314f77ff04591b84796aaf3efc718bf97878920,true
f90d51dcfef5d83a26ee6a2f51298e7f6aae303a,false
77906b67e2540beab5a27ba4843637c672ab4033,false
5a87b1572f7ab4e6085abec7478b68d8a6e1f9a7,false
f763892fde2522d42e4a1e6463a4f3e10e079642,true
1eaeba4f32cccc0b50dcb632c93d970d0eb004fe,false
9418046b5385c4fd5be02e96180457015d775aa1,false
53237e247edcce912d18f76e2c7e3386213ef8da,false
a59a9181c3e5210d045dde4c910dc59a651c4619,false
112d2b1f86ab58b1f6b805f77431f33e68587ebd,true
e667f6d15180e8b3cc94e248865e4d032e4811de,false
726e7d29796d3a1a70aff20534ae7ffa3e4e13f7,false
f32694189cb284331fc7235e5cfcdc23daf070a4,false
19307e3b9de28d7bf16b5b2f8531e34583b115a8,false
986cea99f6a98286243776b145e9fb29190afd25,false
bf22aa17b6e30e73808ad32e695a33abc50a099f,false
68d2c15650f3218fbd6e537904b467bd0443107b,false
670589051914451817b3a8bf918269e503d784cb,false
3ded01f007ffcc4025ef5ae27221753ad76b76a4,true
de79ad8071f8bdad27385b3fedd54647a7af3687,false
8e6270d5c7541007481dbb03c7c4c4e7628d88dc,false
e63e7cde981d0bca45e9a3d99b00f90646817832,true
aea3434a371d35d6d7687c27946c37d7010482f0,false
982f1947454e3bf3aed823434137d76bad374733,false
0dc1e1a86274cdf239f0c34c7456fc7fcfa231eb,false
0188cef7f67de00d169acb1761e35016e321b077,true
60e47538f48230a4ef8f879884a2311ac7b26d32,true
12f6926cb4ae8ad9adfeea7a923af3325187c3e3,true
52fa7463d58ebe9a041c8804c1c83da24247b892,false
03eb6edf38686a7bee994e2224331eb57eba093e,false
586f721fb9901a9d3eacc635b89a7c6b7b61aea6,false
f33815909c8753d0f3bf5702fef535df963e85fd,false
f8a4d4f4dcb74ca04545b99bce3e0a7876468dc7,true
5c3c405e5505a10aad656264b8fda497e73b09d3,false
70f88ca8b5d1b2b963f53c729dcbdfbef40a5fa4,false
088880da931f8b34e4350db6728c9d12d4f5cb1c,false
c4ca2a5c70ee8b6a897cd4f4ac0670c8e82c9ecf,false
abfb37a2847ba40d87246585feeb902466209e91,false
417c7bb49369aaf50b7f07234f62427a451bd6ff,false
388e4f02b7de7e571b8180bad4a9b1e1e6a15c96,false
8cbc7fa0f868a50b456050c4230b86c02e8dcfc7,false
c5e5cec401c016ac48cbd47a40dfcf60e2602693,false
9062b482a1c4e7b3c0f4cc856e6b0a12b4c2664f,false
e7a7ae8ab039b2066c6f476ada9bd5a632cfa934,true
24edef6d0d131185e12c819016b2cfd85cb2475a,true
00489b79c3422f0e3995f6580d286d32b95e13c0,true
1e0112344d45c23c824e0f5bee35209b9bb28ca7,false
6cdc6efb243bc1abaa06ec0d2d4824346e6708ed,false
f64e37ed346bdb17c9676cafce1c02583b93cf05,false
5f25566d991b9d081a4d21fa6952ac3f09a37371,false
d5f8890cfc997106a8d894f8fa011b3fcd000458,false
385141558c9d3e21ed2260fc3ac41d68e040f17c,false
4e3f16492b6693f149da376d98501d54a1c5ecbd,false
f6c34f02464a9d9b470f8f909f331777ea3c615c,false
e211ac785bd6aaa8f115f130c6549982bbeb70d0,false
30a81f6d4055219d1dde18141cd1bac4bc112f9c,false
23224705d5a93651e1ebf021aa657fe98b462a76,false
cda7906cbf9b29cd64eb7a82192b90bb8719fd47,true
6e00e62e1a613cf3fa1414406d77fc0711fb1ca2,true
c305179fdb556948eafb69bbd58d51d02924771e,false
4ac31a3fc69fec9710a583d0a766027e5eb51489,false
61bc3b585e35b3696b34ec21c03e90318c69b55d,false
bf19a1c6ca42f768b08221919fdbd0e3e9423459,false
5dab206003b2e84eca461e09bf42356ddba320f1,false
e3d375741c9ca1e5859c4d647863d649866ca7a8,false
a3bb6cb48a96110be751f05477e2afcab443cddb,true
b60047d64b45df6516691fe53a4ee584dff897ff,false
544ee9c9b4d23056dfcf13a7393b29796d973df9,false
c6e67d8a5a7fd27f14aedfa5058a0fe98d9951aa,false
0e04be4cc2e6eb61457996efe73ef24600112dc7,false
c266ec62d6b4e3af2037d21c1a5536bbbd16a4a5,false
5b05fdf3653f5f77072c20a4d5955259851c9902,false
27c864635e6b570d88aa208bd0a3219058fd8888,true
239489105b27026e136aec8a2a001f95ae4300a3,false
33e64446509582ec2c124c2b4a22acae7d10142d,false
a7e66fbdd2e524238f145d3be3caabc71d45fd56,false
6dcb62eab7fa90356396371c682670a492c07131,false
419f07ee1d4b192dbe339c71263f86d60b4dfa0c,false
dc20abc92b690f7643ff7d5e1bae8a6117f3fe8b,false
4a7d53730ca9bed688def81fc44bbf3227d41773,false
02dfbc214b5166de9d5ce8ebcbc5c5b22d5e5aa7,false
c1ae4201d2cb9f17c35dad7d0575541dd34dd816,false
6c53b4c3809dc9f3a2b6dcfe362e2f04e2b77b7a,false
65e37a6d455d9f0f0418c7a566a97a34b35af70b,false
7f03de16b8dc6b9f364d9708536f317292b7ff34,true
eaa8dde1dead0f35adb9b2ad566a9f19e175e6f9,true
3e8b145f4d364598d86425f66af7a5176e2583c1,false
766e263006f092272d0a73333930d9f39754654b,false
3b2b85a4dc1287768a5701121461d1ee01a690a6,false
4590157382f74797cc84d222756b17863fa52417,false
b5bfac5b1cdafbfc8ffe90ffe9a94c6e33ca6cec,false
5e775b8a57b6ec135f0bae087c5d8524bd75080b,false
9b488dc357148aa5dc2ed1e78906aa059e8181e2,false
05a9cba8382c2b2f1b0f777d6c7b58ac3386107f,false
d61496c7f31795b89f40001d36b720c9cc2cac25,false
12794a2837d74bb529da71b28a15270fb1cc42e6,false
6c7a11e284db243af85eedea1104f73518f67454,false
d060b3a6471f1df07a653de575bd3601d59f2769,false
971f5252b6fa78f6faaced120df76310cb3e8b6a,false
3bcd9360dfaf79928b347a6651c88cf0105f7600,true
33b460bb4df62302c5a35c56c126b0876e75f1e8,false
b96cc8310e44b0f5bb9ee41665d176ccd76f0a5a,true
d5c8d255644db3c85ad204a4ba02a1b50ee58356,false
87fbac902288054053dd278379866e3219b5b48b,true
ceff094801bf0f2a2919bb2785b908012d66aad1,false
15791b0c399b41a5b0867a552431765804d74154,true
3c960a98b5ea3bef826e28bc8dfc90ea376ce7c9,false
dfd2c8b08f4b1bec0d40e9eb9e2d3e2ce3e3feb0,false
d86da83d449204e2ecfdafb8ac377e72f2fe7cfb,true
bb5d00defd3af76d4194b04ed1260ed21f52c138,true
746b4f59f82cb5fb706b2b449298281ccaef37d5,true
6ee1019459e81f968a7f8674ba4b979f42c7a4c3,false
1c907c9dd53f4f3aadf593bd674d12f5f75534bd,false
0b3ccf874c6e88d9955bb8a3781ffab412defbfe,true
2026f8ca381845109cc0378a2e557657ca0dd655,false
8d32c5da20390d26c0cfbfb480357c67f3d3449e,false
d60256e8ba72b3a0c74981c440b3b3446b1c277a,false
939066e867829ea6922d1bc953016a199070722a,true
5e7eb58775c42c8f726f8e80877bba803a00731e,false
7e59fceb54edafcf531368d3fd523a9c8de2b6a7,true
dc011cefab430164fc989b30fd62baa20c461c28,true
c15481770befeac8e80c0a1aaf69b0676dc2cec5,false
a55be042d7d217d36e1e86b5bba8320802744871,true
6efae981d2af5c951b39be366b66077a3e76ba57,true
a47a8222bc2997677be4db09505ad59b298a05b0,true
9c40da97c1279b5a8b83c52584b5da7f4cf36e19,false
2c9b885dc70dd8ed55a340dcdc165eab6ef6a002,false
ac669dbfe80b6e92812f6bc54ddd85be2985ded3,false
cae6c107c1fd8b7b995795e6cc89c7ef4154a5db,false
74a11aa54d185915955fce34199c5499d98c99f7,true
804492f1d20d98e568ffa5aecdcbfcadde5b9890,false
b08e2c8f642b5e0c0bf58c64217bc23ba0d9dc51,false
8844afe2a1356a580bb9533705c2e8a0ddfb9127,true
5d32e7a5295eab827af0c564c4c38fdd697a5892,false
38e1ae8190e2de5b79499942f3d4343c4d43d7c4,false
35ab2db90a88aa841c8603876a86190e22ba877c,false
6303c28ad661eab587d4846824c846ba387f0e33,true
860d760ad454673dfa502baf14cb014150772e20,false
a4fd611ec09ca05221ef9bfe5310a685fcbe9718,false
911196c5592329ef6f2f0c2472d139fcd3c406f2,false
8c52f603ce8e6159695fc63be192d56dfe01b149,false
3e19a5702e6edf844d6349ae4ba68c74d3fd1580,false
bc3c5c1f306b762b346dbf100c6d556e5bcef259,true
4072c9e66943eae44f038b8b18779a70739b0e12,false
29028ffd99c7da90ae3169d4a76715ed376ac1f3,false
f8a8149d80152981388686a00be236a64f372af1,false
c7c8859ee89b470bc34289d5cb9bea653a0c4584,false
af5d52d838304e23c01f6602d6bbfa91869a84a7,false
f467a3885bc50fd0fb34b49eba7798b576d0b1e4,false
44ff0117ce7fa0814fc5a68b5b3d34777d3de54e,false
c79e65a386bb1a6635a8fdbb20151bf83d5fcfaf,false
389ec450b8bb5b43b1279d4d438cf93cc214be14,false
47c86254936202fe5de573b085bf18b4faf8516b,false
ba931325dd7c720f58971d5dc09f1a88473cd947,false
bc6da09e4b4684dd9b70d35467ba8bd36ec58a5f,false
96df3dde0f846b0cf06e78e528d6cce0d197142a,false
7c78b1010a4d7c2e6bc580ebf1b2d31506737919,false
de05731c6a79cda4c9b77d9104be10f5039a6cba,false
38992ebb26ae11e2c875a3f0483747f43af1281e,false
52eede9f53f7421a1871657bdcfffd0db5d9dc03,false
bd99f3aa81ce23368673b55ccf3c23d902b47973,false
52378bbc27cae8c704760e67500f0fe83eb7dde8,false
4e283f754b58c12b8fc1cd7f6fbdadc9fa9c3a6f,false
4da61308f727dc42f0b0030aa54eeff2205c1fee,false
2e1938e873f3af2cb68e25ad9a928018ca6088d0,false
6c0f113b0be6dbb74b0d1a2c2d508bf3f55a607e,false
8dd79636e33fd3b0e6c951279dc92351e8ea2a7f,false
c8f2491cca381a1511f3974eb747199c489a09c7,true
1d7ba080304e23f97c7e216c50c7f23006c4fc56,true
d9f7624ccc9dd4b8bf68964acac00045b847eb58,false
078d9a16fa3a069bc54ae3d8104f96c7b60d69b4,false
c526d1e943f0404b48c56de269180c65f2dee25d,false
67a8551f0f550807f3fa919a9080a0a5fdeb715e,false
3903671e34bf2e68a4f8d224b8623fe18d9b553b,true
3a4b40fd0b140c166407e0a44ef3f98d3470be8a,true
be19da97ab861f0cf9fc8ad912cb21dc8a0e3579,false
e4b0add016f632998b04a98f48739a1d64ec6924,false
62ec7a7480ab3e11b03876b0d03a5075e11b435b,false
eda09877a8e8d856741ce290321f21d340e5fa27,false
9139cf0b74358eb841f871633ccbc5f6a14ac155,false
2554fb6cb4a8f97549692e73e604b29825ee0493,false
8fbecf28ae6ec11dd0e5a21f940b9341dbbd4684,false
f037db85f640c710a8ee170e346d1854c0f39727,true
f40a8e5b475ba2f82836166f70ae75aab0c269c8,true
3403f1211ec9591f553f4fda27ac68158c323801,false
e25ea1e7141509ef13ecf1d99af33d343449ea12,false
d8b13527353a859df226a9cc41219dcea1ac4a25,false
0465ec17ec067aac2a7d2f8e617997a4ea47565e,false
5b3b9b235449e42de63f9be2046bf52c7877995f,false
a8a5fd551865770266379d1a52409b6d31a5bafe,false
f7f74ca805789d617b1b4c48d0f645d6cad3e8b1,true
875847808f2c5787a1c134d485788ac51baacc2b,true
bf150f5caee44c9e585b007d409485738b25e438,false
da5ad9044e94988ba37baab11fba76983ca4be9f,false
24a1d84eabe72becbf5bddb59a231f96efbc8b7f,false
00e115082732e94dd79b3420dadfdc2ddcefdde2,false
e7a251c46163131210c3ab76365ec587cfb3b538,true
d6823dcd851a1b7b50003a7ce53461c0ed1ea591,true
dd20641fa610273f047340af62b837f98adce30c,false
b126e79860e1854913a27d65f6f8aa183acb1a7d,false
98644577425b8a6fae5ac7619c308f00c9ff5e19,false
85aec5da18fafad7e253c8b2ee6ae19a2cf18d28,false
c58971043d00fb32c37ca3246cbadada6edbd23f,false
7212ba2c59bbb2f6973ae2778f838dc16f0e0a98,false
a1f233328d4f40610fd381525e204f21c863a11e,false
b96cfb5cd539cb2c50ef23db3c273ffbb1b91d4f,false
cacdc6c9952f232bc406b6b811fb62c32be765b1,false
70b93151cde97160e643e6d389f0db4d6ed1a09e,false
d8bbb9df9f6d120950e0417adb2ec7d9fecdf6e0,false
7c3fcf4b5be42027fe07534f850dde856705c4d3,false
1e97b832649d5150009e4edeb99eb6e60734dbf0,false
1da6dfe85b4517332ebf3c77ec398d3a70ce1b60,false
48f6619a14d4894587ecd879242e1aef514917ed,false
f8411ea17c66cefa2b57831b9bf4be210c2e1749,false
5d9743a865108d6194e8a73f6864ea5ef64aa988,false
f9c063e463547b33d887b797161f0821a112bc6d,false
095891098922daa57c91584d166b7754df875a91,true
bc23457e3cc3bf19b0a174c5cd8acdc097e324b3,true
6c69449f6ded062d794a7a1e2b51963c5f0ea72d,true
b8d154371f466c54b85ddcb574d31aef85a07bdc,false
da2401c83b0bf7af9c9f51bc317f2bbc827aa8cc,false
1dcf36e23efc9f9f9342490cb1214dd0e98957ba,false
f0e53597d12b9e59dfbd58bdb78cc8c0916bb210,false
f9bca541a107e167e50df9713c6c6f6a343d48f7,false
b93bf6c45c0f618516e7e27bbfff94798d6017b4,false
6c4682697943d4e0d7379605f5ca4713da71157f,false
9ca978c9b8b3e02a90d4fcf88d2db94669362bc2,true
426758fb1a6863c8bd0a975ecb9738ce24d5a09d,false
734e528e148f00b107886e4b7386a6bd868b412a,false
f4730dfefde1ea0873922b8f10961b96bb6419fd,false
cc97cbbb410bee13a908135a4ca1f450acf5f3db,false
4b3b2a91fb153ae40a0e25888211221fd15d1dc8,true
277324a8044e755333ae297aad5bc659654fafca,false
fa7fcf2b3c6493bfd48d31bacee427d0637f503a,false
55b856ec9de4f4245de7fb967edf0721671db7a7,false
841f50c95c2f8ffc16af76e483b5115748e0ca3d,false
04d25e4ff9d738bdaa0926b40501125456d874e2,false
7c0cf107576dd56926220860f73e1f41c566fbf7,false
4d7f30d86d399c3fe6df3e81db8bb0d76a570149,false
3408f8b906ad402f6447897d2393a0a5d92e2018,false
e3f457aacd777bdcc362a2dbd977ab2381655664,false
1c67791b2c32289da312b4da8b12606f401237b6,false
ad5d8e20dceacfca99c6f63ce98dd155075c019a,true
2479024b819e5b90627889388e23c1402bf3e1fa,false
ffba14e9251e787dbb99f699ced1773c384a8cba,false
bd31a9aa47d8ed668afc7e6af13f051560e98867,false
251da8ea7db0657958d7a84174e187bed543c331,true
984b3c9183af5439a8b0d3e5016c38abbf78973a,false
b2ce0ade079cac1f28d175d2789db2ca1df9f9ff,false
105c3969efd336bd21e87f02980c11167021825d,false
c12cc3bfc58032ce59496af54a10316c4e186783,false
174dd3e65a7adff29fe7e584f1316b9c02414162,false
31e2a318c8e2a130d9e6e5b03fd60c8b44ec79cd,false
82a0ff514d2721ae4fcec025edec922953e85135,false
b51d77ded69c099ebbc2359d360866c9ff2b6b56,false
a3dc0db6dbec8f310ba6542671e319fd96610494,false
a08e595eba4892d9c87ca7231e64e5771078540b,false
e498b8cc6316e00172fd2bae9acb2846869c4335,false
a6ae6a0cfc6e6bfe01ddd1837f4eeaa484311be8,false
e1fadb2ca001b319a5d781317596066b1524ce70,false
de4f1ac341082279b0a8f92b2245b73e5ca698d9,false
6ff96ac02ee1ddd820246e282fb29528b8026f09,false
a9b6941b804520a5b2d11a57650c1fbd8a8b9c17,false
0eb99c772a508bef65a93b4d6f14a292e059635b,false
7d2c9f41aef1020226f6dae2a7d38abd9a1048f7,false
5281484ceb49c1e1344c22e8f48314cd46000edb,false
abaf7317f8be938bc0db6b620a5cedc35f05faf6,false
c57401f32e2c8492b452838f94447a2c9b3477e3,false
57385b19c06ce53f03748bc6121aea778459f942,false
ae124ac976f7eb1432c2e13b4dd8bb0edb3e68de,false
77b737f9d5e09a568b652e6f141db870919c9ef5,false
8cf584a4190cce0639a8fc9a2c7ba1073fcd12f9,false
86b729fd112216d7b571451c6bc8e99176ffbd6e,false
dd42c60230034d70612a33809e2d27ebed983591,false
d0b7ec6c9bd5cf2def6a91d67dcd3f24a8057ce0,false
9a22562f7a1b0c0fd86775407d86e3ad4c24398b,false
aeb017bf6ca22fbcbc9b59765644f8e889a08b7d,false
afd142d9fa28a2800aae1019ccfaa18e5ea8b136,false
022cc8478f4399621eac54e728302cfe63fad0dc,true
b75c07c953cbc764aaa7ac164cf5508e04dae53d,false
6d0f255b13ea8f93f7375eb7943692560c7e3a22,false
46e9cb768dd2ec810340975a86a3fd93c8812df8,true
3a3dfa5983e8f1e245239eeb181af6a8f6742531,false
27ae09f83b0165c36c78297708b4a2e75c9a2dad,true
e7a25767b35550f96193b8ebb4a252e5fa94459e,false
f919bed9646d95ec83b108f7d4b9d02403fc27b9,true
a3aff24230e15bd5f6bcd58f50722230ccfd486a,false
37f154d212ea5440e8350c86bb4f1de13339dec8,true
d409d809e911507402c829476c7e0d34120ceb9c,false
15722d58f6ac896d6607c1d3ee284b6326b6eca0,false
3f012ca8bdfc75a6dbf78a5bae8a26f32a9ed934,false
0aec0c785103840cdd65d8dfc6ab6ce7f92c9710,false
b367b2d558012c81694cda53d1d8eec6c7c1f659,false
3fda11e4e67b0f6739971ef5edb0293446527296,false
8c1e70b17544f3c55759b135ef61d3e83b7ba59c,false
9c300f8767af9d6feb4a4a7d12348b0a9add5c53,false
7008daeac8ab7512989fad07193c4747cd59dcaf,false
4ff457e038b0357dd9d3389065461d8186c079f9,false
ef895a61a6d0e30a0d97e87ddd8e82152e703588,false
7f1f2f418a0a3dfb9436dabef1f8f50c361b0e98,false
56ebd7af4145b3b1d34de28bde266a44fb0b1f70,false
a6a29a8b1c296eb812bd8242df48c078270157e5,false
4647f833b51a28112bfa327edd6f7a1e8d0e559e,false
01a21cb380c96188152406bcd31453825e1cdc62,false
3ff8a7594128f7b10305edad2f274001440dc91b,false
0ece661ab7b37c7f95a63302a28cba19051b8adf,true
531b4eab95aef614c2f3e53c63bd3a23fa375561,false
e1d6f719dce1eafe418b4d804cc7f19177333ff6,false
3577ab7df5e973e051dceb19e75cc2772930544b,false
ad65064df5f78e6121117f7606f09474059914d7,true
f9857c348d6f70356d399a08d8f69fbfa1843e73,false
542351a7083062e947438fd7e6e5ec902d14de0f,false
bc2262764d5e63dbb7962a2066b5b61e1ce9fd38,false
42d2b8cdd4c4a63a5d4262d78dac4a5c4d74b708,false
f11f0b76d06b0488589a1f97cef5530c4b46789a,false
38cc4bea3cc295781c9d8a4ea3eb07bd692f9994,false
32ee075afff4279cb37da21da67e53f12fa157b9,false
d02ebef34ec9100a0fd34a07db1ee7df58cecd0c,false
ae134b5ecfbbf6c44ecf6a25dbe0844660f1b8d8,false
827d535061bd760b03dbca8fddaae7962dab7acd,true
268a58e7fdc61b53f6804723abd980fdcd451fd1,false
1b81368acdbf3ca102a1b800e6ab8f266f816473,false
a3652ece01ed18be72bcf65a4a8d70448b03002a,false
8e9a8a7a2a9519cfb1eaf2ff227440d7d1cc6ab1,false
2046f5312a76cb2922b7ae14b8485f2579a1c6a9,false
4b439998dcb2d517cff475bb57ca5f738684ff6c,false
ec6b557028818a8545ea04080356c4266945315d,false
b0692f812c5f73623283cc8ae5d1be4a079b1dc0,false
fd58b8a137c9b7ae9a239a18c8092c3b9113015a,false
e136fa0957f9929bdc52bd9241a2214cda7483ce,false
0d8322b7f251f8d833989d8e182f35f0ca8a399d,false
15989430c470b90e8b656462d0c6c57ef5035088,true
e0546b29e0ddc415f98c2725f165d71034fe5294,true
abb293e1b5b1fb130cdaea1c67de30c2cf89bbf9,true
4b346bc68e3bc15caf4ba4101ba2477b64c2e670,false
73173811a092123fe41564c0ff458a877964ee03,true
7b63da144f5150a47a9cdc016ed26807b5a43040,true
fff8ef8b0bfa628dbb1ba9db112b61f2707041e1,false
e5ff3aa5c29644c98bd14114328ca469696a9b19,false
d439af7e967041bb9ab8b94cea858fa7859c816c,false
e02f4914f6131636f66dd09cfd975ad53100247e,false
ea161de591a7f3c564ff13347b432e98c30a441a,false
58ebbc7e0b9664d0a74a89bedbf6fa75c603ef0d,false
74faea73440c4ff8b94493d5864e23e3fae7a53f,false
ceb32eb2cefadc04fdf7cf5c474a96d307a1618f,false
ee9b6b1640745bb7b757f1ec8603b19d4f678fb8,false
1a12f59b39d633368b5f06d4bd2986a372c94974,false
42e61ad49f8ed2a5183c1d2bfaefd71ab82629ed,false
21cff97d101bc54ee9e09d25bd16252da5a19fe2,false
4dd308c58c43e8342d9fb99342a552ec87a0ab6c,false
6ff38487ddf3cae0ac0afa96d4f6d3d2fd33b314,false
2f0665f8dbdffc0a61155cb34de53d2e2c845d7a,false
dfaf0ed35279f46524fec7e4d3e0cfedbc803c2d,true
bc132709a147444ed9a8797bfa2f0716863a0f7e,false
5d0dc111c641abe4811016599982df91518bc87b,false
48fce2d91c889b37c9e5f2baa1f25bf78ab23008,false
f82776fad5e9f659799602967b06df980db24175,false
057d9f93c7357a02d41883921bc93e4bef116844,false
cf1a668c7e0d213bb9c7bc0674ee739b362ff6eb,false
f1fe24a6421c6c087fb890c5e96e3d04ab56dda7,false
11f4d52e5e05c194f6f492fc8d95eb4346e6550e,false
6a83131d63253f5616d3435e2cb7c00df384d6c6,false
afc042ccc2c4bf2955b60d9946a7986f088f15db,false
56831f9324db744bdd16db85d5a2a17ae71c1f3e,false
2bc81720927f7d1f17e41aae4b9dc97e05e81321,false
8dd4b291db25164381b523507382da719c054fa6,true
1addb7bc879234242992bfa2d40aa0270b179c5f,false
eb6a044a664b8d2b899016ff60aaeedf2e128eb2,false
c6f17486d67b2c799206866eb21816df41e84054,false
3fd6253ac41a3bbe19f7457ebdd95c2152235fe4,false
27d175b40d0222be76e72a7829d31f4d0ba7c8cb,false
4008ef0fbdadf3f2362a88362ec74d5e325d58e1,false
e56c04d41fa0c162b737af27fa56559def250e82,false
21fc6fe5c35a0c62e21624ecaf5920843e22c055,false
a1b5a8729c5244b246117d367a09affeab99e55e,false
027b3acaf1e9c3c95a1af4a5c5c57b3f5db469fa,false
7bec0dd5f2e1fbde6549a780fa9fb3332f460898,false
29262bac965c47ceded245fe28f2ee708ed5be87,false
241a7d643730b4f79f1e4a01a3ebb0e3559f0cd5,false
6d1b9aab54fe08622f8b2e46398e2ede1ac32ebe,false
b10584e4f1b49c1d96d219756d8ca3f423a29bbb,false
d60f52df5040704270e83558916d537a302f01a5,false
a5c53949cec149d83bac55f31cc8743e58c2d2a4,false
806606a3aef51c852afee1ed5bf8661f0cbac054,false
f67bcdfb0ae65a1c392cef1dccfb6d0fd1e65b82,false
14469dec91d9c2bc7f2904c955aa4358cc4cba23,false
d2c0db1e9f9135fc845e722ac01fa653dc002a4b,false
d24f60ba8703adb91e7f16271ed8ad1dffd30798,false
24bdabab2e9605948443262f61d35c3f5f7b5606,false
921a7a9834e2cfb92fc0d25fa78fe8b9b61cd84e,false
cad5634385913ffdb527bd4f0d9ffa75c2b9a1ce,false
5e6a2ad623f465fa370f6d0141e7300674f85b9f,true
bdfcfe8c2ca53f934b97f3adbef90690bb0457ba,false
5a2745ecd80f3d02e1e25a733cc70ef02f56cc32,false
83b9d23370c13f29ae730da0d4632dfdd61d7aac,true
ffe741753984f18bf59ca9efc5977279b6ed6c67,false
bff2da87c03f389845145333f6def9ecdca6abce,false
07597c3f12b426102b3315d8d71aef9a2de47012,false
4218c88711b068cbd4bbec0fd862d86ca480c481,false
2e0e6e18b8833b76338adad7d0c60bf273917c34,false
6ef77452d1aeb3fa0b08824011ac366b2d450c25,false
35a55121ea3c346df6ac833c1b17c808180daa86,true
6c3ceb64e1771ee0e6bf6742e5c2cbdf4481fc53,false
d31cc573d49166763014406fc17791277a88e93f,false
b00ddb32cc12962b38fe7cae45999a47ec130615,false
e9c960e2f8426c43b1bf2bb43d7148e2bcda10cd,false
3715dfe8ed55c88df82fe53e8bf6deada871536a,true
32e4b592d830f4203f10e4345a260c4f9d0a5188,false
59800062d7f2fb391a81b9405f40e90660772d31,true
3bcc8c99d21aa9bb5d6584ce34b5304719ce7ac6,false
18dc4c7b23786b3018c3aa068a025833dc9159dc,false
5e0a15da2d81352653599638f8ff2b22e9a4e9e7,false
eab4f7dc98d3f219cb18cded717823f57f17547f,false
46fba345f209789f15718c7aad02706afbb7f096,false
b76b6dfda0d86ab07bc3d40c12267de684ef3d67,false
1ed940bfd59ded13f396529e00a6fbbce99f4e17,true
b9a6ce07584e503a9479f90abf2a0571ed55c395,false
e7e00f123aeb28a926d85c7245bb0b07ac2c3ccb,false
86465cfdf4d20ae62d4d6f64a371d0513317e45a,false
9302cfb6be21e86e8eb3da6549066f51c6df2d3f,false
cf5182a6b447a4f77c4edba7defeeecb65467e5a,false
914e9af20fc3f720f72859137fe04e9f0f3c32d1,false
b1a55238cf19618eacfaeb06b7b3865a742a1455,false
59328553d1a63b91d4986dd62eae2ac26abce8f8,false
ee9a88e1051099f8ef0c6fb81587c670b855cf75,false
152086554d9d1b66a74c14a86aa57ad81026c73d,false
4304e19e315d8336e6d6808b89488726e0fc315d,false
57d049041b92d1a5641d84fc2b5cc3c403333a3c,false
5e22dab4c8c9efb2881865022540171a5533829b,false
c767cfe002a901b0eccc0d598fad598bcf667e7b,false
6fa959b78e5a473587ceef47df2d7fd447dbcaac,false
90d02feb3aa6ac2219b942ca0f6099d0c5f6c002,false
14aef15e1a246a5d5c88e4215f60f8e1a6d3004c,false
3eb6cabd80170ea39466ec91b6cb1014ac2fd726,true
10150c555b32223bc196afc5985f9c7ff82bc8b4,false
dddf9a32ae5fbfbadd613edac1d357b4c9641d59,false
8aad1abd382cb85807c4be146dd7ef6708aa7d66,false
e9c0266a2901f11e05012616fc57f375fe90414a,false
aea12b5c92814ad3337c0e8da1b19a2d4b4135cb,false
157008643602488976c19b334694ccbf0732d638,false
c61eac49a0a8ca012ee2657ad51809df8d05751c,false
69bc2a425ddd444957eda77b0acb1303b08be943,false
a16bb927290056269a421742d421bbef9ea716ef,false
8beb38473d3a1caea87ac867b3ac6aa786927dee,true
e13ea95e4c283c49d81f712e486c01cd5518f3aa,false
6c8e1e5732637678c68137b4229554fa3363935c,false
563ff6bf4827d0072554f362055c21ae94a68b6e,false
a331bc4c4804645838ff2f639dde0fcd70481ea5,false
48903e1a0df1611b332f87f5906702f245394ade,false
2b34f2ffe13f1cb4eed1805832ed38af16ed56ac,true
6e93124fa8a32031f7ad93569b6669090a2722fb,true
8d16022c93e8bc88859285def78929544d6da95e,false
498afb920a1842d0afd7476afa67c20f61769202,true
94e6a2cc54aae94d1494796de411f0330984964b,true
0694adf88202a4d03f1af93746227aa5fe839d18,false
2db6582b741ebe7e86293be1f8c75d0e04d25088,false
48defc85bce45c0238208ab87e0b6221c4de559a,false
83c99aabb7f01454e452d150768e2b6842376818,false
05d214199c6a1549f8114357e1b6dae0b9e3ff4e,true
69362d0bd4d04efe1d9429db41ae8495a29dac27,false
16d78ae3b64eb968fd9f258383b73ed3ed09b22f,false
78620eb986c19913cc550f1e006ce601397aae48,false
7a90ffcd0482b7f82c9dd796afec7bea6b6ef0da,false
b1792fec6d354094348220193d05d00bc0db6dd3,false
65579ccd978df652b54f90e50eb5248263a2b35c,false
d8aecfb8e5c9923518df84cf2b2f509c52f09aea,false
3960dd73677cf570a71ed1efcfa4092f9e735729,false
87434ee732cc146b9332d88b9f6685b9e8028455,false
e99c47dd2a8f97df65f05d10ae415e8730700ba7,false
4db0abd932a239187220ff8d3151140782efc11b,false
3c45fe0b191b44231bac98b45bfc26a6cf3ebdce,false
72f68cb901b0a977510bc9c25d25ab87133da953,false
604238ff8306d0f165cf4d3a46237558b9427bb0,false
6bc39529deef2191ee681a4779c8e49462cb1a5c,false
d4342459b49cd8b5b3c9c5b211f2ee97382e65a8,false
1e0b06beff65c763a0237a86962442646cbb4cdf,false
8fb66946dc8d906f13e7e65d1502dd22bcc29b68,false
e67f5c503add3626c2c0ac85fa39047052402038,false
d30aca8051f3e97f4b5d0028ec2c7d40ce972954,false
c366cc346f26b754b2cc80062ba42888676822d1,false
eef5364da35a2ab862479ef1131809276238b33a,false
3188855d494fa3971d425d013b12b4c5b5d12884,false
f2663c5be5ebf930172bd5ce58770e44a12e5c75,false
c75abe24190c08e8265e8951c5999536eaad995c,false
e0c731a085c2478703eb195f29fba404edb9f8c6,true
06aa4ddd4bb3b9efba740d33e52073fb5cb51c9a,false
1788ae144f26ada1680935686d33b21aff7ed25b,false
1b936344ccc31f7be67426f48936500d0bfbb019,true
31a5ecac95118c652c6fc03a5827f2a8867a7433,false
a11fbeda21ab129efe4e9f82dc03fa629c754233,false
edf7035f41644cc5394b9ef1fab85e6f2f4473b0,false
483d2721fce2cd7b8713c52750dde705fd1a8417,false
6df64b53ba1c76db24a35147c16601927e4b4b8d,false
408f5774786ead8eeab785a9435e72ee3e0dd944,false
16e586b2b8d30ff9445570445a18b10f6237d8fc,false
35fba1201897e8a18da9504dbb14ad58bb9a6a02,true
eb88a646df712b97a6593c5531bd3dd270d002e8,false
b49b8b709e0cb225fc02cf03748ed1a1c85fd64e,false
93f156c624d4d367e2b3cc417d6f21e33c6ad236,false
4dce058cf69093a1ce58c6ebc73cef6682a8e286,false
e0b2b1ca34a83f82a1db9c0be1f8b957f1f605cd,false
104b84d5e457c7b1ef65a6398f2784f8f84dd26c,true
c4a55df723c2e34ff6b99d7ddf7a70d806ac6a13,false
5b5740e7c0491b6fd04453c1ae3e5c6fca8f2b6a,false
22288167e9b00a1ffe40cc3c56f39b6db7ebfc41,false
19bd503f781189efc4db9f2db0cdd96e3cff4772,false
796257311a84cd84873fd2423d5ccce231459560,false
aed5c81f9e833722f073450cbeb2a00f4ce17b8a,true
768bc74897753055301f538535d4a5d35f3ed942,false
a0ae5d5b18847eadde6938a22f2445eeb390846b,true
d621e3517056b5c875fbe7729aa7516fa295d2d9,true
91419280662443ed9e06c0c5348fe3ccefd0af07,true
b92c647a319e720cdd0d04184f3d0f9cb19d0a07,false
3f7ace12bc3b7b44f420c6527902b750b2455e87,true
60f49db7bf785c04d760d5576568abed05d70566,false
aedaa417c1730c0dd0a5b42cbd6cc2a37477f64a,false
8ef672e3712f4f295b0ee5f451879928032c6d97,true
d66bd10b6c9bbe37fa0ea5fc4c1fedf56cf53981,false
50614ed276fe8cf4dfac08ede5a3649206800cff,false
ea135f683d746658d1b10167e2fad18ac92e05a9,false
141403ce0b53d9a396b470ee2ecd195db0562394,true
2616077e3a9f903fcbbed999cacb8a5d94a3a471,true
e31b859502f6845268efbc4079035d78c2100311,false
77dae87b73a2cc27e843e018d9983e23110705ab,false
9b277fc42a7462ffeb1a24c77184201702ec9c70,false
6c324800cbaa7841b9776ecc0f5218e133f8c0bf,false
3bac68e75159fb7a1783d3ed2537669149e7f4c0,false
0a6aea8000508ee0896298af7058f52a7c58eb85,false
6f3569b06e3a9378de4e3fa3ea2b53d534ceb47a,false
cf948ec3731c8bba87395abe7397b4feacf98f4d,false
d7d5a7fef68eef3487365af0a228b93869b9fa68,false
df2946753ec840446cf6f13a6bd6ce8a90a84659,false
1ad8e816a9fd43df0009d58e81f3d7df644eabd2,false
663bc3c791aa29d7dcbb208a7f4557b67fffbcc0,false
8aa74c50da80feffec9c3c7b56cc68b2fa1d207d,false
c206a109c5c2f6b6e7708ec5d5b75a774e030e21,false
695e021ec13d844eda1498915cc80b28468fd0b0,false
ebd3fd98092c99038312b86c0df8b81e4f742c5e,false
f8cdd39c9b5232d9f541f673c2bf8ed2cc9ba720,false
0a65c64f698b67116b9fa08d899ccf5e8f320505,false
67cadf9287f88511c0c7d8e2f0c29d42b55e3dff,false
d5fc31b8da90cd20a9f1d63789bfbb4687860923,false
35c74f2b0a15194be5325be346ed89c2b7f7a47b,false
ac40d7e173eaeb45cdccea993c91317f35a8d72a,false
86b62e1280ffdb26b91d8071fb8bae160ab7f8a7,false
647152af031c3aacb1a59b4a11b99229da2a9048,false
65d2f33ffdc40027b5d4292b4f8d4d52cdb35b06,true
703d4acc0a30dd3c6d42dc10b00f41ee32cd8e81,false
ee44f6a04576fb738936c77c2f80f967bdeacfc1,false
c468c63dfece9f289d6e0caee280f0c2b10f02da,false
a1896ddb98baf8d829dad83c5cc22d80d676dfae,false
c558775cd92c70b9a85ba3c051e64b1235dd1817,false
ad1026826c4674921ca0c7b67f230f9a4a3d4da9,false
5021ddbda6b8f68bdf6d88c6ccfb9050563bb30b,false
70c186ba4255a38900ddfd7d58d27e9586113d33,false
4e5abc32859e26b74136cae34a7c48278056838b,false
9e037ecdfea504e2558ecfa66626b0a10aea27ae,false
bc4a5f38360c1685f51042a2253e0824f8b26a8a,false
2df99e7f1fc7ec640f10463388150c471db6b3fc,false
9a2bed203d082f49b6a746ca77ad483eaf5ef9ca,true
6178d163b4b53ae115bb8e79573e03fba3b90f06,false
bbfc960a2bf71e75d2c32fcadd4e6909ec44f39c,false
65eb79ba1bb9ef816f0defbc1c1c5569947b1c99,false
343fa1849457202a393ccfdc5b86075cc1b0b88c,false
981dc330a111d26bf0bacce37ff44b61260f6778,false
2050189d9e35a8c3ac40084a8f0fd7ea82d54310,false
0da600533a77816b53ffade423c078ec6524a9c4,true
e0c925be307752ee0f6c9358e15c1c248562f306,false
d1cfd1d69246f93b1304c6ac7bbac987c1d2c262,true
0fbf9089f01b9bd1ece71711f98993890e66861d,false
53924f31e8ad1fb857032bf57f0d79b56b9f7251,true
86141204c205dbac1a1a8e21308387ce93cd6e55,false
4f5c60a276864d1f86415814d460550b63abaf2e,true
13d599c113235593e2a813b1efa2310c009b9fa0,false
6249011587c6d9fd3e2a091048d6d6c4e4ed1e3b,false
875aaaaf9517dc714b930d703f79a49390a21f36,false
4f0657272afd693549d65b23ef9badbb59ae4395,false
c85e3b4bff070988bff7829bb9dde31f2b9646e9,false
2d2ad1458f81e9e88b308b112ae8dbcf7ae113ba,true
87267f1ee6d33b9435a8523a1970a7c510a1211f,true
cf7c9a88456e7ed1fc86ad7a63a4b468023e84a2,false
063ad10910fd4b0bce14b0e59ce2fe8f9b4dd9ba,true
19d16f0ec4a4027ff335760cc7fa1580b9b7b585,false
18b004cdb4340f2f574246308d821eb9aef7c193,true
a8c7b32968215d8858fe008a12a783b44e64e663,true
270c7602f969018216ddc4baa926ebfd721ccfe0,false
98f1a121a6543922805ad226c4805ae771e71179,false
46255668716f048a5b0accb35f3da0b46551f6ae,false
b3c17719f8c387fcd524feb1a752aca7f067263b,false
fa8fd72b170dd9fda30e777b418cccc1d639b46a,false
9b6ddcf84bad6085eeaf4a44a53f9d6e5f85173a,true
03e816fe8ebefe5ec22b7c4c0a7dd129908071d3,false
2ed888bae7f9eaa6596357ffeb4c609a301e192c,false
d26ea12be0e6265acbcc1c5cf99b3a5e13411c0d,false
04d88bb98abdf0d17296b7e4043977e6d39e7bdf,false
fc45a811247e6f58b7fa5d72c27485a6f891fd5f,false
39ac45deb91df8389c5f0f3ec6fa23437580f224,false
cded8f32ca559684c32f6774c1a3c3e80cc39aa9,false
168d1d0c95505ddc885c5350bb9274d53b3943cb,false
b24bf3de5ffd15b23255c759b3a7e1264223d1fe,false
4529fd4c38883af1b32cd90f48bd4a303bc1e77b,false
1d549288b57bba5319967392cde84a0e678999c1,false
69d55c3b4909af43b64effc5a9ff4e805dbdb0bb,false
299b41a10973801862be445f24cb965ca6e7ef45,false
705ba1e453cc94cfbe593342fa3c7e2e4c53f62a,true
0d648f57c115c470aaf6271472967cd9159c17b4,false
14b0b8eb51b9b6ab53ec4493de06735e4fdc0b5b,false
301550d803e4f047eceb6c1f08adc9e7f43e2846,false
3f3c03ecdec64ce1bc9aa1e8c5721662255f2c36,false
83c79bd0afc4b5327abfff26cfaa1a02302156fd,false
dba0b1046af19fe0d7adb60862b3f3942814b690,false
d93d2ebedf55f1c6a65f84340ed92503d6f8b328,true
0e00dac7a74caec108823266b48fc5f0e2f64aa7,false
dfe86da89bc2ed1aa247878332219effcc9cf152,false
31e73b2c63e6de5318646e7423e3a1c577707580,false
6eca854c1e3364718c13da4251828d1f38612f9c,false
4cc639a2c11fbc9f5fca9ba5f157319984d9567b,false
9142346e83648f7d10e489744177fcec5180bd13,false
02e8e3db223a5363a74361ed727a78ee56745571,false
e42a31eeb99e3f488cf2032603dead7bb01c859d,false
5c279cc1db77612def2fd6350272d591fa5eeb4c,false
3fcc68cac8e8acdf002df252a636647ae1737ebd,false
4dd3f4dd995501abcd38311b5d0934ef8f24f345,false
e5ddc284c3112ec3a6efc8c998b39a75b402bed7,false
a0b23787a4f7526a11d703ec448075ee64cfcb66,false
d9ab2c76780a231afd453dad170088e736507d3b,false
28fa99f894446fcf3d76a2073f5df9ec733fb531,false
56cd9e847c6e6f39656a48999f4439fdaf693d9d,false
fb1a48c5c49baee04fdd93b8e6feb7873dd77d21,false
f6980a49deada98ceedb3d426e054accd619e0a4,false
80bd7543e12f79e943c915faa792c7cc6c1975f8,false
7206ad2788ac0062ee33f1ff8e05c1259e307faa,false
8d4bf51da088983e156ac51ae00bab25611565a0,false
76aed5e56b56229ee794366b2cbe580b21ed315d,true
3a7a54db5c01570ed1de2e6cf8e4ba46db2fb688,false
44a51a505b581bb6c7ac39cf04eb5e30f7e8cb28,true
6d4e0a3d0f8b1bbb926c62b797181c22ef7ed13d,false
6569cacba0e3a9e8cf22793510f81307c1f2e2ea,false
0442622dbb1b5427cfd9901f0e22ae5a3ad9426f,false
0a295e2626fac722d38f102c1c8255aa0b6218dd,true
4641dd1ddab5faf4b2460c245965ed5871479230,false
30690e90e4edce047ed043890b3955b0080199c2,false
f76cf29f938a3e9c666384c34dde2c81014e149f,false
0c8e87b2906ba20a03990e33ba2470199bf3b35f,false
169dda227f85f77ac52a4295e8fb7acd1b3184f5,true
41a4a33a7006729a40f986768bfa57707ba56842,false
802cd73aa6e0400e7acdf7628182c81d57eec243,false
635f7939502b4590dbb5599720e75e40f5d55aa1,false
cda283a49fd650c2d78c56a708e3344413d3dd41,false
719de4e25e23e24ca8f4c8f708c7207826f652b6,false
ee614036b45e9f10f680cef56a5eaa2d86c424fb,false
aa49912a53c6f18caf7d8436dfccb5050b1a8380,false
6ece9bf5e82ce74c4256c38e9a8def56659e428a,false
bc3f23298610a93452ee63ef390161ed68b0d825,false
b6b659f17188bac0e83421aeedf71083c8a6e77b,true
ed220748f6d4ddf65870c1d404f7efc994e4f725,false
7ac237881cb9457f5982497764e6f507387c773f,false
8d666bd3bb47d74164240949d23030f5b760249e,false
16648b1690e1a6670107680c9a1688de67e5346a,false
f0c911e40a26370833ffec46e6faf20bd8b2477b,false
026d8091e30326de5fcae024d59b6caa0ed054cf,false
eeb599c91be5d4f6ae3036b1b36353dae21310cd,false
0327923fcba32533aa6881ee30925df8f2651a77,false
e4ce5c3bcfa82804643c50151d7b1a913935187d,false
471f94dbcbe0de3d4526227ffd2e272106d6bd6e,false
67d84465bd36101eb440616acb9d2fd4ec854a1d,false
2309536f1aaaf5a45b8f33f39214c05a7ae2b2f3,false
d9592ec4116886428ed70171d37d03580bc00d46,false
507f9aec0c6a828c0ed7920d175cb2986191dbaa,false
1d5e34e202245c8aa7e2f254c5930460104690a9,false
a2394eb6f3a4e2c6f562c1e7c205fbf606da6a85,false
a293be94dcb0d1f3fbdb67456f246300af59d1fb,false
8f1d56a0b57684b7fd3fe6105addf1ed47b82274,false
14442802cd63d2d70717bd0f6e70554b6124d3f6,false
dce7e11b541943150edaca21fc668e72365f4408,false
95e39f70bfe2d73f2b690480939601f9a40fb158,false
66438fbf0700b5addd1d21c2cfb878de418df582,false
63220fce28890a83581fca1b59ee70c5dfacf7ea,false
10665dc2c3deeeaafafe238752b5936aff4040aa,false
803854c69eb224acfb63d27da21e3e3661413983,false
b281bd3d027a811be57212410e824af721d2ce3a,false
86d5b70ed7b44f1b81fc39ecf3cdb3e8d7cc2a2e,false
4eeead35f538e6b6a9f8c0eb323b3e1f3791be73,false
a6db434d719918cb9ff98bd985d4c9596348e871,false
a2042201ffe946ebcae805fd4e3e5dbf88c91924,false
7601752542d40335ebd79bda464a95e42d3c5402,true
e02c0f69d9a1a61bdd8b196706644de7d88fb0b9,false
a87d420c8b6e1aa45556ebf24d07bff1fbbe87fd,false
9475c8e0d35c1126b06b1c17495f342c58d0abfd,false
37092fb4421ca22aec70e89a1fffe268680b6c7e,false
fba61bab349102fa5c4e4b8b44ba712029d10413,false
65fb8e3bd340a27b0ae1b39bd1d646116f42d828,false
54282058900b473b1e1211f8e0b68c1d36280788,true
b3816db658878e7f9be3568c615b3c6b6d7633b1,true
e248fd22482e43902f42de9a6370207cb7171f63,true
602a9c8143f170e8fc2c0163d2f6e0344cefa498,true
0743a01c7a5b4c25313756f56bdba7861911bc7d,true
2b72f4fc0efbb5c43a3609276038cb364556460f,false
84df4d24958310ec5768cacd52bf5534091e36a3,false
4944cfc00914fa938d04bbe4f3dcd834b7132183,true
288e4ee05f844c58ad145246a86d7f465665dfaf,false
2969a4cbec2791e29ae2c3578b5a314cf260b43a,false
7fddf8b6ec54317b8527f93298fcf68eb4c3ac96,false
6dc826ee4dffca30843d3731754001d2ee381b76,false
3e85d9597799e49d6336ba88ac070d4ba05a33ec,true
80d75bad57c8be1b08fbb2129bb0511c633446e2,false
51185cc02dac3cb8a12f37718ca8150058d77095,false
27e8acf8829880121539fdb182a83cef08265e18,false
dc8e96e7f007e83fc59da28c3f540452aaf70d9d,false
e3b6f6ad5335c8c9d92b58034e1e2ac30fd00f82,false
44c34bfe95692c15df9e700e68c350e6ce70330b,false
a0a4d7ad2d26aa29719f3578b08d2c39318cc630,true
d266fdbca61daebdee1ca9e64e81f5f6bbbc9379,false
be51ea85378b3d9ab3a41a5ab0cf35dd5a6da7d8,false
6cb07655ab9aafd1367fd86b9117d4fe493a7608,false
7a9721076ebac1b0f081bccd0fabd331485fd1af,false
8b711fea9b664999fc98f205ca14cdf32f956268,false
056dee881aec385de4acfd40c5ac6ecd8dbf5b9e,true
8fefd84483bb4fbd1306595ad7d8ddeb2b03767e,false
8c7721d36568bedbe16b2afe48c239624fb22798,false
27bc088e3e68e7a708d5a5558b74e51af5e7a0b9,false
42795a32e8acd81186deb3fb559e7f278c906f37,false
554db1e1d36502acfb05d0541942ca080e13d022,false
2f4b6456463907b3b1ae789fcd924f718435ab86,false
3289a259a7fa9ed959eb18d012c2d2e52198b033,false
1a30fe5c6f3a9f80da1ba80873bf0e50edd8e613,false
011106def63e277039527b2c8feb7e8a61b2b73e,false
ebc66f9d6f0b7618e118f488b037d58694d88ae7,false
e2b3f31ed705c6f93c5af60e396e27135b2b02f3,false
3c9af7765a6589e6ed1c30c9bc843bfbef4f0704,false
24bd9ab344ad4e772afab3c345bd34f0b77cc95c,false
a71269111ad7ef4952c569a37f2b92f64aab7f71,false
5bcd24d43cc50ef8dabfeb98d883045e23f593ea,false
2689431dd214b02695f9a7a7b873819b59312f06,false
4be144fdeb985c974ba3b044698284afa9f25f31,true
f635df90c2f0e24ef78c409041125f82e41471ba,false
7b5c4dc1d829f330944a9f034f37f08bca5d8286,true
c7b2dc0fd2638a18a91e03881b0f3a7d0722500f,false
e121675987bce565f2b9db33e84769ddff6a87d7,false
80527089d064657e0aaed121fba226b651f3ad22,false
c3c157e45062833232dccc65749a149a5f586a9a,false
ba08ce44b5e77c50f0a0c4817a1ace02edaf18dd,false
108881bebd470e171aa7c394dfe8c59571b93513,true
80b732aa7575ccd24476068c531953f4152e911f,false
5fbeb7651250dabdcec418fa66d519fa80fa44ad,true
dd70e5e205e831caad0df2d585a1f3897b62d111,false
c27666b70acbd077f1be71dfa5906544639da9ca,true
ebf9ef66b24867ae8451f31cfb8942a8ea9e98a4,false
223458c04385d9c5a2bc610548542b4eb3fede10,false
5005e812dc8c4656ea59fbd701d695ddfd88f7d5,false
b7652d1057bd23234a3973bb5fc1fbb916b88de0,false
b1e0055098fe4c48c34995d6d9d5a61775e8db2e,false
7f9ab6912a417ffa5b0daed3fdd92d2cbcca9b58,false
a921c045bd8e6bcb777b15125cd0e260ff20c086,true
c06e6aec8f8b452de1e83fd7e8f61852135644d6,false
65786b132708ade5e05bf4636659a7b4e93f3935,false
a8fef32b53c8d00b42f1504d827e230e6e24a610,false
95a6e67c0a27bea437657b8ed98b44a019293cf3,true
320c89e8f75c81c3c67ee5fa5bb76f93dee8232d,false
10cb99d5066562df58e875c9ceb167d7be3459e0,false
57b0b375e7c687d6fff53ee7db9021e5ec975983,true
d231f3a05b84e0fd38b0e677aec0e5811de101b2,true
f3d993b857741688f0d6ee0f7602544a11bbfe98,true
0765fe28ea9a341e46e2aa0339af67c66db4e00a,false
04b3ff1f3effecc7cc7f9d4ce5894951f64db2a6,false
952c351f7d2fc1987563c2558342ac874449f8f0,true
788f75d01a51e03000d0639bcece83112a2fbc21,false
c7b7a9865f4448394d261ad395255280f03d1fd0,false
774b065f501f143ab9c660bb6315346f388befed,false
2a18b7a6df6cbe0047bcacc7e266b71f6c075665,true
e917252e8cabc55b73945a36ba8da7843b59c572,true
a32520e18c18e346801bae83ed15c9e7e189bfd6,false
c1af48077a235fc948ab72abd3efe623280f72d8,false
d90daf33afffaac41d45fe0891121b534c916b47,false
40b041cd1e00258b119071db9844932686b766ff,true
b95ba615b455c6894d6176b0640274b7bc0257d5,false
7ddd08c99fe4ef0f4ef724debe76a8787c9afc74,false
6597e252a78d5b139549619bae7e457c140d1671,false
a127f904a3d82f6cf9f2855abdbdd6bc98e3540f,false
2d55ed809ad578a486e0f7641a7886260363aafa,false
110d78ffb9387e3b342924d13a63a60b396eb934,false
becf3fa1095f79f87c433c02a85cdd2736437762,false
1b74d24cb2e402939bb5045746ce86a7389cb0e5,false
49b8940037276d6c52b87c76bbc783124229e010,false
ea22f75400113c03f4ca55fc269024e57de5b9d4,true
948155ef902623a858c05ad89912b8dc35707885,false
e7d798d2e7955916c15d34672b6cf441a1fc0131,false
587c0958465eec26e05bccafd80741496160a3eb,false
b3181bd97757be1b63dd97547f3261175d9722de,true
295b11bdda7e96b03aa4eb41ff1cd0df03cad6dd,false
f28f0abbaef65a988156ce942f380bf97fcb7751,false
57c22cf816e74e1d68c037d9daa913bcc56ed1b0,false
e028359b8505f6a570709e5c2e649e38e8c47393,false
96a160d8a79da6fe941822cd11ababd0b0566552,false
fe8640c013565115aea125c23acc67a66a45f6d9,false
8a312f6cceca2fab3ba28962f8de55652f2452f8,false
cf53a733fb72e5e0301a9a362410847ea74aac2a,false
4a2a685365a7c072b0f2e795c10feb44fa9b8cab,false
0b8561ac88e2743d14f1785dc3fa75df3b77efac,false
18eedf5c252805fc9422139890f156334537a7e0,false
6ac922bb781d27c45076f168e258706923407bc1,false
e75718fe5c831ebedeedb64dc556e69e8dedc248,false
d9eae28268306adb495a952fd909268a255c572e,true
63626752f7706668456e3aec3b1ae66a05ca0b27,false
ba6a3c10907be3a6dcdce6111487ec98aaaf44a6,false
ee628911f7e787f6f01510e9fc0f20b8e99dc63c,false
4f7eec48456b270a10d144bfbc3b890ec413d51f,true
bf3689be62b480d7822ad91a90c7d645915a2aa8,false
28712845c99011466896525b497265abe5f5fba3,false
fc4c013f43cef3845c94ddfaa14b6df052f9d799,false
660b266b62669ec4ef3890ab9122455863c83a1f,false
02bf6cd627b5b31e9e282a40785161e21a80d12c,false
cacc6bf62e000e94c4eddce928b50ab97cc8efac,false
e6e460973c229abc922a05a0e109d1929d82d887,true
b2813f42d10a98c4c6ffd32dac8defa2dcee7c19,true
431c05a194ba081f2279d487ab5ed3a24a5e7bd7,false
febf4cf8ed9fbfe822266949b0ae8ef0dd4fb4bb,true
92c84c2792700e302473be851afc7aeb022fc372,false
f7911cf2e3b6401c49230f93d22f7cff46eeebe9,false
8919d5356acb0f440ceab3db39cc2d1fbc399c9e,false
cea991286a6677394e3dcf030c08b23d133e4b0e,true
9f377fdbe0eb661f022103b2e1fdd6b1871c717c,true
297f1f895459213c2ad6b07d179ced0fe1df7dc6,true
e3365aa8d9f5e49d3aff732d169c22a46ef22904,false
5ca69378a822dbb41235dd7b909bc6b17c4cc88d,false
17fe2aeda2849fe7dacf4e48cc2bec3878bdf343,false
c8b80553c1357ba5533b22bbf25693366ff84e32,true
385b78858a8d71ead0b8a74d2fd9225346d8956d,true
7034728074312c045258253ebbb528deeaecd7d8,true
195ce40b8f3548a99da5fedcf9e5a17a01576104,false
08333f4606b91045a4aa4c20949ac9d5ffb571a9,false
1be127d760e9decf129919634d50e7dfed2555f6,true
110240fa1ebdb6b9a3c4eea57d7fa89286596064,true
a5d3e634d0eae6b59a7bfcdd6cf2f35a31ab9058,false
987442e4a435a75a94eff257e25fc9631dd0a203,false
fb48fff5ea558a1c217b9cce34dad79fa4ac4360,false
6b072fa476b031822ab098a9f77549ce34f58282,false
b7ddcaae1e2e17c53c7439f6e7b2f516387392ad,false
04f979077b812e5da2509c3e8ab77d6b2540c828,false
88cdbc8a100be5e93c6a6e426af05c41cb9c91bb,false
342bb9cd502b93bc1331e6ffdaed267dbf661eb9,false
ace471e06eee91d916c3b39093cf52edd0d2b572,false
038da42f2a6c70a9656eb22d3017c42268cd6cd2,false
24c4bd25eebfe3cf1f5d582b55423dd0ae7021df,false
6f99fd5d20f050a5957dbebffdbb3cd44a7dca9d,false
af066ca4f718203a56592af43d5ae1f407558ce3,false
bbc579cf5d1058ab6d2f86f05a2d022fb401ba03,false
35c4388c982042d764bfe0834a9bf72ecbb65a65,false
a3405bc9974652816a130ccb3915bc56c4f6f85c,false
15bcc998ca0e7a5fc2bf26aad887d42cf2fded16,false
d3bc8a85ee55e0766879be2499d3499322d936ab,false
2682a8ec233db45b01d96370a2bbbcca71177455,false
056ad9f09b59bf3591c6cd5af3b3454403be3271,false
ed8521149d1ce3f6a9f68be6f340a56ee8330b83,false
656efc91e21000cf0bd47498bce9a022f32c8734,false
dea5281b50bf9f40ba444fd47f19e5c5ec535f09,false
5eedbe40604985408d620cd0d82e123bdb588945,false
e7a20d47fa43bc1b294860399f36a90d4afa6b2c,false
17c41fb209a7fe4d0ef79e8305310ab35191bd9e,false
d8b6e4f981ab93258a107aaed6858cc6bb682033,false
5bd4d6c98a0838504703f3345a24dbf89fbac4df,false
39d60544fbd303618e298a30ae693ae6c8ccd652,false
b5b4e7018bb0f4da528eb532c61b3f64fdf69733,false
2a30edde6b85c8f6ae69dc11ac2a52ba3ba53e07,false
aeb6d4a560d96a130de424f4081034c3b3f65382,false
cf4bb340f25301506a208b138e50ed61d2669a15,false
c0c8c28c5b228fcf761d210ada3436ca27bf73f9,false
85baa25d5923784eabe8df48e991fc4266c80f30,false
871f49eea1197af8224c601833e6e96f59697eb3,false
2a7c20f5eabceed1c0eed8a53cb5c0bee703f41a,true
5f3d21d3dac96bcda0750d210f1344f0edd97a62,false
74a52a6560e0f90501d6c8e0c3fc90f1568c2595,false
edf07e3635e3b5df8fd6b747e0d87a40e6675eaf,true
524e08aa5a8f6989fbf7a66f0d61bbc0695cc659,true
6ddc0c5ff043e22da8c0e4d1341c72f74d96d7e8,false
5015fd0b6c724f24a6ecbc64cf779f62c5eaa8b0,false
bb1aaa06242207c1c8e617d48167e1d7f98282d1,false
0ec80fc4e3e4a3d56a9c25095f8afd722804affc,false
f6491f7be0baeea88fa4ece2299faa74590635b8,false
20b74d69d4ee44e9c5aa21b991fd0f5f3a67f0f5,false
d4965dbdee7ba58fa64a70c900ba2cdbb3aa8cc0,false
46b01e502c6690014cb73a433b76fd58d7aecf92,false
0c162c00f42429ee0b3a84ce20b213fdc7563208,false
91bd0e89815785ef4b2e6a523443fc16b9abec32,false
07983da3083520c1610c26f7d13910b88945b508,false
325ec4ddf87f0ae3e3cab203e8d298e8050b9ef7,false
31d8d7fafcef9adf9be892dc40864db780d567d0,false
c25f2151b77933d68cdae1e4d33e11883efb2e4a,false
69a0b781c20e2b88d4686b3534d8d2957904f621,false
a4b90045691e18b7340ffccc39b9c8de20028bc1,false
0dbbfbab66939dd460e3f8e7e94c5f2ac1d5312b,true
a64bf78f3f9503aeeebb8de034cae4c4340ea3c6,true
b30b4e004ff9f3b5784f28d3b273e8ee29fd70b6,false
fd35a95e56f7383970c5ead7ab38e5b184c15f13,false
7347cb0c5d5258156e2f56e440c561e51dd92966,false
28df330e919304f1edb17a8a7fb2556a04b39e70,false
920681b226ece7d9c566a0b2a0a9d002a24c294e,true
cd07ebc7d1add03e1a7e0bba5085a10a9406b832,true
0841071518beaacca99ee8b3161ce126639c0a24,true
a4abdc8a412752b169a74748daea5fc476de26ab,true
bdacd945d91370daf055ebc2fa5cab69f921cc2a,true
5364ee686923e370b625638505e83f32cbc2f795,true
8b9e440f82e9ba52f1abe118c41ee7290a223b63,true
5c83cfe6817491420df17fca578241baa2e335e3,false
ec32f907b573e82593372401a0615ffd2b969a7e,false
c4f76f0dcbf9f93397f03a986e4dfc83e6c5e942,false
eddb57a2626cd2c5bd77ddb0b6340c5f096905d9,true
9653fc62e19e6098dec0255b8552e377b20cb372,true
1d91e73c1cb4e2805238ef037dcd034a95859611,true
621df5a310a34fb3442ab69b1c144f4ff70fe1b5,false
4cc52fc51c76fd44124d885c6eefa40ce3b2dc9c,true
9c591303c35e53f8286d3c9354de74bd07224758,true
3e70e396d8c59329e035897a37f8bd9f13faed13,false
998e7c4e887f592ceec8fc74e48078fd8fceb280,false
2cf7be5dc5b155426577089d9e329c60fcb5ee71,false
d0deeaf2091beaf8f40f8b9434865fac6f9e4225,false
ced8c39e42ae7aeba654aac6a483074fadebb291,false
00dad38d7646b70d3eca23d6dd7d0e808ecc8598,false
6d885f75c8f3698b0c641469c1ae7781e13d437c,false
22feb255b8711268614e69710b31aee719fff677,false
d00d3c988da8fbd55d56f410b038f5395a1ca6e6,false
001eb03b7bda401c38059e7f89c299ec233c7c31,false
b1f3db886c14d71ca0762d5af1f3b75084a6aa37,false
1780cc953fa376147917692e5de7d5a68132dfcd,false
1c7022e7fa4032d46534f38c7ce284c0d045c920,false
4bfde8b7816694fe6f364e8c782622683f914d69,false
97824a2e963ea948049b57e3d667066e916b73aa,false
89bda78d0bebd26c048e89684ec1cb3074d3764a,false
9bd7a04de8df75251650178648a1f2b33bd97d96,false
87afd9266914bd1115446f9efc755d20287655ba,false
17bbd08ce63fb7510995ec65ba5bec245d0c141d,false
59b17a64ae72b75fd10d628c702f8784841b5801,true
9cca301266f06981b790dfe5cf3e4d544a134da1,false
6bb8c1c873ee1a5fe8a2ab76e88ea6c02a733bdb,false
0a241fbdf1c914f1f314b0bf8f996d523c79cb79,false
3e6c7958a2da59be215844273b24706ddc76a5e4,false
c17fc2faff36e1e2813a089b2be220ce017d68f5,false
20f24300af6dcc2514894c88687b06acb6d30ba5,false
9eebcaaabfcc3fde6ca3665d8a64f3b287e04cc0,false
510b558235b23c6e96ea8edec0b12393a81c0ea1,false
c48a52ba161c68a298aed38b6c9fe65d95908c7d,false
481044a862846b622b30c454b4cc8a91c9b00228,false
10cb70787a2a318b6cba923a3a95aafb6ac31e4d,true
6e075cdde29e6ca3940284e424aca4dcd3641fb9,false
c75fd38315404d7e3707cecf131f3fe0639bc67b,false
7a9245d7f6aa1c1e3769776d522078ff16b0d7f0,false
6ea341704151394cc4d457dc9bc8adad078c5650,false
777111fb934f067a297ff36cb66e17517560340e,false
f220d15f9a075238bc4ee07369dfd0e3d34cfe9e,false
351ccab20d602c345fa677ced84fecfab08c61d7,true
b1642c660a27396ca17856baf092ca92f7c11add,false
bdbb380156dc0c00984fa9336f3bb661f8be1e72,false
7d886f73f305cc438021ec8d1815b302441ec9b3,false
e56ff42476088fc9126a9b28d3b82047152df270,false
17c7d9f4294584c77e8a0d888e5498fdd787089a,false
54a3d263cda4b8989db244d5a931669863d615ed,false
ddcfe8ebc35712e55acba47fc6820c63060000db,true
d1f0d8a9a0bd75a637eed8371e088fd6fa84aa35,false
95f5292bca349a4f72a3d5fd877ea80163e0b2d9,false
410915d0c66eecce7b86dd195cb38d5df0fb3677,true
40ba7376199b88beab92e3a55b15bbec2015d833,false
d028e194ac72134c7eb50d7b7b0eb8dffcc272c9,false
4cbfe41cbdc202a2f828d8946990bd5080380be5,false
f5e78957e049570561d694834613d9aa70a9d655,false
68e902e500ca55488a1d6f28090ac16df12dca29,false
138613b1956828e0b403689ddd3104b8ff39b91d,true
79cc3af1f38e7067593421042b767124a29ab371,false
15cc60372c9a53d75310d03a726d5bfca3d61798,true
ccf81cfc665f8493b65e5af3ea6b6939a1637d53,false
d3926e220ae6c1106d8265f3a43e17c6e8a3d505,false
be4ce7d454190faf99cca79f206e04b16b3f3062,false
5f036de10c274922bbb49c42346fceccee523117,false
a1ab069c0721711a5a543d8228d59d29083e27e3,false
11a0a51d23f8e02ae2ab069cf65bb33e6239fe3e,false
49cc64322c59dacb225f3679c56fa83164676e2b,false
6ab20ffaf2762d7b2b940e57878c8dd7a8d2b3fe,false
b13a09b32f2660f5dfb7a6ddc2cc7a7be3b2a884,false
1a8f1cd594b536ee2f130a849064858f78e72f2a,false
cf28e2096db9075858672804b8e35c791985c867,true
1bfae6c8499f74f0cb26b94c7714f40dba4355d2,false
bea9d133eb0eff57de20d0e1c89c59b5fe6b9fe5,false
bbbd1fdc8be0a8ceb7eb626a17366809e8948019,true
29212256d9103e344459b2ff73bac49eea3cac42,true
0105914939cfab7f7cf1c797eaf78c7fb1b7eb8e,false
54473034743621642016388a1751612d1ed4641f,true
ee822e45e012ddbc6fc49b584d0089950821a8ea,false
fc83510e8498eeaea1682762e1c0c5ac6ac08b4c,false
4702ffecd3674576fbbf0800510086b169ba8aae,false
b9bd532288d9919054f7531552dfbe50c2d857f6,true
f254c11780085f38b92401a5d2f158e05575eefb,true
31da636da8099e63902abac4b6147bf48eba2025,false
f81fa07e948d21b997747f6405a5723ef87900ee,false
e5e4722a6013dc4139b05bf3fff713ddf5614e7f,true
9373a27fb8476a23b977f5272ca5fca857d53971,false
56dd0de5b5c7dee59b25a38934800181888369c2,false
2283086ca64c8abec8510295d1593e646cde70a8,false
7da5a2c46604dc4db3f1f6aaa45f2553599cd3cf,false
cd1a9b8b4ae84ccc268a72e2b637a66a68b82599,false
ce6fb8e34292fe390eaf93cefb988e4ac338d158,false
2df881557c4a0217b263b83cab9a9f0eb90af813,false
2cb6c10390e5ccd71b3e8dfe29c7f3f5d2a8d10b,true
09ac10dc0a97bf131357920dd15ba5c271771623,false
bce10567e7fee75ed883c422f5e1b3dfb18e9d2f,false
fb1c20569743548c53601d7741fb098c1e4eeece,true
492aa07edb2404744caa3aeb7e986ddb207fc716,false
e4968a5b241f6584d35e4f3a4b7611a0d71d6d59,false
166489dc1e66a57acdf4678e0bb440530cc1e8fa,false
a8c0cf65eba018d5df2276eb3f238458dfc7c527,false
934f7b50a18ff02a794a38376e8456b38d92185c,false
b2bfe1975441dc252fd04634fe4742da6d48665b,true
12c72b49bcb04c73019fbd7e155528cd0729a800,false
3deb9622a145476d602742858f0d684d6bf771b4,false
1d1b74af80ed8ac8e63d7cebab185397446d2451,false
65f355a77da25ad0b17623583b9af0b1935d4812,false
17ae378fe2db8fd79578ec277d4f3b4c14c0bc1c,false
0a205a6ddbb4989a2afde85e53f362f85612c2f8,false
1225b119243d57b6f50a44c7a1e8ff8d173ec97b,false
298109ea19b10ae3cb7a6b0c6060cee05efb7ee5,false
22b2bb7bd1353cea6dcf00525173c098b183dd1d,false
75009abc73aef7af4cde5221d006369ac8151b9f,false
51c610959786e964af8f947d9003e4e87cf4f630,false
df05480bcdf47ad7a1ad4fe3786cbd1245ca8ec7,false
944d492def099e1a316d36cb03e9b07ebb44ee83,false
bf1c6bef84e68f0ea3ff98133e9ce67ceec8fa56,false
263d76deb9c7244bd2ded51ee79ccd017fa43a11,false
5f68ac261f638bcc17dfac946eb3a850d4b702ba,false
d67042027094bc0eb1112a664f7f44b335f4dc2f,false
9c59630f14b422d79a23be9814b4392b2eaa46d5,false
94f8a773378e8cfe670ca750b5d2ad908ac9ddac,false
609f235327112835fa69702e5e5535098b1e3e03,true
99f1a61dbb9756f0d5cd656dd96ca9aad1bd98c0,false
89084bb1ad17ebf10acbec4faf407648fff29449,false
9ecb664898bb0af10ad435cce1c7edb39028168f,false
1788740a986ae088eaffc9825703946f1dfdb431,false
20414c44ceabd8b88cd040106550f4236c6d5357,true
dd2a573883f8dbec73bfed2e83c45b316579a6ab,false
f418f9bd6be7920c92f2304340f848272f74ce12,false
133c7634b8ed16d686a91a1d139a83934395d9ea,true
228e7185d7b3facfb9dd679c84ac3703e20b5132,false
fa3a3eb0a70fdcd9a6599d407bf9efcde8b1d39e,false
f0233262d9d6dd0b389e2849791f8f1071fb90ee,false
b2b90e85b8d62e1d6747f55c814279f2ec6e3197,false
bc6d7ab7374f3b015c2f92ed8f5ac7e303f95474,false
7aa5267a2c256a34bf6ccf23fe4f379155b879a7,false
46c0c9f33e5ce8f1ec79b69f2026bf80fb469503,false
02c3eff2148979008186fb20a447633ee8bf929d,false
af4199c3e887c6a530ff7e1eb49639ebc5afe2d9,false
77ce1397a9f68fb3993d63e14a67529089ffb514,false
14f5292b7610704d3edaafd62ad5775a02953a45,false
1776bcc2499f459173b3566c531c1feeeb874f69,false
590a761e448898c3fef2d9802a4c39aeaa6277c8,false
f64c1fcad757d2fc7612f680b85cb3a4ec960010,false
7110168f3eba82e7df116e200866e528bf8e8503,true
b898f41e15374aa11febb7c74c3a3203b53cf423,false
c9c3facc964b146b5e40e8aa95ae6fb05c0a6ff5,false
0f919f81d54d0b2a78841246fd7adf3d1e9d2bad,true
0a052ecf007fe14944f8907ea33080855ae30457,true
6425e49ff1554fc4f626a2622fec2f56b694c347,true
242f125d3013eb7d4d52fcf4a3f4a5066c3d4bda,false
804432b73c0cb781a91f89be8bc0d99260e0eee4,false
c21687fb2fe17119c30ce1c535a0545e556e5928,false
525f01a529f4a42a9285cd6494e1ee5117a58eb3,false
8a8a86cd67eb829cb6a562c7eec51f127d3305e4,false
97aa12f9a9a64b88c6bf995506e92ef5243f26c6,false
591f278c2543d80428cb556c212ebd7362c1a469,false
dfa39ac0b728985a37c933a44c64b933de278983,false
5fddc9b404107ee0b5a04819317cb2b985bfbc41,false
bf173aca20987474391f6f51c2b62ef8b96157b1,false
53aee27abd9f44fbd3d2a09965a3bcf9ba11ea50,false
3acf2e84692bfe4c1d5376ca6d75056b9d6e06be,false
514292c88de94b7133022a56a9a95e0e3ea3d56c,false
cf9701e33f203a6cac5a59a6480430b909e1e37c,false
95f300f7c85c089590acfb5fc09c6eb49e3f0010,false
9a12dd4ed565b224cc7f06bf4755da837164d7e2,false
624d3a8cbf4fce407d8d7c8fb9240d2243e50351,false
721fb1363b0f2b3ebcf9d29eea9de158b0baa887,false
2790d06a77742c64c922882b673ff1f0ecf187e8,false
098bfaf9f1fd314cfe12c44f43c46837e8af1b4b,false
db379cbce1ccd514ff82d062589332e1d4f82eff,false
7fe6398853405efd5308434661465592ac536e61,false
4b0568868f71cec3adf665d63c10c62ad4175051,false
edd7c6f5b9043f54530efc79682d41bbf602f811,true
04c4d3908f64167a4b2be6b310cc8111c7d0aa47,false
3379e4db948676e966ab5e42e07a27b8eb722f77,false
e57288ddc9aa463ef242f86dfd0200f0c9b7c751,false
168b6c665107a9496ab8702cfe1fe6787d2562c2,false
09e46ff2f8b710aa33772e2268a6aacd28c49108,false
d41007f329686ae67336168e01fd8af4581f827b,false
d03bf285c7fcecb79e6e29cab3aa9b28eb411b94,false
a07241a92e32ff8ca82dc61b2ba1539ebf5a2f7f,false
95fcf628176bc701bdfd5d9bded1f9098cede1d5,false
4dda24d9e8dd2af2787bd86ff3aa345be60ee5b3,false
d6e67ca8194bb02de50f112b2242faad84cf10bf,false
416eb2aaf28029a28523962a4d7fbe1ef5b5ca57,false
8f4fedbaba78dfd290e607f6da4805544720edd8,false
a6cff1f5bb3988e7a6135f418b43b42e6ecc3b63,false
677e74c29bc61e417dd64e0e1ff25c5c761dee33,false
1ad4ac6957312487d162e0b12bea5f3c502aa53d,false
b18c5bf7acbde6debe8c5323129c706b3177f7fd,false
952a73a09e42b55388f8e120ffc1777dadb22cf0,false
4a359b1d9422df0102407733222feacb5bd1d9a8,false
91151bab50075cccec21e3f44fbf529475014a02,false
673af63bc7a2e7c0cb8fe53c6d97d7edc8bd3041,false
c438440ffb86ad8ac424e3cf6ee85e54d165ca56,false
7fb270541195d226ece06da64983e24eb8d82179,false
601a2ddd3510fd2edf7a8be5cd9abe991974f694,false
5a09896ff488401f59796c40ed0bee10f71f7bd3,false
a8e4ed2d3bc2e24c574569419a095041101394ec,false
b7b98d94a0a402e8fda20ba2e206a777f96b1056,false
9ad63f4470fb8f8968fa8d2a15dbd7a8e74df7a7,false
0c553354834d9203eff300eea6ae0fc80f0c7543,false
08f59e9bf26a3fd4ef1368c8e59d8098d06d4eb6,false
30d359fe9e489b7858be0e680c5243e40bb9d6ec,true
2c4277126cf7d14e59fbac7a9fe3fc74d8c210fd,false
23cabc6cd8dec9cbacc22982ba87453e7a7e20c3,false
9ca08ab62763d46b73999a4ed8d79dd8c9740246,false
2517439082b7307203040de6f703548127c517d6,false
c6c8ad2fec325d3ed44580a9d506721028c66016,false
e2783586f2bda45d2fe89b590ca40c16001ef2a3,false
a8ad430baf99891d858474b88f811aee42ffc19c,false
4e80a25df54d4486f692b1cf1e7469515e2d5a48,false
34bf989b9b97d42e1b423c2e70ac9c477badd1bb,false
da236b956f977dfce7696643642c0c331daddb25,true
f080dee7ed2a3720ddcf6355c62b6de1c756d0e4,false
a9941250fd700c9d22322b115790527eeed31fb4,true
d1dc21ccb06508018b327fec4b96cf6ff83b5da0,false
e9634ab0c293a396f881eda5be6c39dd1ac16c33,false
361530f81e18aa33be7c4b8139bde44e84d3cf7e,false
92da5a331cabb717271f044899df4f28051fda54,false
02c963a85bbbf5534c74f7b2a9b9db3faec77d1f,false
68353de0698415ff137780ca0c15c4aa1398ee3b,false
ddf68db725b61312b14cc1d01b7876075f9d5d8e,false
98252c627942eb22f589155a442c1c02af364d13,false
15b71d905254202eb0f7e1bd7b0818fab9b8904f,false
808f2b7640f42b594a1258f9710d60e4c9122b12,false
749b66cbdb5c9302b0adb97f70410861825a5d09,false
a25089d90cd61ef468d8dca3b17675a8b8db64d7,false
c87ce346a3323b498ac1d58f367b8ebad73bf2f6,false
f88c9400f05a75323dcec99bef7d30ecef6f261f,false
79f56aab6aa7d9f629545eaa50518e8e8e4231fa,false
03fa4f9eaa76996889c1c40f137b1b201acdf97f,false
1656644d847d13683fa2b873a2a6ff18bf516167,false
d6a7e6eafdf9d15702fba2e746056acb76e8dd56,false
ecd3f1169f120502319009d977807b5c73289d7d,false
8ac80fff5aaf8f5bd0637cf084f642eb30e78db2,false
60d9e81f944694a9440dbeb50201870e77750763,false
b2869a32edc1ecc39874dc244e292ef67c974511,false
f1e19a6e0e2c08d19d7298f208b7dd8fdf9e949f,false
87efd71a33331fc0ae61d33a7e8e4dcc0ed9f597,false
36401edd75eb6e267d3764838c1455dee88f13b4,false
ba83067d5c43dd30629de2650b81448fe3037a2f,false
2cbbd71c28ad6800e48ca603d6016dcb487d3865,false
7010b4e283dbb2bc9baabf1c2f45fe4054724c9e,false
e8532ee5f6461457da789b1e8180aa078160fabf,false
96fd27ecd9e038d68f308d4ebd8daa92269502e4,false
fd9166ef9349329d28f6ac13a96b4db709ce7f27,false
74d54b9387e37e1ba1f19f424e0364bdbd5720e1,false
895e2dc6225d4dbe2e7af4f39ceb11345d5230a0,false
30baa037e92768e6ce4206c2dc110de9d2de3b75,false
61b904228878795d737a96a631a65ac62590c55b,false
2e0620fddd0e36e257906dda411ad4b2b4d288e6,false
03c9ed383aff7e7a16d683bb4b28d33aceb258f5,false
d18b2a63d40a5527f8914e47f6601e1c27312e62,false
e606938b3e1c3e273e9717183e029651206e7c56,false
c2e4c37c485ee4cafd729884fab2520ca020b48e,false
62b11f3c46843d3974c7f988b2603d5a9fd08645,false
0e93d5b1dd4cdc333d656940c9615a712b203aa4,false
3c3c44799fdb805d2d52fb1f86c71e5721116c9a,false
39071b949acd491d15a08bb26cc807acc75af043,false
815f96744af3717bdfd77c5c5ebf910acc947d0e,false
66705ae8ae2b83cc8f1b3cf4b62b0cc3e71bbae4,false
1d998ea4ad34f9bbdab345abc73a3277f2b9e58f,false
7a77867f76fac27b38aad83326379f2796de31da,false
8092efdd0bf5f5ca8d5498cf679b019920c00bfd,false
1f07711364c644045f2e3304067e4199e87a5772,false
6b3f8d64c11e37b0f81a387c6390cd399d868147,false
22656ce8d47d6c758aa85cba0a458830e3a9de94,false
62e3fa3ed63b81b6520f806d2023f3b7026767ba,false
262f3e4ae727430c3e909eb1c814421a0d96b25f,false
0a89aeeb12b2d4abb4ce623df2995289e397f285,false
61f51c7cf742fe72b6b1341ded66cf298d39b0ba,false
a72be45958fb90f82b1a7552e6e1ff25423f2e34,false
d353f292738996dd59eb837d68f965fa5271b293,false
2422beb2311ca408688e860c126457e97c445521,false
1f4dfc0ed2a6e31667ae571d652a03bb6692a0ac,false
11a9d84a7a1ff115ce93aede69f45c6ba0f6bdd6,false
8a6d15a76e6bd95faa5066e1c8cf5df9ad504b39,false
dae47dd7e673b7ca71d014b18d10d1a322e585b9,false
c3b6eded0c07e414929ee447fb90e31615282f7f,false
64894785c465d478a656b60e24118df1c1e1c467,false
8a2510ed5c6e407f872d33d0ed47e8e5de6cc41d,false
831c8ef2ac39c7a11713a401bb55e00460a23c06,false
dc51e611f590d0cd7ddc871d7df0005fbe9c2752,false
02a0142a16d948b725dd794ff8e3131362058ff0,false
c6bd7246c5472c02112564af2e294b9b0a9d12a9,false
2f2b39802f89a9d664e71f9c22af7e762efa3f6c,false
4971047f9b80c56f168bc034e0063d0dcddcb743,false
61e8f3eee750c1b48a9722790808eb8213e5b085,false
5c90fa28a95f940061756dfe0d8f142d172045ba,false
ff697a20e1dbd17ee672ff6cac55f8cb7c01e268,false
5564816f72f1fd5c1777e3afc66f153da05c9e74,false
deb5196e479bdeb3edb6bdd6a487e2b670cf9f69,false
da8e852392763f1b13d237ebdd2fd0e6b5d81b05,false
1e915c590d9f02c567747d07f76406e180d7fa36,false
f5d976a53452fd6c2d76f8907f7102219c7484de,false
9de5e522b126be6c5618af20ecd10a80274efd6a,false
be6a1d6b5056ea8959637de905950516032b2f9f,false
ed19731ed0885e0769435fa468fca9cca8f34c17,false
c51cef71751afbd5c624ee2f33edc9c232314ecc,false
5ed06fd899541d932a68d0014486038518ae37a4,false
db0025aca3485c11b65c3f78d998d8415829d5ed,false
3c785632b25af17aac5292dbbeda42740fb3511c,false
62a014cdc8b934c69dc96069671e7b61915aca80,false
ea484dda4b2b3ab6cf778d5b2cbd7bb7f69248e6,false
c4ca992a999008b5a895364920122f1257df5c39,true
91403c6c4f3b5fb562ede6946cadbf60499acc4a,false
c50ff05cbd83e4f4a02ff25fc75a20f4a48fc08b,false
165d9f21717b7e01f9e716e1450fc8f2270f4d99,true
686006b5d76f48d2612be9ae15df7bf23701547f,false
8d623252e3eab15b0991ab4739d0cec61bb4c239,false
c7d9df71680d41145ebf3de88aebccfc206cd756,false
1ac4385b59a1c6f71a6e9baa37c1866f17a016b5,false
4dfd6ca2de194af8b30c763f6f1b31b46da030c9,false
640dcda78ca514c42c66355a7b7a0d2e62c69d3b,false
9b58cf45b6e8ad36e7d9057a0984f40a4c4bc072,false
68ab553400a1aa0713c53021df624fa18db6d6cc,false
b3cd4c78483fc35d227267008d1281c413d28485,false
0a99bef415f82cc1c8678d1cd9ae7bfc4ce7d651,false
6d56dc7ec01089bc32bdede2dce588cc0d236b4b,false
2c8a530e1557db07d0ab585831ee9389e46cad47,false
2cf25adf11a8bb6306cbaa59cefb9c7d7bc88640,false
8c5576750418eeb83a41f4a67f1c24a8bef44d4e,false
95effaab934a3c76995e5e02b9d160f79e5f3f37,false
51e95bfa8f7f33bdf1cdce69da7a62bff6db40ab,true
57f50c5549a6acfb6ac2b63fcc52261f306181d3,true
9a57eca6d3558d818fdf8fd779a0152de3cdaa31,false
49207e58c986b3ca7d98136bfc3a171cdb9f4f16,false
60b17be7eed52c70fdc9d16b0d5d3c985c7b86aa,false
0dcbf2c0879c6e0d7b698531b9a4f169d132a17b,false
147a25d6dd00069994bc229363fafb8865460df6,true
0faad5e282ac83869551ba044e57546ef77a60e1,false
9c951e37e36e3e3af6ba5beacbde03060d7a6936,false
7577f108aa81260af3f7c1069ce112c6d9959363,false
e0b37d21e6673a4ec9467710f7384ac0e8a26f5a,false
82d976641ff7de066b4271fa09d8009e5830e6d5,false
64c642659c3c4b2ae635ffb8cdb3162372813564,false
d5b43bcd9214f55df45ecfc7cc13bdba4a0a2916,false
fcd3ee3d3d064df772d0392c20c22aad2bc4c8e6,false
0b538bc07fbd9e34c06ca0fe3d1aecafecb8afdb,false
f769a9ed1b040bd8f825f7e790fd5c5f0890ea2c,false
bcc653b58fdb76cfaab4b21fb6169e3b65e206aa,false
d16e8e1c93dcfcd27c44d29e5bbc1aa2bce9d5b3,false
a97a8f172e0c275dfbbefbabd59df448f932b4c5,false
a72ba92f6e002558df0f4422a2f8e229a9f59a0f,false
15af27dbbdb908e332ad6890c9a80a12aa8b529f,false
53c91fac5e38491ab7d88290915fad5337959048,false
fc281dc19b00c2f5e9e19f22c7a39f1a6e096063,false
cb37f8886f39df141f3489e1db4d68fdc9678e13,false
af122451c220d7444dcfaca6a1db318df69712c8,false
09fba82745f1622b63632d7fad49eaedac1c8b3e,false
7bbc7f46b6022a7c65ddc6a3b773691c02ed17c7,false
942fcc00c6c89d908433b60faaf7b872bf7b896b,false
0a6f859c390b201c31f7d104de140460b250f29a,false
ec102c5b9ec6053a6b1148bd21446a6a6df8b289,false
8d575634836289fb1e55b818dcad62054d5717a9,false
60538a2835b921a992785e4bd36f1ba35e695f0c,false
b760b6df304fcce2b98d085e460985a8ef708025,false
dfc2ed3ae40704bf293e81d301922d86d12f8536,false
69bbcfbb34721aaa9549bcb3b1bf003c399e8aa6,false
a77ce8cf613a77969b6bfba4b34ffca95c42d5b0,false
d0de8c7fdf7e1d9b4457a8b9e1648d72be7d4fd3,false
b5f0e1633c79f126826057884e93b62795a21ad8,false
ada84a525aaeebbf2bc462d1dab2b69abc24d52b,false
2e248d8618abffec8a5635c8496c1f42f776c888,false
e3cd024f46a8ab0a01adf76f08a261518b269830,false
eb5b89db9efa08bb026464879377df3132ed1adb,false
31df227452c3fb477cd0082d80c207ee8e657a3f,false
cba97f077383c92442eea40e3888cd1fdfbe1e9b,false
848455fb22fa50d190f18a6fe82369b5d7029fe7,true
b30c249ddf79c85376309178c5b51a55ef637f94,false
3ce1bfb6e757c293ca593385095b7ed1accb9779,false
86f8116c6b9beaa4eef0674761ab6bcea62e9714,false
dc7c847d800735beeb674bbea1240b03ae3c354b,true
f1bec0f9668b22cf397d4b76eb2c1cf77e9ef9dd,false
17610167cacc55cbe2c90bdf7099c0b857519192,false
96f8b1167b5b2c806c1051ca405a3779c679b184,false
ed21e0c5316e0df8d7aeaa1c6c700e085aceacc2,false
4e074caebc6d813883f9c19a46003785b4beb7c0,false
214ae79fd63606e49a265736c6e2ce41334dd85d,false
0609d0b0659f17d926afb29c08d65668d1d55da4,false
70b0290dda9001d17e26240f88214ddfacbac85c,false
15f32d5b4f85202a58966ddcc43613e1a1318699,false
f1c75bea88847da761d4c3368ff7851d873e919f,false
9f7e792ff5749ed5e0d531f654a2012fc2025a8c,true
43cc8daa9b1e2980271d3e48eb9cb05d643911b6,false
33b8cc519c71a397a4824b06eabc8b163840d443,false
6eee7f059c70ce216a6492d7f710d4edb57d356c,true
5cda0880aae462c5ed6aff4d1037f1034fd5b1d3,false
0981468c0ce4a7816444794988e853123622c042,false
413ff091d3ef3e370a7aed0cfff43e836ad68c88,true
cb9f9143ce4678dbf87efc331a5c86ef20482cd0,false
134acec73d87f10bf9a342ef45ba3161a4ba84a0,false
6bce4e0453e6186b5a13912df2bf8bad188a25d8,false
b8c6f2c20b50c2d94630028cce961458b135984b,false
71f1f2cf4808273f2c72d693e551252d1e33b415,false
bcbc5494a902e7204894dc40821555c493739154,false
9823bf2d14baf187f47ac9a10f62d69bbb0e2625,false
51407e6d26ecb4808b36387f263201be91208ad4,false
714552e0ed1f0cc406c288786d1e44cc47bf8dec,false
5c373a2e828d314f93399116044a097750fdafb6,false
a63c44933d98df8e65095d3be92573d51d620ebf,false
777f733629d6fb19d59b1360bb26e315779f4a87,false
12dcb6f3edd6381e5047c8df1a9be22fd015f379,false
8857d9ec2e52dc5e7dd85e48631fa598e2383418,false
44d01bb82992dc112143b7df89c2d96abf930934,true
af788fd2b8fba2675ed3b5ae6791bd0cf25fbcf9,true
4e79939a7aa241077f073864226cc7c5f0563dc2,false
8c1b5f8ec5dc9a6a7041721f9314d81e8f7dd4aa,false
1bae917b701a9759d82fded522cc173e8883d8ba,false
d4800920a442d2cbc018f580bacf44a79ef7e294,false
d7fc609b5d0e80d6779481c6b9211c0f63e7f697,false
3d3e0bf0a8f6921ead5dd1dbe3a302f79b53a01a,false
73e776feb4022633b4d2ba50cf76a2385aacf336,false
14905374ca5d3ba1c132c383b2ebe953de34938f,false
41874ba43bad0bf6a7f29aefa80aaef8c4ff18b8,false
45a71d3762ebac216f19e5c5412da4eca254a737,false
b697467a2f054268060b0de923544b90ea607cc9,false
d3271cfc629594eac01cb0aeca0c4e36060d1930,false
20c6be6f7a2e05a83a9045860d8bba27d1d37552,false
b1d98e52db6598d226c9995b8e133d1916f38de8,false
de63ca2aee308208d1dbb72cee8c9e4462a784f7,false
d934f2751c93e867adad2c95fba14b81acb6d7b5,false
8c14c3103de03d2cab93ea03d8600d98612a7399,false
e390d8a2bf6fc4fecc2e1f6b40f3f3dcaa66d764,false
02cb64dc7946864872f8bf1de53f94e7e0aa0f4e,false
84ef89eecf603a72652672813cbac870320a8635,false
4ab2293e74466a5bcd7a9211dc638240d3e78c8b,false
e66f45277bfa163928041fc98551a7c266a6783e,false
878983ec521c0788b4cd9548a7244863234fbdb6,false
d20cb9690fcfad24575fd5eaece1a808eb637612,false
73d2abba0b4517c1055c34d0f180f545517eb13f,false
de8407e5626195250f1bbb598c70629ed9a71b1b,false
9e8b76cd393f149c4990ead003902eac50c1766d,false
d92b34a53bf4a1d72f22847f0e52b1621d21e4ad,false
56a641bcaae8e0644e0c1ccc8623d2ccc61ffe8f,false
6dc406537ac35913425a891d7538989eb80f52f6,false
3866baf67b8ebd2fb17d4314aa2b22601605e05c,false
dc5c7ec44723f94decfe32b9f212fdecc6df1713,true
4b769c107f910a4b184a389eafbd42ba33b8ac5f,false
9260073c4364f4ff597de128661ee05b0f599b20,false
afdac8cc5596a4c9b92caea56005781ac697c29c,true
c79d8ebdbf8444fac43b171274f7b17e0bf8dcbb,false
18793b29300c53340a9e360ed86492dd80483dcd,false
b398a95fde79f06feb65f01cbbb36763b06c94aa,false
37bcfb5b6155b4a4a72870fe6892c2e0ba64b53e,false
acd47e8dabba832c2d02853153b12dc57d5211bc,false
edec8b6bba9277961c7a690e920f5d0d08f55ea3,false
918099d0debd2e302a12fe67d0f6cb0bbd26e20e,false
d2be8038c982282178cb323b6f2d9dbf19bab987,false
b2455eeb5caecab4065be3d3659750af17ee8140,false
4c390c13c18dd783e92b735986ae865d92515276,false
c0cda549a1b2f93c124a4faf2b5c94c7e782fcf7,false
db33e25d642275569a5dd2c4e222df4a75870ea9,false
998ac001f02be23eafe189e14d38d35099073b5e,false
b81caefc7eccdbdf9b502c54d8c9ec6bc0fb4a6c,false
6c847aa47e48e2328c471aa408227aafa35cd66b,false
f1f85ab1ac8cb40f3e3cb97a77bf6dfcdadb849b,false
21ba6380f0d33f905066078abf39ffe2a4194718,false
0b4dadef277bfed9761919af72d63fe7cd629f23,false
9d117f1e19d7b5acdeab22be9d40b2a62a2010ba,false
870919d734e8c5abc9e53dc54ae5d02de55bd6d1,false
9fd6992b6344987bc9ed0e4e5ad645ff3e301450,false
b5a1b24df71e85106be007e96e1c0ceb92bf7355,false
deac380abab2218944df2e3f5d2f091dc7f9fd8f,false
c5a6b9adc4fca23936bb7f8c004f34cd2ed54555,false
ddd1675435e2176a48df715f281ae67a949d958f,false
b73323c4509c5d766d4785dfa5ec18e485b9300f,false
60f94f05c0f885d03df42a2de25058ef0d2bea82,false
5bc2b0bf58dcc6dc2d3d2b34f3156aa2e506b726,false
14a0a73f2e9181928cdd5990146d1854ee8a0658,false
47e69382b59c01d3dced07dbffc46fee97c2ba8a,false
eb444ca37ce79d5b5f8fa2a9373a7934635834af,false
b2fbfed4a470e44178c909303ce4d92e478b4fcf,true
6a5a920ce0314587b66bb56f5acfcfd8e629a262,false
2760fc35ff0314fd93c5809f894efeda7bcb3b82,false
d1fed8006e77b975e08706b6a178327008c2deda,false
48bf2ff7c3daa582e1e7d2ff1159ba07a7db7234,false
eae7dbd4e5ced8e756a77e7701398e05fe91e3e2,false
418e293c1d8ba56772f2548d604601dba98b4cc1,false
7e5f5894e3606eb9a8fb7f0ba12aaa1a8fb292ad,false
8cc5c26e2c3a16657ddaf3b0411a7b56f4e64885,false
5b7306989c2ef332ac671c60e046fdd93552e769,false
685954f7c54253b323811c726b3edde04b66f13a,false
fbe309111efce3f2be37c5e39518d8a97e15241c,false
ac57af4019f8b1999f752b00862aa71517377c01,false
9c6640acd07f441c4554938995a07fc6baac3a12,false
dd94a12d2ed6af77e8b68f71196e0ef049506e69,false
4ec94ce065a631818a29f29cb52877e649faf89d,false
b5df45026d6e6c91f7b1ce0d174c1b556159bdd3,false
7eff4152ed19f260feaa89c1f53e4e01ade6ec27,false
9c204aa14331cea9a87742b165b12e4b196c69f1,false
6f79ff231f8e43c565c7c898930430b7b3a9fb2a,false
785c2554e53044e1b4a381dbfa41ee6cdc554ff4,false
d3f270c31dc31f8b2d76e7ba4729e9564a8999ff,false
50ad13cad7e1b97d7893077e9f97ab9c833a5ffe,false
ee18da2e4afe9f5dfa423106064f363832565a96,false
57fe5967316fa1ba11b390caa5434f81c7dbca8e,false
753adfbfa2f80ae7a45286a0470ca28b87b7da12,false
2d6bb8d7cb21dee7ab4df528285d66bc81f2245a,false
ca9a13ba9704891261c22aa9a9654d12bf3c4476,false
5a59ef1e04b43f551827dbf9c7de0cea5ac1aae7,false
c0f82dd5ffcd21d8a2700243e09dde70a120ec7e,false
d7ec01118536727f46ffc73db3ebf09a9ece1c46,false
757e0b54aa0f5d81db3b6e042b3662ff9d2fd1c5,false
d4620484c702924b170462d8d33a83bbc607c9b8,false
c30fe7d799c2b85d17c942aa361411b20566665b,false
0c02373c7e6bcc33b6c54a5c7e85359e4156eee9,false
deb2de5f049ea7a549a709ce242b1eb81e814709,false
883bce337c27da3ba46469554519847b9b35a034,false
66d8c9b693f3c3b55785f1e1e83ac8db58aa6b15,false
79c2895e0e6a934e95c43c4017f1d4ef357d3e0c,false
cceb5e0aa9ab0b3c6f7b90470bb2f21043a24f26,false
6d1d530b3b028582f68b91c15a8b72f2c62e0d1f,false
a4cd06121a527bc2ff5a9a03fe4f16f340867c98,false
e1b7789a6e71cc9cdf59a7d6d206de3db7e0e564,true
57d91da9e1a1c281f0e6166aa71d12600cf1cd86,false
07258e4b3962eaa8e0d66f28604880364253bf18,false
f2df4bfa8c557179673515f2eda233023514b738,false
8513993aded4c0019094ae0c93637cac1f925efd,false
f74efbed4c1dcf75b489e4d53ff074ebff461626,false
c71f4745fc15dfaf280c09526054682c70d8c9f9,false
ccd43bc965ba71d2dcd9f3f87d056be7f02cb2ab,false
a59bf9d37e839b739ef8f3bc748edc25a3d91b81,false
f96a92ac28c49d8103a20d2f88cfd0b1a05b498c,false
2dd2efef29015d26df0ae2885bc2f3b6eb434d16,false
07a6acb0d577b0d81efcb011510eef7b78ea726f,false
775ed2975de9a2ba05f4e85a0af7eb52bda88122,false
79dcb98549c38163ba299c2999abc0777ee43999,false
2491c2d0c330a872ac1919bb3f01c628200d0674,false
8d17f01ae330e6190a71e5188d41e48fd124e45d,false
5266cae8fa647f958d87f7497fd6b079b271a5a6,false
96caa4df68ff914567281faa58f0d22a02c378a5,false
6a76147ea2508986eccc182c56f4938853dc1eb1,false
04cbf3ed79048c6a3117cf43b0250ddfac1ef502,false
3507816f29a77c591b429bb36752602b27b5f1ab,false
2204eb878a7be6110b11aa1049a716a36f678f8c,false
b51963a49d83878331098e15777940a706d786e8,false
6f4366bf7de75adee36f61cd9d42b9d78badf525,false
098b41e5ae479ab9f3799c77a9d3618563378bfb,false
694d787c6146a8dbf0ebb8bf8b22641eb270d10a,false
00c42eac5a7203dbfbc677a78c04b3eeb06f8a00,false
a5f45ae61a22c9d3d4d47de8063eb98ee5725d07,false
2ef505c47ccffae4215f6532cfeeee06db42f72e,false
10436f90dc585dc7c23697f219d6b4d50f734ea7,false
5f18c4b2de3c986a6becb8f7ce68c19a5e2c54ee,false
1e3fc3421e3120ec7775ba36e0350d902272d824,false
fbb44043780d354862a8d1fc57078bb6eec58b21,false
336a8fc67be5fbec79ea0f131e2209b0089b3242,false
4ceb1c7fcc84f992521fef73524cd934f3efeb1d,false
7221cd4ba2a8afab8917dcbcad28e0e2507f496a,false
3fe9a3b919d36f6f4a0d53ee2d6cd456e18d05dd,false
b7f8a45952e8eccd0233427642d9401e56123347,false
e0d0d2f9438729eb9e2773b9cd2203fa22085696,false
37f6aeb254d4f1b8d5ab39011eb5c6c6e009b388,false
b75272a431954edcfbf4b9a573edc3d7370553f8,false
85f0aaa032aeae509ffb2f06285aba85b5e1bd00,false
5d41833c08997fb9a7efd29b38ba3aee1cde6d4f,false
67178e9ba9d16f1d091dd0a775ef44b8219e146d,false
210c90b796b50574ae7ed280ef99b8fd58662eb1,false
2efb33475be4fe0ea52e951d0cccde657aee159f,false
6805bfedc01ec559e0a8db9a011d7455578dcf71,false
0c72929fb17f998f0409b8bb217691f307da6f0a,false
9781f1f4ab5ff9c7e7940fc351f6e9f8da289508,false
174a19b562f03a54b47c68dad5ed4ba64d0a7dc7,false
eec6c026c34d200a6a77edd4ac46f1c1e853a162,false
dacb8191479bf1f6e783fdedef5b7b321d527923,false
77ea3558c6beca4862e4d1d5b8d9a5ec05ee65e4,false
29b3ab121ae56898a235b8c7063accee41ff10dc,false
72dc4279b5a928587ab5f03184f27adf482d5c27,false
2f438ff3b9f3deed9825ecb77734938398104867,false
25cadc39414acaaf25cef2d0025fda36974020f6,false
b1390ca76c157257e595c66509fb53e9583cf280,false
f8afb8765acf71dfc3f9c503c4194ad330eec3d2,false
ddf7c28cd5934ec407cee47d47271eef59d313c0,false
235d9df7ae334ee4754ae341c6b29cc01c039212,false
ea0bf387ab19f7e6889ab892622eb48c91df67b8,false
2ad0340889159a4bcebe0d4d366c39635bfebee4,false
b5cf41d7b7fee3b4dc3a6c42fc4063437e38ad08,false
6ff3af20466f476436f9725b685d28f64472dbe9,false
a21f4027d5bb8faf6382e2e371643ac6da8d9c9a,false
72f8b4d462b666ef3b23c9929d6b0726ed3a06a6,false
ce6ab1610313b66bbccb9e255fab9a19152b6fa2,false
78aa8a5584562ca17a65788ee99c41342bb22ec6,false
21090885f783be689a2a9691e64f032bb4397748,false
d3b29feb14dbd42dfd085cb9a54a3b2dcfd6a973,true
c227eea986797d220bc18944d0a7ffaf55f48cf6,false
a12623aa5f80e16efd07ab4d8110e8aed5c257e8,false
537bd470c2dc359048e690008f9ba9544c7d3473,false
fe0861a21fcc7e210fc1b4fd7218761e888583df,false
b88f3f36805ed138bb180afe8fe203286b933bdd,false
c14685698fd9ae7794a43dff904ccd4653e4e4f8,false
be414853ca36f331002863e38d91e9aeb4fa0d92,false
72bae9220b2087f3961cc9c504d020efc504be68,false
f304ca5425f4f19d061c89a58a81ff5ff8b108dc,false
6df7480adbc9bcd2d644c3e86695994463ea6fa5,false
cfbf105e586b98326d01fdeeb55bf0d2b7d04cbe,false
5c81f2aaa283264f3bb9af8523e9d6673ad80edd,false
3fa7d8065f3792cdd186ba82090c7281a782fb34,false
4d31a172508501b76cdf010e4fad9c687d8607fa,true
d7360d5f1583b458cbc8b25442900556498359c0,false
d6a8c670390d4640a915328b17563d02d89a47ee,false
ae64194c3da2899b485346bcad11d895943cc4ff,false
6f03f6868482f784ae7160e000a2e0164fd29fbd,false
a3d901338796a059483e888fcea8333ed2c41de6,false
dab6313082ae3958490cecc08a7d66adb724a4f2,false
90da2c55d779390d7e6dbb7899da6cb2638b9661,false
4bd5bfaf36afcfab4e260ba01727b8bbd6289397,false
abcf3431a7744ceeeb6d97a0e212a62ec4c65683,false
00fc12cccd34a022abec8075d3ab310e65e41a3e,false
b71bf6c7f6e5a83e8a981582e8fa21a0255b3a12,true
59e9d6c656d67943fb4e369673bb5ca794ec116c,false
d122d677f4e974e1a64002f7ba8a32c7cf9630bd,false
0771071bb6cc0fb645dc2e0b0267a06218aab098,false
431ea1e9f812d2143ce31c823d30d9c0ef428c38,false
130c6defb6a547ae86d4b83b9222402c8f3924a1,false
6349995fc2f834fb68a0ef589418508bbee76a1e,false
7116d6e033b3e7769b9046a9d95573eaf2be24dd,false
fd4f7d028180372bed8c57847118033ad3e7da8c,false
3e83f55212e451d3f8c5ae757674601a13b00a3d,false
72e6a9f7801c4d796560ee9777ed01bc861af622,false
1954f00285ad804397420ffe648d62ba4f08038d,false
5c5c0212e7b58183d47426a0084702e841fd64f7,false
841cf403b4a52b31f0e8f1db3a1253495ea4a8a5,false
5c2c908acea6043b2df5ca2a756f14fa3040075a,false
d346547ca24e37334675945fc5a2835a880ef26f,true
b0a0e5e0850d70661692b7dffd088cb3758a8e33,false
ff9727b9c19d02fa2c827e1f82a7a487d255e33a,false
10427dc1c8fa8436a477e34b95002dd1fe5899e5,false
12cd1e376c88085090c7c4afba3bc4b8428142c4,false
d7f255e0ed5371fe9e81753aedd62a9b06c27071,false
9f4567c52e7283c9393dc1dc0b5e45cad72eb256,false
4ba0f50e8e15754d121853ad816223155e222bcf,false
993242fb3d42dd17e242d6cbbd57c93f8abe3857,false
7dde0fe591f404d9c14731cc27d50d73944f92c1,false
d92e4b0c640b2b486f5a1aeb7448e37dd71e3eac,false
ff51bfd0037a8a868acc7ee71c3e0444cd30acdb,false
c2fce71fef7c82f8bdfbc97992face2456f3b86f,false
c7c37abcfab054a3793c9b56f95effd7adb48c1e,false
ec6c48510399cf6f894c3aba00ec022a49875827,false
d39b02d7a80d28d71e98ab0968408599bb8a9cff,false
1599ee31e8b3a8ecf477b5356cb3fc9cd80dabb0,false
83bbc5630075a51f1e76665420a6498eeb866558,false
f8221cbb601130c19b26e065f82b3239a2423d5d,false
6084f598c4b5875fe1ca64e975d2055ec1d97f6c,false
1fef1fa79b4c03298955176008dcd855b6dd2c39,false
e6fe62205caf4f38c87e78976628869e2cbb1455,false
75745867674ea0435eaacdb7b85c6e6760606566,false
7626af63bb6395cf0598b08352c68468ada6585a,false
a356c0f24754fa9a9d77db4814fbc66fb6a70c34,false
863e6918cd646ea71871246b9be592d19b65d61d,false
a35ec5b0ae88ff036a1b1ef64bca7dee92f956bf,false
4a1e06098c326081dfcc48f7285494b8636674c7,false
a171fb7983d07c30078603f630cf0fe9020bdd82,false
81c606838f328abf7b4ae7c2b82e094819768398,false
43b2fadea6ec9ab82b2cddd79659eee3ade34e1d,false
2322ff5d7ea0d619efdccee36eb8294864888ec4,false
1c88810888ce99b93e349830cb51a46da63aac67,false
9b78a27d21a7f4f2d7198efe05d1bd7e8dbb6e69,false
ef506decf302eac3e9ef8ae7fdb25440cf238e18,false
7e5b9ce75720e36d38ecab02a25d93e998d69cbd,false
dccc691d48177f921ef1134c8fd22f064dc085a2,false
f0dc0e8e2288f3251a2fe49bf8da4667d1a301c9,false
4821d920531924b7c457b19165325a4102384e77,false
15588e55ffbbd7fe44846ab65c3a2a164e58c1dc,false
52b50fc6b3eb0d81ee8995b8c0f39686d3f0785d,false
ccdf2433822334e16b8c3853b24970bce9493ef3,true
b5e77a962911b6603c27edebc1a24c5f4b4b7824,false
ebadd716db45d881d334a01190d2d6e8ef686f61,false
0ef6bc57c3c2d87c4e84b670a23bc4c44ecff2bc,false
92eebf0a349db86437611204b34c8876573d17c8,false
50a365f6b030deb1681d1bbbfe7177942267b1e8,false
c693da7586f24bdbdc1d6ae7af411cebd4dfa113,false
8d67d7887463461f445999a9861bf5a2993c07ea,false
1844642adb23a2506605a9d23e12e26238834820,false
323b1f34af0065bfa72983cd60edd5ed6b733a04,false
72798842c4f1f6b6be999609266d980019d5d935,false
52df411a1f2bb86c67e136f702b0e9499e26972a,false
8c88d3fd20a19ba9c3c13e57f3ec1b7d02cdbe4e,false
3652ad53181450f6efcf84e1fe250f1431ca0c4c,false
28f64a995cbe78edb1116faa9153072f74e0e903,false
00deeb3765b254c33f70087990571bc9e35fdf86,false
843566661ee6f2e80cd93801d260809248d90cba,false
0ab71d1ccc40bd17332284dcfebe3b190f37bdc5,false
1cb01dd323ddfd99f31076091e3e80ffaf87b723,false
2ce27d179bf4bb77687febc3b9606e80e520211e,false
8e8e23209f68c1b6bdba1d62e411b80c0d52c89f,false
6e68efee2e4799d794d1fa507dbf155efbeb262c,true
187c94a83f2b4057ddb9cabc2f105dfc18f1b4c1,false
c1aa1fa15136951bd248384938e8ed3b0572ce5b,false
1bb1d40f472306ae3a18690f16c0dec646cade4b,false
967004a39aa1251e85aeea60e7045b58ac70f918,false
444b68ed21fe19a40f9994649d69d5f350fb733e,false
3427b212271b81aade7bba76b6e0bae0b85b2eb9,false
e5d78286dc9693468c9b68b249179822d8e02c01,false
efac04655f202ef741ede921e2337e7d4ed2bfc7,false
42f7db9825e0093a7b516e1e6ce0ff5fd29804ae,false
cbdbaab2ce9368ee3d261c5c8548bddc5d0b2a1b,false
0c7a5b049881722138a28f68ca403e95fdab1682,false
658644ad30e45c9cf2bbc1851079d41ae7547666,false
0e63e6615466c8a500a7afa274a431364f2e52fc,false
7ee38a215e1da0d66963ab0361a7f530fd29870e,false
f3cf7599222fa893668e837b11419d8135716a1e,false
8fe9f678bfeabe3a5d8017d03513f6910ee47897,true
9c8328f3b4a3aaa8f539598aaced80fd1bb74f92,false
ad5f0cdcbcb003e8d3e34cda6993795d05aeb63c,false
0ac39f9c7dd84a5332d48c973d1513fa92c806f8,false
2a8127bd5d14a032676ad7f023de6313ddb645f9,false
cd0ad5afc0e650c4f819d949f62d59e85267107b,false
e9c419b15d171e33d0009d251bfb276956aef7f2,false
68a6194f4e9fce6a365fcc955ff3c770a5024052,false
7b7849f2b06b6627fb8b8f0d406f28f46734a968,false
ee8380ed20ab423267fbcb6ac27dddc5bfd56dfb,false
f0b23aab985b1786f5edd2766091c8b8dda24da3,false
25a79902a8711ea97ec083c03786b53a0bf9e510,false
636db3aaddab93d2ac20b916f03d899e2e0f8cc3,false
b3dcd09e529cf461e5e7a2e4613c6797dbb59347,false
857137a90104884bb0ff84ad95918cfcbffd2aa1,false
9e21ba443587e227564317e9c1926223bdc57384,false
a509bc445fdf1b028ec30b9ef1c53de22a4cc057,false
9c8744612900da1f1228accdbed6fda80bb3214e,false
d3c0323a42a57a8aac0a6f17bd6c7770a9f5d4df,false
527d61a9a98f61dc5741e1c5e4c7d2be6bb20246,false
2151932e29fcd32ddcf0930ce319d746bf31645f,false
e91ff0fbb8593ad596dc00578151ea75f2e472bf,false
76527b79fe88379784a97e81a0f79d6ebe8a32c1,false
d00b17863a9af4ea31a3026fdbb41279365de65e,false
20effb66a543d3ef59113179459a56f8aeb8c22a,false
25f92e2fd6a69e00c06efedfa6dfa021287999b1,false
6d9d42df9164dafb4502f7ea533b1c419d403754,false
0b5f326b476d5ff088c30fb3bad6eecbcf09fab3,false
0e7954f0d57ec52a04cbcfa15da2151a4244caee,false
350df8a2580268be206981f8e852cdc2eeecff45,false
47c72d98a311b978892dc412b063d78157ee4e14,false
c4980d28084dcc3a172ca94dd22984273ac037e8,false
ddb96cf13f5b7d5a67cf6058ba4cb59b36bac4d0,true
eb9aaa25c7085c4856ade69d6e0569c04818266f,false
33856c421ded9a132b0b4dbb75439448dcc3301c,false
88c09c3be225b47662971147a3a65d4df2f21f26,false
a227a801792122fd1c8480b891e1ee85dd079133,false
53022320b2ecb7b9aea90e4db91be5ab9f4040fb,false
77fd8108c63b1f74e73fdd526f00ac0eebdce6b6,false
0abf777bd8d5df430ede1f0dbba1a60e1e982a04,false
742a7fd3815b551cd3d48fa10e539140320034b3,false
22abc365fb3b319672faac8e208a3dde1bdf3e31,false
02d9960fc47909d8ff753a2082eddd03c75e1b00,false
a0e7470ada0c3249719bcb970cc5f5582908f1c0,false
8751e08ce0ce43b370fc2d646d898b6d2d61729d,false
36f4fee34ed9fe04d6841649fb7bae214dff1969,false
a936383fdd1187a39c46e85d8db0ee904974ffe5,false
17da4c57b8ec4fdd4a1cea5e113627188ea8251b,false
1174f51eb347be6cdf94aa4fd43d6911940f15af,true
5a1c4d539026c62c912c90465634a6414541014d,false
d45a094239aaf2043a8964a7d13d5aaf74608827,false
2fe36d4ecc5e7786d5b246573cbb87c3f8fce9c5,false
b9d777204727a62874d2b4625f9da8ccdc261ee0,false
142b446fd788bf71f66d9d9a1d1fed7c11f855e3,false
bca7d33b6e524079f0608ab491a545dbb71648bb,false
dc3d82cf15c48450d88ab363da49dc1df5e88c8f,false
2c1a26c01e3dffe61301d74a06f75be234179be5,true
45742b742e3b653e93814f13ae5f6601587246a8,false
4008ae0d29abc8285588e6ce6d41177764b44a43,false
4625ed08ca89f12d7170a43cafa744b94f17f7f4,false
ff62ab21060a0eef360207cff75557f5d112f8e3,false
aef61e26e1cebf1338189d25e7e7bc833496db7b,false
f389156bfa05cb4715a089429277ad946de924ac,false
dafcf149b965a25bda840f1f00b756e3a78b07f4,false
b48d8eb9e31c0c8469d9994fdf3734e496407391,false
485af68d55044280fab685da0f7e0e6d899b7bd2,false
24ce531b4e62c978d4783746ea843aa50baff46f,false
fc39ac1c2c185ad10930f5512f78f71404a58d42,false
5b4b11d556497ce48fc87d62c6c38215caa66d82,false
ef63e63d77c0936a536596a313fed144704dfdcb,false
e8af0bab0f8830d6754ab3b6afa5d0f41119ff97,false
cac1fef2599f97b217a3c28bfd011d4f372e7c1b,false
7dcf1e61db78594f228ca6661f380a21a28af502,false
78424b1095487a1627df31d80efa9932e15033ff,false
275328035038ffd394bb232486434541883097b6,false
aceb2cdb3bfff2b99533fe26e29048f2d3517183,false
611fbfd76eba988a6972638960daa42d39df5b5f,false
d589df3b3fb37078234b81ff8835fc8aef8a5c3b,false
c54bc0e6490dfef604222f3dcd201072480059e5,false
6e35ef8e87f7e133e25cbbd5bbb70850ea4059be,false
fa1a2cec06a4ce48597e2b7a314d2bded7bbd560,false
1b13f15e98259f151650b7f53b36fe4082a3f3c5,false
6a0a8d98128ead9cd870e61954c1427444252854,false
2c5ab2a1021e0e2644b7fecf953bc92957c196f6,false
5485a335a1363773ab3ef4af23651e297c53c8aa,false
40bfaca55ffb8653aa618414be7427d96d9d6e8d,true
7ccfd2608d7d742a6c95ce281879d62a22c3df49,false
09a4bf308295e16c64706832a82518ce27bc3d88,false
39d0995f3c07f369bab2fe7e738dc722e53e6fd8,false
b3aa5862177d30eae193d5ff7737d6a1457db84f,false
2fab33b73d98c1cdf7f0360750603b30640974d3,false
74e6bf408338cc6aaccf4b6dc4bdd50355293c04,false
5e60837f39769c830c3299ac0e527e096fa4c6af,false
6d44171d9adfcc9ed50888252d80a5efbd117cea,false
71559f50a1c578c02f27ca7f3e92c96355673b39,false
2df483d48cd8ebeb66bf3a7085da435afc62a03d,false
d30c8aaf45254dced22fb3069a54d7c242c17c05,false
8b3e5b7c53ae42ad8cc691263ee832b1043fccf4,false
3a00d5eb9691b259562cf2156837b57d2b803028,false
734b91ea98afecabb386da29e934acc609a515ff,false
6d35f42c91e5dafd500fa9c6d4b090d698bc47c3,false
25a304a1962d9f499f8c9aa033bc4a4a6f292aea,false
3669315db4e305663ea2e75f61c6e1c8de07a392,false
1294218ecb85d55ee97614d278c91ba8f6eefba7,false
2aae75c442b1675a97bf6dddfa043b05c6efa095,false
0070b5eebc09105b051ed7fb49efa1627ca2668c,false
aa5d66eaa91f46dd6da68949d274bd4dae12852a,false
c0068738da8833ded6fead2a4593b02c6e4e6aa6,false
3720bc949a6f2fe7fc66b57568734a16f363989a,false
8e4e13b2b4772eb342abb33d7f93c2a1fd76c3f6,false
311cd8cf2bb857d4556c370ab6dd7fcaa7740b6a,false
a4f9e95966756dec4d2846a9e1650eef13f5ee07,false
712ec4a6d393db5948d45a1904b7e55e4800ea35,false
9a78f5dbb80416c7310360f33fcb20125e335f80,false
a4c1467d7f60f82dd749c0844501c2cb79e00bc6,false
cccf3ddae93cc74fa9dbf448e478127aafcb010e,false
d4963eca58411d28006bf0b2d14646d719af0130,false
956b6b64f7707c4e475569ccb657448645574107,false
c9c1885f6934b04ab002273e19f651b3d1a1b79a,true
1554dc45109db386102dc3467a4977964b209cda,false
14b12ae158691cebf837a5a629c98b0304674228,false
851f077a7424da9074a5ce9ff909f69a9ca1bef7,false
10fdb3aa07a5550834e39c81413472547449a33e,false
9ad14b6a0e33938de82656aed7656b40edfd3caf,false
7ca567dc701388b989fbe41401ce017de025faed,false
b13cc2c70a94469ecc0cdb03175ad855ec506091,false
8f70d66f7e164456f6016fbeb72502c989bee2a7,false
61001b5c2b8030ee0ad68650c755b5c00f52d911,false
55fe8f1133b951613298a7e0ddcb9c3dbfc07b08,true
1cf7251b4c282e6b731a2316ac04e88b67679956,false
d16361e76c65ac344b1288d53b5787efa2da54ff,false
dfae346969833a9ceca33b4c6c6cbc97f42256a6,false
5a23283d8e35c7cdc5bb9de0808ccebb00296d8a,false
9e6e6c3166cc27e3042e65796fa717f045e7b11a,false
2ae448e74647aa4dc22296f5c5aa36688d610826,false
5480e0964e5787e834dbfc87fdd71ff8b8441bed,false
ad654a0d9f92ef4259725e8cb3ed52162d039d1b,false
b8851399c0511fcc643d3b1094d5b355381c1a5f,false
dfec1052ceb12e955925110d6e9875fea3778743,false
77fd4265b11d91f74aff9925eb94f541e4904396,true
fc4b5a48041cfd7326ec3ae8f58ebd54c4d2d423,false
a0cf40e6a76888fb20cf9572185e356a73dbe0a7,false
56f57e1d64b0281c12d4cf3e036f3cf1f18730d2,false
48e641537d2e204b3c22b99af57e435a9a12f0ea,false
d06f9c7b9c4dc1eb99e04d4a3838f2fe2de5fb65,false
09414742fb47cde947afddaaba57878de75a5462,false
fea2f3f9b1ec431e28c6dd3ca23dee690412038c,false
710dbcb8f03c1042934395b8727ab12c8a97e066,false
76136b1679ad62c2de7cf14c5770dbeb7a9e9f9b,false
1897d233149ddb739c7dd7ee0217f301bdbf019a,false
89f380e5cc4cc1eca313b74dcfc8a48f44a1c837,false
20b7377881466052b65961bbcab63ab85a44c8da,false
c78e712dfb4eb2bef56cbced293a66520d1bab85,false
9affc109c510e81fe8a302a7c6abedd4d25c8be0,false
367a8c5b96392fd474421c5fb2187fd6e2bfb854,false
46c853fbadc7f98bf763a742e0e5a7bdd2592c53,false
5ececa9a9bc82e441c1e9ca222fb194719e4b390,false
02b063a5c035d7d77de826c694104efee49c3c6b,false
a75ed9a90edfd06cbf6cb7d700c1aaf2d70a8275,false
7b29a9410bc160266b114d0806e2d82782010e42,false
7bfe0921599fcf16a3c8bd079fc60fddbcc515cf,true
2df0ad00ac12ec04cf6aebeb52ec1d521d298211,false
be9c76a6316f5a123f455b2eb2f6b5ec62ec6850,false
66574348909e848a790589769848dce057982100,false
b7dcc0cbd4567596b0243caf6feb1dd46aed1da7,false
2cbc2ba3ef707bc863cb9f19db06b348fe8b51a9,false
2552678d972fbd4343762cb84dbba5484648798b,false
b80ff4f7c22f9c04081dd174e22636be89afc01d,false
95bb998735bf1cf0070d98bf9c371cccd917a7d5,false
c25c2927450191c8becbdbfa8b6d8325ad4ef021,false
cef6f18a81cabc8d32ffb04d690337ef92b1d123,false
feb73b3be4636258cd01d03e6f4c563b8433edd6,false
0242f69d67bc98fae40bf605a21050da5e3393af,false
a2cb8d27a152e8713f1e56deab944b49e4d18c47,false
0d033f9c35f7a3517001598f64f622fda889143e,false
1fb9e5930a42d05fe2dc39b40003985fbe899d97,false
4d8d6ee870c873c01ace04a4bf39b2cc94187f5d,false
f562d26e8e7694623bcd2872577cf27e59a04d7a,false
cbc1f846837d15fddb9ff203d55dbd8740047480,false
e68c6187e92a6433d8d14ecbba7fa1c598578d34,true
08971a6344d1e451b2b2031688e5495509682848,false
74ca167f9a6e1ff6974bcc884a3880be3c232c1f,false
e03104d7ebd7445aa506bb202f04a16d9fa60e41,false
051f22ae44cc19f0846884e21e714097bc423c85,false
75ab9e551be5efebeef7c49aeec19da48417b788,false
eac146ac893740dded003ebd5c93ede9f2d7da40,true
e358e538f8b41eabe008b1b2ed3b58fd2bf4973a,false
f5d1d005a2fa8fddf066e3480209246729830874,false
34ab6a6117120e7edb5f1b1558fe1f7d17b6996e,false
ca64f3aea7c061f2814bdd5272cbe579d3dbe771,false
146b0ee958a803cd1ac68a3d1328e4a8b2f94188,false
4d4868911abef5fd00f586d9f6a016828b7447f4,false
eb8595911912a6bb2b8c66d733cc3e69238b0f90,false
e85cc9f26053cd4b1f7f3dc093d7170f2fa531a5,false
612181869e21ee60668860ecc3bb0e9f9910234a,false
9bb8e901ad0edd41b1d59c6ae4d7de6d279ac3fa,false
eef35ff8c3fc1704cc3c5252d8c6e7daaf752aab,true
7bdcaa6aa84aa591c3ce53bafd73e48dc0876825,false
2c554d333e00fc98f01502f988f968eb1dd92196,false
d54d4e3e3c06c8f32097529f4ce16658bf2e5ac2,false
7037f973980bcacd912b0b3b82fdb4c19f834606,true
edc24b49905b59eae2e3225746308824fc5ad0f6,false
8965d9ae89e09be609444439a6b7d54da31efa7b,false
946100df0feb1df49e1da88fc97f32e074cf00fd,false
123cca6ace5fcff0fc758b10b136b7a72a761eff,false
af1a1426306d86097f2450981154fb57c1c47d44,false
f78a9e796d62d6b9ae42f4c0984b6dfa95cef156,false
32a8f148aa22a9fd678abc8f42182de7e13e5810,false
151a4f39c641e98e46eb9d7b6029e78be842b2d3,false
6dfb3508422401a2d589a5e6827849c6ff8e9e38,false
c8af78bf7d8cad660891f0299dbb2604006c5c13,false
74270bdb68b8bc9ee40a1250965a80fc269d3b5a,false
19de4504a11e65862c43a6efa9b76af1d0969f0a,false
bd7fbb4f8a399578afb751d2676c233ec4a208be,false
117d4e197db82006c8f26e3b3c5a3e581680c200,false
042b5260fafc85737e6b31d7ffc462975d41a879,false
c2de6e3b943f92fdc1e3bac60cea4fcbac9d8b15,false
62469fa39401ca87cc921b9c5c0f0cdf32851ec9,false
41f40795515116198fa5bfa75200be9f49f8704d,false
abd6503ac4f47a869f9e1aeb149ca50573fcd740,false
4fb9280283dd8ac4d66b95c5ee6099fa5e5bf0ca,false
63eef3be87020492753857ff0a37d30dc620a027,false
34c670e138d11d7850eb2692ac3d7416e12e37c5,false
c97a1c902e958987f10a0e2ca9a9c72c089fab3e,false
754198a06675884ce5c810885f7656745c3c0fde,false
0b48236099a51b4ab4552921de2dbd0e520d0893,false
4ea3f260011f8b0a2f57ecf6859561b94fbf21b7,false
2543012fcc4eaa582bdbf2ff16282663cae399a2,false
d2421535d94a0e7f9372296254908e6d94241dca,false
7d5e033ec75f4856513b55f9b8bad98301a1fed3,false
ccf703cd548e31b184ec756555f1fc354261eaea,false
1a8d1ba7dd957b70c59716c2d295ccfbb7b1be04,false
c37362d845e379e1d251cae9096002cac2126c94,false
b0bf534c4faa59db689292756cbfe7da057419e9,false
b9850ac156541fe030c558afd96e502e66b84606,false
44a3a6b4b5d153126e098f52ae8bd40a8d60e16f,false
35ef888433b3adf5f58347fc1759d22b6abd4268,false
272738b358058d8ffde1ec44c292156a39908930,false
06c93a82b0b06027148538bd258eece84a5af8d4,false
f6dcec5691835ef72a6e7e0afddd78818f7a4696,false
a9882e90d791589cc02771c98f207f2c89fdbe39,false
c8d475280f682513a0097bb0abf86d1d154eba93,false
7512d3619506520ba73d7d99c6fac228b131c238,false
2425ed14d1a76b1993df061940b112a10a70d355,false
8f9498778102a17501cd02708ec99c1aa87ed75f,false
09071c3d31471a30c05ff42ec8843a9efabf7b2d,false
dd23808c3fbcff31c82d3df5956e48285aa12512,false
d6e0d9069b76a30845cd2ef459cd242719607990,false
f84c20b1c0f7b794d94abdc35c81ec67b3a107db,false
cefe9b0d598de567e7cef919bd8be59297827999,false
c09e6ac46c9fb8dfa4c901a240dcd90f3c50050f,false
7de893239c1a6ce6de895593f10f571e7f2cd568,false
1259d5a096c2808c62c8a99779219cea30111e0c,false
e263855204c3f23b2684406ce04dcff369402541,false
e56465202f48081e1eda2a7686f38ffc21dfdc33,false
78f7b9838023eb976ef3e2c89cfba9697c236ac6,false
326023d95924f2399e7a7ec5cd3672a98e2a141f,false
077f60928f5a242a84acb87d65061eee0c37abcb,true
cb9abcaf95dc330365d1c903e1bdacbeb39d3d80,true
15665634b6fed42451fe5e0a8df16db4f54753e1,false
9a45153a6f184fef4dd601d738be240e1c81da4b,true
f25c425bd4b6557a2588c621567727a0ac60dba5,true
47d45fac20fc2df7d2c155bef60c2a96f0e08c78,false
7451162a3ecc3a982da068ca35a8e96656e12f1e,true
6c853f64d8736419f40883c7db2cecb19378adee,true
10a02462a2a4c3adddafb3e6f9a78bb24c834094,false
a389a6e806a7a621daf7f35354407f2416412e2e,false
57e5bef69ec72c2a0a881231048d587fa23f6056,false
87453a0298f857b83a9a0715e4fcc7af95f4661d,false
a45057ccf8544c580ff2834a7a58c9718dd48283,false
271f28bd17366c35f60fe1a91c2efbb9e0e75934,false
69f5cfcbf4001c1826f4833460c402c84cbea3dd,false
1ea5244c1b87adef9b20ad036db5f14d82a220b7,false
102153f91984084b5e512ecd2ae7184b77967ad8,false
9fef3775bdc8c1d6a841394b60f94571101a90dd,false
6640ac2acd5d3da064e826b5b007dd7d67c466ed,false
4b8f8c199234a1d0be27feeb9c0a8484392febf9,false
4806b651fae449b778edfb43ebccb4d7601d0080,false
68e0fb7dd0f02c86577a70396a6566c01aaeb9dc,false
30373cbdddaa929b19bddaa8e3bddc67ac6034dc,false
07764766d69a870374103fe65ddba5c72f1247f2,false
82f6acdf94212e72e4898ad291abdda1fffdda15,false
868be5a40c36ca963d6206019e7d1f991db1de0c,false
253faa5b323b5d51000880eeff012c7a2689cf78,false
28a4693aee4cea5c821495fffa736ba91a0e4b88,false
2eed65aceaef9e6e6104a7a821526bbe41a0701d,true
7c7c50208e64a3be297c5bce5798d1378bc8ac24,true
abd894b02f55838ff679f811ac5dbd4ee58c8fed,true
3018bae016ae2e43836ccf38f242f56292f9fb8c,false
e1615e540dd5dbd634b382116b25ae2665a46931,true
da5e99baa1f3bf279bd218ad62c4cc60780c0b6c,false
44b01119e1f2dee15d3aa5c7348bc81c26e57967,false
20dc20f726fdbcf68eec331f96a1dc402e44a30a,false
668ec992c527f65ab324e681951a0d7e401e5581,false
1d8680226d63fa5cf729a60c63d5046d766208fb,false
5b513d7de093bd84faa4523f76575e122dff5ec5,false
25ca9b6292272c4e1ae121e7c11922c07c6c13c9,false
09a3426fcc94887ce7b6db1104b3d3fb302e7b4a,false
4827ff23aa713c12ec05d4d2e7a20ce5d23856ea,true
4aa34ea12b7a86e0254f37d881133b7a97fb72fd,false
420ea5cc3c9bc0ec0fba6dfeb208b8ce4ae1f8ee,false
fad8b9fb2327d9f9a6e12da5399dfad488920b11,false
a628efaa23050922245e796050741ca44f0df3a7,false
97c29725c1f94a0535972324a0e41613e2cc85fc,false
f02a473d268c28b0e30427d06aac712316efa13b,false
84a89b1ecf764709f34dc83b90ceb745def1900d,false
d1c4c03b1176a071a3dbf0c753100915c95c87c7,false
9a03d9a766ae99bf53a7b2afce9d5b0cee77c459,false
7122c28e7b15023c919498b1ed2ebe3c5e29853b,false
199ddcaa6cdd67e3ea3e3b0344c6bade9419da99,false
ec35254e99a92843f9f28b246a82c84e0579675f,false
d4c51d763378e09b8396993f5160faaf5008e5c1,false
9b3ab83513bb75406039fe809dd3e2fd7b142cf9,false
a9cb3d69d2660e1bf26a78a49dae08ea14b7d5ab,false
4844e2d2123b998b65c5fdc804c0742ea4312b42,false
ca31b5c5739d2f7b72d810c2304e3eb4085fb603,false
66eb500045c8961ba3e5a10f1326577bf890ee74,false
eb96a6979af96ddf202a1f028ffae6b7234fd195,false
b1d081a91883d68fb4b35398f703b354284b57cf,false
444c93ff2720001f8e05dc7646d9370dee68c3a8,false
b94182b31d7f7b22c5f7f1c822239d66b05f5fe0,false
704bc5b91118341ec310af3916391b25c498e3f5,false
7f2dbca2550dd795b253d82f9d7ee1d2f489a1b8,false
d0ec6d368e02ab17e748da43ffed168190873267,false
4134ba6a86671a3338564f97dbf50417024827c7,false
e50a78eb8b8c865a7c17d0b273b3e1232107efd8,false
6654438e8276035f94622ec41706c886b0ef369e,false
555382546544b1efc5f710a045f1b282b5829d96,false
f31d4574413a25a11ee4fdce19b1c27c3149956b,false
531ae7fe1bab7b2446a798dc95f71d700cde7080,false
58c872141a8a012888f73cfb4c2ec18fc951cde2,false
03b2fafd0b6b27d26f3d00f7ca546a87492f2aa0,true
637b73c9409ee4c68932d6688020079a841ba37e,false
f424d4edd2fa4ba33a325f6e2745e547b745ecce,false
fd732073d06663405bc7a6e83d8463389d7d492a,false
2ed76487e96a8336802959e4fd58036b504d1b86,false
a978db455e09bbd285b9cbf4530f48cacffae5b4,false
c5bffa49fff621d118cbd72a0fdb038e52097799,false
8d44a68433b74fc5fd486885437dab3eaf826ea6,false
26e53c65e9de0c7b031e922c50818ec93c0d69d5,false
02eb1fcb23e62350ee9414871284e22c34cd2e5f,false
3548602f0fd7db0d66b8fa96ebee47c7ec41e044,true
73130054849115f43a1ca3cfba4fa1f5762ee284,true
1047f454561b33182e3e27bd6e3915470a2d85f0,false
711ef6eab61929a17569494ed3cc9b66c263c584,false
c7b4e16ed98cc4dcc59e096778e60086b54a2957,false
3a4e139d432dd3d6b955e0fcfa3e432c8da2b31c,false
adc16fb6fdefb26a6f50fe61699b3fd4b6491891,false
6103cccaa43d466ed4c313321f244a0041110ff9,false
65c30d39a9d18f5b8fa26d20d89e66a6a0c90091,false
6d636d93986b277c9535c35f0af858349a3e66c9,false
c98cab54a84733e55ade6630c8b9786eaf33629e,false
86f12fb93141cb7a959c20f6a1201c5c1fdc490f,false
21a6d50ab62dbd79112840db36870829bc8bfb84,false
3578f26546ca9b8c5eefb7c7e79cf6c90c2cb5af,false
276ee560873ef2cabdf0112cbde3598ef5e36656,false
37fa1af54a10bd6f8740d966532caf5e8b050357,false
063650a0fd776d685ae1b20c012e387081a012e2,false
ce4996bf80995751cfe9ccc88bed9e1006cfd70d,true
4b5a8bd9f8f6b350774f65386cfeaf6be26d036d,false
ecaa4d1cb8237852281ea58e7dfe781ba65a48f8,false
104b880736fc95d8e31562969ec2b48f7eade491,false
08c9a5ce99e5f88d7486908a8f7ff7fcd93946c4,false
533d628a854f2e4db2d4d8c3dce3053216af621b,false
4c1ea0d896994bde553c2a83e0c420e125f09c72,false
a13d702166a6b802fefe5d933ca09c2332a3e467,false
a33b8236a678d38e938333414f0eeaa284b08236,false
78b7a3183fd0821ad3f11450f27fcba56be1fed4,true
58ffd5ba41b6aa02bdc38231cb2e646080840a3b,false
a35e2e2e43d4ef1de2bf3d92b7d14f3732dff005,false
a1dd66f732de90c50403d27605267fe58d975263,false
04498f0a4895be3bf4f216cc1363cbca2620c7eb,false
49a0b1b8cfa58295863e830f11781576507e7d10,false
a430e5b171a082122ddba2d15f2b182bcb765185,true
0ccab1f46987530a73aadccfabea7871b03173ba,false
b28f63ace0f0bed8bc59102ef4d305b262f2146a,true
b6417358a4e26ba3e173943079a58dfcc8b8114c,true
288e3d67bafa9ea1100dd4409e7ade967b4d6d33,true
699d79dd2c73ce26b255fae13a52d796fb37561b,false
5bd860726a1d2ae72771f455e6aeecf2a419c371,false
98e2904490a709b7fae2a94285a23df3326e4907,true
abd6c2215901fabbe161fce104fd05989b219f1c,false
f95342b503912f6cc72cdbb08eb58e24082980f4,true
783850b93ed6375663021f34c07807d488bb5478,false
4499e80e385a8c6df01f5e37fb13c49b4748cb12,false
85e600385f765f377163acf155a57b831d50b582,false
8fb5bdfab57543146db074e90e4f4341c360a9ff,false
8605aab3cd5092f869582f20323612c229eb3f85,false
c796a4add749048d041c86451881b6733035ab65,false
1f0ae2fb4790f78f376f9bd549a4d1aa983abae4,false
8e5c1bfe209f1ec14a717321293905f8b96cff42,true
abd388cfa363e869c3c6a1b9c432a4ec2cd8200d,true
db9e2d4c4d1e4469970f399bd7ec95cc700ef489,false
b13120f7d1aeaba1451fd53bfa65be064c5c2dc7,false
037bcfbb638fc715880291b51c371a76d15a0686,true
6fb6d27819a7242c9fa26f89584003708f31f07b,false
0228806f11f685612b54b6c3e9445fed877396cb,true
0dccde47db883955e4d306f75c27a32c3e7f9cf1,false
cc7016df1b63c880abd7b2aacca3176ed465ddfb,false
a8794bcb53e14aabe4fc79132e8a896a5e44b704,false
94ae11b986573239ed7222f3b85251601b42f71c,false
1c373f376fdf583f472c139a8c51b6f6f996ccc5,false
7fc65135390e05d453b25b847402d3f0b7fd6fca,false
16b70526cd384572391e78cd67649d70489d7620,false
606a73b7b30f1fd9479819f6e91ec00c8c182811,false
55f0d09e168ff99f61030950fd585209ed61563e,false
a74280f97bb474954b12f8d6d18f6bfc701864b3,false
f42fed9258b69241b23f106f2dc5f3c5a5e5b47a,false
f54597d1ca35685f7a4e34ec92041dc45720d80e,false
e2ade76ba142c02bc692515f0455d50a61e26c1f,false
cc392e208c75243e253176e1858ea741441f3171,true
8416bd94d7bb2b302b275843e285b4eadffe7c47,false
e9222d2430bd20dba42527399593aea963d2f06f,false
5417dc16cc87d0c13ff72dfbb65703e6e84777b6,false
23c049f331001ec7db90dd1f428d0b2c25d9d721,false
db0ef95362592e2ca08c4a4ed6f55f8f4cb9f607,false
bc75c660169dab91bd8ba4779764ff60e4120db4,false
d65c4325ba35137df0d95a080dad5f73ea3c9552,false
a068300f82014f28d7ef17384a6fc9d9fc189cac,false
069c00041249e5d08de51dc63e3b93241a2763b8,false
11bb4c7535afe0f83b2ed898016e029f94cc4f79,false
472e0e3d39119af219cd62c63ad0b184692bdd0d,false
b72a6363db2255a5031c44ad198c8175531820c0,false
4ead899389b652630f8351c0beba75bd50e024a2,false
ccda812261f501fec5d10bdb3c31473be0502b89,false
ac17abde9d157d1421b3e9f974e7edbf37c47198,false
06082621cbb851523e35be2adc2a92cbf2c5cbf9,false
504e0fe2773f5e1a6c13d787dd4dd022c10146fe,false
ecafd56af3593869a967163c1910cd78bdc7a04c,true
9adc919020a141265bba84dc2eb37bbb55cbc929,false
3833dface59c163d29ed3d4fc5cf62446939f534,false
f4f753c09bbcff55a94c1d7784cdd122e5daaffe,false
1a7c306eb9b2138c287d416fb8b1dd688bc7826e,false
ba420853260ec622af0de11db21d9607ec1cd725,false
7fe56d7f1dcc03ea1d4ecb40a97e38c3fa75cc11,false
b1975cc69d32c009de24fc1575c2fad2645111d4,false
d99e76bbee9ad3ec5cd2e3154a2e1fe78c2e7dfd,false
594158f514cc1f20e6a31c22c0a4a24901b01387,false
c913ad00c7655a0277cc4a6c993a625e0555a0f3,false
97552258ab227fa30df614f4d58f4331e4f45908,false
8407a33b49b76919c791c1a86e6db019366525d9,false
f3ff8bfccba8e1bda0896c8b17e85dfdde7806b4,false
32e582eaec99b4389b47af328f5d9b3197762d36,false
f02f786269ff434d7baa91c2c1728bdcb422a00c,false
9de3817973fcd5e4cb942d324f0f12cd019d4afe,false
545f41a884b1dfd2d65e2935f83daf13d717c8f2,false
51935b7f7b518d0936a4773b9b6d6805673eec97,false
7835eb950d3e7c4cbe2c6f01a04b9c5209d13d31,false
1a0a978bc0b0751759c1fb0f451f583cec0f62ac,false
d721f6dc1f203fc0c76e9b32a350d5261be47601,false
45e32e36a1347f0d0463c0a535e5e874d7b345f2,false
f0df5c403585c1ef9da6edb482e55a9078f95670,false
15d53440a53c14170fb87ee79a82d8159351c690,false
3029e2d45f1146d01738765b45f5527a31319346,false
0b47eaabd8496dd9c5a5350db3f2f5bf70312d5b,false
48d6f1fbeee8678806171ac67b1c11d560a7e4a9,false
3303b9dabb9a39b9405efbbe602f43a80f015a4d,false
2ce55a6758e5599273616ae8bf40482f68a527e9,false
d1d8ee730570401920dacf61dd0f1a10fd9985ef,false
ea8d74cd85f8e12c4e0337cff8df624d1b9c9e39,false
483d3372c00dbf0c44afd64d44e27a336f85f442,false
5ebdc4f32f12552ac068369c9daf2a784047a936,false
ca2420db19a2886598c8204fb768b2bc502fd263,false
1239617970b383146273b6e2e84f4595ffa9ea29,false
f25981edbc596e520b0afb33a4b7d82711b405d7,false
ba3a149ec190a789e00df813b275d977f3808b56,false
e42c5d1898cf1f92cccaf9f72d72124d2a8abc4d,false
9fad2e645d1e3fdd889d9a9016b34de5e060f005,false
7fa23150f69ab0563fd93583f0ce28dcf8078e9a,false
f0c2c1ea12703d096393e8a9450932d8b346f95c,false
2bcff06424a125acf4b92b72317499e81a86039f,true
364e2ead8ce5883d79170dd0f40fb89c6ea8747d,false
df60b4b34c8bc13772835991a3b8d6bd191d8d63,false
b85138be4aa9c32c4ca3704458be36b8e8012465,false
167a359ec1abc8a82d6c19be95f2dc4e2cafb9d7,false
a79de82aae36d76236e804db343ddcd20ddf1cb7,false
8a91b04f3361f26d7f030bc411abc72428ab4275,true
012b1b485657c8c1a41bbcf739ddaf942aab3170,false
aab28b59ffaf90b6893983d5736400bf598bda3c,true
51cbf22eba049ed2203046b657c3a94599e39510,false
31b7535bf7101900aca9cf9232cecc6323556e5f,false
d6037e446cdc64b71765c6e150b6ba08c946f4b5,false
0aac06b2ddb64c5103c9f6d68806e6be9d4ace64,false
d4267ef6e09ae633f52d2b3e8715801390cafc8b,false
7a736dc3c5717f534dcfd7904916cc8bcd019608,true
76d8205710b72941818973e5d3b4c96eff43ee40,false
90701287d3c154b6d4c2bfee26d8df7d03748475,false
5b54b250167011c4fe5e349e373a921831cf46c7,false
34cad55f4e9bebe7101356ac3b13a2ecb22f89cf,false
7749aa7aa67be012eb18adfe2717ed96f5bde660,false
478b473a758745dc19e027eba05a582d99fba935,false
3fff0d5cb206fd307cac58f2c027fb194eb0c74c,false
b1f8787a1b480c7ac28f966cc8fd1023dcf5f6de,false
b72d28c20596c55bab451d7f8d84495f5f90b7a1,true
f4eaa0294c37f8d974c20733739d70b580976f8c,true
b5b5d4c381afceaac795a628eb13d6dc88ec848b,true
f920d4c7b43c17e94db655d8aa55f452a1e0e1d0,true
69aec4aa42cd0c3a456951d03f5b5eda1e30b3d4,false
0fd5debd05a59d52862ffc5f4d8aca0268ceb029,false
f1f0082e7c165f148ae95f4deeb2786404797a39,false
28728c6c5247fe80cdd779e08341a4c595d1fb49,false
5ea0d60a462f31ac771b0f8e4a51ab8910ce388c,true
4ef72ea52eb17af654be54d07cfc064965fd2487,false
a389eee7c7e3e39f26102e8417659f1818adcb0e,false
235f70357e3f8214897072c36470f1402d490607,false
6d055a6347db45fbe18d9181bace65dbe1d9d712,false
e4178a703dcbda9604ea8dee0e3acfd6a24681c3,false
dc4120028874419864e47f3fff2436cb9fad781f,false
4cd94f61e0e07dad42cd941f3065a48940f3ab74,false
5424c36d3df3548e1bc7ec57b6c9a5a8242f5aa8,false
25ae3c64dcd99006916b2b44b95eedd648b798c0,false
d3351a714b0b91f87e27c96df3c2428036453526,false
54e7fffde94233f0fd17758482c6e980e38d3fd9,true
46ab0f9fefd9076a60e9a75c64b77c021997bb0a,false
68c6e8b001513e2cd3f7d3cc3a9b0cf562fcd910,false
750a4525b64e38df36b3362e1d0c9ffdeba16181,false
12ee0a4cfc3cf219386f2ae6694eef4bfe5a6fe2,false
b2242592268a04d4634e91526550459fda37f496,true
dc1f3f7f159b0e42af8e571e2112f43515e8bfc2,false
c76d0fd50ed7979192b0a3626b85cf5350c99ca5,false
526caf6597f6e817ddedbaee44d5d9d94826c84d,false
00c0cf57324ed4994912bf9752e7a1e2173ecd65,false
6ac1b6b561b9419c87ab8dadbf5286e872f99c2d,false
5950b2043b3518a464b8acbc64d085b0ddca490f,false
c8bd5c57bfa9e70529336cfcee46556d7961f3b0,false
3d3a944442ac3e51531176cbd1815a2160f506b2,false
6f01784cd76283658a8c92057d8959a78e4bbd7d,false
91ac456547811a134b4d67687972da1046e3ba73,false
f8ad0c612d49c6b69cfd219e51835d301b2590d2,false
debf0983bfd67a7d7e759c8255feff3949686c05,false
ea55afa9eeedf5f120181d4afe3214969a81f896,true
1535041632b407433c83b8abb89f9c836ca690da,false
0b7b41d450049ef5b07eeb2a0c44020106315d67,false
a2c38e74a9d75c5d41f9e6ea3dd9f2749c35ea48,true
b95c7ab73c515326f12bc077997458d199fdde04,false
daa82d4c3e2fa78c69dfbfb97df0a1f8234ad9fc,false
59794350558ab6232f924d56d40f9d6817737ca8,true
f1dcd42bc0b68412b80777b0c2c3223cfef4f032,false
de596097cf216246ef74de6b03bca592e4318c46,false
d071847baf87487b24561e47f9b927adf2366806,false
4b2ec71c5491cb63a4a69e7abc1981d6488b7495,false
b94fab45da1136ca780fb546fa953095d37c7af3,true
5da2a363f16c4c8b011876e52feebf7e73f804d5,false
58a085f57df484c294b1237e2dc8ef038eaa5c34,false
e406f447a924703dd6b21b5ef940cb14e1b56ed3,false
981920f3fa03f5575e539f7a67bfc0b6826037de,false
265a219facd763fbe3e8190afb2e28edef958e9a,false
e350d96c571105b589380f3d4f97d55f7f9f12a4,true
689cc35b5623179198237421afa09832e5abf4ad,false
012aaa3b12c15cfd854b4e3164fde7896a42e992,false
3f832fbe49c32992abb9202758e2ead29bed71cc,false
ab645c3dd55541f2c0e6f530d546e791f7be1784,false
bec9eb948b31931dd7abd40a5c6415866a95b8aa,true
bb830befb5598472cad0f90ee54c4c01d196e3f6,false
6e8035ff15492e08881cd8d5965078dfc2d3a527,false
4a536d2951fb98a62611c74a14f113dd38eb5055,false
7fccf3fe23d5835033b42962cf12dc9b3307d894,false
7974c09f34cdeb25bf89c2fa7be7814b2551f5ed,false
104432a28e369cb81c897de74bb0ae46f192165b,true
c2c25828e98a385fae25546d31da642c7851075d,true
56f330ce55e7bb2dd7d1294a7d7a5f534d13214d,false
85c129430bece28b2ef840ed518ed6121d997bdd,false
71c355ddc21d1c2040272b4c478205deb613a65c,false
5dc78a65f72c40921ed1c93202e5aee7da437610,false
0f81c1e47954b99d608e9158cd65cdddfa10b743,false
4f02a61fee7b78e402fca420e1588ef07506a054,false
4def6c57cab1aae5cdd6c9f5c240deb97bcf089c,false
8fa0a59d03172d69d3c1992b666ba6885ab2419c,false
56edfa06750de9878f8f51c3840ba3759073a2f2,false
9f77bf016d594ecb5fb3cfac1f801aafd3f44aa8,false
9eba24199f96a498d6ce7dd3ffca14b81ff50544,false
5862fc26d78d0bd9a81e58b7eb1077bbda878f8f,false
fac1f5ffeb4563f861b28121023e8dcba13dd423,false
eb88dce841494adb051cf2e091611f61e50f0e7f,false
fe4c37e52391ee8de745267045ece1dd722b13b7,false
c966728fab53fac48f1c06147dab7aa321cd9816,false
fae143085eea4bd709bd480a4c27725076054d06,false
0cc1f3cd6d965112fe42d95500aacd17deda0258,true
3cf07d57882d561134237afcbf2e173ca5e89e17,false
9c2f70339d086a4d5a6275ae5e8426cb326bcddb,false
f64cba0d78732bd690caf59904e9f6a36d64a8f5,false
fadc146ff0de8d9b044fc26720267fdde6266b62,false
e7950722c6a96c83834f2884ec455bcc46d3be78,false
d844166453fb245f7bac5842ff24fec023e4db3c,false
03490ee947c1222a58d17cc912e8e4232cae631a,false
6a38091150199cd5ac73aec2bb49a38bb91c341b,false
de984008b050eda208c80ced842a59674d70fdda,false
cbbd65749afed602b7526933bd90bc7be2265fa8,false
42c9e28ca058c4bf68799ca88a83c99914bdb965,false
2d1399947bf3604aa225a640beac8e4754a4b078,false
1e007e7b33746928e5af383022d94c76fddbc3f3,false
a6c4710bbda0bfb67180f5d3a09c256364bbaa24,false
0aa5bc75202246696d6787b063c075ec30515817,false
1f5b1261b1ae862423b1226e3447182e7df12dcf,false
